# this file was generated by MTVT
v -0.299695 -0.140354 -0.581620
v -0.262862 -0.138586 -0.584246
v -0.303211 -0.103211 -0.587494
v -0.311072 -0.077234 -0.587364
v -0.277414 -0.111602 -0.588673
v -0.277625 -0.087774 -0.589879
v -0.253412 -0.093412 -0.586466
v -0.246879 -0.113121 -0.583940
v -0.295071 -0.064929 -0.589667
v -0.312027 -0.037628 -0.588763
v -0.276867 -0.048673 -0.588612
v -0.262528 -0.064997 -0.587301
v -0.337284 -0.022514 -0.585951
v -0.295111 -0.024889 -0.590109
v -0.313282 -0.002449 -0.590975
v -0.288470 0.002615 -0.588201
v -0.261342 -0.020714 -0.581744
v -0.337654 0.015344 -0.587036
v -0.322325 0.034055 -0.590955
v -0.300000 0.020000 -0.591332
v -0.288941 0.043343 -0.587699
v -0.293278 0.066722 -0.586837
v -0.314079 0.074079 -0.585390
v -0.299999 0.100065 -0.580164
v -0.280073 -0.200032 -0.560203
v -0.301020 -0.220632 -0.542772
v -0.259872 -0.221440 -0.543218
v -0.323066 -0.160221 -0.565392
v -0.304539 -0.171988 -0.569102
v -0.321872 -0.194724 -0.553353
v -0.341531 -0.184453 -0.545160
v -0.280000 -0.160000 -0.579667
v -0.261402 -0.174820 -0.572433
v -0.236322 -0.163678 -0.570322
v -0.240213 -0.197219 -0.555622
v -0.226176 -0.142852 -0.571227
v -0.200705 -0.157219 -0.555959
v -0.215974 -0.184026 -0.552200
v -0.335550 -0.135550 -0.566194
v -0.320000 -0.120000 -0.579243
v -0.343713 -0.095015 -0.572501
v -0.357530 -0.120751 -0.555386
v -0.349492 -0.149492 -0.549492
v -0.201782 -0.123353 -0.565153
v -0.217789 -0.102238 -0.576615
v -0.176568 -0.143432 -0.549556
v -0.165009 -0.125009 -0.548981
v -0.360950 -0.084929 -0.563030
v -0.380712 -0.103019 -0.541197
v -0.342851 -0.061820 -0.576549
v -0.195799 -0.080946 -0.566521
v -0.217180 -0.065850 -0.571321
v -0.170795 -0.097228 -0.554214
v -0.364140 -0.040618 -0.567591
v -0.384645 -0.060682 -0.549414
v -0.240000 -0.040000 -0.577682
v -0.200329 -0.042536 -0.556604
v -0.228541 -0.016186 -0.567441
v -0.176403 -0.056402 -0.549863
v -0.144819 -0.059857 -0.534046
v -0.365966 -0.001224 -0.573178
v -0.386437 -0.022113 -0.550747
v -0.240000 0.000000 -0.570301
v -0.259730 0.017858 -0.579003
v -0.229227 0.022907 -0.566331
v -0.203781 -0.000509 -0.554692
v -0.184897 -0.022464 -0.545854
v -0.363227 0.039154 -0.565915
v -0.385356 0.018889 -0.551329
v -0.340812 0.057863 -0.577605
v -0.240000 0.040000 -0.571463
v -0.259608 0.059523 -0.579120
v -0.228013 0.056961 -0.568435
v -0.201306 0.041130 -0.555609
v -0.184399 0.018808 -0.545361
v -0.360629 0.078023 -0.557927
v -0.384105 0.059024 -0.547713
v -0.332346 0.103954 -0.568534
v -0.240000 0.080000 -0.574823
v -0.260621 0.098722 -0.577004
v -0.200359 0.080105 -0.560508
v -0.227250 0.102981 -0.569952
v -0.176668 0.056668 -0.549064
v -0.165081 0.074919 -0.549191
v -0.377707 0.098278 -0.542563
v -0.322823 0.122823 -0.567654
v -0.346149 0.119415 -0.555647
v -0.280000 0.120000 -0.573551
v -0.303472 0.132214 -0.569462
v -0.240000 0.120000 -0.571904
v -0.262096 0.133095 -0.570274
v -0.200807 0.116494 -0.567113
v -0.216625 0.131888 -0.569098
v -0.160572 0.119592 -0.561611
v -0.173715 0.093715 -0.556322
v -0.141535 0.095556 -0.546258
v -0.128913 0.122121 -0.546997
v -0.319508 0.159691 -0.560814
v -0.340000 0.140000 -0.554108
v -0.351731 0.162611 -0.547798
v -0.281755 0.155955 -0.566921
v -0.242305 0.155591 -0.567100
v -0.201578 0.157042 -0.564318
v -0.159344 0.159084 -0.557263
v -0.140000 0.140000 -0.553623
v -0.104424 0.140351 -0.534388
v -0.340000 0.180000 -0.552746
v -0.353157 0.197662 -0.550489
v -0.322539 0.196562 -0.553853
v -0.278704 0.199532 -0.562927
v -0.300000 0.180000 -0.559867
v -0.241762 0.197418 -0.564303
v -0.200051 0.199749 -0.559766
v -0.220000 0.180000 -0.561851
v -0.180000 0.180000 -0.558224
v -0.152875 0.202818 -0.550248
v -0.136129 0.179184 -0.545736
v -0.377973 0.218103 -0.543666
v -0.340000 0.220000 -0.551966
v -0.351994 0.243252 -0.549012
v -0.325674 0.242577 -0.550847
v -0.300000 0.220000 -0.556308
v -0.281352 0.238438 -0.556797
v -0.239375 0.239849 -0.562338
v -0.260000 0.220000 -0.562560
v -0.201812 0.239856 -0.563050
v -0.220000 0.220000 -0.563386
v -0.180000 0.220000 -0.558220
v -0.163572 0.239915 -0.552975
v -0.142675 0.223737 -0.545986
v -0.346788 0.266788 -0.546469
v -0.323162 0.271952 -0.549238
v -0.300000 0.260000 -0.551915
v -0.283004 0.275922 -0.551758
v -0.260000 0.260000 -0.556444
v -0.241610 0.278321 -0.556150
v -0.220000 0.260000 -0.561713
v -0.200999 0.278023 -0.556018
v -0.180000 0.260000 -0.555485
v -0.161425 0.275695 -0.552059
v -0.134821 0.260339 -0.545946
v -0.337956 0.298220 -0.544002
v -0.293238 0.306762 -0.546904
v -0.308766 0.291234 -0.548765
v -0.313405 0.313405 -0.543496
v -0.263520 0.303520 -0.548329
v -0.241940 0.314378 -0.550796
v -0.220000 0.300000 -0.554588
v -0.202200 0.316468 -0.552872
v -0.180000 0.300000 -0.552943
v -0.158146 0.313789 -0.550375
v -0.127336 0.299135 -0.543607
v -0.260500 0.337240 -0.544487
v -0.226840 0.346840 -0.547346
v -0.202995 0.352757 -0.550143
v -0.180000 0.340000 -0.551953
v -0.165477 0.354523 -0.546573
v -0.142115 0.339027 -0.543065
v -0.218849 0.378785 -0.542263
v -0.181800 0.378650 -0.542731
v 0.220188 -0.380004 -0.500800
v 0.216554 -0.343446 -0.508484
v 0.208601 -0.317403 -0.507890
v 0.237433 -0.352643 -0.509614
v 0.237894 -0.323724 -0.514009
v 0.260000 -0.340000 -0.512567
v 0.283821 -0.350974 -0.507445
v 0.279170 -0.323558 -0.514581
v 0.302800 -0.342800 -0.506837
v 0.310924 -0.317553 -0.507248
v 0.220000 -0.300000 -0.510683
v 0.209189 -0.276749 -0.506847
v 0.237633 -0.283045 -0.514282
v 0.260000 -0.300000 -0.517293
v 0.279219 -0.283061 -0.513904
v 0.300000 -0.300000 -0.510620
v 0.313973 -0.286027 -0.506140
v 0.339770 -0.301985 -0.500571
v -0.280498 -0.243755 -0.526890
v -0.319718 -0.238787 -0.518563
v -0.300229 -0.262761 -0.505988
v -0.240992 -0.243923 -0.526260
v -0.260000 -0.260000 -0.518303
v -0.280737 -0.287019 -0.486653
v -0.236656 -0.271762 -0.507506
v -0.224874 -0.223177 -0.532390
v -0.201461 -0.238115 -0.514164
v -0.217337 -0.262663 -0.508180
v 0.220000 -0.260000 -0.510065
v 0.205964 -0.245964 -0.506405
v 0.237189 -0.247246 -0.510200
v 0.260000 -0.260000 -0.513243
v 0.274846 -0.245154 -0.507896
v 0.302196 -0.260986 -0.506272
v -0.359117 -0.202080 -0.523445
v -0.337342 -0.217342 -0.530717
v -0.350705 -0.230705 -0.510705
v -0.196642 -0.203358 -0.530543
v -0.180743 -0.178436 -0.535981
v -0.163428 -0.198682 -0.513757
v -0.175476 -0.223354 -0.506086
v 0.179974 -0.220373 -0.500170
v 0.219203 -0.223002 -0.504197
v 0.259077 -0.220852 -0.501484
v -0.363543 -0.163543 -0.531213
v -0.374779 -0.141688 -0.529028
v -0.382981 -0.155023 -0.515023
v -0.381082 -0.184044 -0.504390
v -0.156491 -0.163509 -0.531102
v -0.141512 -0.138775 -0.533827
v -0.123342 -0.158366 -0.514246
v -0.137531 -0.184090 -0.505529
v -0.402037 -0.116718 -0.515974
v -0.116133 -0.120464 -0.525844
v -0.138916 -0.100793 -0.538505
v -0.096587 -0.143413 -0.509478
v -0.085176 -0.125176 -0.508703
v -0.403488 -0.080387 -0.527362
v -0.420588 -0.102394 -0.501990
v -0.120402 -0.073422 -0.524854
v -0.090829 -0.097236 -0.514358
v -0.414658 -0.054658 -0.524593
v -0.402788 -0.030638 -0.536148
v -0.435382 -0.041003 -0.511817
v -0.429072 -0.069072 -0.509072
v -0.160000 -0.040000 -0.537356
v -0.152706 -0.004062 -0.527011
v -0.117319 -0.044307 -0.513308
v -0.093392 -0.062938 -0.507673
v -0.404934 0.004934 -0.534279
v -0.433912 -0.001824 -0.511871
v -0.148329 0.021934 -0.526856
v -0.125794 -0.001937 -0.510803
v -0.406877 0.037516 -0.531073
v -0.432709 0.042344 -0.509366
v -0.428813 0.022659 -0.514181
v -0.160000 0.040000 -0.538277
v -0.140800 0.063046 -0.534662
v -0.120478 0.042755 -0.514862
v -0.403864 0.079035 -0.527250
v -0.424656 0.064656 -0.513957
v -0.114960 0.080788 -0.526960
v -0.094699 0.060630 -0.507963
v -0.402854 0.119464 -0.525191
v -0.424624 0.098957 -0.509089
v -0.383411 0.138780 -0.535874
v -0.080797 0.119849 -0.518645
v -0.402724 0.159478 -0.524794
v -0.424504 0.139124 -0.508674
v -0.381257 0.179496 -0.538462
v -0.105772 0.178488 -0.531097
v -0.081333 0.159817 -0.517754
v -0.061168 0.139049 -0.501424
v -0.404073 0.199342 -0.527419
v -0.425094 0.179155 -0.509703
v -0.120000 0.200000 -0.536176
v -0.107344 0.217081 -0.528888
v -0.083569 0.199350 -0.514020
v -0.404080 0.239125 -0.527841
v -0.425062 0.218876 -0.510642
v -0.380201 0.258845 -0.539232
v -0.120000 0.240000 -0.538679
v -0.104873 0.258158 -0.532723
v -0.075899 0.236059 -0.514264
v -0.062002 0.216314 -0.505400
v -0.396298 0.276498 -0.523854
v -0.421088 0.262740 -0.504391
v -0.363399 0.322896 -0.521511
v -0.081056 0.280245 -0.521385
v -0.104200 0.298951 -0.533710
v -0.060000 0.260000 -0.512561
v -0.045592 0.245592 -0.506717
v -0.046408 0.277400 -0.510968
v -0.021179 0.259056 -0.502774
v 0.019127 0.260363 -0.501757
v -0.396678 0.305032 -0.505032
v -0.336147 0.336147 -0.528657
v -0.304760 0.343607 -0.533586
v -0.120000 0.320000 -0.539689
v -0.083733 0.318184 -0.525212
v -0.105959 0.338838 -0.531322
v -0.060000 0.300000 -0.516423
v -0.041015 0.316092 -0.513749
v -0.024736 0.295264 -0.509260
v 0.003018 0.289358 -0.506871
v -0.002757 0.314413 -0.511431
v 0.020000 0.300000 -0.509619
v 0.034078 0.285922 -0.506723
v 0.032707 0.316935 -0.509893
v -0.320984 0.361101 -0.523623
v -0.355991 0.355991 -0.505632
v -0.283979 0.363979 -0.530695
v -0.261374 0.376598 -0.533977
v -0.120000 0.360000 -0.532055
v -0.141566 0.377258 -0.534046
v -0.081433 0.358411 -0.522858
v -0.105777 0.374223 -0.525562
v -0.040210 0.359088 -0.518083
v -0.060000 0.340000 -0.519424
v -0.020000 0.340000 -0.515626
v -0.000631 0.358592 -0.517662
v 0.020000 0.340000 -0.514283
v 0.034025 0.357745 -0.511335
v -0.341295 0.382187 -0.501733
v -0.280031 0.399748 -0.519582
v -0.305260 0.385260 -0.514785
v -0.243516 0.403516 -0.529200
v -0.200000 0.400000 -0.534036
v -0.217625 0.411924 -0.528031
v -0.161889 0.404604 -0.526798
v -0.185756 0.414244 -0.525717
v -0.121426 0.398843 -0.521998
v -0.080892 0.398647 -0.516594
v -0.060000 0.380000 -0.517503
v -0.041641 0.397874 -0.515499
v -0.000126 0.398249 -0.520326
v -0.020000 0.380000 -0.518614
v 0.020000 0.380000 -0.517155
v 0.029387 0.412433 -0.508364
v -0.241485 0.434914 -0.511054
v -0.261660 0.425989 -0.508839
v -0.204939 0.444792 -0.513150
v -0.160847 0.439022 -0.515084
v -0.140000 0.420000 -0.517792
v -0.116990 0.432898 -0.510074
v -0.100000 0.420000 -0.511930
v -0.077473 0.432083 -0.508349
v -0.060000 0.420000 -0.511931
v -0.042640 0.433469 -0.510559
v -0.020000 0.420000 -0.515848
v -0.001042 0.435478 -0.513576
v -0.219825 0.461453 -0.502934
v -0.184416 0.464416 -0.510275
v -0.180015 0.495285 -0.493580
v -0.136734 0.458360 -0.506413
v -0.020645 0.459401 -0.501092
v 0.196352 -0.399719 -0.485273
v 0.159881 -0.398304 -0.473287
v 0.178019 -0.422694 -0.461396
v 0.238035 -0.406142 -0.489497
v 0.238797 -0.426438 -0.474348
v 0.215897 -0.424103 -0.472925
v 0.279058 -0.404634 -0.487548
v 0.260005 -0.380316 -0.499471
v 0.260000 -0.420000 -0.478685
v 0.277532 -0.432810 -0.468153
v 0.319111 -0.404439 -0.487230
v 0.299442 -0.381406 -0.498127
v 0.300000 -0.420000 -0.478197
v 0.317701 -0.432957 -0.469197
v 0.357984 -0.398479 -0.482637
v 0.335649 -0.382027 -0.492743
v 0.340000 -0.420000 -0.476795
v 0.363225 -0.431831 -0.468072
v 0.383589 -0.423589 -0.469134
v 0.392824 -0.403224 -0.469874
v 0.159337 -0.362883 -0.483146
v 0.136088 -0.383912 -0.470320
v 0.125979 -0.362767 -0.471569
v 0.193729 -0.366271 -0.496362
v 0.174717 -0.343657 -0.493475
v 0.320000 -0.360000 -0.500739
v 0.363170 -0.363170 -0.488097
v 0.340696 -0.340908 -0.498551
v 0.371903 -0.343524 -0.488254
v 0.395816 -0.360827 -0.474060
v 0.380000 -0.380000 -0.478781
v 0.101897 -0.343081 -0.464487
v 0.113290 -0.323856 -0.471596
v 0.156307 -0.323693 -0.489153
v 0.149006 -0.296983 -0.486968
v 0.140000 -0.340000 -0.479974
v 0.178359 -0.300657 -0.497822
v 0.360000 -0.320000 -0.494955
v 0.372055 -0.296870 -0.488507
v 0.398661 -0.320264 -0.477896
v 0.417110 -0.339771 -0.463259
v -0.319925 -0.278353 -0.477162
v -0.300033 -0.298108 -0.455952
v -0.217856 -0.284185 -0.493627
v -0.256511 -0.296511 -0.487000
v -0.241436 -0.315330 -0.468075
v -0.263497 -0.310846 -0.463497
v -0.197237 -0.284337 -0.484899
v -0.196337 -0.312325 -0.467596
v -0.185453 -0.262119 -0.492283
v -0.177109 -0.304076 -0.465820
v -0.166259 -0.283757 -0.471249
v 0.097131 -0.302869 -0.467140
v 0.089036 -0.277333 -0.466855
v 0.116007 -0.281902 -0.474724
v 0.160000 -0.280000 -0.490627
v 0.148465 -0.257391 -0.487517
v 0.177836 -0.261020 -0.497011
v 0.363368 -0.276632 -0.488784
v 0.341592 -0.263612 -0.494351
v 0.396645 -0.280386 -0.474625
v -0.365354 -0.241487 -0.489215
v -0.340409 -0.257050 -0.494103
v -0.355792 -0.263932 -0.475792
v -0.375581 -0.221631 -0.490574
v -0.382483 -0.256834 -0.455836
v -0.161322 -0.243804 -0.485137
v -0.141017 -0.263394 -0.464742
v -0.019686 -0.260088 -0.461334
v 0.018953 -0.260395 -0.463073
v 0.058548 -0.262057 -0.464331
v 0.076646 -0.244696 -0.473533
v 0.120090 -0.240163 -0.480680
v 0.100000 -0.260000 -0.472088
v 0.160000 -0.240000 -0.494496
v 0.141931 -0.220801 -0.494593
v 0.320000 -0.240000 -0.497120
v 0.299697 -0.220607 -0.496088
v 0.357925 -0.241499 -0.482600
v 0.335383 -0.224617 -0.487655
v 0.380000 -0.260000 -0.478894
v 0.385026 -0.223474 -0.466612
v -0.396571 -0.201002 -0.471222
v -0.395470 -0.225145 -0.465145
v -0.143591 -0.216409 -0.487422
v -0.120262 -0.199361 -0.479370
v -0.124492 -0.235508 -0.466808
v -0.022869 -0.222869 -0.467404
v -0.031744 -0.203648 -0.468304
v -0.003148 -0.232741 -0.470311
v -0.002173 -0.203316 -0.475071
v 0.020000 -0.220000 -0.473926
v 0.037527 -0.233697 -0.470819
v 0.039190 -0.200204 -0.478619
v 0.078961 -0.202209 -0.483800
v 0.060000 -0.220000 -0.477056
v 0.120000 -0.200000 -0.495909
v 0.105003 -0.214997 -0.486545
v 0.095742 -0.184784 -0.492979
v 0.160000 -0.200000 -0.498200
v 0.138976 -0.181651 -0.496376
v 0.200000 -0.200000 -0.496283
v 0.178005 -0.185793 -0.491587
v 0.240000 -0.200000 -0.493178
v 0.223006 -0.188354 -0.487334
v 0.279177 -0.187011 -0.483805
v 0.240074 -0.165303 -0.472334
v 0.319940 -0.197966 -0.483826
v 0.372037 -0.205552 -0.465006
v -0.404680 -0.163221 -0.485600
v -0.415179 -0.141843 -0.488747
v -0.097968 -0.165078 -0.493944
v -0.078329 -0.165689 -0.488216
v -0.076291 -0.191389 -0.466726
v -0.040380 -0.159892 -0.480677
v -0.061534 -0.139093 -0.494264
v -0.055478 -0.184522 -0.470880
v -0.000444 -0.161592 -0.482260
v -0.020000 -0.180000 -0.476034
v 0.038886 -0.162337 -0.484154
v 0.020000 -0.180000 -0.479535
v 0.073373 -0.153373 -0.486237
v 0.066472 -0.173528 -0.485151
v 0.120000 -0.160000 -0.496109
v 0.096348 -0.147763 -0.489691
v 0.159741 -0.157576 -0.484300
v 0.134985 -0.145015 -0.486896
v 0.194585 -0.156295 -0.472330
v 0.278639 -0.164641 -0.473087
v 0.300000 -0.180000 -0.479662
v 0.332168 -0.164855 -0.464120
v 0.344960 -0.181667 -0.467447
v -0.436571 -0.121260 -0.471357
v -0.431055 -0.143539 -0.463539
v -0.035909 -0.121533 -0.485915
v -0.057138 -0.101708 -0.496026
v 0.000419 -0.121090 -0.477205
v -0.020000 -0.140000 -0.481305
v 0.040062 -0.119928 -0.480333
v 0.020000 -0.140000 -0.481972
v 0.079909 -0.120431 -0.480677
v 0.119340 -0.119742 -0.479358
v 0.176591 -0.134787 -0.466595
v 0.259782 -0.140008 -0.460628
v -0.443157 -0.083121 -0.486305
v -0.454769 -0.062012 -0.488345
v -0.459313 -0.098468 -0.458535
v -0.040481 -0.076839 -0.483628
v -0.067130 -0.055921 -0.489863
v -0.020000 -0.100000 -0.478674
v -0.001809 -0.082788 -0.473770
v 0.020000 -0.100000 -0.477199
v 0.039026 -0.081464 -0.476547
v 0.060000 -0.100000 -0.476669
v 0.073978 -0.077439 -0.471149
v 0.100000 -0.100000 -0.475873
v 0.115215 -0.084785 -0.467786
v 0.139500 -0.097940 -0.464163
v -0.457722 -0.020408 -0.494822
v -0.470766 -0.042707 -0.473813
v -0.470278 -0.063746 -0.463746
v -0.077354 -0.037354 -0.487348
v -0.100086 -0.022638 -0.496073
v -0.038100 -0.043710 -0.473859
v -0.020000 -0.060000 -0.470822
v 0.003009 -0.049202 -0.466341
v 0.020000 -0.060000 -0.471079
v 0.043437 -0.048830 -0.467885
v 0.066897 -0.053103 -0.467576
v 0.098244 -0.060775 -0.462425
v -0.456606 0.019530 -0.492664
v -0.476141 -0.000804 -0.468764
v -0.081027 -0.000374 -0.481169
v -0.100242 0.022160 -0.496126
v -0.060000 -0.020000 -0.471893
v -0.048552 0.002722 -0.467108
v -0.020225 -0.020151 -0.460358
v 0.058089 -0.021412 -0.463449
v -0.454059 0.061512 -0.488365
v -0.475814 0.039195 -0.469070
v -0.074380 0.040471 -0.488620
v -0.060000 0.020000 -0.472648
v -0.046630 0.036466 -0.470105
v 0.059505 0.019885 -0.460573
v -0.444020 0.084020 -0.492538
v -0.474346 0.079962 -0.469702
v -0.061130 0.099710 -0.497827
v -0.041468 0.079593 -0.477039
v 0.060000 0.060000 -0.471801
v 0.046137 0.046137 -0.463937
v 0.048101 0.082081 -0.467489
v 0.083628 0.049068 -0.467107
v 0.079685 0.078778 -0.478223
v 0.105390 0.058829 -0.465498
v 0.113814 0.076440 -0.471699
v -0.446146 0.118207 -0.490025
v -0.473526 0.118197 -0.471536
v -0.039841 0.121605 -0.478933
v 0.081091 0.116936 -0.485366
v 0.060000 0.100000 -0.476885
v 0.045899 0.117545 -0.471103
v 0.117630 0.121103 -0.483474
v 0.091877 0.141961 -0.489086
v 0.100000 0.100000 -0.482550
v 0.138428 0.095590 -0.466945
v -0.446166 0.158849 -0.491905
v -0.468832 0.142611 -0.474099
v -0.037718 0.159863 -0.482575
v -0.058664 0.178955 -0.498448
v -0.017664 0.137664 -0.466165
v -0.006147 0.156900 -0.471405
v 0.018910 0.137754 -0.464708
v 0.036013 0.156907 -0.474888
v 0.080000 0.160000 -0.490478
v 0.066419 0.146419 -0.484700
v 0.068254 0.182855 -0.488731
v 0.117104 0.153380 -0.489038
v 0.105686 0.181955 -0.490092
v 0.132422 0.182560 -0.489814
v 0.160584 0.159488 -0.479352
v 0.145705 0.134295 -0.477153
v 0.179739 0.138954 -0.461566
v -0.446025 0.198665 -0.492735
v -0.467936 0.182440 -0.473097
v -0.036396 0.196396 -0.489232
v -0.001307 0.199754 -0.484347
v -0.024211 0.218013 -0.493366
v -0.020000 0.180000 -0.479225
v 0.044806 0.195194 -0.490160
v 0.026545 0.186545 -0.483959
v 0.023393 0.218120 -0.492402
v 0.080000 0.200000 -0.490145
v 0.057920 0.214895 -0.491902
v 0.120000 0.200000 -0.489707
v 0.102726 0.212009 -0.488929
v 0.156899 0.198309 -0.484443
v 0.134156 0.214156 -0.486865
v 0.184385 0.175615 -0.472453
v 0.194122 0.198061 -0.471438
v -0.440993 0.242379 -0.483759
v -0.465599 0.217217 -0.468017
v 0.000000 0.240000 -0.495794
v 0.040000 0.240000 -0.497655
v 0.084982 0.235018 -0.490492
v 0.059803 0.258191 -0.496969
v 0.119771 0.239532 -0.481106
v 0.090982 0.263157 -0.487169
v 0.159943 0.239124 -0.479087
v 0.180000 0.220000 -0.476487
v 0.192251 0.243397 -0.468944
v -0.412880 0.292880 -0.492880
v -0.429673 0.276547 -0.476547
v 0.080000 0.280000 -0.490431
v 0.061078 0.299194 -0.498187
v 0.119922 0.279965 -0.480124
v 0.093813 0.293813 -0.483976
v 0.140000 0.260000 -0.478723
v 0.159175 0.274291 -0.471664
v 0.183377 0.263377 -0.468524
v -0.398812 0.322166 -0.483631
v -0.420977 0.303047 -0.464339
v -0.378887 0.337961 -0.495892
v 0.083895 0.319029 -0.485861
v 0.061469 0.338032 -0.497456
v 0.112509 0.323191 -0.469260
v 0.142409 0.298395 -0.465583
v -0.367461 0.367461 -0.487461
v -0.394132 0.361775 -0.469639
v 0.081312 0.361062 -0.478537
v 0.057744 0.379754 -0.495917
v 0.103774 0.343774 -0.469923
v -0.360632 0.397770 -0.476648
v -0.383119 0.383119 -0.469627
v -0.321625 0.405539 -0.489859
v -0.300745 0.416353 -0.491667
v 0.056093 0.416093 -0.486799
v 0.077307 0.399837 -0.474481
v 0.099591 0.380844 -0.461027
v -0.377316 0.417421 -0.463312
v -0.340470 0.423748 -0.467490
v -0.280163 0.439183 -0.478384
v -0.303654 0.450946 -0.452644
v -0.251484 0.451484 -0.491484
v -0.099798 0.460049 -0.498835
v -0.060315 0.460612 -0.498943
v 0.041266 0.442036 -0.483892
v 0.022312 0.455198 -0.492196
v 0.069409 0.429409 -0.469409
v -0.240802 0.477892 -0.472403
v -0.262704 0.464186 -0.465511
v -0.204665 0.484665 -0.494454
v -0.120000 0.480000 -0.495672
v -0.141463 0.494614 -0.491987
v -0.083332 0.485307 -0.486842
v -0.039748 0.480480 -0.480625
v -0.000217 0.478616 -0.476523
v 0.035722 0.475722 -0.465284
v 0.059957 0.460228 -0.460326
v -0.217031 0.503494 -0.465258
v -0.160054 0.520115 -0.480313
v -0.120138 0.518425 -0.477124
v -0.063313 0.505015 -0.467428
v 0.202639 -0.446399 -0.448037
v 0.159931 -0.438866 -0.437389
v 0.180251 -0.460405 -0.420474
v 0.258893 -0.454344 -0.447175
v 0.242117 -0.466451 -0.431474
v 0.218634 -0.463813 -0.429207
v 0.298735 -0.454878 -0.449778
v 0.270549 -0.481836 -0.415761
v 0.339404 -0.456836 -0.454455
v 0.319216 -0.476911 -0.432968
v 0.379654 -0.456546 -0.454314
v 0.359813 -0.478910 -0.437138
v 0.405356 -0.445356 -0.454620
v 0.402036 -0.475448 -0.426418
v 0.418012 -0.420495 -0.457140
v 0.436387 -0.441772 -0.430735
v 0.421415 -0.462918 -0.426174
v 0.118336 -0.405383 -0.448904
v 0.138550 -0.415359 -0.450548
v 0.099974 -0.374382 -0.456704
v 0.079329 -0.396346 -0.433705
v 0.100011 -0.420127 -0.420417
v 0.130930 -0.429070 -0.429070
v 0.438315 -0.403363 -0.443021
v 0.422901 -0.381487 -0.456771
v 0.076946 -0.363054 -0.448079
v 0.068149 -0.343535 -0.448160
v 0.038280 -0.356672 -0.432553
v 0.056593 -0.383407 -0.429790
v 0.443498 -0.357462 -0.438443
v -0.239080 -0.331004 -0.445016
v -0.280045 -0.319115 -0.438133
v -0.260096 -0.340180 -0.421071
v -0.187826 -0.337506 -0.440166
v -0.226955 -0.346954 -0.426955
v -0.197721 -0.352220 -0.428098
v -0.160285 -0.321478 -0.442993
v -0.165987 -0.354013 -0.423596
v -0.140079 -0.341483 -0.422269
v 0.000097 -0.319955 -0.440760
v -0.025048 -0.340337 -0.427230
v 0.002245 -0.351332 -0.427238
v 0.039643 -0.320128 -0.443850
v 0.020000 -0.340000 -0.432794
v 0.080000 -0.320000 -0.457149
v 0.060376 -0.294514 -0.457172
v 0.440399 -0.319054 -0.440404
v 0.420940 -0.302921 -0.458400
v -0.357939 -0.285111 -0.445991
v -0.339236 -0.303517 -0.430713
v -0.142851 -0.297149 -0.450468
v -0.119592 -0.281208 -0.443986
v -0.123959 -0.316041 -0.427843
v -0.081467 -0.279840 -0.436912
v -0.100557 -0.304359 -0.425436
v -0.044820 -0.280367 -0.446962
v -0.023849 -0.291804 -0.448262
v -0.041181 -0.306779 -0.436156
v -0.060000 -0.300000 -0.435612
v -0.075183 -0.315183 -0.427289
v 0.000000 -0.280000 -0.458437
v 0.018019 -0.294308 -0.451556
v 0.040000 -0.280000 -0.456585
v 0.416988 -0.260365 -0.453092
v 0.437527 -0.280306 -0.434088
v -0.400285 -0.240633 -0.441267
v -0.389725 -0.269725 -0.429725
v -0.100892 -0.254282 -0.451059
v -0.080000 -0.240000 -0.452923
v -0.062641 -0.253702 -0.450880
v -0.099733 -0.220229 -0.459578
v -0.040000 -0.240000 -0.457706
v -0.060782 -0.220447 -0.458800
v 0.415485 -0.235057 -0.444943
v 0.445202 -0.241679 -0.407359
v -0.415086 -0.215086 -0.443254
v -0.418863 -0.177625 -0.455830
v -0.435295 -0.201544 -0.427798
v -0.430079 -0.223335 -0.423335
v 0.399392 -0.198087 -0.442792
v 0.365819 -0.163271 -0.447513
v 0.422936 -0.220524 -0.426931
v -0.439277 -0.158158 -0.437864
v 0.219793 -0.139472 -0.457200
v 0.299609 -0.139041 -0.457179
v 0.344122 -0.146866 -0.450497
v 0.385035 -0.143403 -0.427526
v -0.453490 -0.124228 -0.444228
v -0.461654 -0.137450 -0.416563
v 0.196739 -0.115175 -0.445806
v 0.239262 -0.107418 -0.443890
v 0.279275 -0.115634 -0.446097
v 0.320110 -0.118084 -0.443651
v 0.361942 -0.125651 -0.432016
v -0.479120 -0.075773 -0.436216
v -0.474679 -0.104962 -0.424962
v 0.159921 -0.079500 -0.440887
v 0.136023 -0.063977 -0.446412
v 0.197744 -0.086367 -0.430081
v 0.220000 -0.100000 -0.438083
v 0.238186 -0.085632 -0.431522
v 0.260000 -0.100000 -0.439195
v 0.278468 -0.084938 -0.432791
v 0.300000 -0.100000 -0.437764
v 0.315969 -0.084031 -0.428128
v 0.339460 -0.097393 -0.425105
v -0.482305 -0.040401 -0.447357
v 0.018626 -0.018979 -0.457966
v 0.118707 -0.037300 -0.443426
v 0.097018 -0.020694 -0.455452
v 0.147865 -0.052135 -0.427866
v 0.258932 -0.063205 -0.424497
v 0.298104 -0.060975 -0.422805
v -0.484264 -0.013931 -0.453931
v -0.486976 0.022690 -0.451527
v -0.492138 -0.006837 -0.433163
v 0.000000 0.000000 -0.448678
v -0.017121 0.017117 -0.454874
v 0.040000 0.000000 -0.459955
v 0.016825 0.016338 -0.454016
v 0.080000 0.000000 -0.458419
v 0.097612 0.019628 -0.454700
v 0.116248 -0.000647 -0.431767
v -0.487872 0.057198 -0.452201
v -0.492585 0.040000 -0.440000
v -0.497818 0.019235 -0.414615
v 0.000000 0.040000 -0.451402
v -0.018193 0.058660 -0.457225
v 0.014359 0.057906 -0.451784
v 0.124071 0.035069 -0.441048
v -0.501554 0.090852 -0.435370
v -0.502104 0.060534 -0.425079
v 0.000000 0.080000 -0.449204
v -0.018605 0.099048 -0.458088
v 0.016360 0.098255 -0.454855
v 0.159325 0.077500 -0.444924
v 0.149756 0.050244 -0.429756
v 0.179295 0.056289 -0.425727
v 0.195278 0.077453 -0.433249
v 0.218369 0.059968 -0.423907
v 0.259543 0.059731 -0.420697
v -0.497507 0.139481 -0.455032
v -0.513784 0.109229 -0.422840
v 0.000000 0.120000 -0.454637
v 0.165579 0.114420 -0.456437
v 0.200276 0.117809 -0.442991
v 0.180000 0.100000 -0.443157
v 0.242224 0.117127 -0.435306
v 0.220000 0.100000 -0.436398
v 0.235635 0.084365 -0.428999
v 0.258700 0.096778 -0.425423
v -0.480000 0.160000 -0.465856
v -0.496280 0.179595 -0.452049
v -0.517015 0.159503 -0.430806
v 0.200000 0.160000 -0.458275
v 0.214996 0.145004 -0.446533
v 0.238505 0.160716 -0.441806
v 0.219302 0.181376 -0.454869
v 0.272219 0.138146 -0.424426
v 0.271489 0.162092 -0.426700
v -0.489214 0.209214 -0.449214
v -0.506863 0.204621 -0.431342
v 0.243652 0.199427 -0.445616
v 0.221184 0.219821 -0.458485
v 0.260000 0.180000 -0.436286
v 0.272484 0.203149 -0.428893
v -0.480296 0.239333 -0.439135
v -0.501300 0.224301 -0.425252
v -0.458359 0.255458 -0.452937
v 0.238759 0.242456 -0.442781
v 0.217182 0.259750 -0.455910
v 0.263450 0.223450 -0.430012
v -0.444730 0.281351 -0.450051
v -0.469484 0.269484 -0.429484
v 0.200000 0.280000 -0.459091
v 0.180024 0.300008 -0.459803
v 0.204788 0.316660 -0.446137
v 0.236786 0.279678 -0.432543
v 0.259749 0.259536 -0.419996
v -0.438812 0.315896 -0.434937
v -0.461563 0.297321 -0.416753
v -0.417280 0.339573 -0.453845
v 0.160000 0.320000 -0.456740
v 0.139647 0.338503 -0.458500
v 0.184387 0.331319 -0.447829
v 0.244754 0.317651 -0.407769
v -0.406892 0.379283 -0.455669
v -0.435907 0.359162 -0.431297
v 0.123906 0.363906 -0.451759
v 0.160229 0.360057 -0.438931
v 0.198295 0.357472 -0.434568
v 0.223321 0.338986 -0.427054
v -0.400000 0.400000 -0.457421
v -0.411711 0.423528 -0.447451
v -0.435666 0.399225 -0.431746
v 0.119604 0.401123 -0.441583
v 0.095678 0.419758 -0.451433
v 0.140000 0.380000 -0.438265
v 0.163448 0.391999 -0.428452
v 0.183541 0.383541 -0.428706
v -0.399555 0.445582 -0.447813
v -0.425463 0.441959 -0.434289
v -0.354951 0.445049 -0.453517
v -0.331154 0.463379 -0.436054
v 0.083444 0.443444 -0.451367
v 0.114062 0.441803 -0.429603
v 0.139803 0.421732 -0.422893
v -0.419333 0.464587 -0.428170
v -0.360824 0.474710 -0.428668
v -0.280390 0.477390 -0.434135
v -0.303427 0.490749 -0.413415
v -0.243723 0.492937 -0.443723
v -0.021095 0.499476 -0.457007
v 0.019575 0.496477 -0.452857
v 0.079634 0.478753 -0.437348
v 0.041223 0.514498 -0.430293
v 0.106112 0.461517 -0.427609
v -0.260023 0.500187 -0.420555
v -0.203824 0.534098 -0.443824
v -0.225419 0.515790 -0.435790
v -0.180658 0.538212 -0.455746
v -0.140066 0.539687 -0.459091
v -0.100296 0.537048 -0.453438
v -0.040611 0.522001 -0.444133
v -0.075296 0.536027 -0.444704
v -0.001622 0.519424 -0.437095
v 0.062982 0.511420 -0.422982
v -0.220405 0.538827 -0.417924
v -0.160855 0.556274 -0.429357
v -0.203589 0.565937 -0.400650
v -0.120675 0.557127 -0.432140
v -0.083803 0.556197 -0.425948
v -0.061327 0.543935 -0.428634
v -0.020292 0.541549 -0.422944
v 0.019054 0.539109 -0.421098
v 0.239709 -0.482254 -0.406649
v 0.200206 -0.479081 -0.398230
v 0.220347 -0.498565 -0.377926
v 0.289266 -0.495277 -0.403556
v 0.259710 -0.502149 -0.385608
v 0.339377 -0.496857 -0.410800
v 0.300690 -0.511492 -0.385138
v 0.384504 -0.489035 -0.412010
v 0.354583 -0.505473 -0.394583
v 0.403009 -0.485216 -0.400402
v 0.378747 -0.501543 -0.382467
v 0.120006 -0.440044 -0.400096
v 0.144369 -0.445414 -0.415631
v 0.158001 -0.475018 -0.388373
v 0.137068 -0.463227 -0.386806
v 0.443432 -0.449637 -0.400717
v 0.425330 -0.471878 -0.381475
v 0.452754 -0.423106 -0.414735
v -0.002598 -0.400103 -0.404894
v -0.039998 -0.400000 -0.399996
v -0.020264 -0.421152 -0.382259
v 0.040986 -0.404420 -0.406433
v 0.016366 -0.383026 -0.414987
v 0.019569 -0.423040 -0.386700
v 0.060379 -0.431625 -0.385805
v 0.458871 -0.380282 -0.415001
v 0.464593 -0.393458 -0.393458
v 0.459371 -0.418946 -0.380356
v -0.242084 -0.364023 -0.404024
v -0.259826 -0.380498 -0.380991
v -0.180774 -0.375545 -0.412196
v -0.200425 -0.398348 -0.396398
v -0.235912 -0.395912 -0.383767
v -0.144337 -0.375663 -0.406963
v -0.160509 -0.396189 -0.391926
v -0.121987 -0.364463 -0.406179
v -0.120801 -0.386409 -0.396376
v -0.083748 -0.363748 -0.409648
v -0.062696 -0.373294 -0.410185
v -0.080582 -0.397296 -0.395085
v -0.103587 -0.346152 -0.411563
v -0.100000 -0.380000 -0.399015
v -0.040000 -0.360000 -0.417055
v -0.020833 -0.375753 -0.414390
v -0.060511 -0.340346 -0.419220
v 0.459384 -0.340134 -0.417687
v 0.468481 -0.357877 -0.391974
v -0.317284 -0.325998 -0.408338
v -0.360266 -0.317992 -0.396097
v -0.340011 -0.338418 -0.376803
v -0.299014 -0.344753 -0.390309
v 0.458265 -0.300281 -0.414122
v 0.469456 -0.322404 -0.392700
v -0.397518 -0.285531 -0.404402
v -0.414959 -0.262505 -0.410486
v -0.387500 -0.307500 -0.387500
v 0.456801 -0.273810 -0.406190
v 0.470108 -0.295940 -0.384060
v -0.420000 -0.244328 -0.420000
v -0.440604 -0.239190 -0.399105
v -0.429820 -0.269820 -0.389820
v 0.461013 -0.258050 -0.385287
v -0.450492 -0.198664 -0.404989
v -0.460413 -0.221553 -0.381763
v 0.433548 -0.206373 -0.398764
v 0.417118 -0.182290 -0.408621
v -0.475497 -0.161481 -0.387715
v -0.471028 -0.183837 -0.383837
v 0.414545 -0.147968 -0.381748
v 0.427445 -0.182663 -0.384985
v -0.480749 -0.122854 -0.403386
v 0.397911 -0.123143 -0.396215
v 0.376500 -0.103500 -0.405709
v -0.490998 -0.084101 -0.404101
v -0.491741 -0.062642 -0.414233
v -0.500115 -0.100649 -0.380590
v 0.180319 -0.059820 -0.417868
v 0.219258 -0.059394 -0.418812
v 0.359808 -0.079388 -0.400952
v 0.325119 -0.043197 -0.406347
v 0.390688 -0.092580 -0.375848
v -0.497828 -0.020534 -0.407571
v -0.498483 -0.040000 -0.400000
v -0.500844 -0.060221 -0.383343
v 0.160000 -0.040000 -0.411589
v 0.141822 -0.019908 -0.415262
v 0.200000 -0.040000 -0.411899
v 0.182400 -0.028029 -0.408602
v 0.240000 -0.040000 -0.417086
v 0.218008 -0.025550 -0.411631
v 0.280000 -0.040000 -0.418045
v 0.259727 -0.021242 -0.418872
v 0.304796 -0.016902 -0.411749
v 0.355604 -0.044396 -0.384628
v -0.500357 0.000000 -0.400000
v -0.504162 -0.021121 -0.381081
v 0.165123 -0.001595 -0.407165
v 0.143106 0.017188 -0.415215
v 0.197941 -0.004037 -0.406430
v 0.240000 0.000000 -0.416577
v 0.215219 0.014092 -0.411256
v 0.280000 0.000000 -0.418602
v 0.259601 0.019133 -0.418319
v 0.322724 -0.000565 -0.405011
v 0.303244 0.014122 -0.411742
v 0.343399 -0.020917 -0.387074
v -0.508071 0.044685 -0.395315
v -0.506286 0.017749 -0.382902
v 0.160000 0.040000 -0.415870
v 0.177575 0.026736 -0.410144
v 0.200000 0.040000 -0.415354
v 0.240000 0.040000 -0.418187
v 0.280000 0.040000 -0.415083
v 0.317668 0.039419 -0.403008
v 0.294006 0.058269 -0.411215
v 0.343506 0.019431 -0.387555
v -0.518858 0.083827 -0.391925
v 0.280000 0.080000 -0.414912
v 0.295475 0.095475 -0.408868
v 0.322406 0.078652 -0.396396
v 0.343460 0.059132 -0.386644
v -0.528318 0.123047 -0.395154
v -0.527658 0.142394 -0.411523
v 0.286210 0.113790 -0.416811
v 0.295116 0.138344 -0.412779
v 0.324075 0.114777 -0.393354
v 0.341806 0.099569 -0.383367
v -0.523597 0.173805 -0.413805
v -0.530535 0.156257 -0.392039
v 0.318276 0.165586 -0.403640
v 0.296619 0.179298 -0.414052
v 0.336733 0.136084 -0.384880
v -0.520121 0.200321 -0.400873
v 0.294377 0.221786 -0.410229
v 0.317757 0.199713 -0.395240
v 0.339462 0.181137 -0.381200
v -0.487836 0.256393 -0.416393
v -0.508065 0.235759 -0.395759
v 0.282782 0.245142 -0.406867
v 0.316089 0.236089 -0.387640
v -0.480953 0.282769 -0.403570
v -0.500793 0.262024 -0.384164
v 0.250340 0.290340 -0.410340
v 0.274004 0.282408 -0.387047
v 0.299936 0.259838 -0.379829
v -0.455884 0.339116 -0.411445
v -0.476901 0.319406 -0.391916
v 0.263423 0.300925 -0.386316
v -0.456511 0.379252 -0.412791
v -0.477052 0.359387 -0.392260
v 0.240838 0.363995 -0.402884
v 0.220108 0.377603 -0.416775
v 0.260146 0.338860 -0.379226
v -0.456853 0.419531 -0.412436
v -0.477218 0.399615 -0.391242
v 0.205267 0.405267 -0.414727
v 0.174643 0.423827 -0.412460
v 0.236741 0.400168 -0.393093
v -0.444250 0.456084 -0.416084
v -0.467688 0.435759 -0.395759
v 0.159593 0.442452 -0.403784
v 0.136470 0.456470 -0.406324
v 0.199820 0.431653 -0.394918
v 0.222041 0.423734 -0.387312
v -0.439870 0.480482 -0.401411
v -0.461246 0.462300 -0.386448
v -0.404191 0.493032 -0.404191
v -0.381387 0.494884 -0.407974
v -0.340965 0.494178 -0.408275
v 0.119298 0.481446 -0.402982
v 0.100000 0.481933 -0.420000
v 0.094200 0.502210 -0.410026
v 0.143677 0.473630 -0.383677
v -0.419551 0.503021 -0.386413
v -0.361188 0.515413 -0.389830
v -0.400988 0.526566 -0.366458
v -0.320776 0.515865 -0.392126
v -0.280017 0.518974 -0.397561
v -0.241586 0.526405 -0.409865
v 0.073319 0.527754 -0.404928
v 0.116523 0.504625 -0.384625
v -0.259188 0.544208 -0.387114
v -0.169064 0.569064 -0.409064
v -0.150669 0.575193 -0.402561
v -0.098587 0.574469 -0.404571
v -0.040408 0.562041 -0.404114
v -0.076417 0.571231 -0.403583
v -0.000738 0.563552 -0.407167
v 0.038024 0.559506 -0.393485
v 0.064325 0.554371 -0.384325
v -0.180331 0.582349 -0.386493
v -0.120000 0.578288 -0.400000
v -0.141589 0.588582 -0.385073
v -0.101697 0.587908 -0.384775
v -0.060761 0.583386 -0.387562
v -0.020606 0.583112 -0.387034
v 0.019710 0.581694 -0.383508
v 0.279712 -0.521818 -0.364665
v 0.240034 -0.519940 -0.359920
v 0.261335 -0.538185 -0.339246
v 0.319877 -0.527070 -0.363388
v 0.299080 -0.540438 -0.340836
v 0.340000 -0.516736 -0.380000
v 0.359770 -0.515614 -0.358405
v 0.178912 -0.496442 -0.371977
v 0.152120 -0.487880 -0.367880
v 0.136694 -0.504082 -0.344229
v 0.119939 -0.478890 -0.358085
v 0.199371 -0.517700 -0.354829
v 0.403745 -0.488262 -0.361140
v 0.378480 -0.502546 -0.333541
v 0.000015 -0.440200 -0.360406
v 0.039336 -0.441933 -0.365195
v 0.098554 -0.455731 -0.370474
v 0.075880 -0.452346 -0.364120
v 0.060073 -0.460640 -0.341633
v 0.090151 -0.469849 -0.349849
v 0.442965 -0.446992 -0.360967
v 0.419275 -0.461081 -0.337974
v -0.230965 -0.413634 -0.363713
v -0.251974 -0.402634 -0.362634
v -0.260889 -0.421097 -0.343407
v -0.180496 -0.417822 -0.375251
v -0.200924 -0.437194 -0.353041
v -0.229565 -0.435808 -0.342092
v -0.140498 -0.417758 -0.375041
v -0.160552 -0.436749 -0.351354
v -0.100166 -0.418727 -0.377295
v -0.120435 -0.438150 -0.354178
v -0.060462 -0.418174 -0.375721
v -0.080418 -0.437793 -0.352707
v -0.040585 -0.437444 -0.350881
v 0.470042 -0.375989 -0.372194
v 0.466811 -0.394152 -0.354152
v 0.456628 -0.414152 -0.342373
v -0.289736 -0.369736 -0.369736
v -0.281973 -0.394648 -0.350995
v -0.320000 -0.359996 -0.359992
v -0.302489 -0.382489 -0.349048
v 0.473016 -0.346689 -0.373311
v 0.473486 -0.362476 -0.355004
v -0.375253 -0.324127 -0.375253
v -0.355873 -0.347169 -0.355873
v -0.401230 -0.317051 -0.353313
v -0.380118 -0.339676 -0.339372
v 0.476447 -0.321128 -0.362370
v -0.439095 -0.281716 -0.364115
v -0.414923 -0.292224 -0.378820
v -0.420000 -0.300000 -0.358723
v -0.423776 -0.307204 -0.339992
v 0.474542 -0.283542 -0.361425
v -0.448566 -0.256588 -0.376588
v -0.464221 -0.252060 -0.354466
v -0.463410 -0.269510 -0.340299
v 0.450749 -0.223318 -0.376682
v 0.467205 -0.244959 -0.355041
v -0.480327 -0.200990 -0.361330
v 0.441205 -0.198269 -0.367915
v 0.460544 -0.219408 -0.343155
v -0.489517 -0.163299 -0.363299
v -0.495962 -0.141511 -0.367469
v -0.498693 -0.175726 -0.335496
v 0.426741 -0.164654 -0.355346
v -0.507345 -0.117713 -0.351280
v -0.508889 -0.146575 -0.336058
v 0.403655 -0.106355 -0.360568
v 0.419024 -0.141716 -0.333494
v -0.510791 -0.082811 -0.353469
v 0.378312 -0.063680 -0.370287
v 0.392601 -0.079974 -0.355064
v -0.516724 -0.040794 -0.350866
v 0.370975 -0.036145 -0.363856
v 0.388374 -0.056973 -0.343027
v -0.517115 -0.000675 -0.351614
v 0.362051 -0.000470 -0.364739
v 0.380580 -0.020238 -0.340719
v -0.518879 0.042751 -0.356493
v 0.362414 0.039504 -0.366412
v 0.380415 0.023666 -0.341269
v -0.516755 0.060000 -0.380000
v -0.524905 0.079023 -0.362269
v 0.363433 0.082451 -0.360909
v 0.377267 0.059437 -0.340089
v -0.527650 0.105280 -0.374720
v -0.532529 0.138442 -0.374205
v -0.530408 0.117283 -0.352373
v 0.363449 0.117397 -0.360287
v -0.527181 0.174130 -0.374130
v -0.528339 0.157477 -0.353868
v 0.359369 0.159391 -0.360298
v -0.520438 0.201658 -0.353741
v 0.337025 0.219627 -0.372519
v 0.356749 0.199588 -0.350003
v -0.515015 0.226898 -0.373102
v -0.512750 0.239593 -0.354677
v 0.335547 0.245141 -0.365140
v 0.353952 0.225022 -0.345022
v -0.492860 0.298919 -0.375480
v -0.500817 0.280000 -0.360000
v -0.506460 0.261698 -0.340259
v 0.318266 0.277329 -0.353405
v 0.288647 0.288647 -0.368647
v 0.338996 0.261817 -0.344124
v -0.489608 0.337659 -0.373228
v -0.494958 0.320000 -0.360000
v -0.500198 0.299917 -0.341107
v 0.280639 0.322102 -0.362080
v 0.305180 0.301499 -0.348433
v -0.489465 0.382914 -0.372808
v -0.495212 0.360000 -0.360000
v -0.500336 0.339905 -0.341394
v 0.257766 0.379794 -0.373756
v 0.276903 0.359569 -0.350710
v 0.299842 0.339715 -0.339893
v -0.483939 0.413995 -0.373995
v -0.491896 0.400000 -0.360000
v -0.500170 0.382061 -0.341344
v 0.255678 0.405298 -0.365298
v 0.273129 0.388254 -0.336877
v -0.480863 0.441227 -0.363702
v -0.498283 0.418913 -0.334682
v 0.201624 0.442672 -0.368263
v 0.181583 0.455901 -0.368615
v 0.236386 0.428717 -0.356386
v 0.256061 0.410842 -0.340967
v -0.456377 0.485453 -0.365453
v -0.476181 0.465438 -0.345438
v 0.159987 0.479901 -0.359805
v 0.136600 0.496600 -0.365699
v 0.184250 0.469296 -0.340397
v -0.434587 0.513158 -0.358882
v -0.459366 0.498708 -0.336737
v -0.380634 0.545902 -0.345778
v -0.340841 0.536766 -0.372171
v -0.299835 0.539077 -0.377313
v 0.119183 0.521338 -0.362840
v 0.097919 0.536871 -0.371276
v 0.144504 0.510495 -0.340306
v -0.421388 0.535920 -0.332154
v -0.320763 0.557489 -0.354237
v -0.355467 0.555466 -0.345389
v -0.282127 0.561734 -0.363957
v -0.249475 0.569474 -0.369475
v -0.219790 0.577940 -0.375600
v 0.079720 0.559262 -0.357582
v 0.051863 0.571863 -0.371863
v 0.104426 0.549011 -0.340230
v -0.299842 0.579086 -0.338255
v -0.241641 0.595190 -0.348098
v -0.260000 0.580000 -0.354689
v -0.279992 0.597317 -0.311821
v -0.199983 0.599946 -0.359916
v -0.160547 0.603774 -0.368158
v -0.120994 0.604898 -0.370464
v -0.080785 0.603017 -0.367141
v -0.039611 0.598965 -0.359516
v -0.001169 0.600418 -0.361015
v 0.036404 0.589123 -0.356404
v 0.058238 0.582221 -0.343446
v -0.179883 0.622250 -0.344221
v -0.141102 0.625824 -0.352440
v -0.101148 0.623946 -0.349200
v -0.060869 0.618716 -0.334846
v 0.120043 -0.520602 -0.321114
v 0.178614 -0.535184 -0.328506
v 0.142546 -0.546970 -0.308548
v 0.219604 -0.538370 -0.335605
v 0.198833 -0.555348 -0.307030
v 0.158286 -0.567090 -0.286942
v 0.238486 -0.552612 -0.315158
v 0.279048 -0.551927 -0.314232
v 0.336394 -0.530798 -0.336393
v 0.306335 -0.546328 -0.302532
v 0.357219 -0.515243 -0.320405
v 0.333826 -0.530279 -0.301833
v 0.077333 -0.483933 -0.327289
v 0.098062 -0.495056 -0.330672
v 0.059874 -0.499295 -0.299125
v 0.084571 -0.515429 -0.305496
v 0.398978 -0.477607 -0.327454
v 0.374860 -0.488880 -0.298228
v -0.280913 -0.441131 -0.323491
v -0.300657 -0.460507 -0.299132
v -0.248623 -0.448623 -0.328623
v -0.241451 -0.474367 -0.309866
v -0.263688 -0.463688 -0.311724
v -0.181143 -0.455040 -0.327332
v -0.198447 -0.465804 -0.314284
v -0.142038 -0.449272 -0.333086
v -0.165600 -0.463952 -0.314400
v -0.096933 -0.447912 -0.331786
v -0.120000 -0.454610 -0.320000
v -0.140396 -0.464592 -0.310112
v -0.056905 -0.446940 -0.331083
v -0.080000 -0.453128 -0.320000
v -0.100279 -0.461432 -0.304382
v -0.017532 -0.448118 -0.331799
v -0.040000 -0.450411 -0.320000
v -0.060264 -0.461018 -0.303078
v 0.017010 -0.451089 -0.333777
v 0.000000 -0.452323 -0.320000
v -0.021085 -0.459742 -0.298792
v 0.020949 -0.462817 -0.307721
v 0.438690 -0.436567 -0.329383
v 0.415758 -0.445317 -0.304242
v -0.381343 -0.421977 -0.303697
v -0.363495 -0.405010 -0.313213
v -0.320745 -0.402505 -0.324331
v -0.339246 -0.376650 -0.334204
v -0.340000 -0.420000 -0.312802
v -0.353991 -0.433991 -0.304828
v -0.322748 -0.434097 -0.311429
v 0.468918 -0.383571 -0.336429
v 0.455050 -0.405199 -0.314801
v -0.362487 -0.362487 -0.330084
v -0.401337 -0.356429 -0.314366
v -0.384198 -0.384198 -0.311598
v 0.474130 -0.363042 -0.322667
v 0.461061 -0.382858 -0.291821
v -0.407506 -0.327506 -0.327506
v -0.423891 -0.338770 -0.306596
v 0.477395 -0.340000 -0.340000
v 0.478549 -0.320516 -0.320819
v -0.451667 -0.291667 -0.331667
v -0.440000 -0.306793 -0.320000
v -0.468267 -0.275925 -0.315925
v -0.458784 -0.297692 -0.293482
v 0.478546 -0.300000 -0.340000
v 0.477935 -0.280504 -0.321183
v -0.480914 -0.242638 -0.325592
v 0.474070 -0.253418 -0.333418
v 0.472622 -0.240736 -0.314481
v -0.488216 -0.215911 -0.335911
v -0.505610 -0.194852 -0.314852
v -0.500724 -0.221691 -0.304731
v 0.444903 -0.185254 -0.334746
v 0.457885 -0.200000 -0.320000
v 0.466854 -0.215291 -0.300914
v -0.516593 -0.161076 -0.308482
v 0.438822 -0.162895 -0.312870
v 0.457472 -0.189267 -0.300294
v -0.520058 -0.120328 -0.320332
v 0.406140 -0.106023 -0.333977
v 0.412641 -0.120000 -0.320000
v 0.428659 -0.133672 -0.296225
v -0.513100 -0.100000 -0.340000
v -0.522230 -0.080648 -0.327399
v 0.400846 -0.075818 -0.324950
v 0.418764 -0.104345 -0.295809
v -0.525528 -0.054813 -0.334813
v -0.534538 -0.021197 -0.327353
v -0.544594 -0.034941 -0.314941
v -0.541374 -0.064423 -0.306629
v 0.397862 -0.041491 -0.317349
v -0.534051 0.030787 -0.322764
v -0.554026 0.001353 -0.304969
v 0.397468 -0.000505 -0.313826
v -0.528268 0.062734 -0.331671
v -0.551970 0.023858 -0.303858
v 0.397120 0.039392 -0.312466
v -0.528917 0.103030 -0.331638
v -0.532638 0.080000 -0.320000
v -0.541576 0.059877 -0.304639
v 0.378529 0.099663 -0.334893
v 0.395792 0.079406 -0.309600
v -0.528339 0.134049 -0.334049
v -0.528942 0.124230 -0.315770
v -0.537816 0.089499 -0.301518
v 0.376810 0.139453 -0.328807
v 0.387174 0.123428 -0.311210
v -0.525099 0.157857 -0.322882
v 0.370449 0.178616 -0.333684
v 0.383284 0.153434 -0.313434
v -0.523918 0.180000 -0.340000
v -0.518600 0.191657 -0.320638
v 0.369803 0.203704 -0.323704
v 0.383644 0.182506 -0.302832
v -0.514132 0.226041 -0.333959
v -0.509503 0.234800 -0.314800
v 0.359354 0.237676 -0.316838
v 0.379351 0.215979 -0.298152
v -0.502896 0.280000 -0.320000
v -0.504609 0.257973 -0.302951
v 0.336283 0.284878 -0.324878
v 0.356433 0.266185 -0.306185
v -0.501869 0.320000 -0.320000
v -0.501303 0.299536 -0.300765
v 0.322162 0.316371 -0.314596
v 0.340845 0.300855 -0.302964
v -0.507603 0.369280 -0.303163
v -0.505378 0.337054 -0.300353
v 0.286404 0.374662 -0.317849
v 0.312447 0.343767 -0.303767
v -0.506144 0.393856 -0.313856
v 0.258332 0.405811 -0.307724
v -0.493556 0.445183 -0.325183
v -0.509651 0.422192 -0.292995
v 0.234432 0.430458 -0.319934
v -0.479512 0.478720 -0.317755
v -0.499321 0.457010 -0.296916
v 0.204652 0.456834 -0.308741
v 0.174458 0.489531 -0.307395
v -0.441559 0.523386 -0.328756
v -0.470926 0.503368 -0.303368
v 0.154635 0.510419 -0.318323
v 0.131217 0.531217 -0.331217
v -0.400207 0.558453 -0.317435
v -0.442449 0.565754 -0.284662
v -0.364217 0.573962 -0.324217
v -0.341340 0.574866 -0.328466
v 0.114241 0.551552 -0.318431
v 0.087975 0.572424 -0.316303
v 0.136941 0.533398 -0.300775
v -0.381772 0.582594 -0.306826
v -0.322188 0.589539 -0.313352
v -0.361243 0.606124 -0.286254
v -0.247105 0.610346 -0.316430
v -0.221396 0.616265 -0.327895
v -0.021380 0.610755 -0.333791
v 0.038873 0.595874 -0.318916
v 0.014080 0.605249 -0.334080
v 0.064954 0.587569 -0.300800
v -0.203369 0.632649 -0.314675
v -0.224390 0.626774 -0.300413
v -0.159413 0.642318 -0.325658
v -0.121651 0.642651 -0.326099
v -0.085636 0.632458 -0.323216
v -0.033634 0.614899 -0.313634
v -0.065216 0.626990 -0.302905
v -0.003263 0.610110 -0.312577
v 0.060838 -0.579148 -0.261668
v 0.119736 -0.562843 -0.285973
v 0.100007 -0.539101 -0.297313
v 0.080148 -0.558834 -0.277124
v 0.099466 -0.583330 -0.266221
v 0.139566 -0.582226 -0.265765
v 0.214214 -0.565258 -0.294214
v 0.196090 -0.570199 -0.283910
v 0.180187 -0.581393 -0.263657
v 0.240000 -0.560000 -0.296179
v 0.233898 -0.568376 -0.275785
v 0.217249 -0.574805 -0.261089
v 0.260000 -0.558103 -0.300000
v 0.284833 -0.551593 -0.276526
v -0.299454 -0.539494 -0.260789
v -0.241922 -0.520742 -0.283889
v -0.279929 -0.519093 -0.278464
v -0.260000 -0.540000 -0.275274
v -0.275195 -0.555195 -0.266438
v -0.242038 -0.553264 -0.269845
v -0.198813 -0.520220 -0.283441
v -0.216993 -0.507760 -0.290629
v -0.215497 -0.544502 -0.272185
v -0.161236 -0.519683 -0.278143
v -0.180399 -0.544691 -0.266604
v -0.020788 -0.542403 -0.263911
v -0.002799 -0.524684 -0.273827
v 0.016466 -0.543534 -0.268058
v 0.041793 -0.551603 -0.267347
v 0.036739 -0.522226 -0.275340
v 0.065721 -0.534279 -0.283270
v 0.326325 -0.530819 -0.278196
v 0.299054 -0.542303 -0.254680
v 0.355353 -0.503554 -0.284647
v -0.362353 -0.481167 -0.284876
v -0.399084 -0.475813 -0.275434
v -0.380328 -0.503894 -0.266906
v -0.319645 -0.484715 -0.286149
v -0.342685 -0.465657 -0.292773
v -0.345837 -0.505837 -0.274462
v -0.324003 -0.515997 -0.269340
v -0.284323 -0.484323 -0.292855
v -0.261212 -0.494885 -0.292620
v -0.180501 -0.495962 -0.293837
v -0.120803 -0.483330 -0.286515
v -0.134232 -0.505768 -0.277103
v -0.080524 -0.482777 -0.285917
v -0.100000 -0.500000 -0.273324
v -0.114030 -0.514030 -0.265878
v -0.077198 -0.511021 -0.266912
v -0.040257 -0.481426 -0.282373
v -0.060000 -0.500000 -0.274288
v -0.043358 -0.512576 -0.269295
v -0.000875 -0.483431 -0.285526
v -0.020000 -0.500000 -0.278811
v 0.025493 -0.494506 -0.285705
v 0.337812 -0.504043 -0.253312
v 0.394144 -0.464233 -0.295767
v 0.369247 -0.482830 -0.277170
v -0.403338 -0.443338 -0.289052
v -0.383225 -0.453717 -0.290998
v -0.414771 -0.425229 -0.288874
v -0.436580 -0.441046 -0.274747
v -0.423956 -0.463956 -0.271403
v 0.400987 -0.442098 -0.275394
v 0.381330 -0.458161 -0.263828
v 0.433957 -0.424095 -0.295905
v -0.438552 -0.399593 -0.282100
v -0.459739 -0.423170 -0.263713
v -0.421191 -0.377053 -0.296876
v 0.441422 -0.402719 -0.271957
v 0.420698 -0.418809 -0.263820
v -0.442328 -0.360356 -0.285066
v -0.462625 -0.380482 -0.265524
v 0.474309 -0.345962 -0.294038
v 0.467844 -0.353995 -0.273995
v 0.457170 -0.368984 -0.260154
v -0.449254 -0.323053 -0.283053
v -0.462540 -0.340403 -0.266007
v 0.475244 -0.321799 -0.281931
v -0.478205 -0.275871 -0.272964
v -0.470044 -0.303155 -0.263155
v 0.478249 -0.300000 -0.300000
v 0.478094 -0.280602 -0.280974
v -0.483969 -0.254203 -0.294203
v -0.503108 -0.234436 -0.274436
v -0.498571 -0.256667 -0.256351
v 0.477493 -0.260000 -0.300000
v 0.474453 -0.240595 -0.283237
v -0.518897 -0.199079 -0.279212
v 0.467006 -0.205714 -0.274286
v -0.516008 -0.180000 -0.300000
v -0.528369 -0.162858 -0.282858
v -0.528885 -0.143631 -0.292248
v -0.539978 -0.180026 -0.260031
v 0.445338 -0.144712 -0.277570
v 0.460846 -0.176877 -0.267591
v -0.536017 -0.101082 -0.287487
v -0.538449 -0.120000 -0.280000
v -0.540000 -0.140000 -0.273753
v -0.548331 -0.146295 -0.255789
v 0.436661 -0.120311 -0.271078
v -0.550559 -0.083433 -0.273669
v -0.549162 -0.103448 -0.263448
v 0.416575 -0.060700 -0.292575
v 0.436302 -0.080902 -0.271822
v -0.561198 -0.044209 -0.286269
v 0.416399 -0.020841 -0.293228
v 0.439878 -0.038197 -0.274936
v -0.563120 -0.013676 -0.293676
v -0.568966 0.003423 -0.283423
v -0.575149 -0.022273 -0.263633
v 0.416021 0.019314 -0.292781
v 0.441997 -0.001617 -0.277277
v 0.462626 -0.020397 -0.264579
v -0.560428 0.040680 -0.281073
v -0.576637 0.017785 -0.261255
v 0.415206 0.059125 -0.290656
v 0.441760 0.037562 -0.276695
v 0.463333 0.019323 -0.265887
v -0.550298 0.076282 -0.276282
v 0.402726 0.094488 -0.294488
v 0.435593 0.079747 -0.271546
v 0.458924 0.059094 -0.261179
v -0.528704 0.134869 -0.294869
v -0.531843 0.125452 -0.274548
v -0.541812 0.105247 -0.261575
v 0.401485 0.119578 -0.284117
v 0.425630 0.101638 -0.269012
v -0.521600 0.163718 -0.280794
v 0.390709 0.140000 -0.300000
v 0.400308 0.161257 -0.280391
v 0.419215 0.138432 -0.259794
v -0.519012 0.180000 -0.300000
v -0.512933 0.195087 -0.281342
v -0.509848 0.216441 -0.292641
v 0.398653 0.199825 -0.276312
v -0.503852 0.240000 -0.280000
v -0.506951 0.218536 -0.263832
v 0.374909 0.250476 -0.267317
v 0.391760 0.231760 -0.271760
v -0.501114 0.280000 -0.280000
v -0.501673 0.259359 -0.260394
v 0.357971 0.273987 -0.280191
v -0.505180 0.326495 -0.273505
v -0.502555 0.298887 -0.261019
v 0.333807 0.325007 -0.285007
v 0.348024 0.305466 -0.261145
v -0.512954 0.349098 -0.262860
v 0.318683 0.356815 -0.271853
v 0.295756 0.370949 -0.298740
v 0.339042 0.337060 -0.252549
v -0.516977 0.397848 -0.275981
v 0.274891 0.390328 -0.280937
v 0.246606 0.412254 -0.280057
v 0.300018 0.378176 -0.250099
v -0.517241 0.439758 -0.271299
v 0.216428 0.443120 -0.287620
v 0.224102 0.430754 -0.260762
v -0.493446 0.484428 -0.284428
v -0.513087 0.464487 -0.264486
v 0.194898 0.467898 -0.281065
v 0.209204 0.453347 -0.262312
v -0.479460 0.518566 -0.278137
v -0.499486 0.498511 -0.257513
v -0.458286 0.536506 -0.293745
v 0.157305 0.513522 -0.280635
v 0.177155 0.492838 -0.260723
v -0.474931 0.545034 -0.265034
v -0.417044 0.577044 -0.290205
v 0.116655 0.553200 -0.280697
v 0.096714 0.570487 -0.296714
v 0.137424 0.534591 -0.260475
v -0.461766 0.577641 -0.257021
v -0.400002 0.600331 -0.280968
v -0.431426 0.591426 -0.271426
v -0.320753 0.603502 -0.290379
v -0.282811 0.607978 -0.282811
v -0.300000 0.596908 -0.300000
v -0.263683 0.610258 -0.293079
v -0.023849 0.611731 -0.296151
v -0.001198 0.602701 -0.275233
v 0.041709 0.596067 -0.281847
v 0.020000 0.605088 -0.300000
v 0.059780 0.583022 -0.249074
v 0.093960 0.570633 -0.261318
v -0.380369 0.622180 -0.265325
v -0.340606 0.622886 -0.267079
v -0.300453 0.622206 -0.265608
v -0.234870 0.626345 -0.274870
v -0.257571 0.623474 -0.264295
v -0.199251 0.641572 -0.287436
v -0.173908 0.646983 -0.293908
v -0.146120 0.647773 -0.293880
v -0.123211 0.644699 -0.281535
v -0.093403 0.636687 -0.293403
v -0.083961 0.630999 -0.276039
v -0.035767 0.611036 -0.275767
v -0.059490 0.618556 -0.268475
v -0.162052 0.647717 -0.274290
v -0.300522 -0.620719 -0.221944
v -0.281267 -0.601260 -0.238520
v -0.241660 -0.598652 -0.243685
v -0.261447 -0.624820 -0.227500
v -0.200948 -0.599194 -0.241328
v -0.221783 -0.625307 -0.227960
v -0.180976 -0.624173 -0.226522
v -0.164201 -0.602599 -0.233770
v -0.100068 -0.619964 -0.220395
v -0.061927 -0.622527 -0.225731
v -0.041196 -0.602878 -0.236395
v -0.020838 -0.624196 -0.226608
v -0.001114 -0.601015 -0.238328
v 0.039629 -0.603089 -0.244795
v 0.024654 -0.583187 -0.252414
v 0.019504 -0.624615 -0.227811
v 0.079428 -0.603503 -0.246870
v 0.057453 -0.626585 -0.230414
v 0.119143 -0.603565 -0.247391
v 0.099412 -0.622862 -0.226768
v 0.159938 -0.601192 -0.242694
v 0.139838 -0.621015 -0.222393
v -0.321155 -0.562340 -0.244710
v -0.339733 -0.582893 -0.225132
v -0.260503 -0.577819 -0.256511
v -0.295937 -0.575937 -0.248393
v -0.220527 -0.576193 -0.253970
v -0.156232 -0.563768 -0.251084
v -0.175248 -0.575248 -0.249413
v -0.118598 -0.560421 -0.243797
v -0.136952 -0.543167 -0.255892
v -0.140000 -0.580000 -0.238578
v -0.121837 -0.593940 -0.231062
v -0.081093 -0.564107 -0.246074
v -0.081004 -0.587126 -0.236602
v -0.095686 -0.542715 -0.252779
v -0.100000 -0.580000 -0.237478
v -0.040000 -0.560000 -0.252187
v -0.024715 -0.575285 -0.249552
v -0.053980 -0.573980 -0.245319
v -0.062815 -0.542132 -0.255844
v 0.196483 -0.589884 -0.236483
v 0.236456 -0.568471 -0.234925
v 0.217204 -0.575172 -0.220521
v 0.266212 -0.556498 -0.253788
v -0.399850 -0.521139 -0.242891
v -0.364119 -0.524119 -0.253759
v -0.341367 -0.535889 -0.252329
v -0.362260 -0.554004 -0.229973
v -0.381019 -0.544330 -0.226526
v 0.266732 -0.547419 -0.218909
v 0.319029 -0.517982 -0.244898
v 0.295673 -0.524230 -0.224327
v -0.440000 -0.480000 -0.251168
v -0.420895 -0.496075 -0.252885
v -0.460863 -0.496297 -0.214421
v -0.436324 -0.504591 -0.236324
v -0.455773 -0.461700 -0.251779
v 0.360000 -0.480000 -0.258105
v 0.355516 -0.470315 -0.237917
v 0.330762 -0.490762 -0.229238
v -0.480137 -0.439431 -0.239508
v -0.469738 -0.469738 -0.229738
v 0.362772 -0.435022 -0.204737
v 0.376755 -0.444696 -0.235304
v -0.483641 -0.400625 -0.247123
v -0.501441 -0.424526 -0.224971
v 0.436069 -0.389757 -0.240059
v 0.410124 -0.410124 -0.229876
v -0.484311 -0.360827 -0.248453
v -0.504481 -0.384481 -0.232437
v -0.512238 -0.357573 -0.227864
v 0.463131 -0.340325 -0.246565
v 0.450852 -0.363808 -0.236192
v -0.483736 -0.320508 -0.248037
v -0.500000 -0.340000 -0.236414
v -0.512014 -0.317207 -0.227840
v 0.472515 -0.296167 -0.251043
v 0.466507 -0.320000 -0.240000
v 0.454142 -0.341299 -0.223141
v -0.494352 -0.294352 -0.243605
v -0.514704 -0.281267 -0.231026
v 0.471796 -0.271650 -0.238198
v 0.460960 -0.303606 -0.218330
v -0.519832 -0.241420 -0.243145
v -0.540907 -0.260656 -0.218969
v 0.470458 -0.247382 -0.236181
v 0.469938 -0.223063 -0.252628
v -0.525407 -0.215637 -0.255637
v -0.555061 -0.201487 -0.228939
v -0.545866 -0.221706 -0.230715
v 0.466027 -0.200000 -0.240000
v 0.462460 -0.220998 -0.215432
v -0.558155 -0.160449 -0.234758
v 0.457150 -0.140408 -0.247814
v 0.463780 -0.160000 -0.240000
v 0.463444 -0.180922 -0.222038
v -0.557460 -0.121162 -0.238797
v 0.455672 -0.100901 -0.249013
v 0.466748 -0.118101 -0.231290
v 0.466504 -0.144605 -0.221183
v -0.561952 -0.079629 -0.246159
v 0.460186 -0.058063 -0.257305
v 0.476178 -0.081250 -0.230092
v -0.567238 -0.054928 -0.254928
v -0.573359 -0.046303 -0.233697
v 0.481791 -0.045364 -0.242384
v -0.582815 0.000000 -0.240000
v -0.577021 -0.021399 -0.221561
v 0.483879 -0.000756 -0.248128
v 0.501072 -0.025191 -0.224480
v -0.564886 0.054501 -0.254501
v -0.574407 0.046902 -0.233098
v -0.579163 0.019876 -0.220425
v 0.482866 0.039219 -0.246206
v 0.501866 0.019298 -0.223812
v -0.559215 0.078954 -0.237930
v 0.479176 0.076733 -0.236775
v 0.455693 0.095693 -0.244663
v 0.499212 0.055996 -0.218267
v -0.535665 0.139321 -0.245585
v -0.546771 0.124053 -0.231202
v 0.439128 0.121097 -0.241135
v 0.473283 0.103493 -0.223493
v -0.524422 0.174164 -0.254164
v -0.534363 0.160000 -0.240000
v -0.547218 0.142711 -0.222711
v 0.417088 0.179518 -0.252595
v 0.437034 0.159610 -0.231698
v -0.521726 0.200496 -0.241722
v -0.539635 0.178390 -0.219277
v 0.407603 0.215859 -0.255859
v 0.428261 0.196054 -0.236054
v -0.517175 0.239429 -0.233790
v 0.398863 0.242268 -0.247190
v 0.430556 0.220828 -0.226129
v -0.516893 0.279152 -0.233657
v 0.360172 0.280221 -0.241844
v 0.381204 0.261928 -0.226430
v -0.520101 0.320434 -0.239537
v 0.349024 0.315549 -0.235549
v -0.530016 0.357018 -0.242982
v -0.527644 0.382110 -0.252049
v -0.542552 0.339752 -0.225547
v 0.322745 0.365795 -0.240251
v 0.342749 0.344204 -0.221411
v -0.529448 0.423018 -0.252862
v -0.538914 0.400000 -0.240000
v -0.543999 0.379327 -0.229775
v 0.266047 0.395532 -0.253953
v 0.275873 0.389866 -0.235873
v 0.244785 0.408798 -0.240837
v 0.296121 0.385145 -0.220645
v -0.530941 0.444037 -0.244037
v -0.542851 0.419889 -0.228165
v 0.215454 0.446134 -0.233866
v 0.224498 0.432593 -0.220866
v -0.519125 0.477426 -0.233353
v -0.537300 0.450524 -0.220447
v 0.195882 0.469820 -0.240911
v -0.493413 0.524637 -0.244637
v -0.511003 0.503972 -0.223972
v 0.157377 0.514496 -0.240390
v 0.176548 0.491933 -0.220504
v -0.480575 0.560477 -0.241579
v -0.499504 0.538364 -0.217757
v 0.114651 0.550029 -0.240539
v 0.134504 0.529142 -0.220590
v -0.440000 0.600000 -0.254779
v -0.445409 0.610574 -0.237665
v -0.475389 0.585171 -0.225171
v -0.420455 0.616939 -0.253353
v -0.040020 0.600023 -0.240009
v -0.002796 0.593112 -0.242796
v 0.022097 0.593131 -0.251191
v -0.020000 0.601526 -0.260000
v -0.018748 0.582100 -0.218086
v 0.040000 0.586018 -0.240000
v 0.019962 0.580056 -0.219979
v 0.061716 0.573831 -0.225136
v -0.400055 0.640080 -0.240486
v -0.430181 0.630181 -0.230181
v -0.360477 0.642410 -0.245691
v -0.320364 0.641480 -0.243677
v -0.278988 0.637567 -0.240367
v -0.238998 0.638003 -0.233416
v -0.220000 0.635806 -0.260000
v -0.199672 0.641560 -0.233491
v -0.180000 0.647470 -0.260000
v -0.160835 0.642385 -0.237279
v -0.119546 0.638798 -0.245927
v -0.140000 0.646531 -0.260000
v -0.095659 0.632097 -0.255659
v -0.075002 0.615506 -0.235002
v -0.100177 0.621010 -0.217502
v -0.382091 0.662679 -0.222205
v -0.339685 0.661566 -0.222316
v -0.301960 0.658350 -0.218699
v -0.220014 -0.699435 -0.181062
v -0.180233 -0.701366 -0.182289
v -0.194477 -0.684762 -0.192638
v -0.164124 -0.687356 -0.191268
v -0.140481 -0.703194 -0.184933
v -0.121378 -0.682744 -0.196656
v -0.102659 -0.708740 -0.184278
v -0.080672 -0.682145 -0.197342
v -0.060719 -0.703878 -0.186117
v -0.041110 -0.683685 -0.195489
v -0.020548 -0.703170 -0.184958
v 0.003346 -0.686600 -0.192226
v 0.020100 -0.701397 -0.182770
v -0.319958 -0.640496 -0.200770
v -0.279492 -0.645495 -0.211692
v -0.281187 -0.675409 -0.191827
v -0.304385 -0.664385 -0.193112
v -0.240000 -0.640000 -0.219546
v -0.220993 -0.646431 -0.215458
v -0.240514 -0.677516 -0.195450
v -0.200000 -0.640000 -0.219574
v -0.181957 -0.653368 -0.209956
v -0.160000 -0.640000 -0.214597
v -0.137341 -0.651972 -0.208084
v -0.120000 -0.640000 -0.213657
v -0.102641 -0.652389 -0.208875
v -0.139932 -0.619998 -0.219982
v -0.070524 -0.642618 -0.215607
v -0.040000 -0.640000 -0.219949
v -0.021791 -0.653844 -0.210749
v 0.000000 -0.640000 -0.216829
v 0.015656 -0.655656 -0.208959
v 0.043007 -0.648520 -0.213661
v 0.039528 -0.675759 -0.192732
v 0.083707 -0.643707 -0.211415
v 0.062500 -0.652693 -0.209349
v 0.081954 -0.665461 -0.193884
v 0.121664 -0.637695 -0.200525
v 0.102739 -0.665365 -0.184515
v -0.359643 -0.601283 -0.202117
v -0.336120 -0.616120 -0.207117
v -0.349336 -0.629336 -0.189336
v 0.194691 -0.591227 -0.199983
v 0.164816 -0.612435 -0.195184
v 0.144124 -0.627779 -0.180270
v -0.399693 -0.561135 -0.202235
v -0.376195 -0.576195 -0.206972
v -0.389430 -0.589430 -0.189430
v 0.240385 -0.559095 -0.204222
v 0.215335 -0.570653 -0.180730
v -0.439074 -0.521861 -0.205215
v -0.417052 -0.537021 -0.212322
v -0.423498 -0.554705 -0.183498
v 0.278621 -0.522083 -0.196736
v 0.258995 -0.537863 -0.185675
v 0.318341 -0.479878 -0.203734
v -0.482684 -0.485201 -0.205233
v -0.495059 -0.461891 -0.208542
v -0.469230 -0.509230 -0.189230
v 0.289165 -0.496881 -0.183119
v 0.339320 -0.464592 -0.211783
v -0.519623 -0.440745 -0.201183
v -0.507602 -0.467602 -0.187602
v 0.331308 -0.451308 -0.188692
v -0.524314 -0.404314 -0.213114
v -0.534461 -0.381420 -0.209180
v -0.544578 -0.419072 -0.188335
v 0.400165 -0.399632 -0.201220
v 0.370854 -0.410854 -0.189146
v 0.422253 -0.384303 -0.212163
v -0.535531 -0.340906 -0.212549
v -0.562380 -0.357118 -0.195656
v 0.438655 -0.357139 -0.206044
v 0.412091 -0.372091 -0.187909
v -0.559667 -0.320723 -0.200678
v -0.582583 -0.340439 -0.184567
v -0.536106 -0.300718 -0.213982
v 0.442913 -0.320352 -0.192624
v -0.557847 -0.283122 -0.204543
v -0.583390 -0.300502 -0.186059
v 0.462576 -0.260427 -0.211935
v 0.445585 -0.269255 -0.182621
v -0.565863 -0.241714 -0.208649
v -0.571977 -0.217757 -0.207000
v -0.585301 -0.260800 -0.190464
v 0.455346 -0.245631 -0.194369
v -0.574906 -0.181121 -0.207845
v -0.593959 -0.201112 -0.185573
v -0.608413 -0.238092 -0.170270
v 0.454014 -0.219629 -0.186271
v -0.574882 -0.141021 -0.205649
v -0.586075 -0.156412 -0.191119
v 0.467921 -0.154791 -0.194791
v 0.459430 -0.178706 -0.187805
v -0.583907 -0.101755 -0.187339
v -0.589462 -0.136464 -0.183536
v 0.477742 -0.117522 -0.201574
v -0.572555 -0.061543 -0.214643
v -0.576654 -0.080000 -0.200000
v 0.476407 -0.100000 -0.220000
v 0.494345 -0.088655 -0.187332
v 0.497304 -0.061031 -0.210580
v -0.572810 -0.033757 -0.193757
v -0.579603 -0.061648 -0.171244
v 0.508447 -0.043558 -0.191683
v 0.507758 -0.065380 -0.180939
v -0.573780 -0.006575 -0.193425
v 0.516726 -0.000942 -0.188546
v -0.574023 0.059071 -0.215778
v -0.577221 0.040000 -0.200000
v -0.571435 0.014282 -0.176658
v 0.516239 0.039185 -0.187396
v -0.564263 0.094411 -0.214411
v -0.573369 0.080000 -0.200000
v -0.575481 0.058915 -0.182392
v 0.491986 0.091986 -0.211986
v 0.504159 0.091902 -0.193458
v -0.560519 0.123084 -0.201950
v -0.577784 0.098497 -0.173124
v 0.480638 0.120944 -0.201969
v 0.462521 0.136168 -0.213809
v 0.504367 0.111928 -0.178081
v -0.558032 0.158513 -0.199023
v 0.445052 0.174657 -0.214657
v 0.463753 0.154832 -0.194832
v -0.536763 0.219315 -0.213819
v -0.557572 0.199484 -0.195283
v 0.439949 0.199870 -0.199222
v 0.456987 0.172386 -0.181027
v -0.537054 0.259328 -0.215083
v -0.563148 0.243787 -0.194519
v 0.430920 0.233817 -0.202166
v 0.417172 0.248985 -0.217172
v -0.557923 0.279083 -0.203618
v -0.582299 0.259658 -0.184342
v -0.541793 0.304041 -0.215485
v 0.413913 0.247662 -0.179405
v 0.362894 0.289302 -0.200374
v -0.562332 0.319651 -0.204093
v -0.584841 0.299248 -0.188767
v 0.354687 0.306304 -0.213696
v 0.352161 0.316473 -0.196473
v -0.563783 0.359432 -0.208399
v -0.584549 0.339125 -0.188417
v 0.324811 0.370895 -0.201372
v 0.340870 0.340456 -0.180478
v -0.560336 0.401525 -0.201453
v -0.581262 0.383463 -0.184735
v 0.277249 0.394386 -0.200678
v 0.260000 0.398169 -0.220000
v 0.253648 0.403799 -0.200454
v 0.303670 0.387307 -0.180839
v -0.552533 0.437315 -0.197315
v 0.209003 0.456206 -0.216206
v 0.215100 0.445509 -0.194491
v 0.225013 0.430808 -0.180690
v -0.522996 0.492359 -0.200191
v -0.542573 0.465876 -0.181722
v 0.196155 0.471048 -0.200848
v -0.517141 0.518288 -0.193311
v 0.153755 0.508189 -0.198216
v 0.175063 0.491469 -0.180477
v -0.494424 0.565104 -0.205104
v -0.511972 0.544274 -0.184274
v 0.080118 0.559406 -0.201902
v 0.042072 0.563579 -0.196546
v 0.103749 0.551044 -0.216252
v 0.123578 0.530982 -0.196422
v 0.100386 0.538850 -0.183478
v -0.480456 0.599621 -0.199908
v -0.501749 0.578121 -0.177987
v -0.457883 0.618494 -0.212704
v -0.055041 0.595034 -0.215041
v -0.035119 0.573951 -0.195119
v -0.080220 0.601035 -0.197592
v -0.059965 0.579674 -0.181636
v -0.000895 0.563497 -0.189957
v -0.442122 0.643946 -0.204021
v -0.472655 0.624100 -0.184100
v -0.422401 0.654539 -0.209226
v -0.255186 0.648070 -0.211677
v -0.200931 0.635561 -0.202121
v -0.220000 0.639662 -0.220000
v -0.226524 0.642815 -0.200620
v -0.174465 0.634291 -0.214465
v -0.143197 0.630454 -0.213005
v -0.160000 0.626318 -0.200000
v -0.182637 0.626598 -0.176060
v -0.115382 0.613648 -0.195382
v -0.140999 0.616916 -0.189043
v -0.400603 0.678200 -0.195159
v -0.424741 0.675332 -0.184741
v -0.360402 0.680469 -0.200581
v -0.320177 0.678734 -0.195317
v -0.284144 0.668131 -0.195856
v -0.260563 0.661608 -0.185416
v -0.101954 -0.779802 -0.143405
v -0.077267 -0.767827 -0.150909
v -0.058249 -0.779460 -0.143696
v -0.020872 -0.778757 -0.142846
v -0.241728 -0.719643 -0.162086
v -0.260195 -0.740398 -0.141097
v -0.200340 -0.722141 -0.164140
v -0.220378 -0.742536 -0.145081
v -0.159408 -0.724498 -0.167159
v -0.183521 -0.743521 -0.150310
v -0.163603 -0.751886 -0.147414
v -0.120812 -0.756732 -0.154807
v -0.080000 -0.720000 -0.178399
v -0.062015 -0.733653 -0.170372
v -0.040000 -0.720000 -0.176942
v -0.022257 -0.733175 -0.169611
v -0.040367 -0.757748 -0.156300
v 0.000000 -0.720000 -0.176657
v 0.014967 -0.734967 -0.166340
v -0.000353 -0.757646 -0.155993
v 0.039065 -0.723501 -0.165508
v 0.044386 -0.751704 -0.147795
v 0.055006 -0.703311 -0.172572
v 0.078523 -0.718870 -0.155093
v 0.063001 -0.744287 -0.145156
v -0.323474 -0.683474 -0.171137
v -0.301427 -0.695410 -0.171143
v -0.316253 -0.706313 -0.156253
v -0.340749 -0.658170 -0.176332
v -0.341787 -0.699021 -0.144512
v -0.280425 -0.718516 -0.156893
v 0.095377 -0.695377 -0.164446
v 0.119862 -0.678550 -0.155502
v 0.112381 -0.703315 -0.143316
v -0.361297 -0.645900 -0.167812
v -0.381354 -0.617046 -0.173645
v -0.384014 -0.636033 -0.156033
v -0.380120 -0.659703 -0.139561
v 0.129850 -0.649850 -0.169850
v 0.154534 -0.642434 -0.146087
v 0.141227 -0.663490 -0.144814
v -0.402414 -0.604907 -0.163934
v -0.414622 -0.582274 -0.169476
v 0.194584 -0.589173 -0.160109
v 0.160000 -0.624501 -0.160000
v 0.178657 -0.617591 -0.131571
v -0.441307 -0.563561 -0.163362
v -0.453864 -0.542609 -0.169614
v -0.429680 -0.589680 -0.149680
v 0.234791 -0.548862 -0.160588
v 0.214489 -0.566327 -0.141171
v -0.483138 -0.525572 -0.161197
v -0.505244 -0.492992 -0.171314
v -0.470838 -0.550838 -0.150838
v 0.270299 -0.510299 -0.169701
v 0.252883 -0.524232 -0.155768
v -0.520820 -0.481577 -0.162633
v -0.510890 -0.510890 -0.150890
v 0.280746 -0.481625 -0.157976
v 0.260574 -0.499268 -0.141140
v 0.310092 -0.466705 -0.178322
v -0.559505 -0.441103 -0.161939
v -0.534101 -0.458567 -0.170710
v -0.540000 -0.438745 -0.180000
v -0.548695 -0.468695 -0.148695
v 0.320746 -0.438299 -0.163971
v 0.297069 -0.457069 -0.152647
v 0.340000 -0.434977 -0.180000
v 0.345329 -0.417602 -0.169919
v -0.569690 -0.409690 -0.169690
v -0.581576 -0.376876 -0.176117
v -0.595618 -0.401675 -0.148153
v -0.584883 -0.422952 -0.145706
v 0.359433 -0.396412 -0.164991
v 0.330307 -0.410307 -0.149693
v 0.385971 -0.377386 -0.169400
v -0.600882 -0.363760 -0.162678
v 0.395871 -0.355118 -0.160822
v 0.369523 -0.369523 -0.150477
v 0.417859 -0.344467 -0.172232
v -0.604527 -0.320763 -0.168827
v -0.623900 -0.337491 -0.141187
v 0.433434 -0.296234 -0.171492
v 0.405910 -0.318252 -0.146422
v -0.605135 -0.280861 -0.170919
v -0.623741 -0.300882 -0.149026
v 0.430691 -0.276772 -0.163228
v 0.414731 -0.298364 -0.149878
v -0.620000 -0.260000 -0.152206
v -0.629631 -0.257970 -0.132763
v 0.438209 -0.240445 -0.165352
v 0.418329 -0.247874 -0.140427
v -0.609915 -0.202436 -0.166355
v -0.623978 -0.222636 -0.144058
v 0.443051 -0.210949 -0.160885
v 0.423213 -0.221974 -0.137137
v -0.597328 -0.180000 -0.180000
v -0.603202 -0.160824 -0.168478
v -0.621810 -0.180673 -0.144093
v 0.470808 -0.144380 -0.175620
v 0.465460 -0.153987 -0.153987
v 0.456566 -0.168830 -0.140608
v -0.600586 -0.117936 -0.162925
v -0.620048 -0.139854 -0.140199
v 0.480213 -0.120247 -0.163236
v -0.591603 -0.082931 -0.157069
v 0.510552 -0.076391 -0.156391
v 0.498511 -0.098258 -0.139458
v -0.570980 -0.016285 -0.172917
v -0.572150 -0.035269 -0.155270
v -0.583004 -0.061000 -0.137866
v 0.520635 -0.042037 -0.163698
v -0.565742 -0.001406 -0.155810
v 0.516302 -0.020000 -0.180000
v 0.526925 -0.001349 -0.164544
v 0.537487 -0.018844 -0.136929
v -0.570206 0.035798 -0.155798
v 0.519406 0.020000 -0.180000
v 0.527018 0.038340 -0.164666
v 0.538892 0.019656 -0.139686
v -0.576913 0.080000 -0.160000
v -0.574404 0.057593 -0.143030
v 0.518354 0.060000 -0.180000
v 0.519626 0.078777 -0.158989
v 0.536737 0.057794 -0.135168
v -0.576964 0.139172 -0.171426
v -0.586425 0.124972 -0.155028
v -0.585967 0.100764 -0.143369
v 0.489149 0.136923 -0.176923
v 0.512187 0.117128 -0.157128
v -0.579205 0.179817 -0.178228
v -0.595962 0.158688 -0.147676
v 0.486424 0.152229 -0.149426
v 0.500828 0.139881 -0.142778
v -0.581922 0.222881 -0.177061
v -0.599714 0.204051 -0.158649
v 0.442869 0.203044 -0.162173
v 0.459875 0.179134 -0.134627
v -0.601088 0.239387 -0.161097
v 0.433141 0.224991 -0.175010
v 0.427901 0.230005 -0.142148
v -0.603999 0.279481 -0.168517
v -0.621426 0.259445 -0.142788
v 0.383640 0.275892 -0.168614
v 0.396860 0.262770 -0.147555
v -0.605762 0.318885 -0.171915
v -0.623487 0.299461 -0.149047
v 0.360641 0.300000 -0.180000
v 0.356404 0.309845 -0.160880
v 0.375451 0.288903 -0.141325
v -0.603347 0.359085 -0.167093
v -0.623691 0.339110 -0.149255
v 0.321952 0.364597 -0.160470
v 0.337842 0.342891 -0.129133
v -0.591965 0.404561 -0.149378
v -0.618858 0.376716 -0.137216
v -0.569339 0.416338 -0.176338
v 0.279913 0.400112 -0.160464
v 0.255518 0.408679 -0.175518
v 0.299134 0.381446 -0.135602
v -0.560587 0.441082 -0.164184
v -0.581444 0.423875 -0.146125
v 0.234353 0.424138 -0.154353
v 0.198009 0.465264 -0.167469
v 0.217345 0.440982 -0.147577
v 0.250121 0.413075 -0.137003
v -0.529783 0.503611 -0.172897
v -0.553949 0.482153 -0.145382
v 0.166506 0.488442 -0.158248
v 0.184954 0.469277 -0.141394
v -0.528651 0.523046 -0.163046
v -0.543419 0.501145 -0.149109
v 0.120855 0.517598 -0.166469
v 0.143160 0.509315 -0.176840
v 0.140649 0.497771 -0.146908
v -0.520129 0.560202 -0.160441
v -0.538754 0.535296 -0.137306
v -0.039642 0.558320 -0.164584
v -0.014249 0.555925 -0.174249
v 0.017017 0.552018 -0.172271
v 0.000000 0.544938 -0.160000
v -0.019899 0.537848 -0.145399
v 0.058758 0.544519 -0.168404
v 0.045554 0.536182 -0.154446
v 0.019311 0.536274 -0.150087
v 0.078666 0.524494 -0.148249
v -0.488775 0.608775 -0.168775
v -0.505414 0.595616 -0.155616
v -0.119629 0.597572 -0.166330
v -0.095511 0.593934 -0.175511
v -0.082416 0.566393 -0.145109
v -0.101909 0.576996 -0.146018
v -0.480859 0.638790 -0.158562
v -0.500731 0.621591 -0.142842
v -0.458500 0.657791 -0.174461
v -0.202961 0.635127 -0.160703
v -0.224782 0.646565 -0.175218
v -0.156941 0.608798 -0.156941
v -0.180175 0.620200 -0.139350
v -0.439388 0.682358 -0.165413
v -0.464557 0.676240 -0.144557
v -0.405205 0.694550 -0.165205
v -0.380870 0.697122 -0.169609
v -0.340923 0.692505 -0.174943
v -0.278766 0.678376 -0.157556
v -0.305956 0.684614 -0.174044
v -0.234351 0.654572 -0.154351
v -0.254905 0.668727 -0.140791
v -0.419709 0.700801 -0.142172
v -0.366795 0.704291 -0.153205
v -0.384484 0.707610 -0.139854
v -0.314407 0.691793 -0.154407
v -0.341254 0.701907 -0.146252
v -0.120468 -0.803584 -0.126326
v -0.127959 -0.781089 -0.137572
v -0.159932 -0.798375 -0.115002
v -0.141905 -0.822105 -0.104460
v -0.080827 -0.804323 -0.127724
v -0.101076 -0.825672 -0.111034
v -0.040736 -0.803638 -0.126589
v -0.062325 -0.826526 -0.110281
v -0.000502 -0.802359 -0.124491
v -0.021025 -0.824712 -0.109001
v 0.018887 -0.780050 -0.138968
v 0.039045 -0.799832 -0.118068
v 0.020135 -0.822987 -0.106052
v -0.240304 -0.762179 -0.124510
v -0.279726 -0.758835 -0.117223
v -0.260104 -0.780263 -0.101053
v -0.199271 -0.765161 -0.131227
v -0.217052 -0.786956 -0.108464
v 0.056137 -0.776137 -0.127065
v 0.079592 -0.763379 -0.124553
v 0.069745 -0.789745 -0.109745
v -0.323638 -0.723638 -0.133450
v -0.301333 -0.736301 -0.131730
v -0.315268 -0.743963 -0.115268
v -0.357855 -0.716828 -0.113550
v -0.339905 -0.740356 -0.101034
v 0.098825 -0.734605 -0.132406
v 0.119434 -0.721095 -0.121972
v 0.114777 -0.744866 -0.104866
v -0.368834 -0.688834 -0.128834
v -0.388072 -0.676563 -0.116563
v -0.378738 -0.702293 -0.104216
v 0.132079 -0.692079 -0.132079
v 0.149843 -0.676664 -0.116664
v 0.141495 -0.699732 -0.101387
v -0.400000 -0.640000 -0.135224
v -0.405139 -0.651776 -0.117751
v -0.421527 -0.617164 -0.133145
v 0.163465 -0.650683 -0.120269
v -0.441379 -0.603071 -0.124352
v -0.460897 -0.577945 -0.133512
v -0.429233 -0.629233 -0.109233
v 0.196029 -0.595286 -0.117880
v 0.182296 -0.627942 -0.100401
v -0.481973 -0.563915 -0.125940
v -0.500651 -0.538425 -0.135696
v -0.468546 -0.588546 -0.108546
v 0.230663 -0.543728 -0.136272
v 0.213263 -0.564779 -0.115221
v -0.521281 -0.525081 -0.128402
v -0.541593 -0.496638 -0.132909
v -0.543821 -0.516031 -0.116031
v -0.533288 -0.544809 -0.091237
v -0.511332 -0.551332 -0.111332
v 0.240132 -0.520402 -0.119231
v 0.220860 -0.542612 -0.092983
v -0.561472 -0.483898 -0.124273
v -0.574403 -0.462354 -0.125422
v 0.276609 -0.464647 -0.135353
v 0.254152 -0.484789 -0.115211
v -0.590423 -0.443817 -0.113154
v -0.588450 -0.466288 -0.096138
v 0.279655 -0.440564 -0.119343
v 0.258939 -0.457307 -0.104870
v 0.301826 -0.424341 -0.133191
v -0.608804 -0.405454 -0.120432
v -0.612669 -0.382989 -0.134757
v 0.317541 -0.394761 -0.127398
v 0.284735 -0.404735 -0.103294
v 0.339072 -0.382276 -0.135760
v -0.620000 -0.357331 -0.140000
v -0.629146 -0.355613 -0.115613
v -0.621092 -0.383153 -0.108774
v 0.300454 -0.378692 -0.102201
v 0.353819 -0.358561 -0.128571
v 0.322972 -0.362972 -0.110077
v 0.379289 -0.341616 -0.136580
v -0.635165 -0.317828 -0.121284
v 0.367877 -0.320574 -0.111733
v 0.340318 -0.338977 -0.102024
v 0.391658 -0.311658 -0.128342
v -0.634316 -0.283851 -0.121661
v 0.397724 -0.280654 -0.125073
v 0.375937 -0.298872 -0.106533
v -0.633747 -0.241122 -0.115356
v 0.400944 -0.244030 -0.114506
v 0.380577 -0.261644 -0.098629
v -0.630183 -0.196756 -0.112426
v 0.440000 -0.200000 -0.143906
v 0.436519 -0.191208 -0.120477
v 0.415315 -0.205559 -0.104685
v -0.627888 -0.166092 -0.113908
v 0.470034 -0.143902 -0.136098
v 0.464513 -0.154190 -0.114190
v 0.456286 -0.169658 -0.100835
v -0.609357 -0.103826 -0.136174
v -0.620508 -0.120000 -0.120000
v -0.620934 -0.137981 -0.094889
v 0.481832 -0.125353 -0.120334
v -0.599225 -0.081580 -0.119922
v -0.611966 -0.105543 -0.101179
v 0.518564 -0.075622 -0.112610
v 0.500511 -0.100719 -0.109178
v -0.566697 -0.031429 -0.124814
v -0.582292 -0.052524 -0.100204
v 0.524884 -0.054380 -0.134380
v 0.535360 -0.040000 -0.120000
v 0.538714 -0.057309 -0.095093
v -0.559941 -0.000325 -0.121169
v 0.556863 -0.000867 -0.110245
v 0.552922 -0.024184 -0.104184
v -0.565062 0.026483 -0.133517
v -0.568648 0.036222 -0.116222
v 0.555237 0.039299 -0.105295
v -0.587780 0.084592 -0.115408
v -0.579715 0.060232 -0.098342
v 0.525877 0.095018 -0.135018
v 0.544405 0.074415 -0.114415
v -0.600042 0.119863 -0.120282
v 0.519552 0.118879 -0.117374
v 0.539874 0.099601 -0.099440
v -0.596566 0.140000 -0.140000
v -0.609438 0.153252 -0.116598
v -0.610172 0.176523 -0.133167
v 0.482238 0.164875 -0.120260
v 0.503604 0.148068 -0.100098
v -0.619369 0.224366 -0.135897
v -0.625799 0.205554 -0.114446
v -0.620782 0.177378 -0.105143
v 0.442099 0.205427 -0.120454
v 0.463324 0.187087 -0.100280
v -0.632196 0.237452 -0.114500
v 0.411046 0.246882 -0.121957
v 0.422928 0.227817 -0.100454
v -0.637299 0.278449 -0.119261
v 0.396301 0.270208 -0.121061
v -0.640353 0.323929 -0.121670
v -0.640000 0.303614 -0.120000
v 0.359160 0.319616 -0.120709
v 0.378833 0.297010 -0.100265
v -0.638396 0.358911 -0.116712
v 0.319415 0.358829 -0.127373
v 0.338189 0.336811 -0.100185
v -0.607139 0.407139 -0.127139
v -0.623972 0.395157 -0.115157
v 0.277202 0.394947 -0.120379
v 0.295526 0.369727 -0.100401
v -0.598665 0.436479 -0.114864
v -0.619888 0.420191 -0.100313
v -0.574461 0.461719 -0.127964
v 0.203847 0.447488 -0.121097
v 0.218694 0.423693 -0.088441
v 0.253986 0.410883 -0.101552
v -0.570341 0.483150 -0.123150
v -0.589100 0.469100 -0.109100
v 0.160567 0.479234 -0.120783
v 0.179963 0.460379 -0.098981
v -0.560146 0.519570 -0.119615
v -0.583018 0.499129 -0.106585
v -0.002014 0.518632 -0.124179
v -0.019760 0.500306 -0.099541
v 0.039553 0.516924 -0.127742
v 0.019749 0.498505 -0.103635
v 0.065722 0.516806 -0.134278
v 0.098731 0.503872 -0.131392
v 0.084657 0.495732 -0.115343
v 0.059598 0.496865 -0.107898
v 0.119297 0.483360 -0.111876
v -0.527018 0.575729 -0.135729
v -0.554004 0.562089 -0.106941
v -0.094847 0.547346 -0.103283
v -0.061444 0.544241 -0.129909
v -0.113729 0.568538 -0.118428
v -0.040901 0.522640 -0.114473
v -0.068721 0.531279 -0.108721
v -0.522053 0.605545 -0.125277
v -0.544276 0.581264 -0.109035
v -0.136446 0.590681 -0.136446
v -0.161742 0.602622 -0.108624
v -0.141105 0.581458 -0.093253
v -0.487355 0.656460 -0.136460
v -0.516341 0.640113 -0.109345
v -0.202733 0.634964 -0.120554
v -0.223702 0.649829 -0.136298
v -0.181499 0.617045 -0.100283
v -0.479839 0.680320 -0.120912
v -0.501773 0.664421 -0.107814
v -0.452591 0.692591 -0.132591
v -0.295159 0.689756 -0.132130
v -0.225383 0.651985 -0.099957
v -0.283650 0.686656 -0.115397
v -0.434050 0.705003 -0.114050
v -0.459531 0.700947 -0.102848
v -0.402555 0.710363 -0.112917
v -0.356248 0.708455 -0.111253
v -0.320000 0.701787 -0.120000
v -0.328925 0.702731 -0.100242
v -0.303364 0.695269 -0.100907
v -0.120568 -0.844001 -0.089336
v -0.159925 -0.839986 -0.079795
v -0.139564 -0.860858 -0.060719
v -0.084733 -0.844733 -0.093674
v -0.069699 -0.862387 -0.075657
v -0.100537 -0.863388 -0.068733
v -0.035247 -0.844754 -0.093728
v -0.042967 -0.867396 -0.072231
v -0.002621 -0.847007 -0.091168
v 0.011501 -0.863880 -0.073584
v -0.020000 -0.860000 -0.079150
v 0.039769 -0.841030 -0.082429
v 0.026488 -0.871866 -0.057429
v -0.241924 -0.802885 -0.083040
v -0.181065 -0.816358 -0.092212
v -0.209996 -0.809995 -0.089995
v -0.211997 -0.824099 -0.072928
v -0.234210 -0.833236 -0.043283
v 0.062333 -0.814973 -0.089504
v 0.081282 -0.803115 -0.084973
v 0.074947 -0.824260 -0.064260
v 0.098181 -0.778941 -0.093025
v -0.321618 -0.762740 -0.085065
v -0.302524 -0.773897 -0.084597
v -0.281733 -0.795925 -0.068265
v -0.304893 -0.788472 -0.060147
v 0.119164 -0.758283 -0.072109
v 0.107796 -0.785175 -0.061122
v -0.368500 -0.728500 -0.088500
v -0.356088 -0.746862 -0.076088
v -0.386683 -0.716169 -0.076169
v -0.378538 -0.737044 -0.060511
v 0.132717 -0.728390 -0.076503
v -0.401828 -0.684957 -0.087937
v -0.418143 -0.657958 -0.091919
v 0.158883 -0.678072 -0.079824
v 0.143010 -0.709878 -0.060587
v -0.439531 -0.640775 -0.081560
v -0.433411 -0.668555 -0.047187
v 0.168751 -0.655956 -0.095956
v 0.184367 -0.628486 -0.061711
v -0.454881 -0.610651 -0.098619
v -0.480727 -0.598687 -0.076453
v -0.461603 -0.623909 -0.068707
v 0.197243 -0.597388 -0.081755
v -0.518998 -0.561984 -0.084328
v -0.495476 -0.573425 -0.098874
v -0.501478 -0.583132 -0.069117
v 0.206943 -0.574589 -0.094589
v 0.211231 -0.555568 -0.071732
v -0.558479 -0.522329 -0.084954
v -0.544154 -0.549593 -0.060368
v 0.236491 -0.506047 -0.093952
v 0.222416 -0.512702 -0.062635
v 0.214487 -0.539397 -0.059314
v -0.576581 -0.489710 -0.098933
v -0.592950 -0.477653 -0.077653
v -0.580763 -0.501144 -0.066240
v 0.239330 -0.478066 -0.082855
v -0.601128 -0.443743 -0.087083
v 0.264347 -0.420226 -0.090374
v 0.242975 -0.440348 -0.071851
v -0.609213 -0.416150 -0.096150
v -0.618511 -0.400000 -0.080000
v -0.615721 -0.418448 -0.060556
v 0.269467 -0.396952 -0.083048
v 0.235067 -0.402231 -0.048057
v -0.632802 -0.345578 -0.094422
v -0.627963 -0.353733 -0.073733
v -0.620138 -0.380965 -0.058085
v 0.278209 -0.363835 -0.074376
v 0.258847 -0.376858 -0.064216
v 0.304353 -0.344353 -0.085715
v -0.633611 -0.322497 -0.082656
v 0.319658 -0.321711 -0.075996
v 0.291159 -0.331159 -0.068841
v 0.351870 -0.311870 -0.088130
v -0.637250 -0.300000 -0.100000
v -0.633488 -0.283534 -0.079612
v -0.634570 -0.267063 -0.092937
v 0.359692 -0.280948 -0.078921
v 0.338814 -0.294202 -0.067166
v -0.630381 -0.247319 -0.076501
v -0.630505 -0.223230 -0.092298
v 0.394673 -0.224975 -0.095025
v 0.373985 -0.244582 -0.075418
v -0.626671 -0.182053 -0.095173
v -0.626085 -0.200000 -0.080000
v -0.626336 -0.222625 -0.064299
v 0.403584 -0.207447 -0.080767
v 0.383128 -0.227414 -0.060849
v 0.433632 -0.189471 -0.081772
v -0.620797 -0.160000 -0.080000
v -0.619936 -0.180477 -0.060742
v 0.481672 -0.134542 -0.087502
v 0.452714 -0.170952 -0.061701
v -0.611392 -0.124155 -0.071876
v -0.612663 -0.145256 -0.060504
v 0.493472 -0.131921 -0.062962
v -0.598563 -0.082764 -0.080832
v 0.525241 -0.090904 -0.077830
v -0.567835 -0.024242 -0.095758
v -0.584120 -0.046408 -0.073592
v 0.556980 -0.031472 -0.080435
v 0.551594 -0.063965 -0.063965
v -0.565340 -0.001367 -0.083886
v -0.580160 -0.017392 -0.060754
v 0.568829 -0.005949 -0.081075
v 0.565147 0.014070 -0.094070
v -0.566014 0.025881 -0.094119
v -0.571533 0.040000 -0.080000
v -0.579224 0.021225 -0.058720
v 0.570064 0.042028 -0.072980
v 0.572547 0.014827 -0.060880
v -0.596767 0.096933 -0.082612
v -0.588793 0.054380 -0.056570
v 0.554900 0.060000 -0.100000
v 0.559645 0.078529 -0.078346
v -0.604932 0.117942 -0.079688
v -0.609295 0.135137 -0.091857
v 0.525445 0.134267 -0.078004
v 0.553258 0.104240 -0.064240
v -0.623628 0.166252 -0.073748
v -0.616147 0.145495 -0.057838
v 0.484746 0.175756 -0.084746
v 0.509798 0.157016 -0.077016
v -0.637616 0.210151 -0.080439
v 0.446117 0.213413 -0.078030
v 0.471545 0.191545 -0.071545
v 0.496871 0.173691 -0.060898
v -0.633659 0.220000 -0.100000
v -0.642040 0.239349 -0.088313
v 0.395085 0.271899 -0.081589
v 0.416914 0.245680 -0.068549
v -0.644653 0.265928 -0.094072
v -0.650285 0.297495 -0.093195
v -0.653080 0.280000 -0.080000
v -0.658132 0.258908 -0.057997
v -0.649545 0.343203 -0.092567
v -0.655889 0.320000 -0.080000
v -0.660333 0.295438 -0.062481
v 0.359302 0.318477 -0.080030
v 0.376195 0.286825 -0.063805
v -0.643355 0.373646 -0.093646
v -0.650872 0.365433 -0.074567
v -0.659908 0.338524 -0.059006
v 0.314440 0.350825 -0.079234
v 0.336076 0.327302 -0.063924
v -0.640194 0.400520 -0.080904
v 0.275122 0.389067 -0.080610
v -0.613911 0.461727 -0.086871
v -0.635980 0.439418 -0.067438
v 0.200000 0.440000 -0.099282
v 0.194907 0.432278 -0.077591
v 0.221851 0.413755 -0.065055
v -0.605446 0.481649 -0.089299
v -0.633682 0.464536 -0.064536
v -0.001643 0.478907 -0.082786
v -0.019881 0.458898 -0.062676
v 0.039541 0.477128 -0.086522
v 0.019537 0.457167 -0.065643
v 0.076505 0.476505 -0.092376
v 0.098624 0.465329 -0.088818
v 0.060848 0.455368 -0.067626
v 0.138996 0.464785 -0.088738
v 0.118981 0.445826 -0.065400
v 0.158797 0.444620 -0.069450
v -0.598841 0.522206 -0.082829
v -0.622412 0.499273 -0.065304
v -0.578843 0.535734 -0.095681
v -0.056303 0.513016 -0.096303
v -0.042605 0.484578 -0.070886
v -0.082015 0.523003 -0.071539
v -0.060810 0.498131 -0.064737
v -0.568698 0.568698 -0.088698
v -0.593611 0.562534 -0.066333
v -0.119131 0.558544 -0.084098
v -0.100535 0.538763 -0.065557
v -0.559863 0.600211 -0.080309
v -0.581551 0.584506 -0.064313
v -0.538727 0.616166 -0.094195
v -0.161134 0.597651 -0.080178
v -0.141322 0.577224 -0.060207
v -0.526137 0.654091 -0.077480
v -0.549988 0.629988 -0.069988
v -0.203561 0.633488 -0.080483
v -0.183218 0.613707 -0.060417
v -0.494297 0.691560 -0.063325
v -0.506719 0.676139 -0.076139
v -0.280711 0.680838 -0.078900
v -0.255768 0.671710 -0.095768
v -0.234733 0.655311 -0.074733
v -0.262513 0.666012 -0.056490
v -0.417367 0.711209 -0.091469
v -0.442571 0.712401 -0.074376
v -0.466322 0.709222 -0.061323
v -0.383684 0.710782 -0.091948
v -0.401000 0.712394 -0.074332
v -0.366157 0.707088 -0.073843
v -0.315084 0.693340 -0.075084
v -0.339658 0.699025 -0.065175
v -0.080399 -0.881712 -0.044019
v -0.119803 -0.878800 -0.035190
v -0.037830 -0.884264 -0.044081
v -0.060000 -0.876010 -0.060000
v -0.006832 -0.881879 -0.054765
v 0.006909 -0.889671 -0.036295
v -0.017115 -0.893029 -0.021305
v 0.035046 -0.875196 -0.039027
v -0.198404 -0.846286 -0.047503
v -0.155958 -0.869092 -0.035958
v -0.179034 -0.861847 -0.025139
v 0.056516 -0.847496 -0.056516
v 0.077435 -0.834517 -0.040906
v 0.059174 -0.861254 -0.023371
v -0.260681 -0.817163 -0.047018
v -0.285106 -0.808065 -0.041046
v -0.308118 -0.795109 -0.038262
v -0.257065 -0.826139 -0.024342
v 0.099119 -0.802936 -0.048122
v 0.096765 -0.810892 -0.020804
v -0.359813 -0.760475 -0.042018
v -0.336761 -0.770076 -0.056761
v -0.339191 -0.781231 -0.023144
v 0.122014 -0.764412 -0.040912
v 0.110705 -0.787073 -0.022482
v -0.398334 -0.719569 -0.039072
v -0.380580 -0.740589 -0.027697
v 0.131609 -0.736802 -0.056802
v 0.145108 -0.714101 -0.034101
v 0.136251 -0.736409 -0.017492
v -0.415300 -0.689707 -0.058438
v -0.417927 -0.694382 -0.020458
v 0.159756 -0.679870 -0.037366
v -0.451649 -0.646874 -0.041949
v 0.171458 -0.656646 -0.056646
v 0.177054 -0.643947 -0.022552
v -0.484855 -0.611162 -0.040571
v -0.465971 -0.632968 -0.021110
v 0.197226 -0.595610 -0.041492
v 0.185371 -0.622569 -0.020379
v -0.524248 -0.573318 -0.044248
v -0.531906 -0.570823 -0.022270
v -0.509163 -0.589163 -0.029163
v 0.204634 -0.573321 -0.053321
v 0.206597 -0.560841 -0.035255
v -0.565615 -0.533379 -0.037959
v 0.213173 -0.525702 -0.034298
v -0.601118 -0.482071 -0.048033
v -0.594653 -0.509164 -0.007033
v 0.229128 -0.461571 -0.054048
v 0.220482 -0.480000 -0.040000
v 0.214944 -0.501978 -0.022401
v -0.610262 -0.456211 -0.056211
v -0.615665 -0.440000 -0.040000
v -0.614667 -0.458887 -0.020036
v 0.228023 -0.435364 -0.044636
v 0.218890 -0.460429 -0.024147
v -0.617347 -0.400000 -0.040000
v -0.616942 -0.421048 -0.021786
v 0.219611 -0.420134 -0.021246
v -0.625557 -0.341021 -0.056120
v -0.619703 -0.360000 -0.040000
v -0.616226 -0.381208 -0.022039
v 0.240525 -0.358590 -0.041718
v 0.220712 -0.384384 -0.015514
v 0.265213 -0.338017 -0.050246
v -0.628115 -0.301898 -0.054316
v -0.623630 -0.320000 -0.040000
v -0.618347 -0.340577 -0.028064
v 0.278659 -0.314205 -0.047261
v 0.254535 -0.323424 -0.036576
v 0.300513 -0.304456 -0.053236
v -0.626805 -0.261792 -0.055163
v -0.624101 -0.280000 -0.040000
v -0.618798 -0.300392 -0.024891
v 0.260253 -0.299214 -0.021522
v 0.318720 -0.276901 -0.045302
v 0.283509 -0.283509 -0.026631
v 0.345718 -0.261332 -0.052072
v -0.621570 -0.240000 -0.040000
v -0.619364 -0.260182 -0.023243
v 0.300507 -0.258030 -0.023675
v 0.363337 -0.236390 -0.040309
v 0.327843 -0.247843 -0.032157
v -0.615731 -0.193668 -0.033668
v -0.618495 -0.220390 -0.028202
v 0.401589 -0.203374 -0.040342
v 0.379177 -0.221853 -0.018871
v 0.424174 -0.192301 -0.055826
v -0.608194 -0.163225 -0.034085
v 0.444108 -0.172257 -0.035892
v 0.421344 -0.182749 -0.020326
v 0.475505 -0.152521 -0.041119
v -0.599735 -0.121103 -0.041626
v 0.519370 -0.121127 -0.043092
v 0.498707 -0.141604 -0.024684
v -0.596604 -0.093366 -0.053366
v -0.590526 -0.056924 -0.052081
v -0.588445 -0.077583 -0.031183
v 0.538108 -0.095730 -0.050940
v 0.559876 -0.079408 -0.038889
v 0.544078 -0.108793 -0.020366
v -0.590919 -0.043043 -0.033116
v 0.560000 -0.040000 -0.059149
v 0.565908 -0.042861 -0.039179
v 0.568054 -0.017571 -0.051054
v -0.591007 -0.002187 -0.033676
v 0.571005 0.003411 -0.031234
v -0.594024 0.038422 -0.035603
v 0.573063 0.058690 -0.055033
v 0.576540 0.040000 -0.040000
v 0.574693 0.021869 -0.020573
v -0.599558 0.081038 -0.040314
v 0.571540 0.088142 -0.035915
v 0.577704 0.059441 -0.021347
v -0.601729 0.100000 -0.060000
v -0.606093 0.116901 -0.040448
v 0.556825 0.110761 -0.041076
v 0.536010 0.131358 -0.058707
v -0.629974 0.175946 -0.055946
v -0.625878 0.165603 -0.034397
v -0.616771 0.149968 -0.020627
v 0.519912 0.160093 -0.039815
v 0.539443 0.140665 -0.018692
v -0.640720 0.198485 -0.048922
v 0.476766 0.193995 -0.040787
v 0.455267 0.212176 -0.058459
v 0.499183 0.178401 -0.020146
v -0.649601 0.224010 -0.055990
v -0.658601 0.240000 -0.040000
v -0.657298 0.230935 -0.020797
v 0.436785 0.233390 -0.040730
v 0.404718 0.256097 -0.049820
v 0.458654 0.217164 -0.020383
v -0.667731 0.282890 -0.031128
v -0.666479 0.255600 -0.021177
v 0.360068 0.279919 -0.040042
v 0.379762 0.260835 -0.009830
v 0.413180 0.249616 -0.022297
v -0.666767 0.314027 -0.034027
v 0.354965 0.303880 -0.056120
v 0.321057 0.321788 -0.033981
v 0.340000 0.300000 -0.035831
v 0.334921 0.284293 -0.008979
v -0.652312 0.378804 -0.054566
v -0.658583 0.360000 -0.040000
v -0.664907 0.337937 -0.022490
v 0.314905 0.344239 -0.055761
v 0.285179 0.372725 -0.046276
v 0.301564 0.342776 -0.019814
v -0.647269 0.423147 -0.051168
v -0.651730 0.405966 -0.034034
v -0.657744 0.370007 -0.021345
v 0.239789 0.397932 -0.046352
v 0.200409 0.401297 -0.036153
v 0.264923 0.393019 -0.055077
v 0.258647 0.385581 -0.017445
v -0.650176 0.447770 -0.035546
v -0.652251 0.423362 -0.021798
v -0.001878 0.437384 -0.045672
v -0.019939 0.419915 -0.019505
v 0.039292 0.435795 -0.048294
v 0.019435 0.416703 -0.026645
v 0.058581 0.412001 -0.026926
v 0.098957 0.425500 -0.045032
v 0.130472 0.418013 -0.035398
v 0.097577 0.410609 -0.026083
v 0.180312 0.421850 -0.055428
v 0.157037 0.410212 -0.033530
v -0.643857 0.477385 -0.042860
v -0.051377 0.472830 -0.036759
v -0.036856 0.451211 -0.036856
v -0.638659 0.515385 -0.035567
v -0.618825 0.535173 -0.054381
v -0.082528 0.513846 -0.040504
v -0.064436 0.487900 -0.020945
v -0.607787 0.567787 -0.047787
v -0.624466 0.555140 -0.035140
v -0.121127 0.557567 -0.040214
v -0.101415 0.536748 -0.020299
v -0.596550 0.592385 -0.038949
v -0.618371 0.577024 -0.020053
v -0.568652 0.616571 -0.056571
v -0.162441 0.595106 -0.040411
v -0.141080 0.577839 -0.020226
v -0.560695 0.639170 -0.036771
v -0.580692 0.620311 -0.023104
v -0.536785 0.654352 -0.059100
v -0.206322 0.629840 -0.041701
v -0.233525 0.647973 -0.042571
v -0.183800 0.613044 -0.020691
v -0.521277 0.678351 -0.035390
v -0.540515 0.661199 -0.025708
v -0.284306 0.673405 -0.041273
v -0.313419 0.686394 -0.042580
v -0.260138 0.660168 -0.018004
v -0.475725 0.709179 -0.035725
v -0.499528 0.700765 -0.022774
v -0.441506 0.716743 -0.042062
v -0.413218 0.714303 -0.053218
v -0.383838 0.709166 -0.052911
v -0.400916 0.713536 -0.035250
v -0.366084 0.705495 -0.033916
v -0.338602 0.697481 -0.021441
v -0.103208 -0.888932 -0.011807
v -0.123584 -0.886859 -0.000424
v -0.140000 -0.879953 -0.020000
v -0.156292 -0.875244 -0.000590
v -0.062389 -0.891310 -0.013579
v -0.076890 -0.891057 0.008198
v -0.051306 -0.890763 0.021708
v 0.015930 -0.891047 -0.015930
v 0.002617 -0.892822 0.009302
v -0.024648 -0.892292 0.019971
v 0.038816 -0.881442 -0.004689
v -0.243326 -0.836168 -0.000996
v -0.215611 -0.849047 -0.015611
v -0.205483 -0.853746 0.005483
v -0.178219 -0.862845 0.025134
v 0.078355 -0.841073 -0.001259
v 0.061335 -0.863398 0.019699
v -0.294379 -0.805762 -0.014379
v -0.284262 -0.811032 0.004262
v -0.316731 -0.795246 -0.000532
v -0.260310 -0.821829 0.026350
v 0.105985 -0.794532 0.005468
v 0.096925 -0.810799 0.019372
v -0.362532 -0.766152 -0.000559
v -0.338977 -0.781418 0.021146
v 0.123561 -0.762015 0.002516
v -0.399209 -0.718018 -0.000149
v -0.379804 -0.739959 0.015839
v 0.151651 -0.704919 -0.015081
v 0.148129 -0.715275 0.004725
v 0.137907 -0.736367 0.020557
v -0.435743 -0.666912 -0.005917
v -0.417157 -0.692146 0.019594
v 0.161656 -0.683858 -0.000922
v -0.451277 -0.646678 -0.002513
v 0.177136 -0.644030 0.017489
v -0.504391 -0.596528 -0.008715
v -0.465386 -0.630053 0.019696
v 0.193204 -0.595332 -0.001466
v 0.185461 -0.620234 0.016830
v -0.534283 -0.570260 0.020139
v -0.557049 -0.554410 -0.000556
v 0.199065 -0.580000 -0.020000
v 0.201242 -0.564751 -0.000737
v -0.575790 -0.531893 -0.018698
v -0.576708 -0.532079 0.019686
v 0.209158 -0.534937 -0.014937
v 0.211027 -0.516237 0.008407
v -0.607816 -0.485332 -0.001821
v 0.213740 -0.491728 0.015329
v -0.617081 -0.440000 0.000000
v -0.612936 -0.461918 0.015525
v 0.216980 -0.440000 0.000000
v 0.215973 -0.461450 0.018003
v -0.616449 -0.400000 0.000000
v -0.615714 -0.421373 0.018037
v 0.217902 -0.400000 0.000000
v 0.217646 -0.420755 0.018793
v -0.614013 -0.353082 0.006918
v -0.614519 -0.381473 0.017259
v 0.226581 -0.340398 -0.015603
v 0.220240 -0.360000 0.000000
v 0.217546 -0.380730 0.018683
v -0.613288 -0.326692 0.006692
v 0.240000 -0.320000 -0.017845
v 0.235391 -0.307655 -0.000970
v 0.220140 -0.340770 0.020004
v -0.614882 -0.280000 0.000000
v -0.614816 -0.301761 0.016934
v 0.268154 -0.273385 -0.002050
v 0.258995 -0.296534 0.025642
v -0.616292 -0.240000 0.000000
v -0.617590 -0.260859 0.018489
v 0.285159 -0.250826 0.005159
v 0.320293 -0.238863 -0.003758
v 0.346309 -0.234485 -0.013691
v -0.610061 -0.184638 -0.015362
v -0.611002 -0.195377 0.004623
v -0.614198 -0.221191 0.016869
v 0.356304 -0.230336 0.003696
v 0.400185 -0.199794 -0.000870
v 0.379069 -0.222109 0.018548
v -0.599767 -0.160784 -0.002201
v 0.443891 -0.166271 -0.000688
v 0.420919 -0.181956 0.019868
v 0.460000 -0.161632 -0.020000
v 0.475281 -0.153111 -0.001527
v -0.592596 -0.134941 -0.014941
v -0.585795 -0.101323 -0.015744
v -0.586775 -0.125402 0.005402
v 0.525448 -0.129203 -0.000974
v 0.497816 -0.142726 0.019324
v -0.589217 -0.056677 -0.013024
v -0.584533 -0.080000 0.000000
v -0.584018 -0.101321 0.018067
v 0.562383 -0.086619 -0.000115
v 0.544272 -0.108965 0.018771
v 0.568723 -0.064147 -0.011471
v -0.593264 -0.026264 -0.013736
v -0.590384 -0.043862 0.007509
v -0.586048 -0.063453 0.019416
v 0.572775 -0.021911 -0.014736
v 0.572434 -0.045449 0.005448
v -0.594527 -0.001817 -0.003156
v 0.575423 0.000000 0.000000
v 0.574107 -0.022147 0.016778
v -0.594323 0.034596 -0.006850
v 0.576351 0.040000 0.000000
v 0.575052 0.018470 0.017154
v -0.595721 0.060000 -0.020000
v -0.594526 0.077873 -0.002975
v 0.572133 0.096625 -0.016625
v 0.574274 0.085999 0.005999
v 0.575390 0.058761 0.017825
v -0.600043 0.100000 -0.020000
v -0.601002 0.115635 -0.000565
v 0.560000 0.120000 -0.013424
v 0.554790 0.125909 0.007201
v -0.630539 0.175976 -0.015976
v -0.624100 0.166062 0.006062
v -0.616772 0.147770 0.020097
v 0.518961 0.158070 -0.000156
v 0.538861 0.137401 0.020036
v -0.641861 0.197362 -0.001075
v 0.479401 0.198684 -0.000119
v 0.497615 0.175188 0.019866
v -0.663373 0.240000 0.000000
v -0.657145 0.232138 0.019607
v 0.438182 0.236958 -0.000215
v 0.456923 0.214087 0.020034
v -0.671257 0.274280 -0.000986
v -0.670506 0.296653 -0.011953
v -0.665896 0.256696 0.019098
v 0.352155 0.268708 0.003015
v 0.404877 0.251795 0.004877
v 0.381224 0.257803 0.019719
v -0.669238 0.314793 0.005207
v 0.316915 0.308656 -0.000677
v 0.335300 0.288541 0.018246
v -0.660850 0.360000 0.000000
v -0.665346 0.337592 0.016763
v 0.282488 0.365298 -0.000595
v 0.302914 0.342699 0.017936
v -0.653422 0.406465 0.006465
v -0.657910 0.369949 0.018897
v 0.039508 0.401121 -0.000621
v 0.005285 0.406765 -0.001692
v 0.079456 0.401768 -0.000963
v 0.119412 0.400964 -0.000292
v 0.162730 0.394867 -0.006032
v 0.140000 0.402800 -0.020000
v 0.217647 0.389258 -0.013412
v 0.188566 0.389271 0.021697
v 0.232973 0.386036 0.007027
v 0.215478 0.387097 0.019988
v 0.259843 0.380215 0.019960
v -0.654490 0.458567 -0.015950
v -0.654336 0.433144 0.006856
v -0.037525 0.445376 -0.000402
v -0.016519 0.424391 0.020184
v -0.652686 0.499057 -0.014777
v -0.656330 0.480000 0.000000
v -0.654588 0.458236 0.017483
v -0.048159 0.464150 -0.015850
v -0.066173 0.490772 0.018198
v -0.643729 0.533823 -0.013823
v -0.651003 0.515795 0.008230
v -0.653795 0.495484 0.019196
v -0.082034 0.515018 -0.000463
v -0.637771 0.552809 -0.000491
v -0.120422 0.559090 0.009637
v -0.101023 0.539145 0.020387
v -0.600000 0.600000 -0.014961
v -0.601796 0.600517 0.007680
v -0.618162 0.575273 0.019994
v -0.161543 0.597128 -0.000275
v -0.138987 0.578026 0.021375
v -0.560555 0.641219 0.005033
v -0.579992 0.620083 0.020231
v -0.214361 0.634856 -0.014361
v -0.185086 0.612814 0.020190
v -0.235798 0.647048 -0.000812
v -0.522449 0.685561 -0.000498
v -0.539405 0.661084 0.022368
v -0.285257 0.673080 -0.000004
v -0.257828 0.657032 0.019477
v -0.466147 0.713686 -0.013853
v -0.475742 0.710832 0.004258
v -0.499762 0.700458 0.020981
v -0.440471 0.718953 -0.000546
v -0.400521 0.716654 -0.001816
v -0.420000 0.718348 -0.020000
v -0.375579 0.709863 -0.015579
v -0.365705 0.707572 0.005705
v -0.316501 0.688953 0.003499
v -0.338103 0.696577 0.019067
v -0.120377 -0.879441 0.038683
v -0.146431 -0.876716 0.026431
v -0.082455 -0.883265 0.040645
v -0.040644 -0.883146 0.049308
v 0.014852 -0.890039 0.025148
v -0.000838 -0.883457 0.050137
v 0.040948 -0.878427 0.029780
v -0.214272 -0.847289 0.025728
v -0.197798 -0.844820 0.053330
v -0.226143 -0.834989 0.042151
v -0.142365 -0.862109 0.062308
v -0.173914 -0.851901 0.063971
v 0.078056 -0.840107 0.038364
v 0.057956 -0.856363 0.057797
v -0.281128 -0.803139 0.047513
v -0.257249 -0.811616 0.057249
v 0.112059 -0.784696 0.024696
v 0.105567 -0.794000 0.046000
v 0.094721 -0.806177 0.061827
v -0.359549 -0.759062 0.035736
v -0.320000 -0.785256 0.040000
v -0.335935 -0.766578 0.055935
v -0.300738 -0.781816 0.062802
v 0.122212 -0.765736 0.040082
v -0.396806 -0.712078 0.039763
v -0.367838 -0.736589 0.056589
v 0.152642 -0.705140 0.025140
v 0.147311 -0.714639 0.045361
v 0.137488 -0.731661 0.059669
v -0.434198 -0.664731 0.024731
v -0.415167 -0.685055 0.045055
v 0.161549 -0.683483 0.039074
v -0.443044 -0.647317 0.039141
v -0.426722 -0.655657 0.069890
v 0.175503 -0.646307 0.046307
v -0.484870 -0.607878 0.039509
v -0.459668 -0.621354 0.063902
v 0.195010 -0.586363 0.026363
v 0.190551 -0.595413 0.044587
v 0.180504 -0.621600 0.063197
v -0.504631 -0.587574 0.059371
v -0.553838 -0.546725 0.042076
v 0.199683 -0.558597 0.033121
v -0.594322 -0.504926 0.024926
v -0.572793 -0.523884 0.043884
v 0.206607 -0.533276 0.026724
v 0.207133 -0.515776 0.037004
v -0.600579 -0.480951 0.041198
v -0.579998 -0.500020 0.060028
v 0.209287 -0.481729 0.046238
v -0.609005 -0.441611 0.046202
v 0.212317 -0.436471 0.048555
v -0.610980 -0.396890 0.047929
v 0.214487 -0.406205 0.046205
v -0.613472 -0.341730 0.024931
v -0.612443 -0.356454 0.049185
v 0.220730 -0.360000 0.040000
v 0.214414 -0.382092 0.057992
v -0.613918 -0.326500 0.046500
v 0.239570 -0.319642 0.041906
v 0.222478 -0.349098 0.059711
v -0.619288 -0.280000 0.040000
v -0.616937 -0.301276 0.058411
v 0.283144 -0.283144 0.027534
v 0.275219 -0.303579 0.044781
v 0.299010 -0.259293 0.023881
v 0.315419 -0.280003 0.046786
v 0.299897 -0.303309 0.055341
v -0.617847 -0.240000 0.040000
v -0.618960 -0.260315 0.059455
v 0.335019 -0.243964 0.024981
v 0.359969 -0.240203 0.039135
v 0.343644 -0.263644 0.047755
v -0.606592 -0.191639 0.034933
v -0.613006 -0.220600 0.056171
v 0.401420 -0.203084 0.039790
v 0.382805 -0.227835 0.059714
v -0.600090 -0.159705 0.035357
v 0.475295 -0.153879 0.039794
v 0.445838 -0.173710 0.045838
v 0.435172 -0.185602 0.061635
v -0.592121 -0.134180 0.025820
v -0.590838 -0.116439 0.046869
v 0.523111 -0.125479 0.039268
v 0.500556 -0.139318 0.055718
v -0.585948 -0.086295 0.046295
v 0.558964 -0.078626 0.033230
v 0.541608 -0.099885 0.069597
v -0.592909 -0.025619 0.025619
v -0.588639 -0.037886 0.048503
v -0.586300 -0.063898 0.059721
v 0.568997 -0.054974 0.025026
v 0.571307 -0.045567 0.045567
v -0.598028 -0.000766 0.039044
v 0.578240 0.000000 0.040000
v 0.580930 -0.023630 0.050709
v -0.596452 0.020000 0.020000
v -0.597908 0.039344 0.038786
v 0.572331 0.045395 0.045395
v 0.580613 0.021570 0.053025
v -0.595120 0.060000 0.020000
v -0.599225 0.082001 0.045354
v 0.565863 0.089482 0.034152
v -0.597993 0.100000 0.020000
v -0.607643 0.114735 0.038988
v 0.551974 0.111974 0.031974
v 0.533340 0.123774 0.043774
v 0.539832 0.100366 0.060687
v -0.631017 0.175317 0.024683
v -0.627611 0.164898 0.044898
v -0.620579 0.138286 0.054763
v 0.516415 0.146502 0.036415
v 0.493545 0.163786 0.043786
v 0.497915 0.143914 0.068031
v -0.641391 0.197218 0.039168
v 0.476343 0.186384 0.036343
v 0.445665 0.208248 0.041332
v 0.459196 0.182002 0.067388
v -0.654254 0.234117 0.045883
v 0.424774 0.235098 0.024774
v 0.401276 0.241165 0.046704
v 0.421110 0.217071 0.053541
v -0.668486 0.298301 0.025980
v -0.664855 0.280000 0.040000
v -0.658030 0.259151 0.052681
v 0.355827 0.271953 0.038535
v 0.382746 0.255649 0.056795
v -0.666105 0.320000 0.040000
v -0.660360 0.297489 0.061455
v 0.320296 0.320034 0.038799
v 0.340480 0.298595 0.062414
v -0.655821 0.366745 0.046745
v -0.659762 0.335726 0.056569
v 0.285168 0.369708 0.041790
v 0.318340 0.355554 0.085050
v -0.652276 0.418083 0.025974
v -0.651278 0.396343 0.048265
v 0.019535 0.417004 0.025470
v 0.059285 0.416098 0.028402
v 0.099326 0.415584 0.028777
v 0.160021 0.403021 0.029214
v 0.135237 0.405387 0.024763
v 0.199603 0.397517 0.047521
v 0.239545 0.396001 0.053082
v 0.263835 0.391025 0.056165
v -0.649166 0.437545 0.046531
v -0.001731 0.439650 0.045063
v -0.040918 0.461064 0.030746
v 0.039626 0.436582 0.046391
v 0.079044 0.435427 0.048880
v 0.122019 0.433501 0.052881
v 0.141476 0.424928 0.050153
v -0.644173 0.478859 0.051644
v -0.044545 0.478490 0.050392
v -0.021242 0.462808 0.054368
v -0.640077 0.520341 0.040686
v -0.082169 0.514574 0.039552
v -0.060189 0.498359 0.063690
v -0.635131 0.544910 0.024910
v -0.618236 0.537641 0.054059
v -0.123894 0.565259 0.044206
v -0.099994 0.539986 0.060075
v -0.594328 0.587217 0.042710
v -0.162981 0.594869 0.039649
v -0.141604 0.577092 0.059803
v -0.556724 0.632456 0.040036
v -0.570035 0.610035 0.050035
v -0.215750 0.631961 0.024250
v -0.194797 0.614328 0.045203
v -0.240613 0.641344 0.045498
v -0.221401 0.623218 0.073088
v -0.519527 0.679014 0.035377
v -0.526420 0.656228 0.056228
v -0.294168 0.675653 0.025832
v -0.300192 0.663164 0.067423
v -0.320509 0.681855 0.045275
v -0.280052 0.643352 0.087353
v -0.456872 0.710387 0.027217
v -0.485599 0.696031 0.045599
v -0.417241 0.713070 0.028898
v -0.440000 0.708391 0.040000
v -0.460706 0.697707 0.052194
v -0.383211 0.709143 0.026549
v -0.400000 0.708139 0.040000
v -0.422732 0.696897 0.061656
v -0.354460 0.695215 0.045539
v -0.382743 0.696551 0.056474
v -0.100663 -0.864315 0.070607
v -0.051110 -0.859137 0.085356
v -0.017086 -0.873512 0.068583
v 0.009175 -0.865467 0.077279
v -0.221531 -0.822593 0.067457
v -0.161994 -0.842032 0.085774
v -0.197430 -0.831571 0.077430
v -0.120772 -0.844663 0.090151
v -0.076425 -0.854122 0.088746
v -0.020916 -0.855460 0.089131
v 0.038992 -0.844886 0.091176
v 0.002112 -0.832162 0.110775
v 0.076226 -0.824932 0.076226
v -0.240644 -0.801177 0.081771
v -0.276107 -0.786188 0.076107
v -0.215787 -0.805011 0.095787
v -0.181041 -0.821820 0.102566
v 0.059623 -0.821406 0.102321
v 0.108830 -0.783102 0.063102
v 0.085444 -0.797381 0.093517
v -0.319942 -0.759483 0.077367
v -0.344169 -0.744169 0.076362
v -0.283963 -0.763963 0.093683
v -0.260478 -0.777315 0.094192
v 0.119191 -0.758973 0.072614
v 0.098822 -0.776815 0.093644
v -0.360411 -0.721902 0.083444
v -0.390501 -0.706957 0.061811
v -0.337365 -0.729761 0.097365
v 0.150353 -0.704036 0.064036
v 0.135009 -0.725402 0.085402
v -0.400055 -0.681524 0.083521
v -0.377577 -0.695556 0.093681
v 0.159351 -0.679163 0.072335
v 0.140875 -0.702719 0.103654
v -0.439147 -0.638029 0.072446
v -0.415231 -0.649646 0.102012
v 0.169769 -0.655284 0.064716
v 0.170234 -0.636198 0.087474
v -0.480025 -0.600432 0.081965
v -0.455736 -0.611849 0.099671
v 0.188379 -0.581305 0.065722
v 0.180574 -0.600000 0.080000
v 0.172597 -0.614763 0.099693
v -0.520058 -0.559900 0.079714
v -0.542219 -0.542167 0.069119
v -0.498595 -0.576257 0.091411
v 0.194226 -0.545628 0.065628
v 0.187349 -0.553508 0.086492
v 0.180069 -0.580320 0.100409
v -0.560000 -0.520000 0.065766
v -0.555334 -0.508661 0.082479
v -0.527435 -0.536467 0.096467
v 0.191858 -0.524713 0.083638
v -0.594062 -0.464621 0.064621
v -0.565284 -0.477991 0.092572
v 0.201657 -0.500000 0.060000
v 0.198565 -0.480543 0.075037
v -0.597057 -0.440936 0.070862
v -0.580000 -0.460000 0.086182
v -0.566001 -0.449019 0.113379
v 0.205307 -0.460000 0.060000
v 0.200306 -0.442125 0.088819
v -0.606237 -0.420000 0.060000
v -0.600365 -0.401508 0.081379
v -0.581747 -0.425037 0.106567
v 0.207340 -0.408096 0.074547
v -0.609164 -0.374410 0.065590
v -0.611287 -0.342859 0.066809
v -0.607291 -0.361059 0.085181
v 0.225286 -0.354898 0.085102
v 0.216675 -0.376402 0.097813
v -0.612138 -0.315950 0.089063
v 0.254890 -0.325490 0.065110
v 0.240000 -0.340497 0.080000
v 0.279603 -0.322420 0.074045
v 0.260154 -0.339779 0.099847
v 0.316625 -0.316419 0.082320
v -0.617263 -0.280000 0.080000
v -0.614039 -0.298336 0.099770
v 0.336541 -0.287133 0.063459
v 0.359271 -0.282217 0.075521
v 0.342214 -0.303974 0.092421
v -0.614339 -0.233459 0.086541
v -0.616587 -0.261034 0.098137
v 0.368124 -0.256358 0.063642
v 0.387720 -0.235465 0.084535
v 0.380345 -0.260942 0.098492
v -0.605347 -0.186668 0.066668
v -0.608577 -0.203095 0.086632
v 0.405344 -0.211826 0.079432
v -0.601323 -0.152397 0.079297
v 0.457032 -0.171344 0.062968
v 0.436661 -0.189704 0.083339
v 0.479293 -0.158640 0.089052
v 0.460467 -0.178045 0.105238
v -0.598624 -0.140000 0.060000
v -0.595882 -0.120233 0.077419
v 0.521051 -0.121233 0.080225
v 0.499797 -0.140252 0.095481
v -0.588853 -0.095495 0.064505
v -0.590032 -0.077114 0.087286
v 0.558840 -0.077110 0.079816
v 0.538381 -0.095958 0.099754
v -0.589017 -0.022065 0.066447
v -0.587862 -0.036692 0.088841
v 0.572626 -0.057304 0.062696
v 0.586492 -0.033806 0.086194
v 0.575682 -0.046018 0.099633
v -0.592990 0.014595 0.065405
v -0.588386 -0.003479 0.088424
v 0.590602 0.002660 0.087441
v -0.600341 0.038827 0.070662
v 0.564675 0.058989 0.072186
v 0.572300 0.044489 0.084489
v 0.583026 0.026525 0.100038
v -0.601376 0.060000 0.060000
v -0.606502 0.075318 0.078931
v -0.608441 0.095336 0.068360
v 0.556825 0.076825 0.064738
v 0.541551 0.079347 0.089416
v -0.624390 0.126403 0.086403
v -0.618229 0.102402 0.098766
v 0.520000 0.120000 0.064062
v 0.514955 0.109899 0.082185
v -0.634708 0.173136 0.066864
v -0.632509 0.157358 0.085635
v 0.479086 0.157735 0.075306
v 0.488670 0.133296 0.098161
v -0.640578 0.197472 0.088832
v 0.438171 0.196311 0.070759
v 0.456652 0.171409 0.099263
v -0.647624 0.226362 0.066362
v -0.646267 0.238523 0.084433
v 0.396579 0.230974 0.079136
v 0.417900 0.215435 0.106513
v -0.648968 0.278322 0.086175
v 0.360782 0.282120 0.074271
v 0.380621 0.260571 0.090483
v -0.649689 0.329805 0.103399
v 0.333814 0.324407 0.075593
v 0.356581 0.305458 0.094542
v -0.651153 0.375407 0.064592
v -0.649528 0.356522 0.086874
v 0.294645 0.370586 0.061339
v 0.340662 0.338189 0.106148
v -0.640495 0.401561 0.081341
v 0.178713 0.418245 0.065435
v 0.238142 0.407072 0.075265
v 0.214697 0.405557 0.065303
v 0.285031 0.392671 0.089111
v 0.301328 0.380658 0.093167
v -0.646046 0.420000 0.060000
v -0.636394 0.437257 0.075408
v 0.019001 0.459869 0.061601
v 0.059426 0.456140 0.067525
v 0.099547 0.456465 0.067322
v 0.160033 0.440098 0.079431
v 0.138923 0.466025 0.092143
v 0.194851 0.423988 0.085149
v 0.219909 0.421979 0.094975
v 0.255640 0.412584 0.097704
v -0.643551 0.460000 0.060000
v -0.627519 0.476257 0.076257
v -0.625097 0.498450 0.070544
v -0.616239 0.459605 0.091977
v -0.000367 0.481450 0.077308
v -0.036281 0.493085 0.076281
v 0.038457 0.479887 0.082228
v 0.079504 0.476893 0.087114
v 0.116737 0.476737 0.092213
v -0.600430 0.521344 0.080816
v -0.604524 0.484524 0.094783
v -0.078646 0.520031 0.073550
v -0.044537 0.515463 0.095774
v -0.021027 0.503369 0.093060
v 0.020662 0.500937 0.097955
v -0.585407 0.555835 0.075835
v -0.577537 0.583795 0.066406
v -0.575428 0.540678 0.091154
v -0.119971 0.559827 0.077411
v -0.096463 0.545792 0.100065
v -0.559172 0.598293 0.076755
v -0.166099 0.590442 0.078603
v -0.193659 0.607250 0.077314
v -0.140366 0.574654 0.101996
v -0.542324 0.624703 0.068767
v -0.520514 0.638862 0.077835
v -0.532828 0.612828 0.092828
v -0.244559 0.633357 0.080282
v -0.218410 0.614852 0.096871
v -0.497745 0.666364 0.071621
v -0.478939 0.676050 0.072835
v -0.484809 0.644809 0.095384
v -0.440540 0.680384 0.080349
v -0.460807 0.657293 0.094958
v -0.360343 0.679041 0.077847
v -0.323871 0.668248 0.076129
v -0.340000 0.684258 0.060000
v -0.342379 0.657721 0.099119
v -0.304067 0.647220 0.095933
v -0.400330 0.681398 0.083262
v -0.140918 -0.824587 0.109540
v -0.078019 -0.833428 0.109256
v -0.098461 -0.825986 0.111791
v -0.040886 -0.835273 0.109784
v -0.060000 -0.846245 0.100000
v 0.032530 -0.813841 0.122455
v -0.206299 -0.792794 0.113567
v -0.160540 -0.803671 0.127189
v -0.120726 -0.804050 0.127601
v -0.081833 -0.806803 0.130699
v -0.060000 -0.820000 0.122443
v -0.037484 -0.807807 0.132151
v -0.020000 -0.820000 0.121515
v -0.002558 -0.807157 0.131285
v 0.076995 -0.786689 0.116995
v 0.046042 -0.797471 0.128909
v -0.301808 -0.742518 0.105951
v -0.240377 -0.760586 0.120360
v -0.262876 -0.732398 0.131394
v -0.204759 -0.764759 0.135168
v -0.179927 -0.779297 0.138108
v 0.058409 -0.777544 0.135479
v 0.114847 -0.744637 0.104637
v 0.097998 -0.739374 0.134583
v -0.320020 -0.719784 0.119344
v -0.348791 -0.708791 0.108791
v -0.283530 -0.723530 0.131646
v 0.118796 -0.721946 0.122622
v -0.360705 -0.682813 0.128428
v -0.390914 -0.670914 0.110914
v -0.336980 -0.695715 0.135179
v 0.155526 -0.665774 0.105774
v 0.136283 -0.685228 0.125228
v -0.402103 -0.643784 0.128665
v -0.434737 -0.622863 0.114737
v -0.380352 -0.659319 0.138198
v 0.159547 -0.638375 0.117007
v 0.139461 -0.658635 0.138149
v -0.475066 -0.589406 0.119753
v -0.447866 -0.607866 0.127866
v -0.420157 -0.620235 0.140958
v 0.163649 -0.600367 0.132336
v -0.504006 -0.554789 0.114789
v -0.489010 -0.569010 0.129010
v 0.185980 -0.540938 0.104241
v 0.175222 -0.566129 0.126129
v -0.520894 -0.522267 0.123703
v -0.541087 -0.502869 0.105255
v -0.500942 -0.542414 0.143453
v 0.191595 -0.496232 0.108434
v 0.185382 -0.520000 0.120000
v 0.179363 -0.537193 0.134673
v -0.547525 -0.476199 0.116199
v -0.525949 -0.495109 0.135109
v 0.194002 -0.471576 0.115187
v 0.186614 -0.500876 0.136167
v -0.540355 -0.460819 0.142227
v 0.199713 -0.439000 0.123736
v -0.595332 -0.385746 0.105746
v -0.584833 -0.400000 0.120000
v -0.564542 -0.413701 0.152280
v 0.205423 -0.413638 0.106362
v 0.211362 -0.405100 0.125100
v -0.600451 -0.361194 0.122471
v -0.581170 -0.383683 0.148383
v 0.238078 -0.357988 0.120252
v 0.220000 -0.380000 0.121140
v 0.222171 -0.387148 0.139786
v -0.608892 -0.334961 0.105039
v -0.611626 -0.316133 0.128681
v 0.294602 -0.327641 0.105398
v 0.284612 -0.331319 0.124612
v 0.260102 -0.339821 0.141937
v 0.319755 -0.320348 0.117109
v -0.611443 -0.291318 0.142142
v 0.361271 -0.283068 0.125524
v 0.339436 -0.301116 0.142580
v -0.612176 -0.221239 0.105824
v -0.613770 -0.258739 0.134776
v 0.396098 -0.231965 0.119297
v 0.374219 -0.248271 0.142427
v -0.606860 -0.185944 0.105944
v -0.609579 -0.203105 0.127144
v -0.610721 -0.226909 0.143107
v 0.414005 -0.211688 0.101883
v 0.439946 -0.199404 0.124762
v 0.415968 -0.213944 0.139246
v -0.604549 -0.161743 0.117415
v 0.481555 -0.163469 0.119868
v 0.464218 -0.187626 0.139459
v -0.601856 -0.140000 0.100000
v -0.598975 -0.126205 0.119456
v 0.519572 -0.120406 0.119031
v 0.502630 -0.146704 0.139671
v -0.592973 -0.093785 0.106215
v -0.591429 -0.056719 0.108830
v -0.592308 -0.081703 0.125588
v 0.556025 -0.068416 0.119658
v 0.536913 -0.090360 0.139766
v -0.589827 -0.023307 0.107720
v -0.593224 -0.041730 0.125077
v 0.586956 -0.020542 0.104686
v 0.570158 -0.043526 0.123526
v -0.591779 0.014572 0.105428
v -0.591039 -0.002417 0.126365
v 0.587001 0.000000 0.120000
v 0.577235 -0.021096 0.130391
v -0.600508 0.038244 0.129140
v 0.564576 0.049288 0.118708
v 0.577522 0.019864 0.130088
v -0.608681 0.064813 0.104813
v -0.612173 0.074665 0.125335
v 0.553259 0.063822 0.103822
v 0.522764 0.086560 0.119371
v 0.540728 0.061243 0.144591
v -0.631522 0.144330 0.108839
v -0.627056 0.126313 0.126313
v -0.619463 0.101499 0.139835
v 0.503905 0.108191 0.101335
v 0.493491 0.131769 0.134589
v 0.504529 0.114244 0.139382
v -0.633921 0.161129 0.120568
v 0.476459 0.150655 0.118949
v -0.637928 0.180000 0.100000
v -0.636856 0.198987 0.118771
v 0.440459 0.199204 0.121157
v 0.460721 0.180630 0.135409
v -0.641721 0.220000 0.100000
v -0.637692 0.239278 0.111038
v 0.401492 0.242331 0.110693
v 0.433855 0.223967 0.136033
v -0.642259 0.260000 0.100000
v -0.639501 0.282496 0.116696
v 0.376868 0.285381 0.114619
v 0.392676 0.272676 0.127324
v -0.647198 0.300000 0.100000
v -0.642513 0.318357 0.125798
v 0.360706 0.320435 0.117764
v 0.380111 0.298547 0.144121
v -0.640015 0.360020 0.120029
v 0.325232 0.372567 0.121817
v 0.342610 0.348227 0.139589
v -0.634641 0.385486 0.105486
v -0.621316 0.422952 0.106341
v -0.623730 0.400000 0.120000
v -0.620073 0.381671 0.141954
v 0.284682 0.408410 0.119682
v 0.310931 0.390931 0.129069
v -0.600218 0.439667 0.119549
v -0.604187 0.415698 0.135698
v 0.199573 0.441901 0.115741
v 0.176823 0.448273 0.103177
v 0.237410 0.432365 0.122590
v 0.261319 0.426199 0.135473
v -0.590877 0.470877 0.110877
v -0.580200 0.502250 0.104710
v -0.564284 0.478350 0.127218
v -0.573754 0.458573 0.131831
v 0.059831 0.498550 0.103354
v 0.099661 0.496724 0.108362
v 0.154053 0.484667 0.127236
v 0.124409 0.494425 0.115591
v 0.180000 0.460000 0.121104
v 0.194587 0.465901 0.142658
v -0.558586 0.515025 0.115106
v -0.541423 0.496479 0.135098
v -0.061252 0.530127 0.106093
v -0.000367 0.521471 0.116699
v -0.036522 0.531501 0.116522
v 0.040027 0.520007 0.119901
v 0.079667 0.516776 0.127683
v 0.119300 0.524709 0.152398
v 0.139642 0.501386 0.136902
v -0.528958 0.556343 0.126163
v -0.538188 0.584402 0.107678
v -0.508874 0.536413 0.145803
v -0.067390 0.546828 0.128848
v -0.116888 0.564625 0.119885
v -0.020667 0.542193 0.135126
v 0.019157 0.541183 0.139916
v -0.517119 0.595785 0.114608
v -0.501255 0.620600 0.104213
v -0.500538 0.576843 0.134411
v -0.201089 0.601314 0.121044
v -0.174697 0.593204 0.105303
v -0.166062 0.586743 0.126062
v -0.139197 0.578695 0.139141
v -0.465510 0.625510 0.117040
v -0.440603 0.637920 0.116258
v -0.451921 0.611921 0.131921
v -0.421736 0.659828 0.103029
v -0.401454 0.639937 0.122200
v -0.420665 0.617398 0.135354
v -0.380461 0.621370 0.138173
v -0.320203 0.637986 0.115092
v -0.359191 0.639836 0.122176
v -0.340072 0.619537 0.139029
v -0.284201 0.626855 0.115799
v -0.261107 0.623704 0.110364
v -0.300323 0.617169 0.133196
v -0.259418 0.607917 0.134393
v -0.380357 0.661511 0.103359
v -0.140478 -0.782509 0.144686
v -0.100430 -0.782786 0.145018
v -0.060772 -0.784553 0.148046
v -0.020799 -0.784488 0.147927
v 0.019111 -0.783625 0.146308
v -0.220944 -0.741020 0.143802
v -0.158889 -0.760967 0.158483
v -0.191150 -0.751150 0.151150
v -0.120957 -0.761108 0.158465
v -0.080432 -0.758753 0.162543
v -0.041551 -0.757868 0.164577
v -0.004633 -0.755854 0.166127
v 0.035659 -0.762875 0.153507
v 0.064360 -0.744360 0.153236
v -0.300420 -0.702914 0.147527
v -0.240135 -0.717164 0.154532
v -0.262372 -0.693287 0.171040
v -0.200216 -0.723484 0.167052
v -0.176425 -0.736425 0.168858
v -0.140534 -0.737333 0.175556
v -0.100454 -0.737609 0.175792
v -0.060293 -0.738490 0.177504
v -0.020317 -0.738216 0.177079
v 0.019720 -0.736832 0.174923
v 0.080002 -0.720017 0.160011
v 0.044404 -0.724404 0.173196
v 0.106382 -0.697780 0.152355
v -0.321192 -0.681635 0.164550
v -0.356327 -0.667229 0.156327
v -0.282399 -0.672840 0.190651
v -0.220548 -0.700435 0.180645
v 0.115677 -0.678952 0.152999
v 0.084500 -0.684500 0.173392
v -0.393905 -0.627645 0.162266
v -0.368821 -0.648821 0.168821
v -0.340116 -0.660113 0.180337
v 0.118345 -0.644352 0.165654
v 0.096555 -0.661020 0.174365
v 0.145210 -0.618169 0.151822
v -0.440626 -0.598306 0.155654
v -0.462448 -0.584117 0.148991
v -0.409669 -0.609669 0.169669
v 0.149812 -0.597058 0.157058
v 0.125135 -0.605135 0.174489
v -0.481087 -0.558318 0.156467
v -0.444545 -0.576355 0.176355
v 0.166017 -0.580000 0.140000
v 0.159521 -0.561232 0.161308
v 0.136857 -0.580849 0.174209
v -0.507379 -0.515952 0.155952
v -0.489973 -0.529973 0.169973
v 0.175455 -0.503030 0.169121
v -0.519455 -0.480808 0.161173
v -0.499747 -0.499580 0.178949
v 0.203023 -0.447312 0.158572
v 0.189656 -0.475495 0.164505
v -0.560000 -0.440000 0.133606
v -0.549551 -0.432900 0.163896
v -0.535898 -0.447214 0.179563
v 0.209172 -0.424750 0.148199
v -0.564049 -0.397898 0.172700
v 0.225549 -0.394246 0.165754
v 0.217331 -0.417719 0.178578
v -0.590480 -0.356680 0.156680
v -0.574156 -0.376070 0.179966
v 0.240486 -0.361294 0.151332
v -0.604710 -0.340000 0.140000
v -0.599933 -0.319771 0.159740
v -0.580896 -0.344175 0.182712
v 0.284018 -0.325394 0.159106
v 0.260771 -0.341696 0.186186
v 0.300000 -0.323854 0.140000
v 0.314945 -0.311603 0.159615
v -0.603597 -0.277781 0.165543
v 0.345556 -0.269927 0.172762
v 0.330617 -0.290617 0.170617
v -0.608074 -0.242422 0.165707
v 0.363217 -0.246838 0.160928
v 0.394752 -0.225750 0.154752
v -0.600504 -0.198202 0.162247
v 0.377805 -0.223785 0.187576
v 0.437944 -0.202670 0.166832
v 0.416070 -0.204148 0.192292
v -0.604586 -0.180000 0.140000
v -0.592366 -0.155558 0.164041
v 0.486419 -0.173490 0.161854
v 0.474729 -0.184860 0.178808
v -0.598685 -0.140000 0.140000
v -0.590264 -0.126414 0.165752
v -0.593688 -0.106603 0.146603
v 0.521867 -0.122849 0.158850
v 0.510073 -0.146351 0.178427
v -0.593376 -0.083709 0.160222
v -0.592929 -0.057392 0.149563
v 0.545475 -0.058189 0.154367
v 0.531578 -0.076808 0.167728
v -0.592888 -0.026145 0.146145
v -0.590023 -0.042878 0.167755
v 0.555450 -0.038666 0.149515
v 0.530093 -0.056652 0.176652
v -0.593736 -0.002261 0.157056
v 0.559208 -0.000153 0.158134
v 0.537634 -0.020612 0.175286
v -0.596156 0.020000 0.140000
v -0.598694 0.045160 0.159448
v 0.550574 0.038361 0.153265
v 0.538464 0.019804 0.176700
v -0.606947 0.066665 0.146665
v -0.602617 0.079666 0.170006
v 0.520607 0.081602 0.165258
v 0.529683 0.056431 0.176431
v -0.623263 0.139472 0.151914
v -0.613430 0.123932 0.169105
v 0.507142 0.114601 0.165399
v -0.629494 0.178054 0.146535
v -0.623325 0.160000 0.160000
v -0.609919 0.147812 0.184979
v 0.480774 0.160387 0.156089
v 0.498057 0.134564 0.180271
v -0.628321 0.217689 0.145844
v -0.625299 0.200000 0.160000
v -0.616138 0.182359 0.177301
v 0.456247 0.205297 0.154703
v 0.473841 0.184872 0.175128
v -0.623546 0.259177 0.152365
v -0.621554 0.240000 0.160000
v -0.617844 0.219610 0.171488
v 0.439678 0.240598 0.158731
v 0.420000 0.244728 0.140000
v 0.414638 0.262703 0.151115
v 0.460829 0.221193 0.176844
v -0.632296 0.303355 0.148345
v -0.623038 0.280000 0.160000
v -0.613160 0.258342 0.175608
v 0.401197 0.282748 0.154062
v 0.435079 0.264127 0.175873
v -0.626110 0.329157 0.157089
v -0.617022 0.299398 0.172075
v 0.363233 0.327836 0.159420
v 0.385910 0.312214 0.181898
v -0.601624 0.361138 0.167122
v -0.612173 0.332173 0.172173
v 0.313611 0.390560 0.158381
v 0.345966 0.348331 0.178058
v -0.596151 0.400055 0.152299
v -0.600000 0.381645 0.160000
v -0.567135 0.379934 0.176766
v 0.296426 0.408529 0.143574
v -0.577812 0.426053 0.148934
v -0.557708 0.436749 0.154368
v -0.560653 0.405600 0.168280
v -0.536936 0.416936 0.171127
v -0.525952 0.436784 0.168162
v 0.241953 0.443030 0.151077
v 0.222337 0.454779 0.155090
v 0.276526 0.429279 0.163474
v 0.298373 0.415285 0.179656
v -0.520952 0.477104 0.156014
v -0.502281 0.456174 0.173971
v 0.199670 0.477785 0.167203
v 0.170304 0.490305 0.149695
v 0.224144 0.467117 0.179835
v -0.505561 0.505561 0.156517
v -0.481901 0.520710 0.165586
v -0.485294 0.485294 0.174096
v 0.059651 0.537583 0.146377
v 0.095673 0.535673 0.155373
v 0.157033 0.509760 0.162967
v 0.179662 0.500979 0.176358
v -0.481558 0.554980 0.153566
v -0.465344 0.576689 0.148302
v -0.441486 0.561468 0.164407
v -0.456381 0.536381 0.170002
v -0.079903 0.559621 0.161778
v -0.105632 0.566060 0.145632
v -0.040396 0.561156 0.157541
v -0.001893 0.558515 0.162201
v 0.039565 0.557583 0.168818
v 0.081580 0.554225 0.174926
v 0.103424 0.550634 0.176576
v 0.139476 0.537667 0.184282
v -0.435653 0.595653 0.147229
v -0.400890 0.596103 0.153269
v -0.420000 0.580000 0.160441
v -0.397020 0.567598 0.171334
v -0.360273 0.598705 0.157752
v -0.375860 0.575860 0.168624
v -0.320236 0.598468 0.156762
v -0.340438 0.575849 0.174857
v -0.280460 0.596591 0.152020
v -0.300561 0.576045 0.172216
v -0.243303 0.590068 0.156697
v -0.217433 0.593337 0.148749
v -0.261630 0.574575 0.170791
v -0.190632 0.584785 0.156631
v -0.220666 0.576787 0.172081
v -0.166493 0.576564 0.166493
v -0.183018 0.570832 0.176982
v -0.118041 0.571573 0.168042
v -0.143385 0.570558 0.176614
v -0.160000 -0.720000 0.184292
v -0.180650 -0.705032 0.189354
v -0.120000 -0.720000 0.186932
v -0.136792 -0.708673 0.193197
v -0.083677 -0.716323 0.190260
v -0.119963 -0.684983 0.206609
v -0.043559 -0.716441 0.190583
v -0.079828 -0.684911 0.206027
v 0.000000 -0.720000 0.187423
v -0.017094 -0.709227 0.193874
v 0.016503 -0.707762 0.191724
v 0.059937 -0.699939 0.180066
v -0.303819 -0.663819 0.193839
v -0.239568 -0.679032 0.197563
v -0.200294 -0.681899 0.203866
v -0.160705 -0.683961 0.206955
v -0.040731 -0.684540 0.206660
v -0.000760 -0.684151 0.206264
v 0.039604 -0.679660 0.198981
v 0.074908 -0.643357 0.193684
v -0.366489 -0.633307 0.193681
v -0.320480 -0.644369 0.211784
v -0.296047 -0.647935 0.216047
v -0.260820 -0.656924 0.213055
v -0.219667 -0.659845 0.218994
v -0.101485 -0.663911 0.215022
v -0.061455 -0.663591 0.215405
v -0.021009 -0.662839 0.216414
v 0.016514 -0.662190 0.214946
v 0.044359 -0.644359 0.212668
v 0.098582 -0.624320 0.185100
v -0.400292 -0.599298 0.197897
v -0.421300 -0.584876 0.188698
v -0.364963 -0.616639 0.216639
v 0.078861 -0.602751 0.203100
v 0.056015 -0.621113 0.214216
v 0.107905 -0.576456 0.191856
v -0.438609 -0.558478 0.196467
v -0.458939 -0.546192 0.188008
v -0.411237 -0.571237 0.211237
v 0.116732 -0.556732 0.190978
v 0.085220 -0.560531 0.209823
v 0.134103 -0.535922 0.187209
v -0.477380 -0.514187 0.195118
v -0.449880 -0.529880 0.209880
v 0.119799 -0.518303 0.197849
v 0.095786 -0.535785 0.208180
v 0.144290 -0.504290 0.192503
v -0.506137 -0.476197 0.196197
v -0.487500 -0.487500 0.207500
v 0.097184 -0.500760 0.214834
v 0.116225 -0.486630 0.209541
v 0.159910 -0.479914 0.199671
v 0.180000 -0.487226 0.180000
v 0.192467 -0.464733 0.184732
v -0.525438 -0.451648 0.201830
v -0.549459 -0.415899 0.186974
v -0.500312 -0.462638 0.225062
v 0.139931 -0.459589 0.218846
v 0.198230 -0.443877 0.207664
v 0.178914 -0.455889 0.212859
v -0.556796 -0.389251 0.200040
v -0.538853 -0.417021 0.212881
v 0.232366 -0.384616 0.184616
v 0.226880 -0.388152 0.214747
v 0.214558 -0.406499 0.222388
v -0.563516 -0.360549 0.209707
v 0.240943 -0.362215 0.209710
v -0.583429 -0.300250 0.190202
v -0.565661 -0.318401 0.214802
v 0.280158 -0.319184 0.194814
v 0.253386 -0.335430 0.220092
v 0.302728 -0.303718 0.189209
v -0.589237 -0.276509 0.196509
v -0.569386 -0.296298 0.216298
v 0.319923 -0.280234 0.200404
v 0.270503 -0.272673 0.243774
v -0.603558 -0.260000 0.180000
v -0.597918 -0.239860 0.193525
v -0.579558 -0.257394 0.218254
v 0.357954 -0.240126 0.191726
v 0.317911 -0.247576 0.242693
v -0.600766 -0.220000 0.180000
v -0.592188 -0.203055 0.196945
v -0.590966 -0.183525 0.187846
v -0.582673 -0.218512 0.224664
v 0.398541 -0.203488 0.211589
v 0.370323 -0.213268 0.223634
v 0.439167 -0.195302 0.197432
v -0.582276 -0.140611 0.191866
v -0.583416 -0.160000 0.200000
v -0.580727 -0.177150 0.223467
v 0.486297 -0.170386 0.199978
v 0.459830 -0.180206 0.220109
v -0.587467 -0.101515 0.184978
v -0.579823 -0.120000 0.200000
v -0.576205 -0.140843 0.218199
v 0.518853 -0.120608 0.193762
v 0.501049 -0.142198 0.224093
v -0.586711 -0.061408 0.184742
v -0.581324 -0.080000 0.200000
v -0.577734 -0.100663 0.211976
v 0.523916 -0.100000 0.180000
v 0.518561 -0.080283 0.195962
v -0.588245 -0.021559 0.185915
v -0.583984 -0.040000 0.200000
v -0.578679 -0.060496 0.214456
v 0.516938 -0.040685 0.192760
v 0.501439 -0.055561 0.223499
v -0.590308 0.022923 0.187630
v -0.587931 0.000000 0.200000
v -0.579993 -0.019837 0.219946
v 0.516559 -0.000689 0.193686
v 0.495474 -0.023136 0.216806
v -0.593325 0.063176 0.189373
v -0.590508 0.040000 0.200000
v -0.581016 0.019762 0.220772
v 0.518283 0.039721 0.195649
v 0.496643 0.019004 0.213234
v -0.591990 0.082940 0.197060
v -0.582615 0.059207 0.222661
v 0.513400 0.081527 0.194628
v 0.500568 0.058805 0.220213
v -0.603481 0.100000 0.180000
v -0.599990 0.120045 0.199970
v -0.582150 0.098485 0.224968
v 0.502629 0.120000 0.200000
v 0.500401 0.100540 0.220857
v -0.602000 0.159505 0.205757
v 0.482133 0.169174 0.200077
v 0.489860 0.136388 0.216388
v -0.602516 0.201714 0.200945
v 0.474702 0.197061 0.199682
v -0.599730 0.237616 0.199159
v 0.451683 0.251683 0.188317
v 0.465885 0.234056 0.205944
v -0.597205 0.279540 0.194098
v -0.576965 0.259771 0.214764
v 0.438281 0.280062 0.209320
v 0.416387 0.287622 0.183613
v 0.458890 0.256832 0.220214
v -0.596277 0.316277 0.188411
v -0.581210 0.342570 0.185437
v -0.556471 0.316612 0.204849
v -0.580000 0.300000 0.200895
v -0.564499 0.284499 0.212638
v -0.539589 0.298343 0.216280
v 0.397142 0.311594 0.202858
v 0.375470 0.326176 0.201689
v 0.419322 0.301338 0.216481
v -0.556357 0.356357 0.189800
v -0.521874 0.360270 0.196277
v -0.543418 0.378383 0.185374
v -0.533721 0.333721 0.203700
v -0.478197 0.358081 0.203490
v -0.515439 0.324561 0.210644
v -0.500000 0.340000 0.207001
v -0.485485 0.325485 0.214533
v -0.461823 0.335540 0.213738
v -0.445321 0.357523 0.208983
v 0.312861 0.390350 0.197718
v 0.332413 0.370345 0.217551
v -0.520000 0.400000 0.182070
v -0.496148 0.388380 0.191724
v -0.477114 0.397114 0.192779
v -0.498239 0.418872 0.182953
v -0.468730 0.422207 0.192640
v -0.437916 0.397570 0.203999
v -0.460000 0.380000 0.200890
v -0.417083 0.377083 0.213232
v -0.408530 0.402050 0.212716
v -0.480000 0.440000 0.185136
v -0.440798 0.440019 0.198878
v -0.466412 0.457399 0.189074
v -0.420000 0.420000 0.208003
v -0.407047 0.437273 0.210389
v 0.279544 0.439277 0.203816
v 0.256667 0.449386 0.183332
v 0.298052 0.418288 0.230937
v -0.441056 0.477336 0.193539
v -0.458960 0.499070 0.181467
v -0.397153 0.477553 0.204840
v -0.420000 0.460000 0.203254
v -0.380916 0.457160 0.213285
v 0.236156 0.469339 0.203844
v 0.214220 0.485886 0.201953
v 0.259191 0.462022 0.213726
v -0.440000 0.520000 0.181213
v -0.402489 0.515032 0.193062
v -0.419530 0.539539 0.180703
v -0.360412 0.520353 0.199423
v -0.384947 0.537120 0.187591
v -0.380000 0.500000 0.203398
v -0.340850 0.492502 0.212009
v -0.321508 0.516267 0.204998
v -0.299984 0.493393 0.213302
v -0.281214 0.515716 0.205679
v -0.261289 0.496161 0.214306
v -0.244902 0.517239 0.208030
v 0.161817 0.523491 0.192050
v 0.191000 0.511000 0.209000
v -0.320000 0.560000 0.185125
v -0.335428 0.544572 0.190627
v -0.302851 0.547827 0.191716
v -0.280000 0.560000 0.181448
v -0.258471 0.554378 0.185345
v -0.235946 0.555946 0.187973
v -0.200652 0.556859 0.193411
v -0.215605 0.535605 0.206956
v -0.160701 0.556363 0.191260
v -0.180048 0.536942 0.214051
v -0.121685 0.557482 0.195592
v -0.142062 0.545850 0.220908
v -0.093990 0.566237 0.186010
v -0.057008 0.567522 0.188985
v -0.023789 0.569901 0.187309
v 0.023117 0.569904 0.186996
v 0.062694 0.566855 0.188746
v 0.120148 0.560221 0.198201
v 0.083329 0.569880 0.196671
v 0.144069 0.554026 0.215931
v -0.076420 0.569563 0.207215
v -0.045402 0.570124 0.205402
v 0.000000 0.579680 0.200000
v -0.019789 0.580786 0.217121
v 0.040000 0.572269 0.200000
v 0.019328 0.581710 0.214826
v 0.059749 0.580784 0.218036
v 0.101426 0.577759 0.219811
v -0.174902 -0.655457 0.226579
v -0.143275 -0.656869 0.223968
v -0.340262 -0.623650 0.230205
v -0.280799 -0.636904 0.232574
v -0.316016 -0.628106 0.236016
v -0.240712 -0.636756 0.233320
v -0.198138 -0.641726 0.237748
v -0.160193 -0.638754 0.237737
v -0.121288 -0.634974 0.234442
v -0.080000 -0.640000 0.226473
v -0.097860 -0.628942 0.233626
v -0.040000 -0.640000 0.226278
v -0.057549 -0.627681 0.231349
v 0.000000 -0.640000 0.225385
v -0.022686 -0.627521 0.230869
v 0.017264 -0.626167 0.228936
v -0.360200 -0.600776 0.241537
v -0.380000 -0.598181 0.220000
v -0.385865 -0.577389 0.232973
v -0.335988 -0.607050 0.255988
v -0.300659 -0.617675 0.254159
v -0.260359 -0.618029 0.255372
v -0.220418 -0.618202 0.255988
v -0.180343 -0.618072 0.256453
v -0.139591 -0.614499 0.251145
v -0.078735 -0.601184 0.245128
v -0.041292 -0.598893 0.242107
v -0.000492 -0.601437 0.238001
v 0.033598 -0.603297 0.231030
v 0.059146 -0.582786 0.223127
v -0.398738 -0.556462 0.236108
v -0.420008 -0.542238 0.225374
v -0.367965 -0.576584 0.256584
v -0.099310 -0.580587 0.259123
v -0.061397 -0.573624 0.254277
v -0.037806 -0.568691 0.253347
v -0.020000 -0.580000 0.247353
v -0.002768 -0.566973 0.250112
v 0.039800 -0.559838 0.240229
v 0.020000 -0.580000 0.243842
v 0.065812 -0.538280 0.230996
v -0.437083 -0.514895 0.231848
v -0.460590 -0.501726 0.225306
v -0.407697 -0.527697 0.247697
v 0.017438 -0.541058 0.255779
v 0.076683 -0.516683 0.229673
v 0.046177 -0.518012 0.251324
v -0.477907 -0.476847 0.232657
v -0.443658 -0.483658 0.251354
v -0.420411 -0.498356 0.256972
v 0.080522 -0.479222 0.238951
v 0.058606 -0.494229 0.253220
v 0.101038 -0.465127 0.230410
v -0.517787 -0.434556 0.234052
v -0.489885 -0.449885 0.249885
v -0.460072 -0.459307 0.258557
v 0.116220 -0.449403 0.246873
v 0.096309 -0.453683 0.259706
v 0.160202 -0.438509 0.237238
v 0.189683 -0.429684 0.229684
v -0.543487 -0.380412 0.230315
v -0.524156 -0.400436 0.253215
v 0.197961 -0.404339 0.252972
v 0.178448 -0.417566 0.255406
v -0.546829 -0.338287 0.235740
v -0.534549 -0.357106 0.249009
v 0.237487 -0.354296 0.238289
v 0.219100 -0.379480 0.255521
v -0.549377 -0.316650 0.236650
v -0.529716 -0.336003 0.256003
v 0.261025 -0.302891 0.223892
v 0.246738 -0.320872 0.244450
v -0.559013 -0.277153 0.236397
v -0.535113 -0.301087 0.249554
v 0.248834 -0.295286 0.255286
v 0.311316 -0.262901 0.222901
v -0.564211 -0.240479 0.252451
v 0.297802 -0.257176 0.250448
v -0.573504 -0.196392 0.249211
v 0.343807 -0.227070 0.259052
v 0.394097 -0.191382 0.243582
v 0.376122 -0.204114 0.244114
v 0.424519 -0.192131 0.224519
v -0.570935 -0.171416 0.261889
v 0.444768 -0.173918 0.244768
v 0.419701 -0.176606 0.251787
v 0.480984 -0.158166 0.236938
v -0.571952 -0.124087 0.248774
v -0.572826 -0.145367 0.259400
v 0.504697 -0.101325 0.232336
v 0.495483 -0.118447 0.246669
v -0.568108 -0.081792 0.245712
v 0.485410 -0.081398 0.252926
v -0.569814 -0.042441 0.246668
v 0.482469 -0.040753 0.248854
v -0.565888 -0.001438 0.244088
v 0.479416 -0.003346 0.237148
v -0.568516 0.038519 0.245742
v 0.480023 0.039783 0.240060
v -0.573222 0.083737 0.249180
v 0.488837 0.078671 0.245697
v -0.589925 0.137949 0.226256
v -0.580728 0.120000 0.240000
v -0.572194 0.103065 0.256935
v 0.482442 0.120997 0.243894
v -0.583553 0.179056 0.229337
v -0.573093 0.161740 0.248385
v -0.576070 0.138549 0.250903
v 0.480000 0.160000 0.221839
v 0.478168 0.149892 0.239187
v -0.579665 0.222774 0.224131
v -0.563570 0.198874 0.247314
v 0.474780 0.186291 0.226291
v 0.470435 0.216721 0.227604
v 0.468659 0.200000 0.240000
v 0.459905 0.179543 0.259509
v -0.558774 0.236310 0.236753
v -0.540836 0.218022 0.257197
v 0.463575 0.240000 0.240000
v 0.457686 0.219591 0.252201
v -0.540972 0.265740 0.229131
v -0.516498 0.276498 0.230729
v -0.520631 0.245307 0.249916
v -0.469295 0.279797 0.238200
v -0.495928 0.295568 0.226413
v -0.495833 0.255833 0.248046
v -0.460739 0.256850 0.254359
v -0.443834 0.277319 0.245400
v -0.300453 0.259854 0.259328
v 0.441047 0.281499 0.244818
v 0.450635 0.257213 0.257213
v -0.460483 0.312474 0.223591
v -0.440000 0.320000 0.224492
v -0.416437 0.308580 0.232557
v -0.396739 0.316739 0.231835
v -0.400517 0.283909 0.245973
v -0.419927 0.339935 0.220126
v -0.361139 0.319325 0.237600
v -0.386645 0.336659 0.229043
v -0.380000 0.300000 0.240216
v -0.361337 0.284611 0.247105
v -0.320286 0.319206 0.241456
v -0.340000 0.300000 0.244086
v -0.322007 0.285612 0.248426
v -0.300000 0.300000 0.245003
v -0.280415 0.285254 0.247662
v -0.280201 0.316728 0.245494
v -0.256256 0.299233 0.253926
v 0.406965 0.312532 0.243223
v 0.374137 0.332453 0.221630
v 0.418901 0.301512 0.262761
v -0.400000 0.360000 0.221047
v -0.362403 0.355254 0.233189
v -0.376098 0.375939 0.227469
v -0.319150 0.359823 0.242356
v -0.340000 0.340000 0.238315
v -0.300000 0.340000 0.243812
v -0.279890 0.359026 0.242063
v -0.255658 0.339327 0.252953
v 0.355947 0.351677 0.238730
v 0.378155 0.335933 0.259582
v -0.357051 0.397051 0.232831
v -0.378493 0.418848 0.222327
v -0.321437 0.398508 0.236093
v -0.346270 0.417291 0.229423
v -0.340000 0.380000 0.237879
v -0.281273 0.399864 0.237645
v -0.300000 0.380000 0.239254
v -0.254982 0.374982 0.247997
v -0.244672 0.397883 0.247596
v 0.318987 0.397832 0.249144
v 0.337870 0.376356 0.259999
v -0.360000 0.440000 0.222130
v -0.320000 0.440000 0.226819
v -0.301972 0.426811 0.229777
v -0.339551 0.459603 0.221047
v -0.280000 0.440000 0.228231
v -0.264985 0.424985 0.233035
v -0.300440 0.458744 0.221882
v -0.239891 0.437335 0.238569
v -0.255569 0.454598 0.226562
v 0.282409 0.446636 0.239649
v 0.302563 0.426990 0.259787
v -0.236319 0.476319 0.229752
v -0.220961 0.501304 0.224234
v -0.202096 0.482737 0.248195
v -0.220000 0.460000 0.247138
v -0.205870 0.448736 0.273479
v 0.241846 0.477533 0.242159
v 0.215444 0.491779 0.221406
v 0.264286 0.468306 0.259280
v -0.195994 0.515993 0.227829
v -0.164545 0.525932 0.241094
v -0.180841 0.498439 0.256775
v 0.199435 0.518777 0.248072
v 0.174317 0.531372 0.221575
v 0.219029 0.501214 0.256548
v -0.107024 0.557284 0.239463
v -0.141138 0.537546 0.250045
v -0.100000 0.561250 0.220000
v -0.083139 0.564486 0.238693
v -0.064913 0.570273 0.227691
v 0.156936 0.554147 0.239073
v 0.125365 0.576024 0.234635
v 0.179853 0.540295 0.258358
v -0.040000 0.579768 0.240000
v -0.062559 0.576833 0.265052
v -0.003100 0.590364 0.247092
v -0.025502 0.587894 0.259124
v 0.037601 0.591264 0.246233
v 0.078517 0.591087 0.246206
v 0.108142 0.591195 0.264187
v 0.142335 0.575952 0.267846
v -0.320821 -0.597503 0.274084
v -0.349264 -0.589264 0.269264
v -0.280462 -0.597657 0.274880
v -0.240208 -0.599014 0.277677
v -0.200481 -0.596738 0.273422
v -0.163957 -0.596043 0.268742
v -0.143194 -0.586675 0.270309
v -0.360234 -0.561742 0.282387
v -0.380000 -0.557216 0.260000
v -0.384744 -0.538048 0.271546
v -0.338662 -0.574086 0.291302
v -0.300397 -0.578029 0.295774
v -0.260432 -0.577862 0.295471
v -0.220413 -0.577203 0.294333
v -0.161343 -0.565199 0.289720
v -0.184304 -0.575696 0.287418
v -0.120037 -0.560268 0.280574
v -0.084020 -0.555980 0.268645
v -0.062423 -0.545638 0.268515
v -0.019923 -0.540992 0.261616
v -0.396216 -0.518845 0.271291
v -0.365628 -0.536436 0.296436
v -0.081292 -0.524213 0.287754
v -0.103450 -0.536550 0.289192
v -0.038640 -0.521408 0.278404
v -0.004170 -0.515830 0.269480
v 0.018963 -0.504984 0.268613
v -0.400925 -0.483120 0.283656
v -0.424093 -0.464093 0.274990
v -0.380042 -0.500463 0.300355
v -0.059968 -0.499110 0.297603
v -0.000902 -0.483855 0.287365
v -0.024321 -0.495679 0.287201
v 0.040234 -0.480700 0.283576
v 0.074496 -0.463023 0.274496
v -0.478432 -0.434043 0.270635
v -0.500587 -0.422054 0.266238
v -0.440780 -0.440647 0.283350
v -0.406903 -0.456296 0.296296
v 0.060151 -0.458427 0.296213
v 0.120453 -0.437942 0.273505
v 0.084309 -0.444309 0.295022
v 0.143953 -0.431780 0.263953
v -0.509492 -0.397255 0.277255
v -0.484061 -0.404061 0.294576
v -0.460260 -0.417931 0.296771
v 0.158599 -0.404619 0.289996
v 0.136502 -0.416502 0.286630
v 0.196099 -0.393836 0.279936
v -0.526440 -0.380000 0.260000
v -0.519313 -0.359981 0.278397
v -0.499904 -0.379693 0.299733
v 0.234130 -0.345432 0.265432
v 0.224544 -0.353819 0.294539
v 0.206995 -0.376850 0.296850
v -0.517418 -0.320639 0.274156
v 0.239279 -0.316322 0.274216
v -0.520002 -0.280012 0.280014
v -0.541299 -0.262859 0.267083
v 0.244798 -0.283084 0.278357
v 0.262704 -0.269840 0.262704
v -0.549608 -0.236650 0.276650
v -0.525713 -0.250010 0.313300
v 0.285919 -0.255144 0.285919
v 0.261186 -0.261924 0.305416
v 0.318616 -0.241728 0.282394
v -0.565161 -0.220000 0.260000
v -0.559759 -0.199249 0.279038
v -0.541313 -0.223604 0.306417
v 0.358693 -0.201554 0.281870
v 0.338526 -0.218275 0.295993
v 0.380000 -0.190869 0.260000
v 0.385608 -0.177725 0.268561
v -0.566763 -0.161196 0.284698
v 0.398357 -0.156708 0.276067
v 0.365270 -0.161275 0.288489
v 0.440000 -0.160000 0.260534
v 0.425208 -0.145208 0.273571
v 0.459510 -0.142163 0.263942
v -0.566759 -0.123334 0.275350
v 0.375260 -0.135260 0.288591
v 0.393849 -0.116151 0.288102
v 0.441155 -0.121077 0.278395
v 0.473541 -0.100908 0.265117
v -0.565095 -0.100000 0.260000
v -0.559862 -0.081088 0.278627
v 0.380268 -0.098199 0.296615
v 0.415669 -0.095669 0.288973
v 0.438619 -0.083935 0.287614
v 0.466881 -0.049156 0.277548
v -0.564901 -0.060000 0.260000
v -0.558906 -0.040319 0.276078
v 0.470677 -0.023196 0.267576
v 0.452585 -0.052585 0.292585
v -0.563286 -0.020000 0.260000
v -0.559026 -0.000299 0.274492
v 0.467989 0.018153 0.265608
v 0.464141 0.000000 0.280000
v 0.458345 -0.020363 0.294483
v -0.562548 0.020000 0.260000
v -0.558832 0.039656 0.275427
v 0.473821 0.054811 0.265189
v 0.463332 0.040000 0.280000
v 0.458087 0.019643 0.292353
v -0.566140 0.060000 0.260000
v -0.560047 0.079850 0.280187
v 0.476626 0.079219 0.270235
v 0.457624 0.059464 0.293735
v -0.559049 0.119460 0.278685
v 0.476062 0.105378 0.265378
v 0.463965 0.138820 0.269988
v 0.455407 0.100971 0.291543
v -0.554233 0.158554 0.270876
v -0.546113 0.178016 0.270602
v -0.537080 0.137080 0.290994
v -0.527163 0.156163 0.290116
v 0.443919 0.158902 0.289323
v -0.520633 0.197031 0.275461
v -0.503370 0.173634 0.290999
v -0.484363 0.197601 0.287017
v -0.460906 0.180730 0.298819
v 0.439188 0.197037 0.277106
v 0.419214 0.182051 0.302058
v -0.500605 0.225049 0.269253
v -0.475848 0.235848 0.267720
v -0.440720 0.236882 0.274296
v -0.460000 0.220000 0.282308
v -0.436341 0.208735 0.293166
v -0.400209 0.239041 0.278337
v -0.415722 0.255220 0.265699
v -0.416821 0.216821 0.291252
v -0.360416 0.241445 0.277878
v -0.385364 0.255238 0.266235
v -0.379388 0.218849 0.298729
v -0.319158 0.241747 0.278891
v 0.436210 0.239571 0.272698
v 0.413478 0.217944 0.290912
v 0.404831 0.239685 0.295088
v -0.340216 0.261170 0.262168
v -0.259194 0.261912 0.264773
v -0.275948 0.248338 0.286330
v -0.239633 0.279216 0.278172
v -0.257371 0.254507 0.299557
v 0.425300 0.265300 0.275321
v 0.405605 0.278872 0.293228
v -0.236753 0.318786 0.272316
v 0.398026 0.313898 0.279899
v -0.233632 0.362362 0.270898
v -0.222330 0.339087 0.303409
v 0.359983 0.359982 0.281881
v 0.378034 0.333785 0.299878
v -0.220566 0.421704 0.263756
v -0.221080 0.400000 0.280000
v -0.219632 0.376795 0.297751
v 0.321999 0.405630 0.279731
v 0.340685 0.381754 0.291446
v -0.202688 0.404785 0.321392
v 0.286046 0.453777 0.281605
v 0.303843 0.430520 0.299197
v -0.187705 0.476134 0.276134
v -0.181177 0.462177 0.305380
v 0.244393 0.488478 0.279450
v 0.264780 0.469692 0.298957
v -0.156863 0.512804 0.277800
v -0.163755 0.495187 0.295187
v 0.201561 0.523321 0.279780
v 0.223173 0.506209 0.299484
v -0.084798 0.566486 0.279804
v -0.105633 0.550194 0.299700
v 0.160293 0.560625 0.276533
v 0.181330 0.542740 0.299760
v -0.044306 0.589519 0.288007
v -0.062737 0.584857 0.299578
v -0.002736 0.593515 0.275617
v 0.040071 0.600862 0.276432
v 0.020000 0.594482 0.260000
v 0.079950 0.599758 0.281555
v 0.060000 0.596940 0.260000
v 0.117097 0.592945 0.282903
v 0.136504 0.584206 0.299040
v -0.327340 -0.550797 0.311895
v -0.280479 -0.557396 0.314494
v -0.240531 -0.557128 0.314445
v -0.201671 -0.553862 0.311129
v -0.181841 -0.546298 0.311767
v -0.140050 -0.540511 0.301198
v -0.355432 -0.521552 0.312333
v -0.316219 -0.527226 0.330173
v -0.296978 -0.536978 0.331270
v -0.263316 -0.536684 0.330153
v -0.237520 -0.528755 0.333296
v -0.220000 -0.540000 0.324289
v -0.202983 -0.526819 0.330569
v -0.159574 -0.520803 0.323988
v -0.119018 -0.515381 0.312461
v -0.360285 -0.483414 0.325401
v -0.384081 -0.464081 0.313785
v -0.326412 -0.501416 0.336407
v -0.142125 -0.499044 0.337736
v -0.080206 -0.483035 0.326431
v -0.104157 -0.486096 0.335843
v -0.038898 -0.475821 0.312599
v 0.019457 -0.462560 0.307227
v -0.400319 -0.438945 0.317758
v -0.421763 -0.426690 0.310425
v -0.371450 -0.451450 0.331450
v -0.060035 -0.459781 0.339066
v -0.018353 -0.450125 0.335830
v 0.039336 -0.443972 0.330024
v 0.076593 -0.425142 0.316593
v 0.099271 -0.422720 0.305800
v -0.440739 -0.401037 0.323546
v -0.472544 -0.392544 0.312544
v -0.410760 -0.410760 0.330760
v 0.060786 -0.418137 0.335869
v 0.117628 -0.397628 0.312126
v 0.093523 -0.398153 0.324924
v 0.138255 -0.385708 0.309298
v 0.178917 -0.384546 0.310023
v -0.480357 -0.363253 0.326981
v -0.503048 -0.340662 0.309047
v -0.456993 -0.375076 0.334204
v 0.118329 -0.365232 0.329899
v 0.098118 -0.376064 0.335066
v 0.159415 -0.363779 0.326603
v 0.195420 -0.356262 0.325490
v -0.503753 -0.300282 0.311212
v -0.486351 -0.318352 0.335473
v 0.140085 -0.340077 0.339879
v 0.177039 -0.341882 0.335767
v 0.224356 -0.337834 0.310792
v 0.234510 -0.305994 0.305994
v 0.216590 -0.325517 0.325517
v -0.510439 -0.276872 0.316872
v -0.489007 -0.296435 0.336435
v 0.237236 -0.283398 0.323919
v 0.219657 -0.298637 0.338941
v -0.497742 -0.264254 0.345772
v 0.279751 -0.240716 0.321186
v 0.252762 -0.252762 0.332762
v 0.300000 -0.243955 0.300000
v 0.312373 -0.232373 0.312373
v -0.556235 -0.186416 0.306416
v -0.547311 -0.200000 0.320000
v -0.531129 -0.217131 0.337131
v 0.316609 -0.197626 0.324070
v 0.300000 -0.220000 0.327266
v 0.286726 -0.206726 0.336213
v 0.342417 -0.180390 0.305186
v -0.559059 -0.160492 0.317239
v -0.540908 -0.183184 0.343296
v 0.299518 -0.177785 0.336253
v 0.343746 -0.140445 0.308971
v 0.323313 -0.160353 0.326783
v -0.565435 -0.140000 0.300000
v -0.558514 -0.120325 0.312380
v 0.353433 -0.117719 0.308438
v 0.331607 -0.131607 0.331607
v -0.557734 -0.100000 0.300000
v -0.551382 -0.085291 0.324717
v -0.552415 -0.057534 0.308928
v 0.361711 -0.083136 0.326267
v 0.338862 -0.101946 0.342653
v 0.395935 -0.075935 0.307871
v 0.419425 -0.062616 0.304945
v -0.551764 -0.016997 0.308495
v -0.549373 -0.037404 0.328142
v 0.398996 -0.043044 0.324974
v 0.376861 -0.056861 0.330684
v 0.436502 -0.036502 0.309158
v -0.551222 0.022133 0.307912
v -0.549654 0.002998 0.328106
v 0.380785 -0.020451 0.338995
v 0.438380 -0.000321 0.316786
v 0.420000 -0.020000 0.324465
v 0.408468 0.003112 0.332307
v -0.544000 0.058705 0.313022
v -0.543452 0.036397 0.333144
v 0.438753 0.039831 0.317399
v 0.420000 0.020000 0.327097
v 0.408427 0.042734 0.332660
v -0.540183 0.101239 0.302265
v -0.520778 0.081337 0.325712
v -0.532879 0.055549 0.339443
v 0.435580 0.079415 0.311746
v 0.420000 0.060000 0.325217
v 0.407680 0.082378 0.331931
v -0.516332 0.116332 0.309346
v -0.501602 0.142130 0.305841
v -0.480831 0.120555 0.322527
v -0.498672 0.095426 0.332176
v 0.425291 0.105291 0.315877
v 0.425821 0.138704 0.312715
v 0.405742 0.118788 0.333607
v -0.475196 0.155196 0.307002
v -0.439747 0.157069 0.316003
v -0.420103 0.140257 0.340278
v 0.403855 0.158955 0.328198
v -0.418104 0.185881 0.310153
v -0.397254 0.197254 0.311774
v -0.403511 0.174599 0.323511
v -0.360812 0.200770 0.322936
v -0.380130 0.179508 0.338508
v 0.398216 0.195129 0.317357
v -0.340072 0.220822 0.302825
v -0.303784 0.230541 0.303784
v -0.325405 0.214874 0.325405
v -0.280727 0.237964 0.311748
v -0.300362 0.218494 0.334775
v 0.386546 0.235516 0.315516
v 0.386543 0.261361 0.315069
v 0.376509 0.219538 0.331384
v -0.237708 0.275616 0.318667
v -0.255163 0.249318 0.339476
v 0.377727 0.290273 0.324087
v 0.368999 0.257684 0.333334
v -0.228354 0.303333 0.303333
v -0.220729 0.320000 0.320000
v -0.219953 0.299919 0.339731
v 0.365828 0.318557 0.332543
v -0.210108 0.341490 0.335842
v 0.359500 0.360625 0.320978
v 0.323423 0.408242 0.319333
v 0.339074 0.377360 0.330018
v -0.191573 0.434232 0.321536
v 0.263006 0.455401 0.335170
v 0.300502 0.418865 0.335546
v -0.160863 0.481478 0.323670
v -0.172459 0.453105 0.338543
v 0.246407 0.475057 0.328706
v -0.143748 0.512268 0.303748
v -0.123921 0.528393 0.318888
v -0.140461 0.499422 0.338902
v 0.202636 0.525405 0.319524
v 0.218370 0.502670 0.345015
v -0.083755 0.567581 0.319142
v -0.106244 0.535512 0.348920
v 0.142950 0.576095 0.333905
v 0.178936 0.541614 0.343660
v -0.040814 0.598807 0.319410
v -0.059923 0.582355 0.347689
v -0.000212 0.599600 0.323159
v -0.020000 0.597625 0.300000
v 0.020000 0.600421 0.300000
v 0.036787 0.605786 0.319808
v 0.078696 0.602175 0.327899
v 0.053160 0.605714 0.306840
v 0.115827 0.594030 0.319361
v 0.100000 0.599572 0.300000
v -0.280000 -0.520000 0.340174
v -0.300881 -0.500718 0.344773
v -0.265875 -0.496879 0.348776
v -0.226225 -0.495896 0.348914
v -0.180366 -0.501580 0.343162
v -0.320000 -0.480000 0.347041
v -0.340713 -0.462821 0.344506
v -0.281657 -0.475792 0.354108
v -0.306040 -0.466040 0.354726
v -0.243690 -0.481835 0.354760
v -0.199256 -0.479016 0.361968
v -0.160237 -0.478784 0.361962
v -0.120126 -0.477986 0.355196
v -0.096104 -0.463896 0.355348
v -0.356142 -0.436142 0.348279
v -0.380614 -0.421587 0.344397
v -0.319021 -0.439405 0.362823
v -0.276121 -0.435076 0.367877
v -0.260000 -0.460000 0.360443
v -0.240558 -0.444818 0.367085
v -0.216500 -0.456500 0.370451
v -0.180385 -0.458168 0.377047
v -0.140067 -0.459641 0.379261
v -0.081530 -0.444416 0.370801
v -0.103188 -0.449220 0.376812
v -0.042013 -0.442170 0.358501
v -0.000969 -0.433618 0.355979
v 0.025003 -0.436014 0.345003
v -0.397145 -0.394778 0.352889
v -0.425545 -0.376464 0.349306
v -0.360459 -0.405175 0.369344
v -0.336339 -0.416339 0.368956
v -0.300597 -0.417689 0.375898
v -0.256652 -0.422601 0.374736
v -0.021754 -0.417943 0.379319
v 0.038613 -0.404423 0.368766
v 0.018682 -0.414833 0.371938
v 0.071067 -0.391067 0.351067
v -0.440772 -0.355995 0.353999
v -0.464485 -0.340340 0.348551
v -0.415053 -0.343369 0.373619
v -0.380107 -0.379625 0.379316
v 0.085880 -0.369225 0.361494
v 0.060381 -0.378746 0.376663
v 0.116241 -0.346611 0.356241
v -0.465529 -0.316098 0.356098
v -0.427669 -0.327457 0.375710
v 0.082173 -0.354541 0.394748
v 0.160643 -0.316928 0.355133
v 0.128077 -0.328077 0.368077
v 0.200000 -0.320000 0.341046
v 0.184586 -0.304586 0.353284
v -0.479317 -0.278535 0.357431
v -0.456347 -0.301273 0.373251
v 0.198661 -0.278130 0.356881
v 0.169421 -0.289421 0.369421
v 0.216114 -0.265644 0.349061
v -0.520000 -0.240000 0.334626
v -0.507664 -0.236423 0.356423
v -0.489140 -0.249140 0.369140
v 0.234453 -0.238302 0.351297
v 0.210101 -0.250100 0.370100
v 0.259628 -0.221353 0.341822
v -0.521152 -0.203145 0.362698
v -0.501022 -0.218292 0.377581
v 0.239231 -0.200842 0.360904
v 0.219842 -0.219573 0.379294
v 0.267295 -0.175557 0.350873
v -0.547085 -0.141471 0.344701
v -0.534906 -0.165487 0.365487
v 0.281225 -0.156241 0.354197
v 0.250926 -0.170926 0.370926
v 0.306048 -0.137279 0.351248
v -0.543298 -0.100732 0.353670
v -0.541382 -0.120000 0.360000
v -0.537292 -0.140720 0.370099
v 0.318112 -0.116251 0.357639
v 0.291041 -0.131041 0.371041
v -0.547195 -0.061615 0.345133
v -0.542738 -0.080000 0.360000
v -0.534971 -0.101192 0.376715
v 0.353555 -0.047386 0.349427
v 0.326114 -0.078038 0.373296
v -0.547836 -0.021685 0.345680
v -0.544926 -0.040000 0.360000
v -0.540042 -0.060262 0.380122
v 0.334229 -0.058250 0.369625
v -0.546690 0.017700 0.344850
v -0.546184 0.000000 0.360000
v -0.540239 -0.017906 0.380658
v 0.355785 -0.000799 0.353151
v 0.334915 -0.020853 0.369433
v 0.376441 0.018739 0.344574
v -0.525326 0.049549 0.361621
v -0.538402 0.019565 0.373782
v 0.356061 0.039093 0.354237
v 0.340000 0.020000 0.362133
v 0.335027 0.056566 0.373363
v 0.322472 0.007505 0.378748
v 0.377000 0.054863 0.347698
v -0.510693 0.070693 0.350693
v -0.480149 0.079994 0.360351
v -0.500471 0.058877 0.377689
v 0.354724 0.084211 0.365835
v 0.386061 0.101626 0.351099
v -0.460806 0.101505 0.344456
v -0.437595 0.115953 0.351106
v -0.445039 0.094400 0.381927
v 0.339903 0.101552 0.378847
v 0.385885 0.138436 0.352148
v 0.365174 0.119299 0.368640
v -0.395723 0.157474 0.351292
v -0.403560 0.135250 0.363560
v 0.378464 0.183524 0.344738
v 0.358369 0.163083 0.363548
v -0.345606 0.196651 0.345606
v -0.364562 0.174762 0.364562
v -0.320231 0.199156 0.357539
v -0.338295 0.182066 0.380150
v 0.357390 0.199593 0.354456
v 0.339000 0.175225 0.377315
v -0.264041 0.233290 0.361966
v -0.292098 0.207827 0.383514
v 0.355640 0.239291 0.350134
v 0.337042 0.217042 0.371051
v 0.328629 0.242172 0.373055
v -0.225763 0.275001 0.355001
v -0.243603 0.252056 0.363603
v -0.223313 0.268592 0.379035
v 0.357016 0.289267 0.344503
v 0.337153 0.268472 0.365007
v -0.200742 0.322264 0.362005
v -0.205290 0.295655 0.375655
v 0.344409 0.338932 0.350443
v 0.326346 0.321238 0.374905
v 0.317045 0.288352 0.384575
v -0.191274 0.357028 0.357028
v -0.193195 0.375985 0.348714
v -0.180106 0.340290 0.380209
v 0.323854 0.358880 0.369242
v -0.183214 0.419082 0.348274
v -0.175034 0.380633 0.369572
v 0.320000 0.400000 0.342070
v 0.315772 0.389542 0.358838
v 0.299718 0.381098 0.381467
v -0.160600 0.441484 0.361223
v 0.274935 0.431894 0.358656
v 0.259602 0.421669 0.382406
v 0.290544 0.410544 0.370544
v -0.148370 0.476306 0.356306
v -0.140698 0.461823 0.382046
v 0.234803 0.470921 0.358631
v 0.220120 0.459614 0.379237
v 0.244529 0.444529 0.375951
v -0.119122 0.517878 0.353980
v -0.124923 0.495669 0.375669
v 0.198513 0.516582 0.351783
v 0.204319 0.484319 0.375380
v -0.080604 0.559087 0.357217
v -0.089091 0.537159 0.377159
v 0.156746 0.553752 0.360469
v 0.170715 0.530715 0.370715
v -0.035639 0.593516 0.359788
v -0.057227 0.569588 0.377227
v 0.000471 0.601944 0.364315
v -0.020000 0.601870 0.340000
v 0.020000 0.604434 0.340000
v 0.038932 0.602017 0.364380
v 0.075909 0.593936 0.359924
v 0.095578 0.592183 0.348639
v 0.060000 0.605093 0.340000
v 0.124698 0.574314 0.364698
v 0.098419 0.577902 0.372745
v -0.194926 -0.434926 0.386312
v -0.221981 -0.420009 0.383510
v -0.160731 -0.437649 0.395537
v -0.120274 -0.438106 0.395604
v -0.084422 -0.427030 0.395578
v -0.061063 -0.423392 0.387992
v -0.319195 -0.397242 0.395158
v -0.337482 -0.386282 0.393086
v -0.280422 -0.399348 0.399354
v -0.239622 -0.398963 0.398170
v -0.200004 -0.402542 0.405878
v -0.178269 -0.414383 0.409894
v -0.138766 -0.422759 0.420182
v -0.100269 -0.419218 0.418169
v -0.040146 -0.400801 0.401938
v -0.064689 -0.403594 0.415311
v -0.003443 -0.396557 0.390259
v 0.016513 -0.387603 0.391367
v -0.360544 -0.361323 0.404663
v -0.390519 -0.350519 0.390519
v -0.336441 -0.367011 0.416441
v -0.301182 -0.381539 0.421354
v -0.261464 -0.382637 0.417920
v -0.000848 -0.363068 0.405292
v -0.021473 -0.374069 0.410855
v 0.040553 -0.361537 0.404176
v -0.400197 -0.319374 0.398892
v -0.423970 -0.303970 0.392122
v -0.374249 -0.338503 0.411283
v 0.119121 -0.321575 0.402990
v 0.094306 -0.330656 0.422120
v 0.140000 -0.312841 0.380000
v 0.145689 -0.297499 0.392124
v -0.440777 -0.277843 0.396724
v -0.463927 -0.265812 0.384944
v -0.403992 -0.283992 0.411918
v -0.380015 -0.300028 0.419992
v 0.158651 -0.277147 0.394685
v 0.136210 -0.284596 0.416210
v 0.178264 -0.264294 0.389741
v -0.473936 -0.238681 0.391390
v -0.450702 -0.227443 0.411778
v -0.420723 -0.257823 0.416352
v 0.199251 -0.239623 0.397645
v 0.176420 -0.246658 0.416420
v -0.480105 -0.202022 0.403282
v -0.513886 -0.184048 0.384048
v 0.232853 -0.183695 0.383695
v 0.215165 -0.205521 0.405521
v -0.516889 -0.161000 0.393376
v -0.494901 -0.174901 0.403992
v 0.241149 -0.162324 0.406177
v 0.220611 -0.181701 0.422713
v 0.261973 -0.143507 0.388953
v -0.520014 -0.120060 0.400018
v -0.496324 -0.141023 0.413667
v 0.278862 -0.118036 0.396944
v 0.251830 -0.137379 0.417379
v 0.297563 -0.103885 0.386008
v -0.522627 -0.081976 0.401232
v 0.307541 -0.057140 0.392068
v 0.284025 -0.080534 0.408300
v -0.523816 -0.040788 0.408467
v 0.320000 -0.040000 0.382996
v 0.308426 -0.016980 0.393103
v 0.284361 -0.040825 0.407603
v -0.521449 0.003751 0.406479
v 0.260899 -0.020830 0.417957
v 0.307860 0.022282 0.392295
v 0.284530 -0.000833 0.406567
v -0.509381 0.032549 0.404932
v -0.520000 0.040000 0.383094
v 0.262588 0.018040 0.415934
v 0.308410 0.063189 0.392886
v 0.283578 0.039312 0.405934
v -0.464331 0.076098 0.396098
v -0.484927 0.055822 0.404927
v -0.446979 0.072286 0.431309
v 0.261385 0.058893 0.418085
v 0.316149 0.083851 0.390110
v 0.284417 0.079311 0.406829
v -0.422872 0.109888 0.382872
v -0.442812 0.088440 0.402812
v -0.399640 0.121878 0.405783
v -0.420108 0.100298 0.422073
v 0.261147 0.098970 0.418243
v 0.315277 0.118290 0.393051
v 0.294054 0.118951 0.404285
v 0.300000 0.100000 0.400484
v 0.335859 0.138535 0.385261
v -0.384322 0.147901 0.381345
v -0.360391 0.160630 0.403926
v -0.379082 0.138243 0.413362
v 0.262021 0.136557 0.414602
v 0.275084 0.158873 0.405943
v 0.317169 0.157169 0.392826
v 0.307462 0.175960 0.390438
v 0.300000 0.140000 0.400111
v -0.304235 0.194002 0.401993
v -0.327218 0.175921 0.419834
v 0.258627 0.179623 0.417279
v 0.276315 0.195616 0.405303
v 0.320000 0.200000 0.380466
v 0.304590 0.219267 0.386990
v -0.265050 0.227318 0.381323
v -0.283318 0.209577 0.403318
v -0.240494 0.240114 0.402721
v -0.260370 0.219229 0.416930
v 0.314096 0.261465 0.385698
v 0.283411 0.239492 0.406734
v -0.201000 0.281675 0.404480
v -0.217527 0.253578 0.417459
v 0.293560 0.279126 0.405666
v -0.183134 0.314319 0.394319
v -0.180234 0.300392 0.421429
v 0.305683 0.305683 0.396337
v 0.306373 0.338519 0.393464
v 0.293912 0.318744 0.405721
v -0.160407 0.361260 0.401028
v -0.168008 0.328007 0.408007
v 0.284023 0.358983 0.407464
v -0.150669 0.396827 0.396827
v -0.152310 0.416323 0.387765
v -0.139948 0.380304 0.420343
v 0.278355 0.392869 0.390781
v 0.239412 0.402620 0.406091
v 0.259112 0.376860 0.415392
v -0.134950 0.420753 0.409428
v 0.233168 0.433168 0.393168
v 0.205000 0.438252 0.409112
v 0.217717 0.414932 0.413429
v -0.120018 0.480310 0.400490
v 0.196606 0.464485 0.396606
v 0.178937 0.502707 0.386103
v 0.166445 0.481693 0.409914
v 0.180105 0.459788 0.419641
v -0.103905 0.515404 0.383905
v -0.080443 0.520983 0.401551
v -0.100000 0.500000 0.402611
v -0.096834 0.485829 0.416834
v 0.158596 0.514028 0.391980
v 0.139319 0.542393 0.385456
v 0.120779 0.524388 0.405251
v 0.137997 0.496593 0.413413
v -0.064340 0.544339 0.394434
v -0.040079 0.559346 0.398612
v -0.045341 0.525341 0.416054
v -0.018849 0.539285 0.415682
v 0.019427 0.540449 0.417951
v 0.058349 0.539868 0.416761
v 0.079672 0.559699 0.400367
v 0.116301 0.556301 0.387375
v 0.095836 0.535835 0.407941
v -0.022125 0.583311 0.387841
v 0.021266 0.586027 0.392087
v -0.000610 0.563974 0.406260
v 0.058645 0.584259 0.388561
v 0.039258 0.563744 0.406146
v -0.220124 -0.381636 0.424118
v -0.160678 -0.401361 0.442405
v -0.195264 -0.383817 0.435264
v -0.119698 -0.402420 0.446550
v -0.082717 -0.395936 0.436961
v -0.053428 -0.381630 0.430450
v -0.319730 -0.359428 0.437296
v -0.343996 -0.343996 0.433686
v -0.280458 -0.362006 0.444319
v -0.240129 -0.361066 0.442358
v -0.203751 -0.363751 0.453555
v -0.179928 -0.379521 0.457472
v -0.040025 -0.360143 0.440295
v -0.063740 -0.367248 0.456260
v -0.005465 -0.345226 0.434534
v 0.018331 -0.349121 0.425752
v 0.058963 -0.343481 0.430530
v -0.358857 -0.316218 0.436423
v -0.325649 -0.325649 0.456094
v -0.299572 -0.339765 0.459352
v -0.019324 -0.338368 0.455585
v 0.040000 -0.343472 0.440000
v 0.018959 -0.337609 0.452040
v 0.078937 -0.323203 0.448866
v 0.056708 -0.330470 0.456708
v 0.115433 -0.304504 0.424504
v -0.384039 -0.264039 0.434451
v -0.362620 -0.280077 0.445277
v -0.340892 -0.298136 0.457670
v 0.121259 -0.282320 0.444275
v 0.100766 -0.298895 0.457436
v 0.151719 -0.262790 0.422790
v -0.400029 -0.240052 0.440011
v -0.434875 -0.203355 0.433132
v -0.364472 -0.256305 0.456305
v 0.158196 -0.243600 0.447269
v 0.138856 -0.257488 0.453327
v 0.192565 -0.223785 0.423785
v -0.458306 -0.185002 0.427575
v -0.404402 -0.204402 0.453336
v 0.199948 -0.200103 0.440156
v 0.180000 -0.220000 0.443942
v 0.175095 -0.208095 0.462277
v -0.475073 -0.155073 0.425182
v -0.441539 -0.164747 0.445190
v -0.420973 -0.177719 0.456872
v 0.229282 -0.156980 0.436980
v 0.202925 -0.174792 0.454792
v -0.477726 -0.120717 0.435957
v -0.499567 -0.102665 0.423635
v -0.455283 -0.135283 0.445435
v 0.240361 -0.118837 0.438013
v 0.219541 -0.138291 0.458439
v 0.261230 -0.103973 0.424173
v -0.479710 -0.083831 0.444110
v -0.502092 -0.060365 0.424183
v -0.457607 -0.100674 0.455908
v 0.241826 -0.081311 0.437714
v 0.256782 -0.055703 0.426844
v -0.503756 -0.020605 0.427860
v -0.482098 -0.040350 0.444409
v 0.237519 -0.040733 0.435774
v -0.497666 0.023867 0.427460
v -0.482825 -0.000568 0.445835
v 0.238284 -0.000546 0.436307
v -0.476474 0.035122 0.439375
v 0.239158 0.039618 0.438610
v -0.444621 0.055588 0.455588
v 0.237004 0.079502 0.433549
v 0.219723 0.058268 0.458853
v -0.396626 0.113060 0.439774
v -0.395688 0.087497 0.486604
v 0.235896 0.119190 0.431822
v 0.217080 0.099472 0.451699
v -0.353951 0.149202 0.441943
v -0.370355 0.130355 0.450356
v 0.235954 0.158862 0.430951
v 0.216513 0.139027 0.450242
v -0.302829 0.188801 0.422829
v -0.323050 0.169266 0.443050
v -0.280584 0.198918 0.436547
v -0.300610 0.178832 0.455570
v 0.239312 0.199835 0.438512
v 0.218843 0.180003 0.457568
v 0.254481 0.222441 0.426122
v -0.235385 0.230839 0.439514
v -0.254614 0.210784 0.459354
v 0.240014 0.240584 0.438324
v 0.219672 0.219921 0.459505
v 0.264093 0.259504 0.427567
v -0.196412 0.270689 0.439371
v -0.205628 0.250077 0.472672
v 0.238836 0.279941 0.441325
v 0.218914 0.259722 0.458553
v 0.265047 0.298975 0.428746
v -0.161188 0.322176 0.448260
v -0.176732 0.291856 0.459514
v 0.217964 0.299047 0.456749
v 0.237597 0.319329 0.442846
v 0.263303 0.339215 0.425701
v -0.152832 0.344285 0.424284
v -0.131789 0.363869 0.443869
v -0.141243 0.341965 0.467009
v 0.241858 0.357508 0.436312
v 0.217863 0.339741 0.455594
v -0.119048 0.397252 0.436641
v 0.223565 0.383565 0.432307
v 0.199458 0.401491 0.442255
v 0.211388 0.371388 0.451388
v -0.111587 0.431587 0.431587
v -0.103884 0.458783 0.427562
v -0.084920 0.438333 0.449434
v -0.094626 0.418572 0.451793
v 0.190369 0.430369 0.430369
v 0.159715 0.445152 0.447461
v 0.177601 0.414533 0.455000
v -0.081423 0.475954 0.434093
v -0.061654 0.500911 0.425596
v -0.042151 0.480452 0.445472
v -0.060425 0.457603 0.456015
v 0.120289 0.478692 0.437263
v 0.149463 0.469463 0.429463
v 0.133216 0.450595 0.464512
v 0.140000 0.460000 0.446287
v -0.030007 0.510007 0.430007
v -0.000136 0.514590 0.431911
v 0.039343 0.516322 0.433836
v 0.019934 0.464970 0.468940
v 0.020000 0.500000 0.443106
v 0.042653 0.487730 0.452250
v 0.080000 0.520000 0.424310
v 0.070624 0.504415 0.438157
v 0.098602 0.504545 0.428987
v -0.140784 -0.384134 0.468791
v -0.100321 -0.382154 0.465267
v -0.259991 -0.338734 0.462146
v -0.220113 -0.342734 0.465570
v -0.160974 -0.361088 0.479946
v -0.196240 -0.345021 0.476240
v -0.120621 -0.363186 0.487230
v -0.080065 -0.360429 0.480941
v -0.051153 -0.348847 0.468847
v -0.280942 -0.316753 0.475185
v -0.304534 -0.304534 0.473031
v -0.239798 -0.319515 0.478180
v -0.186241 -0.332844 0.493923
v -0.035834 -0.331710 0.484166
v -0.062176 -0.336472 0.495420
v -0.000832 -0.323253 0.492278
v 0.038305 -0.322320 0.482115
v 0.059431 -0.303158 0.507364
v -0.320959 -0.277257 0.475567
v -0.350452 -0.247507 0.471192
v -0.267365 -0.290633 0.492112
v -0.220746 -0.300931 0.499965
v 0.116014 -0.264548 0.476014
v 0.095893 -0.284807 0.484807
v -0.380182 -0.222111 0.464148
v -0.323499 -0.243499 0.491322
v -0.300245 -0.259205 0.498476
v 0.106188 -0.256321 0.509237
v 0.152115 -0.232115 0.472115
v 0.132077 -0.243178 0.483178
v -0.367913 -0.195774 0.490326
v -0.389541 -0.189541 0.469541
v -0.340615 -0.218505 0.496933
v 0.161487 -0.202778 0.487117
v 0.138874 -0.222036 0.503640
v 0.186536 -0.186536 0.466536
v -0.399975 -0.161871 0.484666
v -0.424829 -0.140456 0.471133
v -0.378409 -0.176227 0.493877
v 0.199143 -0.157816 0.476662
v 0.176773 -0.179026 0.491573
v -0.433988 -0.118055 0.469857
v -0.393613 -0.122500 0.511630
v 0.222994 -0.100603 0.468074
v 0.203559 -0.120504 0.488898
v -0.437353 -0.080678 0.474681
v -0.459073 -0.059861 0.461261
v -0.417157 -0.100775 0.493451
v 0.222662 -0.060639 0.468979
v 0.211743 -0.076855 0.487826
v -0.441369 -0.036463 0.476713
v -0.462218 -0.020385 0.464513
v -0.418464 -0.060335 0.496346
v 0.222614 -0.020517 0.472875
v 0.219859 -0.040000 0.480000
v 0.209611 -0.052225 0.504570
v -0.459467 0.021700 0.463547
v -0.441687 -0.000312 0.483312
v -0.422510 -0.017218 0.496440
v 0.222312 0.019469 0.469275
v 0.222218 0.000000 0.480000
v 0.215563 -0.021706 0.498859
v -0.439224 0.035438 0.476991
v -0.422654 0.016902 0.496205
v 0.212605 0.035792 0.488659
v 0.213632 0.015372 0.499862
v -0.423709 0.074126 0.463709
v -0.414453 0.058303 0.489301
v 0.202892 0.081610 0.483676
v -0.384383 0.113922 0.464383
v -0.361362 0.121262 0.485849
v -0.378951 0.097221 0.495905
v 0.199991 0.120116 0.479900
v -0.344582 0.146521 0.461252
v -0.320609 0.158953 0.476705
v -0.341389 0.137945 0.494880
v 0.201646 0.160197 0.479930
v -0.275769 0.192440 0.479437
v -0.296291 0.172513 0.499572
v 0.202888 0.199533 0.489117
v -0.223706 0.232328 0.463706
v -0.244194 0.212527 0.484194
v -0.219694 0.221553 0.504362
v 0.202300 0.239454 0.487170
v -0.185697 0.270200 0.492738
v 0.201830 0.279566 0.485278
v -0.157201 0.313206 0.479754
v -0.165188 0.287622 0.513737
v 0.199160 0.315125 0.476951
v -0.120789 0.358873 0.477401
v -0.135954 0.330599 0.499867
v 0.195883 0.361045 0.472053
v 0.179759 0.338595 0.499033
v -0.104288 0.391022 0.461288
v -0.080501 0.401911 0.484667
v -0.098559 0.376959 0.492276
v 0.161753 0.402089 0.487293
v 0.170513 0.377071 0.497071
v -0.069056 0.429056 0.469056
v -0.040929 0.441181 0.481017
v -0.056971 0.415487 0.494932
v 0.150964 0.430964 0.470964
v 0.119805 0.442184 0.485930
v 0.140430 0.419157 0.498333
v -0.020583 0.463602 0.467883
v -0.000821 0.444564 0.490480
v 0.059056 0.464548 0.469635
v 0.038966 0.445087 0.492056
v 0.100194 0.461787 0.463801
v 0.079111 0.443379 0.488455
v -0.140433 -0.343156 0.506878
v -0.100908 -0.343292 0.507056
v -0.159942 -0.319704 0.519216
v -0.184939 -0.304939 0.515585
v -0.120505 -0.322647 0.525102
v -0.079821 -0.321493 0.523664
v -0.040430 -0.316946 0.510691
v -0.020000 -0.320087 0.500000
v -0.001573 -0.313282 0.515430
v 0.026136 -0.315800 0.506136
v -0.247483 -0.270679 0.511409
v -0.201018 -0.281463 0.524327
v -0.171035 -0.291035 0.531035
v -0.139910 -0.299711 0.539087
v -0.059380 -0.301003 0.540532
v -0.020192 -0.299847 0.539718
v 0.040000 -0.305546 0.520000
v 0.018846 -0.300105 0.540178
v 0.079555 -0.281059 0.522627
v 0.056266 -0.287950 0.536266
v -0.280349 -0.240413 0.519841
v -0.304779 -0.224779 0.516873
v -0.235532 -0.248355 0.532507
v -0.216972 -0.256358 0.534813
v 0.119007 -0.237280 0.513200
v 0.095915 -0.251031 0.539967
v -0.320768 -0.201897 0.525685
v -0.352476 -0.192476 0.512476
v -0.297066 -0.208522 0.537066
v 0.148684 -0.196345 0.516345
v 0.130973 -0.210973 0.530973
v -0.360255 -0.161284 0.520961
v -0.383821 -0.143821 0.512591
v -0.335134 -0.178770 0.533353
v 0.161139 -0.162733 0.521742
v 0.140362 -0.179460 0.539364
v 0.181434 -0.145078 0.505516
v -0.370346 -0.130346 0.530346
v 0.195342 -0.105068 0.505068
v 0.165631 -0.117670 0.531559
v -0.398422 -0.080429 0.516442
v -0.377981 -0.100607 0.535529
v 0.199016 -0.076430 0.514826
v 0.178693 -0.095714 0.535098
v -0.399500 -0.040244 0.520168
v -0.380480 -0.061866 0.540178
v 0.202363 -0.040358 0.528930
v -0.398436 -0.000322 0.516444
v -0.381479 -0.018843 0.539967
v 0.203583 -0.000912 0.533768
v -0.398537 0.039803 0.516493
v -0.381019 0.021617 0.540111
v 0.200945 0.041243 0.523143
v -0.389818 0.069817 0.509818
v -0.370870 0.083118 0.523118
v -0.377474 0.059393 0.534503
v 0.202700 0.060000 0.500000
v 0.188847 0.072016 0.524445
v 0.190674 0.097261 0.507284
v -0.350295 0.114183 0.521810
v 0.189431 0.137716 0.506462
v 0.182953 0.120000 0.520000
v 0.178831 0.095240 0.533125
v -0.315582 0.150713 0.519775
v -0.336100 0.124333 0.536100
v 0.191714 0.183104 0.507894
v 0.182226 0.160000 0.520000
v 0.176867 0.139332 0.530297
v -0.265419 0.195420 0.505419
v -0.264957 0.187358 0.539589
v -0.240461 0.202601 0.530484
v 0.193492 0.222900 0.508777
v 0.186643 0.200000 0.520000
v 0.177556 0.179370 0.532817
v -0.198892 0.238401 0.513288
v -0.205960 0.214927 0.542348
v 0.191264 0.257103 0.507458
v 0.187370 0.240000 0.520000
v 0.176305 0.217159 0.539935
v -0.180000 0.260000 0.520931
v -0.175363 0.248957 0.538605
v 0.183005 0.299121 0.509617
v 0.183130 0.280000 0.520000
v 0.176510 0.262314 0.538694
v -0.149468 0.309468 0.509468
v -0.124995 0.329541 0.521499
v -0.140029 0.300908 0.542158
v 0.169361 0.301416 0.534944
v -0.103548 0.355663 0.515663
v -0.100294 0.340792 0.541997
v 0.159809 0.360304 0.520390
v -0.071428 0.391428 0.511428
v -0.063061 0.376003 0.533786
v -0.041414 0.400328 0.525173
v 0.151976 0.391976 0.511976
v 0.119528 0.403394 0.527388
v 0.138781 0.378323 0.537287
v -0.020476 0.423772 0.508591
v 0.019089 0.425231 0.511548
v -0.000737 0.404283 0.528448
v 0.058734 0.425943 0.514150
v 0.041520 0.414237 0.526318
v 0.098816 0.424562 0.510681
v 0.078587 0.405764 0.531490
v -0.100390 -0.302152 0.544640
v -0.157004 -0.277004 0.549734
v -0.185870 -0.256045 0.549194
v -0.121215 -0.281183 0.564161
v -0.080438 -0.282102 0.564680
v -0.040369 -0.281922 0.565168
v -0.000783 -0.283551 0.570094
v 0.040093 -0.279181 0.558107
v 0.075008 -0.263081 0.555008
v -0.261391 -0.221884 0.544379
v -0.200068 -0.237477 0.555272
v -0.224691 -0.224691 0.554693
v -0.160100 -0.244671 0.567517
v -0.138566 -0.253739 0.573002
v 0.060552 -0.258079 0.575724
v 0.115165 -0.224674 0.544674
v 0.089908 -0.242964 0.562964
v -0.279995 -0.199752 0.559209
v -0.303940 -0.183940 0.554093
v -0.240582 -0.204581 0.569431
v -0.202348 -0.191602 0.590244
v -0.180100 -0.218238 0.575197
v 0.119395 -0.197983 0.557763
v 0.098728 -0.216541 0.575966
v -0.326548 -0.153606 0.553507
v -0.292051 -0.172051 0.572051
v 0.143763 -0.140428 0.549362
v 0.123674 -0.160417 0.569325
v -0.354387 -0.118444 0.551080
v -0.324286 -0.124286 0.575332
v 0.148133 -0.116419 0.556419
v 0.126279 -0.135640 0.575640
v -0.360061 -0.079931 0.559931
v -0.338075 -0.095320 0.577320
v 0.161780 -0.083897 0.568914
v 0.137887 -0.104004 0.586295
v 0.184050 -0.060379 0.551843
v -0.362638 -0.040514 0.567349
v 0.196801 -0.026503 0.546503
v 0.187073 -0.040000 0.560000
v 0.170113 -0.056688 0.576688
v -0.361907 -0.000403 0.564958
v 0.194041 -0.001350 0.555968
v 0.180289 -0.020627 0.580446
v -0.362327 0.039420 0.566586
v 0.196081 0.026396 0.546396
v 0.183503 0.058499 0.551012
v 0.186908 0.040000 0.560000
v 0.180395 0.020577 0.580533
v -0.354905 0.081455 0.553413
v 0.169945 0.061473 0.575196
v -0.321655 0.122137 0.566853
v -0.338460 0.094393 0.572222
v 0.159862 0.119617 0.559638
v -0.306240 0.149503 0.541646
v -0.278425 0.166222 0.567442
v -0.301099 0.138228 0.575275
v 0.156803 0.157648 0.560616
v -0.227876 0.195838 0.561351
v -0.257497 0.177050 0.575566
v 0.160855 0.194448 0.561174
v -0.182983 0.222983 0.551385
v -0.200140 0.202889 0.567461
v -0.160513 0.238815 0.557827
v -0.171269 0.211269 0.571269
v -0.141013 0.221694 0.580216
v 0.161729 0.239650 0.564865
v -0.155977 0.275977 0.543929
v -0.125801 0.278117 0.570707
v -0.133772 0.258484 0.572269
v 0.158220 0.283513 0.564436
v -0.118639 0.314162 0.549850
v -0.084586 0.320943 0.567064
v -0.100379 0.295883 0.573496
v 0.147395 0.316573 0.556573
v 0.144834 0.338343 0.551378
v 0.136268 0.295418 0.579611
v -0.071427 0.351427 0.551427
v -0.040398 0.358478 0.557211
v -0.056687 0.336687 0.569846
v -0.022566 0.380193 0.545500
v 0.000074 0.359882 0.560163
v -0.020596 0.336053 0.573457
v 0.019146 0.336509 0.574075
v 0.037027 0.357869 0.564080
v 0.059389 0.340656 0.578887
v 0.098581 0.339911 0.577240
v 0.119342 0.359393 0.560718
v 0.124510 0.324510 0.574082
v 0.019487 0.383669 0.546616
v 0.058962 0.385167 0.549297
v 0.099198 0.383654 0.547218
v 0.079452 0.362988 0.565549
v -0.100557 -0.260415 0.581558
v -0.060522 -0.262988 0.586786
v -0.020830 -0.264939 0.592751
v 0.018596 -0.264680 0.592787
v -0.127389 -0.230558 0.591577
v -0.080831 -0.240728 0.602503
v -0.040478 -0.244105 0.609397
v -0.005928 -0.257292 0.605928
v 0.020755 -0.248481 0.614237
v 0.080000 -0.240000 0.580806
v 0.067289 -0.237069 0.597069
v -0.261241 -0.181364 0.585337
v -0.223842 -0.183842 0.592757
v -0.160114 -0.198454 0.595860
v -0.107478 -0.210377 0.611578
v 0.080873 -0.202988 0.603802
v 0.060342 -0.219488 0.619236
v 0.102837 -0.180262 0.587047
v -0.277739 -0.156268 0.594974
v -0.299996 -0.141932 0.584199
v -0.240513 -0.164125 0.609082
v -0.197050 -0.167941 0.612610
v -0.175760 -0.175760 0.607312
v -0.140046 -0.179055 0.617843
v 0.110350 -0.150350 0.590350
v 0.095155 -0.164796 0.604796
v -0.306771 -0.116651 0.596651
v -0.283552 -0.123552 0.611714
v -0.260063 -0.139737 0.619468
v 0.119122 -0.118557 0.596342
v 0.096969 -0.141050 0.611797
v -0.317897 -0.083951 0.606306
v -0.343452 -0.060402 0.588702
v -0.298669 -0.098112 0.616534
v 0.148486 -0.076523 0.596523
v 0.130525 -0.090525 0.610525
v -0.349877 -0.022356 0.586318
v -0.334839 -0.044824 0.604824
v 0.160855 -0.042594 0.602656
v 0.139071 -0.061731 0.622434
v -0.349865 0.018138 0.586217
v -0.343000 0.000000 0.600000
v -0.336724 -0.021020 0.610245
v 0.163978 -0.000850 0.611606
v -0.343498 0.058914 0.590199
v -0.342228 0.040000 0.600000
v -0.337565 0.019607 0.612054
v 0.161022 0.043151 0.602994
v -0.323924 0.078566 0.610232
v -0.328091 0.056155 0.616155
v 0.150049 0.077079 0.597079
v 0.144436 0.098364 0.590936
v 0.138806 0.062419 0.623340
v -0.302134 0.103081 0.621223
v 0.140995 0.139742 0.582434
v 0.122843 0.119102 0.606175
v 0.131405 0.091405 0.611405
v -0.277651 0.151291 0.597651
v -0.289909 0.129909 0.609909
v -0.241504 0.161384 0.603472
v -0.260141 0.140123 0.620211
v 0.141126 0.179798 0.582678
v 0.116686 0.163627 0.604595
v -0.220280 0.182730 0.587012
v -0.178038 0.186770 0.594608
v -0.200656 0.164866 0.610588
v -0.158551 0.195299 0.592002
v -0.171556 0.171556 0.611556
v -0.121143 0.201648 0.606010
v -0.140187 0.177727 0.614878
v 0.098357 0.179776 0.617188
v 0.115059 0.193968 0.607804
v 0.143440 0.219395 0.588437
v -0.116804 0.236804 0.590015
v -0.106579 0.256835 0.589932
v -0.086365 0.237707 0.610327
v -0.099058 0.215865 0.614883
v 0.101758 0.218254 0.617522
v 0.143663 0.259173 0.589616
v 0.124183 0.239310 0.608654
v -0.081346 0.275665 0.593279
v -0.065407 0.296809 0.588501
v -0.035686 0.275472 0.605980
v -0.063103 0.253802 0.610999
v -0.018699 0.259988 0.616819
v 0.100764 0.259865 0.618160
v 0.119613 0.281341 0.602671
v -0.040000 0.320000 0.583786
v -0.022449 0.307048 0.590715
v 0.004969 0.315031 0.585915
v -0.000451 0.282959 0.604858
v 0.039631 0.315198 0.593193
v 0.081077 0.314234 0.592877
v 0.069278 0.297615 0.605120
v 0.044991 0.284991 0.611986
v -0.061902 -0.220756 0.626898
v -0.000780 -0.236249 0.631882
v -0.025123 -0.236615 0.625123
v 0.031006 -0.231006 0.631006
v -0.086780 -0.192122 0.633179
v -0.038082 -0.206307 0.653648
v -0.018268 -0.214459 0.651015
v 0.038631 -0.204249 0.649080
v 0.018181 -0.213927 0.650681
v 0.073678 -0.184341 0.624341
v -0.220741 -0.144435 0.628138
v -0.160000 -0.160000 0.622507
v -0.180754 -0.145062 0.628896
v -0.120289 -0.157873 0.635526
v -0.145352 -0.145352 0.635038
v -0.083736 -0.163736 0.652030
v -0.060360 -0.180788 0.660513
v 0.076694 -0.161112 0.631604
v 0.054234 -0.178584 0.650952
v -0.239683 -0.119272 0.638114
v -0.264842 -0.104842 0.635695
v -0.200839 -0.118891 0.643042
v -0.165218 -0.116258 0.647172
v -0.124281 -0.124281 0.651940
v -0.100684 -0.137031 0.654986
v 0.081661 -0.125357 0.643663
v 0.057708 -0.144453 0.664914
v 0.115703 -0.083427 0.632857
v -0.280488 -0.081523 0.644236
v -0.313738 -0.064295 0.624295
v -0.256252 -0.085733 0.656252
v -0.220508 -0.097750 0.655723
v -0.180367 -0.097840 0.656211
v 0.091632 -0.091632 0.651632
v -0.316760 -0.041030 0.631886
v -0.293820 -0.058429 0.650328
v 0.120000 -0.067277 0.640000
v 0.099272 -0.062054 0.662312
v 0.145813 -0.018450 0.635222
v 0.125403 -0.038257 0.652197
v -0.319483 -0.000265 0.640839
v -0.298859 -0.020244 0.657749
v 0.138302 0.010747 0.644901
v 0.132313 -0.012313 0.652313
v -0.318131 0.039776 0.635457
v -0.299054 0.019827 0.658119
v 0.117537 0.029819 0.663491
v -0.304929 0.075653 0.635653
v -0.295714 0.060767 0.652131
v 0.117969 0.075673 0.636831
v -0.278981 0.115392 0.633619
v -0.241215 0.119891 0.642322
v -0.261051 0.096992 0.655100
v 0.112961 0.103788 0.623788
v 0.098378 0.143954 0.623676
v 0.060558 0.136400 0.654984
v 0.095996 0.095996 0.645612
v -0.220264 0.142440 0.624887
v -0.178215 0.146400 0.632171
v -0.200334 0.122593 0.644628
v -0.156766 0.156766 0.629733
v -0.158358 0.133650 0.645104
v -0.120676 0.160911 0.640770
v -0.136570 0.136570 0.650017
v -0.101138 0.141090 0.658768
v 0.078921 0.155856 0.636899
v -0.103619 0.183619 0.632325
v -0.080934 0.196823 0.635002
v -0.076366 0.168052 0.652060
v -0.064964 0.220608 0.625854
v -0.039325 0.199259 0.640964
v -0.056585 0.176585 0.650718
v -0.020533 0.177477 0.656257
v -0.002167 0.194232 0.646928
v 0.019793 0.177423 0.656284
v 0.035880 0.196853 0.645300
v 0.075989 0.195989 0.629193
v 0.067373 0.217427 0.630725
v 0.060000 0.180000 0.641597
v 0.044976 0.164976 0.654061
v -0.040000 0.240000 0.623991
v -0.016986 0.227841 0.631438
v 0.000000 0.240000 0.627562
v 0.014244 0.225756 0.633885
v 0.038462 0.234678 0.632549
v 0.020044 0.259929 0.620106
v 0.080000 0.240000 0.625832
v 0.057628 0.256065 0.625362
v 0.000122 -0.194494 0.670321
v -0.025123 -0.185123 0.675604
v -0.040343 -0.161185 0.682482
v -0.064791 -0.144791 0.675007
v -0.002508 -0.167038 0.691017
v 0.039049 -0.157662 0.677657
v -0.139632 -0.099491 0.661257
v -0.083121 -0.115040 0.674238
v -0.045135 -0.125135 0.695009
v -0.021660 -0.141937 0.697765
v 0.018638 -0.140259 0.697434
v 0.073635 -0.104049 0.664049
v 0.043216 -0.120296 0.686656
v -0.247302 -0.070347 0.671755
v -0.203194 -0.076807 0.671073
v -0.161813 -0.074785 0.672006
v -0.200150 -0.045390 0.686985
v -0.119930 -0.077898 0.676269
v -0.084022 -0.080163 0.685992
v -0.062156 -0.096877 0.695023
v 0.076519 -0.081071 0.673326
v 0.055218 -0.095218 0.685030
v -0.275590 -0.041174 0.673043
v -0.242617 -0.044224 0.687771
v -0.220000 -0.060000 0.683280
v -0.162022 -0.040238 0.686026
v -0.140000 -0.060000 0.681279
v -0.125637 -0.037964 0.689268
v -0.100000 -0.060000 0.687919
v -0.086177 -0.046177 0.695800
v 0.078448 -0.048169 0.686104
v 0.057354 -0.060589 0.696235
v 0.107216 -0.018179 0.674905
v -0.276910 -0.000481 0.675320
v -0.260000 -0.020000 0.685193
v -0.246610 -0.002142 0.689313
v -0.221996 -0.023742 0.693881
v -0.185191 -0.022761 0.693318
v -0.157735 -0.008926 0.691908
v -0.140000 -0.020000 0.689975
v -0.128592 0.002794 0.692201
v -0.101173 -0.020732 0.698228
v 0.116225 0.003775 0.669150
v 0.094695 -0.001153 0.685544
v -0.276912 0.039656 0.675003
v -0.260000 0.020000 0.685765
v -0.245755 0.038421 0.689727
v -0.222276 0.017268 0.695161
v -0.181557 0.016825 0.694471
v -0.163431 0.034137 0.688126
v -0.144511 0.015489 0.690256
v -0.125196 0.038079 0.688153
v -0.101973 0.019584 0.696838
v 0.098830 0.062661 0.664967
v 0.079835 0.045862 0.685095
v 0.100000 0.020000 0.682012
v -0.264781 0.064781 0.674767
v -0.240826 0.076731 0.675149
v -0.200364 0.077080 0.675707
v -0.219928 0.099901 0.660124
v -0.220000 0.060000 0.687298
v -0.202902 0.046973 0.689955
v -0.158718 0.077950 0.675483
v -0.180266 0.099169 0.660945
v -0.180000 0.060000 0.682405
v -0.119888 0.079870 0.680286
v -0.140000 0.060000 0.681900
v -0.100000 0.060000 0.685433
v -0.085005 0.045005 0.692500
v -0.075973 0.073513 0.688784
v -0.060893 0.057543 0.695452
v 0.077284 0.077284 0.671727
v 0.065190 0.098080 0.669145
v 0.038140 0.083712 0.688210
v 0.056372 0.056372 0.690147
v -0.140483 0.104972 0.668106
v -0.120000 0.120000 0.664347
v -0.105515 0.105515 0.674722
v -0.080746 0.115618 0.674701
v -0.041864 0.120015 0.675690
v -0.065231 0.136841 0.667594
v -0.060000 0.100000 0.681197
v -0.041361 0.086123 0.688966
v -0.000827 0.120439 0.682033
v -0.020000 0.100000 0.687421
v 0.003115 0.089025 0.693469
v 0.037076 0.119821 0.674217
v 0.020000 0.100000 0.688218
v -0.040000 0.160000 0.661849
v -0.016702 0.147653 0.671033
v 0.004667 0.155333 0.669509
v 0.000000 -0.120000 0.707432
v -0.022377 -0.104612 0.708196
v 0.013755 -0.096615 0.708252
v -0.040000 -0.080000 0.707888
v -0.059308 -0.061436 0.702421
v -0.003423 -0.080775 0.712873
v -0.028493 -0.056775 0.711833
v 0.040000 -0.080000 0.700823
v -0.040000 -0.040000 0.710495
v -0.060573 -0.023005 0.705634
v -0.001014 -0.042152 0.716558
v -0.029315 -0.017046 0.713449
v 0.035257 -0.044743 0.709567
v 0.029129 -0.016827 0.713263
v 0.057652 -0.019370 0.703272
v -0.200000 0.000000 0.699289
v -0.080000 0.000000 0.704732
v -0.040000 0.000000 0.709491
v -0.060783 0.017252 0.704574
v -0.000120 -0.002880 0.720809
v -0.027990 0.022121 0.711708
v 0.040000 0.000000 0.709551
v 0.028066 0.016392 0.711712
v 0.059077 0.019439 0.701277
v -0.040000 0.040000 0.705327
v -0.001785 0.034547 0.712424
v -0.017990 0.057874 0.703812
v 0.040000 0.040000 0.701484
v 0.018460 0.058911 0.702117
f 3 6 5
f 3 4 6
f 7 5 6
f 7 8 5
f 9 4 10
f 9 10 11
f 14 10 15
f 14 15 16
f 20 15 19
f 20 16 15
f 20 21 16
f 20 19 21
f 22 19 23
f 22 21 19
f 29 30 28
f 31 28 30
f 32 33 29
f 29 33 25
f 32 29 1
f 28 1 29
f 29 25 30
f 34 35 33
f 34 33 2
f 32 2 33
f 33 35 25
f 36 37 34
f 38 35 34
f 38 34 37
f 40 1 39
f 39 1 28
f 41 40 39
f 42 41 39
f 39 43 42
f 39 28 43
f 32 1 2
f 1 5 2
f 5 1 3
f 1 40 3
f 34 2 36
f 8 36 2
f 8 2 5
f 8 45 36
f 36 45 44
f 36 44 37
f 46 37 44
f 46 44 47
f 40 41 3
f 41 4 3
f 50 4 41
f 48 50 41
f 48 41 42
f 9 6 4
f 45 8 7
f 6 12 7
f 44 45 51
f 52 51 45
f 7 52 45
f 51 53 44
f 54 50 48
f 48 55 54
f 50 10 4
f 10 50 13
f 54 13 50
f 6 9 12
f 12 9 11
f 14 11 10
f 7 12 52
f 56 52 12
f 56 12 17
f 11 17 12
f 57 51 52
f 56 58 52
f 58 57 52
f 59 51 57
f 59 60 51
f 61 13 54
f 54 62 61
f 10 13 15
f 15 13 18
f 13 61 18
f 11 14 17
f 16 17 14
f 56 17 58
f 63 58 17
f 63 17 64
f 16 64 17
f 63 65 58
f 65 66 58
f 58 66 57
f 68 18 61
f 61 69 68
f 15 18 19
f 70 19 18
f 68 70 18
f 64 16 21
f 65 63 64
f 71 65 64
f 72 71 64
f 21 72 64
f 71 73 65
f 73 74 65
f 65 74 66
f 76 70 68
f 77 76 68
f 70 23 19
f 78 23 70
f 76 78 70
f 72 21 22
f 23 24 22
f 73 71 72
f 79 73 72
f 80 79 72
f 22 80 72
f 79 82 73
f 73 82 81
f 73 81 74
f 83 74 81
f 83 81 84
f 23 78 24
f 86 24 78
f 87 86 78
f 78 76 87
f 22 24 80
f 88 80 24
f 88 24 89
f 86 89 24
f 82 79 80
f 90 82 80
f 91 90 80
f 88 91 80
f 90 93 82
f 82 93 92
f 81 82 92
f 92 95 81
f 94 95 92
f 96 94 97
f 89 86 98
f 99 87 100
f 99 86 87
f 86 99 98
f 99 100 98
f 91 88 89
f 91 89 101
f 101 89 98
f 93 90 91
f 93 91 102
f 102 91 101
f 92 93 103
f 103 93 102
f 92 104 94
f 92 103 104
f 105 94 104
f 105 97 94
f 105 106 97
f 105 104 106
f 107 100 108
f 107 98 100
f 107 109 98
f 107 108 109
f 111 98 109
f 98 111 101
f 101 111 110
f 111 109 110
f 102 101 112
f 112 101 110
f 112 114 102
f 102 114 103
f 114 113 103
f 114 112 113
f 115 103 113
f 115 104 103
f 115 116 104
f 115 113 116
f 117 104 116
f 119 108 120
f 119 109 108
f 119 121 109
f 119 120 121
f 122 109 121
f 122 110 109
f 122 123 110
f 122 121 123
f 125 110 123
f 110 125 112
f 112 125 124
f 125 123 124
f 124 127 112
f 127 113 112
f 127 126 113
f 126 127 124
f 128 113 126
f 128 116 113
f 128 129 116
f 128 126 129
f 131 121 120
f 131 132 121
f 133 121 132
f 133 123 121
f 133 134 123
f 133 132 134
f 135 123 134
f 135 124 123
f 135 136 124
f 135 134 136
f 137 124 136
f 124 137 126
f 137 138 126
f 137 136 138
f 139 126 138
f 139 129 126
f 139 140 129
f 139 138 140
f 141 129 140
f 143 144 145
f 143 134 144
f 146 136 134
f 146 147 136
f 148 136 147
f 148 138 136
f 148 149 138
f 148 147 149
f 150 138 149
f 150 140 138
f 150 151 140
f 150 149 151
f 152 140 151
f 154 149 147
f 154 155 149
f 156 149 155
f 156 151 149
f 156 157 151
f 156 155 157
f 162 165 164
f 162 163 165
f 166 164 165
f 166 167 164
f 166 168 167
f 166 165 168
f 169 167 168
f 169 168 170
f 171 163 172
f 171 165 163
f 171 173 165
f 171 172 173
f 174 165 173
f 174 168 165
f 174 175 168
f 174 173 175
f 176 168 175
f 176 170 168
f 176 177 170
f 176 175 177
f 26 179 180
f 181 180 179
f 179 27 182
f 183 184 179
f 183 185 184
f 183 182 185
f 182 183 179
f 186 187 182
f 188 185 182
f 188 182 187
f 189 172 190
f 189 173 172
f 189 191 173
f 189 190 191
f 192 173 191
f 192 175 173
f 192 193 175
f 192 191 193
f 30 26 196
f 26 180 196
f 31 30 196
f 195 31 196
f 196 197 195
f 196 180 197
f 179 26 27
f 26 25 27
f 25 26 30
f 182 27 186
f 35 186 27
f 27 25 35
f 198 187 186
f 198 186 38
f 186 35 38
f 199 200 198
f 201 187 198
f 201 198 200
f 205 31 195
f 207 206 205
f 195 208 205
f 207 205 208
f 28 31 43
f 31 205 43
f 198 38 199
f 199 38 37
f 209 200 199
f 209 199 46
f 199 37 46
f 210 211 209
f 212 200 209
f 212 209 211
f 205 206 43
f 206 42 43
f 42 206 49
f 213 49 206
f 206 207 213
f 209 46 210
f 210 46 47
f 47 44 53
f 214 211 210
f 215 214 210
f 47 215 210
f 216 211 214
f 216 214 217
f 213 218 49
f 219 218 213
f 49 48 42
f 48 49 55
f 49 218 55
f 47 53 215
f 60 215 53
f 53 51 60
f 214 215 220
f 220 215 60
f 220 221 214
f 223 55 222
f 222 55 218
f 224 223 222
f 222 225 224
f 222 218 225
f 54 55 62
f 55 223 62
f 226 60 59
f 226 59 67
f 57 67 59
f 226 227 60
f 227 228 60
f 60 228 220
f 229 220 228
f 230 62 223
f 231 230 223
f 223 224 231
f 61 62 69
f 62 230 69
f 66 67 57
f 226 67 227
f 227 67 75
f 67 66 75
f 227 233 228
f 234 69 230
f 231 236 230
f 230 236 234
f 235 234 236
f 68 69 77
f 69 234 77
f 74 75 66
f 227 75 232
f 237 232 75
f 237 75 83
f 83 75 74
f 237 238 232
f 238 239 232
f 227 232 233
f 232 239 233
f 240 77 234
f 241 234 235
f 234 241 240
f 77 85 76
f 77 240 85
f 237 83 238
f 238 83 84
f 84 81 95
f 242 239 238
f 242 238 96
f 84 96 238
f 243 239 242
f 244 85 240
f 240 245 244
f 76 85 87
f 87 85 246
f 244 246 85
f 84 95 96
f 95 94 96
f 96 97 242
f 97 106 242
f 106 247 242
f 242 247 243
f 248 246 244
f 244 249 248
f 246 100 87
f 250 100 246
f 248 250 246
f 117 106 104
f 251 252 106
f 106 252 247
f 254 250 248
f 248 255 254
f 250 108 100
f 108 250 118
f 254 118 250
f 106 117 251
f 256 251 117
f 256 117 130
f 130 117 116
f 256 257 251
f 257 258 251
f 251 258 252
f 259 118 254
f 254 260 259
f 108 118 120
f 120 118 261
f 259 261 118
f 129 130 116
f 256 130 257
f 262 257 130
f 262 130 141
f 141 130 129
f 262 263 257
f 263 264 257
f 257 264 258
f 261 259 266
f 259 267 266
f 261 131 120
f 268 131 261
f 268 261 266
f 131 142 132
f 132 144 134
f 262 141 263
f 152 141 140
f 141 270 263
f 263 270 269
f 263 269 264
f 271 264 269
f 271 272 264
f 271 273 272
f 271 269 273
f 131 268 142
f 268 266 276
f 132 142 144
f 144 142 145
f 145 142 277
f 142 268 277
f 143 146 134
f 278 143 145
f 146 153 147
f 146 143 153
f 141 152 270
f 279 270 152
f 279 152 158
f 151 158 152
f 279 281 270
f 270 281 280
f 269 270 280
f 280 282 269
f 282 273 269
f 282 283 273
f 282 280 283
f 284 286 285
f 284 283 286
f 287 285 286
f 287 288 285
f 287 289 288
f 287 286 289
f 278 145 277
f 290 278 277
f 277 268 291
f 277 291 290
f 143 278 153
f 292 153 278
f 292 278 290
f 147 153 154
f 154 153 293
f 292 293 153
f 154 159 155
f 157 158 151
f 155 160 157
f 279 158 281
f 294 281 158
f 294 158 295
f 157 295 158
f 294 297 281
f 281 297 296
f 280 281 296
f 296 299 280
f 299 283 280
f 299 298 283
f 299 296 298
f 300 283 298
f 300 286 283
f 300 301 286
f 300 298 301
f 302 286 301
f 302 289 286
f 302 303 289
f 302 301 303
f 305 293 292
f 290 306 292
f 306 305 292
f 154 293 159
f 307 159 293
f 305 307 293
f 155 159 160
f 159 308 160
f 308 159 309
f 307 309 159
f 157 160 295
f 310 295 160
f 308 311 160
f 160 311 310
f 297 294 295
f 297 295 312
f 295 310 312
f 297 313 296
f 297 312 313
f 314 296 313
f 314 298 296
f 314 315 298
f 314 313 315
f 317 298 315
f 317 301 298
f 317 316 301
f 317 315 316
f 318 301 316
f 318 303 301
f 318 319 303
f 318 316 319
f 320 309 307
f 321 307 305
f 321 320 307
f 311 308 309
f 322 311 309
f 309 320 322
f 311 323 310
f 311 322 323
f 324 310 323
f 310 324 312
f 324 325 312
f 324 323 325
f 326 312 325
f 326 313 312
f 326 327 313
f 326 325 327
f 328 313 327
f 328 315 313
f 328 329 315
f 328 327 329
f 330 315 329
f 330 316 315
f 330 331 316
f 330 329 331
f 319 316 331
f 333 323 322
f 333 334 323
f 339 338 337
f 337 161 340
f 342 340 341
f 340 342 337
f 340 344 343
f 345 341 340
f 345 346 341
f 345 343 346
f 343 345 340
f 343 348 347
f 349 346 343
f 349 350 346
f 349 347 350
f 347 349 343
f 347 352 351
f 353 350 347
f 353 354 350
f 353 351 354
f 351 353 347
f 355 354 351
f 355 351 356
f 358 357 338
f 358 359 357
f 360 161 337
f 357 361 360
f 337 338 357
f 360 337 357
f 340 161 344
f 164 344 161
f 164 161 162
f 161 360 162
f 348 343 344
f 167 348 344
f 344 164 167
f 352 347 348
f 362 352 348
f 362 348 169
f 348 167 169
f 352 363 351
f 364 363 352
f 362 364 352
f 365 366 363
f 363 367 351
f 367 356 351
f 367 366 356
f 367 363 366
f 370 361 357
f 369 371 370
f 372 359 369
f 372 357 359
f 357 372 370
f 372 369 370
f 360 361 162
f 361 163 162
f 373 163 361
f 370 373 361
f 362 169 364
f 364 169 170
f 365 363 364
f 374 365 364
f 374 364 178
f 170 178 364
f 374 375 365
f 375 376 365
f 365 376 366
f 181 184 378
f 379 378 184
f 185 380 381
f 380 382 381
f 184 185 381
f 381 383 184
f 381 382 383
f 384 380 188
f 380 185 188
f 380 385 382
f 384 385 380
f 387 385 384
f 387 384 388
f 389 391 369
f 389 390 391
f 373 370 371
f 392 373 371
f 393 392 371
f 391 393 371
f 371 369 391
f 373 172 163
f 394 172 373
f 392 394 373
f 177 178 170
f 194 177 175
f 374 178 375
f 395 375 178
f 395 178 396
f 177 396 178
f 395 397 375
f 375 397 376
f 399 400 398
f 400 402 398
f 399 181 378
f 399 180 181
f 399 197 180
f 398 197 399
f 399 378 400
f 181 179 184
f 384 188 386
f 386 188 187
f 201 386 187
f 386 201 403
f 384 386 388
f 386 403 388
f 410 390 408
f 410 391 390
f 410 409 391
f 410 408 409
f 394 392 393
f 411 394 393
f 412 411 393
f 412 393 409
f 393 391 409
f 394 190 172
f 190 394 202
f 411 202 394
f 190 203 191
f 193 194 175
f 191 204 193
f 177 194 396
f 413 396 194
f 413 194 414
f 193 414 194
f 395 396 415
f 413 416 396
f 396 416 415
f 415 417 395
f 417 397 395
f 417 418 397
f 417 415 418
f 398 401 197
f 401 195 197
f 401 208 195
f 419 208 401
f 401 420 419
f 398 420 401
f 201 200 421
f 201 421 403
f 212 421 200
f 212 422 421
f 421 423 403
f 421 422 423
f 424 427 426
f 424 425 427
f 428 426 427
f 428 429 426
f 428 430 429
f 428 427 430
f 432 429 430
f 432 408 429
f 432 431 408
f 432 430 431
f 433 412 434
f 434 412 409
f 435 433 434
f 431 435 434
f 434 408 431
f 434 409 408
f 411 412 202
f 436 202 412
f 437 436 412
f 433 437 412
f 190 202 203
f 202 438 203
f 438 202 439
f 436 439 202
f 191 203 204
f 203 440 204
f 440 203 441
f 438 441 203
f 193 204 414
f 442 414 204
f 440 443 204
f 204 443 442
f 416 413 414
f 416 414 444
f 444 414 442
f 416 445 415
f 416 444 445
f 418 415 445
f 208 446 207
f 446 208 419
f 212 211 448
f 212 448 422
f 449 448 216
f 448 211 216
f 448 450 422
f 449 450 448
f 449 452 451
f 453 450 449
f 451 453 449
f 455 425 451
f 455 427 425
f 455 454 427
f 454 455 451
f 457 427 454
f 457 430 427
f 457 456 430
f 456 457 454
f 458 435 459
f 459 435 431
f 458 459 456
f 459 430 456
f 459 431 430
f 437 433 435
f 460 437 435
f 461 460 435
f 458 461 435
f 439 436 437
f 439 437 462
f 460 463 437
f 462 437 463
f 441 438 439
f 464 441 439
f 439 462 464
f 443 440 441
f 441 464 443
f 443 465 442
f 466 442 465
f 442 466 444
f 466 467 444
f 466 465 467
f 468 444 467
f 446 447 207
f 447 213 207
f 219 213 447
f 469 219 447
f 447 470 469
f 446 470 447
f 449 216 452
f 452 216 217
f 217 214 221
f 452 471 451
f 472 471 452
f 217 472 452
f 471 474 451
f 451 474 454
f 474 473 454
f 474 471 473
f 476 454 473
f 454 476 456
f 456 476 475
f 476 473 475
f 461 458 477
f 475 458 456
f 477 458 475
f 463 460 461
f 478 463 461
f 461 477 478
f 463 479 462
f 463 478 479
f 479 464 462
f 218 219 225
f 219 481 225
f 481 219 469
f 217 221 472
f 229 472 221
f 221 220 229
f 471 472 484
f 229 485 472
f 484 472 485
f 484 486 471
f 486 473 471
f 486 487 473
f 486 484 487
f 488 473 487
f 488 475 473
f 488 489 475
f 488 487 489
f 490 475 489
f 475 490 477
f 490 491 477
f 490 489 491
f 492 477 491
f 492 478 477
f 492 493 478
f 492 491 493
f 481 482 225
f 482 224 225
f 495 224 482
f 496 495 482
f 482 497 496
f 481 497 482
f 498 485 229
f 498 229 499
f 499 229 228
f 498 500 485
f 485 500 484
f 501 484 500
f 501 487 484
f 501 502 487
f 501 500 502
f 503 487 502
f 503 489 487
f 503 504 489
f 503 502 504
f 505 489 504
f 505 491 489
f 495 231 224
f 507 231 495
f 508 507 495
f 495 496 508
f 499 228 233
f 498 499 509
f 233 510 499
f 499 510 509
f 509 511 498
f 511 500 498
f 511 512 500
f 511 509 512
f 231 507 236
f 235 236 507
f 515 235 507
f 516 515 507
f 507 508 516
f 510 233 239
f 510 517 509
f 517 510 243
f 510 239 243
f 517 518 509
f 518 512 509
f 518 519 512
f 518 517 519
f 515 241 235
f 521 241 515
f 522 521 515
f 515 516 522
f 240 241 245
f 241 521 245
f 243 523 517
f 523 524 517
f 517 524 519
f 525 526 527
f 525 528 526
f 525 529 528
f 525 527 529
f 530 528 529
f 530 529 531
f 532 245 521
f 521 522 532
f 522 533 532
f 244 245 249
f 245 532 249
f 523 243 247
f 247 253 523
f 534 523 253
f 523 534 524
f 536 527 537
f 536 529 527
f 536 535 529
f 536 537 535
f 535 539 538
f 540 529 535
f 540 531 529
f 540 538 531
f 538 540 535
f 542 249 532
f 533 543 532
f 532 543 542
f 248 249 255
f 249 542 255
f 252 253 247
f 534 253 544
f 544 253 545
f 252 545 253
f 546 534 544
f 546 544 547
f 550 539 551
f 551 539 535
f 552 550 551
f 549 552 551
f 551 537 549
f 551 535 537
f 550 554 539
f 539 554 553
f 538 539 553
f 555 556 553
f 553 557 538
f 557 553 556
f 559 255 542
f 542 560 559
f 254 255 260
f 255 559 260
f 545 252 258
f 544 545 561
f 561 545 265
f 258 265 545
f 561 563 562
f 561 564 544
f 564 547 544
f 564 562 547
f 562 564 561
f 565 549 566
f 567 565 566
f 567 566 562
f 566 547 562
f 566 549 547
f 554 550 552
f 568 554 552
f 569 568 552
f 565 569 552
f 552 549 565
f 555 553 554
f 570 555 554
f 571 570 554
f 568 571 554
f 570 573 555
f 555 573 572
f 555 572 556
f 574 556 572
f 574 572 575
f 576 260 559
f 559 577 576
f 259 260 267
f 260 576 267
f 265 258 264
f 561 265 563
f 272 563 265
f 272 265 264
f 578 567 563
f 563 567 562
f 578 563 274
f 272 274 563
f 569 565 567
f 579 569 567
f 579 567 275
f 578 275 567
f 571 568 569
f 571 569 580
f 581 580 569
f 579 581 569
f 573 570 571
f 573 571 582
f 580 583 582
f 582 571 580
f 573 584 572
f 573 582 584
f 585 572 584
f 585 575 572
f 585 586 575
f 585 584 586
f 267 587 266
f 588 587 267
f 267 576 588
f 273 274 272
f 578 274 275
f 274 285 275
f 285 274 284
f 274 273 284
f 579 275 581
f 288 581 275
f 288 275 285
f 583 580 581
f 589 583 581
f 590 589 581
f 288 590 581
f 589 592 583
f 583 592 591
f 582 583 591
f 591 593 582
f 593 584 582
f 593 594 584
f 593 591 594
f 595 584 594
f 595 586 584
f 587 276 266
f 596 276 587
f 588 597 587
f 587 597 596
f 598 268 276
f 598 276 596
f 284 273 283
f 590 288 289
f 592 589 590
f 592 590 599
f 600 599 590
f 289 600 590
f 592 601 591
f 592 599 601
f 598 291 268
f 603 291 598
f 604 603 598
f 598 596 604
f 290 291 304
f 600 289 303
f 605 599 600
f 303 606 600
f 606 605 600
f 607 599 605
f 607 601 599
f 291 603 304
f 608 304 603
f 609 603 604
f 609 608 603
f 290 304 306
f 304 610 306
f 608 610 304
f 611 305 306
f 610 611 306
f 606 303 319
f 319 612 606
f 612 613 606
f 606 613 605
f 616 610 608
f 611 321 305
f 611 617 321
f 610 618 611
f 611 618 617
f 321 619 320
f 321 617 619
f 320 332 322
f 335 325 323
f 620 327 325
f 621 329 327
f 329 336 331
f 319 622 612
f 622 319 623
f 623 319 331
f 612 624 613
f 612 622 624
f 320 619 332
f 625 332 619
f 626 619 617
f 626 625 619
f 332 333 322
f 332 627 333
f 625 627 332
f 334 335 323
f 627 334 333
f 325 335 620
f 628 620 335
f 628 335 629
f 334 629 335
f 621 327 620
f 630 621 620
f 628 630 620
f 329 621 336
f 631 336 621
f 631 621 630
f 331 336 623
f 632 623 336
f 336 631 632
f 622 623 633
f 623 632 633
f 635 334 627
f 635 627 625
f 629 334 636
f 334 635 636
f 630 628 629
f 637 630 629
f 629 636 637
f 630 637 638
f 630 638 631
f 640 339 639
f 640 639 641
f 341 642 639
f 642 643 639
f 639 342 341
f 644 639 643
f 346 645 642
f 645 646 642
f 642 341 346
f 642 646 643
f 350 647 645
f 647 648 645
f 645 346 350
f 645 648 646
f 354 649 647
f 649 650 647
f 647 350 354
f 647 650 648
f 651 652 649
f 651 649 355
f 649 354 355
f 649 652 650
f 653 654 651
f 655 652 651
f 655 651 654
f 659 658 656
f 659 656 660
f 339 657 338
f 640 657 339
f 657 358 338
f 656 358 657
f 656 657 661
f 657 640 661
f 639 339 342
f 339 337 342
f 651 355 653
f 653 355 356
f 356 663 653
f 653 663 662
f 653 662 654
f 658 659 664
f 666 665 664
f 667 664 659
f 667 666 664
f 656 658 358
f 658 359 358
f 359 658 368
f 664 368 658
f 663 356 366
f 662 663 668
f 668 663 377
f 366 377 663
f 383 382 669
f 383 669 670
f 670 669 671
f 385 672 669
f 669 382 385
f 669 674 673
f 672 674 669
f 387 672 385
f 672 387 675
f 672 676 674
f 672 675 676
f 679 678 680
f 682 680 678
f 682 666 680
f 682 681 666
f 681 682 678
f 664 665 368
f 683 368 665
f 684 683 665
f 684 665 681
f 665 666 681
f 359 368 369
f 368 389 369
f 368 683 389
f 376 377 366
f 377 685 668
f 685 377 686
f 376 686 377
f 378 379 687
f 379 688 687
f 687 400 378
f 379 383 670
f 184 383 379
f 379 670 688
f 387 388 689
f 387 689 675
f 388 404 689
f 689 404 690
f 689 691 675
f 689 690 691
f 693 690 692
f 695 696 694
f 697 698 692
f 697 696 698
f 697 694 696
f 697 692 694
f 699 700 695
f 695 700 678
f 699 695 405
f 694 405 695
f 695 678 696
f 701 684 700
f 700 684 681
f 701 700 406
f 699 406 700
f 678 700 681
f 683 684 389
f 684 390 389
f 390 684 407
f 701 407 684
f 686 376 397
f 397 702 686
f 702 703 686
f 685 686 703
f 687 402 400
f 398 402 420
f 704 420 402
f 704 402 705
f 687 705 402
f 388 403 404
f 423 706 404
f 404 706 690
f 404 403 423
f 707 708 706
f 708 692 706
f 709 707 706
f 423 709 706
f 706 692 690
f 710 405 708
f 708 405 694
f 711 710 708
f 707 711 708
f 708 694 692
f 699 405 406
f 405 426 406
f 426 405 424
f 405 710 424
f 701 406 407
f 406 429 407
f 429 406 426
f 390 407 408
f 407 429 408
f 702 397 418
f 418 712 702
f 702 713 703
f 712 713 702
f 420 714 419
f 714 420 704
f 715 419 714
f 716 715 714
f 714 717 716
f 714 704 717
f 709 423 422
f 711 707 709
f 450 711 709
f 709 422 450
f 710 711 424
f 711 425 424
f 425 711 453
f 711 450 453
f 445 444 468
f 418 718 712
f 445 718 418
f 445 719 718
f 718 720 712
f 715 446 419
f 715 470 446
f 715 721 470
f 715 716 721
f 453 451 425
f 722 443 464
f 443 480 465
f 723 467 465
f 445 468 719
f 719 468 724
f 467 724 468
f 719 725 718
f 470 726 469
f 470 721 726
f 483 469 726
f 721 727 726
f 494 479 478
f 722 464 479
f 728 722 479
f 443 722 480
f 729 480 722
f 729 722 728
f 465 480 723
f 730 723 480
f 480 729 730
f 724 467 723
f 724 723 731
f 731 723 730
f 732 719 724
f 724 731 732
f 725 719 732
f 481 469 483
f 481 483 497
f 483 733 497
f 483 734 733
f 726 734 483
f 493 494 478
f 491 506 493
f 479 494 728
f 494 735 728
f 493 736 494
f 494 736 735
f 728 735 737
f 738 728 737
f 728 738 729
f 738 739 729
f 738 737 739
f 740 729 739
f 729 740 730
f 740 741 730
f 740 739 741
f 742 730 741
f 730 742 731
f 742 743 731
f 742 741 743
f 497 745 496
f 497 733 745
f 500 513 502
f 746 504 502
f 505 506 491
f 504 514 505
f 493 506 736
f 506 747 736
f 505 748 506
f 506 748 747
f 736 749 735
f 736 747 749
f 752 496 745
f 752 508 496
f 753 508 752
f 754 753 752
f 754 752 745
f 512 513 500
f 502 513 746
f 755 746 513
f 755 513 756
f 512 756 513
f 504 746 514
f 757 514 746
f 758 757 746
f 755 758 746
f 505 514 748
f 759 748 514
f 759 514 520
f 514 757 520
f 759 760 748
f 760 761 748
f 748 761 747
f 753 516 508
f 762 516 753
f 763 762 753
f 754 764 753
f 764 763 753
f 756 512 519
f 758 755 756
f 765 758 756
f 766 765 756
f 519 766 756
f 757 758 520
f 526 520 758
f 767 526 758
f 765 767 758
f 759 520 760
f 528 760 520
f 528 520 526
f 768 760 530
f 760 528 530
f 768 761 760
f 762 522 516
f 769 522 762
f 763 770 762
f 769 762 770
f 766 519 524
f 767 765 766
f 771 767 766
f 772 771 766
f 524 772 766
f 767 527 526
f 773 527 767
f 771 773 767
f 530 531 768
f 531 541 768
f 768 541 774
f 768 774 775
f 776 774 777
f 769 533 522
f 780 533 769
f 781 780 769
f 772 524 534
f 773 771 772
f 782 773 772
f 782 772 546
f 772 534 546
f 773 537 527
f 537 773 548
f 782 548 773
f 531 538 541
f 541 783 774
f 783 541 557
f 541 538 557
f 783 558 784
f 783 785 774
f 785 777 774
f 785 784 777
f 784 785 783
f 787 777 784
f 787 788 777
f 787 786 788
f 787 784 786
f 533 780 543
f 790 543 780
f 791 790 780
f 792 791 780
f 780 781 792
f 542 543 560
f 543 790 560
f 782 546 548
f 547 548 546
f 537 548 549
f 548 547 549
f 783 557 558
f 558 557 556
f 793 794 558
f 558 794 784
f 793 558 574
f 574 558 556
f 793 796 794
f 794 796 795
f 794 786 784
f 794 795 786
f 797 786 795
f 797 795 798
f 790 791 560
f 577 560 791
f 799 577 791
f 800 799 791
f 791 792 800
f 559 560 577
f 793 574 796
f 796 574 575
f 796 801 795
f 802 801 796
f 575 802 796
f 801 803 795
f 803 798 795
f 803 804 798
f 803 801 804
f 577 799 805
f 806 799 800
f 806 805 799
f 807 576 577
f 807 577 805
f 802 575 586
f 801 802 808
f 586 809 802
f 808 802 809
f 808 810 801
f 810 804 801
f 807 588 576
f 811 588 807
f 807 805 812
f 811 807 812
f 588 811 597
f 594 591 602
f 809 586 595
f 813 809 595
f 813 595 814
f 814 595 594
f 813 815 809
f 815 816 809
f 809 816 808
f 818 597 811
f 819 818 811
f 597 820 596
f 818 820 597
f 591 601 602
f 594 602 814
f 821 814 602
f 821 602 822
f 601 822 602
f 815 813 814
f 823 815 814
f 821 823 814
f 815 824 816
f 820 604 596
f 825 604 820
f 826 825 820
f 820 818 826
f 822 601 607
f 827 822 607
f 827 607 614
f 614 607 605
f 823 821 822
f 828 823 822
f 827 828 822
f 829 815 823
f 823 828 829
f 830 815 829
f 825 609 604
f 831 609 825
f 832 831 825
f 833 832 825
f 825 826 833
f 609 615 608
f 609 831 615
f 613 614 605
f 614 834 827
f 613 835 614
f 614 835 834
f 834 836 827
f 836 828 827
f 836 837 828
f 836 834 837
f 838 828 837
f 838 829 828
f 831 832 615
f 839 615 832
f 840 839 832
f 832 833 840
f 608 615 616
f 615 841 616
f 841 615 839
f 610 616 618
f 618 616 842
f 616 841 842
f 835 613 624
f 843 835 624
f 843 624 634
f 624 622 634
f 843 844 835
f 835 844 834
f 846 839 840
f 847 841 839
f 839 846 847
f 842 841 847
f 626 617 618
f 848 626 618
f 842 849 618
f 618 849 848
f 626 850 625
f 848 850 626
f 851 632 631
f 622 633 634
f 852 633 632
f 853 843 634
f 633 854 634
f 853 634 854
f 855 843 853
f 855 844 843
f 635 625 850
f 848 856 850
f 858 857 635
f 635 850 858
f 859 636 635
f 860 637 636
f 861 638 637
f 851 631 638
f 862 851 638
f 638 863 862
f 852 632 851
f 864 852 851
f 862 864 851
f 854 633 852
f 852 864 854
f 854 865 853
f 859 635 857
f 858 866 857
f 859 860 636
f 867 860 859
f 857 868 859
f 859 868 867
f 861 637 860
f 869 861 860
f 860 867 869
f 863 638 861
f 863 861 870
f 861 869 870
f 863 871 862
f 872 864 862
f 644 643 874
f 644 874 875
f 876 875 874
f 646 874 643
f 877 878 646
f 646 878 874
f 648 879 877
f 879 880 877
f 877 646 648
f 650 881 879
f 881 882 879
f 879 648 650
f 879 882 880
f 652 883 881
f 881 650 652
f 882 881 884
f 883 884 881
f 655 883 652
f 640 641 886
f 887 886 641
f 886 661 640
f 886 885 661
f 888 886 887
f 886 888 885
f 875 641 644
f 641 639 644
f 887 641 875
f 655 654 889
f 883 655 890
f 655 889 890
f 654 891 889
f 894 893 892
f 892 896 895
f 895 897 892
f 659 660 895
f 898 895 660
f 895 667 659
f 885 660 661
f 660 656 661
f 660 885 898
f 891 654 662
f 899 891 662
f 899 900 891
f 901 889 891
f 900 901 891
f 674 904 902
f 904 905 902
f 902 673 674
f 902 905 906
f 676 907 904
f 907 908 904
f 904 674 676
f 904 908 905
f 676 677 907
f 907 677 909
f 907 910 908
f 907 909 910
f 912 913 911
f 909 914 911
f 915 910 909
f 915 913 910
f 915 911 913
f 911 915 909
f 916 917 912
f 917 893 912
f 918 916 912
f 911 918 912
f 912 893 913
f 680 896 917
f 917 896 892
f 917 679 680
f 916 679 917
f 917 892 893
f 895 896 667
f 896 666 667
f 896 680 666
f 899 662 668
f 919 899 668
f 919 920 899
f 899 920 900
f 688 921 922
f 923 922 921
f 670 671 921
f 924 921 671
f 921 688 670
f 902 671 673
f 671 669 673
f 671 902 924
f 676 675 677
f 909 677 914
f 691 914 677
f 677 675 691
f 918 911 914
f 698 918 914
f 698 914 693
f 691 693 914
f 916 918 679
f 696 679 918
f 918 698 696
f 678 679 696
f 919 668 685
f 925 919 685
f 925 926 919
f 919 926 920
f 927 688 922
f 927 687 688
f 927 705 687
f 927 922 929
f 691 690 693
f 698 693 692
f 925 685 703
f 703 930 925
f 925 931 926
f 930 931 925
f 927 928 705
f 928 704 705
f 928 932 704
f 932 717 704
f 932 933 717
f 932 928 933
f 928 934 933
f 927 934 928
f 713 930 703
f 713 712 720
f 713 935 930
f 717 936 716
f 717 933 936
f 937 936 933
f 938 713 720
f 939 720 718
f 938 720 939
f 936 721 716
f 727 721 936
f 940 727 936
f 936 941 940
f 939 718 725
f 725 942 939
f 938 939 943
f 942 943 939
f 726 727 734
f 944 734 727
f 944 727 940
f 732 731 744
f 725 945 942
f 945 725 732
f 945 732 946
f 734 947 733
f 947 734 944
f 948 733 947
f 944 949 947
f 950 737 735
f 951 739 737
f 739 750 741
f 731 743 744
f 741 751 743
f 732 744 946
f 744 952 946
f 743 953 744
f 744 953 952
f 946 954 945
f 946 952 954
f 948 745 733
f 948 955 745
f 956 955 948
f 947 957 948
f 956 948 957
f 950 735 749
f 958 950 749
f 958 749 959
f 959 749 747
f 951 737 950
f 960 951 950
f 961 960 950
f 958 961 950
f 739 951 750
f 962 750 951
f 963 962 951
f 960 963 951
f 741 750 751
f 750 964 751
f 964 750 965
f 962 965 750
f 743 751 953
f 953 751 966
f 964 966 751
f 953 967 952
f 745 955 754
f 955 764 754
f 968 764 955
f 956 969 955
f 968 955 969
f 959 747 761
f 961 958 959
f 961 959 970
f 971 970 959
f 761 971 959
f 963 960 961
f 963 961 972
f 972 961 970
f 965 962 963
f 973 965 963
f 974 973 963
f 972 974 963
f 966 964 965
f 975 966 965
f 976 975 965
f 973 976 965
f 953 966 977
f 978 977 966
f 975 978 966
f 977 979 953
f 763 764 770
f 980 770 764
f 968 981 764
f 980 764 981
f 971 761 768
f 982 983 971
f 970 971 983
f 982 971 775
f 971 768 775
f 984 974 983
f 983 974 972
f 984 983 776
f 982 776 983
f 970 983 972
f 976 973 974
f 985 976 974
f 985 974 778
f 984 778 974
f 978 975 976
f 986 978 976
f 986 976 779
f 985 779 976
f 977 978 987
f 986 988 978
f 978 988 987
f 987 989 977
f 769 770 990
f 990 770 980
f 982 775 776
f 775 774 776
f 984 776 778
f 777 778 776
f 985 778 779
f 778 788 779
f 788 778 777
f 986 779 988
f 991 988 779
f 991 779 789
f 779 788 789
f 991 992 988
f 992 993 988
f 988 993 987
f 994 987 993
f 781 769 990
f 781 990 995
f 996 781 995
f 789 788 786
f 991 789 992
f 789 997 992
f 997 789 797
f 797 789 786
f 998 999 997
f 992 999 993
f 992 997 999
f 1000 993 999
f 996 792 781
f 1001 792 996
f 1002 1001 996
f 1002 996 995
f 997 797 998
f 797 798 998
f 798 1004 998
f 998 1004 1003
f 998 1003 999
f 1001 800 792
f 1001 1006 800
f 1001 1002 1006
f 1004 798 804
f 804 1007 1004
f 1007 1008 1004
f 1004 1008 1003
f 806 800 1006
f 806 1010 805
f 1011 1010 806
f 806 1006 1011
f 1007 804 810
f 1012 1007 810
f 1012 810 817
f 808 817 810
f 1007 1013 1008
f 1012 1013 1007
f 1010 812 805
f 1010 1014 812
f 1011 1015 1010
f 1010 1015 1014
f 811 812 819
f 1014 819 812
f 808 816 817
f 816 1016 817
f 1016 1017 817
f 1012 817 1017
f 1019 818 819
f 1020 1019 819
f 1014 1020 819
f 824 1016 816
f 824 815 830
f 824 1021 1016
f 1021 1017 1016
f 1019 826 818
f 1022 826 1019
f 1023 1022 1019
f 1019 1020 1023
f 830 1024 824
f 1024 830 1025
f 1025 830 829
f 1024 1026 824
f 1022 833 826
f 1027 833 1022
f 1028 1027 1022
f 1022 1023 1028
f 837 834 845
f 1025 829 838
f 1029 1025 838
f 1029 838 1030
f 1030 838 837
f 1029 1031 1025
f 1024 1025 1031
f 1027 840 833
f 1032 840 1027
f 1033 1032 1027
f 1027 1028 1033
f 834 844 845
f 837 845 1030
f 1034 1030 845
f 844 1035 845
f 845 1035 1034
f 1036 1029 1030
f 1034 1036 1030
f 1037 1029 1036
f 1037 1031 1029
f 1032 846 840
f 1032 1038 846
f 1033 1039 1032
f 1032 1039 1038
f 846 1038 1040
f 1041 847 846
f 849 842 1042
f 1042 842 847
f 855 1035 844
f 855 1043 1035
f 1044 1043 855
f 1044 855 853
f 1044 853 1045
f 1044 1045 1043
f 1035 1046 1034
f 1035 1043 1046
f 1041 846 1040
f 1038 1047 1040
f 1042 847 1041
f 1048 1042 1041
f 1040 1049 1041
f 1041 1049 1048
f 1050 849 1042
f 1042 1048 1050
f 848 849 856
f 1051 856 849
f 849 1050 1051
f 850 856 858
f 856 1052 858
f 1051 1052 856
f 1052 866 858
f 864 873 854
f 1045 853 865
f 1053 1045 865
f 865 854 1053
f 1045 1054 1043
f 1053 1054 1045
f 1055 1052 1051
f 857 866 868
f 1052 1055 866
f 868 866 1055
f 868 1056 867
f 1057 869 867
f 863 870 871
f 1058 870 869
f 862 871 872
f 871 1059 872
f 870 1060 871
f 871 1060 1059
f 872 873 864
f 872 1061 873
f 872 1059 1061
f 854 873 1053
f 1062 1053 873
f 1062 873 1061
f 1053 1062 1063
f 1057 867 1056
f 868 1064 1056
f 1057 1056 1064
f 1058 869 1057
f 1065 1058 1057
f 1065 1057 1066
f 1060 870 1058
f 1065 1067 1058
f 1060 1058 1067
f 1060 1068 1059
f 1059 1069 1061
f 1070 1062 1061
f 878 1071 1072
f 1073 1072 1071
f 1071 880 1074
f 1074 1075 1071
f 1076 882 1077
f 1076 880 882
f 1076 1074 880
f 1076 1077 1074
f 887 1078 1079
f 1078 1080 1079
f 888 887 1079
f 888 1079 1081
f 1080 1081 1079
f 875 876 1078
f 876 1082 1078
f 1078 887 875
f 1078 1082 1080
f 876 878 1072
f 874 878 876
f 876 1072 1082
f 1071 878 880
f 878 877 880
f 882 884 1077
f 884 883 1083
f 1077 884 1084
f 884 1083 1084
f 883 890 1083
f 1085 897 1086
f 898 1087 1088
f 1086 898 1088
f 1088 1089 1086
f 885 888 1087
f 888 1081 1087
f 1087 898 885
f 1088 1087 1090
f 1087 1081 1090
f 890 889 1091
f 1083 890 1092
f 890 1091 1092
f 889 901 1091
f 906 1093 1094
f 906 1094 903
f 1093 1095 1094
f 905 1096 1093
f 1096 1097 1093
f 1093 906 905
f 1093 1097 1098
f 908 1099 1096
f 1099 1100 1096
f 1096 905 908
f 1096 1100 1097
f 910 1101 1099
f 1101 1102 1099
f 1099 908 910
f 1099 1102 1100
f 913 1103 1101
f 1103 1104 1101
f 1101 910 913
f 1101 1104 1102
f 894 1103 893
f 1105 1103 894
f 1103 913 893
f 1103 1105 1104
f 1085 894 897
f 894 892 897
f 894 1085 1105
f 1086 897 898
f 897 895 898
f 901 900 1106
f 1107 901 1106
f 1108 1091 901
f 1107 1108 901
f 924 903 1109
f 1110 1109 903
f 924 1109 1111
f 1112 1109 1110
f 1112 1111 1109
f 903 902 906
f 902 903 924
f 903 1094 1110
f 1106 900 920
f 1113 1106 920
f 1114 1106 1113
f 1107 1106 1114
f 922 923 1115
f 923 1116 1115
f 1115 929 922
f 1115 1117 929
f 1116 1118 1115
f 1118 1117 1115
f 923 924 1111
f 921 924 923
f 923 1111 1116
f 1113 920 926
f 1113 926 1119
f 1114 1113 1119
f 1121 929 1117
f 1121 927 929
f 1121 934 927
f 1121 1120 934
f 1122 1123 1120
f 1122 1117 1123
f 1122 1121 1117
f 1121 1122 1120
f 931 1119 926
f 931 1124 1119
f 931 935 1124
f 931 930 935
f 1125 934 1120
f 1125 933 934
f 937 933 1125
f 1126 937 1125
f 1126 1120 1127
f 1120 1126 1125
f 935 713 1128
f 1129 935 1128
f 1124 935 1129
f 936 937 941
f 937 1130 941
f 1130 937 1126
f 1128 713 938
f 1128 938 1131
f 1131 938 943
f 1131 1132 1128
f 1129 1128 1132
f 941 1133 940
f 1133 941 1130
f 1134 940 1133
f 1135 1133 1130
f 1136 943 942
f 1131 943 1136
f 1134 944 940
f 1134 949 944
f 1137 949 1134
f 1134 1138 1137
f 1133 1138 1134
f 945 1139 942
f 1140 1136 942
f 1139 1140 942
f 947 949 957
f 949 1141 957
f 1141 949 1137
f 954 1139 945
f 1142 954 952
f 1143 954 1142
f 1139 954 1143
f 956 957 969
f 957 1144 969
f 1144 957 1141
f 1142 952 967
f 967 953 979
f 967 1145 1142
f 1142 1146 1143
f 1145 1146 1142
f 968 969 981
f 969 1147 981
f 1147 969 1144
f 967 979 1145
f 979 1148 1145
f 1148 979 989
f 979 977 989
f 1148 1149 1145
f 980 981 1150
f 981 1147 1150
f 989 1151 1148
f 1151 989 994
f 989 987 994
f 1151 1152 1148
f 1153 980 1150
f 1153 990 980
f 1153 1154 990
f 1153 1150 1154
f 994 1155 1151
f 1155 994 1000
f 1000 994 993
f 1155 1156 1151
f 1157 990 1154
f 1157 995 990
f 1157 1158 995
f 1159 1158 1157
f 1159 1157 1154
f 1000 1160 1155
f 1160 1000 1005
f 999 1005 1000
f 995 1158 1002
f 1158 1161 1002
f 1162 1161 1158
f 1162 1158 1159
f 999 1003 1005
f 1005 1163 1160
f 1005 1009 1163
f 1005 1003 1009
f 1002 1161 1006
f 1006 1161 1164
f 1161 1162 1164
f 1003 1008 1009
f 1008 1165 1009
f 1166 1009 1165
f 1009 1166 1163
f 1164 1167 1006
f 1167 1011 1006
f 1167 1015 1011
f 1167 1168 1015
f 1167 1164 1168
f 1165 1008 1013
f 1012 1018 1013
f 1013 1169 1165
f 1165 1170 1166
f 1169 1170 1165
f 1015 1171 1014
f 1172 1171 1015
f 1173 1015 1168
f 1172 1015 1173
f 1012 1017 1018
f 1169 1013 1018
f 1174 1169 1018
f 1017 1175 1018
f 1175 1174 1018
f 1174 1176 1169
f 1171 1020 1014
f 1177 1020 1171
f 1178 1177 1171
f 1172 1179 1171
f 1178 1171 1179
f 1021 1175 1017
f 1021 1180 1175
f 1180 1021 1026
f 824 1026 1021
f 1180 1181 1175
f 1181 1174 1175
f 1177 1023 1020
f 1182 1023 1177
f 1183 1182 1177
f 1178 1184 1177
f 1183 1177 1184
f 1185 1026 1024
f 1185 1186 1026
f 1180 1026 1186
f 1182 1028 1023
f 1188 1028 1182
f 1189 1188 1182
f 1183 1190 1182
f 1189 1182 1190
f 1185 1024 1031
f 1031 1191 1185
f 1185 1192 1186
f 1191 1192 1185
f 1188 1033 1028
f 1188 1193 1033
f 1189 1194 1188
f 1188 1194 1193
f 1033 1193 1039
f 1195 1036 1196
f 1196 1036 1034
f 1037 1191 1031
f 1197 1191 1037
f 1037 1036 1195
f 1037 1195 1197
f 1197 1198 1191
f 1039 1199 1038
f 1039 1193 1200
f 1199 1039 1200
f 1196 1034 1046
f 1196 1046 1201
f 1046 1043 1202
f 1046 1202 1201
f 1195 1196 1203
f 1196 1201 1203
f 1199 1047 1038
f 1204 1047 1199
f 1205 1204 1199
f 1040 1047 1049
f 1204 1049 1047
f 1049 1206 1048
f 1207 1050 1048
f 1208 1051 1050
f 1054 1202 1043
f 1054 1209 1202
f 1210 1209 1054
f 1210 1054 1053
f 1202 1211 1201
f 1202 1209 1211
f 1204 1212 1049
f 1207 1048 1206
f 1208 1050 1207
f 1213 1208 1207
f 1206 1214 1207
f 1207 1214 1213
f 1208 1055 1051
f 1215 1055 1208
f 1215 1208 1213
f 1055 1215 1216
f 1217 868 1055
f 1210 1053 1063
f 1210 1063 1218
f 1063 1062 1219
f 1063 1219 1218
f 1210 1220 1209
f 1210 1218 1220
f 1217 1055 1216
f 1222 1217 1216
f 1223 1215 1224
f 1215 1223 1216
f 1223 1222 1216
f 1223 1224 1222
f 1217 1064 868
f 1217 1225 1064
f 1217 1222 1225
f 1057 1064 1066
f 1064 1226 1066
f 1064 1225 1226
f 1065 1066 1067
f 1066 1227 1067
f 1066 1226 1227
f 1060 1067 1068
f 1067 1228 1068
f 1067 1227 1228
f 1059 1068 1069
f 1069 1068 1229
f 1068 1228 1229
f 1061 1069 1070
f 1069 1230 1070
f 1069 1229 1230
f 1070 1219 1062
f 1231 1219 1070
f 1070 1230 1231
f 1231 1232 1219
f 1232 1218 1219
f 1233 1226 1225
f 1226 1234 1227
f 1227 1235 1228
f 1236 1229 1228
f 1080 1238 1239
f 1237 1080 1239
f 1082 1240 1238
f 1240 1241 1238
f 1238 1080 1082
f 1239 1238 1242
f 1238 1241 1242
f 1072 1073 1240
f 1073 1243 1240
f 1240 1082 1072
f 1240 1243 1241
f 1071 1075 1073
f 1244 1073 1075
f 1073 1244 1243
f 1075 1074 1245
f 1246 1075 1245
f 1244 1075 1246
f 1245 1077 1247
f 1245 1074 1077
f 1248 1246 1245
f 1247 1248 1245
f 1080 1250 1081
f 1250 1080 1237
f 1250 1090 1081
f 1249 1090 1250
f 1249 1250 1252
f 1250 1237 1252
f 1084 1247 1077
f 1253 1084 1083
f 1247 1084 1254
f 1253 1254 1084
f 1253 1083 1092
f 1098 1258 1257
f 1098 1257 1095
f 1255 1095 1257
f 1259 1257 1258
f 1257 1259 1255
f 1097 1260 1098
f 1260 1261 1098
f 1098 1261 1258
f 1100 1262 1260
f 1262 1263 1260
f 1260 1097 1100
f 1260 1263 1261
f 1102 1264 1262
f 1264 1265 1262
f 1262 1100 1102
f 1263 1262 1266
f 1265 1266 1262
f 1104 1267 1264
f 1267 1268 1264
f 1264 1102 1104
f 1265 1264 1269
f 1268 1269 1264
f 1105 1270 1267
f 1270 1271 1267
f 1267 1104 1105
f 1268 1267 1272
f 1271 1272 1267
f 1273 1270 1085
f 1273 1274 1270
f 1270 1105 1085
f 1275 1271 1270
f 1274 1275 1270
f 1086 1089 1273
f 1276 1273 1089
f 1086 1273 1085
f 1274 1273 1276
f 1249 1089 1090
f 1089 1088 1090
f 1089 1249 1276
f 1277 1092 1091
f 1253 1092 1278
f 1277 1278 1092
f 1108 1277 1091
f 1283 1284 1280
f 1283 1285 1284
f 1283 1281 1285
f 1283 1280 1281
f 1110 1095 1281
f 1281 1095 1255
f 1281 1112 1110
f 1281 1255 1285
f 1095 1093 1098
f 1094 1095 1110
f 1108 1107 1286
f 1287 1108 1286
f 1287 1277 1108
f 1282 1280 1288
f 1289 1118 1288
f 1290 1288 1280
f 1290 1289 1288
f 1281 1282 1112
f 1282 1111 1112
f 1282 1116 1111
f 1288 1116 1282
f 1281 1280 1282
f 1286 1107 1114
f 1286 1114 1291
f 1287 1286 1292
f 1292 1286 1291
f 1117 1118 1293
f 1118 1289 1293
f 1123 1117 1293
f 1294 1123 1293
f 1294 1293 1289
f 1288 1118 1116
f 1295 1291 1114
f 1295 1114 1119
f 1295 1119 1296
f 1295 1296 1291
f 1120 1123 1297
f 1298 1297 1123
f 1297 1127 1120
f 1299 1127 1297
f 1298 1300 1297
f 1300 1299 1297
f 1298 1123 1294
f 1301 1296 1119
f 1301 1119 1124
f 1301 1124 1302
f 1301 1302 1296
f 1127 1303 1126
f 1303 1127 1299
f 1304 1302 1124
f 1304 1124 1129
f 1129 1132 1304
f 1305 1304 1132
f 1304 1305 1302
f 1306 1126 1303
f 1306 1130 1126
f 1306 1135 1130
f 1307 1135 1306
f 1303 1308 1306
f 1307 1306 1308
f 1132 1131 1309
f 1310 1132 1309
f 1305 1132 1311
f 1132 1310 1311
f 1133 1135 1138
f 1312 1138 1135
f 1135 1307 1312
f 1309 1131 1136
f 1309 1136 1313
f 1140 1313 1136
f 1313 1314 1309
f 1314 1310 1309
f 1138 1315 1137
f 1315 1138 1312
f 1316 1140 1139
f 1316 1317 1140
f 1140 1318 1313
f 1317 1318 1140
f 1319 1137 1315
f 1319 1141 1137
f 1319 1320 1141
f 1320 1319 1315
f 1316 1139 1143
f 1316 1143 1321
f 1322 1316 1321
f 1322 1317 1316
f 1323 1141 1320
f 1323 1144 1141
f 1324 1144 1323
f 1325 1324 1323
f 1320 1326 1323
f 1325 1323 1326
f 1146 1321 1143
f 1146 1327 1321
f 1146 1149 1327
f 1146 1145 1149
f 1324 1147 1144
f 1328 1147 1324
f 1329 1328 1324
f 1324 1325 1329
f 1149 1148 1152
f 1330 1149 1152
f 1327 1149 1330
f 1328 1150 1147
f 1331 1150 1328
f 1328 1329 1332
f 1151 1156 1152
f 1333 1152 1156
f 1330 1152 1333
f 1331 1154 1150
f 1331 1334 1154
f 1335 1334 1331
f 1328 1336 1331
f 1335 1331 1336
f 1337 1156 1155
f 1337 1338 1156
f 1156 1338 1333
f 1154 1334 1159
f 1334 1339 1159
f 1340 1339 1334
f 1335 1341 1334
f 1341 1340 1334
f 1337 1155 1160
f 1342 1337 1160
f 1342 1343 1337
f 1337 1343 1338
f 1159 1339 1162
f 1162 1339 1344
f 1339 1340 1344
f 1342 1160 1163
f 1163 1345 1342
f 1345 1346 1342
f 1342 1346 1343
f 1344 1347 1162
f 1162 1347 1164
f 1347 1348 1164
f 1347 1344 1348
f 1345 1163 1166
f 1166 1349 1345
f 1346 1345 1350
f 1349 1350 1345
f 1351 1164 1348
f 1351 1168 1164
f 1351 1173 1168
f 1351 1352 1173
f 1352 1351 1348
f 1170 1349 1166
f 1170 1353 1349
f 1170 1176 1353
f 1170 1169 1176
f 1353 1354 1349
f 1172 1173 1179
f 1173 1355 1179
f 1173 1352 1356
f 1355 1173 1356
f 1174 1357 1176
f 1353 1176 1358
f 1176 1357 1358
f 1178 1179 1184
f 1179 1359 1184
f 1179 1355 1360
f 1359 1179 1360
f 1181 1357 1174
f 1181 1361 1357
f 1187 1361 1181
f 1180 1187 1181
f 1362 1357 1361
f 1183 1184 1190
f 1184 1363 1190
f 1363 1184 1364
f 1184 1359 1364
f 1180 1186 1187
f 1186 1365 1187
f 1187 1366 1361
f 1365 1366 1187
f 1189 1190 1194
f 1367 1194 1190
f 1367 1190 1363
f 1192 1365 1186
f 1191 1198 1192
f 1368 1192 1198
f 1365 1192 1368
f 1194 1369 1193
f 1367 1370 1194
f 1369 1194 1370
f 1198 1197 1371
f 1371 1197 1195
f 1371 1368 1198
f 1369 1200 1193
f 1200 1369 1372
f 1373 1372 1369
f 1199 1200 1205
f 1205 1200 1372
f 1203 1371 1195
f 1374 1371 1203
f 1203 1201 1375
f 1203 1375 1374
f 1376 1204 1205
f 1205 1372 1377
f 1376 1205 1377
f 1376 1212 1204
f 1211 1375 1201
f 1378 1375 1211
f 1211 1209 1379
f 1378 1211 1379
f 1049 1212 1206
f 1212 1380 1206
f 1376 1381 1212
f 1212 1381 1380
f 1214 1206 1382
f 1206 1380 1382
f 1383 1213 1214
f 1215 1213 1221
f 1220 1379 1209
f 1384 1379 1220
f 1220 1218 1385
f 1384 1220 1385
f 1384 1386 1379
f 1386 1378 1379
f 1383 1214 1382
f 1387 1382 1380
f 1221 1213 1383
f 1388 1221 1383
f 1382 1389 1383
f 1383 1389 1388
f 1215 1221 1224
f 1221 1388 1224
f 1224 1390 1222
f 1391 1225 1222
f 1392 1230 1229
f 1393 1232 1231
f 1394 1393 1231
f 1394 1231 1230
f 1232 1385 1218
f 1385 1232 1395
f 1395 1232 1393
f 1391 1222 1390
f 1233 1225 1391
f 1396 1233 1391
f 1390 1397 1391
f 1391 1397 1396
f 1226 1233 1234
f 1233 1398 1234
f 1398 1233 1396
f 1227 1234 1235
f 1234 1399 1235
f 1234 1398 1399
f 1228 1235 1236
f 1236 1235 1400
f 1235 1399 1400
f 1392 1229 1236
f 1401 1392 1236
f 1400 1402 1236
f 1401 1236 1402
f 1392 1394 1230
f 1403 1394 1392
f 1403 1392 1401
f 1403 1393 1394
f 1407 1406 1405
f 1408 1407 1405
f 1405 1239 1242
f 1242 1409 1405
f 1241 1410 1411
f 1242 1241 1411
f 1411 1412 1242
f 1410 1243 1414
f 1413 1414 1243
f 1410 1241 1243
f 1415 1411 1410
f 1415 1410 1414
f 1416 1244 1417
f 1416 1243 1244
f 1416 1414 1243
f 1413 1243 1414
f 1416 1417 1414
f 1246 1417 1244
f 1421 1422 1420
f 1421 1423 1422
f 1421 1419 1423
f 1421 1420 1419
f 1419 1425 1424
f 1426 1423 1419
f 1424 1426 1419
f 1428 1424 1427
f 1431 1433 1432
f 1431 1430 1433
f 1252 1406 1434
f 1406 1407 1434
f 1251 1252 1434
f 1433 1251 1434
f 1434 1432 1433
f 1434 1407 1432
f 1405 1406 1239
f 1406 1237 1239
f 1406 1252 1237
f 1435 1246 1248
f 1246 1436 1417
f 1246 1435 1436
f 1248 1247 1437
f 1435 1248 1437
f 1440 1439 1438
f 1438 1442 1441
f 1443 1441 1444
f 1441 1443 1438
f 1446 1420 1445
f 1441 1256 1445
f 1441 1445 1420
f 1258 1425 1446
f 1446 1425 1419
f 1446 1259 1258
f 1445 1259 1446
f 1446 1419 1420
f 1261 1447 1425
f 1424 1425 1447
f 1425 1258 1261
f 1266 1427 1447
f 1266 1447 1263
f 1447 1261 1263
f 1447 1427 1424
f 1449 1427 1266
f 1448 1449 1266
f 1448 1269 1450
f 1451 1452 1448
f 1451 1453 1452
f 1451 1450 1453
f 1450 1451 1448
f 1450 1272 1454
f 1455 1453 1450
f 1455 1456 1453
f 1455 1454 1456
f 1454 1455 1450
f 1454 1275 1457
f 1458 1456 1454
f 1458 1430 1456
f 1458 1457 1430
f 1457 1458 1454
f 1276 1251 1459
f 1251 1433 1459
f 1457 1276 1459
f 1459 1430 1457
f 1459 1433 1430
f 1249 1252 1251
f 1249 1251 1276
f 1254 1437 1247
f 1435 1437 1460
f 1254 1253 1461
f 1462 1254 1461
f 1462 1437 1254
f 1464 1439 1463
f 1466 1465 1463
f 1467 1463 1439
f 1467 1466 1463
f 1284 1442 1464
f 1464 1442 1438
f 1284 1464 1279
f 1463 1279 1464
f 1464 1438 1439
f 1256 1441 1442
f 1285 1256 1442
f 1442 1284 1285
f 1445 1256 1259
f 1255 1259 1256
f 1255 1256 1285
f 1448 1266 1269
f 1266 1265 1269
f 1450 1269 1272
f 1269 1268 1272
f 1454 1272 1275
f 1271 1275 1272
f 1457 1275 1276
f 1274 1276 1275
f 1461 1253 1278
f 1461 1278 1468
f 1462 1461 1469
f 1468 1469 1461
f 1278 1277 1470
f 1278 1470 1468
f 1463 1465 1279
f 1473 1279 1471
f 1465 1466 1471
f 1279 1465 1471
f 1284 1279 1280
f 1279 1290 1280
f 1470 1277 1287
f 1470 1287 1474
f 1468 1470 1475
f 1474 1475 1470
f 1287 1292 1474
f 1476 1473 1471
f 1471 1477 1476
f 1279 1473 1290
f 1473 1289 1290
f 1473 1294 1289
f 1476 1294 1473
f 1478 1292 1291
f 1479 1292 1478
f 1292 1480 1474
f 1479 1480 1292
f 1481 1294 1476
f 1300 1294 1481
f 1476 1482 1481
f 1478 1291 1296
f 1478 1296 1483
f 1479 1478 1483
f 1298 1294 1300
f 1300 1484 1299
f 1300 1485 1484
f 1481 1485 1300
f 1486 1483 1296
f 1486 1296 1302
f 1486 1302 1487
f 1486 1487 1483
f 1488 1299 1484
f 1488 1303 1299
f 1488 1308 1303
f 1489 1308 1488
f 1484 1490 1488
f 1490 1489 1488
f 1491 1487 1302
f 1491 1302 1305
f 1491 1305 1492
f 1491 1492 1487
f 1307 1308 1493
f 1308 1489 1493
f 1311 1492 1305
f 1310 1314 1311
f 1494 1311 1314
f 1311 1494 1492
f 1495 1307 1493
f 1495 1312 1307
f 1495 1496 1312
f 1495 1493 1496
f 1497 1312 1496
f 1493 1498 1496
f 1313 1499 1314
f 1494 1314 1500
f 1499 1500 1314
f 1497 1315 1312
f 1497 1501 1315
f 1502 1501 1497
f 1503 1497 1504
f 1496 1504 1497
f 1503 1504 1497
f 1502 1497 1504
f 1318 1499 1313
f 1317 1322 1318
f 1505 1318 1322
f 1499 1318 1505
f 1315 1501 1320
f 1501 1326 1320
f 1506 1326 1501
f 1501 1507 1506
f 1502 1507 1501
f 1508 1322 1321
f 1508 1509 1322
f 1322 1509 1505
f 1326 1510 1325
f 1510 1326 1506
f 1508 1321 1327
f 1327 1511 1508
f 1511 1512 1508
f 1508 1512 1509
f 1513 1325 1510
f 1513 1329 1325
f 1514 1329 1513
f 1510 1515 1513
f 1515 1514 1513
f 1511 1327 1330
f 1330 1516 1511
f 1516 1517 1511
f 1511 1517 1512
f 1518 1512 1517
f 1332 1329 1514
f 1519 1332 1514
f 1514 1520 1519
f 1328 1332 1336
f 1332 1519 1336
f 1516 1330 1333
f 1333 1521 1516
f 1521 1522 1516
f 1516 1522 1517
f 1523 1517 1522
f 1335 1336 1341
f 1524 1341 1336
f 1336 1519 1524
f 1521 1333 1338
f 1338 1525 1521
f 1525 1526 1521
f 1521 1526 1522
f 1340 1341 1528
f 1529 1528 1341
f 1524 1530 1341
f 1529 1341 1530
f 1525 1338 1343
f 1525 1343 1531
f 1531 1532 1525
f 1532 1526 1525
f 1340 1528 1344
f 1344 1528 1533
f 1528 1529 1533
f 1534 1531 1343
f 1534 1343 1346
f 1534 1346 1535
f 1534 1535 1531
f 1535 1346 1350
f 1536 1531 1535
f 1533 1537 1344
f 1537 1348 1344
f 1537 1538 1348
f 1537 1533 1538
f 1538 1539 1348
f 1349 1354 1350
f 1540 1350 1354
f 1535 1350 1540
f 1539 1352 1348
f 1539 1356 1352
f 1539 1541 1356
f 1539 1538 1542
f 1541 1539 1542
f 1353 1543 1354
f 1354 1544 1540
f 1543 1544 1354
f 1355 1356 1360
f 1356 1545 1360
f 1356 1541 1546
f 1545 1356 1546
f 1358 1543 1353
f 1358 1547 1543
f 1358 1362 1547
f 1358 1357 1362
f 1359 1360 1364
f 1360 1548 1364
f 1360 1545 1549
f 1548 1360 1549
f 1362 1361 1550
f 1547 1362 1551
f 1362 1550 1551
f 1364 1552 1363
f 1552 1364 1548
f 1366 1550 1361
f 1366 1553 1550
f 1554 1553 1366
f 1554 1366 1365
f 1553 1555 1550
f 1363 1556 1367
f 1556 1370 1367
f 1363 1552 1556
f 1554 1365 1368
f 1554 1368 1557
f 1368 1558 1557
f 1557 1559 1554
f 1559 1553 1554
f 1369 1370 1373
f 1560 1373 1370
f 1560 1370 1556
f 1558 1368 1371
f 1561 1558 1371
f 1561 1371 1374
f 1558 1561 1562
f 1563 1372 1373
f 1373 1560 1564
f 1563 1373 1564
f 1374 1565 1561
f 1375 1565 1374
f 1565 1566 1561
f 1377 1372 1563
f 1377 1563 1567
f 1568 1567 1563
f 1569 1376 1377
f 1569 1377 1567
f 1375 1378 1570
f 1386 1570 1378
f 1570 1571 1375
f 1571 1565 1375
f 1569 1381 1376
f 1569 1567 1572
f 1381 1569 1572
f 1381 1573 1380
f 1386 1384 1574
f 1575 1574 1384
f 1575 1384 1385
f 1574 1576 1386
f 1576 1570 1386
f 1387 1380 1573
f 1578 1387 1573
f 1573 1381 1579
f 1573 1579 1578
f 1382 1387 1389
f 1387 1578 1389
f 1389 1580 1388
f 1582 1581 1224
f 1582 1224 1388
f 1582 1388 1580
f 1582 1580 1581
f 1583 1390 1224
f 1584 1585 1403
f 1584 1403 1401
f 1587 1586 1393
f 1587 1393 1403
f 1587 1403 1585
f 1587 1585 1586
f 1395 1575 1385
f 1588 1575 1395
f 1395 1393 1586
f 1588 1395 1586
f 1588 1589 1575
f 1589 1574 1575
f 1578 1590 1389
f 1389 1591 1580
f 1583 1224 1581
f 1580 1592 1581
f 1583 1397 1390
f 1593 1397 1583
f 1581 1594 1583
f 1593 1583 1594
f 1397 1595 1396
f 1595 1397 1593
f 1596 1398 1396
f 1596 1396 1595
f 1597 1598 1399
f 1597 1399 1398
f 1599 1402 1400
f 1599 1600 1402
f 1599 1400 1399
f 1599 1399 1598
f 1599 1598 1600
f 1402 1584 1401
f 1601 1584 1402
f 1600 1602 1402
f 1601 1402 1602
f 1584 1601 1585
f 1596 1597 1398
f 1603 1597 1596
f 1603 1596 1595
f 1597 1603 1598
f 1607 1605 1606
f 1608 1609 1606
f 1610 1608 1611
f 1615 1614 1616
f 1616 1618 1617
f 1619 1616 1617
f 1617 1404 1620
f 1620 1621 1617
f 1620 1408 1622
f 1622 1623 1620
f 1622 1409 1624
f 1624 1625 1622
f 1422 1628 1629
f 1628 1605 1629
f 1422 1629 1418
f 1626 1418 1629
f 1629 1627 1626
f 1629 1605 1627
f 1423 1630 1628
f 1628 1630 1606
f 1628 1422 1423
f 1628 1606 1605
f 1630 1428 1608
f 1428 1630 1426
f 1630 1423 1426
f 1606 1630 1608
f 1631 1611 1632
f 1631 1632 1428
f 1428 1632 1608
f 1632 1611 1608
f 1631 1634 1633
f 1635 1611 1631
f 1635 1636 1611
f 1635 1633 1636
f 1633 1635 1631
f 1639 1637 1633
f 1640 1636 1633
f 1640 1638 1636
f 1640 1637 1638
f 1637 1640 1633
f 1641 1642 1643
f 1642 1614 1643
f 1644 1641 1643
f 1637 1644 1643
f 1643 1638 1637
f 1643 1614 1638
f 1618 1616 1429
f 1641 1429 1642
f 1642 1616 1614
f 1642 1429 1616
f 1617 1618 1404
f 1432 1404 1618
f 1618 1431 1432
f 1429 1431 1618
f 1620 1404 1408
f 1408 1404 1407
f 1407 1404 1432
f 1622 1408 1409
f 1408 1405 1409
f 1624 1409 1412
f 1409 1242 1412
f 1411 1415 1412
f 1645 1412 1415
f 1624 1412 1645
f 1646 1415 1414
f 1647 1645 1415
f 1647 1415 1646
f 1648 1414 1417
f 1414 1648 1646
f 1651 1652 1650
f 1649 1440 1650
f 1653 1650 1652
f 1650 1653 1649
f 1444 1418 1651
f 1651 1418 1626
f 1651 1443 1444
f 1650 1443 1651
f 1651 1626 1652
f 1422 1418 1420
f 1420 1418 1441
f 1418 1444 1441
f 1426 1424 1428
f 1631 1428 1634
f 1634 1428 1427
f 1452 1639 1634
f 1633 1634 1639
f 1452 1634 1449
f 1634 1427 1449
f 1644 1637 1639
f 1453 1644 1639
f 1639 1452 1453
f 1641 1644 1429
f 1456 1429 1644
f 1644 1453 1456
f 1431 1429 1430
f 1429 1456 1430
f 1436 1648 1417
f 1654 1648 1436
f 1646 1648 1654
f 1655 1436 1435
f 1654 1436 1656
f 1655 1656 1436
f 1655 1435 1460
f 1657 1658 1659
f 1658 1660 1659
f 1661 1657 1659
f 1658 1440 1649
f 1658 1439 1440
f 1658 1467 1439
f 1657 1467 1658
f 1658 1649 1660
f 1650 1440 1443
f 1440 1438 1443
f 1449 1448 1452
f 1437 1462 1460
f 1662 1460 1462
f 1460 1662 1663
f 1655 1460 1664
f 1663 1664 1460
f 1469 1662 1462
f 1657 1661 1467
f 1661 1466 1467
f 1466 1661 1472
f 1472 1661 1665
f 1661 1666 1665
f 1659 1666 1661
f 1662 1469 1663
f 1468 1667 1469
f 1668 1469 1667
f 1668 1663 1469
f 1472 1665 1669
f 1670 1669 1665
f 1472 1471 1466
f 1471 1472 1477
f 1472 1669 1477
f 1468 1475 1667
f 1474 1671 1475
f 1672 1667 1475
f 1671 1672 1475
f 1673 1477 1669
f 1669 1674 1673
f 1674 1675 1673
f 1476 1477 1482
f 1477 1673 1482
f 1480 1671 1474
f 1480 1479 1676
f 1677 1480 1676
f 1677 1671 1480
f 1678 1482 1673
f 1679 1675 1680
f 1679 1673 1675
f 1673 1679 1678
f 1679 1680 1678
f 1481 1482 1485
f 1482 1678 1485
f 1676 1479 1483
f 1681 1676 1483
f 1682 1676 1681
f 1677 1676 1683
f 1682 1683 1676
f 1485 1684 1484
f 1684 1485 1678
f 1490 1484 1684
f 1685 1490 1684
f 1684 1680 1685
f 1684 1678 1680
f 1681 1483 1487
f 1686 1681 1487
f 1682 1681 1687
f 1681 1686 1687
f 1490 1688 1489
f 1490 1685 1688
f 1686 1487 1492
f 1686 1492 1690
f 1691 1690 1492
f 1692 1489 1688
f 1692 1493 1489
f 1493 1692 1498
f 1693 1498 1692
f 1688 1694 1692
f 1694 1693 1692
f 1691 1492 1494
f 1494 1500 1691
f 1695 1691 1500
f 1690 1691 1696
f 1691 1695 1696
f 1496 1498 1504
f 1498 1697 1504
f 1697 1498 1693
f 1500 1499 1698
f 1699 1500 1698
f 1695 1500 1700
f 1500 1699 1700
f 1502 1504 1507
f 1507 1504 1701
f 1504 1697 1701
f 1698 1499 1505
f 1505 1702 1698
f 1702 1703 1698
f 1699 1698 1704
f 1698 1703 1704
f 1507 1705 1506
f 1507 1701 1705
f 1702 1505 1509
f 1509 1706 1702
f 1706 1707 1702
f 1702 1707 1703
f 1708 1506 1705
f 1708 1510 1506
f 1708 1515 1510
f 1709 1515 1708
f 1709 1708 1705
f 1706 1509 1512
f 1710 1706 1518
f 1706 1512 1518
f 1710 1707 1706
f 1520 1514 1515
f 1711 1520 1515
f 1709 1712 1515
f 1712 1711 1515
f 1518 1713 1710
f 1713 1518 1523
f 1523 1518 1517
f 1713 1714 1710
f 1520 1715 1519
f 1716 1715 1520
f 1711 1717 1520
f 1717 1716 1520
f 1523 1718 1713
f 1718 1523 1527
f 1522 1527 1523
f 1718 1719 1713
f 1715 1524 1519
f 1715 1720 1524
f 1716 1720 1715
f 1530 1524 1720
f 1526 1527 1522
f 1721 1718 1527
f 1526 1722 1527
f 1721 1527 1722
f 1721 1723 1718
f 1530 1724 1529
f 1725 1724 1530
f 1725 1530 1720
f 1532 1722 1526
f 1532 1726 1722
f 1536 1726 1532
f 1531 1536 1532
f 1722 1727 1721
f 1722 1726 1727
f 1529 1724 1533
f 1724 1728 1533
f 1729 1728 1724
f 1724 1725 1730
f 1729 1724 1730
f 1731 1536 1535
f 1731 1732 1536
f 1536 1732 1726
f 1728 1538 1533
f 1728 1733 1538
f 1729 1734 1728
f 1728 1734 1733
f 1538 1733 1542
f 1731 1535 1540
f 1540 1735 1731
f 1735 1736 1731
f 1731 1736 1732
f 1541 1542 1546
f 1542 1737 1546
f 1542 1733 1737
f 1735 1540 1544
f 1735 1544 1738
f 1543 1738 1544
f 1738 1739 1735
f 1736 1735 1739
f 1545 1546 1549
f 1546 1740 1549
f 1740 1546 1737
f 1543 1547 1741
f 1741 1742 1543
f 1543 1742 1738
f 1548 1549 1743
f 1549 1740 1743
f 1551 1741 1547
f 1550 1555 1551
f 1744 1551 1555
f 1741 1551 1744
f 1552 1548 1743
f 1552 1743 1745
f 1746 1552 1745
f 1747 1745 1743
f 1553 1748 1555
f 1744 1555 1749
f 1748 1749 1555
f 1746 1556 1552
f 1750 1556 1746
f 1751 1750 1746
f 1745 1752 1746
f 1751 1746 1752
f 1559 1557 1753
f 1754 1559 1753
f 1753 1557 1558
f 1753 1558 1755
f 1753 1755 1754
f 1748 1553 1559
f 1754 1756 1559
f 1748 1559 1756
f 1750 1560 1556
f 1757 1560 1750
f 1751 1758 1750
f 1757 1750 1758
f 1562 1755 1558
f 1561 1566 1562
f 1759 1562 1566
f 1755 1562 1760
f 1562 1759 1760
f 1564 1560 1757
f 1564 1757 1761
f 1762 1761 1757
f 1563 1564 1568
f 1568 1564 1761
f 1566 1565 1763
f 1571 1763 1565
f 1763 1759 1566
f 1764 1567 1568
f 1568 1761 1765
f 1764 1568 1765
f 1571 1570 1766
f 1576 1766 1570
f 1766 1767 1571
f 1767 1763 1571
f 1572 1567 1764
f 1768 1572 1764
f 1764 1769 1768
f 1381 1572 1577
f 1768 1577 1572
f 1576 1574 1770
f 1589 1770 1574
f 1770 1771 1576
f 1771 1766 1576
f 1381 1577 1579
f 1772 1579 1577
f 1773 1772 1577
f 1768 1774 1577
f 1773 1577 1774
f 1775 1578 1579
f 1772 1775 1579
f 1585 1777 1778
f 1779 1777 1585
f 1779 1585 1601
f 1779 1601 1776
f 1779 1776 1777
f 1777 1776 1780
f 1778 1588 1586
f 1778 1781 1588
f 1778 1586 1585
f 1778 1777 1782
f 1781 1778 1782
f 1783 1589 1588
f 1781 1783 1588
f 1783 1770 1589
f 1775 1772 1773
f 1775 1590 1578
f 1775 1784 1590
f 1773 1785 1775
f 1775 1785 1784
f 1389 1590 1591
f 1590 1786 1591
f 1590 1784 1786
f 1580 1591 1592
f 1591 1787 1592
f 1591 1786 1787
f 1581 1592 1594
f 1594 1592 1788
f 1592 1787 1788
f 1593 1594 1789
f 1789 1594 1788
f 1790 1791 1595
f 1790 1595 1593
f 1790 1593 1789
f 1790 1789 1791
f 1792 1793 1603
f 1792 1603 1595
f 1792 1595 1791
f 1792 1791 1793
f 1795 1794 1598
f 1795 1598 1603
f 1795 1603 1793
f 1795 1793 1794
f 1602 1600 1796
f 1797 1602 1796
f 1796 1600 1598
f 1796 1598 1794
f 1797 1796 1798
f 1798 1796 1794
f 1601 1602 1776
f 1602 1797 1776
f 1784 1799 1786
f 1786 1800 1787
f 1801 1788 1787
f 1803 1804 1805
f 1806 1805 1807
f 1808 1807 1809
f 1810 1809 1811
f 1812 1811 1813
f 1815 1604 1816
f 1818 1816 1817
f 1816 1818 1815
f 1819 1820 1816
f 1820 1821 1816
f 1819 1816 1607
f 1816 1821 1817
f 1822 1823 1820
f 1823 1804 1820
f 1822 1820 1609
f 1819 1609 1820
f 1820 1804 1821
f 1824 1825 1823
f 1825 1805 1823
f 1824 1823 1610
f 1822 1610 1823
f 1823 1805 1804
f 1826 1827 1825
f 1827 1807 1825
f 1828 1826 1825
f 1824 1828 1825
f 1825 1807 1805
f 1829 1809 1827
f 1829 1827 1612
f 1826 1612 1827
f 1827 1809 1807
f 1830 1831 1829
f 1831 1811 1829
f 1830 1829 1613
f 1829 1811 1809
f 1832 1833 1831
f 1833 1813 1831
f 1832 1831 1615
f 1830 1615 1831
f 1831 1813 1811
f 1832 1619 1833
f 1833 1619 1834
f 1833 1835 1813
f 1833 1834 1835
f 1836 1838 1837
f 1836 1837 1621
f 1837 1834 1621
f 1837 1835 1834
f 1837 1838 1835
f 1623 1839 1836
f 1840 1838 1836
f 1840 1836 1839
f 1627 1604 1842
f 1842 1604 1815
f 1841 1627 1842
f 1842 1843 1841
f 1842 1815 1843
f 1816 1604 1607
f 1607 1604 1605
f 1604 1627 1605
f 1819 1607 1609
f 1607 1606 1609
f 1822 1609 1610
f 1609 1608 1610
f 1824 1610 1828
f 1828 1610 1611
f 1826 1828 1612
f 1636 1612 1828
f 1828 1611 1636
f 1829 1612 1613
f 1612 1638 1613
f 1638 1612 1636
f 1830 1613 1615
f 1615 1613 1614
f 1613 1638 1614
f 1832 1615 1619
f 1619 1615 1616
f 1834 1619 1621
f 1619 1617 1621
f 1836 1621 1623
f 1621 1620 1623
f 1623 1625 1839
f 1623 1622 1625
f 1625 1624 1844
f 1845 1625 1844
f 1625 1846 1839
f 1625 1845 1846
f 1844 1624 1645
f 1652 1627 1848
f 1848 1627 1841
f 1653 1652 1848
f 1847 1653 1848
f 1848 1849 1847
f 1848 1841 1849
f 1626 1627 1652
f 1647 1844 1645
f 1647 1646 1850
f 1851 1844 1647
f 1850 1851 1647
f 1654 1850 1646
f 1853 1653 1847
f 1853 1649 1653
f 1853 1660 1649
f 1853 1852 1660
f 1853 1854 1852
f 1853 1847 1854
f 1654 1656 1855
f 1856 1850 1654
f 1856 1654 1855
f 1656 1655 1857
f 1656 1857 1855
f 1659 1660 1852
f 1858 1666 1659
f 1858 1659 1860
f 1659 1852 1860
f 1857 1655 1664
f 1857 1861 1855
f 1862 1664 1663
f 1857 1664 1862
f 1858 1859 1666
f 1859 1665 1666
f 1670 1665 1859
f 1863 1670 1859
f 1859 1864 1863
f 1858 1864 1859
f 1862 1663 1668
f 1667 1862 1668
f 1857 1862 1865
f 1667 1865 1862
f 1866 1670 1863
f 1868 1867 1866
f 1863 1868 1866
f 1669 1670 1674
f 1670 1866 1674
f 1667 1672 1869
f 1667 1869 1870
f 1871 1672 1671
f 1871 1869 1672
f 1866 1867 1674
f 1867 1675 1674
f 1872 1675 1867
f 1873 1872 1867
f 1867 1868 1873
f 1871 1671 1677
f 1871 1677 1874
f 1871 1875 1869
f 1871 1874 1875
f 1683 1874 1677
f 1877 1876 1873
f 1872 1680 1675
f 1878 1680 1872
f 1878 1872 1876
f 1872 1873 1876
f 1682 1687 1683
f 1879 1683 1687
f 1879 1874 1683
f 1876 1881 1880
f 1878 1685 1680
f 1689 1685 1878
f 1880 1689 1878
f 1880 1878 1876
f 1882 1687 1686
f 1883 1687 1882
f 1687 1883 1879
f 1884 1689 1880
f 1880 1886 1884
f 1688 1685 1689
f 1688 1689 1694
f 1884 1694 1689
f 1882 1686 1690
f 1690 1696 1882
f 1887 1882 1696
f 1882 1887 1883
f 1884 1885 1694
f 1694 1885 1693
f 1888 1693 1885
f 1889 1888 1885
f 1885 1890 1889
f 1884 1890 1885
f 1696 1695 1700
f 1891 1696 1700
f 1887 1696 1891
f 1888 1697 1693
f 1892 1697 1888
f 1893 1892 1888
f 1888 1889 1893
f 1700 1699 1704
f 1894 1700 1704
f 1891 1700 1895
f 1894 1895 1700
f 1892 1701 1697
f 1896 1701 1892
f 1892 1893 1897
f 1896 1892 1897
f 1704 1703 1898
f 1894 1704 1898
f 1896 1705 1701
f 1896 1899 1705
f 1900 1899 1896
f 1901 1898 1703
f 1901 1703 1707
f 1901 1707 1902
f 1901 1902 1898
f 1707 1903 1902
f 1705 1899 1709
f 1899 1712 1709
f 1904 1712 1899
f 1900 1905 1899
f 1905 1904 1899
f 1903 1707 1710
f 1710 1714 1903
f 1906 1903 1714
f 1902 1903 1907
f 1903 1906 1907
f 1717 1711 1712
f 1908 1717 1712
f 1908 1712 1904
f 1714 1713 1719
f 1909 1714 1719
f 1906 1714 1909
f 1716 1717 1910
f 1911 1910 1717
f 1908 1912 1717
f 1912 1911 1717
f 1718 1723 1719
f 1913 1719 1723
f 1909 1719 1913
f 1910 1720 1716
f 1914 1720 1910
f 1915 1914 1910
f 1911 1916 1910
f 1916 1915 1910
f 1721 1917 1723
f 1917 1918 1723
f 1723 1918 1913
f 1914 1725 1720
f 1914 1919 1725
f 1915 1920 1914
f 1914 1920 1919
f 1727 1917 1721
f 1727 1921 1917
f 1921 1727 1922
f 1922 1727 1726
f 1921 1918 1917
f 1918 1921 1923
f 1730 1725 1919
f 1730 1919 1924
f 1729 1730 1734
f 1734 1730 1924
f 1922 1726 1732
f 1732 1925 1922
f 1925 1926 1922
f 1921 1922 1926
f 1734 1927 1733
f 1928 1927 1734
f 1734 1924 1928
f 1925 1732 1736
f 1925 1736 1929
f 1736 1739 1929
f 1929 1930 1925
f 1930 1926 1925
f 1927 1737 1733
f 1931 1737 1927
f 1932 1931 1927
f 1927 1928 1932
f 1739 1933 1929
f 1934 1933 1739
f 1934 1739 1738
f 1936 1935 1932
f 1931 1740 1737
f 1937 1740 1931
f 1937 1931 1935
f 1931 1932 1935
f 1742 1934 1738
f 1938 1934 1742
f 1742 1741 1939
f 1742 1939 1938
f 1938 1933 1934
f 1940 1937 1935
f 1935 1941 1940
f 1937 1743 1740
f 1937 1747 1743
f 1940 1747 1937
f 1942 1939 1741
f 1942 1741 1744
f 1744 1749 1942
f 1943 1942 1749
f 1939 1942 1943
f 1944 1747 1940
f 1940 1945 1944
f 1745 1747 1752
f 1747 1944 1752
f 1749 1748 1946
f 1943 1749 1947
f 1749 1946 1947
f 1948 1752 1944
f 1944 1949 1948
f 1751 1752 1758
f 1752 1948 1758
f 1950 1756 1754
f 1951 1950 1754
f 1951 1754 1755
f 1951 1755 1952
f 1951 1952 1950
f 1756 1946 1748
f 1946 1756 1953
f 1953 1756 1950
f 1757 1758 1762
f 1954 1762 1758
f 1758 1948 1954
f 1760 1952 1755
f 1760 1759 1955
f 1956 1760 1955
f 1952 1760 1957
f 1760 1956 1957
f 1958 1761 1762
f 1954 1959 1762
f 1958 1762 1959
f 1955 1759 1763
f 1955 1763 1960
f 1767 1960 1763
f 1960 1956 1955
f 1765 1761 1958
f 1765 1958 1961
f 1764 1765 1769
f 1769 1765 1961
f 1767 1766 1962
f 1771 1962 1766
f 1962 1963 1767
f 1963 1960 1767
f 1769 1964 1768
f 1769 1961 1965
f 1964 1769 1965
f 1783 1967 1966
f 1771 1770 1968
f 1969 1771 1968
f 1968 1770 1783
f 1968 1783 1966
f 1969 1968 1970
f 1970 1968 1966
f 1969 1962 1771
f 1964 1774 1768
f 1971 1774 1964
f 1964 1972 1971
f 1973 1773 1774
f 1973 1774 1971
f 1776 1974 1780
f 1974 1975 1780
f 1974 1776 1797
f 1974 1797 1976
f 1975 1974 1977
f 1976 1977 1974
f 1777 1780 1782
f 1780 1978 1782
f 1780 1975 1978
f 1782 1967 1783
f 1781 1782 1783
f 1782 1978 1967
f 1973 1785 1773
f 1979 1785 1973
f 1973 1971 1980
f 1979 1973 1980
f 1981 1784 1785
f 1979 1981 1785
f 1982 1789 1788
f 1984 1983 1791
f 1984 1791 1789
f 1984 1789 1985
f 1984 1985 1983
f 1793 1986 1987
f 1986 1988 1987
f 1986 1793 1791
f 1986 1791 1983
f 1988 1986 1989
f 1989 1986 1983
f 1987 1798 1794
f 1987 1990 1798
f 1987 1794 1793
f 1988 1991 1987
f 1990 1987 1991
f 1798 1976 1797
f 1798 1990 1976
f 1981 1799 1784
f 1992 1799 1981
f 1979 1993 1981
f 1981 1993 1992
f 1786 1799 1800
f 1799 1994 1800
f 1994 1799 1992
f 1787 1800 1801
f 1995 1801 1800
f 1800 1994 1995
f 1982 1788 1801
f 1996 1982 1801
f 1801 1995 1996
f 1985 1789 1982
f 1996 1997 1982
f 1985 1982 1997
f 2002 1802 2004
f 2004 2005 2002
f 2004 1803 2006
f 2007 2006 2008
f 2006 2007 2004
f 1808 2009 2006
f 1808 2006 1806
f 2006 2009 2008
f 2010 2011 1808
f 2011 1999 1808
f 1808 1999 2009
f 2012 2013 2011
f 2013 2014 2011
f 2012 2011 1810
f 2010 1810 2011
f 2011 2014 1999
f 2015 2016 2013
f 2016 2017 2013
f 2015 2013 1812
f 2012 1812 2013
f 2013 2017 2014
f 2015 1814 2016
f 2016 1814 2018
f 2016 2019 2017
f 2016 2018 2019
f 2020 2021 2018
f 2022 2019 2018
f 2022 2018 2021
f 2024 2025 2023
f 2027 2026 2023
f 2025 2027 2023
f 1817 2002 2024
f 2002 2028 2024
f 2024 1818 1817
f 2023 1818 2024
f 2024 2028 2025
f 1821 1802 2002
f 2002 1817 1821
f 2004 1802 1803
f 1803 1802 1804
f 1804 1802 1821
f 2006 1803 1806
f 1806 1803 1805
f 1808 1806 1807
f 2010 1808 1810
f 1810 1808 1809
f 2012 1810 1812
f 1812 1810 1811
f 2015 1812 1814
f 1814 1812 1813
f 2018 1814 2020
f 1835 2020 1814
f 1835 1814 1813
f 1838 2029 2020
f 2029 2021 2020
f 2020 1835 1838
f 1840 2029 1838
f 2030 2029 1840
f 2029 2031 2021
f 2029 2030 2031
f 2034 2033 2032
f 2035 2034 2032
f 2023 2026 1818
f 2026 1815 1818
f 2026 1843 1815
f 2032 1843 2026
f 2032 2026 2027
f 1840 1839 2036
f 2030 1840 2036
f 1846 2036 1839
f 2037 2036 1846
f 2038 2030 2036
f 2038 2036 2037
f 2032 2033 1843
f 2033 1841 1843
f 2033 1849 1841
f 2039 1849 2033
f 2039 2033 2034
f 1846 1845 2041
f 2042 1846 2041
f 1846 2042 2037
f 2041 1845 1844
f 2043 2042 2041
f 2039 2040 1849
f 2040 1847 1849
f 2040 1854 1847
f 2044 1854 2040
f 2040 2046 2044
f 2039 2046 2040
f 1851 2041 1844
f 1851 1850 2047
f 2048 2041 1851
f 2047 2048 1851
f 2044 2045 1854
f 2045 1852 1854
f 2045 2049 1852
f 2049 1860 1852
f 2045 2051 2049
f 2044 2051 2045
f 1856 2047 1850
f 1856 1855 2052
f 2053 1856 2052
f 2053 2047 1856
f 2049 2050 1860
f 2050 1858 1860
f 2050 1864 1858
f 2054 1864 2050
f 2054 2050 2055
f 2049 2055 2050
f 1861 2052 1855
f 1861 2056 2052
f 2053 2052 2057
f 2056 2057 2052
f 2058 1861 1857
f 1861 2058 2056
f 2060 1864 2054
f 2060 1863 1864
f 2060 2061 1863
f 2061 1868 1863
f 2061 2059 1868
f 2059 2061 2060
f 2060 2062 2059
f 2060 2054 2062
f 2058 1857 1865
f 2058 1865 2063
f 2064 2056 2058
f 2064 2058 2063
f 2065 1667 2066
f 2065 1865 1667
f 2065 2063 1865
f 2065 2066 2063
f 2067 1868 2059
f 2068 1868 2067
f 2069 2068 2067
f 2059 2070 2067
f 2070 2069 2067
f 2066 1667 1870
f 2071 2066 1870
f 2066 2072 2063
f 2071 2072 2066
f 2071 1869 2073
f 2071 1870 1869
f 2068 1873 1868
f 2068 1877 1873
f 2074 1877 2068
f 2074 2068 2069
f 2073 1869 1875
f 2075 2073 1875
f 2073 2076 2071
f 2075 2076 2073
f 2077 1875 1874
f 2075 1875 2077
f 2078 1877 2074
f 2074 2079 2078
f 1876 1877 1881
f 1877 2078 1881
f 2077 1874 1879
f 2077 1879 2080
f 2081 2077 2080
f 2075 2077 2081
f 2082 1881 2078
f 2078 2083 2082
f 1880 1881 1886
f 1881 2082 1886
f 2080 1879 1883
f 2080 1883 2084
f 2085 2081 2080
f 2084 2085 2080
f 1890 1886 2082
f 2086 2082 2087
f 2082 2086 1890
f 2086 2087 1890
f 1884 1886 1890
f 1883 1887 2088
f 1883 2088 2084
f 2089 2084 2088
f 1891 2088 1887
f 1890 2090 1889
f 1890 2091 2090
f 1891 2092 2088
f 2088 2092 2093
f 1891 1895 2092
f 2094 1889 2090
f 2094 1893 1889
f 2094 2095 1893
f 2095 2094 2090
f 2090 2096 2095
f 1895 1894 2097
f 2098 1895 2097
f 2092 1895 2099
f 2098 2099 1895
f 1897 1893 2095
f 2100 1897 2095
f 2095 2101 2100
f 1897 2100 1896
f 2097 1894 1898
f 2097 1898 2102
f 2097 2102 2098
f 1900 1896 1905
f 2103 1905 1896
f 1896 2100 2103
f 1902 2102 1898
f 2104 1902 1907
f 1902 2105 2102
f 2104 2105 1902
f 1904 1905 2106
f 2107 2106 1905
f 2103 2108 1905
f 2107 1905 2108
f 1907 1906 2109
f 1907 2109 2104
f 1904 2106 1908
f 2106 1912 1908
f 2110 1912 2106
f 2110 2106 2107
f 2111 2109 1906
f 2111 1906 1909
f 2111 1909 2112
f 2111 2112 2109
f 2112 2113 2109
f 1916 1911 1912
f 2114 1916 1912
f 2114 1912 2110
f 2115 2112 1909
f 2115 1909 1913
f 2115 1913 2116
f 2115 2116 2112
f 2116 2117 2112
f 1920 1915 1916
f 2118 1920 1916
f 2114 2119 1916
f 2119 2118 1916
f 2120 2116 1913
f 2120 1913 1918
f 2120 1918 2121
f 2120 2121 2116
f 2121 2122 2116
f 1920 2123 1919
f 2124 2123 1920
f 2118 2125 1920
f 2124 1920 2125
f 1923 2121 1918
f 1923 1921 2126
f 2127 1923 2126
f 1923 2127 2121
f 2123 1924 1919
f 2128 1924 2123
f 2129 2128 2123
f 2123 2124 2129
f 2126 1921 1926
f 2126 1926 2130
f 1930 2130 1926
f 2131 2126 2130
f 2127 2126 2131
f 2128 1928 1924
f 2132 1928 2128
f 2133 2132 2128
f 2128 2129 2133
f 1930 1929 2134
f 2134 2135 1930
f 2135 2130 1930
f 2132 2133 2136
f 2132 1932 1928
f 2132 1936 1932
f 2136 1936 2132
f 2137 2134 1929
f 2137 1929 1933
f 1938 2137 1933
f 2138 2137 1938
f 2134 2137 2138
f 2139 1936 2136
f 2136 2140 2139
f 1935 1936 1941
f 1936 2139 1941
f 2142 1938 2141
f 2141 1938 1939
f 2142 2138 1938
f 2143 1941 2139
f 2139 2144 2143
f 1940 1941 1945
f 1941 2143 1945
f 2145 2141 1939
f 2145 1939 1943
f 2145 1943 2146
f 2145 2146 2141
f 1943 1947 2146
f 2146 2147 2141
f 2148 1945 2143
f 2143 2149 2148
f 1944 1945 1949
f 1945 2148 1949
f 1947 1946 2150
f 2146 1947 2151
f 1947 2150 2151
f 2152 1949 2148
f 2153 2152 2148
f 1949 2154 1948
f 2152 2154 1949
f 2156 2155 1950
f 2156 1950 1952
f 1953 2150 1946
f 1953 1950 2155
f 2150 1953 2157
f 1953 2155 2157
f 2154 1954 1948
f 2154 2158 1954
f 2159 2154 2152
f 2154 2159 2158
f 1954 2158 1959
f 1957 2156 1952
f 2160 2156 1957
f 1957 1956 2161
f 2162 1957 2161
f 1957 2162 2160
f 2160 2163 2156
f 2156 2163 2155
f 1959 2164 1958
f 2165 2164 1959
f 1959 2158 2165
f 2161 1956 1960
f 1963 2161 1960
f 2166 2161 1963
f 2161 2166 2167
f 2164 1961 1958
f 2168 1961 2164
f 2169 2164 2165
f 2168 2164 2169
f 1963 1962 2171
f 2166 1963 2171
f 2171 1962 1969
f 2171 1969 2170
f 2166 2171 2172
f 2172 2171 2170
f 1965 1961 2168
f 2173 1965 2168
f 2168 2174 2173
f 1964 1965 1972
f 2173 1972 1965
f 1978 2176 2177
f 2176 2178 2177
f 2176 1978 1975
f 2176 1975 2175
f 2178 2176 2179
f 2179 2176 2175
f 1967 2177 2180
f 2177 2181 2180
f 2177 1967 1978
f 2178 2182 2177
f 2181 2177 2182
f 1970 1966 2180
f 2183 1970 2180
f 2180 1966 1967
f 2180 2181 2183
f 2170 1969 1970
f 2183 2170 1970
f 1972 2184 1971
f 2185 2184 1972
f 2173 2185 1972
f 1976 2187 1977
f 2188 1977 2187
f 2187 1976 1990
f 2187 1990 2186
f 2189 2188 2187
f 2189 2187 2186
f 2175 1975 1977
f 2188 2175 1977
f 2184 1980 1971
f 1980 2184 2190
f 2185 2191 2184
f 2191 2190 2184
f 2192 1979 1980
f 2192 1980 2190
f 2193 1989 1983
f 2194 2193 1983
f 2194 1983 1985
f 1988 1989 1991
f 2195 1991 1989
f 1989 2193 2196
f 2195 1989 2196
f 2186 1990 1991
f 2195 2186 1991
f 2192 1993 1979
f 2197 1993 2192
f 2192 2190 2198
f 2197 2192 2198
f 1993 2199 1992
f 1993 2197 2199
f 2200 1994 1992
f 2201 1995 1994
f 1997 1996 2202
f 2203 2202 1996
f 2203 1996 1995
f 1997 2194 1985
f 2204 2194 1997
f 2204 1997 2205
f 2205 1997 2202
f 2204 2193 2194
f 2200 1992 2199
f 2197 2206 2199
f 2200 2201 1994
f 2207 2201 2200
f 2199 2208 2200
f 2200 2208 2207
f 2203 1995 2201
f 2209 2203 2201
f 2207 2210 2201
f 2209 2201 2210
f 2209 2202 2203
f 2213 2212 2211
f 2214 2213 2211
f 2211 1998 2215
f 2215 2216 2211
f 2215 2000 2217
f 2217 2218 2215
f 2217 2001 2219
f 2219 2220 2217
f 2221 2222 2219
f 2223 2219 2222
f 2225 2003 2224
f 2225 2224 2226
f 2224 2005 2227
f 2227 2228 2224
f 2008 2212 2227
f 2212 2213 2227
f 2227 2007 2008
f 2227 2213 2228
f 2211 2212 1998
f 2009 1998 2212
f 2212 2008 2009
f 2215 1998 2000
f 2000 1998 1999
f 1998 2009 1999
f 2217 2000 2001
f 2000 2014 2001
f 2014 2000 1999
f 2219 2001 2221
f 2017 2221 2001
f 2017 2001 2014
f 2019 2229 2221
f 2229 2222 2221
f 2221 2017 2019
f 2022 2229 2019
f 2229 2022 2230
f 2229 2231 2222
f 2229 2230 2231
f 2233 2234 2232
f 2235 2027 2232
f 2234 2236 2232
f 2235 2232 2236
f 2028 2003 2233
f 2225 2233 2003
f 2233 2025 2028
f 2232 2025 2233
f 2233 2225 2234
f 2224 2003 2005
f 2003 2002 2005
f 2002 2003 2028
f 2227 2005 2007
f 2005 2004 2007
f 2022 2021 2237
f 2022 2237 2230
f 2237 2031 2238
f 2237 2021 2031
f 2237 2239 2230
f 2237 2238 2239
f 2235 2240 2027
f 2035 2027 2240
f 2241 2035 2240
f 2235 2242 2240
f 2241 2240 2242
f 2232 2027 2025
f 2031 2030 2243
f 2031 2243 2238
f 2038 2243 2030
f 2244 2243 2038
f 2243 2245 2238
f 2244 2245 2243
f 2246 2035 2247
f 2248 2246 2247
f 2032 2027 2035
f 2246 2034 2035
f 2247 2035 2241
f 2038 2037 2249
f 2038 2249 2244
f 2037 2043 2249
f 2246 2248 2034
f 2248 2039 2034
f 2248 2046 2039
f 2250 2046 2248
f 2250 2248 2252
f 2247 2252 2248
f 2042 2043 2037
f 2043 2041 2253
f 2249 2043 2254
f 2043 2253 2254
f 2250 2251 2046
f 2251 2044 2046
f 2251 2051 2044
f 2255 2051 2251
f 2255 2251 2257
f 2250 2257 2251
f 2048 2253 2041
f 2048 2047 2258
f 2259 2048 2258
f 2259 2253 2048
f 2262 2261 2260
f 2263 2262 2260
f 2255 2256 2051
f 2256 2049 2051
f 2256 2055 2049
f 2260 2055 2256
f 2260 2256 2264
f 2255 2264 2256
f 2258 2047 2053
f 2258 2053 2265
f 2259 2258 2266
f 2258 2265 2266
f 2053 2057 2265
f 2260 2261 2055
f 2261 2054 2055
f 2261 2062 2054
f 2267 2062 2261
f 2267 2261 2262
f 2056 2269 2057
f 2270 2057 2269
f 2265 2057 2270
f 2267 2268 2062
f 2268 2059 2062
f 2268 2070 2059
f 2271 2070 2268
f 2268 2272 2271
f 2267 2272 2268
f 2269 2056 2064
f 2269 2064 2273
f 2270 2269 2274
f 2274 2269 2273
f 2275 2064 2063
f 2064 2275 2273
f 2070 2276 2069
f 2277 2069 2276
f 2276 2070 2271
f 2275 2063 2072
f 2278 2275 2072
f 2275 2279 2273
f 2278 2279 2275
f 2280 2072 2071
f 2278 2072 2280
f 2277 2074 2069
f 2277 2281 2074
f 2281 2079 2074
f 2281 2277 2079
f 2282 2079 2277
f 2276 2283 2277
f 2282 2277 2283
f 2280 2071 2076
f 2285 2280 2076
f 2278 2280 2286
f 2285 2286 2280
f 2287 2076 2075
f 2285 2076 2287
f 2078 2079 2083
f 2083 2079 2288
f 2288 2079 2282
f 2289 2285 2287
f 2289 2290 2285
f 2287 2075 2081
f 2287 2081 2291
f 2289 2287 2291
f 2083 2288 2292
f 2082 2083 2087
f 2292 2087 2083
f 2085 2291 2081
f 2085 2293 2291
f 2294 2289 2291
f 2294 2291 2293
f 2084 2089 2085
f 2089 2293 2085
f 1890 2087 2091
f 2087 2295 2091
f 2295 2087 2292
f 2296 2293 2089
f 2293 2296 2297
f 2088 2093 2089
f 2296 2089 2093
f 2090 2091 2096
f 2091 2298 2096
f 2298 2091 2295
f 2299 2093 2092
f 2093 2299 2300
f 2093 2301 2296
f 2300 2301 2093
f 2095 2096 2101
f 2096 2302 2101
f 2302 2096 2298
f 2299 2092 2300
f 2099 2300 2092
f 2099 2098 2303
f 2304 2099 2303
f 2305 2300 2099
f 2304 2305 2099
f 2101 2306 2100
f 2307 2306 2101
f 2101 2302 2308
f 2307 2101 2308
f 2303 2098 2102
f 2303 2102 2309
f 2303 2309 2304
f 2105 2309 2102
f 2306 2103 2100
f 2306 2310 2103
f 2307 2311 2306
f 2311 2310 2306
f 2310 2108 2103
f 2105 2104 2312
f 2309 2105 2313
f 2312 2313 2105
f 2108 2314 2107
f 2315 2108 2310
f 2314 2108 2315
f 2316 2312 2104
f 2316 2104 2109
f 2113 2316 2109
f 2113 2317 2316
f 2318 2312 2316
f 2317 2318 2316
f 2107 2314 2110
f 2314 2319 2110
f 2112 2117 2113
f 2117 2320 2113
f 2317 2113 2321
f 2113 2320 2321
f 2322 2110 2319
f 2110 2322 2114
f 2322 2119 2114
f 2323 2119 2322
f 2319 2323 2322
f 2116 2122 2117
f 2122 2324 2117
f 2117 2324 2320
f 2118 2119 2125
f 2325 2125 2119
f 2323 2326 2119
f 2326 2325 2119
f 2121 2327 2122
f 2327 2328 2122
f 2122 2328 2324
f 2125 2329 2124
f 2329 2125 2325
f 2327 2121 2127
f 2327 2127 2330
f 2127 2131 2330
f 2330 2331 2327
f 2331 2328 2327
f 2332 2124 2329
f 2332 2129 2124
f 2332 2333 2129
f 2333 2332 2329
f 2334 2129 2333
f 2131 2130 2335
f 2330 2131 2336
f 2131 2335 2336
f 2334 2133 2129
f 2337 2133 2334
f 2338 2337 2334
f 2333 2339 2334
f 2338 2334 2339
f 2335 2130 2135
f 2340 2135 2134
f 2335 2135 2341
f 2340 2341 2135
f 2337 2136 2133
f 2337 2140 2136
f 2342 2140 2337
f 2337 2338 2342
f 2138 2340 2134
f 2340 2138 2344
f 2138 2343 2344
f 2139 2140 2144
f 2144 2140 2345
f 2140 2342 2345
f 2142 2343 2138
f 2142 2346 2343
f 2147 2346 2142
f 2141 2147 2142
f 2144 2345 2347
f 2348 2347 2345
f 2143 2144 2149
f 2144 2347 2149
f 2147 2146 2349
f 2146 2151 2349
f 2349 2350 2147
f 2350 2346 2147
f 2149 2347 2351
f 2148 2149 2153
f 2153 2149 2351
f 2352 2151 2150
f 2352 2353 2151
f 2151 2353 2349
f 2354 2152 2153
f 2355 2354 2153
f 2153 2351 2355
f 2155 2356 2157
f 2163 2356 2155
f 2352 2150 2157
f 2356 2357 2157
f 2352 2157 2357
f 2159 2152 2354
f 2358 2159 2354
f 2355 2359 2354
f 2358 2354 2359
f 2159 2360 2158
f 2358 2360 2159
f 2162 2163 2160
f 2162 2361 2163
f 2163 2361 2362
f 2363 2356 2163
f 2360 2165 2158
f 2364 2165 2360
f 2360 2358 2365
f 2364 2360 2365
f 2167 2361 2162
f 2161 2167 2162
f 2167 2166 2366
f 2361 2167 2367
f 2367 2167 2366
f 2169 2165 2364
f 2169 2364 2368
f 2369 2368 2364
f 2168 2169 2174
f 2174 2169 2368
f 2182 2370 2372
f 2373 2372 2370
f 2183 2374 2375
f 2374 2376 2375
f 2374 2183 2181
f 2374 2181 2372
f 2376 2374 2377
f 2377 2374 2372
f 2172 2170 2375
f 2378 2172 2375
f 2375 2170 2183
f 2375 2376 2378
f 2366 2166 2172
f 2378 2366 2172
f 2174 2379 2173
f 2380 2379 2174
f 2174 2368 2380
f 2188 2381 2382
f 2189 2381 2188
f 2383 2381 2189
f 2179 2175 2382
f 2384 2179 2382
f 2382 2175 2188
f 2381 2385 2382
f 2382 2385 2384
f 2370 2182 2179
f 2182 2178 2179
f 2384 2370 2179
f 2372 2181 2182
f 2379 2185 2173
f 2379 2386 2185
f 2387 2379 2380
f 2379 2387 2386
f 2185 2386 2191
f 2189 2186 2388
f 2383 2189 2388
f 2388 2186 2195
f 2388 2195 2389
f 2383 2388 2390
f 2388 2389 2390
f 2191 2391 2190
f 2392 2391 2191
f 2191 2386 2392
f 2393 2196 2193
f 2394 2393 2193
f 2394 2193 2204
f 2196 2389 2195
f 2393 2395 2196
f 2196 2395 2389
f 2391 2198 2190
f 2391 2396 2198
f 2397 2391 2392
f 2391 2397 2396
f 2198 2398 2197
f 2198 2396 2398
f 2399 2202 2209
f 2205 2394 2204
f 2400 2394 2205
f 2205 2202 2401
f 2205 2401 2400
f 2400 2393 2394
f 2398 2206 2197
f 2402 2206 2398
f 2396 2403 2398
f 2402 2398 2403
f 2199 2206 2208
f 2206 2404 2208
f 2404 2206 2402
f 2208 2210 2207
f 2208 2405 2210
f 2405 2208 2404
f 2210 2399 2209
f 2406 2399 2210
f 2406 2210 2407
f 2407 2210 2405
f 2401 2202 2399
f 2406 2408 2399
f 2401 2399 2408
f 2214 2409 2410
f 2411 2410 2409
f 2409 2216 2412
f 2413 2414 2412
f 2412 2414 2409
f 2415 2416 2413
f 2415 2413 2218
f 2412 2218 2413
f 2415 2220 2417
f 2419 2416 2415
f 2419 2418 2416
f 2419 2417 2418
f 2417 2419 2415
f 2417 2223 2420
f 2418 2420 2421
f 2420 2418 2417
f 2228 2423 2424
f 2423 2425 2424
f 2422 2228 2424
f 2425 2426 2422
f 2424 2425 2422
f 2214 2423 2213
f 2214 2410 2423
f 2423 2228 2213
f 2423 2410 2425
f 2409 2214 2216
f 2214 2211 2216
f 2412 2216 2218
f 2216 2215 2218
f 2415 2218 2220
f 2218 2217 2220
f 2417 2220 2223
f 2220 2219 2223
f 2223 2222 2427
f 2223 2427 2420
f 2428 2427 2231
f 2427 2222 2231
f 2427 2429 2420
f 2428 2429 2427
f 2225 2226 2432
f 2433 2432 2226
f 2432 2234 2225
f 2431 2234 2432
f 2431 2432 2434
f 2432 2433 2434
f 2422 2226 2228
f 2226 2224 2228
f 2226 2422 2433
f 2428 2231 2430
f 2430 2231 2230
f 2430 2239 2435
f 2430 2230 2239
f 2428 2430 2436
f 2430 2435 2436
f 2235 2236 2437
f 2438 2437 2236
f 2235 2437 2242
f 2439 2242 2437
f 2438 2440 2437
f 2440 2439 2437
f 2431 2236 2234
f 2236 2431 2438
f 2239 2238 2441
f 2239 2441 2435
f 2238 2245 2441
f 2242 2442 2241
f 2442 2242 2439
f 2444 2245 2244
f 2441 2245 2445
f 2445 2245 2444
f 2442 2443 2241
f 2443 2247 2241
f 2443 2252 2247
f 2443 2446 2252
f 2443 2447 2446
f 2442 2447 2443
f 2448 2444 2244
f 2448 2244 2249
f 2249 2254 2448
f 2449 2448 2254
f 2449 2444 2448
f 2450 2252 2446
f 2450 2250 2252
f 2450 2257 2250
f 2450 2451 2257
f 2446 2452 2450
f 2452 2451 2450
f 2254 2253 2453
f 2449 2254 2453
f 2455 2257 2451
f 2455 2255 2257
f 2455 2264 2255
f 2455 2454 2264
f 2456 2455 2451
f 2455 2456 2454
f 2457 2453 2253
f 2457 2253 2259
f 2259 2266 2457
f 2458 2457 2266
f 2458 2453 2457
f 2454 2263 2264
f 2260 2264 2263
f 2263 2459 2262
f 2263 2460 2459
f 2454 2460 2263
f 2266 2265 2461
f 2462 2266 2461
f 2266 2463 2458
f 2462 2463 2266
f 2464 2262 2459
f 2464 2267 2262
f 2464 2272 2267
f 2465 2272 2464
f 2459 2466 2464
f 2465 2464 2466
f 2461 2265 2270
f 2461 2270 2467
f 2462 2461 2467
f 2274 2467 2270
f 2272 2468 2271
f 2468 2272 2465
f 2274 2273 2469
f 2470 2274 2469
f 2470 2467 2274
f 2471 2271 2468
f 2471 2276 2271
f 2471 2283 2276
f 2472 2283 2471
f 2473 2471 2468
f 2473 2472 2471
f 2469 2273 2279
f 2469 2279 2474
f 2469 2475 2470
f 2474 2475 2469
f 2278 2284 2279
f 2282 2283 2476
f 2283 2477 2476
f 2283 2472 2478
f 2477 2283 2478
f 2279 2284 2474
f 2479 2474 2284
f 2480 2474 2479
f 2278 2286 2284
f 2286 2481 2284
f 2479 2284 2481
f 2285 2290 2286
f 2476 2288 2282
f 2476 2482 2288
f 2476 2477 2482
f 2286 2290 2481
f 2483 2481 2290
f 2481 2484 2479
f 2481 2483 2484
f 2289 2485 2290
f 2483 2290 2485
f 2486 2288 2482
f 2486 2292 2288
f 2486 2487 2292
f 2486 2482 2487
f 2487 2488 2292
f 2294 2485 2289
f 2294 2489 2485
f 2490 2483 2485
f 2490 2485 2489
f 2293 2297 2294
f 2294 2297 2489
f 2488 2295 2292
f 2488 2491 2295
f 2491 2492 2295
f 2488 2487 2491
f 2297 2296 2493
f 2494 2297 2493
f 2297 2494 2489
f 2492 2298 2295
f 2492 2495 2298
f 2492 2496 2495
f 2492 2491 2497
f 2496 2492 2497
f 2493 2296 2301
f 2493 2301 2498
f 2494 2493 2499
f 2493 2498 2499
f 2301 2300 2500
f 2301 2500 2498
f 2495 2302 2298
f 2495 2308 2302
f 2495 2501 2308
f 2496 2502 2495
f 2501 2495 2502
f 2305 2500 2300
f 2305 2304 2503
f 2504 2305 2503
f 2504 2500 2305
f 2307 2308 2311
f 2505 2311 2308
f 2501 2506 2308
f 2308 2506 2505
f 2503 2304 2309
f 2309 2313 2503
f 2507 2503 2313
f 2311 2508 2310
f 2505 2508 2311
f 2312 2509 2313
f 2313 2509 2507
f 2312 2318 2509
f 2315 2310 2508
f 2315 2510 2314
f 2511 2510 2315
f 2511 2315 2508
f 2318 2321 2512
f 2317 2321 2318
f 2509 2318 2513
f 2318 2512 2513
f 2510 2319 2314
f 2510 2514 2319
f 2511 2515 2510
f 2510 2515 2514
f 2321 2320 2516
f 2321 2516 2512
f 2320 2517 2516
f 2518 2319 2514
f 2518 2323 2319
f 2518 2326 2323
f 2519 2326 2518
f 2514 2520 2518
f 2520 2519 2518
f 2517 2320 2324
f 2517 2324 2521
f 2522 2517 2521
f 2522 2516 2517
f 2326 2523 2325
f 2519 2524 2326
f 2523 2326 2524
f 2525 2521 2324
f 2525 2324 2328
f 2525 2328 2526
f 2525 2526 2521
f 2331 2526 2328
f 2523 2329 2325
f 2329 2523 2527
f 2527 2528 2329
f 2330 2529 2331
f 2331 2530 2526
f 2529 2530 2331
f 2329 2528 2333
f 2528 2339 2333
f 2531 2339 2528
f 2532 2528 2527
f 2532 2531 2528
f 2336 2529 2330
f 2336 2335 2533
f 2534 2336 2533
f 2529 2336 2534
f 2338 2339 2535
f 2535 2339 2531
f 2341 2533 2335
f 2341 2340 2536
f 2533 2341 2537
f 2341 2536 2537
f 2538 2534 2533
f 2539 2338 2535
f 2539 2342 2338
f 2539 2540 2342
f 2539 2535 2540
f 2344 2536 2340
f 2344 2343 2541
f 2542 2344 2541
f 2536 2344 2542
f 2543 2342 2540
f 2543 2345 2342
f 2544 2345 2543
f 2545 2544 2543
f 2540 2546 2543
f 2546 2545 2543
f 2541 2343 2346
f 2350 2541 2346
f 2544 2347 2345
f 2348 2345 2347
f 2544 2547 2347
f 2548 2547 2544
f 2545 2549 2544
f 2548 2544 2549
f 2350 2349 2550
f 2353 2550 2349
f 2550 2551 2350
f 2551 2541 2350
f 2547 2351 2347
f 2552 2351 2547
f 2553 2552 2547
f 2548 2554 2547
f 2554 2553 2547
f 2353 2352 2555
f 2357 2555 2352
f 2555 2556 2353
f 2556 2550 2353
f 2552 2355 2351
f 2552 2557 2355
f 2552 2553 2557
f 2355 2557 2359
f 2357 2356 2558
f 2363 2558 2356
f 2558 2555 2357
f 2358 2359 2559
f 2560 2559 2359
f 2359 2557 2560
f 2561 2562 2362
f 2562 2561 2367
f 2163 2362 2363
f 2563 2363 2362
f 2561 2362 2361
f 2562 2563 2362
f 2563 2558 2363
f 2559 2365 2358
f 2564 2365 2559
f 2559 2560 2565
f 2564 2559 2565
f 2364 2365 2369
f 2365 2564 2369
f 2373 2566 2568
f 2569 2568 2566
f 2570 2572 2571
f 2377 2568 2570
f 2572 2570 2568
f 2378 2571 2573
f 2571 2574 2573
f 2571 2378 2376
f 2570 2571 2376
f 2571 2572 2574
f 2573 2367 2366
f 2573 2575 2367
f 2573 2366 2378
f 2573 2574 2575
f 2561 2361 2367
f 2562 2367 2575
f 2576 2369 2564
f 2564 2577 2576
f 2578 2368 2369
f 2578 2369 2576
f 2384 2579 2371
f 2579 2580 2371
f 2579 2384 2385
f 2579 2385 2581
f 2582 2580 2579
f 2582 2579 2581
f 2566 2373 2371
f 2370 2371 2373
f 2370 2384 2371
f 2566 2371 2580
f 2568 2377 2373
f 2377 2372 2373
f 2570 2376 2377
f 2578 2380 2368
f 2583 2380 2578
f 2584 2583 2578
f 2578 2576 2584
f 2381 2581 2385
f 2381 2383 2585
f 2586 2581 2381
f 2586 2381 2585
f 2387 2380 2583
f 2587 2387 2583
f 2588 2583 2584
f 2583 2588 2587
f 2589 2386 2387
f 2589 2387 2587
f 2389 2590 2390
f 2395 2590 2389
f 2585 2383 2390
f 2590 2591 2390
f 2585 2390 2591
f 2589 2392 2386
f 2592 2392 2589
f 2589 2587 2593
f 2592 2589 2593
f 2395 2393 2594
f 2400 2594 2393
f 2594 2595 2395
f 2595 2590 2395
f 2397 2392 2592
f 2397 2596 2396
f 2597 2596 2397
f 2397 2592 2597
f 2408 2598 2401
f 2600 2400 2599
f 2599 2400 2401
f 2599 2401 2598
f 2600 2599 2601
f 2599 2598 2601
f 2600 2594 2400
f 2596 2403 2396
f 2402 2403 2602
f 2403 2603 2602
f 2403 2596 2604
f 2603 2403 2604
f 2602 2605 2404
f 2602 2606 2605
f 2602 2404 2402
f 2606 2602 2603
f 2605 2407 2405
f 2605 2607 2407
f 2605 2405 2404
f 2607 2605 2606
f 2406 2407 2408
f 2608 2408 2407
f 2607 2609 2407
f 2608 2407 2609
f 2408 2608 2598
f 2414 2610 2611
f 2613 2416 2612
f 2613 2413 2416
f 2613 2610 2413
f 2610 2613 2612
f 2614 2416 2418
f 2614 2612 2416
f 2615 2616 2614
f 2614 2616 2612
f 2421 2615 2418
f 2614 2418 2615
f 2617 2615 2421
f 2426 2425 2618
f 2411 2618 2410
f 2619 2618 2411
f 2618 2425 2410
f 2619 2620 2618
f 2611 2411 2414
f 2411 2409 2414
f 2619 2411 2611
f 2610 2414 2413
f 2421 2420 2621
f 2617 2421 2621
f 2621 2429 2622
f 2621 2420 2429
f 2617 2621 2623
f 2622 2623 2621
f 2433 2624 2625
f 2434 2433 2625
f 2626 2434 2625
f 2624 2422 2426
f 2624 2433 2422
f 2625 2624 2627
f 2426 2627 2624
f 2429 2428 2628
f 2429 2628 2622
f 2628 2428 2436
f 2629 2622 2628
f 2431 2434 2631
f 2626 2631 2434
f 2631 2438 2431
f 2631 2630 2438
f 2626 2632 2631
f 2631 2632 2630
f 2436 2435 2633
f 2628 2436 2634
f 2436 2633 2634
f 2440 2438 2630
f 2440 2635 2439
f 2630 2636 2440
f 2636 2635 2440
f 2637 2633 2435
f 2637 2435 2441
f 2441 2445 2637
f 2638 2637 2445
f 2637 2639 2633
f 2638 2639 2637
f 2640 2439 2635
f 2640 2442 2439
f 2640 2447 2442
f 2635 2641 2640
f 2641 2447 2640
f 2445 2444 2642
f 2638 2445 2642
f 2446 2447 2643
f 2643 2452 2446
f 2644 2642 2444
f 2644 2444 2449
f 2645 2644 2449
f 2645 2642 2644
f 2452 2646 2451
f 2456 2451 2646
f 2646 2452 2647
f 2452 2643 2647
f 2449 2453 2648
f 2645 2449 2649
f 2649 2449 2648
f 2454 2456 2650
f 2650 2460 2454
f 2651 2460 2650
f 2650 2456 2652
f 2456 2646 2652
f 2653 2648 2453
f 2653 2453 2458
f 2463 2653 2458
f 2463 2654 2653
f 2654 2648 2653
f 2459 2460 2655
f 2655 2466 2459
f 2655 2460 2651
f 2656 2463 2462
f 2654 2463 2656
f 2466 2657 2465
f 2657 2466 2658
f 2466 2655 2658
f 2659 2462 2467
f 2660 2462 2659
f 2656 2462 2661
f 2660 2661 2462
f 2662 2465 2657
f 2662 2468 2465
f 2662 2473 2468
f 2663 2473 2662
f 2664 2662 2657
f 2664 2663 2662
f 2659 2467 2470
f 2659 2470 2665
f 2660 2659 2666
f 2665 2666 2659
f 2472 2473 2478
f 2667 2478 2473
f 2663 2668 2473
f 2668 2667 2473
f 2475 2665 2470
f 2669 2665 2475
f 2474 2480 2475
f 2477 2478 2670
f 2478 2671 2670
f 2667 2672 2478
f 2671 2478 2672
f 2480 2673 2475
f 2673 2674 2475
f 2480 2479 2675
f 2480 2675 2673
f 2670 2482 2477
f 2670 2676 2482
f 2670 2677 2676
f 2671 2678 2670
f 2677 2670 2678
f 2675 2479 2484
f 2679 2675 2484
f 2680 2675 2679
f 2675 2680 2673
f 2483 2681 2484
f 2679 2484 2681
f 2676 2487 2482
f 2676 2682 2487
f 2676 2683 2682
f 2677 2684 2676
f 2683 2676 2684
f 2680 2679 2685
f 2681 2483 2490
f 2686 2681 2490
f 2679 2681 2687
f 2686 2687 2681
f 2490 2489 2688
f 2490 2688 2686
f 2682 2491 2487
f 2682 2497 2491
f 2682 2689 2497
f 2683 2690 2682
f 2689 2682 2690
f 2688 2489 2494
f 2688 2494 2692
f 2688 2693 2686
f 2688 2692 2693
f 2499 2692 2494
f 2496 2497 2502
f 2694 2502 2497
f 2689 2695 2497
f 2694 2497 2695
f 2499 2498 2696
f 2499 2697 2692
f 2499 2696 2697
f 2698 2498 2500
f 2498 2698 2696
f 2506 2501 2502
f 2699 2506 2502
f 2699 2502 2694
f 2504 2698 2500
f 2700 2698 2504
f 2696 2698 2701
f 2698 2700 2701
f 2702 2700 2504
f 2506 2703 2505
f 2699 2703 2506
f 2507 2702 2504
f 2503 2507 2504
f 2702 2507 2705
f 2704 2705 2507
f 2706 2505 2703
f 2706 2508 2505
f 2706 2707 2508
f 2706 2708 2707
f 2708 2706 2703
f 2709 2704 2507
f 2709 2507 2509
f 2709 2513 2710
f 2709 2509 2513
f 2709 2711 2704
f 2709 2710 2711
f 2707 2511 2508
f 2707 2515 2511
f 2707 2712 2515
f 2712 2707 2708
f 2713 2714 2512
f 2513 2512 2714
f 2513 2714 2710
f 2713 2715 2714
f 2514 2515 2520
f 2716 2520 2515
f 2716 2515 2712
f 2713 2512 2715
f 2715 2512 2516
f 2516 2522 2715
f 2522 2717 2715
f 2714 2715 2717
f 2519 2520 2524
f 2718 2524 2520
f 2520 2716 2718
f 2719 2522 2521
f 2719 2720 2522
f 2717 2522 2721
f 2720 2721 2522
f 2523 2524 2722
f 2524 2718 2722
f 2719 2521 2526
f 2526 2723 2719
f 2724 2720 2719
f 2723 2724 2719
f 2725 2523 2722
f 2725 2527 2523
f 2527 2725 2726
f 2725 2722 2726
f 2726 2532 2527
f 2530 2723 2526
f 2530 2727 2723
f 2728 2727 2530
f 2728 2530 2529
f 2532 2729 2531
f 2730 2729 2532
f 2731 2532 2726
f 2731 2730 2532
f 2728 2529 2534
f 2728 2534 2732
f 2538 2732 2534
f 2732 2733 2728
f 2727 2728 2733
f 2729 2535 2531
f 2729 2734 2535
f 2734 2729 2730
f 2533 2537 2538
f 2538 2537 2735
f 2736 2735 2537
f 2736 2537 2536
f 2735 2737 2538
f 2538 2737 2732
f 2738 2535 2734
f 2738 2540 2535
f 2738 2546 2540
f 2739 2546 2738
f 2740 2738 2734
f 2740 2739 2738
f 2736 2536 2542
f 2736 2542 2741
f 2542 2742 2741
f 2741 2743 2736
f 2743 2735 2736
f 2545 2546 2549
f 2744 2549 2546
f 2546 2745 2744
f 2739 2745 2546
f 2742 2542 2541
f 2551 2742 2541
f 2551 2746 2742
f 2747 2742 2746
f 2748 2741 2742
f 2548 2549 2554
f 2749 2554 2549
f 2749 2549 2744
f 2750 2746 2551
f 2750 2551 2550
f 2556 2750 2550
f 2556 2751 2750
f 2752 2751 2753
f 2752 2753 2746
f 2752 2746 2750
f 2752 2750 2751
f 2553 2554 2754
f 2755 2754 2554
f 2749 2756 2554
f 2755 2554 2756
f 2757 2751 2556
f 2757 2556 2555
f 2555 2758 2757
f 2751 2757 2759
f 2757 2758 2759
f 2553 2754 2557
f 2754 2760 2557
f 2761 2760 2754
f 2755 2762 2754
f 2762 2761 2754
f 2563 2764 2763
f 2758 2555 2558
f 2758 2558 2765
f 2765 2558 2563
f 2765 2563 2763
f 2758 2765 2766
f 2766 2765 2763
f 2760 2560 2557
f 2767 2560 2760
f 2768 2760 2761
f 2768 2767 2760
f 2569 2769 2771
f 2772 2771 2769
f 2572 2773 2774
f 2572 2771 2773
f 2574 2774 2775
f 2774 2574 2572
f 2773 2776 2774
f 2775 2774 2776
f 2575 2775 2777
f 2775 2778 2777
f 2775 2575 2574
f 2777 2764 2563
f 2777 2563 2562
f 2777 2562 2575
f 2777 2778 2764
f 2565 2560 2767
f 2779 2565 2767
f 2564 2565 2577
f 2565 2779 2577
f 2580 2780 2567
f 2781 2567 2780
f 2582 2780 2580
f 2769 2569 2567
f 2569 2566 2567
f 2566 2580 2567
f 2781 2769 2567
f 2771 2572 2569
f 2572 2568 2569
f 2577 2779 2782
f 2783 2576 2577
f 2783 2577 2782
f 2582 2581 2784
f 2586 2784 2581
f 2784 2785 2582
f 2785 2780 2582
f 2783 2584 2576
f 2786 2584 2783
f 2787 2786 2783
f 2783 2782 2787
f 2586 2585 2788
f 2591 2788 2585
f 2788 2789 2586
f 2789 2784 2586
f 2588 2584 2786
f 2790 2588 2786
f 2787 2791 2786
f 2791 2790 2786
f 2588 2792 2587
f 2790 2792 2588
f 2591 2590 2793
f 2595 2793 2590
f 2793 2794 2591
f 2794 2788 2591
f 2792 2593 2587
f 2792 2795 2593
f 2790 2796 2792
f 2796 2795 2792
f 2797 2592 2593
f 2797 2593 2795
f 2595 2594 2798
f 2799 2798 2594
f 2799 2594 2600
f 2798 2800 2595
f 2800 2793 2595
f 2797 2597 2592
f 2797 2801 2597
f 2802 2797 2795
f 2802 2801 2797
f 2596 2597 2801
f 2598 2803 2601
f 2804 2803 2598
f 2804 2598 2608
f 2601 2799 2600
f 2601 2803 2805
f 2799 2601 2805
f 2806 2604 2596
f 2807 2596 2801
f 2806 2596 2807
f 2604 2808 2603
f 2604 2806 2808
f 2809 2810 2606
f 2809 2811 2810
f 2809 2606 2603
f 2809 2603 2808
f 2811 2809 2808
f 2609 2607 2810
f 2812 2609 2810
f 2810 2607 2606
f 2812 2810 2811
f 2608 2609 2804
f 2812 2813 2609
f 2813 2804 2609
f 2611 2814 2815
f 2816 2611 2815
f 2816 2619 2611
f 2816 2817 2619
f 2816 2815 2817
f 2818 2814 2610
f 2818 2819 2814
f 2814 2611 2610
f 2815 2814 2819
f 2616 2818 2612
f 2616 2820 2818
f 2612 2818 2610
f 2819 2818 2820
f 2821 2616 2615
f 2821 2822 2616
f 2823 2820 2616
f 2823 2616 2822
f 2821 2617 2824
f 2821 2615 2617
f 2822 2821 2824
f 2618 2620 2826
f 2827 2826 2620
f 2826 2426 2618
f 2826 2825 2426
f 2827 2825 2826
f 2817 2620 2619
f 2827 2620 2828
f 2620 2817 2828
f 2824 2617 2623
f 2623 2622 2829
f 2824 2623 2830
f 2830 2623 2829
f 2625 2627 2831
f 2832 2831 2627
f 2831 2626 2625
f 2831 2833 2626
f 2832 2833 2831
f 2627 2426 2825
f 2832 2627 2834
f 2834 2627 2825
f 2629 2829 2622
f 2628 2634 2629
f 2835 2629 2634
f 2836 2829 2629
f 2835 2836 2629
f 2630 2632 2837
f 2837 2636 2630
f 2833 2632 2626
f 2837 2632 2838
f 2632 2833 2838
f 2634 2633 2839
f 2634 2839 2835
f 2639 2839 2633
f 2636 2840 2635
f 2837 2841 2636
f 2840 2636 2841
f 2639 2638 2842
f 2843 2639 2842
f 2839 2639 2844
f 2843 2844 2639
f 2641 2635 2840
f 2641 2845 2447
f 2840 2846 2641
f 2846 2845 2641
f 2842 2638 2642
f 2842 2642 2847
f 2842 2847 2843
f 2845 2643 2447
f 2643 2845 2848
f 2848 2647 2643
f 2645 2847 2642
f 2849 2645 2649
f 2645 2849 2847
f 2646 2647 2850
f 2851 2850 2647
f 2850 2652 2646
f 2647 2848 2851
f 2852 2649 2648
f 2849 2649 2853
f 2649 2852 2853
f 2651 2652 2850
f 2650 2652 2651
f 2854 2651 2850
f 2854 2855 2651
f 2856 2852 2648
f 2856 2648 2654
f 2856 2654 2857
f 2856 2857 2852
f 2858 2651 2855
f 2858 2655 2651
f 2858 2658 2655
f 2855 2859 2858
f 2859 2658 2858
f 2860 2857 2654
f 2860 2654 2656
f 2656 2661 2860
f 2661 2861 2860
f 2860 2861 2857
f 2657 2658 2862
f 2862 2664 2657
f 2660 2666 2661
f 2666 2863 2661
f 2861 2661 2863
f 2668 2663 2664
f 2864 2668 2664
f 2862 2865 2664
f 2865 2864 2664
f 2665 2669 2666
f 2669 2866 2666
f 2867 2863 2666
f 2866 2867 2666
f 2672 2667 2668
f 2868 2672 2668
f 2864 2869 2668
f 2869 2868 2668
f 2475 2674 2669
f 2870 2669 2674
f 2871 2866 2669
f 2870 2871 2669
f 2678 2671 2672
f 2872 2678 2672
f 2868 2873 2672
f 2873 2872 2672
f 2874 2674 2673
f 2875 2674 2874
f 2870 2674 2876
f 2875 2876 2674
f 2684 2677 2678
f 2877 2684 2678
f 2877 2678 2872
f 2874 2673 2680
f 2878 2874 2680
f 2874 2878 2879
f 2875 2874 2880
f 2874 2879 2880
f 2685 2878 2680
f 2690 2683 2684
f 2881 2690 2684
f 2877 2882 2684
f 2882 2881 2684
f 2878 2685 2879
f 2679 2687 2685
f 2687 2883 2685
f 2884 2879 2685
f 2883 2884 2685
f 2686 2691 2687
f 2695 2689 2690
f 2885 2695 2690
f 2881 2886 2690
f 2886 2885 2690
f 2687 2691 2883
f 2887 2883 2691
f 2686 2693 2691
f 2693 2888 2691
f 2888 2887 2691
f 2889 2693 2692
f 2889 2888 2693
f 2694 2695 2890
f 2891 2890 2695
f 2885 2892 2695
f 2892 2891 2695
f 2697 2889 2692
f 2893 2889 2697
f 2889 2893 2888
f 2697 2696 2894
f 2893 2697 2895
f 2895 2697 2894
f 2701 2894 2696
f 2694 2890 2699
f 2890 2896 2699
f 2891 2896 2890
f 2701 2700 2897
f 2701 2898 2894
f 2701 2897 2898
f 2899 2702 2900
f 2899 2700 2702
f 2700 2899 2897
f 2899 2900 2897
f 2901 2699 2896
f 2901 2703 2699
f 2901 2902 2703
f 2901 2903 2902
f 2903 2901 2896
f 2702 2705 2900
f 2705 2704 2904
f 2900 2705 2905
f 2705 2904 2905
f 2704 2711 2904
f 2902 2708 2703
f 2902 2906 2708
f 2902 2907 2906
f 2902 2903 2908
f 2907 2902 2908
f 2711 2710 2909
f 2904 2711 2910
f 2711 2909 2910
f 2710 2911 2909
f 2906 2712 2708
f 2906 2912 2712
f 2906 2913 2912
f 2913 2906 2914
f 2906 2907 2914
f 2911 2710 2714
f 2915 2911 2714
f 2915 2916 2911
f 2909 2911 2916
f 2912 2716 2712
f 2912 2917 2716
f 2912 2913 2917
f 2915 2714 2717
f 2721 2915 2717
f 2721 2918 2915
f 2919 2916 2915
f 2918 2919 2915
f 2920 2716 2917
f 2920 2718 2716
f 2720 2724 2721
f 2724 2921 2721
f 2922 2918 2721
f 2921 2922 2721
f 2923 2718 2920
f 2923 2722 2718
f 2923 2924 2722
f 2923 2920 2924
f 2925 2724 2723
f 2925 2926 2724
f 2927 2921 2724
f 2926 2927 2724
f 2928 2722 2924
f 2928 2726 2722
f 2726 2928 2929
f 2928 2924 2929
f 2925 2723 2727
f 2930 2931 2727
f 2925 2727 2931
f 2930 2727 2733
f 2926 2925 2931
f 2929 2731 2726
f 2731 2932 2730
f 2933 2932 2731
f 2934 2731 2929
f 2934 2933 2731
f 2732 2935 2733
f 2737 2935 2732
f 2930 2733 2931
f 2935 2936 2733
f 2733 2936 2931
f 2932 2734 2730
f 2734 2932 2937
f 2937 2932 2933
f 2737 2735 2938
f 2743 2938 2735
f 2938 2939 2737
f 2939 2935 2737
f 2937 2740 2734
f 2739 2740 2745
f 2940 2745 2740
f 2941 2740 2937
f 2941 2940 2740
f 2743 2741 2942
f 2748 2942 2741
f 2942 2943 2743
f 2943 2938 2743
f 2745 2944 2744
f 2944 2945 2744
f 2745 2946 2944
f 2745 2940 2946
f 2947 2747 2746
f 2753 2947 2746
f 2742 2747 2748
f 2948 2748 2747
f 2947 2949 2747
f 2948 2747 2949
f 2948 2942 2748
f 2945 2749 2744
f 2945 2756 2749
f 2945 2950 2756
f 2950 2945 2944
f 2753 2751 2951
f 2951 2751 2759
f 2951 2952 2753
f 2755 2756 2762
f 2953 2762 2756
f 2756 2950 2954
f 2953 2756 2954
f 2759 2758 2955
f 2951 2759 2956
f 2759 2955 2956
f 2761 2762 2768
f 2957 2768 2762
f 2953 2958 2762
f 2958 2957 2762
f 2772 2960 2959
f 2773 2959 2961
f 2776 2961 2962
f 2964 2963 2778
f 2964 2778 2775
f 2964 2775 2962
f 2964 2962 2963
f 2764 2963 2965
f 2963 2966 2965
f 2963 2764 2778
f 2965 2766 2763
f 2965 2967 2766
f 2965 2763 2764
f 2965 2966 2968
f 2967 2965 2968
f 2766 2955 2758
f 2766 2967 2969
f 2955 2766 2969
f 2767 2768 2970
f 2971 2970 2768
f 2971 2768 2957
f 2772 2770 2960
f 2772 2769 2770
f 2769 2781 2770
f 2972 2770 2781
f 2960 2770 2973
f 2972 2973 2770
f 2773 2772 2959
f 2773 2771 2772
f 2776 2773 2961
f 2775 2776 2962
f 2767 2970 2779
f 2970 2974 2779
f 2975 2974 2970
f 2971 2976 2970
f 2976 2975 2970
f 2977 2972 2781
f 2977 2781 2780
f 2785 2977 2780
f 2978 2977 2785
f 2972 2977 2978
f 2974 2782 2779
f 2979 2782 2974
f 2980 2979 2974
f 2975 2981 2974
f 2980 2974 2981
f 2785 2784 2982
f 2789 2982 2784
f 2982 2978 2785
f 2979 2787 2782
f 2979 2983 2787
f 2980 2983 2979
f 2791 2787 2983
f 2789 2788 2984
f 2794 2984 2788
f 2984 2985 2789
f 2985 2982 2789
f 2986 2790 2791
f 2987 2986 2791
f 2983 2988 2791
f 2987 2791 2988
f 2790 2986 2796
f 2794 2793 2989
f 2800 2989 2793
f 2989 2990 2794
f 2990 2984 2794
f 2986 2987 2796
f 2796 2991 2795
f 2796 2987 2992
f 2991 2796 2992
f 2800 2798 2993
f 2994 2800 2993
f 2993 2798 2799
f 2993 2799 2995
f 2993 2995 2994
f 2994 2989 2800
f 2802 2795 2991
f 2802 2996 2801
f 2802 2991 2997
f 2996 2802 2997
f 2998 2805 2803
f 2998 2803 2804
f 2805 2995 2799
f 2998 2999 2805
f 2995 2805 2999
f 2807 2801 2996
f 2806 2807 3000
f 2807 3001 3000
f 2807 2996 3002
f 3001 2807 3002
f 3000 3003 2808
f 3000 2808 2806
f 3000 3001 3003
f 3005 3004 2811
f 3005 2811 2808
f 3005 2808 3003
f 3005 3003 3004
f 2813 2812 3006
f 3007 2813 3006
f 3006 2812 2811
f 3006 2811 3004
f 3007 3006 3004
f 2804 2813 2998
f 3008 2998 2813
f 3007 3009 2813
f 3009 3008 2813
f 3011 2815 3010
f 3011 2817 2815
f 2819 3012 2815
f 3012 3010 2815
f 2823 3013 2820
f 2819 2820 3012
f 2820 3013 3012
f 3014 2823 2822
f 3014 3015 2823
f 3013 2823 3015
f 3014 2824 3016
f 2824 3014 2822
f 3016 3015 3014
f 2830 3016 2824
f 2827 2828 3017
f 3018 3017 2828
f 3017 2825 2827
f 3017 3019 2825
f 3018 3019 3017
f 3011 2828 2817
f 3020 2828 3011
f 3020 3021 2828
f 2828 3021 3018
f 3020 3011 3010
f 2830 2829 3022
f 3023 3016 2830
f 3023 2830 3022
f 2832 2834 3024
f 3024 2833 2832
f 3019 2834 2825
f 3019 3025 2834
f 2834 3025 3024
f 2836 3022 2829
f 2836 2835 3026
f 3027 2836 3026
f 3028 3022 2836
f 3027 3028 2836
f 3029 2837 2838
f 3029 2841 2837
f 3024 2838 2833
f 3030 2838 3024
f 3030 3031 2838
f 3029 2838 3031
f 3030 3024 3032
f 3026 2835 2839
f 3026 2839 3033
f 3026 3033 3027
f 2844 3033 2839
f 2841 3034 2840
f 3029 3035 2841
f 3035 3034 2841
f 2844 2843 3036
f 3037 2844 3036
f 3033 2844 3038
f 3037 3038 2844
f 2846 2840 3034
f 2846 3039 2845
f 3040 3039 2846
f 3034 3040 2846
f 3036 2843 2847
f 3036 2847 3041
f 3036 3041 3037
f 3039 2848 2845
f 2848 3039 3042
f 3042 2851 2848
f 3042 3039 3043
f 3039 3040 3043
f 2849 3041 2847
f 3044 2849 2853
f 2849 3044 3041
f 3045 2854 2851
f 2850 2851 2854
f 3045 2851 3046
f 2851 3042 3046
f 3047 2853 2852
f 3048 2853 3047
f 3044 2853 3049
f 2853 3048 3049
f 3050 2854 3045
f 2854 3051 2855
f 3050 3051 2854
f 3047 2852 2857
f 3047 2857 3052
f 3048 3047 3052
f 2859 2855 3051
f 2859 3053 2658
f 3054 3053 2859
f 3051 3054 2859
f 3055 3052 2857
f 3055 2857 2861
f 3056 3055 2861
f 3056 3052 3055
f 3053 2862 2658
f 2862 3053 3057
f 2865 2862 3057
f 3057 3053 3058
f 3053 3054 3058
f 2863 3056 2861
f 2867 3059 2863
f 2863 3059 3056
f 2869 2864 2865
f 3060 2869 2865
f 3060 2865 3057
f 2866 2871 2867
f 2871 3061 2867
f 3059 2867 3061
f 2873 2868 2869
f 3062 2873 2869
f 3062 2869 3060
f 2870 2876 2871
f 2876 3063 2871
f 3061 2871 3063
f 2872 2873 3064
f 3065 3064 2873
f 3065 2873 3062
f 2875 2880 2876
f 3066 2876 2880
f 3067 3063 2876
f 3066 3067 2876
f 2872 3064 2877
f 3064 2882 2877
f 3068 2882 3064
f 3068 3064 3065
f 3069 2880 2879
f 3066 2880 3070
f 3070 2880 3069
f 2886 2881 2882
f 3071 2886 2882
f 3068 3072 2882
f 3072 3071 2882
f 2884 3069 2879
f 3073 3074 2884
f 3073 2884 2883
f 2884 3074 3069
f 3075 3076 3073
f 3074 3073 3077
f 3077 3073 3076
f 2892 2885 2886
f 3078 2892 2886
f 3071 3079 2886
f 3079 3078 2886
f 3073 2883 3075
f 3075 2883 2887
f 2888 3080 3075
f 3080 3076 3075
f 3075 2887 2888
f 3080 2893 3081
f 3080 2888 2893
f 3082 3076 3080
f 3081 3082 3080
f 2891 2892 3083
f 3078 3084 2892
f 3084 3083 2892
f 3081 2893 2895
f 2895 2894 3085
f 3081 2895 3086
f 2895 3085 3086
f 2898 3085 2894
f 3083 2896 2891
f 3083 3087 2896
f 2898 2897 3088
f 3089 2898 3088
f 3085 2898 3090
f 2898 3089 3090
f 3088 2897 2900
f 3091 2896 3087
f 3091 2903 2896
f 3091 2908 2903
f 3091 3092 2908
f 3091 3087 3092
f 2900 2905 3088
f 2905 2904 3093
f 3088 2905 3094
f 3093 3094 2905
f 2904 2910 3093
f 2907 2908 2914
f 2908 3095 2914
f 3095 2908 3092
f 2910 2909 3096
f 3093 2910 3097
f 3097 2910 3096
f 2914 3098 2913
f 2914 3099 3098
f 3099 2914 3100
f 2914 3095 3100
f 3101 3096 2909
f 3101 2909 2916
f 2916 2919 3101
f 2919 3102 3101
f 3102 3096 3101
f 3098 2917 2913
f 3098 3103 2917
f 3098 3099 3103
f 2918 2922 2919
f 2922 3104 2919
f 3102 2919 3105
f 3104 3105 2919
f 3106 2917 3103
f 3106 2920 2917
f 3106 3107 2920
f 3106 3103 3107
f 2921 2927 2922
f 2927 3108 2922
f 3104 2922 3109
f 3108 3109 2922
f 3110 2920 3107
f 3110 2924 2920
f 3110 3111 2924
f 3110 3107 3111
f 3112 2927 2926
f 3108 2927 3112
f 3113 2924 3111
f 3113 2929 2924
f 2929 3113 3114
f 3113 3111 3114
f 3114 2934 2929
f 3112 2926 2931
f 3112 2931 3115
f 2936 3115 2931
f 3116 3115 2936
f 3112 3115 3117
f 3115 3116 3117
f 2934 3118 2933
f 3119 3118 2934
f 3114 3120 2934
f 3119 2934 3120
f 2936 2935 3121
f 2939 3121 2935
f 3122 3121 2939
f 3121 3122 3123
f 3121 3116 2936
f 3118 2937 2933
f 2937 3118 3124
f 3124 3118 3119
f 2939 2938 3125
f 2943 3125 2938
f 3126 3125 2943
f 3125 3126 3127
f 3125 3122 2939
f 3124 2941 2937
f 2940 2941 2946
f 3128 2946 2941
f 3128 2941 3124
f 2943 2942 3129
f 3126 2943 3129
f 3129 2942 2948
f 3129 2948 3130
f 3126 3129 3131
f 3131 3129 3130
f 2946 3132 2944
f 2946 3133 3132
f 3128 3134 2946
f 3133 2946 3134
f 2949 2947 3135
f 2952 3135 2947
f 2753 2952 2947
f 2948 2949 3130
f 3135 3136 2949
f 3136 3130 2949
f 3132 2950 2944
f 3132 2954 2950
f 3132 3137 2954
f 3132 3133 3138
f 3137 3132 3138
f 2952 2951 3139
f 3139 2951 2956
f 3140 2952 3139
f 3140 3135 2952
f 2953 2954 2958
f 3141 2958 2954
f 3137 3142 2954
f 3141 2954 3142
f 2956 2955 3143
f 3139 2956 3144
f 2956 3143 3144
f 2957 2958 3145
f 3146 3145 2958
f 3146 2958 3141
f 3147 2959 2960
f 3148 2961 2959
f 3149 2962 2961
f 3151 3150 2963
f 3151 2963 2962
f 2966 3152 2968
f 2966 2963 3150
f 2966 3150 3152
f 2968 2969 2967
f 2968 3153 2969
f 3153 2968 3152
f 2969 3143 2955
f 3143 2969 3154
f 3154 2969 3153
f 2957 3145 2971
f 3145 2976 2971
f 3155 2976 3145
f 3155 3145 3146
f 2973 3147 2960
f 3156 3147 2973
f 2973 2972 3157
f 3156 2973 3157
f 3147 3148 2959
f 3158 3148 3147
f 3147 3156 3158
f 3148 3149 2961
f 3159 3149 3148
f 3148 3158 3159
f 3149 3151 2962
f 3160 3151 3149
f 3149 3159 3160
f 3161 3151 3160
f 3151 3161 3150
f 2981 2975 2976
f 3162 2981 2976
f 3162 2976 3155
f 3157 2972 2978
f 3163 3157 2978
f 3164 3156 3157
f 2980 2981 3165
f 2981 3162 3165
f 2978 2982 3166
f 2985 3166 2982
f 3166 3167 2978
f 3167 3163 2978
f 3165 3168 2980
f 3168 2983 2980
f 2988 2983 3168
f 3169 2988 3168
f 3169 3168 3165
f 2984 3170 2985
f 3171 3166 2985
f 3170 3171 2985
f 2988 3172 2987
f 3169 3172 2988
f 2987 3172 2992
f 2990 2989 3173
f 2994 3173 2989
f 3170 2984 2990
f 3173 3174 2990
f 3170 2990 3174
f 2991 2992 3175
f 3172 3176 2992
f 3175 2992 3176
f 2991 3175 2997
f 3178 2994 3177
f 3177 2994 2995
f 3177 2995 3179
f 3178 3177 3180
f 3177 3179 3180
f 3178 3173 2994
f 3181 2996 2997
f 3175 3182 2997
f 3181 2997 3182
f 2999 2998 3183
f 3184 2999 3183
f 3183 2998 3008
f 3183 3008 3185
f 3183 3185 3184
f 2995 2999 3179
f 3184 3186 2999
f 3179 2999 3186
f 3181 3002 2996
f 3001 3002 3187
f 3002 3188 3187
f 3181 3188 3002
f 3187 3189 3003
f 3187 3190 3189
f 3187 3003 3001
f 3188 3191 3187
f 3190 3187 3191
f 3189 3192 3004
f 3189 3193 3192
f 3189 3004 3003
f 3190 3194 3189
f 3193 3189 3194
f 3009 3007 3192
f 3195 3009 3192
f 3192 3007 3004
f 3193 3196 3192
f 3195 3192 3196
f 3008 3009 3185
f 3185 3009 3195
f 3197 3010 3012
f 3013 3198 3012
f 3015 3199 3013
f 3200 3015 3016
f 3201 3019 3018
f 3202 3021 3020
f 3021 3203 3018
f 3202 3203 3021
f 3197 3020 3010
f 3204 3020 3197
f 3020 3204 3202
f 3197 3012 3198
f 3205 3197 3198
f 3197 3205 3204
f 3198 3013 3199
f 3199 3015 3200
f 3198 3199 3206
f 3200 3206 3199
f 3023 3200 3016
f 3207 3200 3023
f 3200 3207 3208
f 3023 3022 3209
f 3207 3023 3209
f 3201 3025 3019
f 3025 3201 3210
f 3025 3211 3024
f 3025 3210 3211
f 3201 3018 3203
f 3203 3212 3201
f 3201 3212 3210
f 3203 3202 3213
f 3028 3209 3022
f 3207 3209 3214
f 3028 3027 3215
f 3216 3028 3215
f 3216 3209 3028
f 3030 3032 3031
f 3032 3217 3031
f 3031 3218 3029
f 3031 3217 3218
f 3032 3024 3211
f 3211 3219 3032
f 3032 3219 3217
f 3220 3211 3210
f 3215 3027 3033
f 3215 3033 3221
f 3222 3216 3215
f 3222 3215 3221
f 3035 3029 3218
f 3035 3218 3223
f 3223 3224 3035
f 3224 3034 3035
f 3218 3217 3225
f 3218 3225 3223
f 3038 3221 3033
f 3038 3037 3226
f 3227 3038 3226
f 3227 3221 3038
f 3224 3040 3034
f 3040 3224 3228
f 3228 3043 3040
f 3229 3228 3224
f 3229 3224 3223
f 3226 3037 3041
f 3226 3041 3230
f 3227 3226 3231
f 3231 3226 3230
f 3232 3042 3043
f 3232 3046 3042
f 3043 3228 3233
f 3232 3043 3233
f 3234 3230 3041
f 3234 3041 3044
f 3044 3049 3234
f 3235 3234 3049
f 3235 3230 3234
f 3045 3046 3236
f 3236 3050 3045
f 3232 3237 3046
f 3046 3237 3236
f 3238 3049 3048
f 3239 3049 3238
f 3049 3240 3235
f 3239 3240 3049
f 3242 3050 3241
f 3242 3051 3050
f 3243 3241 3050
f 3243 3050 3236
f 3238 3048 3052
f 3244 3238 3052
f 3245 3238 3244
f 3239 3238 3246
f 3238 3245 3246
f 3242 3054 3051
f 3247 3054 3242
f 3247 3058 3054
f 3247 3242 3248
f 3242 3241 3249
f 3248 3242 3249
f 3244 3052 3056
f 3244 3056 3250
f 3245 3244 3250
f 3058 3247 3248
f 3057 3058 3251
f 3058 3252 3251
f 3248 3252 3058
f 3253 3250 3056
f 3253 3056 3059
f 3253 3059 3254
f 3253 3254 3250
f 3057 3251 3060
f 3251 3255 3060
f 3256 3255 3251
f 3256 3251 3252
f 3256 3252 3257
f 3256 3257 3255
f 3258 3254 3059
f 3258 3059 3061
f 3258 3061 3259
f 3258 3259 3254
f 3260 3060 3255
f 3060 3260 3062
f 3062 3260 3261
f 3260 3255 3261
f 3261 3255 3262
f 3263 3259 3061
f 3263 3061 3063
f 3063 3067 3263
f 3261 3264 3062
f 3062 3264 3065
f 3264 3265 3065
f 3266 3265 3264
f 3266 3264 3261
f 3066 3070 3067
f 3267 3067 3070
f 3268 3263 3067
f 3267 3268 3067
f 3065 3265 3068
f 3265 3072 3068
f 3269 3072 3265
f 3269 3265 3266
f 3070 3069 3270
f 3271 3070 3270
f 3070 3271 3267
f 3270 3074 3272
f 3270 3069 3074
f 3273 3271 3270
f 3272 3273 3270
f 3274 3272 3077
f 3079 3071 3072
f 3275 3079 3072
f 3276 3072 3269
f 3276 3275 3072
f 3272 3074 3077
f 3077 3076 3277
f 3274 3077 3277
f 3277 3082 3278
f 3277 3076 3082
f 3279 3274 3277
f 3278 3279 3277
f 3084 3078 3079
f 3280 3084 3079
f 3275 3281 3079
f 3281 3280 3079
f 3282 3278 3082
f 3282 3082 3081
f 3081 3086 3282
f 3283 3282 3086
f 3282 3284 3278
f 3283 3284 3282
f 3083 3084 3285
f 3286 3285 3084
f 3286 3084 3280
f 3086 3085 3287
f 3086 3287 3283
f 3085 3090 3287
f 3083 3285 3087
f 3087 3285 3288
f 3285 3286 3288
f 3090 3089 3289
f 3290 3090 3289
f 3287 3090 3290
f 3289 3088 3291
f 3289 3089 3088
f 3292 3290 3289
f 3291 3292 3289
f 3288 3293 3087
f 3293 3092 3087
f 3293 3294 3092
f 3293 3288 3294
f 3094 3291 3088
f 3295 3094 3093
f 3291 3094 3296
f 3295 3296 3094
f 3093 3097 3295
f 3297 3092 3294
f 3297 3095 3092
f 3297 3100 3095
f 3297 3298 3100
f 3298 3297 3294
f 3299 3097 3096
f 3097 3300 3295
f 3299 3300 3097
f 3100 3301 3099
f 3100 3302 3301
f 3302 3100 3298
f 3303 3299 3096
f 3303 3096 3102
f 3102 3105 3303
f 3304 3303 3105
f 3305 3299 3303
f 3304 3305 3303
f 3301 3103 3099
f 3301 3306 3103
f 3301 3307 3306
f 3307 3301 3302
f 3105 3104 3109
f 3308 3105 3109
f 3304 3105 3308
f 3306 3107 3103
f 3306 3309 3107
f 3309 3306 3307
f 3109 3108 3310
f 3311 3109 3310
f 3308 3109 3312
f 3109 3311 3312
f 3313 3107 3309
f 3313 3111 3107
f 3313 3314 3111
f 3314 3313 3309
f 3315 3111 3314
f 3310 3108 3112
f 3310 3112 3316
f 3317 3316 3117
f 3310 3316 3317
f 3315 3114 3111
f 3315 3120 3114
f 3318 3120 3315
f 3314 3319 3315
f 3319 3318 3315
f 3320 3321 3117
f 3321 3320 3123
f 3316 3112 3117
f 3320 3117 3116
f 3321 3317 3117
f 3119 3120 3322
f 3120 3323 3322
f 3323 3120 3318
f 3320 3116 3123
f 3121 3123 3116
f 3324 3123 3122
f 3324 3325 3123
f 3321 3123 3325
f 3322 3124 3119
f 3124 3322 3326
f 3326 3322 3323
f 3324 3122 3127
f 3125 3127 3122
f 3327 3127 3126
f 3327 3328 3127
f 3324 3127 3328
f 3326 3329 3124
f 3124 3329 3128
f 3329 3134 3128
f 3330 3134 3329
f 3330 3329 3326
f 3131 3130 3331
f 3130 3136 3331
f 3327 3126 3131
f 3331 3332 3131
f 3332 3327 3131
f 3133 3134 3138
f 3333 3138 3134
f 3333 3134 3330
f 3334 3136 3135
f 3334 3135 3140
f 3331 3136 3335
f 3334 3335 3136
f 3137 3138 3142
f 3336 3142 3138
f 3138 3333 3336
f 3337 3140 3139
f 3334 3140 3338
f 3337 3338 3140
f 3141 3142 3339
f 3340 3339 3142
f 3340 3142 3336
f 3144 3337 3139
f 3341 3144 3143
f 3144 3342 3337
f 3141 3339 3146
f 3146 3339 3343
f 3339 3340 3343
f 3344 3152 3150
f 3346 3345 3153
f 3346 3153 3152
f 3341 3143 3154
f 3341 3154 3347
f 3154 3153 3345
f 3154 3345 3347
f 3348 3341 3347
f 3144 3341 3348
f 3343 3349 3146
f 3146 3349 3155
f 3349 3350 3155
f 3349 3343 3350
f 3351 3158 3156
f 3352 3159 3158
f 3353 3160 3159
f 3344 3150 3161
f 3344 3161 3354
f 3161 3160 3355
f 3161 3355 3354
f 3346 3152 3344
f 3356 3346 3344
f 3344 3354 3356
f 3356 3357 3346
f 3346 3357 3345
f 3358 3347 3345
f 3359 3155 3350
f 3155 3359 3162
f 3359 3360 3162
f 3359 3350 3360
f 3162 3360 3361
f 3362 3360 3350
f 3157 3163 3164
f 3351 3156 3164
f 3363 3351 3164
f 3163 3364 3164
f 3164 3364 3363
f 3352 3158 3351
f 3365 3352 3351
f 3363 3365 3351
f 3353 3159 3352
f 3366 3353 3352
f 3352 3365 3366
f 3355 3160 3353
f 3355 3353 3367
f 3353 3366 3367
f 3162 3361 3165
f 3169 3165 3361
f 3169 3361 3368
f 3360 3369 3361
f 3361 3369 3368
f 3167 3166 3370
f 3370 3166 3171
f 3364 3163 3167
f 3364 3167 3371
f 3167 3370 3371
f 3364 3372 3363
f 3373 3365 3363
f 3169 3368 3374
f 3169 3374 3375
f 3376 3374 3368
f 3174 3377 3170
f 3170 3377 3171
f 3370 3171 3378
f 3171 3377 3378
f 3375 3172 3169
f 3379 3176 3375
f 3375 3176 3172
f 3374 3376 3375
f 3379 3375 3376
f 3174 3173 3380
f 3381 3380 3173
f 3381 3173 3178
f 3380 3382 3174
f 3382 3377 3174
f 3383 3176 3379
f 3383 3175 3176
f 3383 3384 3182
f 3383 3182 3175
f 3383 3379 3385
f 3383 3385 3384
f 3179 3386 3180
f 3186 3386 3179
f 3180 3381 3178
f 3386 3387 3180
f 3381 3180 3387
f 3182 3388 3181
f 3182 3384 3388
f 3389 3188 3388
f 3388 3188 3181
f 3388 3384 3390
f 3389 3388 3390
f 3191 3389 3391
f 3392 3391 3389
f 3185 3394 3184
f 3395 3394 3185
f 3395 3185 3195
f 3395 3195 3393
f 3395 3393 3394
f 3396 3394 3393
f 3394 3397 3184
f 3184 3397 3186
f 3389 3191 3188
f 3391 3194 3191
f 3194 3190 3191
f 3196 3193 3194
f 3398 3196 3194
f 3398 3194 3391
f 3393 3195 3196
f 3398 3393 3196
f 3204 3399 3202
f 3400 3401 3205
f 3205 3401 3204
f 3206 3402 3198
f 3403 3198 3402
f 3198 3403 3205
f 3403 3400 3205
f 3403 3402 3400
f 3200 3208 3206
f 3206 3208 3402
f 3208 3207 3404
f 3203 3213 3212
f 3405 3212 3213
f 3212 3405 3210
f 3213 3202 3399
f 3406 3213 3399
f 3405 3213 3406
f 3399 3204 3401
f 3407 3399 3401
f 3399 3407 3406
f 3400 3408 3401
f 3401 3408 3407
f 3409 3408 3400
f 3409 3400 3402
f 3409 3402 3410
f 3409 3410 3408
f 3411 3410 3402
f 3411 3402 3208
f 3411 3208 3412
f 3411 3412 3410
f 3404 3207 3214
f 3404 3412 3208
f 3209 3216 3214
f 3214 3216 3413
f 3414 3214 3413
f 3404 3214 3414
f 3211 3220 3219
f 3415 3217 3219
f 3220 3210 3405
f 3220 3405 3416
f 3219 3220 3417
f 3220 3416 3417
f 3405 3418 3416
f 3222 3413 3216
f 3420 3414 3413
f 3222 3221 3421
f 3422 3222 3421
f 3422 3413 3222
f 3415 3225 3217
f 3415 3423 3225
f 3225 3424 3223
f 3225 3423 3424
f 3415 3219 3417
f 3417 3425 3415
f 3415 3425 3423
f 3421 3221 3227
f 3421 3227 3426
f 3422 3421 3426
f 3227 3231 3426
f 3229 3223 3424
f 3427 3229 3424
f 3229 3428 3228
f 3427 3428 3229
f 3429 3427 3424
f 3429 3424 3423
f 3430 3231 3230
f 3431 3231 3430
f 3231 3431 3426
f 3233 3228 3428
f 3432 3233 3428
f 3233 3433 3232
f 3432 3433 3233
f 3432 3428 3434
f 3427 3434 3428
f 3430 3230 3235
f 3430 3235 3435
f 3431 3430 3436
f 3436 3430 3435
f 3237 3232 3433
f 3237 3437 3236
f 3433 3438 3237
f 3438 3437 3237
f 3433 3432 3439
f 3240 3435 3235
f 3239 3246 3240
f 3440 3240 3246
f 3440 3435 3240
f 3243 3236 3437
f 3243 3441 3241
f 3437 3442 3243
f 3442 3441 3243
f 3443 3246 3245
f 3444 3246 3443
f 3246 3444 3440
f 3249 3241 3441
f 3249 3441 3445
f 3445 3446 3249
f 3446 3248 3249
f 3445 3441 3447
f 3443 3245 3250
f 3448 3443 3250
f 3449 3443 3448
f 3444 3443 3450
f 3449 3450 3443
f 3446 3252 3248
f 3252 3446 3451
f 3446 3445 3452
f 3451 3446 3452
f 3448 3250 3254
f 3453 3448 3254
f 3449 3448 3454
f 3448 3453 3454
f 3257 3252 3451
f 3255 3257 3262
f 3257 3451 3455
f 3453 3254 3259
f 3453 3259 3456
f 3261 3262 3457
f 3262 3458 3457
f 3262 3257 3459
f 3458 3262 3459
f 3460 3456 3259
f 3460 3259 3263
f 3263 3268 3460
f 3268 3461 3460
f 3461 3456 3460
f 3261 3457 3266
f 3266 3457 3462
f 3462 3457 3463
f 3457 3458 3463
f 3268 3267 3464
f 3465 3466 3268
f 3461 3268 3466
f 3465 3464 3466
f 3465 3268 3464
f 3462 3467 3266
f 3266 3467 3269
f 3467 3276 3269
f 3468 3276 3467
f 3468 3467 3462
f 3273 3464 3267
f 3271 3273 3267
f 3469 3273 3272
f 3469 3470 3273
f 3471 3464 3273
f 3470 3471 3273
f 3469 3274 3472
f 3469 3272 3274
f 3470 3469 3472
f 3279 3472 3274
f 3281 3275 3276
f 3473 3281 3276
f 3473 3276 3468
f 3279 3278 3474
f 3472 3279 3475
f 3279 3474 3475
f 3278 3284 3474
f 3280 3281 3476
f 3477 3476 3281
f 3473 3477 3281
f 3478 3284 3283
f 3284 3479 3474
f 3478 3479 3284
f 3280 3476 3286
f 3476 3480 3286
f 3481 3480 3476
f 3477 3482 3476
f 3481 3476 3482
f 3483 3478 3283
f 3483 3283 3287
f 3483 3290 3484
f 3483 3287 3290
f 3485 3478 3483
f 3484 3485 3483
f 3286 3480 3288
f 3288 3480 3486
f 3480 3481 3486
f 3292 3484 3290
f 3291 3487 3292
f 3292 3488 3484
f 3487 3488 3292
f 3291 3296 3487
f 3486 3489 3288
f 3489 3294 3288
f 3489 3490 3294
f 3489 3486 3490
f 3296 3295 3491
f 3487 3296 3492
f 3492 3296 3491
f 3493 3294 3490
f 3493 3298 3294
f 3493 3494 3298
f 3493 3495 3494
f 3495 3493 3490
f 3300 3491 3295
f 3300 3299 3496
f 3497 3491 3300
f 3496 3497 3300
f 3494 3302 3298
f 3494 3498 3302
f 3494 3499 3498
f 3499 3494 3495
f 3305 3496 3299
f 3305 3304 3500
f 3501 3305 3500
f 3501 3496 3305
f 3498 3307 3302
f 3498 3502 3307
f 3498 3503 3502
f 3503 3498 3499
f 3500 3304 3308
f 3312 3500 3308
f 3504 3500 3312
f 3501 3500 3505
f 3504 3505 3500
f 3502 3309 3307
f 3309 3502 3506
f 3506 3502 3503
f 3312 3311 3507
f 3504 3312 3508
f 3507 3508 3312
f 3506 3509 3309
f 3309 3509 3314
f 3509 3319 3314
f 3510 3319 3509
f 3510 3509 3506
f 3511 3507 3311
f 3310 3317 3311
f 3511 3311 3317
f 3317 3512 3511
f 3507 3511 3513
f 3511 3512 3513
f 3319 3514 3318
f 3515 3514 3319
f 3510 3516 3319
f 3516 3515 3319
f 3517 3512 3317
f 3517 3317 3321
f 3517 3321 3325
f 3518 3517 3325
f 3512 3517 3519
f 3517 3518 3519
f 3514 3323 3318
f 3514 3520 3323
f 3520 3514 3515
f 3325 3324 3521
f 3328 3521 3324
f 3521 3518 3325
f 3522 3323 3520
f 3522 3326 3323
f 3522 3523 3326
f 3522 3520 3523
f 3328 3327 3524
f 3332 3524 3327
f 3525 3328 3524
f 3521 3328 3525
f 3526 3326 3523
f 3326 3526 3330
f 3526 3527 3330
f 3526 3523 3527
f 3332 3331 3528
f 3528 3331 3335
f 3332 3529 3524
f 3332 3528 3529
f 3530 3330 3527
f 3330 3530 3333
f 3530 3531 3333
f 3530 3527 3531
f 3335 3334 3532
f 3528 3335 3533
f 3335 3532 3533
f 3534 3333 3531
f 3333 3534 3336
f 3336 3534 3535
f 3534 3531 3535
f 3338 3532 3334
f 3338 3536 3532
f 3536 3338 3342
f 3337 3342 3338
f 3537 3532 3536
f 3340 3336 3538
f 3336 3535 3538
f 3144 3539 3342
f 3536 3342 3540
f 3539 3540 3342
f 3538 3541 3340
f 3340 3541 3343
f 3343 3541 3542
f 3541 3543 3542
f 3541 3538 3544
f 3543 3541 3544
f 3144 3348 3539
f 3348 3347 3545
f 3539 3348 3546
f 3348 3545 3546
f 3542 3350 3343
f 3542 3547 3362
f 3542 3362 3350
f 3543 3548 3542
f 3542 3548 3547
f 3356 3549 3357
f 3550 3549 3356
f 3550 3356 3354
f 3345 3357 3358
f 3551 3358 3357
f 3357 3549 3551
f 3545 3347 3358
f 3551 3552 3358
f 3545 3358 3552
f 3369 3362 3553
f 3362 3547 3553
f 3369 3360 3362
f 3369 3553 3554
f 3553 3555 3554
f 3556 3553 3547
f 3556 3555 3553
f 3557 3366 3365
f 3558 3367 3366
f 3355 3550 3354
f 3355 3559 3550
f 3367 3560 3355
f 3355 3560 3559
f 3561 3550 3559
f 3550 3561 3549
f 3561 3562 3549
f 3561 3559 3562
f 3369 3554 3368
f 3563 3376 3554
f 3554 3376 3368
f 3563 3554 3555
f 3364 3371 3372
f 3565 3371 3370
f 3363 3372 3373
f 3372 3566 3373
f 3371 3567 3372
f 3372 3567 3566
f 3373 3557 3365
f 3373 3568 3557
f 3373 3566 3568
f 3558 3366 3557
f 3569 3558 3557
f 3557 3568 3569
f 3560 3367 3558
f 3560 3558 3570
f 3558 3569 3570
f 3571 3559 3560
f 3376 3563 3572
f 3376 3572 3573
f 3572 3563 3574
f 3378 3565 3370
f 3575 3565 3378
f 3378 3377 3576
f 3378 3576 3575
f 3567 3371 3565
f 3567 3565 3575
f 3567 3577 3566
f 3566 3578 3568
f 3573 3379 3376
f 3579 3385 3573
f 3573 3385 3379
f 3579 3573 3572
f 3382 3380 3583
f 3584 3382 3583
f 3583 3380 3381
f 3583 3381 3582
f 3583 3582 3584
f 3576 3377 3382
f 3584 3585 3382
f 3585 3576 3382
f 3579 3580 3385
f 3580 3384 3385
f 3390 3580 3586
f 3580 3581 3586
f 3580 3390 3384
f 3579 3581 3580
f 3390 3586 3392
f 3392 3586 3587
f 3586 3581 3588
f 3586 3588 3587
f 3587 3590 3589
f 3591 3590 3587
f 3594 3593 3396
f 3595 3593 3594
f 3186 3596 3597
f 3397 3596 3186
f 3397 3593 3596
f 3598 3596 3593
f 3387 3386 3597
f 3599 3387 3597
f 3597 3386 3186
f 3596 3599 3597
f 3381 3387 3582
f 3387 3599 3582
f 3392 3389 3390
f 3587 3589 3392
f 3392 3589 3391
f 3398 3589 3600
f 3589 3590 3600
f 3589 3398 3391
f 3396 3393 3600
f 3594 3396 3600
f 3600 3393 3398
f 3600 3590 3594
f 3593 3397 3396
f 3397 3394 3396
f 3419 3405 3406
f 3407 3601 3406
f 3408 3602 3407
f 3410 3603 3408
f 3412 3604 3410
f 3414 3605 3404
f 3404 3605 3412
f 3405 3419 3418
f 3418 3606 3416
f 3406 3601 3419
f 3419 3601 3607
f 3418 3419 3608
f 3419 3607 3608
f 3601 3407 3602
f 3601 3602 3609
f 3601 3609 3607
f 3602 3408 3603
f 3610 3602 3603
f 3602 3610 3609
f 3603 3410 3604
f 3611 3603 3604
f 3603 3611 3610
f 3604 3412 3605
f 3612 3604 3605
f 3604 3612 3611
f 3420 3605 3414
f 3420 3613 3605
f 3605 3613 3612
f 3413 3422 3420
f 3422 3614 3420
f 3420 3614 3613
f 3615 3423 3425
f 3416 3606 3417
f 3616 3417 3606
f 3425 3417 3617
f 3417 3616 3617
f 3606 3418 3608
f 3618 3606 3608
f 3616 3606 3618
f 3619 3618 3608
f 3619 3608 3607
f 3620 3607 3609
f 3621 3609 3610
f 3622 3610 3611
f 3623 3611 3612
f 3624 3612 3613
f 3422 3625 3614
f 3614 3626 3613
f 3614 3625 3626
f 3422 3426 3627
f 3422 3627 3625
f 3429 3423 3615
f 3628 3429 3615
f 3429 3629 3427
f 3628 3629 3429
f 3615 3425 3617
f 3617 3630 3615
f 3615 3630 3628
f 3627 3426 3431
f 3632 3627 3431
f 3627 3633 3625
f 3632 3633 3627
f 3436 3632 3431
f 3427 3629 3434
f 3432 3434 3634
f 3629 3635 3434
f 3635 3634 3434
f 3629 3628 3636
f 3637 3632 3436
f 3638 3632 3637
f 3436 3435 3639
f 3637 3436 3639
f 3433 3439 3438
f 3640 3438 3439
f 3641 3438 3640
f 3641 3437 3438
f 3439 3432 3634
f 3634 3642 3439
f 3640 3439 3642
f 3639 3435 3440
f 3639 3440 3643
f 3639 3644 3637
f 3643 3644 3639
f 3641 3442 3437
f 3641 3645 3442
f 3447 3442 3645
f 3441 3442 3447
f 3641 3640 3646
f 3641 3646 3645
f 3647 3643 3440
f 3647 3440 3444
f 3647 3444 3648
f 3647 3648 3643
f 3649 3643 3648
f 3444 3450 3648
f 3445 3447 3650
f 3447 3645 3651
f 3650 3447 3651
f 3449 3454 3450
f 3652 3450 3454
f 3450 3652 3648
f 3452 3445 3650
f 3452 3650 3653
f 3653 3455 3452
f 3451 3452 3455
f 3654 3653 3650
f 3655 3454 3453
f 3656 3454 3655
f 3656 3652 3454
f 3657 3257 3455
f 3657 3455 3658
f 3455 3653 3659
f 3658 3455 3659
f 3655 3453 3456
f 3456 3660 3655
f 3459 3257 3658
f 3657 3658 3257
f 3458 3459 3463
f 3661 3463 3459
f 3660 3456 3461
f 3461 3466 3660
f 3662 3660 3466
f 3663 3655 3660
f 3662 3663 3660
f 3462 3463 3664
f 3463 3661 3665
f 3664 3463 3665
f 3466 3464 3666
f 3466 3666 3662
f 3667 3462 3664
f 3462 3667 3468
f 3667 3668 3468
f 3667 3664 3668
f 3664 3669 3668
f 3666 3464 3471
f 3670 3471 3470
f 3666 3471 3671
f 3670 3671 3471
f 3672 3472 3673
f 3472 3672 3470
f 3470 3672 3670
f 3672 3673 3670
f 3473 3468 3668
f 3477 3473 3674
f 3668 3674 3473
f 3673 3472 3475
f 3475 3474 3675
f 3673 3475 3676
f 3675 3676 3475
f 3677 3482 3477
f 3677 3477 3674
f 3479 3675 3474
f 3678 3675 3479
f 3479 3478 3679
f 3678 3479 3679
f 3481 3482 3680
f 3482 3677 3680
f 3485 3679 3478
f 3678 3679 3681
f 3485 3484 3682
f 3683 3679 3485
f 3683 3485 3682
f 3488 3682 3484
f 3680 3684 3481
f 3481 3684 3486
f 3684 3685 3486
f 3684 3680 3685
f 3488 3487 3686
f 3682 3488 3687
f 3488 3686 3687
f 3487 3492 3686
f 3688 3486 3685
f 3688 3490 3486
f 3688 3689 3490
f 3688 3685 3689
f 3689 3690 3490
f 3492 3491 3691
f 3686 3492 3692
f 3492 3691 3692
f 3690 3495 3490
f 3690 3693 3495
f 3693 3694 3495
f 3690 3689 3693
f 3497 3691 3491
f 3497 3496 3695
f 3696 3497 3695
f 3497 3696 3691
f 3694 3499 3495
f 3694 3697 3499
f 3694 3698 3697
f 3698 3694 3693
f 3695 3496 3501
f 3699 3695 3501
f 3695 3700 3696
f 3699 3700 3695
f 3505 3699 3501
f 3697 3503 3499
f 3697 3701 3503
f 3697 3698 3701
f 3505 3702 3699
f 3703 3699 3702
f 3504 3508 3505
f 3508 3702 3505
f 3704 3503 3701
f 3704 3506 3503
f 3704 3705 3506
f 3704 3701 3705
f 3508 3706 3702
f 3707 3702 3706
f 3507 3706 3508
f 3708 3506 3705
f 3506 3708 3510
f 3708 3516 3510
f 3709 3516 3708
f 3705 3709 3708
f 3706 3507 3513
f 3513 3512 3710
f 3513 3710 3711
f 3706 3513 3711
f 3516 3712 3515
f 3713 3712 3516
f 3713 3516 3709
f 3519 3710 3512
f 3714 3519 3518
f 3710 3519 3714
f 3712 3520 3515
f 3712 3715 3520
f 3712 3716 3715
f 3712 3713 3717
f 3716 3712 3717
f 3518 3521 3718
f 3718 3521 3525
f 3719 3518 3718
f 3719 3714 3518
f 3715 3523 3520
f 3715 3720 3523
f 3715 3721 3720
f 3716 3722 3715
f 3721 3715 3722
f 3525 3524 3723
f 3718 3525 3724
f 3525 3723 3724
f 3720 3527 3523
f 3720 3725 3527
f 3720 3726 3725
f 3721 3727 3720
f 3726 3720 3727
f 3529 3723 3524
f 3529 3728 3723
f 3729 3728 3529
f 3729 3529 3528
f 3729 3528 3730
f 3729 3730 3728
f 3728 3731 3723
f 3725 3531 3527
f 3725 3732 3531
f 3725 3733 3732
f 3726 3734 3725
f 3733 3725 3734
f 3730 3528 3533
f 3735 3730 3533
f 3735 3533 3537
f 3532 3537 3533
f 3730 3736 3728
f 3735 3736 3730
f 3732 3535 3531
f 3535 3732 3737
f 3733 3738 3732
f 3737 3732 3738
f 3739 3537 3536
f 3735 3537 3740
f 3739 3740 3537
f 3535 3737 3538
f 3538 3737 3544
f 3737 3741 3544
f 3737 3742 3741
f 3540 3739 3536
f 3540 3539 3743
f 3744 3540 3743
f 3739 3540 3744
f 3544 3746 3745
f 3745 3548 3544
f 3543 3544 3548
f 3746 3544 3741
f 3746 3741 3745
f 3747 3745 3741
f 3743 3539 3546
f 3748 3743 3546
f 3748 3546 3545
f 3548 3749 3547
f 3548 3745 3749
f 3750 3556 3749
f 3749 3556 3547
f 3749 3745 3751
f 3750 3749 3751
f 3752 3750 3751
f 3752 3753 3750
f 3551 3754 3552
f 3754 3551 3755
f 3755 3551 3549
f 3552 3748 3545
f 3756 3748 3552
f 3552 3754 3756
f 3756 3757 3748
f 3757 3743 3748
f 3556 3750 3555
f 3555 3750 3564
f 3564 3750 3758
f 3750 3753 3758
f 3562 3755 3549
f 3760 3755 3562
f 3562 3559 3761
f 3760 3562 3761
f 3754 3755 3762
f 3755 3760 3762
f 3564 3563 3555
f 3574 3564 3763
f 3564 3758 3763
f 3574 3563 3564
f 3763 3764 3574
f 3763 3758 3765
f 3763 3765 3764
f 3766 3569 3568
f 3560 3570 3571
f 3570 3569 3767
f 3571 3761 3559
f 3768 3761 3571
f 3571 3570 3768
f 3768 3769 3761
f 3760 3761 3769
f 3572 3574 3581
f 3581 3574 3770
f 3574 3764 3770
f 3770 3772 3771
f 3773 3770 3764
f 3773 3772 3770
f 3775 3774 3575
f 3775 3575 3576
f 3567 3575 3577
f 3575 3776 3577
f 3575 3774 3776
f 3566 3577 3578
f 3777 3578 3577
f 3577 3776 3777
f 3578 3766 3568
f 3778 3766 3578
f 3778 3578 3777
f 3767 3569 3766
f 3779 3767 3766
f 3766 3778 3779
f 3767 3780 3570
f 3767 3779 3780
f 3581 3579 3572
f 3770 3771 3581
f 3771 3772 3782
f 3782 3588 3771
f 3771 3588 3581
f 3591 3782 3783
f 3784 3782 3772
f 3784 3772 3785
f 3784 3785 3783
f 3784 3783 3782
f 3592 3783 3786
f 3787 3783 3785
f 3787 3786 3783
f 3595 3786 3788
f 3789 3788 3786
f 3598 3788 3790
f 3791 3790 3788
f 3599 3792 3793
f 3599 3790 3792
f 3794 3792 3790
f 3582 3793 3795
f 3793 3582 3599
f 3792 3796 3793
f 3795 3793 3796
f 3585 3584 3795
f 3797 3585 3795
f 3795 3584 3582
f 3795 3798 3797
f 3576 3585 3775
f 3799 3775 3585
f 3797 3800 3585
f 3799 3585 3800
f 3799 3774 3775
f 3782 3591 3588
f 3591 3587 3588
f 3783 3592 3591
f 3591 3592 3590
f 3786 3595 3592
f 3594 3592 3595
f 3590 3592 3594
f 3788 3598 3595
f 3598 3593 3595
f 3790 3599 3598
f 3599 3596 3598
f 3616 3618 3631
f 3607 3620 3619
f 3620 3801 3619
f 3801 3802 3619
f 3619 3802 3618
f 3609 3621 3620
f 3621 3803 3620
f 3803 3804 3620
f 3801 3620 3804
f 3622 3621 3610
f 3622 3805 3621
f 3803 3621 3806
f 3621 3805 3806
f 3623 3622 3611
f 3623 3807 3622
f 3805 3622 3808
f 3622 3807 3808
f 3624 3623 3612
f 3624 3809 3623
f 3809 3810 3623
f 3807 3623 3810
f 3613 3626 3624
f 3626 3811 3624
f 3809 3624 3811
f 3625 3812 3626
f 3630 3813 3628
f 3616 3631 3617
f 3814 3617 3631
f 3617 3814 3630
f 3631 3618 3802
f 3815 3631 3802
f 3814 3631 3815
f 3802 3801 3804
f 3816 3802 3804
f 3802 3816 3815
f 3804 3803 3806
f 3804 3806 3816
f 3806 3805 3808
f 3817 3807 3810
f 3808 3807 3817
f 3810 3809 3811
f 3818 3810 3811
f 3810 3818 3817
f 3811 3626 3812
f 3811 3812 3819
f 3811 3819 3818
f 3812 3625 3633
f 3812 3633 3820
f 3819 3812 3820
f 3632 3638 3633
f 3629 3636 3635
f 3821 3635 3636
f 3821 3634 3635
f 3636 3628 3813
f 3822 3636 3813
f 3821 3636 3822
f 3813 3630 3823
f 3813 3823 3822
f 3824 3630 3814
f 3633 3638 3820
f 3820 3830 3819
f 3637 3831 3638
f 3820 3638 3831
f 3821 3642 3634
f 3821 3832 3642
f 3833 3642 3832
f 3833 3640 3642
f 3821 3834 3832
f 3835 3820 3831
f 3836 3820 3835
f 3831 3637 3644
f 3831 3644 3837
f 3835 3831 3837
f 3643 3649 3644
f 3646 3640 3833
f 3646 3833 3838
f 3838 3839 3646
f 3839 3645 3646
f 3833 3832 3840
f 3833 3840 3838
f 3644 3649 3837
f 3841 3837 3649
f 3842 3837 3841
f 3837 3842 3835
f 3648 3843 3649
f 3841 3649 3843
f 3839 3651 3645
f 3844 3651 3839
f 3844 3654 3651
f 3654 3650 3651
f 3838 3845 3839
f 3844 3839 3845
f 3841 3843 3846
f 3847 3842 3841
f 3847 3841 3846
f 3843 3648 3652
f 3843 3652 3848
f 3846 3843 3848
f 3654 3849 3653
f 3844 3850 3654
f 3850 3849 3654
f 3851 3846 3852
f 3652 3853 3848
f 3848 3852 3846
f 3848 3853 3852
f 3854 3656 3855
f 3854 3652 3656
f 3854 3853 3652
f 3854 3855 3853
f 3659 3653 3849
f 3856 3659 3849
f 3659 3857 3658
f 3856 3857 3659
f 3856 3849 3858
f 3855 3656 3655
f 3855 3655 3860
f 3861 3853 3855
f 3861 3855 3860
f 3655 3663 3860
f 3857 3661 3658
f 3459 3658 3661
f 3661 3857 3862
f 3856 3863 3857
f 3862 3857 3863
f 3663 3662 3864
f 3865 3663 3864
f 3860 3663 3866
f 3865 3866 3663
f 3665 3661 3862
f 3664 3665 3669
f 3867 3669 3665
f 3862 3867 3665
f 3864 3662 3666
f 3864 3666 3868
f 3864 3868 3865
f 3666 3671 3868
f 3669 3869 3668
f 3669 3870 3869
f 3669 3867 3870
f 3671 3670 3871
f 3671 3872 3868
f 3671 3871 3872
f 3873 3670 3673
f 3873 3871 3670
f 3869 3674 3668
f 3674 3869 3874
f 3869 3870 3875
f 3874 3869 3875
f 3873 3673 3676
f 3873 3676 3876
f 3873 3877 3871
f 3873 3876 3877
f 3676 3675 3876
f 3878 3674 3874
f 3674 3878 3677
f 3878 3879 3677
f 3878 3874 3879
f 3880 3879 3874
f 3675 3678 3881
f 3881 3882 3876
f 3881 3876 3675
f 3881 3678 3681
f 3883 3677 3879
f 3677 3883 3680
f 3883 3884 3680
f 3883 3879 3884
f 3680 3884 3885
f 3886 3884 3879
f 3679 3683 3681
f 3887 3681 3683
f 3881 3681 3888
f 3681 3887 3888
f 3683 3682 3889
f 3687 3889 3682
f 3885 3685 3680
f 3885 3890 3685
f 3885 3891 3890
f 3885 3884 3892
f 3891 3885 3892
f 3687 3686 3893
f 3687 3894 3889
f 3687 3893 3894
f 3893 3686 3692
f 3890 3689 3685
f 3890 3895 3689
f 3890 3896 3895
f 3891 3897 3890
f 3896 3890 3897
f 3692 3691 3898
f 3893 3692 3899
f 3899 3692 3898
f 3895 3693 3689
f 3895 3900 3693
f 3895 3901 3900
f 3896 3902 3895
f 3901 3895 3902
f 3903 3898 3691
f 3903 3691 3696
f 3903 3696 3904
f 3903 3904 3898
f 3900 3698 3693
f 3900 3905 3698
f 3900 3906 3905
f 3901 3907 3900
f 3906 3900 3907
f 3700 3904 3696
f 3700 3908 3904
f 3908 3909 3904
f 3699 3703 3700
f 3703 3908 3700
f 3905 3701 3698
f 3905 3910 3701
f 3905 3911 3910
f 3906 3912 3905
f 3911 3905 3912
f 3703 3913 3908
f 3914 3908 3913
f 3702 3707 3703
f 3707 3913 3703
f 3910 3705 3701
f 3910 3915 3705
f 3910 3916 3915
f 3910 3911 3917
f 3916 3910 3917
f 3707 3918 3913
f 3919 3913 3918
f 3706 3711 3707
f 3711 3918 3707
f 3915 3709 3705
f 3709 3915 3920
f 3915 3916 3921
f 3920 3915 3921
f 3711 3710 3922
f 3711 3922 3918
f 3922 3923 3918
f 3924 3709 3920
f 3709 3924 3713
f 3924 3925 3713
f 3924 3920 3925
f 3920 3926 3925
f 3922 3710 3714
f 3719 3922 3714
f 3927 3922 3719
f 3922 3927 3928
f 3717 3713 3925
f 3722 3716 3717
f 3929 3722 3717
f 3925 3929 3717
f 3930 3719 3718
f 3931 3719 3930
f 3931 3927 3719
f 3727 3722 3932
f 3727 3721 3722
f 3932 3722 3929
f 3724 3930 3718
f 3724 3933 3930
f 3724 3731 3933
f 3724 3723 3731
f 3727 3932 3934
f 3934 3734 3727
f 3734 3726 3727
f 3731 3728 3935
f 3936 3731 3935
f 3933 3731 3936
f 3734 3934 3937
f 3937 3738 3734
f 3738 3733 3734
f 3938 3937 3934
f 3736 3935 3728
f 3736 3939 3935
f 3940 3939 3736
f 3940 3736 3735
f 3939 3941 3935
f 3941 3936 3935
f 3738 3937 3942
f 3942 3742 3738
f 3742 3737 3738
f 3942 3944 3943
f 3945 3942 3937
f 3945 3937 3946
f 3945 3946 3944
f 3945 3944 3942
f 3740 3940 3735
f 3948 3940 3740
f 3740 3739 3949
f 3740 3949 3948
f 3948 3950 3940
f 3950 3939 3940
f 3942 3943 3742
f 3742 3943 3741
f 3943 3944 3951
f 3951 3747 3943
f 3943 3747 3741
f 3953 3951 3952
f 3954 3951 3944
f 3954 3952 3951
f 3957 3952 3956
f 3957 3956 3958
f 3957 3958 3955
f 3957 3955 3952
f 3959 3960 3955
f 3744 3949 3739
f 3962 3744 3961
f 3949 3744 3962
f 3951 3953 3747
f 3751 3747 3953
f 3751 3745 3747
f 3963 3953 3964
f 3964 3953 3952
f 3963 3752 3953
f 3953 3752 3751
f 3964 3955 3965
f 3964 3965 3966
f 3963 3964 3966
f 3964 3952 3955
f 3965 3968 3967
f 3969 3965 3955
f 3969 3955 3960
f 3969 3960 3968
f 3969 3968 3965
f 3970 3968 3960
f 3970 3971 3968
f 3961 3744 3743
f 3757 3961 3743
f 3963 3966 3752
f 3752 3966 3753
f 3966 3965 3967
f 3972 3966 3967
f 3972 3759 3966
f 3753 3966 3759
f 3972 3967 3974
f 3974 3967 3973
f 3967 3968 3973
f 3975 3973 3968
f 3975 3968 3971
f 3975 3971 3976
f 3975 3976 3973
f 3757 3756 3977
f 3978 3977 3756
f 3978 3756 3754
f 3977 3979 3757
f 3979 3961 3757
f 3759 3758 3753
f 3972 3974 3759
f 3765 3759 3974
f 3765 3758 3759
f 3765 3974 3981
f 3980 3981 3974
f 3974 3973 3980
f 3983 3980 3973
f 3983 3973 3976
f 3983 3976 3982
f 3983 3982 3980
f 3762 3978 3754
f 3985 3978 3762
f 3762 3760 3986
f 3762 3986 3985
f 3985 3987 3978
f 3987 3977 3978
f 3765 3981 3764
f 3988 3981 3980
f 3988 3773 3981
f 3981 3773 3764
f 3988 3980 3990
f 3989 3990 3980
f 3980 3982 3989
f 3992 3989 3991
f 3993 3989 3982
f 3993 3982 3984
f 3993 3984 3991
f 3993 3991 3989
f 3994 3995 3991
f 3996 3997 3995
f 3998 3999 3997
f 3768 4000 3769
f 4000 3768 3781
f 3570 3781 3768
f 3760 3769 3986
f 3986 3769 4001
f 3769 4000 4001
f 3988 3990 3773
f 3773 3990 3772
f 3990 3989 3992
f 3785 3990 3992
f 3990 3785 3772
f 3789 3992 3991
f 3789 3787 3992
f 3992 3787 3785
f 4002 4003 4004
f 4003 3995 4004
f 4002 3789 4003
f 4003 3789 3991
f 4003 3991 3995
f 4005 4004 4006
f 4004 3997 4006
f 4005 3791 4004
f 4002 4004 3791
f 4004 3995 3997
f 4006 3999 4007
f 4007 3794 4006
f 4005 4006 3794
f 4006 3997 3999
f 3796 4007 4008
f 4009 4007 3999
f 4009 4008 4007
f 3798 4010 3797
f 3798 4008 4010
f 4011 4010 4008
f 3800 4012 3799
f 3800 4010 4012
f 4010 4013 4012
f 4014 3774 3799
f 4014 3799 4012
f 4015 3776 3774
f 4016 3777 3776
f 4017 3778 3777
f 4018 3779 3778
f 3570 3780 3781
f 3781 3780 4019
f 3780 3779 4020
f 3780 4020 4019
f 4000 3781 4021
f 3781 4019 4021
f 3789 3786 3787
f 4002 3791 3789
f 3791 3788 3789
f 4005 3794 3791
f 3794 3790 3791
f 4007 3796 3794
f 3796 3792 3794
f 4008 3798 3796
f 3798 3795 3796
f 4010 3800 3797
f 4015 3774 4014
f 4022 4015 4014
f 4012 4022 4014
f 4015 4016 3776
f 4023 4016 4015
f 4023 4015 4022
f 4017 3777 4016
f 4024 4017 4016
f 4023 4025 4016
f 4024 4016 4025
f 4018 3778 4017
f 4026 4018 4017
f 4024 4027 4017
f 4026 4017 4027
f 4020 3779 4018
f 4026 4028 4018
f 4020 4018 4028
f 4020 4029 4019
f 3825 3814 3815
f 3816 4030 3815
f 3806 4031 3816
f 3808 3826 3806
f 3817 3827 3808
f 3818 3828 3817
f 3819 3829 3818
f 4032 3821 3822
f 3630 3824 3823
f 3824 4033 3823
f 3823 4034 3822
f 3823 4033 4034
f 3814 3825 3824
f 3825 4035 3824
f 3824 4035 4033
f 3815 4030 3825
f 3825 4030 4036
f 3825 4036 4035
f 4030 3816 4031
f 4037 4030 4031
f 4030 4037 4036
f 3806 3826 4031
f 4038 4031 3826
f 4037 4031 4038
f 3808 3827 3826
f 3827 4039 3826
f 4039 4040 3826
f 4038 3826 4040
f 3817 3828 3827
f 3828 4041 3827
f 4041 4042 3827
f 4039 3827 4042
f 3818 3829 3828
f 3829 4043 3828
f 4043 4044 3828
f 4041 3828 4044
f 3819 3830 3829
f 3830 4045 3829
f 4043 3829 4045
f 3820 3836 3830
f 3834 3821 4032
f 3834 4032 4046
f 4046 4047 3834
f 4047 3832 3834
f 4047 4048 3832
f 4047 4046 4048
f 4032 3822 4034
f 4034 4049 4032
f 4032 4049 4046
f 4050 4034 4033
f 4051 4033 4035
f 4052 4035 4036
f 4053 4036 4037
f 4054 4037 4038
f 4040 4039 4042
f 4055 4040 4042
f 4038 4040 4054
f 4040 4055 4054
f 4042 4041 4044
f 4056 4042 4044
f 4042 4056 4055
f 4044 4043 4045
f 4044 4045 4057
f 4044 4057 4056
f 3830 3836 4045
f 3836 4058 4045
f 4045 4058 4057
f 3835 4059 3836
f 4058 3836 4059
f 4048 3840 3832
f 4060 3840 4048
f 4060 4061 3840
f 4061 3838 3840
f 4048 4046 4062
f 4060 4048 4062
f 4064 4055 4056
f 4064 4056 4065
f 4066 4065 4056
f 4066 4056 4057
f 4066 4057 4067
f 4066 4067 4065
f 4068 4058 4059
f 4069 4067 4057
f 4069 4057 4058
f 4069 4058 4068
f 4069 4068 4067
f 4059 3835 3842
f 4059 3842 4070
f 4068 4059 4070
f 4061 3845 3838
f 4071 3845 4061
f 4071 4072 3845
f 4072 3844 3845
f 4060 4073 4061
f 4071 4061 4073
f 4070 3842 3847
f 4075 4070 3847
f 4076 4070 4075
f 4070 4076 4068
f 3846 3851 3847
f 3851 4075 3847
f 4072 3850 3844
f 4077 3850 4072
f 4077 3858 3850
f 3849 3850 3858
f 4071 4078 4072
f 4077 4072 4078
f 3851 4080 4075
f 4081 4076 4075
f 4081 4075 4080
f 3852 4082 3851
f 4082 4080 3851
f 3853 3859 3852
f 4083 3856 3858
f 4083 3863 3856
f 4077 4084 3858
f 4083 3858 4084
f 3852 3859 4082
f 4086 4082 3859
f 4082 4087 4080
f 4082 4086 4087
f 3853 3861 3859
f 3861 4088 3859
f 4088 4086 3859
f 3861 3860 4089
f 3861 4089 4088
f 3863 4090 3862
f 4091 4090 3863
f 4083 4091 3863
f 3866 4089 3860
f 4092 4089 3866
f 4093 4088 4089
f 4093 4089 4092
f 4092 3866 3865
f 4090 3867 3862
f 3867 4090 4094
f 4090 4095 4094
f 4090 4091 4095
f 3865 3868 4096
f 4092 3865 4097
f 4097 3865 4096
f 3867 4094 3870
f 3870 4094 4098
f 4094 4095 4099
f 4098 4094 4099
f 3872 4096 3868
f 4100 3872 3871
f 4101 3872 4100
f 4101 4096 3872
f 3875 3870 4098
f 3875 4098 4102
f 4102 3880 3875
f 3880 3874 3875
f 4103 4102 4098
f 4100 3871 3877
f 4100 4104 4101
f 3877 4104 4100
f 3877 3876 4105
f 3880 3886 3879
f 4106 3886 3880
f 4102 4106 3880
f 4105 3876 3882
f 4107 3877 4105
f 4107 4105 3882
f 3882 3881 3888
f 3884 3886 3892
f 3886 4108 3892
f 3886 4106 4108
f 3882 3888 4109
f 3888 3887 4110
f 4111 3888 4110
f 4112 3887 3889
f 3683 3889 3887
f 4112 4110 3887
f 3891 3892 3897
f 4113 3897 3892
f 3892 4108 4113
f 3889 3894 4112
f 4114 4112 3894
f 4115 4110 4112
f 4114 4115 4112
f 4116 3894 3893
f 4116 4114 3894
f 3899 4116 3893
f 3902 3896 3897
f 4117 3902 3897
f 4113 4118 3897
f 4117 3897 4118
f 4119 3899 3898
f 4120 3899 4119
f 3899 4120 4116
f 3907 3901 3902
f 4121 3907 3902
f 4121 3902 4117
f 4119 3898 3904
f 3909 4119 3904
f 4122 4119 3909
f 4119 4122 4120
f 3912 3906 3907
f 4123 3912 3907
f 4123 3907 4121
f 3908 3914 3909
f 4124 3909 3914
f 3909 4124 4122
f 3911 3912 3917
f 4125 3917 3912
f 4125 3912 4123
f 3913 3919 3914
f 3919 4126 3914
f 4126 4124 3914
f 3916 3917 3921
f 3917 4127 3921
f 3917 4125 4127
f 3919 4128 4126
f 3918 3923 3919
f 3919 3923 4128
f 3920 3921 3926
f 3921 4129 3926
f 3921 4127 4129
f 3923 3922 3928
f 4130 3923 3928
f 3923 4130 4128
f 3926 4131 3925
f 3926 4132 4131
f 3926 4129 4133
f 4132 3926 4133
f 3927 3931 3928
f 3928 3931 4134
f 3928 4134 4130
f 4131 3929 3925
f 3929 4131 4135
f 4131 4136 4135
f 4132 4137 4131
f 4137 4136 4131
f 4138 4139 3930
f 3931 3930 4139
f 3931 4139 4134
f 3929 4135 3932
f 3932 4135 4140
f 4135 4141 4140
f 4135 4136 4141
f 4138 3930 4139
f 4142 4139 3930
f 4142 3930 3933
f 4143 4142 3933
f 4144 4142 4143
f 4145 4139 4142
f 4144 4145 4142
f 4140 3934 3932
f 4146 3938 4140
f 4140 3938 3934
f 4146 4140 4141
f 4143 3933 3936
f 3941 4143 3936
f 4148 4143 3941
f 4144 4143 4149
f 4148 4149 4143
f 3946 3938 4150
f 3938 4146 4150
f 3946 3937 3938
f 4150 4152 4151
f 4151 3947 4150
f 3946 4150 3947
f 4150 4146 4152
f 4153 4154 4151
f 4155 4151 4152
f 4155 4153 4151
f 4156 4157 4153
f 3939 4159 3941
f 4160 3941 4159
f 4160 4148 3941
f 3946 3947 3944
f 4151 4154 3947
f 3956 3947 4154
f 3956 3954 3947
f 3947 3954 3944
f 3958 4154 4161
f 4161 4154 4153
f 4154 3958 3956
f 4162 4161 4163
f 4161 4157 4163
f 4162 3959 4161
f 3958 4161 3959
f 4161 4153 4157
f 4163 4165 4164
f 4163 4164 4166
f 4162 4163 4166
f 4163 4157 4165
f 4168 4164 4167
f 4169 4164 4165
f 4169 4165 4170
f 4169 4170 4167
f 4169 4167 4164
f 4172 4167 4170
f 4172 4170 4173
f 4172 4173 4171
f 4172 4171 4167
f 4174 4171 4173
f 4174 4173 4175
f 4174 4175 4176
f 4174 4176 4171
f 4177 4176 4175
f 3950 3948 4178
f 4179 4178 3948
f 4179 3948 3949
f 3950 4159 3939
f 4159 3950 4180
f 4180 3950 4178
f 3956 3952 3954
f 3958 3959 3955
f 4162 4166 3959
f 3959 4166 3960
f 4166 4164 4168
f 4181 4166 4168
f 4181 3970 4166
f 4166 3970 3960
f 4181 4168 4183
f 4182 4183 4168
f 4168 4167 4182
f 4185 4182 4167
f 4185 4167 4171
f 4185 4171 4184
f 4185 4184 4182
f 4186 4184 4171
f 4186 4171 4176
f 4186 4176 4187
f 4186 4187 4184
f 4188 4187 4176
f 4179 3949 3962
f 4179 3962 4189
f 4189 4190 4179
f 4190 4178 4179
f 4181 4183 3970
f 3970 4183 3971
f 4191 4183 4182
f 4183 4191 4192
f 3971 4183 4192
f 4194 4191 4193
f 4195 4191 4182
f 4195 4182 4184
f 4195 4184 4193
f 4195 4193 4191
f 4197 4193 4184
f 4197 4184 4187
f 4197 4187 4196
f 4197 4196 4193
f 4198 4196 4187
f 4198 4199 4196
f 3962 3961 4200
f 3979 4200 3961
f 4200 4201 3962
f 4201 4189 3962
f 3971 4192 3976
f 4192 4191 4194
f 4202 4192 4194
f 4202 3984 4192
f 3976 4192 3984
f 4203 4194 4204
f 4204 4194 4193
f 4194 4203 4205
f 4202 4194 4205
f 4206 4204 4207
f 4207 4204 4196
f 4204 4206 4208
f 4203 4204 4208
f 4204 4193 4196
f 4206 4207 4210
f 4209 4210 4207
f 4207 4196 4199
f 4207 4199 4209
f 3977 4211 3979
f 3979 4212 4200
f 4211 4212 3979
f 3976 3984 3982
f 4202 4205 3984
f 4205 4203 4208
f 3994 4205 4208
f 3984 4205 3994
f 4208 4206 4210
f 3996 4208 4210
f 3994 4208 3996
f 4213 4210 4209
f 4213 3998 4210
f 3996 4210 3998
f 4213 4215 4214
f 4216 4213 4209
f 4216 4209 4217
f 4216 4217 4215
f 4216 4215 4213
f 3987 3985 4218
f 4219 4218 3985
f 4219 3985 3986
f 3987 4211 3977
f 4211 3987 4220
f 4220 3987 4218
f 3994 3991 3984
f 3994 3996 3995
f 3996 3998 3997
f 4213 4214 3998
f 3998 4214 3999
f 4214 4215 4221
f 4221 4009 4214
f 4214 4009 3999
f 4222 4011 4221
f 4215 4223 4221
f 4222 4221 4223
f 4219 3986 4001
f 4219 4001 4224
f 4225 4224 4001
f 4225 4001 4000
f 4224 4226 4219
f 4218 4219 4226
f 4221 4011 4009
f 4011 4008 4009
f 4010 4011 4013
f 4222 4013 4011
f 4013 4227 4012
f 4222 4228 4013
f 4227 4013 4228
f 4229 4230 4022
f 4229 4022 4012
f 4229 4012 4227
f 4229 4227 4230
f 4231 4023 4022
f 4225 4000 4021
f 4225 4021 4232
f 4021 4019 4233
f 4021 4233 4232
f 4232 4234 4225
f 4224 4225 4234
f 4230 4231 4022
f 4231 4025 4023
f 4235 4025 4231
f 4230 4236 4231
f 4236 4235 4231
f 4024 4025 4027
f 4025 4237 4027
f 4025 4235 4238
f 4237 4025 4238
f 4026 4027 4028
f 4027 4239 4028
f 4239 4027 4237
f 4020 4028 4029
f 4240 4029 4028
f 4240 4028 4239
f 4019 4029 4233
f 4233 4029 4241
f 4029 4240 4241
f 4242 4232 4233
f 4034 4050 4049
f 4050 4243 4049
f 4049 4244 4046
f 4049 4243 4244
f 4033 4051 4050
f 4051 4245 4050
f 4050 4245 4243
f 4035 4052 4051
f 4052 4246 4051
f 4051 4246 4245
f 4036 4053 4052
f 4053 4247 4052
f 4052 4247 4246
f 4037 4054 4053
f 4054 4248 4053
f 4053 4248 4247
f 4248 4054 4249
f 4055 4063 4054
f 4062 4046 4244
f 4062 4244 4250
f 4250 4251 4062
f 4251 4060 4062
f 4251 4252 4060
f 4251 4250 4252
f 4253 4250 4244
f 4253 4244 4243
f 4254 4243 4245
f 4255 4245 4246
f 4256 4246 4247
f 4257 4248 4249
f 4258 4247 4248
f 4258 4248 4257
f 4054 4063 4249
f 4259 4249 4063
f 4249 4259 4257
f 4064 4063 4055
f 4064 4260 4063
f 4259 4063 4260
f 4064 4065 4261
f 4260 4064 4261
f 4067 4262 4065
f 4074 4067 4068
f 4252 4073 4060
f 4263 4073 4252
f 4263 4079 4073
f 4079 4071 4073
f 4252 4250 4264
f 4263 4252 4264
f 4265 4260 4261
f 4266 4259 4260
f 4266 4260 4265
f 4261 4065 4262
f 4261 4262 4267
f 4261 4267 4265
f 4067 4074 4262
f 4268 4262 4074
f 4262 4268 4267
f 4076 4074 4068
f 4076 4269 4074
f 4268 4074 4269
f 4071 4079 4078
f 4085 4077 4078
f 4270 4079 4263
f 4078 4079 4271
f 4270 4271 4079
f 4270 4263 4272
f 4274 4268 4269
f 4275 4267 4268
f 4275 4268 4274
f 4269 4076 4081
f 4269 4081 4276
f 4269 4276 4274
f 4081 4080 4277
f 4081 4277 4276
f 4077 4085 4084
f 4085 4278 4084
f 4278 4279 4084
f 4279 4083 4084
f 4078 4271 4085
f 4280 4085 4271
f 4280 4278 4085
f 4271 4270 4281
f 4271 4281 4280
f 4087 4277 4080
f 4282 4276 4277
f 4087 4086 4283
f 4284 4277 4087
f 4283 4284 4087
f 4285 4086 4088
f 4285 4283 4086
f 4279 4091 4083
f 4091 4279 4286
f 4278 4287 4279
f 4286 4279 4287
f 4288 4278 4280
f 4093 4285 4088
f 4289 4285 4093
f 4290 4283 4285
f 4290 4285 4289
f 4093 4092 4291
f 4291 4289 4093
f 4292 4091 4286
f 4091 4292 4095
f 4292 4293 4095
f 4292 4286 4293
f 4294 4293 4286
f 4092 4097 4291
f 4097 4096 4295
f 4296 4097 4295
f 4297 4291 4097
f 4296 4297 4097
f 4099 4095 4293
f 4099 4293 4298
f 4298 4103 4099
f 4103 4098 4099
f 4295 4096 4101
f 4295 4101 4299
f 4296 4295 4299
f 4103 4298 4300
f 4300 4301 4103
f 4301 4102 4103
f 4104 4299 4101
f 4104 4302 4299
f 4303 4104 3877
f 4104 4303 4302
f 4301 4106 4102
f 4106 4301 4304
f 4301 4300 4305
f 4304 4301 4305
f 4107 4303 3877
f 4306 4303 4107
f 4302 4303 4307
f 4303 4306 4307
f 4308 4107 3882
f 4306 4107 4308
f 3882 4109 4308
f 4309 4106 4304
f 4106 4309 4108
f 4309 4310 4108
f 4309 4304 4310
f 4304 4311 4310
f 3888 4111 4109
f 4109 4111 4312
f 4308 4109 4313
f 4313 4109 4312
f 4314 4110 4315
f 4314 4111 4110
f 4111 4314 4312
f 4314 4315 4312
f 4113 4108 4310
f 4316 4118 4113
f 4310 4316 4113
f 4315 4110 4115
f 4317 4315 4115
f 4315 4318 4312
f 4317 4318 4315
f 4114 4319 4115
f 4319 4320 4115
f 4115 4320 4317
f 4321 4114 4116
f 4319 4114 4321
f 4117 4118 4322
f 4118 4316 4322
f 4323 4318 4317
f 4323 4317 4324
f 4320 4319 4321
f 4320 4321 4325
f 4320 4324 4317
f 4320 4325 4324
f 4321 4116 4120
f 4321 4120 4326
f 4321 4326 4325
f 4322 4327 4117
f 4117 4327 4121
f 4327 4328 4121
f 4327 4322 4328
f 4330 4324 4325
f 4330 4325 4331
f 4326 4120 4122
f 4326 4122 4332
f 4331 4326 4332
f 4326 4331 4325
f 4333 4121 4328
f 4121 4333 4123
f 4333 4334 4123
f 4333 4328 4334
f 4332 4122 4124
f 4332 4124 4335
f 4332 4336 4331
f 4337 4123 4334
f 4123 4337 4125
f 4337 4338 4125
f 4337 4334 4338
f 4335 4124 4126
f 4339 4335 4126
f 4340 4335 4339
f 4332 4335 4341
f 4340 4341 4335
f 4342 4125 4338
f 4125 4342 4127
f 4342 4343 4127
f 4342 4338 4343
f 4339 4126 4128
f 4339 4128 4344
f 4345 4339 4344
f 4340 4339 4346
f 4345 4346 4339
f 4347 4127 4343
f 4127 4347 4129
f 4129 4347 4348
f 4347 4343 4348
f 4344 4128 4130
f 4344 4130 4349
f 4345 4344 4350
f 4350 4344 4349
f 4348 4133 4129
f 4133 4348 4351
f 4351 4137 4133
f 4137 4132 4133
f 4352 4349 4130
f 4352 4130 4134
f 4352 4134 4353
f 4354 4352 4353
f 4354 4349 4352
f 4137 4355 4136
f 4137 4351 4355
f 4357 4355 4351
f 4357 4358 4355
f 4353 4134 4139
f 4145 4353 4139
f 4359 4353 4145
f 4353 4359 4354
f 4355 4356 4136
f 4136 4356 4141
f 4141 4356 4147
f 4147 4356 4360
f 4355 4358 4356
f 4356 4358 4360
f 4361 4362 4360
f 4144 4149 4145
f 4149 4364 4145
f 4364 4359 4145
f 4147 4146 4141
f 4152 4147 4366
f 4147 4360 4366
f 4152 4146 4147
f 4366 4362 4367
f 4367 4155 4366
f 4366 4155 4152
f 4366 4360 4362
f 4156 4367 4368
f 4369 4367 4362
f 4369 4362 4370
f 4369 4370 4368
f 4369 4368 4367
f 4371 4372 4368
f 4373 4368 4370
f 4373 4371 4368
f 4375 4371 4374
f 4376 4374 4371
f 4149 4378 4364
f 4379 4364 4378
f 4379 4378 4380
f 4148 4160 4149
f 4160 4378 4149
f 4367 4156 4155
f 4156 4153 4155
f 4368 4372 4156
f 4156 4372 4157
f 4372 4371 4375
f 4165 4372 4375
f 4372 4165 4157
f 4170 4375 4381
f 4381 4375 4374
f 4375 4170 4165
f 4173 4381 4158
f 4158 4381 4377
f 4381 4173 4170
f 4381 4374 4377
f 4175 4158 4382
f 4383 4382 4158
f 4173 4158 4175
f 4383 4158 4377
f 4384 4177 4382
f 4382 4177 4175
f 4382 4383 4385
f 4384 4382 4385
f 4160 4159 4386
f 4160 4386 4378
f 4386 4159 4180
f 4387 4386 4180
f 4386 4387 4380
f 4386 4380 4378
f 4177 4384 4388
f 4388 4188 4177
f 4177 4188 4176
f 4389 4180 4178
f 4190 4389 4178
f 4389 4387 4180
f 4188 4388 4390
f 4390 4198 4188
f 4188 4198 4187
f 4388 4391 4390
f 4190 4189 4392
f 4201 4392 4189
f 4392 4393 4190
f 4393 4389 4190
f 4198 4390 4199
f 4199 4390 4394
f 4390 4395 4394
f 4395 4390 4396
f 4200 4397 4201
f 4398 4392 4201
f 4397 4398 4201
f 4394 4209 4199
f 4394 4217 4209
f 4395 4399 4394
f 4394 4399 4217
f 4212 4397 4200
f 4212 4211 4400
f 4397 4212 4401
f 4212 4400 4401
f 4217 4402 4215
f 4215 4402 4223
f 4402 4217 4403
f 4220 4400 4211
f 4220 4218 4404
f 4400 4220 4405
f 4220 4404 4405
f 4406 4222 4223
f 4402 4407 4223
f 4407 4406 4223
f 4218 4226 4404
f 4224 4408 4226
f 4404 4226 4409
f 4226 4408 4409
f 4406 4228 4222
f 4228 4410 4227
f 4411 4410 4228
f 4406 4411 4228
f 4410 4230 4227
f 4232 4412 4234
f 4412 4232 4242
f 4224 4234 4408
f 4408 4234 4413
f 4234 4412 4413
f 4410 4236 4230
f 4235 4236 4238
f 4414 4238 4236
f 4410 4415 4236
f 4236 4415 4414
f 4238 4416 4237
f 4238 4414 4416
f 4418 4417 4239
f 4418 4239 4237
f 4418 4237 4416
f 4418 4416 4417
f 4420 4419 4240
f 4420 4240 4239
f 4420 4239 4417
f 4420 4417 4419
f 4233 4241 4242
f 4421 4242 4241
f 4241 4240 4419
f 4421 4241 4419
f 4421 4422 4242
f 4412 4242 4422
f 4243 4254 4253
f 4254 4423 4253
f 4253 4423 4250
f 4245 4255 4254
f 4255 4424 4254
f 4254 4424 4423
f 4246 4256 4255
f 4256 4425 4255
f 4255 4425 4424
f 4247 4258 4256
f 4258 4426 4256
f 4256 4426 4425
f 4257 4427 4258
f 4426 4258 4427
f 4259 4428 4257
f 4264 4250 4423
f 4264 4423 4429
f 4429 4272 4264
f 4263 4264 4272
f 4423 4430 4429
f 4431 4430 4423
f 4431 4423 4424
f 4432 4424 4425
f 4432 4425 4433
f 4434 4433 4425
f 4434 4425 4426
f 4434 4426 4435
f 4434 4435 4433
f 4427 4257 4428
f 4436 4427 4428
f 4426 4427 4435
f 4427 4436 4435
f 4428 4259 4266
f 4437 4428 4266
f 4436 4428 4437
f 4265 4437 4266
f 4267 4273 4265
f 4438 4272 4429
f 4270 4272 4439
f 4272 4438 4439
f 4440 4438 4429
f 4441 4436 4437
f 4265 4273 4437
f 4442 4437 4273
f 4437 4442 4443
f 4267 4275 4273
f 4275 4444 4273
f 4442 4273 4444
f 4274 4444 4275
f 4276 4445 4274
f 4281 4270 4439
f 4281 4439 4446
f 4447 4281 4446
f 4281 4447 4280
f 4439 4438 4448
f 4439 4448 4446
f 4442 4444 4449
f 4444 4274 4445
f 4450 4444 4445
f 4282 4445 4276
f 4451 4445 4282
f 4445 4451 4450
f 4277 4284 4282
f 4284 4452 4282
f 4451 4282 4452
f 4453 4284 4283
f 4278 4288 4287
f 4294 4286 4287
f 4288 4280 4447
f 4454 4288 4447
f 4287 4288 4455
f 4454 4455 4288
f 4447 4446 4456
f 4447 4456 4454
f 4452 4284 4453
f 4451 4452 4457
f 4453 4283 4290
f 4458 4453 4290
f 4459 4453 4458
f 4452 4453 4459
f 4289 4460 4290
f 4458 4290 4460
f 4461 4289 4291
f 4287 4455 4294
f 4462 4294 4455
f 4294 4463 4293
f 4462 4463 4294
f 4464 4462 4455
f 4464 4455 4454
f 4465 4458 4460
f 4466 4459 4458
f 4466 4458 4465
f 4460 4289 4461
f 4467 4460 4461
f 4460 4467 4465
f 4297 4461 4291
f 4297 4468 4461
f 4461 4468 4467
f 4297 4296 4468
f 4463 4298 4293
f 4463 4469 4298
f 4463 4470 4469
f 4463 4462 4470
f 4473 4296 4299
f 4474 4473 4299
f 4475 4473 4474
f 4473 4475 4468
f 4473 4468 4296
f 4469 4300 4298
f 4300 4469 4476
f 4469 4470 4477
f 4476 4469 4477
f 4474 4299 4302
f 4474 4302 4478
f 4475 4474 4479
f 4479 4474 4478
f 4302 4307 4478
f 4305 4300 4476
f 4304 4305 4311
f 4305 4476 4480
f 4307 4306 4481
f 4307 4482 4478
f 4307 4481 4482
f 4483 4308 4484
f 4308 4483 4306
f 4306 4483 4481
f 4483 4484 4481
f 4311 4485 4310
f 4311 4486 4485
f 4311 4305 4487
f 4486 4311 4487
f 4308 4313 4484
f 4488 4484 4313
f 4489 4490 4481
f 4489 4481 4484
f 4489 4484 4488
f 4489 4488 4490
f 4313 4312 4491
f 4488 4313 4491
f 4485 4316 4310
f 4485 4492 4316
f 4485 4493 4492
f 4485 4486 4493
f 4491 4312 4318
f 4491 4318 4495
f 4496 4491 4495
f 4491 4496 4488
f 4497 4316 4492
f 4316 4497 4322
f 4497 4498 4322
f 4497 4492 4498
f 4495 4318 4323
f 4499 4495 4323
f 4495 4500 4496
f 4499 4500 4495
f 4329 4323 4324
f 4329 4499 4323
f 4501 4322 4498
f 4501 4328 4322
f 4501 4502 4328
f 4501 4498 4502
f 4502 4503 4328
f 4504 4499 4329
f 4499 4504 4505
f 4330 4329 4324
f 4330 4506 4329
f 4504 4329 4506
f 4331 4507 4330
f 4506 4330 4507
f 4503 4334 4328
f 4503 4508 4334
f 4503 4509 4508
f 4509 4503 4502
f 4510 4506 4507
f 4511 4504 4506
f 4511 4506 4510
f 4507 4331 4336
f 4512 4507 4336
f 4510 4507 4512
f 4332 4341 4336
f 4341 4512 4336
f 4508 4338 4334
f 4508 4513 4338
f 4508 4514 4513
f 4514 4508 4509
f 4341 4516 4512
f 4517 4518 4510
f 4517 4510 4512
f 4517 4512 4516
f 4517 4516 4518
f 4340 4346 4341
f 4346 4516 4341
f 4513 4343 4338
f 4513 4519 4343
f 4513 4520 4519
f 4520 4513 4514
f 4346 4521 4516
f 4522 4523 4518
f 4522 4518 4516
f 4522 4516 4521
f 4522 4521 4523
f 4345 4350 4346
f 4350 4521 4346
f 4519 4348 4343
f 4348 4519 4524
f 4519 4525 4524
f 4520 4526 4519
f 4519 4526 4525
f 4350 4527 4521
f 4528 4529 4523
f 4528 4523 4521
f 4528 4521 4527
f 4528 4527 4529
f 4349 4354 4350
f 4354 4527 4350
f 4524 4351 4348
f 4524 4525 4530
f 4530 4357 4524
f 4524 4357 4351
f 4530 4532 4531
f 4533 4530 4525
f 4533 4532 4530
f 4354 4534 4527
f 4534 4354 4535
f 4536 4534 4535
f 4534 4536 4529
f 4534 4529 4527
f 4530 4531 4357
f 4357 4531 4358
f 4531 4532 4537
f 4537 4361 4531
f 4358 4531 4361
f 4363 4537 4538
f 4538 4537 4532
f 4535 4354 4359
f 4535 4359 4365
f 4540 4535 4365
f 4535 4540 4536
f 4361 4360 4358
f 4537 4363 4361
f 4361 4363 4362
f 4370 4363 4541
f 4363 4538 4541
f 4362 4363 4370
f 4541 4543 4542
f 4542 4373 4541
f 4541 4373 4370
f 4541 4538 4543
f 4544 4376 4542
f 4543 4545 4542
f 4544 4542 4545
f 4364 4365 4359
f 4364 4379 4365
f 4546 4365 4379
f 4546 4540 4365
f 4542 4376 4373
f 4376 4371 4373
f 4376 4547 4374
f 4544 4547 4376
f 4377 4547 4548
f 4547 4549 4548
f 4547 4377 4374
f 4547 4544 4549
f 4548 4550 4383
f 4548 4383 4377
f 4549 4551 4548
f 4551 4550 4548
f 4385 4383 4550
f 4379 4380 4552
f 4379 4552 4546
f 4552 4380 4553
f 4554 4546 4552
f 4385 4555 4384
f 4550 4556 4385
f 4556 4555 4385
f 4553 4380 4387
f 4553 4387 4557
f 4552 4553 4558
f 4557 4558 4553
f 4559 4384 4555
f 4559 4388 4384
f 4559 4391 4388
f 4559 4560 4391
f 4561 4559 4555
f 4560 4559 4561
f 4557 4387 4389
f 4393 4557 4389
f 4562 4557 4393
f 4390 4391 4396
f 4563 4396 4391
f 4560 4563 4391
f 4393 4392 4564
f 4562 4393 4564
f 4399 4395 4396
f 4399 4396 4563
f 4398 4564 4392
f 4398 4397 4565
f 4566 4564 4398
f 4565 4566 4398
f 4399 4567 4217
f 4401 4565 4397
f 4401 4400 4568
f 4565 4401 4569
f 4568 4569 4401
f 4567 4403 4217
f 4403 4570 4407
f 4402 4403 4407
f 4567 4571 4403
f 4403 4571 4570
f 4405 4568 4400
f 4405 4404 4572
f 4568 4405 4572
f 4407 4573 4406
f 4407 4570 4573
f 4573 4574 4411
f 4573 4411 4406
f 4570 4575 4573
f 4574 4573 4575
f 4409 4572 4404
f 4409 4408 4576
f 4572 4409 4577
f 4409 4576 4577
f 4411 4578 4410
f 4411 4574 4579
f 4578 4411 4579
f 4413 4576 4408
f 4413 4412 4580
f 4576 4413 4581
f 4413 4580 4581
f 4578 4415 4410
f 4415 4582 4414
f 4415 4578 4583
f 4415 4583 4582
f 4585 4584 4416
f 4585 4416 4414
f 4585 4414 4582
f 4585 4582 4584
f 4586 4587 4417
f 4586 4417 4416
f 4586 4416 4584
f 4586 4584 4587
f 4589 4588 4419
f 4589 4419 4417
f 4590 4422 4421
f 4591 4590 4421
f 4591 4421 4419
f 4591 4419 4588
f 4591 4588 4590
f 4422 4580 4412
f 4590 4580 4422
f 4587 4589 4417
f 4589 4587 4588
f 4440 4429 4430
f 4424 4432 4431
f 4432 4592 4431
f 4592 4593 4431
f 4431 4593 4430
f 4433 4594 4432
f 4592 4432 4594
f 4435 4595 4433
f 4436 4596 4435
f 4430 4593 4440
f 4597 4440 4593
f 4597 4598 4440
f 4440 4598 4438
f 4593 4592 4594
f 4599 4593 4594
f 4597 4593 4600
f 4600 4593 4599
f 4594 4433 4595
f 4594 4595 4601
f 4599 4594 4601
f 4595 4435 4596
f 4602 4595 4596
f 4595 4602 4601
f 4441 4596 4436
f 4441 4603 4596
f 4596 4603 4602
f 4437 4443 4441
f 4443 4604 4441
f 4441 4604 4603
f 4443 4442 4605
f 4443 4605 4604
f 4438 4598 4448
f 4606 4448 4598
f 4606 4607 4448
f 4607 4446 4448
f 4598 4597 4600
f 4608 4598 4600
f 4598 4608 4606
f 4600 4599 4609
f 4600 4609 4608
f 4610 4609 4599
f 4610 4599 4601
f 4610 4601 4611
f 4610 4611 4609
f 4612 4611 4601
f 4612 4601 4602
f 4613 4602 4603
f 4614 4603 4604
f 4442 4449 4605
f 4615 4605 4449
f 4605 4616 4604
f 4605 4615 4616
f 4444 4450 4449
f 4449 4450 4617
f 4615 4449 4617
f 4450 4618 4617
f 4451 4619 4450
f 4619 4618 4450
f 4607 4456 4446
f 4620 4456 4607
f 4620 4621 4456
f 4456 4621 4454
f 4622 4607 4606
f 4620 4607 4622
f 4623 4622 4606
f 4623 4606 4608
f 4624 4608 4609
f 4626 4617 4618
f 4451 4457 4619
f 4627 4619 4457
f 4628 4618 4619
f 4628 4619 4627
f 4452 4459 4457
f 4459 4629 4457
f 4627 4457 4629
f 4464 4454 4621
f 4630 4464 4621
f 4464 4631 4462
f 4464 4630 4631
f 4620 4632 4621
f 4630 4621 4632
f 4466 4629 4459
f 4634 4629 4466
f 4627 4629 4635
f 4634 4635 4629
f 4466 4465 4636
f 4634 4466 4636
f 4467 4471 4465
f 4472 4467 4468
f 4462 4631 4470
f 4470 4631 4637
f 4631 4630 4638
f 4637 4631 4638
f 4632 4638 4630
f 4465 4471 4636
f 4634 4636 4639
f 4467 4472 4471
f 4472 4640 4471
f 4641 4636 4471
f 4640 4641 4471
f 4475 4472 4468
f 4475 4642 4472
f 4642 4643 4472
f 4472 4643 4640
f 4479 4642 4475
f 4477 4470 4637
f 4477 4637 4644
f 4644 4480 4477
f 4476 4477 4480
f 4645 4644 4637
f 4642 4479 4643
f 4479 4646 4643
f 4643 4647 4640
f 4643 4646 4647
f 4479 4478 4648
f 4646 4479 4648
f 4649 4305 4480
f 4649 4480 4650
f 4644 4651 4480
f 4650 4480 4651
f 4648 4478 4482
f 4652 4648 4482
f 4646 4648 4653
f 4652 4653 4648
f 4481 4654 4482
f 4652 4482 4654
f 4487 4305 4650
f 4649 4650 4305
f 4487 4650 4655
f 4655 4493 4487
f 4486 4487 4493
f 4655 4650 4656
f 4657 4652 4654
f 4658 4652 4657
f 4654 4481 4490
f 4654 4490 4659
f 4657 4654 4659
f 4494 4490 4488
f 4493 4660 4492
f 4493 4661 4660
f 4493 4655 4661
f 4490 4494 4659
f 4662 4659 4494
f 4659 4663 4657
f 4662 4663 4659
f 4496 4494 4488
f 4496 4664 4494
f 4494 4664 4662
f 4660 4498 4492
f 4660 4665 4498
f 4660 4666 4665
f 4661 4667 4660
f 4666 4660 4667
f 4664 4496 4500
f 4668 4664 4500
f 4664 4669 4662
f 4668 4669 4664
f 4499 4505 4500
f 4668 4500 4505
f 4665 4502 4498
f 4665 4670 4502
f 4665 4671 4670
f 4666 4672 4665
f 4671 4665 4672
f 4505 4504 4673
f 4674 4505 4673
f 4668 4505 4674
f 4670 4509 4502
f 4670 4675 4509
f 4670 4676 4675
f 4670 4671 4677
f 4676 4670 4677
f 4673 4504 4511
f 4678 4674 4673
f 4510 4515 4511
f 4515 4673 4511
f 4675 4514 4509
f 4675 4679 4514
f 4675 4680 4679
f 4675 4676 4681
f 4680 4675 4681
f 4515 4682 4673
f 4683 4673 4682
f 4518 4515 4510
f 4518 4684 4515
f 4682 4515 4684
f 4679 4520 4514
f 4685 4526 4679
f 4520 4679 4526
f 4680 4686 4679
f 4685 4679 4686
f 4682 4684 4687
f 4688 4689 4690
f 4688 4690 4682
f 4688 4682 4687
f 4688 4687 4689
f 4684 4518 4523
f 4684 4523 4691
f 4687 4684 4691
f 4526 4692 4525
f 4685 4692 4526
f 4533 4525 4692
f 4533 4692 4693
f 4685 4694 4692
f 4694 4693 4692
f 4695 4687 4691
f 4689 4687 4695
f 4691 4523 4529
f 4691 4529 4696
f 4695 4691 4696
f 4693 4697 4533
f 4533 4697 4532
f 4698 4538 4697
f 4697 4538 4532
f 4697 4693 4699
f 4698 4697 4699
f 4696 4529 4536
f 4696 4536 4701
f 4702 4696 4701
f 4696 4702 4695
f 4698 4539 4538
f 4539 4704 4703
f 4703 4543 4539
f 4538 4539 4543
f 4698 4704 4539
f 4701 4536 4540
f 4701 4540 4705
f 4706 4701 4705
f 4701 4706 4702
f 4703 4545 4543
f 4544 4545 4707
f 4708 4707 4545
f 4703 4708 4545
f 4707 4709 4549
f 4707 4549 4544
f 4707 4708 4710
f 4707 4710 4709
f 4711 4706 4705
f 4712 4706 4711
f 4705 4540 4546
f 4705 4546 4554
f 4711 4705 4554
f 4709 4551 4549
f 4551 4713 4550
f 4709 4714 4551
f 4714 4713 4551
f 4556 4550 4713
f 4554 4715 4711
f 4716 4711 4715
f 4716 4715 4717
f 4552 4558 4554
f 4558 4715 4554
f 4556 4718 4555
f 4719 4718 4556
f 4713 4719 4556
f 4561 4555 4718
f 4718 4719 4720
f 4721 4722 4558
f 4558 4722 4715
f 4722 4717 4715
f 4557 4721 4558
f 4563 4561 4723
f 4563 4560 4561
f 4718 4724 4561
f 4723 4561 4724
f 4721 4557 4562
f 4721 4562 4725
f 4726 4721 4725
f 4721 4726 4727
f 4722 4721 4727
f 4563 4723 4728
f 4563 4728 4729
f 4728 4723 4730
f 4725 4562 4564
f 4566 4725 4564
f 4731 4725 4566
f 4725 4731 4726
f 4563 4729 4399
f 4399 4729 4732
f 4729 4733 4732
f 4728 4733 4729
f 4734 4735 4566
f 4734 4569 4735
f 4565 4734 4566
f 4735 4731 4566
f 4732 4567 4399
f 4571 4567 4732
f 4571 4732 4737
f 4732 4733 4737
f 4568 4738 4569
f 4734 4565 4569
f 4738 4740 4569
f 4740 4735 4569
f 4571 4741 4570
f 4571 4737 4741
f 4570 4741 4575
f 4741 4737 4742
f 4568 4572 4743
f 4743 4572 4577
f 4743 4745 4568
f 4745 4738 4568
f 4746 4574 4575
f 4741 4747 4575
f 4747 4746 4575
f 4748 4577 4576
f 4748 4749 4577
f 4743 4577 4749
f 4746 4579 4574
f 4579 4750 4578
f 4746 4751 4579
f 4579 4751 4750
f 4580 4752 4581
f 4748 4576 4581
f 4752 4753 4581
f 4748 4581 4753
f 4583 4578 4750
f 4583 4754 4582
f 4583 4750 4755
f 4754 4583 4755
f 4757 4756 4584
f 4757 4584 4582
f 4757 4582 4754
f 4757 4754 4756
f 4758 4759 4587
f 4758 4587 4584
f 4758 4584 4756
f 4758 4756 4759
f 4588 4760 4761
f 4762 4760 4588
f 4762 4588 4587
f 4762 4587 4759
f 4762 4759 4760
f 4580 4590 4761
f 4763 4580 4761
f 4761 4590 4588
f 4760 4764 4761
f 4763 4761 4764
f 4763 4752 4580
f 4611 4625 4609
f 4613 4612 4602
f 4613 4765 4612
f 4765 4766 4612
f 4612 4766 4611
f 4614 4613 4603
f 4614 4767 4613
f 4613 4767 4765
f 4604 4616 4614
f 4616 4768 4614
f 4614 4768 4767
f 4616 4615 4769
f 4616 4769 4768
f 4617 4770 4615
f 4633 4620 4622
f 4624 4623 4608
f 4624 4771 4623
f 4771 4772 4623
f 4623 4772 4622
f 4625 4624 4609
f 4625 4773 4624
f 4624 4773 4771
f 4611 4766 4625
f 4774 4625 4766
f 4625 4774 4773
f 4775 4766 4765
f 4774 4766 4775
f 4776 4775 4765
f 4776 4765 4767
f 4768 4777 4767
f 4769 4615 4770
f 4778 4768 4769
f 4626 4770 4617
f 4779 4770 4626
f 4769 4770 4780
f 4770 4779 4780
f 4618 4628 4626
f 4628 4781 4626
f 4779 4626 4781
f 4628 4627 4782
f 4781 4628 4782
f 4620 4633 4632
f 4622 4772 4633
f 4783 4633 4772
f 4632 4633 4784
f 4783 4784 4633
f 4771 4785 4772
f 4772 4785 4783
f 4786 4771 4773
f 4774 4787 4773
f 4788 4781 4782
f 4789 4779 4781
f 4789 4781 4788
f 4627 4635 4782
f 4790 4782 4635
f 4782 4790 4788
f 4634 4639 4635
f 4790 4635 4639
f 4645 4637 4638
f 4632 4784 4791
f 4638 4632 4791
f 4638 4791 4792
f 4793 4791 4784
f 4793 4784 4783
f 4636 4641 4639
f 4639 4641 4794
f 4639 4794 4795
f 4796 4640 4797
f 4796 4641 4640
f 4641 4796 4794
f 4796 4797 4794
f 4638 4792 4645
f 4645 4792 4798
f 4799 4645 4798
f 4799 4644 4645
f 4792 4791 4800
f 4792 4800 4798
f 4797 4640 4647
f 4802 4797 4647
f 4797 4803 4794
f 4802 4803 4797
f 4804 4647 4646
f 4802 4647 4804
f 4799 4651 4644
f 4805 4651 4799
f 4805 4656 4651
f 4656 4650 4651
f 4799 4798 4806
f 4805 4799 4806
f 4804 4646 4653
f 4804 4653 4808
f 4802 4804 4809
f 4804 4808 4809
f 4652 4658 4653
f 4658 4808 4653
f 4810 4656 4805
f 4655 4656 4811
f 4810 4811 4656
f 4806 4810 4805
f 4658 4657 4812
f 4813 4658 4812
f 4813 4808 4658
f 4655 4811 4661
f 4811 4814 4661
f 4814 4667 4661
f 4815 4814 4811
f 4815 4811 4810
f 4812 4657 4663
f 4812 4663 4816
f 4813 4812 4817
f 4812 4816 4817
f 4818 4663 4662
f 4663 4818 4816
f 4667 4814 4819
f 4672 4667 4819
f 4672 4666 4667
f 4820 4819 4814
f 4818 4662 4669
f 4818 4669 4821
f 4818 4822 4816
f 4818 4821 4822
f 4823 4669 4668
f 4821 4669 4823
f 4824 4672 4819
f 4824 4677 4672
f 4671 4672 4677
f 4823 4668 4674
f 4823 4674 4825
f 4826 4823 4825
f 4821 4823 4826
f 4676 4677 4681
f 4677 4827 4681
f 4677 4824 4827
f 4678 4825 4674
f 4828 4825 4678
f 4825 4828 4829
f 4830 4825 4829
f 4825 4830 4826
f 4673 4683 4678
f 4683 4828 4678
f 4680 4681 4686
f 4831 4686 4681
f 4681 4827 4831
f 4828 4683 4829
f 4690 4829 4683
f 4829 4690 4833
f 4834 4829 4833
f 4829 4834 4830
f 4682 4690 4683
f 4836 4686 4835
f 4831 4835 4686
f 4836 4685 4686
f 4836 4835 4694
f 4690 4689 4833
f 4833 4689 4838
f 4839 4833 4838
f 4833 4839 4834
f 4836 4694 4685
f 4694 4840 4693
f 4841 4840 4694
f 4835 4841 4694
f 4699 4693 4840
f 4840 4841 4842
f 4844 4838 4689
f 4845 4838 4844
f 4838 4845 4839
f 4700 4689 4695
f 4700 4844 4689
f 4699 4846 4698
f 4847 4846 4699
f 4840 4847 4699
f 4846 4848 4704
f 4846 4704 4698
f 4846 4847 4849
f 4848 4846 4849
f 4700 4851 4844
f 4853 4852 4845
f 4853 4845 4844
f 4853 4844 4851
f 4853 4851 4852
f 4702 4700 4695
f 4702 4854 4700
f 4851 4700 4854
f 4848 4855 4704
f 4855 4703 4704
f 4855 4856 4708
f 4855 4708 4703
f 4857 4855 4848
f 4857 4856 4855
f 4851 4854 4860
f 4859 4860 4861
f 4862 4859 4852
f 4862 4852 4851
f 4862 4851 4860
f 4862 4860 4859
f 4854 4702 4706
f 4712 4854 4706
f 4860 4854 4712
f 4856 4710 4708
f 4709 4710 4863
f 4710 4856 4864
f 4863 4710 4864
f 4714 4709 4863
f 4865 4859 4866
f 4860 4712 4861
f 4867 4861 4712
f 4861 4867 4868
f 4866 4861 4868
f 4861 4866 4859
f 4711 4716 4712
f 4716 4867 4712
f 4869 4713 4714
f 4870 4869 4714
f 4863 4870 4714
f 4869 4871 4719
f 4869 4719 4713
f 4870 4872 4869
f 4872 4871 4869
f 4867 4716 4868
f 4868 4716 4717
f 4868 4717 4873
f 4874 4868 4873
f 4868 4874 4866
f 4871 4720 4719
f 4720 4875 4724
f 4718 4720 4724
f 4876 4720 4871
f 4876 4875 4720
f 4873 4717 4722
f 4727 4873 4722
f 4877 4873 4727
f 4873 4877 4874
f 4724 4878 4723
f 4724 4875 4878
f 4723 4878 4730
f 4878 4875 4879
f 4727 4726 4880
f 4880 4726 4881
f 4882 4880 4881
f 4880 4882 4877
f 4880 4877 4727
f 4730 4883 4733
f 4728 4730 4733
f 4878 4884 4730
f 4730 4884 4883
f 4881 4726 4731
f 4881 4731 4736
f 4885 4881 4736
f 4881 4885 4882
f 4733 4883 4886
f 4733 4886 4887
f 4886 4883 4888
f 4890 4889 4739
f 4891 4889 4890
f 4735 4736 4731
f 4735 4740 4736
f 4889 4736 4740
f 4889 4885 4736
f 4733 4887 4737
f 4737 4887 4742
f 4887 4892 4742
f 4886 4892 4887
f 4745 4893 4739
f 4893 4890 4739
f 4745 4744 4893
f 4894 4893 4744
f 4895 4890 4893
f 4895 4893 4894
f 4889 4740 4739
f 4738 4739 4740
f 4738 4745 4739
f 4742 4896 4747
f 4741 4742 4747
f 4742 4892 4896
f 4749 4897 4744
f 4897 4749 4898
f 4899 4897 4898
f 4899 4900 4897
f 4745 4743 4744
f 4743 4749 4744
f 4897 4894 4744
f 4747 4901 4746
f 4747 4896 4901
f 4901 4902 4751
f 4901 4751 4746
f 4903 4901 4896
f 4903 4896 4904
f 4903 4904 4902
f 4903 4902 4901
f 4907 4905 4906
f 4908 4905 4907
f 4898 4749 4748
f 4898 4748 4753
f 4905 4898 4753
f 4905 4899 4898
f 4751 4909 4750
f 4751 4902 4909
f 4755 4750 4909
f 4755 4909 4910
f 4909 4902 4911
f 4909 4911 4910
f 4916 4907 4906
f 4764 4915 4916
f 4917 4907 4916
f 4917 4916 4915
f 4905 4753 4906
f 4906 4753 4752
f 4906 4752 4763
f 4916 4906 4763
f 4918 4755 4910
f 4918 4754 4755
f 4756 4918 4919
f 4918 4920 4919
f 4918 4756 4754
f 4918 4910 4920
f 4759 4919 4921
f 4919 4922 4921
f 4919 4759 4756
f 4919 4920 4922
f 4764 4760 4921
f 4764 4921 4915
f 4921 4760 4759
f 4921 4922 4915
f 4916 4763 4764
f 4923 4774 4775
f 4767 4777 4776
f 4776 4777 4924
f 4776 4925 4775
f 4776 4924 4925
f 4768 4778 4777
f 4926 4777 4778
f 4777 4926 4924
f 4769 4780 4778
f 4780 4927 4778
f 4926 4778 4927
f 4780 4779 4928
f 4780 4928 4927
f 4771 4786 4785
f 4786 4929 4785
f 4785 4930 4783
f 4785 4929 4930
f 4773 4787 4786
f 4931 4786 4787
f 4786 4931 4929
f 4923 4787 4774
f 4932 4787 4923
f 4787 4932 4931
f 4923 4775 4925
f 4925 4933 4923
f 4923 4933 4932
f 4924 4934 4925
f 4928 4779 4789
f 4928 4789 4935
f 4928 4936 4927
f 4928 4935 4936
f 4789 4788 4937
f 4789 4937 4935
f 4790 4938 4788
f 4939 4790 4639
f 4793 4783 4930
f 4793 4930 4940
f 4940 4801 4793
f 4791 4793 4801
f 4930 4929 4941
f 4930 4941 4940
f 4937 4788 4938
f 4943 4935 4937
f 4938 4790 4939
f 4944 4938 4939
f 4937 4938 4945
f 4944 4945 4938
f 4795 4939 4639
f 4946 4939 4795
f 4944 4939 4947
f 4939 4946 4947
f 4795 4794 4948
f 4946 4795 4948
f 4791 4801 4800
f 4807 4798 4800
f 4800 4801 4949
f 4801 4950 4949
f 4940 4950 4801
f 4948 4794 4803
f 4948 4803 4952
f 4946 4948 4953
f 4952 4953 4948
f 4803 4802 4954
f 4803 4954 4952
f 4798 4807 4806
f 4800 4949 4807
f 4807 4949 4955
f 4806 4807 4956
f 4807 4955 4956
f 4949 4950 4957
f 4949 4957 4955
f 4954 4802 4809
f 4954 4809 4958
f 4959 4952 4954
f 4959 4954 4958
f 4809 4808 4960
f 4809 4960 4958
f 4956 4961 4806
f 4806 4961 4810
f 4956 4955 4962
f 4960 4808 4813
f 4960 4813 4963
f 4964 4965 4958
f 4964 4958 4960
f 4964 4960 4963
f 4964 4963 4965
f 4813 4817 4963
f 4810 4961 4815
f 4966 4815 4961
f 4966 4820 4815
f 4820 4814 4815
f 4967 4961 4956
f 4961 4967 4966
f 4967 4956 4968
f 4817 4816 4969
f 4817 4970 4963
f 4969 4970 4817
f 4820 4966 4971
f 4971 4972 4820
f 4820 4972 4819
f 4973 4971 4966
f 4973 4966 4967
f 4822 4969 4816
f 4822 4974 4969
f 4975 4969 4974
f 4976 4822 4821
f 4976 4974 4822
f 4819 4972 4824
f 4977 4972 4971
f 4824 4972 4978
f 4972 4977 4978
f 4979 4977 4971
f 4976 4821 4826
f 4976 4826 4981
f 4976 4981 4980
f 4976 4980 4974
f 4824 4978 4827
f 4827 4978 4982
f 4978 4983 4982
f 4978 4977 4983
f 4981 4984 4980
f 4981 4826 4830
f 4830 4832 4981
f 4984 4981 4832
f 4827 4982 4831
f 4831 4982 4985
f 4982 4986 4985
f 4982 4983 4986
f 4832 4987 4984
f 4834 4832 4830
f 4834 4837 4832
f 4837 4987 4832
f 4985 4835 4831
f 4988 4841 4985
f 4985 4841 4835
f 4988 4985 4986
f 4837 4989 4987
f 4839 4837 4834
f 4839 4843 4837
f 4843 4989 4837
f 4842 4841 4988
f 4840 4842 4847
f 4842 4988 4990
f 4843 4991 4989
f 4992 4989 4991
f 4845 4843 4839
f 4845 4850 4843
f 4850 4991 4843
f 4842 4849 4847
f 4848 4849 4993
f 4842 4994 4849
f 4993 4849 4994
f 4857 4848 4993
f 4850 4995 4991
f 4996 4991 4995
f 4852 4850 4845
f 4852 4858 4850
f 4858 4995 4850
f 4857 4997 4856
f 4993 4998 4857
f 4998 4997 4857
f 4864 4856 4997
f 4858 4999 4995
f 5000 4995 4999
f 4858 4852 4859
f 4865 4858 4859
f 4865 4999 4858
f 4864 5001 4863
f 5002 5001 4864
f 4997 5002 4864
f 5001 5003 4870
f 5001 4870 4863
f 5002 5004 5001
f 5004 5003 5001
f 4865 5005 4999
f 5006 4999 5005
f 4866 5007 4865
f 5005 4865 5007
f 5003 4872 4870
f 4872 5008 4871
f 5003 5009 4872
f 5009 5008 4872
f 4876 4871 5008
f 5005 5007 5010
f 5011 5005 5010
f 5007 4866 4874
f 5007 4874 5012
f 5010 5007 5012
f 4876 5013 4875
f 5008 5014 4876
f 5014 5013 4876
f 4875 5013 4879
f 5016 5010 5015
f 5012 4874 4877
f 5012 4877 5017
f 5015 5012 5017
f 5012 5015 5010
f 4879 5018 4884
f 4878 4879 4884
f 5013 5019 4879
f 4879 5019 5018
f 5020 5015 5021
f 5017 4877 4882
f 5017 4882 5022
f 5021 5017 5022
f 5017 5021 5015
f 5018 5023 4884
f 4884 5023 4883
f 4883 5023 4888
f 5023 5024 4888
f 5023 5018 5025
f 5024 5023 5025
f 5027 5021 5026
f 5022 4882 4885
f 4885 4891 5022
f 4891 5026 5022
f 5022 5026 5021
f 5028 4892 4888
f 4886 4888 4892
f 5028 4888 5024
f 4891 4890 5029
f 4891 5029 5026
f 4895 5029 4890
f 4895 5030 5029
f 5029 5030 5031
f 5029 5031 5026
f 4885 4889 4891
f 4892 5028 5032
f 4892 5032 5033
f 5032 5034 5033
f 5035 5032 5028
f 5035 5034 5032
f 4895 4894 5036
f 4895 5036 5030
f 4894 4900 5036
f 5037 5036 4900
f 5038 5030 5036
f 5038 5036 5037
f 4892 5033 4896
f 4904 4896 5033
f 4904 5033 5039
f 5033 5034 5039
f 5039 5041 5040
f 5042 5041 5039
f 4899 5044 4900
f 5037 4900 5044
f 4899 4908 5044
f 4908 5043 5044
f 5046 5043 5045
f 5046 5045 5037
f 5046 5037 5044
f 5046 5044 5043
f 4894 4897 4900
f 5039 5040 4904
f 4904 5040 4902
f 4911 5040 5047
f 5040 5041 5047
f 5040 4911 4902
f 4911 5047 4912
f 4912 5047 5048
f 5048 5047 5041
f 4913 5048 5049
f 5051 5048 5050
f 5051 5050 5052
f 5051 5052 5049
f 5051 5049 5048
f 5053 5054 5055
f 5053 4914 5054
f 4914 5049 5054
f 5054 5049 5052
f 4908 4907 5055
f 4908 5055 5043
f 5055 4907 4917
f 5053 5055 4917
f 5055 5054 5043
f 4899 4905 4908
f 4912 4910 4911
f 5048 4913 4912
f 4913 4920 4912
f 4920 4910 4912
f 5049 4914 4913
f 4914 4922 4913
f 4920 4913 4922
f 5053 4917 4914
f 4914 4917 4915
f 4922 4914 4915
f 4926 5056 4924
f 5057 4926 4927
f 4942 4929 4931
f 4932 5058 4931
f 4925 4934 4933
f 4933 5059 4932
f 4924 5056 4934
f 4934 5056 5060
f 4933 4934 5061
f 4934 5060 5061
f 5056 4926 5057
f 5062 5056 5057
f 5056 5062 5060
f 5057 4927 4936
f 5057 4936 5063
f 5057 5063 5062
f 4936 4935 5064
f 4936 5064 5063
f 4929 4942 4941
f 4951 4940 4941
f 4931 5058 4942
f 5065 4942 5058
f 4941 4942 5066
f 4942 5065 5066
f 5058 4932 5059
f 5067 5058 5059
f 5065 5058 5067
f 5059 4933 5061
f 5061 5068 5059
f 5059 5068 5067
f 5068 5061 5060
f 4943 5064 4935
f 5069 5064 4943
f 5070 5063 5064
f 5069 5070 5064
f 4937 4945 4943
f 4945 5071 4943
f 5069 4943 5071
f 4944 4947 4945
f 4945 4947 5072
f 5071 4945 5072
f 4947 4946 5073
f 4947 5073 5072
f 4940 4951 4950
f 4941 5066 4951
f 4951 5066 5074
f 4950 4951 5075
f 4951 5074 5075
f 5066 5065 5076
f 5066 5076 5074
f 5076 5065 5067
f 4946 4953 5073
f 4952 5078 4953
f 5079 4953 5078
f 5079 5073 4953
f 4957 4950 5075
f 5075 5080 4957
f 4957 5080 4955
f 5075 5074 5081
f 4959 5078 4952
f 5079 5078 5083
f 4959 4958 5084
f 5085 4959 5084
f 5085 5078 4959
f 4955 5080 4962
f 4968 4956 4962
f 5086 5080 5075
f 4962 5080 5087
f 5080 5086 5087
f 5086 5075 5088
f 4965 5084 4958
f 5089 5084 4965
f 5085 5084 5090
f 5084 5089 5090
f 4965 4963 5091
f 5089 4965 5091
f 4962 5087 4968
f 5092 4968 5087
f 4967 4968 5093
f 5092 5093 4968
f 5094 5092 5087
f 5094 5087 5086
f 4970 5091 4963
f 4970 5095 5091
f 5096 5089 5091
f 5096 5091 5095
f 4969 4975 4970
f 4975 5095 4970
f 4967 5093 4973
f 5097 4973 5093
f 5097 4979 4973
f 4979 4971 4973
f 5093 5092 5098
f 5097 5093 5098
f 4975 4974 5099
f 5100 4975 5099
f 5100 5095 4975
f 4979 5097 5101
f 5101 5102 4979
f 4979 5102 4977
f 5103 5101 5097
f 5099 4974 4980
f 5104 5099 4980
f 5105 5099 5104
f 5099 5105 5100
f 4977 5102 4983
f 5106 5102 5101
f 4983 5102 5107
f 5107 5102 5106
f 5108 5106 5101
f 5104 4980 4984
f 5109 5104 4984
f 5110 5104 5109
f 5104 5111 5105
f 5110 5111 5104
f 4983 5107 4986
f 4986 5107 5112
f 5107 5113 5112
f 5107 5106 5113
f 5109 4984 4987
f 5115 5109 4987
f 5116 5109 5115
f 5110 5109 5117
f 5116 5117 5109
f 5112 4988 4986
f 5118 4990 5112
f 5112 4990 4988
f 5118 5112 5113
f 5115 4987 4989
f 4992 5115 4989
f 5120 5115 4992
f 5115 5120 5121
f 5116 5115 5121
f 4990 5122 4842
f 4990 5118 5122
f 5122 4994 4842
f 5123 5122 5118
f 5123 4994 5122
f 4991 4996 4992
f 5124 4992 4996
f 5120 4992 5124
f 4994 5125 4993
f 5125 5126 4998
f 5125 4998 4993
f 5127 5125 4994
f 5127 5126 5125
f 4996 5128 5124
f 4995 5000 4996
f 5000 5128 4996
f 5126 5129 4998
f 5129 4997 4998
f 5129 5130 5002
f 5129 5002 4997
f 5126 5131 5129
f 5131 5130 5129
f 5000 5132 5128
f 4999 5006 5000
f 5000 5006 5132
f 5130 5004 5002
f 5004 5133 5003
f 5130 5134 5004
f 5134 5133 5004
f 5009 5003 5133
f 5005 5011 5006
f 5011 5135 5006
f 5006 5135 5132
f 5009 5136 5008
f 5137 5136 5009
f 5133 5137 5009
f 5136 5014 5008
f 5136 5137 5138
f 5014 5136 5138
f 5010 5016 5011
f 5016 5139 5011
f 5135 5011 5139
f 5014 5140 5013
f 5019 5013 5140
f 5020 5016 5015
f 5020 5141 5016
f 5139 5016 5141
f 5019 5142 5018
f 5140 5143 5019
f 5143 5142 5019
f 5018 5142 5025
f 5027 5020 5021
f 5027 5144 5020
f 5144 5141 5020
f 5025 5145 5024
f 5142 5146 5025
f 5025 5146 5145
f 5027 5147 5144
f 5148 5144 5147
f 5026 5031 5027
f 5031 5147 5027
f 5149 5024 5145
f 5149 5028 5024
f 5149 5150 5035
f 5149 5035 5028
f 5151 5149 5145
f 5151 5150 5149
f 5147 5031 5030
f 5038 5147 5030
f 5152 5147 5038
f 5147 5152 5153
f 5035 5154 5034
f 5035 5150 5154
f 5034 5154 5042
f 5042 5154 5155
f 5156 5154 5150
f 5156 5155 5154
f 5038 5037 5157
f 5152 5038 5157
f 5045 5157 5037
f 5158 5157 5045
f 5152 5157 5159
f 5158 5159 5157
f 5042 5039 5034
f 5042 5160 5041
f 5042 5155 5160
f 5160 5161 5050
f 5050 5048 5160
f 5160 5048 5041
f 5160 5155 5161
f 5052 5050 5162
f 5050 5163 5162
f 5050 5161 5163
f 5054 5162 5164
f 5162 5165 5164
f 5162 5054 5052
f 5162 5163 5165
f 5164 5045 5043
f 5158 5045 5164
f 5164 5043 5054
f 5164 5165 5158
f 5062 5166 5060
f 5063 5167 5062
f 5067 5068 5077
f 5068 5060 5166
f 5068 5166 5168
f 5068 5168 5169
f 5166 5062 5167
f 5170 5166 5167
f 5166 5170 5168
f 5070 5167 5063
f 5171 5167 5070
f 5167 5171 5170
f 5069 5172 5070
f 5171 5070 5172
f 5173 5071 5174
f 5071 5173 5069
f 5173 5172 5069
f 5173 5174 5172
f 5072 5175 5071
f 5175 5174 5071
f 5082 5074 5076
f 5067 5077 5076
f 5176 5076 5077
f 5077 5068 5169
f 5177 5077 5169
f 5077 5177 5176
f 5169 5168 5178
f 5169 5178 5177
f 5171 5172 5180
f 5181 5172 5174
f 5175 5072 5073
f 5182 5175 5073
f 5175 5183 5174
f 5175 5182 5183
f 5073 5079 5184
f 5182 5073 5185
f 5073 5184 5185
f 5079 5083 5184
f 5074 5082 5081
f 5088 5075 5081
f 5076 5176 5082
f 5082 5176 5186
f 5081 5082 5187
f 5082 5186 5187
f 5176 5188 5186
f 5189 5188 5176
f 5189 5176 5177
f 5078 5085 5083
f 5190 5083 5085
f 5083 5191 5184
f 5190 5191 5083
f 5190 5085 5090
f 5081 5187 5088
f 5192 5088 5187
f 5086 5088 5193
f 5192 5193 5088
f 5187 5186 5194
f 5187 5194 5192
f 5090 5089 5195
f 5190 5090 5196
f 5195 5196 5090
f 5094 5086 5193
f 5094 5193 5197
f 5094 5198 5092
f 5094 5197 5198
f 5199 5197 5193
f 5199 5193 5192
f 5096 5195 5089
f 5096 5200 5195
f 5200 5201 5195
f 5202 5096 5095
f 5096 5202 5200
f 5098 5092 5198
f 5103 5097 5098
f 5198 5197 5203
f 5198 5203 5098
f 5202 5095 5100
f 5202 5100 5204
f 5205 5202 5204
f 5202 5205 5200
f 5103 5098 5206
f 5206 5108 5103
f 5108 5101 5103
f 5207 5206 5098
f 5204 5100 5105
f 5204 5105 5208
f 5209 5205 5204
f 5209 5204 5208
f 5108 5206 5210
f 5210 5114 5108
f 5114 5106 5108
f 5206 5211 5210
f 5111 5208 5105
f 5110 5117 5111
f 5117 5212 5111
f 5212 5208 5111
f 5106 5114 5113
f 5114 5210 5213
f 5213 5119 5114
f 5119 5113 5114
f 5214 5213 5210
f 5116 5121 5117
f 5121 5215 5117
f 5212 5117 5215
f 5119 5118 5113
f 5119 5213 5216
f 5216 5123 5119
f 5123 5118 5119
f 5213 5217 5216
f 5121 5120 5218
f 5215 5121 5218
f 5123 5219 4994
f 5123 5216 5219
f 5127 4994 5219
f 5220 5127 5219
f 5221 5219 5216
f 5220 5219 5221
f 5222 5218 5120
f 5222 5120 5124
f 5222 5124 5223
f 5222 5223 5218
f 5223 5124 5224
f 5127 5225 5126
f 5220 5225 5127
f 5126 5225 5131
f 5224 5124 5128
f 5226 5224 5128
f 5227 5224 5226
f 5223 5224 5228
f 5227 5228 5224
f 5131 5229 5130
f 5225 5230 5131
f 5230 5229 5131
f 5134 5130 5229
f 5226 5128 5132
f 5226 5132 5231
f 5232 5226 5231
f 5227 5226 5233
f 5232 5233 5226
f 5134 5234 5133
f 5235 5234 5134
f 5229 5235 5134
f 5234 5236 5137
f 5234 5137 5133
f 5236 5234 5235
f 5231 5132 5135
f 5231 5135 5237
f 5238 5231 5237
f 5232 5231 5239
f 5238 5239 5231
f 5236 5138 5137
f 5240 5014 5138
f 5138 5236 5241
f 5240 5138 5241
f 5237 5135 5139
f 5237 5139 5242
f 5243 5237 5242
f 5238 5237 5244
f 5243 5244 5237
f 5140 5014 5240
f 5245 5140 5240
f 5245 5240 5246
f 5245 5246 5143
f 5245 5143 5140
f 5242 5139 5141
f 5242 5141 5247
f 5248 5242 5247
f 5243 5242 5249
f 5248 5249 5242
f 5143 5250 5142
f 5146 5142 5250
f 5251 5146 5250
f 5250 5143 5252
f 5251 5250 5252
f 5247 5141 5144
f 5148 5247 5144
f 5253 5247 5148
f 5248 5247 5253
f 5146 5254 5145
f 5251 5254 5146
f 5151 5145 5254
f 5254 5251 5255
f 5147 5153 5148
f 5148 5153 5256
f 5253 5148 5256
f 5151 5257 5150
f 5258 5257 5151
f 5254 5258 5151
f 5156 5150 5257
f 5259 5156 5257
f 5258 5259 5257
f 5153 5152 5260
f 5153 5260 5256
f 5152 5159 5260
f 5261 5260 5159
f 5262 5256 5260
f 5261 5262 5260
f 5156 5263 5155
f 5259 5263 5156
f 5161 5263 5264
f 5263 5265 5264
f 5263 5161 5155
f 5263 5259 5265
f 5163 5264 5266
f 5264 5267 5266
f 5264 5163 5161
f 5264 5265 5267
f 5165 5266 5268
f 5266 5269 5268
f 5266 5165 5163
f 5266 5267 5269
f 5158 5268 5159
f 5261 5159 5268
f 5268 5158 5165
f 5268 5269 5261
f 5179 5168 5170
f 5171 5270 5170
f 5168 5179 5178
f 5179 5271 5178
f 5271 5272 5178
f 5178 5272 5177
f 5170 5270 5179
f 5273 5179 5270
f 5273 5271 5179
f 5270 5171 5180
f 5274 5270 5180
f 5270 5274 5273
f 5172 5181 5180
f 5275 5180 5181
f 5180 5275 5274
f 5174 5183 5181
f 5276 5181 5183
f 5275 5181 5276
f 5182 5185 5183
f 5277 5183 5185
f 5277 5276 5183
f 5185 5184 5278
f 5185 5278 5277
f 5188 5279 5186
f 5189 5177 5272
f 5280 5189 5272
f 5189 5281 5188
f 5189 5280 5281
f 5282 5272 5271
f 5280 5272 5282
f 5283 5282 5271
f 5283 5271 5273
f 5191 5278 5184
f 5284 5277 5278
f 5191 5190 5285
f 5286 5191 5285
f 5286 5278 5191
f 5186 5279 5194
f 5279 5287 5194
f 5194 5288 5192
f 5194 5287 5288
f 5279 5188 5281
f 5289 5279 5281
f 5279 5289 5287
f 5281 5280 5290
f 5281 5290 5289
f 5285 5190 5196
f 5285 5196 5292
f 5286 5285 5293
f 5293 5285 5292
f 5195 5201 5196
f 5201 5292 5196
f 5199 5192 5288
f 5199 5288 5294
f 5199 5294 5197
f 5288 5287 5295
f 5288 5295 5294
f 5200 5296 5201
f 5297 5201 5296
f 5297 5292 5201
f 5197 5294 5203
f 5298 5203 5294
f 5298 5207 5203
f 5207 5098 5203
f 5298 5294 5299
f 5296 5200 5205
f 5296 5205 5300
f 5296 5301 5297
f 5300 5301 5296
f 5207 5298 5302
f 5211 5207 5302
f 5206 5207 5211
f 5303 5302 5298
f 5209 5300 5205
f 5304 5300 5209
f 5300 5304 5305
f 5209 5208 5306
f 5304 5209 5306
f 5211 5214 5210
f 5211 5307 5214
f 5211 5302 5307
f 5306 5208 5212
f 5306 5212 5308
f 5309 5306 5308
f 5306 5310 5304
f 5309 5310 5306
f 5213 5214 5217
f 5214 5311 5217
f 5214 5307 5311
f 5308 5212 5215
f 5308 5215 5312
f 5309 5308 5313
f 5312 5313 5308
f 5216 5217 5221
f 5314 5221 5217
f 5217 5311 5314
f 5315 5312 5215
f 5315 5215 5218
f 5315 5218 5316
f 5317 5315 5316
f 5315 5318 5312
f 5315 5317 5318
f 5319 5220 5221
f 5314 5319 5221
f 5316 5218 5223
f 5228 5316 5223
f 5320 5316 5228
f 5317 5316 5320
f 5319 5225 5220
f 5230 5225 5319
f 5230 5319 5321
f 5322 5321 5319
f 5227 5233 5228
f 5233 5323 5228
f 5323 5320 5228
f 5321 5324 5230
f 5324 5229 5230
f 5324 5325 5235
f 5324 5235 5229
f 5321 5326 5324
f 5325 5324 5326
f 5233 5327 5323
f 5232 5239 5233
f 5239 5327 5233
f 5235 5328 5236
f 5329 5235 5325
f 5329 5328 5235
f 5241 5236 5328
f 5239 5330 5327
f 5238 5244 5239
f 5239 5244 5330
f 5241 5331 5240
f 5332 5331 5241
f 5328 5332 5241
f 5246 5240 5331
f 5246 5331 5333
f 5331 5332 5334
f 5331 5334 5333
f 5243 5249 5244
f 5249 5336 5244
f 5330 5244 5336
f 5246 5337 5143
f 5246 5333 5337
f 5337 5338 5252
f 5339 5337 5333
f 5339 5338 5337
f 5248 5253 5249
f 5340 5249 5253
f 5336 5249 5340
f 5337 5252 5143
f 5341 5251 5252
f 5341 5252 5338
f 5341 5342 5255
f 5343 5342 5341
f 5253 5344 5340
f 5344 5253 5345
f 5346 5340 5344
f 5341 5255 5251
f 5258 5255 5347
f 5255 5342 5347
f 5254 5255 5258
f 5258 5347 5348
f 5349 5347 5342
f 5349 5348 5347
f 5348 5351 5350
f 5352 5351 5348
f 5353 5354 5351
f 5345 5253 5256
f 5262 5345 5256
f 5262 5357 5345
f 5345 5357 5358
f 5344 5345 5358
f 5348 5350 5258
f 5258 5350 5259
f 5265 5350 5359
f 5350 5351 5359
f 5350 5265 5259
f 5267 5359 5360
f 5359 5354 5360
f 5359 5267 5265
f 5359 5351 5354
f 5269 5360 5361
f 5360 5362 5361
f 5360 5269 5267
f 5360 5354 5362
f 5261 5361 5262
f 5262 5361 5357
f 5361 5261 5269
f 5361 5362 5357
f 5274 5363 5273
f 5275 5364 5274
f 5276 5365 5275
f 5366 5276 5277
f 5291 5280 5282
f 5273 5363 5283
f 5367 5283 5363
f 5283 5367 5282
f 5363 5274 5364
f 5368 5363 5364
f 5363 5368 5367
f 5364 5275 5365
f 5369 5364 5365
f 5364 5369 5368
f 5365 5276 5366
f 5370 5365 5366
f 5365 5370 5369
f 5284 5366 5277
f 5371 5366 5284
f 5370 5366 5371
f 5278 5286 5284
f 5286 5372 5284
f 5372 5373 5284
f 5373 5371 5284
f 5293 5372 5286
f 5374 5287 5289
f 5280 5291 5290
f 5290 5375 5289
f 5282 5367 5291
f 5291 5367 5376
f 5291 5376 5290
f 5367 5377 5376
f 5377 5367 5368
f 5372 5293 5373
f 5378 5373 5293
f 5378 5379 5373
f 5293 5292 5380
f 5378 5293 5380
f 5374 5295 5287
f 5381 5295 5374
f 5381 5382 5295
f 5382 5294 5295
f 5374 5289 5375
f 5383 5374 5375
f 5381 5374 5383
f 5375 5290 5384
f 5375 5384 5383
f 5385 5384 5290
f 5385 5290 5376
f 5380 5292 5297
f 5380 5297 5387
f 5388 5380 5387
f 5380 5388 5378
f 5382 5299 5294
f 5303 5298 5299
f 5299 5382 5389
f 5381 5390 5382
f 5389 5382 5390
f 5301 5387 5297
f 5301 5392 5387
f 5388 5387 5393
f 5393 5387 5392
f 5300 5305 5301
f 5392 5301 5305
f 5299 5389 5303
f 5394 5303 5389
f 5303 5395 5302
f 5394 5395 5303
f 5396 5394 5389
f 5305 5304 5397
f 5392 5305 5398
f 5397 5398 5305
f 5395 5307 5302
f 5307 5395 5399
f 5395 5400 5399
f 5395 5394 5400
f 5310 5397 5304
f 5310 5401 5397
f 5397 5401 5402
f 5309 5313 5310
f 5310 5313 5401
f 5307 5399 5311
f 5311 5399 5403
f 5399 5404 5403
f 5400 5405 5399
f 5404 5399 5405
f 5313 5312 5318
f 5406 5313 5318
f 5313 5406 5401
f 5311 5403 5314
f 5314 5403 5407
f 5403 5408 5407
f 5404 5409 5403
f 5408 5403 5409
f 5317 5320 5318
f 5318 5320 5410
f 5318 5410 5406
f 5407 5319 5314
f 5322 5319 5407
f 5411 5322 5407
f 5408 5412 5407
f 5407 5412 5411
f 5320 5413 5410
f 5413 5320 5414
f 5410 5413 5415
f 5322 5416 5321
f 5411 5416 5322
f 5321 5416 5326
f 5414 5320 5323
f 5417 5414 5323
f 5418 5414 5417
f 5414 5418 5419
f 5413 5414 5419
f 5325 5326 5420
f 5416 5421 5326
f 5421 5420 5326
f 5329 5325 5420
f 5422 5329 5420
f 5422 5420 5423
f 5417 5323 5327
f 5424 5417 5327
f 5425 5417 5424
f 5417 5425 5418
f 5329 5426 5328
f 5422 5426 5329
f 5332 5426 5427
f 5426 5428 5427
f 5426 5332 5328
f 5426 5422 5428
f 5429 5334 5427
f 5427 5334 5332
f 5427 5428 5430
f 5429 5427 5430
f 5429 5431 5335
f 5432 5431 5429
f 5433 5425 5434
f 5424 5327 5330
f 5424 5330 5435
f 5434 5424 5435
f 5424 5434 5425
f 5429 5335 5334
f 5333 5334 5335
f 5335 5431 5436
f 5436 5339 5335
f 5333 5335 5339
f 5436 5438 5437
f 5439 5436 5431
f 5439 5438 5436
f 5435 5330 5336
f 5435 5336 5441
f 5442 5435 5441
f 5435 5442 5434
f 5436 5437 5339
f 5339 5437 5338
f 5338 5437 5343
f 5343 5437 5443
f 5437 5438 5443
f 5443 5445 5444
f 5446 5445 5443
f 5441 5336 5340
f 5346 5441 5340
f 5449 5441 5346
f 5441 5449 5442
f 5343 5341 5338
f 5443 5444 5343
f 5343 5444 5342
f 5450 5444 5451
f 5444 5445 5451
f 5450 5349 5444
f 5444 5349 5342
f 5451 5453 5452
f 5452 5352 5451
f 5450 5451 5352
f 5451 5445 5453
f 5353 5452 5454
f 5454 5452 5453
f 5355 5454 5455
f 5456 5454 5457
f 5456 5455 5454
f 5358 5455 5346
f 5449 5346 5455
f 5358 5356 5455
f 5455 5456 5449
f 5344 5358 5346
f 5450 5352 5349
f 5352 5348 5349
f 5452 5353 5352
f 5352 5353 5351
f 5454 5355 5353
f 5353 5355 5354
f 5455 5356 5355
f 5356 5362 5355
f 5354 5355 5362
f 5356 5358 5357
f 5362 5356 5357
f 5369 5458 5368
f 5371 5459 5370
f 5460 5370 5459
f 5370 5460 5369
f 5371 5461 5459
f 5373 5379 5371
f 5386 5376 5377
f 5368 5458 5377
f 5462 5377 5458
f 5458 5369 5460
f 5463 5458 5460
f 5462 5458 5463
f 5464 5463 5460
f 5464 5460 5459
f 5371 5379 5461
f 5465 5461 5379
f 5466 5459 5461
f 5466 5461 5465
f 5378 5467 5379
f 5465 5379 5467
f 5391 5381 5383
f 5384 5468 5383
f 5376 5386 5385
f 5386 5469 5385
f 5469 5470 5385
f 5385 5470 5384
f 5377 5462 5386
f 5386 5462 5471
f 5469 5386 5472
f 5386 5471 5472
f 5462 5473 5471
f 5467 5378 5388
f 5467 5388 5475
f 5476 5465 5467
f 5476 5467 5475
f 5393 5475 5388
f 5381 5391 5390
f 5396 5389 5390
f 5383 5468 5391
f 5391 5468 5477
f 5390 5391 5478
f 5391 5477 5478
f 5468 5384 5470
f 5479 5468 5470
f 5468 5479 5477
f 5470 5469 5472
f 5480 5470 5472
f 5470 5480 5479
f 5472 5471 5481
f 5472 5481 5480
f 5393 5483 5475
f 5475 5483 5484
f 5485 5393 5392
f 5393 5485 5483
f 5390 5478 5396
f 5486 5396 5478
f 5396 5487 5394
f 5486 5487 5396
f 5478 5477 5488
f 5478 5488 5486
f 5489 5477 5479
f 5490 5479 5480
f 5485 5392 5398
f 5485 5491 5483
f 5397 5402 5398
f 5485 5398 5402
f 5394 5487 5400
f 5487 5492 5400
f 5492 5405 5400
f 5493 5492 5487
f 5493 5487 5486
f 5494 5485 5402
f 5485 5494 5495
f 5402 5401 5496
f 5497 5402 5496
f 5494 5402 5497
f 5405 5492 5498
f 5409 5405 5498
f 5409 5404 5405
f 5499 5498 5492
f 5496 5401 5406
f 5496 5406 5500
f 5496 5501 5497
f 5500 5501 5496
f 5409 5498 5502
f 5502 5412 5409
f 5412 5408 5409
f 5503 5502 5498
f 5500 5406 5410
f 5500 5410 5415
f 5504 5500 5415
f 5412 5505 5411
f 5412 5502 5505
f 5411 5505 5416
f 5506 5505 5502
f 5413 5419 5415
f 5507 5415 5419
f 5507 5504 5415
f 5508 5421 5416
f 5505 5506 5416
f 5508 5416 5506
f 5508 5509 5423
f 5510 5509 5508
f 5511 5507 5419
f 5511 5419 5418
f 5511 5418 5512
f 5513 5511 5512
f 5514 5507 5511
f 5514 5511 5513
f 5508 5423 5421
f 5420 5421 5423
f 5422 5423 5515
f 5423 5509 5515
f 5428 5515 5516
f 5515 5517 5516
f 5515 5428 5422
f 5515 5509 5517
f 5516 5519 5518
f 5518 5430 5516
f 5516 5430 5428
f 5516 5517 5519
f 5432 5518 5520
f 5521 5518 5519
f 5521 5520 5518
f 5512 5418 5425
f 5512 5425 5433
f 5523 5512 5433
f 5523 5513 5512
f 5518 5432 5430
f 5432 5429 5430
f 5432 5524 5431
f 5432 5520 5524
f 5439 5431 5524
f 5439 5524 5525
f 5524 5520 5526
f 5524 5526 5525
f 5525 5528 5527
f 5529 5525 5526
f 5529 5528 5525
f 5530 5531 5528
f 5532 5533 5531
f 5433 5534 5523
f 5533 5534 5535
f 5536 5533 5537
f 5536 5537 5523
f 5536 5523 5534
f 5536 5534 5533
f 5434 5440 5433
f 5440 5534 5433
f 5525 5527 5439
f 5439 5527 5438
f 5538 5527 5539
f 5527 5528 5539
f 5538 5446 5527
f 5438 5527 5446
f 5540 5539 5541
f 5539 5531 5541
f 5540 5447 5539
f 5538 5539 5447
f 5539 5528 5531
f 5540 5541 5543
f 5542 5543 5541
f 5541 5531 5533
f 5541 5533 5542
f 5534 5440 5535
f 5544 5535 5440
f 5535 5544 5545
f 5535 5545 5542
f 5535 5542 5533
f 5442 5440 5434
f 5442 5448 5440
f 5448 5544 5440
f 5446 5443 5438
f 5538 5447 5446
f 5446 5447 5445
f 5540 5543 5447
f 5453 5447 5543
f 5447 5453 5445
f 5543 5542 5545
f 5457 5543 5545
f 5457 5454 5543
f 5543 5454 5453
f 5544 5448 5545
f 5456 5545 5448
f 5545 5456 5457
f 5449 5448 5442
f 5456 5448 5449
f 5462 5463 5474
f 5459 5466 5464
f 5466 5546 5464
f 5464 5547 5463
f 5464 5546 5547
f 5466 5465 5546
f 5462 5474 5473
f 5482 5471 5473
f 5474 5463 5547
f 5548 5474 5547
f 5473 5474 5549
f 5474 5548 5549
f 5547 5546 5550
f 5547 5550 5548
f 5476 5546 5465
f 5476 5551 5546
f 5546 5551 5550
f 5475 5484 5476
f 5551 5476 5484
f 5471 5482 5481
f 5481 5552 5480
f 5473 5549 5482
f 5482 5549 5553
f 5481 5482 5553
f 5549 5548 5554
f 5549 5554 5553
f 5484 5483 5557
f 5558 5484 5557
f 5551 5484 5558
f 5477 5489 5488
f 5489 5559 5488
f 5488 5559 5486
f 5490 5489 5479
f 5490 5560 5489
f 5489 5560 5559
f 5480 5552 5490
f 5561 5490 5552
f 5560 5490 5562
f 5490 5561 5562
f 5552 5481 5553
f 5563 5552 5553
f 5561 5552 5563
f 5553 5564 5563
f 5557 5483 5491
f 5557 5491 5566
f 5567 5558 5557
f 5567 5557 5566
f 5485 5495 5491
f 5566 5491 5495
f 5493 5486 5559
f 5493 5559 5568
f 5568 5499 5493
f 5499 5492 5493
f 5559 5569 5568
f 5570 5569 5559
f 5570 5559 5560
f 5570 5560 5562
f 5570 5562 5569
f 5562 5561 5571
f 5572 5571 5561
f 5572 5561 5563
f 5572 5563 5573
f 5572 5573 5571
f 5574 5573 5563
f 5574 5563 5564
f 5574 5564 5575
f 5574 5575 5573
f 5576 5566 5495
f 5577 5566 5576
f 5494 5497 5495
f 5495 5497 5578
f 5576 5495 5578
f 5499 5568 5579
f 5579 5503 5499
f 5499 5503 5498
f 5580 5579 5568
f 5580 5568 5569
f 5580 5569 5581
f 5580 5581 5579
f 5583 5571 5584
f 5585 5584 5571
f 5585 5571 5573
f 5585 5573 5586
f 5585 5586 5584
f 5578 5497 5501
f 5588 5578 5501
f 5589 5578 5588
f 5578 5589 5576
f 5500 5588 5501
f 5503 5579 5590
f 5590 5506 5503
f 5506 5502 5503
f 5591 5590 5579
f 5591 5579 5581
f 5591 5581 5592
f 5591 5592 5590
f 5596 5586 5597
f 5596 5597 5595
f 5504 5588 5500
f 5600 5504 5599
f 5601 5600 5589
f 5601 5589 5588
f 5601 5588 5504
f 5601 5504 5600
f 5506 5590 5602
f 5506 5602 5510
f 5510 5602 5603
f 5602 5590 5592
f 5602 5592 5603
f 5604 5605 5603
f 5606 5603 5592
f 5606 5592 5607
f 5606 5607 5604
f 5606 5604 5603
f 5608 5609 5604
f 5610 5604 5607
f 5610 5607 5595
f 5610 5595 5608
f 5610 5608 5604
f 5612 5608 5595
f 5612 5595 5597
f 5612 5597 5611
f 5612 5611 5608
f 5613 5611 5597
f 5613 5597 5614
f 5613 5614 5615
f 5613 5615 5611
f 5617 5600 5599
f 5619 5617 5618
f 5620 5600 5617
f 5620 5617 5619
f 5599 5504 5507
f 5599 5507 5514
f 5617 5599 5514
f 5510 5508 5506
f 5603 5605 5510
f 5510 5605 5509
f 5605 5604 5609
f 5517 5605 5609
f 5605 5517 5509
f 5519 5609 5621
f 5621 5609 5608
f 5609 5519 5517
f 5622 5621 5623
f 5621 5611 5623
f 5622 5521 5621
f 5621 5521 5519
f 5621 5608 5611
f 5622 5623 5522
f 5522 5623 5624
f 5623 5611 5615
f 5623 5615 5624
f 5626 5624 5625
f 5627 5624 5615
f 5627 5615 5628
f 5627 5628 5625
f 5627 5625 5624
f 5630 5625 5628
f 5630 5628 5631
f 5630 5631 5629
f 5630 5629 5625
f 5633 5629 5631
f 5633 5631 5619
f 5633 5619 5632
f 5633 5632 5629
f 5617 5514 5618
f 5618 5514 5513
f 5513 5632 5618
f 5618 5632 5619
f 5622 5522 5521
f 5521 5522 5520
f 5624 5626 5522
f 5526 5522 5626
f 5520 5522 5526
f 5634 5626 5635
f 5635 5626 5625
f 5634 5529 5626
f 5626 5529 5526
f 5635 5629 5636
f 5636 5530 5635
f 5634 5635 5530
f 5635 5625 5629
f 5537 5632 5513
f 5537 5532 5632
f 5532 5636 5632
f 5632 5636 5629
f 5523 5537 5513
f 5634 5530 5529
f 5529 5530 5528
f 5636 5532 5530
f 5530 5532 5531
f 5532 5537 5533
f 5550 5555 5548
f 5551 5556 5550
f 5548 5555 5554
f 5565 5553 5554
f 5550 5556 5555
f 5556 5637 5555
f 5637 5638 5555
f 5554 5555 5638
f 5551 5558 5556
f 5558 5639 5556
f 5637 5556 5639
f 5553 5565 5564
f 5554 5638 5565
f 5640 5565 5638
f 5640 5641 5565
f 5564 5565 5641
f 5638 5637 5639
f 5638 5639 5642
f 5640 5638 5643
f 5643 5638 5642
f 5639 5558 5567
f 5644 5639 5567
f 5639 5644 5642
f 5566 5577 5567
f 5577 5644 5567
f 5562 5582 5569
f 5583 5562 5571
f 5564 5641 5575
f 5575 5587 5573
f 5641 5640 5643
f 5645 5641 5643
f 5641 5645 5646
f 5575 5641 5646
f 5645 5643 5648
f 5648 5643 5647
f 5643 5642 5647
f 5644 5577 5642
f 5577 5649 5642
f 5649 5650 5647
f 5642 5649 5647
f 5576 5651 5577
f 5649 5577 5651
f 5569 5582 5581
f 5562 5583 5582
f 5583 5652 5582
f 5652 5593 5582
f 5593 5581 5582
f 5584 5594 5583
f 5594 5652 5583
f 5573 5587 5586
f 5596 5584 5586
f 5575 5646 5587
f 5653 5587 5646
f 5653 5598 5587
f 5598 5586 5587
f 5646 5645 5648
f 5654 5646 5648
f 5646 5654 5655
f 5653 5646 5655
f 5654 5648 5657
f 5648 5656 5657
f 5648 5647 5656
f 5650 5649 5651
f 5658 5650 5651
f 5650 5658 5659
f 5656 5650 5659
f 5650 5656 5647
f 5651 5576 5589
f 5651 5589 5660
f 5658 5651 5660
f 5581 5593 5592
f 5652 5594 5593
f 5594 5607 5593
f 5592 5593 5607
f 5584 5596 5594
f 5594 5596 5595
f 5607 5594 5595
f 5586 5598 5597
f 5653 5655 5598
f 5614 5598 5655
f 5597 5598 5614
f 5655 5654 5657
f 5661 5655 5657
f 5661 5616 5655
f 5614 5655 5616
f 5661 5657 5663
f 5662 5663 5657
f 5657 5656 5662
f 5659 5658 5660
f 5664 5659 5660
f 5659 5664 5665
f 5659 5665 5662
f 5659 5662 5656
f 5660 5589 5600
f 5660 5600 5620
f 5664 5660 5620
f 5614 5616 5615
f 5661 5663 5616
f 5628 5616 5663
f 5616 5628 5615
f 5663 5662 5665
f 5631 5663 5665
f 5663 5631 5628
f 5664 5620 5665
f 5665 5620 5619
f 5665 5619 5631
