# this file was generated by MTVT
v -0.280088 -0.200121 -0.560141
v -0.321371 -0.163379 -0.565236
v -0.317049 -0.196535 -0.555031
v -0.287366 -0.170056 -0.574182
v -0.275637 -0.151576 -0.581410
v -0.248086 -0.168301 -0.572156
v -0.235976 -0.196911 -0.554040
v -0.193472 -0.155755 -0.552731
v -0.327139 -0.131515 -0.572319
v -0.359494 -0.108181 -0.557768
v -0.316286 -0.109480 -0.582356
v -0.300604 -0.140604 -0.580604
v -0.272359 -0.111294 -0.588233
v -0.240000 -0.138052 -0.578052
v -0.240000 -0.111212 -0.582032
v -0.204333 -0.123087 -0.566072
v -0.360873 -0.082572 -0.563854
v -0.337175 -0.088107 -0.577175
v -0.312584 -0.070574 -0.587242
v -0.272602 -0.071584 -0.589070
v -0.240000 -0.070494 -0.581834
v -0.213713 -0.086798 -0.573713
v -0.195100 -0.081526 -0.565492
v -0.362170 -0.045667 -0.568208
v -0.339092 -0.059092 -0.579092
v -0.341794 -0.031501 -0.581794
v -0.313127 -0.031757 -0.588743
v -0.276559 -0.034607 -0.588451
v -0.240000 -0.040000 -0.577682
v -0.192006 -0.035483 -0.551277
v -0.366107 -0.011004 -0.571153
v -0.383860 0.002937 -0.554253
v -0.353333 0.003464 -0.582947
v -0.314277 0.007094 -0.590602
v -0.280000 0.006619 -0.586723
v -0.260557 -0.020557 -0.580557
v -0.244389 -0.006106 -0.573070
v -0.204832 0.000648 -0.555676
v -0.361611 0.033324 -0.568620
v -0.341766 0.040000 -0.581766
v -0.314474 0.047337 -0.590719
v -0.280000 0.048026 -0.585255
v -0.258618 0.021382 -0.578618
v -0.259497 0.049699 -0.579497
v -0.240000 0.034429 -0.571302
v -0.195693 0.043000 -0.553692
v -0.359445 0.081572 -0.557871
v -0.336519 0.071013 -0.576519
v -0.312414 0.080000 -0.583725
v -0.280000 0.080000 -0.582208
v -0.244705 0.073323 -0.575087
v -0.200382 0.079751 -0.560489
v -0.322566 0.111859 -0.570969
v -0.291436 0.106148 -0.577301
v -0.249302 0.109303 -0.573742
v -0.205470 0.114056 -0.568002
v -0.161397 0.121359 -0.561671
v -0.320203 0.159442 -0.560744
v -0.284666 0.154213 -0.567304
v -0.244722 0.154221 -0.567400
v -0.201893 0.157652 -0.563838
v -0.157594 0.162250 -0.556084
v -0.281314 0.200491 -0.562434
v -0.242756 0.196665 -0.564369
v -0.199856 0.199185 -0.559751
v -0.240801 0.239405 -0.562445
v -0.268234 0.241237 -0.558385
v -0.202034 0.240742 -0.562836
v -0.283908 -0.243910 -0.526139
v -0.319714 -0.239169 -0.518234
v -0.244909 -0.243985 -0.526772
v -0.219169 -0.240000 -0.520000
v -0.360271 -0.201539 -0.522932
v -0.334657 -0.214657 -0.534657
v -0.363561 -0.243914 -0.488269
v -0.342315 -0.192126 -0.542315
v -0.310687 -0.219523 -0.539523
v -0.271427 -0.223189 -0.543189
v -0.240000 -0.220351 -0.540351
v -0.206428 -0.206682 -0.533478
v -0.198031 -0.235760 -0.513885
v -0.156200 -0.190869 -0.513991
v -0.363491 -0.165138 -0.530645
v -0.167375 -0.172191 -0.532191
v -0.160000 -0.150995 -0.538588
v -0.110055 -0.155135 -0.509052
v -0.366957 -0.138460 -0.538460
v -0.399784 -0.118266 -0.517785
v -0.379418 -0.110606 -0.539418
v -0.160000 -0.114311 -0.548301
v -0.128743 -0.122341 -0.531134
v -0.401574 -0.084917 -0.527677
v -0.385436 -0.073091 -0.545436
v -0.160000 -0.071239 -0.544750
v -0.129827 -0.087916 -0.531906
v -0.411324 -0.052674 -0.525967
v -0.437792 -0.033048 -0.510362
v -0.160000 -0.040000 -0.537356
v -0.122445 -0.039227 -0.514775
v -0.406269 -0.009639 -0.533227
v -0.437463 0.008994 -0.507946
v -0.186204 0.005730 -0.546204
v -0.160000 -0.006506 -0.531974
v -0.139504 -0.008599 -0.520000
v -0.404594 0.028843 -0.533433
v -0.434029 0.042386 -0.508213
v -0.393265 0.043606 -0.541658
v -0.160000 0.024492 -0.535508
v -0.160000 0.048751 -0.540387
v -0.110937 0.043918 -0.509893
v -0.401990 0.072675 -0.529699
v -0.382110 0.089376 -0.542109
v -0.153341 0.088874 -0.548262
v -0.128028 0.072540 -0.530806
v -0.102051 0.080000 -0.520000
v -0.401496 0.114909 -0.526806
v -0.379324 0.120000 -0.539324
v -0.354661 0.127349 -0.550197
v -0.120000 0.103008 -0.536992
v -0.120000 0.128911 -0.542910
v -0.082001 0.119353 -0.518777
v -0.401362 0.155752 -0.525822
v -0.378646 0.141354 -0.538646
v -0.379107 0.169857 -0.539107
v -0.352775 0.169149 -0.547424
v -0.120000 0.160000 -0.541141
v -0.076804 0.164353 -0.514900
v -0.402227 0.194239 -0.528226
v -0.381237 0.209519 -0.541237
v -0.354093 0.207566 -0.549982
v -0.316384 0.204516 -0.554085
v -0.153385 0.206892 -0.550663
v -0.120000 0.190723 -0.537365
v -0.070268 0.202622 -0.507958
v -0.402075 0.233523 -0.529143
v -0.381467 0.240000 -0.541467
v -0.353244 0.249157 -0.548061
v -0.314698 0.246581 -0.551320
v -0.153629 0.247054 -0.550542
v -0.120000 0.221037 -0.538963
v -0.120000 0.249911 -0.539428
v -0.077181 0.242145 -0.516030
v -0.400089 0.279657 -0.520469
v -0.377236 0.270863 -0.537236
v -0.353118 0.280000 -0.544127
v -0.312115 0.290554 -0.546819
v -0.274597 0.287112 -0.550902
v -0.237638 0.283006 -0.556079
v -0.197070 0.283498 -0.555396
v -0.152837 0.288018 -0.549729
v -0.120000 0.289831 -0.541614
v -0.080957 0.279716 -0.521429
v -0.361250 0.315120 -0.527100
v -0.340881 0.299119 -0.540881
v -0.336694 0.320000 -0.536694
v -0.311450 0.320000 -0.541541
v -0.272917 0.320000 -0.544625
v -0.234119 0.327754 -0.550071
v -0.194335 0.326883 -0.551285
v -0.156634 0.326032 -0.548196
v -0.120000 0.320000 -0.539689
v -0.084276 0.316031 -0.525878
v -0.321243 0.355787 -0.525872
v -0.290574 0.352093 -0.533932
v -0.271410 0.340429 -0.539571
v -0.259738 0.360000 -0.539738
v -0.232661 0.360000 -0.544160
v -0.194264 0.360000 -0.549036
v -0.160000 0.360000 -0.544101
v -0.141669 0.338331 -0.541669
v -0.124363 0.352648 -0.534729
v -0.081709 0.358626 -0.523219
v -0.039958 0.360436 -0.518201
v -0.281421 0.398477 -0.519747
v -0.247225 0.390118 -0.532430
v -0.208493 0.380562 -0.539438
v -0.206498 0.400000 -0.533516
v -0.170118 0.387939 -0.534461
v -0.121521 0.399104 -0.521894
v -0.077539 0.403434 -0.515305
v -0.000671 0.399214 -0.520333
v -0.240000 0.422264 -0.520000
v -0.197090 0.444113 -0.514434
v -0.151965 0.419853 -0.520000
v -0.154632 0.446880 -0.511245
v 0.197272 -0.402744 -0.484630
v 0.161610 -0.397213 -0.475229
v 0.229927 -0.410506 -0.484493
v 0.243273 -0.426627 -0.474532
v 0.274353 -0.404698 -0.487879
v 0.314912 -0.404485 -0.487313
v 0.358326 -0.400754 -0.481507
v 0.159446 -0.363263 -0.483096
v 0.193173 -0.371455 -0.495062
v 0.209644 -0.348575 -0.503816
v 0.221987 -0.378013 -0.498013
v 0.249560 -0.381184 -0.501184
v 0.246585 -0.352676 -0.509582
v 0.280000 -0.379141 -0.499141
v 0.288906 -0.350234 -0.506502
v 0.311292 -0.377349 -0.497349
v 0.320000 -0.351362 -0.501732
v 0.353407 -0.367109 -0.489941
v 0.395681 -0.356227 -0.474269
v 0.155139 -0.326289 -0.488679
v 0.137851 -0.342149 -0.480000
v 0.121359 -0.316956 -0.475892
v 0.181385 -0.328949 -0.498615
v 0.207434 -0.310506 -0.507175
v 0.243304 -0.316239 -0.514930
v 0.283561 -0.316098 -0.514831
v 0.320000 -0.312682 -0.505329
v 0.350599 -0.327865 -0.496638
v 0.397332 -0.320412 -0.478049
v -0.287063 -0.283084 -0.488751
v -0.319568 -0.278791 -0.476709
v -0.247960 -0.294674 -0.489909
v -0.234437 -0.315834 -0.469126
v -0.234092 -0.271622 -0.507366
v -0.208063 -0.283666 -0.489260
v 0.154867 -0.286782 -0.489173
v 0.121099 -0.277468 -0.476681
v 0.181359 -0.289389 -0.498641
v 0.208776 -0.268763 -0.505169
v 0.243991 -0.275289 -0.513943
v 0.286366 -0.272897 -0.511098
v 0.320000 -0.270465 -0.502631
v 0.349350 -0.291715 -0.495092
v 0.397079 -0.277955 -0.473136
v 0.381870 -0.271021 -0.480000
v -0.384255 -0.236811 -0.472336
v -0.336980 -0.256980 -0.496980
v -0.311803 -0.262168 -0.502168
v -0.200000 -0.261745 -0.501745
v -0.162710 -0.245215 -0.485013
v -0.177531 -0.240000 -0.497531
v 0.119871 -0.240636 -0.480401
v 0.153592 -0.246159 -0.491273
v 0.181950 -0.258050 -0.498050
v 0.206676 -0.240000 -0.505692
v 0.242852 -0.231661 -0.506254
v 0.289520 -0.240000 -0.503531
v 0.320000 -0.240000 -0.497120
v 0.357926 -0.241112 -0.482322
v -0.375240 -0.215240 -0.495240
v -0.399265 -0.194997 -0.470768
v -0.380567 -0.191300 -0.500567
v -0.160000 -0.218563 -0.498563
v -0.118086 -0.199325 -0.478310
v 0.072979 -0.207234 -0.481833
v 0.081971 -0.237255 -0.477077
v 0.040304 -0.198561 -0.479000
v 0.113285 -0.208081 -0.491571
v 0.150815 -0.211112 -0.495699
v 0.191012 -0.209565 -0.498286
v 0.220437 -0.219563 -0.499563
v 0.232499 -0.200000 -0.494090
v 0.259249 -0.220751 -0.500751
v 0.274506 -0.200000 -0.490602
v 0.280000 -0.217875 -0.497874
v 0.313876 -0.204163 -0.487104
v 0.344648 -0.215353 -0.480000
v -0.402104 -0.163769 -0.489213
v -0.120000 -0.177457 -0.497457
v -0.084518 -0.170399 -0.486381
v -0.080000 -0.151153 -0.497697
v -0.039785 -0.159721 -0.480417
v -0.004714 -0.164287 -0.481221
v 0.005272 -0.189164 -0.478388
v 0.037400 -0.163079 -0.484245
v 0.075344 -0.165655 -0.487693
v 0.111869 -0.170734 -0.494394
v 0.154785 -0.162642 -0.486181
v 0.200387 -0.164500 -0.475727
v 0.231413 -0.177838 -0.480000
v 0.289156 -0.180383 -0.480000
v 0.263488 -0.176512 -0.480000
v -0.407350 -0.139400 -0.499400
v -0.439336 -0.115455 -0.471493
v -0.419997 -0.110872 -0.499997
v -0.080000 -0.114044 -0.507923
v -0.046670 -0.126505 -0.489242
v 0.001801 -0.117676 -0.476661
v 0.040301 -0.119770 -0.480282
v 0.079683 -0.120332 -0.480603
v 0.119672 -0.120291 -0.479574
v 0.142843 -0.137157 -0.480000
v -0.442774 -0.084961 -0.486295
v -0.080000 -0.080000 -0.506470
v -0.046864 -0.083127 -0.487710
v -0.019849 -0.099849 -0.480000
v -0.455097 -0.046782 -0.495097
v -0.471532 -0.034886 -0.474606
v -0.101971 -0.040000 -0.501971
v -0.080000 -0.048049 -0.492751
v -0.037175 -0.038849 -0.472799
v -0.456273 -0.008189 -0.496273
v -0.477996 0.009648 -0.465968
v -0.120000 0.005560 -0.507633
v -0.081170 -0.000991 -0.481361
v -0.453195 0.033116 -0.493195
v -0.477791 0.049247 -0.466653
v -0.097935 0.022065 -0.497935
v -0.080000 0.035367 -0.490466
v -0.060595 0.040000 -0.480000
v -0.449143 0.075210 -0.489143
v -0.477568 0.087868 -0.468190
v -0.440000 0.060358 -0.499641
v -0.434138 0.082966 -0.502656
v -0.080000 0.059267 -0.500733
v -0.080000 0.084633 -0.509699
v -0.033071 0.084199 -0.471678
v -0.444490 0.111916 -0.492168
v -0.477485 0.127628 -0.469124
v -0.038178 0.120571 -0.477889
v 0.078424 0.116268 -0.485325
v 0.081353 0.081458 -0.478925
v 0.117849 0.118632 -0.482853
v -0.444680 0.149220 -0.493163
v -0.477057 0.170858 -0.465647
v -0.433535 0.163153 -0.501867
v -0.065859 0.134141 -0.505859
v -0.061318 0.160000 -0.501318
v -0.037121 0.158415 -0.482452
v 0.075732 0.154275 -0.487955
v 0.061643 0.141643 -0.480000
v 0.040560 0.162087 -0.477658
v 0.114296 0.153370 -0.489073
v 0.160088 0.159985 -0.479792
v -0.446058 0.190946 -0.492566
v -0.465040 0.203502 -0.472768
v -0.040000 0.195084 -0.490544
v -0.002209 0.196972 -0.483582
v 0.035291 0.194429 -0.488014
v 0.017772 0.177772 -0.480000
v 0.075304 0.194005 -0.488464
v 0.113907 0.192759 -0.489687
v 0.157784 0.198081 -0.483693
v -0.440938 0.235692 -0.486070
v -0.424230 0.249135 -0.504230
v -0.040000 0.221395 -0.498605
v -0.026243 0.245530 -0.502545
v -0.007039 0.229921 -0.494028
v 0.034627 0.230219 -0.495488
v 0.073297 0.232098 -0.490808
v 0.120001 0.239556 -0.480943
v 0.161015 0.240931 -0.478384
v -0.433911 0.283165 -0.464330
v -0.417577 0.280000 -0.497577
v -0.033952 0.286834 -0.510455
v 0.009947 0.259535 -0.500465
v 0.009407 0.290643 -0.505501
v 0.040000 0.286922 -0.505722
v 0.072352 0.271706 -0.491524
v 0.119895 0.279964 -0.480130
v -0.401237 0.319211 -0.482820
v -0.385407 0.320000 -0.505407
v -0.036415 0.324325 -0.514110
v 0.005608 0.326108 -0.511814
v 0.040000 0.325566 -0.508806
v 0.066268 0.313812 -0.493732
v 0.084628 0.318791 -0.484973
v 0.097661 0.297661 -0.480000
v -0.373281 0.351600 -0.493281
v -0.397027 0.369175 -0.466868
v -0.354643 0.360000 -0.504284
v 0.002334 0.362518 -0.516865
v 0.040000 0.366765 -0.507853
v 0.083353 0.362989 -0.476601
v -0.358543 0.403950 -0.474688
v -0.337717 0.382283 -0.497717
v -0.330463 0.400000 -0.490463
v -0.312818 0.400000 -0.501052
v -0.036240 0.404906 -0.513952
v 0.040000 0.400000 -0.505181
v 0.074304 0.396549 -0.478026
v -0.320000 0.415655 -0.480000
v -0.281742 0.438019 -0.478766
v -0.258707 0.440000 -0.498707
v -0.230982 0.447078 -0.507944
v -0.116573 0.448826 -0.504923
v -0.073075 0.440000 -0.505606
v -0.034408 0.440000 -0.508588
v 0.000000 0.440000 -0.512391
v 0.023039 0.440000 -0.496961
v 0.041090 0.442964 -0.482979
v 0.061840 0.421840 -0.480000
v -0.236640 0.481894 -0.472193
v -0.213812 0.480000 -0.493812
v -0.190982 0.480000 -0.500771
v -0.160000 0.480000 -0.501015
v -0.129434 0.480000 -0.497270
v -0.088094 0.464447 -0.495553
v -0.082576 0.484434 -0.486268
v -0.040702 0.479565 -0.480870
v 0.002671 0.478471 -0.475646
v 0.026237 0.466237 -0.480000
v -0.197522 0.516496 -0.469954
v -0.159441 0.520642 -0.479474
v -0.118202 0.517913 -0.476378
v -0.098929 0.501072 -0.480000
v 0.196206 -0.442104 -0.450041
v 0.160327 -0.439033 -0.437507
v 0.232334 -0.448978 -0.451403
v 0.251340 -0.462238 -0.437342
v 0.274297 -0.451216 -0.451216
v 0.286759 -0.474893 -0.428134
v 0.286647 -0.432876 -0.468643
v 0.312992 -0.454271 -0.454271
v 0.324504 -0.477053 -0.432908
v 0.326682 -0.432770 -0.469104
v 0.352363 -0.455727 -0.455727
v 0.363708 -0.478659 -0.435281
v 0.369078 -0.430634 -0.466445
v 0.393547 -0.452786 -0.452786
v 0.400000 -0.475635 -0.428031
v 0.400000 -0.431834 -0.461098
v 0.437807 -0.436740 -0.433365
v 0.112153 -0.407544 -0.444607
v 0.123563 -0.422841 -0.431342
v 0.080678 -0.396856 -0.434131
v 0.145181 -0.414819 -0.454819
v 0.168975 -0.420115 -0.460115
v 0.400000 -0.394296 -0.468396
v 0.437197 -0.400436 -0.442988
v 0.071406 -0.369154 -0.443730
v 0.041776 -0.355977 -0.433892
v 0.111159 -0.380960 -0.460960
v 0.098776 -0.351145 -0.461224
v 0.123884 -0.354901 -0.472814
v 0.435644 -0.362446 -0.444591
v -0.249447 -0.324936 -0.449595
v -0.279765 -0.319297 -0.437950
v -0.206867 -0.331941 -0.447674
v -0.193167 -0.353862 -0.427829
v -0.193955 -0.311754 -0.467024
v -0.165720 -0.321999 -0.445062
v -0.000121 -0.320442 -0.440601
v 0.038041 -0.322163 -0.442746
v 0.073564 -0.329889 -0.453537
v 0.083586 -0.308315 -0.460761
v 0.435354 -0.321483 -0.444697
v -0.359662 -0.283888 -0.446571
v -0.327867 -0.295341 -0.450691
v -0.324418 -0.325044 -0.405596
v -0.297564 -0.297564 -0.457564
v -0.273479 -0.304791 -0.464791
v -0.160000 -0.300030 -0.460030
v -0.153727 -0.272061 -0.469569
v -0.123981 -0.282515 -0.445447
v -0.079057 -0.277881 -0.438008
v -0.049172 -0.289546 -0.443104
v -0.035366 -0.304581 -0.438261
v -0.006238 -0.288812 -0.452306
v 0.012574 -0.276023 -0.460117
v 0.033703 -0.293033 -0.453033
v 0.048901 -0.271192 -0.460531
v 0.062539 -0.297461 -0.457461
v 0.087025 -0.270917 -0.467490
v 0.434594 -0.283484 -0.437800
v -0.400106 -0.240603 -0.441531
v -0.379325 -0.259325 -0.459325
v -0.120000 -0.256409 -0.456409
v -0.120000 -0.233809 -0.465109
v -0.087420 -0.247817 -0.451470
v -0.047117 -0.250524 -0.454532
v -0.036007 -0.228728 -0.461035
v -0.020089 -0.260089 -0.460089
v 0.005268 -0.233984 -0.471443
v 0.045078 -0.233961 -0.471326
v 0.400000 -0.240000 -0.463052
v 0.424438 -0.255562 -0.440000
v 0.418117 -0.232425 -0.440000
v -0.411713 -0.208082 -0.449961
v -0.438118 -0.192689 -0.427933
v -0.100841 -0.220841 -0.460842
v -0.080000 -0.217209 -0.457209
v -0.071584 -0.190803 -0.466422
v -0.059490 -0.219490 -0.459490
v -0.033972 -0.192673 -0.469644
v 0.360000 -0.200000 -0.468894
v 0.396483 -0.197988 -0.444074
v -0.417463 -0.177463 -0.457462
v -0.439758 -0.158386 -0.436709
v 0.245293 -0.160000 -0.469291
v 0.285941 -0.160000 -0.469515
v 0.320000 -0.160000 -0.465825
v 0.345557 -0.160000 -0.454443
v 0.360000 -0.177634 -0.457634
v 0.364266 -0.147959 -0.441152
v 0.387861 -0.172139 -0.440000
v -0.445839 -0.131268 -0.450712
v 0.160000 -0.120000 -0.467213
v 0.185549 -0.120000 -0.454451
v 0.207419 -0.141713 -0.461713
v 0.206648 -0.110379 -0.441741
v 0.234032 -0.120000 -0.451293
v 0.240000 -0.139384 -0.459384
v 0.272281 -0.136416 -0.456416
v 0.276096 -0.120000 -0.447958
v 0.312976 -0.125227 -0.448139
v 0.355138 -0.124862 -0.435124
v -0.458884 -0.098884 -0.458884
v -0.479698 -0.076538 -0.434400
v 0.005083 -0.073266 -0.471517
v 0.042806 -0.076589 -0.475739
v 0.082574 -0.074546 -0.469813
v 0.120000 -0.080000 -0.465142
v 0.131952 -0.108048 -0.468048
v 0.158835 -0.079937 -0.441736
v 0.184565 -0.095435 -0.440000
v 0.240000 -0.099952 -0.440000
v 0.287976 -0.102732 -0.440000
v 0.262595 -0.097405 -0.440000
v -0.480960 -0.044465 -0.447924
v 0.007914 -0.040000 -0.463171
v 0.050247 -0.027448 -0.464018
v 0.080000 -0.031391 -0.464098
v 0.113884 -0.043854 -0.446702
v 0.139034 -0.060966 -0.440000
v -0.488515 -0.005094 -0.445899
v -0.480000 -0.021264 -0.461264
v -0.040000 0.007550 -0.463769
v -0.022630 -0.022630 -0.462630
v -0.003276 -0.006415 -0.451860
v 0.019249 -0.020751 -0.460751
v 0.032251 0.000000 -0.457726
v 0.060607 0.000000 -0.459393
v 0.080000 0.009338 -0.459872
v 0.115212 0.001052 -0.434389
v -0.489705 0.034125 -0.446725
v -0.040000 0.045219 -0.468250
v -0.010003 0.029554 -0.454089
v 0.023503 0.031982 -0.456497
v 0.048854 0.018594 -0.461406
v 0.045571 0.052371 -0.462888
v 0.086584 0.049295 -0.466881
v 0.111757 0.036418 -0.449691
v -0.492174 0.072623 -0.445846
v -0.015827 0.064173 -0.455827
v 0.000000 0.075066 -0.449536
v 0.021779 0.070662 -0.458221
v 0.047155 0.089375 -0.466818
v 0.120000 0.059196 -0.460804
v 0.125660 0.087216 -0.470668
v 0.150943 0.077727 -0.450436
v -0.493525 0.113408 -0.453525
v -0.517736 0.131126 -0.423259
v 0.000000 0.106041 -0.453959
v 0.004297 0.126310 -0.458624
v 0.019815 0.099815 -0.460185
v 0.045071 0.126274 -0.471178
v 0.160000 0.103915 -0.456084
v 0.160000 0.126016 -0.464841
v 0.197190 0.116724 -0.444052
v 0.242936 0.123014 -0.435432
v -0.495686 0.152527 -0.455686
v -0.516587 0.162228 -0.430581
v 0.003805 0.164446 -0.473605
v 0.180184 0.140184 -0.459816
v 0.200000 0.147577 -0.452423
v 0.200000 0.168452 -0.460685
v 0.239128 0.159700 -0.441201
v -0.491935 0.193706 -0.451935
v -0.505773 0.207376 -0.430252
v 0.200000 0.205884 -0.468749
v 0.230382 0.197341 -0.451712
v -0.479798 0.243089 -0.436677
v -0.460800 0.240000 -0.460800
v 0.200000 0.248256 -0.465130
v 0.236058 0.238312 -0.444092
v -0.450594 0.274616 -0.447215
v 0.163478 0.287102 -0.466793
v 0.200000 0.280000 -0.459090
v 0.232673 0.275560 -0.437156
v -0.438882 0.324557 -0.433047
v -0.418145 0.320000 -0.458145
v 0.128871 0.320000 -0.464630
v 0.160000 0.320000 -0.456740
v 0.183188 0.303188 -0.456812
v 0.197306 0.318439 -0.447558
v 0.220492 0.300492 -0.440000
v -0.415407 0.351774 -0.455407
v -0.437901 0.367116 -0.429828
v 0.120000 0.350361 -0.457492
v 0.161525 0.361005 -0.438250
v 0.194947 0.350362 -0.438381
v -0.411834 0.393819 -0.451833
v -0.437661 0.407753 -0.428936
v -0.391982 0.400000 -0.460692
v 0.116654 0.400870 -0.444009
v 0.139088 0.379088 -0.440000
v -0.403382 0.431699 -0.450085
v -0.377369 0.422631 -0.457369
v -0.367135 0.440000 -0.455603
v -0.334900 0.440000 -0.454900
v -0.311471 0.440000 -0.460574
v 0.080000 0.413868 -0.466132
v 0.080000 0.440000 -0.455846
v 0.107820 0.427820 -0.440000
v 0.097148 0.446864 -0.440000
v -0.391113 0.458710 -0.440000
v -0.360000 0.462336 -0.440000
v -0.329846 0.459247 -0.440000
v -0.284276 0.473712 -0.437131
v -0.252849 0.480000 -0.452849
v 0.040000 0.480000 -0.459123
v 0.066126 0.466126 -0.453874
v 0.079269 0.479073 -0.437048
v -0.240000 0.498429 -0.440000
v -0.223528 0.520000 -0.433898
v -0.212085 0.520000 -0.452085
v -0.080000 0.520000 -0.461197
v -0.043002 0.522255 -0.445231
v 0.002026 0.519876 -0.435743
v 0.047369 0.499105 -0.440000
v 0.027407 0.507407 -0.440000
v -0.200000 0.540547 -0.440000
v -0.152612 0.557451 -0.428516
v -0.175492 0.544508 -0.440000
v -0.123994 0.554008 -0.437007
v -0.071926 0.539396 -0.440000
v -0.093080 0.546920 -0.440000
v 0.236781 -0.482205 -0.405951
v 0.200336 -0.479269 -0.397923
v 0.273655 -0.490981 -0.404849
v 0.261627 -0.480000 -0.418373
v 0.313719 -0.493217 -0.413217
v 0.327961 -0.507756 -0.391730
v 0.353445 -0.493465 -0.413465
v 0.360000 -0.504120 -0.393230
v 0.395154 -0.486570 -0.403086
v 0.119989 -0.440032 -0.400097
v 0.151752 -0.450820 -0.416096
v 0.165228 -0.476225 -0.390422
v 0.139111 -0.460889 -0.392233
v 0.180953 -0.459047 -0.419047
v 0.207339 -0.464281 -0.424281
v 0.416795 -0.463205 -0.423205
v 0.443275 -0.447235 -0.403281
v -0.002496 -0.402196 -0.403941
v -0.039999 -0.399998 -0.399997
v 0.036471 -0.403797 -0.405820
v 0.071956 -0.411111 -0.415942
v 0.085607 -0.435531 -0.388889
v 0.098985 -0.421015 -0.421015
v 0.453635 -0.426365 -0.392855
v 0.462270 -0.400000 -0.400000
v -0.240708 -0.362963 -0.405763
v -0.207965 -0.370084 -0.414901
v -0.197831 -0.398441 -0.396584
v -0.242858 -0.402841 -0.369582
v -0.166710 -0.373295 -0.413295
v -0.155763 -0.395938 -0.392041
v -0.155462 -0.352062 -0.421645
v -0.130659 -0.370627 -0.403169
v -0.114756 -0.383521 -0.398170
v -0.085321 -0.366376 -0.409221
v -0.077185 -0.397575 -0.395522
v -0.046547 -0.369269 -0.412837
v -0.027915 -0.355962 -0.419995
v -0.007417 -0.375404 -0.415404
v 0.006528 -0.352278 -0.428619
v 0.020328 -0.379672 -0.419672
v 0.046319 -0.384906 -0.424906
v 0.465464 -0.367549 -0.400000
v -0.359533 -0.318614 -0.395926
v -0.287773 -0.335731 -0.411105
v -0.275340 -0.355857 -0.390874
v -0.260367 -0.340367 -0.420367
v -0.120000 -0.337060 -0.417060
v -0.111206 -0.310681 -0.426408
v -0.087840 -0.336177 -0.416177
v -0.073512 -0.312295 -0.428691
v -0.059623 -0.339623 -0.419623
v 0.466923 -0.326589 -0.400000
v -0.400489 -0.282114 -0.405501
v -0.375497 -0.295497 -0.415497
v -0.392436 -0.303506 -0.387949
v -0.352464 -0.302595 -0.422595
v 0.463093 -0.296907 -0.400000
v 0.458429 -0.272183 -0.400000
v -0.407952 -0.260167 -0.420167
v -0.432843 -0.267886 -0.385878
v -0.439972 -0.239771 -0.399642
v -0.424392 -0.233316 -0.424392
v 0.440000 -0.264766 -0.424765
v 0.443313 -0.227530 -0.398967
v -0.444596 -0.208834 -0.408357
v 0.428156 -0.209236 -0.407310
v -0.453489 -0.166341 -0.413489
v -0.478180 -0.153288 -0.388425
v 0.400000 -0.160000 -0.420081
v 0.420173 -0.179826 -0.400000
v 0.411244 -0.154029 -0.391387
v -0.480311 -0.122329 -0.404183
v -0.459407 -0.139407 -0.419407
v -0.466078 -0.120000 -0.426077
v 0.392895 -0.129226 -0.405728
v -0.484860 -0.091198 -0.411645
v 0.206378 -0.080000 -0.426518
v 0.249800 -0.067472 -0.424673
v 0.283302 -0.072793 -0.427220
v 0.320000 -0.080000 -0.424318
v 0.359082 -0.079425 -0.401184
v 0.380551 -0.099449 -0.400000
v -0.495542 -0.047926 -0.410977
v -0.499640 -0.027309 -0.395585
v 0.160000 -0.040000 -0.411589
v 0.193494 -0.040000 -0.412455
v 0.209006 -0.059806 -0.419806
v 0.232076 -0.040000 -0.416467
v 0.271675 -0.040000 -0.417347
v 0.312030 -0.050519 -0.412544
v 0.343679 -0.056321 -0.400000
v -0.495774 -0.007800 -0.415774
v -0.504505 0.009148 -0.389104
v 0.139137 0.007659 -0.420863
v 0.160000 -0.004198 -0.408282
v 0.195346 -0.005426 -0.407124
v 0.229665 -0.012828 -0.416893
v 0.270126 -0.012392 -0.416560
v 0.314818 -0.004105 -0.407124
v -0.498407 0.021593 -0.418407
v -0.509066 0.046226 -0.392376
v -0.501398 0.048601 -0.421398
v 0.160000 0.025693 -0.414307
v 0.164093 0.047729 -0.420206
v 0.192337 0.025471 -0.414529
v 0.191536 0.044494 -0.417808
v 0.232798 0.025288 -0.414712
v 0.226145 0.052427 -0.418860
v 0.271302 0.029085 -0.414844
v 0.318017 0.040757 -0.402312
v -0.519616 0.084268 -0.388943
v -0.505705 0.080000 -0.425705
v 0.203894 0.084175 -0.434175
v 0.240000 0.085651 -0.427713
v 0.272615 0.069226 -0.414502
v 0.258704 0.088598 -0.421296
v 0.318211 0.080153 -0.398415
v -0.522980 0.112120 -0.408253
v 0.280000 0.102159 -0.417841
v 0.280000 0.129305 -0.421296
v 0.318473 0.129617 -0.398609
v -0.528574 0.154935 -0.406092
v 0.280000 0.168983 -0.421438
v 0.314265 0.158157 -0.406292
v -0.520089 0.198662 -0.401758
v 0.280000 0.200000 -0.425637
v 0.317005 0.202465 -0.394612
v -0.505833 0.247511 -0.389680
v -0.497335 0.240000 -0.417335
v 0.280000 0.222932 -0.417068
v 0.283176 0.245536 -0.406186
v 0.305389 0.225389 -0.400000
v -0.481996 0.278840 -0.404465
v -0.463597 0.289146 -0.423597
v 0.269509 0.269509 -0.400000
v 0.260204 0.287945 -0.400000
v -0.478489 0.326967 -0.389891
v -0.455071 0.320000 -0.415072
v 0.240000 0.298045 -0.421955
v 0.246339 0.323923 -0.403416
v -0.455007 0.352044 -0.415008
v -0.478501 0.368306 -0.388689
v 0.223681 0.360000 -0.416319
v 0.242850 0.368871 -0.398363
v -0.455172 0.392485 -0.415172
v -0.476713 0.402167 -0.390835
v 0.168997 0.400000 -0.423908
v 0.200000 0.370156 -0.429844
v 0.200000 0.400000 -0.418919
v 0.233915 0.396580 -0.397510
v -0.453337 0.433354 -0.413337
v -0.466559 0.440000 -0.394631
v -0.435466 0.440000 -0.427904
v 0.120000 0.440000 -0.426223
v 0.155986 0.441898 -0.404998
v 0.199225 0.425960 -0.400000
v -0.439436 0.478941 -0.401992
v -0.420827 0.459173 -0.420827
v -0.414290 0.480000 -0.414290
v -0.392644 0.480000 -0.423596
v -0.350697 0.480000 -0.422447
v -0.311118 0.480000 -0.420798
v 0.100902 0.480000 -0.419098
v 0.121111 0.482179 -0.400055
v 0.140931 0.460931 -0.400000
v -0.400000 0.497682 -0.400000
v -0.368689 0.504290 -0.400000
v -0.326510 0.509748 -0.397195
v -0.281733 0.517724 -0.398292
v -0.265989 0.494011 -0.425989
v -0.244977 0.520000 -0.413257
v 0.040000 0.520000 -0.426405
v 0.063255 0.520000 -0.416745
v 0.083490 0.528361 -0.398365
v 0.102580 0.502580 -0.400000
v -0.240000 0.539278 -0.400000
v -0.204513 0.557573 -0.410031
v -0.179616 0.560000 -0.419616
v -0.105973 0.560000 -0.425973
v -0.080000 0.560000 -0.419503
v -0.043133 0.562640 -0.405666
v -0.003018 0.563596 -0.406370
v 0.036579 0.554147 -0.398961
v 0.060184 0.540184 -0.400000
v -0.151688 0.576294 -0.400000
v -0.190195 0.569805 -0.400000
v -0.111219 0.577925 -0.400000
v -0.072651 0.574997 -0.400000
v 0.277576 -0.521780 -0.364248
v 0.240024 -0.519960 -0.359891
v 0.314858 -0.523520 -0.369419
v 0.363441 -0.513907 -0.359082
v 0.150066 -0.486576 -0.368059
v 0.120249 -0.479116 -0.358026
v 0.193084 -0.495199 -0.375199
v 0.202841 -0.517979 -0.355194
v 0.220403 -0.499597 -0.379597
v 0.248211 -0.502299 -0.382299
v 0.280000 -0.506385 -0.386385
v 0.384475 -0.495525 -0.375525
v 0.403224 -0.486799 -0.363508
v -0.000085 -0.440163 -0.360492
v 0.037285 -0.441792 -0.365037
v 0.073488 -0.451222 -0.365164
v 0.061871 -0.440000 -0.378129
v 0.112167 -0.457037 -0.377037
v 0.444151 -0.437761 -0.345669
v 0.440000 -0.454013 -0.374014
v -0.267241 -0.398032 -0.356313
v -0.206531 -0.414229 -0.374229
v -0.196124 -0.437596 -0.353517
v -0.168026 -0.415767 -0.375767
v -0.154325 -0.436708 -0.350861
v -0.128626 -0.418392 -0.378392
v -0.116163 -0.438144 -0.353869
v -0.088655 -0.416401 -0.376401
v -0.075557 -0.437829 -0.352507
v -0.057529 -0.417529 -0.377529
v -0.035177 -0.437512 -0.351255
v -0.030689 -0.420509 -0.380509
v 0.007381 -0.424256 -0.384256
v 0.453578 -0.426422 -0.360000
v 0.464507 -0.400000 -0.368152
v -0.287107 -0.369778 -0.371750
v -0.319999 -0.359997 -0.359992
v -0.260562 -0.380562 -0.380562
v 0.471692 -0.365498 -0.366564
v -0.367573 -0.329601 -0.372429
v -0.367725 -0.367308 -0.324074
v -0.399527 -0.318170 -0.353715
v -0.338151 -0.338151 -0.378151
v -0.312524 -0.343573 -0.383573
v 0.475990 -0.322577 -0.363256
v -0.440267 -0.281176 -0.363469
v -0.415310 -0.295310 -0.375310
v -0.421991 -0.301991 -0.352124
v 0.472867 -0.284321 -0.365822
v -0.453117 -0.253117 -0.373117
v -0.462033 -0.262033 -0.352461
v -0.475326 -0.229350 -0.348809
v -0.458929 -0.230605 -0.378929
v 0.464775 -0.255225 -0.368934
v 0.460217 -0.231947 -0.360000
v 0.454489 -0.240000 -0.385511
v -0.480123 -0.200969 -0.361777
v -0.465573 -0.200000 -0.385573
v 0.442382 -0.194319 -0.358425
v -0.484067 -0.169320 -0.369775
v 0.426139 -0.173861 -0.368209
v 0.419620 -0.151776 -0.360000
v -0.497264 -0.137264 -0.367295
v -0.508084 -0.112899 -0.351742
v -0.497569 -0.120000 -0.377569
v 0.410728 -0.113493 -0.351406
v -0.499951 -0.099951 -0.379951
v -0.521643 -0.085847 -0.327426
v -0.501665 -0.070729 -0.381665
v 0.395520 -0.092112 -0.362507
v -0.518427 -0.032291 -0.348713
v 0.360000 -0.040000 -0.378048
v 0.382676 -0.057324 -0.360000
v 0.373916 -0.033204 -0.360000
v -0.518610 0.008563 -0.348098
v 0.362259 -0.002890 -0.365258
v -0.519709 0.043989 -0.353313
v 0.362375 0.037338 -0.365354
v -0.522239 0.072995 -0.367271
v 0.334285 0.087182 -0.385715
v 0.365839 0.082496 -0.356545
v -0.530193 0.113968 -0.367456
v 0.340427 0.120000 -0.379573
v 0.364717 0.122106 -0.357294
v -0.529428 0.154180 -0.367157
v 0.359655 0.158819 -0.360055
v -0.521380 0.200197 -0.359600
v 0.353663 0.196087 -0.356021
v 0.334258 0.174258 -0.385742
v -0.511364 0.245864 -0.353670
v 0.320000 0.240000 -0.383102
v 0.344130 0.224130 -0.360000
v 0.337606 0.247200 -0.360000
v -0.500282 0.295206 -0.353758
v -0.497374 0.280000 -0.377374
v 0.280000 0.280000 -0.382215
v 0.303631 0.263631 -0.376369
v 0.313755 0.277613 -0.357183
v -0.493927 0.312741 -0.370187
v 0.281381 0.324959 -0.359928
v -0.493082 0.352002 -0.367702
v 0.260349 0.340349 -0.379651
v 0.273934 0.356100 -0.356362
v -0.489745 0.393992 -0.366708
v 0.265538 0.385538 -0.360000
v 0.256299 0.405920 -0.357105
v -0.480632 0.433538 -0.368391
v 0.201825 0.447172 -0.355171
v 0.223787 0.423787 -0.376213
v 0.235563 0.427893 -0.360000
v -0.462496 0.457504 -0.382496
v -0.464269 0.480000 -0.353345
v -0.455794 0.480000 -0.375794
v 0.159803 0.479174 -0.360913
v 0.180809 0.460810 -0.360000
v -0.433533 0.514277 -0.357827
v -0.405273 0.522830 -0.368844
v -0.380490 0.520000 -0.380490
v -0.353918 0.520000 -0.386580
v -0.310298 0.520000 -0.390298
v 0.120626 0.523884 -0.356581
v 0.139666 0.499666 -0.360000
v -0.360000 0.542326 -0.360000
v -0.383979 0.536021 -0.360000
v -0.319145 0.556809 -0.355824
v -0.285009 0.557153 -0.366933
v -0.280000 0.534616 -0.385384
v -0.255166 0.560000 -0.375166
v -0.234119 0.560000 -0.385630
v 0.079404 0.555049 -0.364202
v 0.101943 0.541943 -0.360000
v -0.240000 0.585620 -0.360000
v -0.266147 0.573853 -0.360000
v -0.200022 0.599929 -0.359909
v -0.169947 0.600000 -0.369947
v -0.153132 0.610142 -0.363011
v -0.127301 0.600000 -0.374923
v -0.083859 0.602807 -0.366852
v -0.039422 0.595073 -0.363736
v -0.000137 0.600652 -0.358894
v 0.016406 0.576406 -0.383594
v 0.029844 0.589844 -0.360000
v 0.047808 0.580527 -0.360000
v -0.113631 0.614591 -0.360000
v 0.119869 -0.520516 -0.321092
v 0.149916 -0.529634 -0.325379
v 0.163339 -0.545805 -0.313164
v 0.193330 -0.534323 -0.334323
v 0.202756 -0.555464 -0.307078
v 0.231738 -0.537272 -0.337272
v 0.245009 -0.552055 -0.314468
v 0.270270 -0.539729 -0.339729
v 0.288692 -0.548199 -0.310966
v 0.312281 -0.536716 -0.331721
v 0.349494 -0.518374 -0.327954
v 0.076160 -0.485633 -0.325275
v 0.104752 -0.495248 -0.335248
v 0.128154 -0.501747 -0.341747
v 0.397589 -0.479112 -0.329014
v -0.280484 -0.441706 -0.323328
v -0.250901 -0.451305 -0.325241
v -0.233973 -0.474841 -0.310682
v -0.206986 -0.447995 -0.332445
v -0.188033 -0.462789 -0.317021
v -0.165673 -0.451302 -0.331302
v -0.156655 -0.464777 -0.312964
v -0.127190 -0.451535 -0.327520
v -0.085928 -0.449697 -0.326454
v -0.045565 -0.448880 -0.326021
v -0.006035 -0.449998 -0.326995
v 0.025450 -0.454550 -0.334550
v 0.044659 -0.475553 -0.310340
v 0.018828 -0.461172 -0.312309
v 0.048871 -0.459324 -0.339324
v 0.080000 -0.466698 -0.346698
v 0.422981 -0.457019 -0.337019
v 0.434978 -0.437344 -0.322886
v -0.320618 -0.402362 -0.323732
v -0.294914 -0.414914 -0.334914
v -0.311841 -0.431573 -0.316230
v -0.302616 -0.392493 -0.342616
v -0.270998 -0.420354 -0.340354
v 0.457644 -0.400000 -0.312207
v 0.462968 -0.400000 -0.337032
v -0.358001 -0.397545 -0.316909
v -0.399333 -0.356957 -0.315543
v -0.328024 -0.378389 -0.338389
v 0.474065 -0.364156 -0.324323
v -0.405703 -0.327943 -0.329522
v -0.438989 -0.315190 -0.306739
v -0.379661 -0.339661 -0.339661
v 0.478413 -0.321035 -0.321213
v -0.447808 -0.291681 -0.334545
v -0.469637 -0.274693 -0.312766
v 0.477805 -0.281366 -0.321703
v -0.480401 -0.242977 -0.326846
v 0.471804 -0.244729 -0.326437
v -0.493653 -0.206813 -0.329739
v -0.507513 -0.192927 -0.311666
v 0.464443 -0.215557 -0.320000
v 0.460531 -0.219469 -0.339469
v 0.455093 -0.193850 -0.320000
v -0.497340 -0.177340 -0.337340
v -0.518527 -0.152932 -0.308170
v -0.503045 -0.152367 -0.343045
v 0.437495 -0.166203 -0.321653
v 0.440000 -0.181402 -0.341402
v -0.520024 -0.120274 -0.320438
v 0.424125 -0.135875 -0.320000
v 0.420414 -0.139586 -0.339586
v 0.412001 -0.114320 -0.320000
v 0.405494 -0.066929 -0.315121
v -0.530971 -0.045697 -0.327631
v -0.542000 -0.028557 -0.317322
v 0.396336 -0.040819 -0.321548
v -0.530838 -0.005429 -0.330838
v -0.543121 0.013434 -0.316138
v 0.397503 0.003498 -0.313757
v 0.387403 -0.012597 -0.332597
v 0.376470 0.007924 -0.343530
v -0.530008 0.035657 -0.326467
v 0.397080 0.044271 -0.312367
v 0.376477 0.047453 -0.343523
v -0.530029 0.073865 -0.326649
v 0.392025 0.075040 -0.316150
v -0.528866 0.114449 -0.326263
v 0.383793 0.111865 -0.320000
v -0.525198 0.156644 -0.323855
v 0.381929 0.141929 -0.320000
v 0.377958 0.168109 -0.320000
v -0.520000 0.178980 -0.312883
v -0.516790 0.200012 -0.319754
v 0.371174 0.205076 -0.320000
v -0.507335 0.248240 -0.310273
v 0.358042 0.234981 -0.321520
v -0.503568 0.289922 -0.307793
v 0.346624 0.266623 -0.328275
v 0.339280 0.287876 -0.315630
v -0.503589 0.329872 -0.308023
v -0.500943 0.329327 -0.340943
v 0.317817 0.315016 -0.321302
v 0.298746 0.320000 -0.341254
v -0.507049 0.368087 -0.310732
v 0.304632 0.344633 -0.320000
v 0.286447 0.374705 -0.316968
v -0.499553 0.390074 -0.339553
v -0.502531 0.413985 -0.314775
v 0.265922 0.393591 -0.330072
v -0.493486 0.432929 -0.333486
v -0.499764 0.440000 -0.311391
v 0.234188 0.428342 -0.328909
v 0.217046 0.442609 -0.309972
v -0.478461 0.481128 -0.316840
v -0.480000 0.464493 -0.335507
v 0.190438 0.465850 -0.327071
v 0.177019 0.485882 -0.316963
v -0.444030 0.517791 -0.332427
v 0.153097 0.508615 -0.322872
v -0.406057 0.552350 -0.319961
v -0.374711 0.560000 -0.334711
v -0.351733 0.560000 -0.341656
v 0.114262 0.549478 -0.322668
v -0.360000 0.579490 -0.320000
v -0.329409 0.582965 -0.320000
v -0.282227 0.595509 -0.315071
v -0.280000 0.578570 -0.341430
v -0.253038 0.600000 -0.333038
v -0.234602 0.600000 -0.345713
v 0.038449 0.594239 -0.324343
v 0.060759 0.580759 -0.339240
v 0.065808 0.585808 -0.320000
v 0.086362 0.573244 -0.310228
v -0.240000 0.614975 -0.311508
v -0.207094 0.628855 -0.320000
v -0.181038 0.640000 -0.311657
v -0.158148 0.644187 -0.317386
v -0.121613 0.643244 -0.320038
v -0.096072 0.623928 -0.336072
v -0.082987 0.633201 -0.320000
v -0.075494 0.614124 -0.345876
v -0.057142 0.622858 -0.320000
v -0.032243 0.613500 -0.310430
v 0.004968 0.608487 -0.313890
v 0.117222 -0.562607 -0.284983
v 0.080515 -0.558506 -0.277495
v 0.154963 -0.563932 -0.288960
v 0.188934 -0.564634 -0.291256
v 0.234794 -0.562715 -0.289370
v 0.256500 -0.560000 -0.273302
v -0.242305 -0.522288 -0.283322
v -0.279665 -0.518984 -0.278597
v -0.202160 -0.521909 -0.282874
v -0.156879 -0.518154 -0.277753
v 0.073325 -0.529502 -0.290361
v 0.040437 -0.517861 -0.277104
v 0.101681 -0.538319 -0.298320
v 0.127626 -0.544354 -0.304354
v 0.282762 -0.552213 -0.276424
v 0.320000 -0.538313 -0.289298
v 0.334030 -0.520000 -0.275013
v 0.339466 -0.520000 -0.300534
v -0.362773 -0.482807 -0.284228
v -0.399187 -0.476798 -0.274963
v -0.328831 -0.490014 -0.283011
v -0.286535 -0.485286 -0.291431
v -0.246831 -0.494313 -0.294313
v -0.208314 -0.496405 -0.296405
v -0.166876 -0.493218 -0.293218
v -0.124209 -0.483319 -0.287081
v -0.083834 -0.482882 -0.285923
v -0.041839 -0.481373 -0.282591
v -0.007828 -0.487906 -0.282708
v 0.001947 -0.517587 -0.277351
v 0.033766 -0.488169 -0.292046
v 0.059551 -0.500449 -0.300449
v 0.360000 -0.496401 -0.280000
v 0.360000 -0.507259 -0.307259
v 0.370753 -0.480000 -0.275664
v 0.381282 -0.480000 -0.298718
v -0.409284 -0.449823 -0.283911
v -0.438711 -0.436861 -0.275133
v -0.366968 -0.454642 -0.294642
v -0.380671 -0.431642 -0.300671
v -0.351909 -0.430668 -0.306287
v -0.328454 -0.457845 -0.297845
v -0.299693 -0.459693 -0.299693
v -0.280000 -0.464283 -0.304283
v -0.111597 -0.463502 -0.303502
v -0.070488 -0.462255 -0.302255
v -0.040000 -0.458463 -0.298463
v -0.009401 -0.459171 -0.299171
v 0.404017 -0.437219 -0.271417
v 0.400000 -0.457750 -0.297750
v 0.420277 -0.440000 -0.299722
v -0.440110 -0.401129 -0.280882
v -0.406999 -0.411894 -0.295690
v -0.392583 -0.390363 -0.306376
v 0.448234 -0.392582 -0.274573
v 0.440000 -0.419589 -0.299589
v -0.441138 -0.363404 -0.285258
v -0.418506 -0.378505 -0.298506
v -0.422928 -0.351971 -0.302928
v 0.463655 -0.376345 -0.296345
v 0.468591 -0.360000 -0.285258
v -0.444415 -0.327318 -0.287614
v 0.475022 -0.323336 -0.283644
v -0.456825 -0.296825 -0.296825
v -0.479240 -0.275482 -0.270149
v 0.478196 -0.281132 -0.281339
v -0.489171 -0.249196 -0.288684
v 0.475075 -0.242964 -0.283670
v -0.502041 -0.222041 -0.302041
v -0.519830 -0.198527 -0.277663
v 0.467772 -0.208588 -0.285785
v 0.459716 -0.191454 -0.300284
v -0.523544 -0.169216 -0.289555
v 0.460302 -0.179698 -0.280000
v 0.456103 -0.149609 -0.266630
v -0.535371 -0.130174 -0.283959
v 0.436381 -0.132183 -0.283619
v 0.437311 -0.114745 -0.271637
v 0.423166 -0.120000 -0.296834
v -0.534685 -0.094685 -0.294685
v -0.560987 -0.042624 -0.288034
v -0.540189 -0.071684 -0.300189
v 0.436197 -0.078209 -0.274403
v 0.424664 -0.095336 -0.295336
v 0.436739 -0.039659 -0.276818
v -0.561978 -0.008933 -0.293420
v 0.444688 0.003578 -0.274795
v -0.560266 0.038194 -0.282412
v -0.543772 0.048764 -0.303772
v 0.444410 0.040477 -0.273613
v -0.546146 0.089922 -0.269970
v -0.540509 0.080000 -0.300509
v 0.426347 0.066347 -0.280000
v 0.420589 0.088091 -0.280000
v -0.532853 0.113193 -0.289658
v 0.401424 0.116205 -0.285449
v -0.523001 0.158427 -0.282340
v 0.400622 0.163209 -0.279588
v -0.510081 0.206573 -0.272440
v 0.394392 0.196705 -0.284613
v -0.503746 0.250099 -0.267901
v 0.387604 0.227604 -0.280000
v 0.378794 0.218794 -0.301206
v 0.375898 0.245652 -0.276886
v -0.503813 0.289404 -0.268303
v 0.357197 0.273557 -0.282296
v -0.506714 0.327657 -0.270670
v 0.345086 0.305086 -0.280000
v 0.338686 0.325533 -0.265098
v -0.517714 0.370313 -0.264234
v 0.317021 0.353890 -0.281984
v -0.518724 0.407564 -0.269851
v 0.277477 0.386515 -0.290729
v 0.297972 0.377972 -0.270274
v -0.516278 0.442625 -0.270669
v 0.233981 0.424322 -0.292661
v 0.246219 0.412577 -0.270730
v 0.213665 0.446946 -0.269864
v -0.493699 0.472168 -0.293699
v -0.501612 0.480000 -0.272595
v 0.188296 0.473654 -0.293451
v 0.179055 0.486915 -0.276520
v -0.478818 0.520807 -0.277241
v -0.462566 0.520000 -0.302566
v 0.158324 0.511275 -0.286815
v -0.446137 0.560844 -0.285931
v -0.422707 0.560000 -0.302707
v 0.117788 0.550781 -0.287538
v 0.135787 0.535787 -0.272414
v -0.399802 0.595150 -0.285448
v -0.390887 0.569113 -0.310887
v -0.362470 0.604129 -0.287128
v -0.334746 0.600000 -0.294746
v -0.314671 0.607930 -0.284089
v -0.295952 0.600000 -0.295952
v 0.038604 0.597194 -0.282503
v 0.066930 0.586930 -0.286715
v 0.083156 0.577258 -0.270008
v -0.272729 0.612439 -0.280000
v -0.240000 0.622950 -0.280000
v -0.198123 0.642349 -0.280342
v -0.085383 0.630602 -0.287174
v -0.118844 0.643084 -0.277653
v -0.059873 0.620126 -0.299874
v -0.061209 0.618791 -0.271878
v -0.034383 0.609674 -0.273422
v 0.003224 0.601599 -0.273295
v -0.156408 0.646220 -0.275649
v -0.241514 -0.601291 -0.242172
v -0.279900 -0.599832 -0.239723
v -0.200803 -0.600446 -0.240721
v 0.036919 -0.602881 -0.244696
v 0.000199 -0.599460 -0.239112
v 0.076151 -0.603474 -0.246120
v 0.115512 -0.603510 -0.247101
v 0.157118 -0.601243 -0.242558
v -0.322603 -0.561491 -0.244566
v -0.286740 -0.570343 -0.254136
v -0.273189 -0.552005 -0.267912
v -0.248528 -0.576741 -0.256741
v -0.233298 -0.553090 -0.269433
v -0.207237 -0.573962 -0.253962
v -0.185491 -0.555107 -0.261648
v -0.165249 -0.569838 -0.249838
v -0.157280 -0.596876 -0.235366
v -0.160000 -0.551694 -0.259010
v -0.123041 -0.562586 -0.243418
v -0.089458 -0.569696 -0.243017
v -0.074903 -0.584222 -0.238461
v -0.045442 -0.566271 -0.249159
v -0.038804 -0.598835 -0.238368
v -0.006089 -0.573276 -0.253276
v -0.019509 -0.551397 -0.259509
v 0.007973 -0.550889 -0.266453
v 0.031546 -0.577272 -0.257272
v 0.047046 -0.551710 -0.267738
v 0.060004 -0.579996 -0.259996
v 0.088628 -0.583196 -0.263196
v 0.128361 -0.583609 -0.263609
v 0.160000 -0.583539 -0.263539
v 0.190046 -0.579512 -0.259512
v 0.200000 -0.586620 -0.233219
v 0.230465 -0.571746 -0.242844
v -0.400349 -0.521156 -0.242744
v -0.369996 -0.528082 -0.246687
v -0.355846 -0.555714 -0.232444
v -0.327697 -0.536135 -0.256135
v -0.314845 -0.514114 -0.271177
v -0.300637 -0.540637 -0.260637
v -0.129460 -0.537223 -0.257223
v -0.112339 -0.511650 -0.267662
v -0.088111 -0.536397 -0.256397
v -0.072490 -0.511326 -0.267400
v -0.049039 -0.538848 -0.258848
v -0.034674 -0.513556 -0.270607
v 0.280000 -0.548254 -0.240000
v 0.317940 -0.519279 -0.246211
v -0.442785 -0.483358 -0.246723
v -0.462276 -0.476766 -0.231033
v -0.416476 -0.496476 -0.256476
v -0.392490 -0.503236 -0.263236
v 0.343579 -0.496421 -0.256421
v 0.356879 -0.478370 -0.250857
v -0.456005 -0.456005 -0.256005
v -0.479961 -0.439688 -0.239575
v -0.460485 -0.431168 -0.260485
v 0.378813 -0.461187 -0.261187
v 0.378965 -0.440000 -0.233094
v 0.390322 -0.440000 -0.249678
v -0.481726 -0.405643 -0.248224
v -0.463806 -0.392062 -0.263806
v 0.400000 -0.424063 -0.240000
v 0.426671 -0.400000 -0.240121
v -0.482163 -0.367154 -0.250137
v -0.464283 -0.352009 -0.264283
v 0.440000 -0.384167 -0.240000
v 0.455341 -0.347518 -0.236165
v 0.461067 -0.360000 -0.258933
v -0.481857 -0.326199 -0.249114
v 0.467218 -0.326792 -0.249409
v -0.486011 -0.291336 -0.251911
v -0.517729 -0.273905 -0.230838
v 0.472665 -0.284629 -0.245202
v -0.520216 -0.241364 -0.242793
v -0.496776 -0.256776 -0.256776
v -0.504561 -0.240000 -0.264561
v 0.471547 -0.245261 -0.246222
v -0.530183 -0.208022 -0.255372
v -0.537979 -0.217979 -0.240000
v -0.557918 -0.191185 -0.227089
v 0.467643 -0.206991 -0.249189
v -0.539438 -0.179438 -0.259438
v -0.559119 -0.155155 -0.233104
v -0.543404 -0.151867 -0.263404
v 0.465298 -0.170647 -0.247181
v -0.559703 -0.116015 -0.235007
v -0.545416 -0.120000 -0.265416
v 0.463470 -0.127446 -0.240000
v -0.560746 -0.083656 -0.246512
v 0.475602 -0.078422 -0.233575
v -0.571238 -0.046413 -0.247972
v 0.464401 -0.055599 -0.255599
v 0.484164 -0.042183 -0.240146
v 0.457350 -0.032648 -0.262650
v -0.579501 -0.006783 -0.254213
v 0.484070 -0.002528 -0.246530
v -0.574185 0.030645 -0.250141
v 0.482768 0.037115 -0.245721
v -0.558949 0.080628 -0.236593
v -0.560000 0.054753 -0.265247
v 0.440000 0.080000 -0.268156
v 0.478490 0.072614 -0.239317
v -0.542128 0.134214 -0.235225
v -0.536018 0.120000 -0.256018
v 0.440160 0.120680 -0.240010
v 0.458634 0.098634 -0.240000
v -0.532212 0.153836 -0.248621
v 0.411650 0.131650 -0.268350
v 0.433823 0.156175 -0.236744
v -0.520916 0.199589 -0.243750
v 0.425405 0.193198 -0.240000
v -0.518695 0.244515 -0.233233
v 0.400000 0.216107 -0.263893
v 0.401499 0.245744 -0.235048
v 0.420236 0.220236 -0.240000
v -0.518684 0.284214 -0.233509
v 0.360121 0.281227 -0.239097
v 0.377955 0.257955 -0.240000
v -0.519948 0.320444 -0.239469
v 0.348696 0.311958 -0.245567
v -0.524092 0.350191 -0.250063
v 0.341072 0.341072 -0.240000
v 0.321479 0.367607 -0.234081
v -0.532036 0.393377 -0.247742
v -0.541412 0.404487 -0.231955
v 0.269246 0.395284 -0.251897
v 0.242548 0.410964 -0.232615
v 0.300720 0.380720 -0.240000
v -0.529845 0.434081 -0.246226
v 0.227737 0.427737 -0.245841
v 0.216093 0.444324 -0.227701
v -0.518059 0.481199 -0.231788
v 0.197733 0.467390 -0.249482
v -0.498477 0.501523 -0.258477
v -0.501022 0.520000 -0.232246
v -0.492321 0.520000 -0.252321
v 0.158604 0.512741 -0.245666
v 0.176487 0.496487 -0.231459
v -0.480796 0.559508 -0.242187
v -0.480000 0.541628 -0.258372
v 0.109985 0.555078 -0.250131
v 0.093581 0.562166 -0.231222
v -0.453707 0.593230 -0.246942
v -0.433138 0.600000 -0.260527
v -0.009386 0.596940 -0.249773
v -0.039998 0.600004 -0.239987
v 0.033645 0.588822 -0.247907
v 0.061266 0.581266 -0.248892
v -0.440000 0.613860 -0.240000
v -0.399859 0.640448 -0.240044
v -0.362118 0.642595 -0.244828
v -0.317095 0.644574 -0.237893
v -0.278446 0.634772 -0.242419
v -0.247143 0.630836 -0.247448
v -0.196352 0.640988 -0.236188
v -0.120536 0.639298 -0.246601
v -0.086633 0.625345 -0.251245
v -0.077014 0.615190 -0.231746
v -0.157775 0.641383 -0.235425
v -0.320099 -0.640428 -0.200777
v -0.290982 -0.651147 -0.205327
v -0.275343 -0.675976 -0.192581
v -0.247597 -0.649086 -0.213701
v -0.237090 -0.677579 -0.195604
v -0.228235 -0.636812 -0.221533
v -0.206157 -0.652299 -0.212299
v -0.197788 -0.678085 -0.196786
v -0.196566 -0.633344 -0.223131
v -0.167763 -0.647942 -0.212022
v -0.157789 -0.677900 -0.196796
v -0.126742 -0.647352 -0.210896
v -0.119006 -0.679029 -0.198638
v -0.086905 -0.647871 -0.211588
v -0.079104 -0.679156 -0.198786
v -0.047051 -0.649514 -0.213624
v -0.038513 -0.678634 -0.198008
v -0.027430 -0.636653 -0.220812
v -0.005883 -0.651315 -0.211315
v 0.002431 -0.677970 -0.196880
v 0.003545 -0.632616 -0.221031
v 0.033331 -0.648521 -0.212588
v 0.046457 -0.675233 -0.191420
v 0.046022 -0.631354 -0.226495
v 0.075279 -0.651640 -0.206860
v 0.062500 -0.640000 -0.217500
v 0.084021 -0.632497 -0.220205
v 0.122321 -0.637355 -0.198188
v -0.360230 -0.601045 -0.201922
v -0.326128 -0.614168 -0.214168
v -0.365672 -0.646010 -0.163996
v -0.340130 -0.591687 -0.220130
v -0.301542 -0.621542 -0.221542
v -0.150824 -0.622265 -0.222265
v -0.110463 -0.620723 -0.220723
v -0.114443 -0.593735 -0.230899
v -0.071945 -0.623092 -0.223092
v 0.120000 -0.623833 -0.223833
v 0.152189 -0.614899 -0.211090
v 0.182525 -0.600000 -0.200000
v -0.400225 -0.561009 -0.201960
v -0.366247 -0.574855 -0.214855
v -0.392730 -0.588193 -0.186687
v -0.381370 -0.552231 -0.221371
v 0.200000 -0.585794 -0.192347
v 0.239470 -0.559088 -0.203171
v -0.440296 -0.521286 -0.204374
v -0.407915 -0.537436 -0.217436
v -0.423032 -0.552148 -0.187726
v -0.427146 -0.520000 -0.227146
v 0.281156 -0.519840 -0.198374
v 0.256580 -0.543420 -0.200000
v 0.297075 -0.520000 -0.222925
v -0.481611 -0.487814 -0.203652
v -0.457155 -0.497155 -0.217155
v 0.317732 -0.481218 -0.204868
v 0.336875 -0.480000 -0.223125
v -0.520091 -0.440489 -0.200933
v -0.494715 -0.454715 -0.214715
v -0.501463 -0.432070 -0.221463
v 0.357854 -0.441060 -0.205431
v -0.530570 -0.410462 -0.205659
v -0.557382 -0.392792 -0.188317
v 0.399461 -0.400322 -0.201241
v -0.529765 -0.368663 -0.215209
v -0.559387 -0.358310 -0.197481
v -0.513647 -0.350864 -0.227383
v 0.437119 -0.361252 -0.207836
v -0.560063 -0.321069 -0.200467
v -0.534358 -0.327092 -0.214359
v -0.513404 -0.310724 -0.227335
v 0.441634 -0.310874 -0.188092
v 0.458363 -0.310394 -0.221637
v -0.560820 -0.282149 -0.203181
v -0.536325 -0.287636 -0.216325
v 0.452133 -0.272169 -0.191954
v 0.461403 -0.280000 -0.218597
v -0.563211 -0.244031 -0.209762
v -0.540142 -0.260142 -0.220142
v 0.464107 -0.248143 -0.215893
v 0.456186 -0.240000 -0.193529
v -0.566361 -0.211771 -0.212125
v -0.587680 -0.192482 -0.192484
v 0.459022 -0.220978 -0.191280
v 0.464158 -0.207201 -0.215842
v 0.457483 -0.200000 -0.192039
v -0.571656 -0.165722 -0.211656
v -0.581438 -0.147891 -0.197039
v 0.467060 -0.167742 -0.209347
v -0.571256 -0.125549 -0.211256
v -0.579907 -0.107092 -0.196362
v 0.476979 -0.121034 -0.201691
v -0.572275 -0.085805 -0.212276
v -0.579683 -0.080000 -0.191356
v 0.480000 -0.098297 -0.218297
v 0.496329 -0.080000 -0.200000
v -0.572748 -0.047693 -0.209214
v 0.500216 -0.059784 -0.200000
v 0.507057 -0.040000 -0.200000
v -0.575651 -0.009294 -0.212045
v 0.514070 -0.004185 -0.195473
v 0.497221 -0.022779 -0.222779
v 0.502610 0.000000 -0.217390
v -0.578472 0.028053 -0.214321
v 0.510944 0.035919 -0.200000
v 0.500699 0.020699 -0.219301
v 0.496106 0.047220 -0.223894
v -0.573137 0.071170 -0.209725
v 0.507237 0.067236 -0.200000
v 0.501956 0.089272 -0.200000
v -0.560744 0.119882 -0.202442
v -0.560000 0.102833 -0.217167
v 0.480000 0.103799 -0.216201
v 0.480982 0.129272 -0.191390
v -0.559405 0.162089 -0.196953
v -0.541931 0.169513 -0.221931
v 0.464516 0.144515 -0.200000
v 0.453456 0.168995 -0.193870
v -0.558873 0.203431 -0.194920
v -0.537444 0.200000 -0.217445
v 0.439860 0.199671 -0.200075
v -0.536923 0.230933 -0.216923
v -0.559245 0.242096 -0.196873
v 0.428141 0.231038 -0.207039
v -0.560272 0.277084 -0.202313
v -0.537535 0.271141 -0.217535
v 0.384854 0.264854 -0.208666
v 0.407271 0.258602 -0.196462
v 0.361849 0.292746 -0.190442
v -0.561124 0.316643 -0.204758
v -0.540187 0.299813 -0.220187
v -0.540973 0.329401 -0.220973
v 0.351560 0.315252 -0.206489
v -0.562055 0.354428 -0.208412
v -0.544822 0.367939 -0.224822
v 0.342161 0.342161 -0.209543
v 0.322432 0.372234 -0.191087
v -0.560279 0.398793 -0.201952
v 0.277744 0.393887 -0.205299
v 0.303778 0.383778 -0.208513
v -0.550313 0.445436 -0.192703
v -0.540610 0.440000 -0.220610
v 0.227434 0.427434 -0.206319
v 0.244434 0.409161 -0.193047
v 0.217835 0.444498 -0.186025
v -0.532775 0.469009 -0.202873
v 0.198038 0.468958 -0.208175
v -0.520000 0.500763 -0.200000
v -0.516868 0.522175 -0.190480
v 0.150030 0.514789 -0.209973
v 0.133569 0.522268 -0.191138
v -0.498682 0.541318 -0.218682
v -0.502006 0.560000 -0.192686
v -0.493173 0.560000 -0.213173
v 0.079817 0.559602 -0.201826
v 0.109346 0.544338 -0.208031
v -0.480114 0.601396 -0.198945
v -0.047074 0.588564 -0.210775
v -0.032997 0.572211 -0.191927
v -0.079750 0.600820 -0.197477
v -0.016904 0.583095 -0.216904
v 0.005234 0.563259 -0.190733
v 0.009838 0.579919 -0.220081
v 0.043161 0.562171 -0.194176
v 0.048085 0.576904 -0.223095
v -0.443838 0.637944 -0.208478
v -0.424253 0.640000 -0.224253
v -0.202160 0.635512 -0.202455
v -0.167299 0.628434 -0.208376
v -0.128370 0.623867 -0.211445
v -0.108150 0.605660 -0.187515
v -0.100732 0.619268 -0.220732
v -0.397275 0.678751 -0.195442
v -0.415423 0.664577 -0.200000
v -0.359711 0.680984 -0.199443
v -0.326880 0.663859 -0.216141
v -0.321641 0.677451 -0.198065
v -0.293083 0.666917 -0.200000
v -0.271619 0.660656 -0.200000
v -0.237069 0.645921 -0.195544
v -0.240364 -0.720658 -0.161387
v -0.202551 -0.722056 -0.164034
v -0.164501 -0.723753 -0.167010
v -0.127743 -0.729239 -0.170612
v -0.116776 -0.757084 -0.155204
v -0.107520 -0.716467 -0.179969
v -0.086036 -0.732059 -0.172059
v -0.077738 -0.758060 -0.156838
v -0.076416 -0.712930 -0.182129
v -0.047329 -0.728481 -0.172927
v -0.037271 -0.757707 -0.156164
v -0.036187 -0.712403 -0.180874
v -0.007658 -0.728311 -0.172498
v 0.003761 -0.757043 -0.155490
v 0.036443 -0.723502 -0.165937
v 0.082661 -0.714760 -0.154584
v -0.328158 -0.687789 -0.164770
v -0.315413 -0.717417 -0.145034
v -0.358923 -0.666392 -0.155079
v -0.287244 -0.695522 -0.175522
v -0.278426 -0.718712 -0.157289
v -0.258447 -0.698447 -0.178447
v -0.230129 -0.699885 -0.179885
v -0.190993 -0.701493 -0.181493
v -0.152148 -0.703462 -0.183462
v 0.009262 -0.703027 -0.183027
v 0.040000 -0.698814 -0.178814
v 0.072864 -0.693761 -0.173761
v 0.080000 -0.675467 -0.187399
v 0.125570 -0.672758 -0.152509
v -0.402482 -0.643219 -0.129454
v -0.338549 -0.658549 -0.178549
v -0.320000 -0.665105 -0.185105
v 0.096399 -0.663601 -0.183601
v 0.120000 -0.656043 -0.176043
v 0.158271 -0.631053 -0.153714
v -0.400765 -0.603238 -0.166951
v -0.377378 -0.617378 -0.177378
v 0.160000 -0.617574 -0.177574
v 0.182171 -0.600000 -0.169511
v -0.440522 -0.562353 -0.165082
v -0.414988 -0.574988 -0.174988
v 0.200000 -0.583306 -0.151708
v 0.219610 -0.560000 -0.151626
v 0.224794 -0.560000 -0.175206
v -0.480584 -0.522585 -0.166113
v -0.447589 -0.538599 -0.178599
v -0.473292 -0.550120 -0.148419
v -0.464102 -0.520000 -0.184102
v 0.240000 -0.543760 -0.160000
v 0.255340 -0.511780 -0.148986
v 0.263532 -0.520000 -0.176468
v -0.520286 -0.481550 -0.163241
v -0.497559 -0.497559 -0.177559
v -0.522751 -0.522785 -0.128947
v -0.480000 -0.504896 -0.184896
v 0.281181 -0.479595 -0.156796
v 0.300970 -0.480000 -0.179030
v -0.560152 -0.440791 -0.161637
v -0.527220 -0.458258 -0.178258
v -0.544929 -0.472724 -0.149396
v -0.542806 -0.432790 -0.182806
v 0.297660 -0.462340 -0.160000
v 0.318402 -0.440755 -0.163883
v 0.336272 -0.440000 -0.183728
v -0.565630 -0.410912 -0.174069
v -0.580893 -0.420893 -0.152426
v -0.598359 -0.394079 -0.149408
v 0.356488 -0.401760 -0.167525
v 0.375545 -0.400000 -0.184455
v -0.600371 -0.362862 -0.163610
v -0.578612 -0.378612 -0.178612
v -0.582505 -0.351821 -0.182505
v 0.396629 -0.361578 -0.166823
v 0.416436 -0.360000 -0.183564
v -0.602327 -0.326963 -0.170009
v -0.584772 -0.312522 -0.184772
v 0.420981 -0.339019 -0.179019
v 0.406401 -0.317027 -0.145930
v 0.426753 -0.320000 -0.173247
v -0.610920 -0.290886 -0.165247
v -0.620295 -0.276130 -0.152391
v 0.435059 -0.283257 -0.172013
v -0.611156 -0.252579 -0.166101
v -0.620701 -0.236048 -0.152265
v 0.439045 -0.245478 -0.167578
v -0.602499 -0.210049 -0.174687
v 0.447403 -0.193719 -0.154283
v -0.601659 -0.168000 -0.171221
v 0.463625 -0.168294 -0.172111
v -0.600561 -0.123147 -0.164617
v 0.481636 -0.118862 -0.159072
v -0.589024 -0.075937 -0.155820
v 0.505041 -0.080000 -0.169121
v -0.575762 -0.048385 -0.172052
v 0.521669 -0.042331 -0.161864
v -0.567800 -0.005025 -0.166008
v 0.520000 -0.016031 -0.176031
v 0.529520 0.004757 -0.160000
v -0.572651 0.032326 -0.169868
v 0.520000 0.018253 -0.181747
v 0.520000 0.040000 -0.179825
v 0.532857 0.047576 -0.149231
v -0.575642 0.072286 -0.172043
v -0.579337 0.092481 -0.155754
v 0.519211 0.077099 -0.160607
v -0.576588 0.111187 -0.176588
v -0.588730 0.126341 -0.152673
v 0.510242 0.112712 -0.165508
v -0.577948 0.150759 -0.177948
v -0.598245 0.167136 -0.147934
v 0.477624 0.156209 -0.161586
v 0.498185 0.138185 -0.150298
v -0.578827 0.181173 -0.178827
v -0.599874 0.202569 -0.158314
v -0.579715 0.209609 -0.179715
v 0.458409 0.178409 -0.150211
v 0.440968 0.206445 -0.155508
v -0.600364 0.238705 -0.161871
v -0.582534 0.248125 -0.182534
v 0.427154 0.234731 -0.170203
v 0.413637 0.246648 -0.150101
v -0.601914 0.273653 -0.169473
v -0.585573 0.287284 -0.185573
v 0.393642 0.267675 -0.168742
v 0.375687 0.285681 -0.156859
v -0.605375 0.309481 -0.170959
v -0.621870 0.323930 -0.152767
v -0.593059 0.323730 -0.181487
v 0.356422 0.310248 -0.162575
v -0.601623 0.353898 -0.168574
v 0.340102 0.340102 -0.150107
v 0.342935 0.342935 -0.177065
v 0.320978 0.364515 -0.156928
v -0.600000 0.378979 -0.160000
v -0.577720 0.390752 -0.177720
v -0.594854 0.402743 -0.148171
v 0.280031 0.400147 -0.158855
v 0.303969 0.383969 -0.168315
v -0.561376 0.439071 -0.164686
v 0.229326 0.429326 -0.165148
v 0.247541 0.414587 -0.149340
v 0.203278 0.455976 -0.153695
v -0.554069 0.482907 -0.145502
v -0.538465 0.480000 -0.178465
v 0.193955 0.469490 -0.173391
v 0.162676 0.489443 -0.153289
v -0.531143 0.512133 -0.167575
v 0.119526 0.518350 -0.166175
v 0.153448 0.502644 -0.177356
v 0.143550 0.503550 -0.160000
v -0.520096 0.558599 -0.161636
v -0.040375 0.558692 -0.164606
v -0.004810 0.549997 -0.165122
v -0.017804 0.560000 -0.177804
v 0.029562 0.544444 -0.163729
v 0.065225 0.545225 -0.174775
v 0.085282 0.523997 -0.149916
v 0.089228 0.540298 -0.179702
v -0.494772 0.591343 -0.174773
v -0.503186 0.603906 -0.153388
v -0.122677 0.598523 -0.166229
v -0.085644 0.587411 -0.172588
v -0.100480 0.579520 -0.152207
v -0.087337 0.553549 -0.125242
v -0.059358 0.580641 -0.179358
v -0.479292 0.640566 -0.159090
v -0.464072 0.640000 -0.184072
v -0.201606 0.634160 -0.163961
v -0.178572 0.621428 -0.178572
v -0.179923 0.620077 -0.150692
v -0.152790 0.616862 -0.183138
v -0.437014 0.683928 -0.162595
v -0.418601 0.680000 -0.178601
v -0.280383 0.678371 -0.161027
v -0.260334 0.659666 -0.180334
v -0.254886 0.665114 -0.160000
v -0.235949 0.656006 -0.147616
v -0.390669 0.698675 -0.160000
v -0.351479 0.699607 -0.160000
v -0.313987 0.691536 -0.151126
v -0.123371 -0.803734 -0.125507
v -0.159348 -0.797800 -0.115547
v -0.084853 -0.804700 -0.127206
v -0.044527 -0.803702 -0.126635
v -0.003062 -0.802447 -0.124516
v 0.046073 -0.798208 -0.114758
v -0.242561 -0.762030 -0.124255
v -0.279576 -0.758951 -0.117296
v -0.206034 -0.764180 -0.130957
v -0.167856 -0.769605 -0.134477
v -0.154050 -0.753032 -0.149187
v -0.138311 -0.778311 -0.138311
v -0.110895 -0.781349 -0.141349
v -0.071003 -0.782259 -0.142259
v -0.030481 -0.781391 -0.141391
v 0.000000 -0.780928 -0.140928
v 0.030986 -0.776663 -0.136663
v 0.046652 -0.750961 -0.147052
v 0.073083 -0.762239 -0.128178
v -0.328448 -0.725863 -0.126695
v -0.359282 -0.716943 -0.112198
v -0.295809 -0.735809 -0.135809
v -0.270401 -0.739410 -0.139410
v -0.232094 -0.743292 -0.143292
v 0.080000 -0.740576 -0.140576
v 0.115251 -0.720561 -0.125103
v -0.365959 -0.689614 -0.131085
v -0.341965 -0.701965 -0.141965
v 0.120000 -0.699084 -0.139084
v 0.146357 -0.680000 -0.120000
v -0.422395 -0.636806 -0.111021
v -0.380157 -0.660157 -0.140157
v 0.162638 -0.652669 -0.117035
v -0.440545 -0.602543 -0.125923
v -0.417337 -0.617337 -0.137337
v 0.182731 -0.617269 -0.120000
v 0.191785 -0.596842 -0.126338
v -0.480880 -0.563318 -0.127926
v -0.457293 -0.577293 -0.137293
v -0.472274 -0.588014 -0.105611
v -0.440000 -0.584546 -0.144546
v 0.214731 -0.560000 -0.113753
v -0.544677 -0.517409 -0.112324
v -0.498167 -0.538167 -0.138167
v 0.240095 -0.516655 -0.116248
v -0.560548 -0.482959 -0.126028
v -0.537291 -0.497291 -0.137291
v 0.254679 -0.472754 -0.110002
v 0.266018 -0.480000 -0.133982
v -0.566999 -0.457732 -0.137732
v -0.579726 -0.459725 -0.120000
v -0.598254 -0.427546 -0.112044
v -0.579418 -0.440000 -0.139418
v 0.280121 -0.439293 -0.119169
v 0.298321 -0.440000 -0.141679
v -0.603829 -0.407737 -0.128255
v 0.308721 -0.405806 -0.127648
v 0.327209 -0.400000 -0.139546
v -0.615166 -0.375166 -0.135166
v -0.621155 -0.381155 -0.111021
v -0.629483 -0.353955 -0.112324
v -0.620468 -0.351199 -0.140468
v 0.320000 -0.381616 -0.120000
v 0.346259 -0.367020 -0.128999
v 0.367509 -0.360000 -0.139623
v -0.636058 -0.317572 -0.117064
v 0.360000 -0.340837 -0.120000
v 0.381579 -0.338421 -0.138421
v 0.366392 -0.316837 -0.106622
v 0.389533 -0.320000 -0.130467
v -0.634830 -0.276674 -0.116110
v 0.398579 -0.286486 -0.128092
v 0.416687 -0.280000 -0.143313
v -0.632904 -0.235346 -0.114562
v 0.411329 -0.229598 -0.115532
v 0.420195 -0.259805 -0.139805
v 0.422203 -0.240000 -0.137797
v -0.629280 -0.192880 -0.111629
v -0.622630 -0.191024 -0.142630
v 0.435441 -0.199124 -0.120662
v -0.623897 -0.148961 -0.107200
v -0.620404 -0.160000 -0.140404
v 0.461619 -0.160000 -0.128703
v -0.617759 -0.137759 -0.137759
v -0.618156 -0.120000 -0.127902
v 0.482525 -0.125310 -0.122380
v -0.597209 -0.077884 -0.118086
v -0.600000 -0.094631 -0.134631
v 0.495318 -0.104682 -0.120000
v 0.517355 -0.075232 -0.116273
v -0.578175 -0.058175 -0.138175
v -0.569523 -0.040000 -0.125032
v 0.520000 -0.062203 -0.142203
v 0.535360 -0.040000 -0.120000
v -0.559916 0.001484 -0.115427
v 0.551373 -0.006626 -0.116190
v 0.531560 -0.028440 -0.148440
v 0.539446 0.008282 -0.140554
v -0.568725 0.034923 -0.126534
v 0.547090 0.033820 -0.120000
v -0.578081 0.061919 -0.138081
v -0.579285 0.060715 -0.110231
v -0.588587 0.086230 -0.111883
v 0.543434 0.063434 -0.120000
v 0.536367 0.086377 -0.120000
v -0.600019 0.119834 -0.120368
v 0.519045 0.117529 -0.120638
v -0.603882 0.149363 -0.131038
v 0.502535 0.142535 -0.120000
v 0.481806 0.167933 -0.113068
v -0.614225 0.193438 -0.134225
v -0.619915 0.180085 -0.111182
v -0.627476 0.207186 -0.111423
v 0.462432 0.182432 -0.120000
v 0.441414 0.207747 -0.113801
v -0.618400 0.221600 -0.138400
v -0.641564 0.234488 -0.087196
v -0.620470 0.249255 -0.140470
v 0.427793 0.227793 -0.126080
v 0.415539 0.243742 -0.107764
v -0.639534 0.282959 -0.115497
v -0.623958 0.287923 -0.143958
v 0.397852 0.268616 -0.128394
v -0.640137 0.314731 -0.121705
v 0.359788 0.318432 -0.121266
v 0.376466 0.296466 -0.112001
v -0.638467 0.361089 -0.115129
v -0.622969 0.360000 -0.142969
v 0.319730 0.358593 -0.128388
v 0.339433 0.339433 -0.110790
v -0.612108 0.392912 -0.132108
v -0.621659 0.404051 -0.112844
v 0.278368 0.394873 -0.123874
v 0.296319 0.376319 -0.112277
v 0.300553 0.380553 -0.139447
v -0.592333 0.450520 -0.115157
v -0.578158 0.440000 -0.138158
v 0.227771 0.427771 -0.126007
v 0.246991 0.413124 -0.110712
v 0.200902 0.443310 -0.107413
v -0.573095 0.474977 -0.126298
v 0.159918 0.479770 -0.121084
v 0.187485 0.467485 -0.132515
v 0.180977 0.460977 -0.111019
v -0.559919 0.520467 -0.119417
v -0.542159 0.520000 -0.142159
v -0.000627 0.518394 -0.124509
v 0.035645 0.517093 -0.127370
v 0.072816 0.506837 -0.123065
v 0.062937 0.520000 -0.137063
v 0.105786 0.505786 -0.134214
v 0.124764 0.483152 -0.112134
v 0.129593 0.499875 -0.140125
v -0.535649 0.551205 -0.135649
v -0.553659 0.563128 -0.106596
v -0.076294 0.538775 -0.109783
v -0.117594 0.569663 -0.113338
v -0.053362 0.546638 -0.133362
v -0.037251 0.522183 -0.115216
v -0.030845 0.539903 -0.140097
v 0.040000 0.532702 -0.147298
v -0.527610 0.593491 -0.124080
v -0.127010 0.584447 -0.131887
v -0.159716 0.601171 -0.109743
v -0.510251 0.647618 -0.107393
v -0.496371 0.640000 -0.136371
v -0.201751 0.633876 -0.124976
v -0.181691 0.618309 -0.111235
v -0.478244 0.681811 -0.118692
v -0.480000 0.660831 -0.139169
v -0.460128 0.680000 -0.140128
v -0.252544 0.667456 -0.126708
v -0.236860 0.659084 -0.108061
v -0.278769 0.684017 -0.116873
v -0.440000 0.701906 -0.120000
v -0.426923 0.693077 -0.146923
v -0.403433 0.706318 -0.127695
v -0.370065 0.705070 -0.132068
v -0.337611 0.702389 -0.129572
v -0.316452 0.698318 -0.108981
v -0.124335 -0.843647 -0.088017
v -0.159978 -0.839943 -0.079833
v -0.091462 -0.851536 -0.085726
v -0.068292 -0.861362 -0.076942
v -0.047239 -0.847453 -0.092168
v -0.032397 -0.867235 -0.072040
v -0.037022 -0.834059 -0.103033
v -0.007058 -0.847295 -0.091843
v 0.007054 -0.865860 -0.070466
v 0.004141 -0.832542 -0.100864
v 0.036973 -0.841466 -0.082402
v -0.240701 -0.802024 -0.084800
v -0.207562 -0.809027 -0.091177
v -0.204426 -0.845025 -0.045652
v -0.175985 -0.815985 -0.095985
v -0.151146 -0.820604 -0.100604
v 0.040000 -0.820734 -0.100734
v 0.077862 -0.805142 -0.084208
v -0.320648 -0.762312 -0.086577
v -0.298393 -0.766704 -0.098393
v -0.276176 -0.797023 -0.071376
v -0.302269 -0.782269 -0.072518
v -0.280000 -0.776342 -0.096342
v -0.260857 -0.780857 -0.100857
v -0.233284 -0.785156 -0.105156
v 0.080000 -0.785378 -0.105378
v 0.105396 -0.774604 -0.080000
v 0.119509 -0.756963 -0.073772
v 0.105407 -0.760000 -0.094593
v -0.365581 -0.728705 -0.090323
v -0.349731 -0.754631 -0.068852
v -0.401393 -0.683006 -0.090819
v -0.340497 -0.740497 -0.100497
v 0.120000 -0.739213 -0.099213
v 0.137805 -0.720000 -0.070850
v -0.381655 -0.701655 -0.101655
v 0.158527 -0.678418 -0.078998
v 0.136909 -0.703091 -0.103091
v -0.440088 -0.640439 -0.081163
v -0.416693 -0.656693 -0.096693
v -0.424923 -0.664923 -0.073402
v 0.178723 -0.640000 -0.070704
v -0.447259 -0.618716 -0.098716
v -0.461734 -0.621734 -0.071902
v -0.479838 -0.599240 -0.076956
v 0.197802 -0.594970 -0.075892
v 0.187829 -0.612171 -0.092171
v -0.520279 -0.561218 -0.083774
v -0.495284 -0.575284 -0.095284
v -0.501944 -0.581944 -0.071859
v -0.505096 -0.560000 -0.105096
v 0.200000 -0.586702 -0.106702
v 0.211288 -0.552409 -0.072486
v -0.560241 -0.521198 -0.083598
v -0.537117 -0.537117 -0.097117
v -0.544401 -0.544401 -0.072982
v 0.219103 -0.540896 -0.100896
v 0.221979 -0.520000 -0.071094
v 0.227933 -0.520000 -0.092067
v -0.574954 -0.494954 -0.094954
v -0.580868 -0.500868 -0.071240
v -0.598451 -0.463595 -0.075878
v -0.582538 -0.472485 -0.102538
v -0.560000 -0.505314 -0.105314
v 0.238617 -0.480761 -0.083784
v -0.600884 -0.443596 -0.087085
v 0.241894 -0.430198 -0.067218
v 0.260940 -0.440000 -0.099060
v -0.614906 -0.409110 -0.085153
v 0.267208 -0.404660 -0.085921
v 0.287597 -0.395572 -0.100432
v -0.627390 -0.352428 -0.070051
v 0.281243 -0.352600 -0.070493
v 0.305005 -0.360000 -0.094995
v 0.324703 -0.360000 -0.108346
v -0.632531 -0.315336 -0.074018
v 0.321152 -0.311878 -0.070125
v 0.338306 -0.341694 -0.101694
v 0.348369 -0.320000 -0.091631
v -0.631763 -0.274590 -0.073367
v 0.360880 -0.279358 -0.078680
v 0.381512 -0.280000 -0.098488
v -0.627850 -0.232059 -0.070318
v 0.389117 -0.245978 -0.090883
v 0.377300 -0.240000 -0.072103
v -0.623996 -0.195966 -0.071508
v 0.408071 -0.202771 -0.075289
v 0.424461 -0.200000 -0.095539
v -0.620797 -0.160000 -0.080000
v 0.440000 -0.182281 -0.070604
v 0.463112 -0.160000 -0.088688
v -0.615525 -0.124106 -0.088150
v 0.480000 -0.143331 -0.073934
v 0.480000 -0.136827 -0.096827
v 0.495710 -0.120000 -0.080000
v -0.597599 -0.079365 -0.079040
v 0.520000 -0.100318 -0.072930
v 0.520000 -0.090661 -0.090661
v 0.533798 -0.080000 -0.080000
v -0.583456 -0.031992 -0.068192
v -0.575804 -0.040000 -0.095804
v 0.545001 -0.054999 -0.080000
v 0.551549 -0.036203 -0.086602
v -0.565965 -0.004056 -0.084109
v 0.560000 -0.013366 -0.093366
v 0.571959 0.007862 -0.070870
v -0.569817 0.034332 -0.087068
v 0.560000 0.017486 -0.102514
v 0.569459 0.046126 -0.073124
v -0.582464 0.057536 -0.071798
v -0.592480 0.084267 -0.074569
v 0.559045 0.076928 -0.080733
v -0.601083 0.110315 -0.086245
v 0.544750 0.104750 -0.080000
v 0.537792 0.097792 -0.102208
v 0.525542 0.134364 -0.077332
v -0.615775 0.152672 -0.091982
v -0.622383 0.163404 -0.069299
v 0.508152 0.154957 -0.083898
v -0.639184 0.208845 -0.075734
v 0.471315 0.186821 -0.086172
v 0.446189 0.213485 -0.077315
v 0.429757 0.229757 -0.085003
v 0.415189 0.245137 -0.077514
v -0.649690 0.274326 -0.086677
v 0.396151 0.269848 -0.090466
v -0.652012 0.312902 -0.088229
v 0.359652 0.318123 -0.081392
v 0.366855 0.295927 -0.068117
v -0.649131 0.354293 -0.086280
v 0.316871 0.350101 -0.084046
v -0.640166 0.395590 -0.084875
v 0.270112 0.395336 -0.090234
v 0.255209 0.402110 -0.069969
v -0.635332 0.443053 -0.067132
v -0.616019 0.440000 -0.096019
v 0.198466 0.433917 -0.084215
v 0.222885 0.422885 -0.087711
v -0.606254 0.477783 -0.090455
v -0.000480 0.478709 -0.083038
v 0.036182 0.477138 -0.086299
v 0.069935 0.470562 -0.085375
v 0.083788 0.454933 -0.072947
v 0.114616 0.468173 -0.091827
v 0.127452 0.452520 -0.072068
v 0.153322 0.464675 -0.095325
v 0.165206 0.444222 -0.070611
v -0.600461 0.517776 -0.082958
v -0.580698 0.520000 -0.100698
v -0.048344 0.509117 -0.096232
v -0.059799 0.500201 -0.071434
v -0.036878 0.482647 -0.073851
v -0.079727 0.521354 -0.073270
v -0.018508 0.501491 -0.098509
v 0.008454 0.497526 -0.102474
v 0.047341 0.495053 -0.104947
v -0.572343 0.553083 -0.092343
v -0.592984 0.563671 -0.065707
v -0.120190 0.559183 -0.083585
v -0.095067 0.544933 -0.095067
v -0.100144 0.539856 -0.070879
v -0.560052 0.599694 -0.080373
v -0.541114 0.600000 -0.101114
v -0.160619 0.597424 -0.081912
v -0.140641 0.579359 -0.070378
v -0.138995 0.581005 -0.098995
v -0.530062 0.634193 -0.090062
v -0.539489 0.640000 -0.071721
v -0.202001 0.632390 -0.085927
v -0.182757 0.617243 -0.071447
v -0.520000 0.659793 -0.080000
v -0.503561 0.680000 -0.072981
v -0.493604 0.680000 -0.093604
v -0.252958 0.667042 -0.086402
v -0.237157 0.656417 -0.070060
v -0.279903 0.680310 -0.078115
v -0.480000 0.697435 -0.080000
v -0.443573 0.708831 -0.085621
v -0.407253 0.709519 -0.088418
v -0.368493 0.706479 -0.090305
v -0.339173 0.700827 -0.099173
v -0.340866 0.699134 -0.071196
v -0.313242 0.692353 -0.071251
v -0.082280 -0.881478 -0.044150
v -0.119403 -0.879042 -0.034727
v -0.044478 -0.882775 -0.047693
v -0.006110 -0.883847 -0.050285
v 0.036019 -0.875075 -0.036990
v -0.237979 -0.834027 -0.035322
v -0.166619 -0.854814 -0.054814
v -0.154409 -0.869800 -0.032841
v -0.180105 -0.860105 -0.030678
v -0.140079 -0.860079 -0.060079
v -0.112549 -0.864213 -0.064213
v 0.040000 -0.859360 -0.059360
v 0.078173 -0.834743 -0.036660
v -0.287542 -0.803666 -0.048048
v -0.304274 -0.797798 -0.028942
v -0.256063 -0.816063 -0.056063
v -0.262258 -0.822258 -0.031514
v -0.232351 -0.822428 -0.062428
v 0.080000 -0.820727 -0.060727
v 0.101993 -0.800000 -0.040000
v -0.360103 -0.760434 -0.041675
v -0.327578 -0.776870 -0.052615
v 0.126189 -0.756515 -0.036086
v -0.377557 -0.737557 -0.057557
v -0.381225 -0.741225 -0.030712
v -0.399661 -0.718040 -0.038572
v 0.142014 -0.720000 -0.040000
v -0.414577 -0.694577 -0.046604
v -0.437707 -0.665412 -0.029145
v -0.419952 -0.680000 -0.059952
v 0.159189 -0.680429 -0.040293
v -0.445735 -0.649878 -0.052046
v -0.463981 -0.634432 -0.037225
v 0.178312 -0.640000 -0.031257
v -0.482401 -0.611092 -0.046892
v 0.193962 -0.603982 -0.044868
v -0.530100 -0.565550 -0.051181
v -0.557105 -0.544999 -0.034567
v 0.207522 -0.555102 -0.034522
v -0.564840 -0.528949 -0.048838
v 0.214202 -0.510921 -0.029786
v -0.600444 -0.482762 -0.049334
v 0.219919 -0.500081 -0.060081
v 0.222511 -0.480000 -0.047730
v -0.612988 -0.447499 -0.049257
v 0.226849 -0.448672 -0.049195
v -0.616030 -0.411693 -0.047532
v -0.619793 -0.390107 -0.059793
v 0.236119 -0.402496 -0.049746
v -0.618176 -0.378176 -0.040000
v -0.620637 -0.350786 -0.040000
v 0.239706 -0.361761 -0.042326
v 0.262097 -0.360000 -0.057903
v -0.623877 -0.312062 -0.040000
v 0.275045 -0.321954 -0.047915
v 0.257584 -0.320000 -0.033527
v 0.297854 -0.320000 -0.062146
v -0.623451 -0.271401 -0.040000
v 0.315179 -0.279000 -0.044907
v 0.339998 -0.280000 -0.060002
v -0.620989 -0.230204 -0.040000
v 0.359245 -0.240074 -0.042746
v 0.360000 -0.264734 -0.064734
v -0.618798 -0.200000 -0.040000
v 0.401753 -0.203796 -0.042092
v 0.376001 -0.223999 -0.040000
v -0.613866 -0.169466 -0.051218
v 0.440000 -0.176298 -0.040000
v 0.474570 -0.154932 -0.039623
v -0.598666 -0.119505 -0.039401
v 0.515955 -0.124642 -0.042738
v -0.600000 -0.097356 -0.057356
v -0.588788 -0.073332 -0.031496
v 0.558949 -0.080128 -0.039651
v -0.591518 -0.034799 -0.033789
v 0.565898 -0.037734 -0.037176
v 0.560000 -0.031315 -0.060890
v -0.590484 0.005877 -0.033003
v -0.579441 0.009883 -0.059441
v 0.570645 0.006852 -0.031856
v -0.593920 0.043729 -0.035372
v -0.581582 0.040000 -0.061582
v 0.576461 0.050291 -0.027574
v -0.599876 0.085340 -0.035294
v 0.572229 0.086917 -0.030666
v -0.602931 0.109976 -0.050486
v 0.555510 0.110801 -0.043634
v -0.617324 0.142676 -0.048518
v -0.626516 0.166817 -0.030059
v 0.520009 0.160048 -0.039273
v 0.537823 0.137823 -0.031079
v -0.640299 0.197672 -0.050182
v 0.477868 0.191241 -0.047489
v 0.498563 0.178563 -0.030341
v -0.654545 0.235291 -0.049221
v 0.437957 0.229851 -0.048395
v 0.456129 0.216129 -0.031383
v -0.658305 0.271454 -0.058305
v -0.662066 0.257934 -0.031506
v -0.666998 0.288321 -0.030468
v 0.359994 0.279971 -0.040087
v 0.384324 0.269339 -0.048256
v 0.406743 0.252284 -0.031239
v -0.659685 0.310560 -0.059686
v -0.663988 0.330838 -0.028072
v 0.338681 0.298680 -0.031811
v 0.342183 0.313499 -0.057817
v 0.320356 0.322355 -0.032154
v -0.656898 0.351624 -0.052253
v 0.309129 0.344121 -0.048340
v 0.282630 0.372891 -0.030940
v 0.295695 0.360000 -0.064305
v -0.651738 0.392172 -0.048452
v 0.237653 0.398327 -0.045421
v 0.200627 0.401043 -0.035501
v 0.268936 0.388936 -0.045030
v -0.648855 0.434197 -0.046336
v -0.000890 0.437156 -0.045961
v 0.035057 0.436084 -0.047812
v 0.068087 0.427835 -0.045325
v 0.093226 0.417152 -0.035132
v 0.110398 0.436870 -0.054244
v 0.124251 0.417471 -0.030569
v 0.154807 0.428614 -0.051386
v 0.165441 0.409970 -0.033273
v 0.183408 0.423408 -0.056592
v 0.207796 0.416301 -0.063699
v -0.641325 0.471369 -0.051095
v -0.045431 0.471053 -0.048823
v -0.018548 0.461452 -0.058548
v 0.008507 0.457267 -0.062733
v 0.047440 0.455305 -0.064695
v -0.637687 0.521347 -0.033198
v -0.619965 0.520000 -0.059965
v -0.081328 0.513593 -0.044434
v -0.611112 0.553830 -0.051112
v -0.621559 0.560000 -0.032233
v -0.120584 0.557191 -0.042070
v -0.102291 0.537709 -0.031024
v -0.593649 0.596718 -0.036048
v -0.576761 0.600000 -0.056761
v -0.161226 0.594597 -0.043948
v -0.142219 0.577781 -0.031074
v -0.559368 0.640511 -0.036967
v -0.560000 0.615263 -0.064737
v -0.211230 0.634786 -0.051085
v -0.237201 0.649789 -0.032232
v -0.519721 0.679131 -0.037633
v -0.288822 0.676745 -0.049314
v -0.317599 0.687963 -0.034638
v -0.257502 0.662498 -0.047943
v -0.480000 0.704559 -0.048896
v -0.443722 0.715177 -0.043981
v -0.405092 0.712194 -0.046056
v -0.367039 0.705005 -0.051587
v -0.351538 0.700042 -0.035705
v -0.129843 -0.883270 -0.010295
v -0.158081 -0.874058 0.004153
v -0.085724 -0.889624 -0.006840
v -0.047125 -0.891777 -0.008513
v -0.007906 -0.892962 -0.009471
v 0.038177 -0.882217 -0.001627
v -0.206758 -0.852421 -0.008900
v -0.239391 -0.838396 0.001497
v -0.182758 -0.862758 0.009030
v 0.078325 -0.840884 0.000210
v -0.285291 -0.810221 -0.007426
v -0.317835 -0.793628 0.005726
v -0.262356 -0.822356 0.009481
v 0.102078 -0.800000 -0.009375
v -0.361400 -0.766586 -0.004660
v -0.339797 -0.779797 -0.019797
v -0.342630 -0.782630 0.000000
v 0.125903 -0.757281 0.002961
v -0.380881 -0.740881 0.000000
v -0.399516 -0.717072 0.002330
v 0.145458 -0.720000 -0.007396
v -0.416392 -0.696392 -0.008181
v -0.428581 -0.674345 0.008700
v 0.163374 -0.678903 0.001439
v -0.446764 -0.651793 -0.004543
v -0.464831 -0.633210 0.003041
v -0.457787 -0.640000 -0.017787
v 0.178298 -0.640000 0.009097
v -0.488213 -0.613213 -0.007601
v -0.517038 -0.584514 0.010466
v -0.499457 -0.600000 -0.019457
v 0.188284 -0.608547 -0.009025
v -0.528828 -0.573848 -0.007872
v -0.558275 -0.551468 0.007120
v 0.202357 -0.558936 0.001870
v 0.200000 -0.576537 -0.016537
v -0.578177 -0.527029 -0.018177
v -0.576803 -0.536803 0.000000
v -0.595286 -0.508873 0.003690
v 0.210809 -0.513044 0.008091
v -0.603977 -0.489279 -0.009981
v 0.215539 -0.470064 0.011681
v 0.217644 -0.470991 -0.022356
v -0.615907 -0.449591 -0.011783
v 0.217637 -0.428764 0.013278
v 0.220406 -0.440000 -0.019594
v -0.616920 -0.410504 -0.012727
v 0.221906 -0.409337 -0.018094
v 0.217958 -0.400000 0.009007
v -0.615629 -0.369598 -0.012030
v 0.224434 -0.369677 -0.010713
v -0.615830 -0.329665 -0.012524
v 0.235602 -0.322763 -0.011769
v -0.618452 -0.289232 -0.018452
v -0.614217 -0.286776 0.000000
v 0.240000 -0.304984 0.005755
v 0.259761 -0.300239 -0.020239
v 0.263757 -0.280000 -0.005783
v 0.285471 -0.280000 -0.024669
v -0.619260 -0.249941 -0.019260
v -0.616274 -0.248128 0.000000
v 0.280000 -0.251333 0.000000
v 0.321245 -0.238060 0.005191
v 0.344583 -0.240000 -0.015417
v -0.615313 -0.209992 -0.011945
v 0.360000 -0.228318 0.005714
v 0.400688 -0.199278 0.000051
v -0.599059 -0.159793 0.000148
v 0.443962 -0.167323 -0.005142
v 0.462636 -0.160000 -0.017364
v -0.600000 -0.144645 -0.024645
v -0.584768 -0.109998 0.011259
v 0.484393 -0.148491 0.004946
v 0.496032 -0.143968 -0.023968
v 0.520000 -0.132156 -0.005920
v 0.537869 -0.120000 0.007944
v -0.585548 -0.071307 0.010869
v 0.564956 -0.077995 0.002531
v -0.592115 -0.035445 0.005860
v 0.574509 -0.030512 0.010956
v -0.594918 0.003160 0.003712
v 0.575409 0.009394 0.011517
v -0.594260 0.043566 0.004195
v 0.575089 0.049176 0.010971
v -0.597572 0.088796 0.009204
v 0.572170 0.086559 0.008434
v -0.600846 0.115144 -0.000651
v 0.560266 0.121406 0.004387
v -0.615740 0.144260 -0.008254
v -0.625170 0.167890 0.010864
v 0.519420 0.157205 -0.002292
v 0.539876 0.139876 0.009108
v -0.640688 0.194733 -0.003916
v 0.479644 0.198495 -0.001160
v 0.497297 0.177297 0.007923
v -0.655686 0.224314 -0.007910
v -0.661537 0.246120 0.014509
v 0.438980 0.235794 -0.003530
v 0.458064 0.218064 0.007745
v -0.671399 0.285519 0.006659
v 0.350304 0.274889 -0.010455
v 0.325164 0.293983 0.002402
v 0.381860 0.261860 -0.018140
v 0.379324 0.259324 0.009628
v 0.412095 0.245693 0.013135
v -0.665984 0.329606 0.010811
v 0.316921 0.314109 -0.006462
v -0.660229 0.360000 -0.009804
v 0.303828 0.343828 -0.007803
v 0.281381 0.366180 0.004719
v -0.655788 0.389305 -0.011787
v 0.156430 0.397593 -0.006953
v 0.120407 0.401069 0.000831
v 0.194091 0.390190 -0.006496
v 0.180685 0.400000 -0.019315
v 0.233304 0.388648 -0.007949
v 0.263527 0.383527 -0.007627
v -0.654805 0.430544 -0.010992
v -0.013860 0.426140 -0.006505
v 0.006755 0.411190 0.009780
v -0.038460 0.449653 0.007380
v 0.009232 0.419031 -0.020969
v 0.040886 0.401493 0.001311
v 0.048229 0.416798 -0.023202
v 0.081427 0.402369 0.002025
v -0.654713 0.470806 -0.010727
v -0.055444 0.474261 -0.012578
v -0.062314 0.487216 0.003894
v -0.649813 0.513723 -0.006970
v -0.081130 0.513763 -0.004676
v -0.632997 0.557159 0.005565
v -0.120438 0.557753 -0.001426
v -0.101878 0.538122 0.008923
v -0.602387 0.598642 -0.008801
v -0.619635 0.580365 0.000000
v -0.160840 0.596527 -0.002739
v -0.141400 0.578600 0.000000
v -0.565375 0.635945 -0.003897
v -0.204484 0.628524 -0.007429
v -0.237819 0.647325 0.005511
v -0.510543 0.691196 0.002790
v -0.284089 0.672312 -0.005724
v -0.304804 0.682035 0.010231
v -0.300962 0.680000 -0.020962
v -0.259468 0.660532 -0.019468
v -0.260319 0.659681 0.009248
v -0.480000 0.709292 -0.005798
v -0.440903 0.718759 -0.000979
v -0.402108 0.716708 -0.002504
v -0.367307 0.707299 -0.009628
v -0.342147 0.697853 0.008503
v -0.119647 -0.878647 0.041047
v -0.081784 -0.884708 0.037295
v -0.045380 -0.888238 0.034135
v -0.004166 -0.888477 0.034303
v 0.039119 -0.878916 0.031515
v -0.204891 -0.849229 0.032952
v -0.225912 -0.834757 0.042954
v -0.155522 -0.869745 0.040000
v -0.180064 -0.860063 0.040000
v 0.058716 -0.861283 0.018717
v 0.079199 -0.837034 0.042130
v -0.282123 -0.807434 0.035749
v -0.259584 -0.819583 0.040000
v 0.101180 -0.800000 0.049613
v 0.103546 -0.800000 0.023546
v -0.359528 -0.752580 0.046387
v -0.337681 -0.777681 0.030382
v -0.315313 -0.787941 0.040000
v 0.125764 -0.757701 0.042572
v -0.377559 -0.737559 0.030834
v -0.396190 -0.711462 0.041991
v 0.145276 -0.720000 0.032604
v -0.412919 -0.692919 0.033223
v -0.424255 -0.669199 0.047814
v 0.162399 -0.680112 0.040137
v -0.441865 -0.650462 0.031636
v 0.176549 -0.640000 0.047353
v -0.482570 -0.611483 0.030634
v -0.462736 -0.622736 0.049498
v 0.187111 -0.609204 0.030149
v -0.531202 -0.571202 0.034336
v -0.510723 -0.585914 0.046680
v -0.553329 -0.546216 0.043352
v 0.199334 -0.560296 0.032729
v -0.571078 -0.531078 0.033996
v -0.582544 -0.513635 0.040000
v 0.202768 -0.518212 0.050654
v -0.600313 -0.484410 0.036548
v 0.211061 -0.472865 0.047892
v -0.611842 -0.447215 0.030841
v 0.214912 -0.430147 0.051043
v -0.613158 -0.408352 0.029863
v 0.216478 -0.400000 0.048196
v -0.613273 -0.368353 0.029933
v 0.220531 -0.369834 0.040000
v 0.221454 -0.369098 0.021454
v -0.613796 -0.328536 0.029752
v 0.244821 -0.319286 0.044381
v -0.617211 -0.290364 0.027401
v 0.258956 -0.301044 0.018956
v 0.283903 -0.301552 0.046807
v 0.280000 -0.291986 0.028014
v 0.283984 -0.273418 0.017260
v 0.325258 -0.269964 0.047696
v -0.617788 -0.246769 0.026827
v 0.320000 -0.254759 0.025241
v 0.358427 -0.240350 0.038593
v -0.609436 -0.206277 0.032787
v 0.397231 -0.205325 0.035886
v -0.600152 -0.159711 0.035669
v 0.440000 -0.178333 0.049539
v 0.440000 -0.173850 0.026150
v 0.475986 -0.153136 0.044709
v 0.457592 -0.160000 0.017592
v -0.590450 -0.113622 0.046959
v 0.503156 -0.136844 0.032015
v 0.523396 -0.124729 0.038301
v -0.585608 -0.070928 0.050666
v 0.557913 -0.081215 0.032383
v -0.588658 -0.033008 0.048769
v 0.575185 -0.036599 0.048913
v -0.598357 0.000900 0.041248
v 0.577542 0.012982 0.048807
v -0.599597 0.042214 0.053105
v 0.571597 0.046180 0.048280
v -0.599735 0.082449 0.047197
v 0.560634 0.083466 0.049904
v -0.607951 0.115306 0.034218
v 0.549818 0.113468 0.030060
v 0.522570 0.132649 0.047964
v -0.616650 0.143350 0.023350
v -0.619538 0.140462 0.049673
v -0.628130 0.166759 0.048713
v 0.514338 0.152100 0.029792
v 0.482626 0.172108 0.047523
v -0.640510 0.195932 0.037329
v 0.474529 0.190981 0.028950
v 0.441034 0.204344 0.053809
v -0.653237 0.230949 0.033993
v 0.433653 0.225422 0.029143
v 0.400424 0.242041 0.048132
v -0.660285 0.259715 0.040000
v -0.664627 0.287800 0.040000
v 0.357130 0.271656 0.033487
v 0.378375 0.258375 0.049489
v -0.664259 0.328794 0.040000
v 0.320150 0.321762 0.041513
v 0.337204 0.297204 0.040000
v -0.658937 0.360000 0.030139
v 0.305418 0.345418 0.032367
v 0.285162 0.369701 0.042484
v -0.654640 0.389957 0.028725
v 0.160000 0.400000 0.020040
v 0.194577 0.392081 0.034013
v 0.165352 0.406561 0.042362
v 0.233409 0.389244 0.031776
v 0.262476 0.382476 0.031082
v -0.651625 0.432556 0.031151
v 0.002197 0.436859 0.043005
v -0.020714 0.440000 0.019286
v 0.042484 0.435840 0.046253
v 0.072797 0.429029 0.043095
v 0.102828 0.422828 0.040000
v 0.127803 0.417838 0.040000
v -0.651188 0.473090 0.031408
v -0.048746 0.476072 0.035107
v -0.033247 0.458806 0.040000
v -0.639374 0.520830 0.040792
v -0.081249 0.513133 0.034853
v -0.640000 0.535336 0.015336
v -0.615608 0.560000 0.040000
v -0.101382 0.538618 0.040000
v -0.119515 0.562345 0.041757
v -0.596640 0.588664 0.037454
v -0.161479 0.594398 0.035791
v -0.139901 0.580099 0.020099
v -0.141460 0.578540 0.049115
v -0.557644 0.633544 0.036267
v -0.584373 0.615627 0.015627
v -0.206070 0.625040 0.028207
v -0.193359 0.612774 0.049071
v -0.239722 0.640904 0.045354
v -0.519592 0.678539 0.036584
v -0.536774 0.663226 0.023226
v -0.285757 0.669286 0.034617
v -0.319509 0.681449 0.045393
v -0.476488 0.697069 0.046636
v -0.480000 0.704476 0.024476
v -0.447670 0.708579 0.031889
v -0.406661 0.709520 0.032590
v -0.368122 0.703233 0.027684
v -0.352892 0.692835 0.048690
v -0.025311 -0.880000 0.054689
v -0.200000 -0.840000 0.059658
v -0.157215 -0.843322 0.083948
v -0.160000 -0.855803 0.064197
v -0.141966 -0.861966 0.058034
v -0.126151 -0.853376 0.080000
v -0.071419 -0.862171 0.080000
v -0.098346 -0.858346 0.080000
v -0.032296 -0.864534 0.080000
v 0.000000 -0.864900 0.080000
v 0.040000 -0.855916 0.080000
v 0.019608 -0.860392 0.080000
v 0.046693 -0.840000 0.090618
v 0.066452 -0.840000 0.066452
v -0.237643 -0.804970 0.078287
v -0.196302 -0.830443 0.080000
v -0.217273 -0.817273 0.080000
v 0.080000 -0.817411 0.080000
v 0.085965 -0.796503 0.094038
v -0.318273 -0.757301 0.081032
v -0.302313 -0.782313 0.057687
v -0.273842 -0.783923 0.080000
v -0.292548 -0.772548 0.080000
v 0.117935 -0.761505 0.071723
v -0.363080 -0.724100 0.077462
v -0.342452 -0.742452 0.080000
v 0.136778 -0.720000 0.087171
v 0.142998 -0.720000 0.062998
v -0.400817 -0.687110 0.073788
v -0.382395 -0.702395 0.080000
v 0.158786 -0.680791 0.071611
v -0.438500 -0.633105 0.085960
v -0.419445 -0.659445 0.080000
v 0.170733 -0.632863 0.087631
v -0.480291 -0.601236 0.078983
v -0.457561 -0.617561 0.080000
v 0.177784 -0.622216 0.057784
v 0.178851 -0.600000 0.088564
v 0.183536 -0.600000 0.063536
v -0.519952 -0.559170 0.080787
v -0.501049 -0.581049 0.080000
v 0.187465 -0.568440 0.070968
v -0.555725 -0.508449 0.082036
v -0.538240 -0.538240 0.080000
v 0.193330 -0.524391 0.075239
v -0.572709 -0.492709 0.071887
v -0.578729 -0.471585 0.080000
v 0.199315 -0.487683 0.070093
v -0.592581 -0.433586 0.083115
v 0.200715 -0.439715 0.089610
v -0.600637 -0.403291 0.079566
v 0.209656 -0.396691 0.084453
v -0.608649 -0.365317 0.073335
v 0.223142 -0.368098 0.067948
v -0.612133 -0.327325 0.070790
v 0.240000 -0.342062 0.088187
v 0.240000 -0.337001 0.062999
v 0.277382 -0.323573 0.072774
v 0.315772 -0.316233 0.082507
v -0.616789 -0.290125 0.067308
v 0.320000 -0.297659 0.062341
v 0.352656 -0.281345 0.071764
v 0.338604 -0.301396 0.089710
v -0.616977 -0.250923 0.067082
v 0.360000 -0.256475 0.063525
v 0.384511 -0.240000 0.080000
v -0.609274 -0.206382 0.072911
v 0.400000 -0.220479 0.088356
v 0.400000 -0.213239 0.066761
v 0.418823 -0.200000 0.080000
v -0.602592 -0.160785 0.077940
v 0.440000 -0.187914 0.085129
v 0.477837 -0.158001 0.082199
v -0.595783 -0.117169 0.083152
v 0.511897 -0.128380 0.079131
v -0.589735 -0.073635 0.087467
v 0.536588 -0.103412 0.080000
v 0.549482 -0.090518 0.069482
v 0.558758 -0.075534 0.083116
v -0.587899 -0.032349 0.088801
v 0.585372 -0.040000 0.080000
v -0.589911 0.005601 0.087350
v 0.586551 -0.009460 0.068755
v -0.600729 0.037320 0.079443
v -0.600000 0.019782 0.059782
v 0.583280 0.023280 0.080000
v 0.562784 0.056096 0.085594
v -0.606325 0.076084 0.075397
v 0.550761 0.075250 0.075586
v 0.560000 0.061413 0.061413
v -0.616110 0.112257 0.068037
v -0.624256 0.129239 0.091618
v 0.519093 0.116072 0.069705
v 0.540448 0.100448 0.060448
v -0.632694 0.164484 0.085618
v 0.479604 0.158085 0.074229
v 0.503333 0.143333 0.063333
v -0.640334 0.195384 0.077978
v 0.438170 0.193142 0.075920
v 0.455967 0.175967 0.087952
v 0.462236 0.182236 0.062236
v -0.646914 0.236240 0.074782
v 0.398231 0.231813 0.074847
v 0.418654 0.218653 0.058653
v -0.652975 0.272566 0.069707
v 0.362141 0.284299 0.081476
v 0.378142 0.258142 0.080000
v -0.660026 0.299974 0.059974
v -0.654872 0.312912 0.080000
v -0.661854 0.320000 0.058146
v 0.341574 0.301574 0.061574
v 0.347243 0.307242 0.080000
v 0.335924 0.331221 0.088297
v -0.654319 0.350215 0.068393
v 0.317306 0.352168 0.079254
v 0.303944 0.360000 0.063944
v -0.641466 0.399295 0.079189
v 0.217260 0.400000 0.057260
v 0.240000 0.400000 0.060858
v 0.278015 0.390809 0.073705
v 0.298091 0.378091 0.080000
v -0.640000 0.427462 0.067462
v -0.633823 0.444592 0.076765
v 0.095624 0.440000 0.055624
v 0.120000 0.440000 0.057746
v 0.159793 0.442301 0.081926
v 0.185234 0.425234 0.080000
v 0.207091 0.416229 0.080000
v 0.243656 0.414808 0.092677
v -0.640000 0.457817 0.057817
v -0.640000 0.485973 0.054748
v -0.622523 0.480000 0.080000
v -0.040000 0.480000 0.057764
v -0.001813 0.473627 0.070326
v 0.040471 0.478960 0.081934
v 0.075491 0.472913 0.082648
v 0.128178 0.460161 0.080000
v 0.107249 0.467249 0.080000
v -0.595780 0.520789 0.084751
v -0.079103 0.525578 0.084287
v -0.054000 0.506000 0.072351
v -0.032893 0.496473 0.080000
v -0.600000 0.546482 0.066482
v -0.600000 0.565150 0.053349
v -0.579144 0.560000 0.080000
v -0.120060 0.559737 0.076197
v -0.099031 0.540969 0.070736
v -0.563851 0.594780 0.074472
v -0.170902 0.595322 0.068181
v -0.197365 0.608068 0.086344
v -0.143441 0.576559 0.088708
v -0.560000 0.616346 0.056346
v -0.521459 0.637853 0.077670
v -0.246008 0.637330 0.073619
v -0.279009 0.642743 0.088550
v -0.215321 0.624679 0.064679
v -0.220306 0.619694 0.089348
v -0.520000 0.658106 0.058106
v -0.482765 0.675072 0.070411
v -0.439304 0.680279 0.080699
v -0.360430 0.679265 0.077589
v -0.326251 0.669025 0.075044
v -0.337575 0.680000 0.062425
v -0.287704 0.661837 0.061837
v -0.431385 0.697403 0.057403
v -0.398187 0.681306 0.083089
v -0.392065 0.697037 0.057037
v -0.110776 -0.840000 0.096518
v -0.080000 -0.840000 0.102473
v -0.048102 -0.840000 0.104438
v -0.008201 -0.840000 0.103657
v 0.021132 -0.840000 0.101132
v -0.196629 -0.793720 0.118839
v -0.181262 -0.821262 0.098738
v -0.157217 -0.803910 0.126349
v -0.126730 -0.810097 0.122617
v -0.071454 -0.822272 0.120000
v -0.097656 -0.817656 0.120000
v -0.031522 -0.823633 0.120000
v 0.000000 -0.821509 0.120000
v 0.046282 -0.800710 0.126599
v 0.022060 -0.817940 0.120000
v 0.059077 -0.820923 0.099077
v 0.070423 -0.800000 0.110423
v -0.280000 -0.760000 0.099440
v -0.239416 -0.760352 0.120972
v -0.217393 -0.777393 0.120000
v 0.080000 -0.779388 0.120000
v 0.085759 -0.757025 0.130925
v 0.105425 -0.760000 0.105425
v -0.321208 -0.717553 0.120961
v -0.272837 -0.741975 0.120000
v -0.292243 -0.732243 0.120000
v 0.120418 -0.716520 0.124131
v 0.120000 -0.734835 0.105165
v -0.363525 -0.687480 0.118670
v -0.342865 -0.702865 0.120000
v 0.140865 -0.699135 0.100865
v 0.138948 -0.675505 0.127892
v 0.147973 -0.680000 0.107973
v -0.410724 -0.644175 0.115640
v -0.393526 -0.659987 0.120000
v 0.158950 -0.640584 0.116478
v -0.448099 -0.612162 0.114207
v -0.474025 -0.588364 0.122859
v 0.164468 -0.597002 0.133019
v -0.492794 -0.572794 0.112625
v -0.502828 -0.553611 0.120000
v 0.180002 -0.579998 0.100002
v 0.176808 -0.560000 0.127715
v 0.183693 -0.560000 0.103693
v -0.522995 -0.524696 0.117551
v 0.180714 -0.539286 0.129901
v 0.186960 -0.526555 0.110615
v -0.560000 -0.480000 0.098148
v -0.534675 -0.494675 0.120000
v -0.544938 -0.469275 0.127945
v 0.192530 -0.484833 0.114757
v -0.563041 -0.448279 0.118765
v -0.577283 -0.440000 0.102717
v 0.199272 -0.439875 0.120262
v -0.577775 -0.417775 0.120000
v -0.586389 -0.390180 0.127146
v 0.214581 -0.400000 0.128320
v -0.600810 -0.362791 0.119503
v 0.240807 -0.358294 0.117652
v -0.611223 -0.326719 0.111510
v 0.271932 -0.334151 0.109203
v 0.319085 -0.320987 0.120104
v -0.615184 -0.289131 0.108554
v 0.362715 -0.278849 0.127499
v -0.615969 -0.250251 0.107895
v 0.375155 -0.264845 0.120000
v 0.376727 -0.263273 0.096727
v 0.395947 -0.233036 0.122996
v -0.610649 -0.207117 0.111980
v 0.443714 -0.195838 0.121631
v -0.604518 -0.163098 0.117577
v 0.476522 -0.165848 0.115280
v -0.597703 -0.119649 0.122347
v -0.600000 -0.137406 0.102594
v 0.519938 -0.119983 0.119316
v -0.591538 -0.074592 0.126403
v 0.549523 -0.080000 0.115169
v -0.592840 -0.035554 0.125391
v 0.560000 -0.061960 0.120000
v 0.575438 -0.027336 0.123821
v 0.579992 -0.040000 0.099992
v -0.590572 0.005632 0.127140
v 0.587348 -0.006673 0.110597
v -0.600437 0.034921 0.116872
v 0.582138 0.022138 0.111682
v 0.561001 0.044911 0.133261
v -0.611439 0.073248 0.111624
v 0.543729 0.069391 0.111013
v 0.521436 0.089832 0.127715
v -0.619197 0.100803 0.110909
v -0.623791 0.125318 0.133115
v 0.510036 0.104809 0.111729
v 0.497263 0.124433 0.133804
v -0.632380 0.164759 0.126167
v 0.478075 0.149523 0.112548
v -0.635235 0.203161 0.123922
v 0.439802 0.199073 0.119262
v 0.456969 0.176969 0.120000
v -0.633360 0.244237 0.124732
v 0.402601 0.247788 0.120626
v 0.422357 0.222357 0.120000
v -0.638825 0.285256 0.119867
v 0.386855 0.266855 0.111989
v 0.379516 0.288028 0.124462
v -0.644634 0.318809 0.118587
v 0.360519 0.323300 0.122492
v -0.639922 0.360088 0.120086
v 0.342969 0.342969 0.120000
v 0.325906 0.372128 0.124474
v -0.640000 0.377016 0.097016
v -0.623730 0.400000 0.120000
v 0.307098 0.387098 0.112285
v 0.282614 0.413690 0.130330
v -0.603564 0.436332 0.116161
v 0.201127 0.449625 0.128146
v 0.231062 0.428540 0.112846
v 0.260913 0.420913 0.120000
v -0.600000 0.465006 0.105006
v -0.600000 0.486877 0.097136
v -0.554565 0.492171 0.127567
v 0.095023 0.480000 0.095023
v 0.120000 0.480000 0.097900
v 0.157635 0.475630 0.118817
v 0.179696 0.459696 0.120000
v -0.571699 0.508301 0.108301
v -0.554970 0.521018 0.116189
v -0.040000 0.520000 0.102474
v -0.002539 0.521564 0.115853
v 0.039987 0.520322 0.120270
v 0.076128 0.513613 0.122858
v 0.126609 0.496625 0.120000
v 0.105049 0.505049 0.120000
v -0.560000 0.544370 0.104370
v -0.560000 0.566456 0.095200
v -0.518114 0.576431 0.124662
v -0.087223 0.549471 0.114976
v -0.118217 0.566789 0.124964
v -0.059201 0.540799 0.120000
v -0.033813 0.534211 0.120000
v -0.526694 0.591889 0.109427
v -0.500708 0.600000 0.120000
v -0.165905 0.588969 0.114022
v -0.199782 0.600514 0.122348
v -0.520000 0.616030 0.096030
v -0.475298 0.603709 0.127396
v -0.488729 0.625561 0.105561
v -0.476364 0.646702 0.097277
v -0.443898 0.637284 0.115432
v -0.398163 0.640822 0.121883
v -0.322414 0.638137 0.115692
v -0.359689 0.640645 0.121514
v -0.291065 0.634326 0.109774
v -0.246624 0.624847 0.104847
v -0.234850 0.608886 0.126128
v -0.440000 0.659702 0.099702
v -0.409511 0.661907 0.101907
v -0.378473 0.661527 0.101527
v -0.350798 0.659702 0.099702
v -0.320000 0.654794 0.094794
v -0.108367 -0.800000 0.131633
v -0.071940 -0.800000 0.135853
v -0.031146 -0.800000 0.137542
v 0.006573 -0.800000 0.134831
v -0.200000 -0.760000 0.140819
v -0.160270 -0.761390 0.157892
v -0.121620 -0.761649 0.157920
v -0.077489 -0.756568 0.163928
v -0.036095 -0.754563 0.166365
v -0.000743 -0.756752 0.165309
v 0.036343 -0.769927 0.148372
v 0.064641 -0.760000 0.144641
v -0.280000 -0.720000 0.136232
v -0.253238 -0.720000 0.146762
v -0.236197 -0.713909 0.159058
v -0.203721 -0.726697 0.162528
v -0.183180 -0.743180 0.160000
v 0.079966 -0.720017 0.160023
v 0.102461 -0.720000 0.142461
v -0.323017 -0.685419 0.158638
v -0.270692 -0.698978 0.160000
v -0.293958 -0.693958 0.160000
v 0.115464 -0.682179 0.151149
v -0.400000 -0.640000 0.136222
v -0.379094 -0.659094 0.140906
v -0.354625 -0.665528 0.160000
v -0.371685 -0.651685 0.160000
v -0.393410 -0.627151 0.163309
v 0.127515 -0.630881 0.163297
v 0.143977 -0.640000 0.143977
v -0.438351 -0.596818 0.160637
v -0.418982 -0.618982 0.141018
v -0.413056 -0.613056 0.160000
v 0.149960 -0.604651 0.153583
v -0.478847 -0.557421 0.160576
v -0.459447 -0.579447 0.160000
v 0.160339 -0.558490 0.161959
v -0.500927 -0.540927 0.139073
v -0.495306 -0.535306 0.160000
v -0.505720 -0.514292 0.160000
v 0.166438 -0.520000 0.171180
v 0.183651 -0.520000 0.143651
v -0.520264 -0.480617 0.159800
v 0.180985 -0.499015 0.169731
v 0.190574 -0.484605 0.153493
v -0.535871 -0.455871 0.160000
v -0.545216 -0.436206 0.172056
v 0.209597 -0.433537 0.167856
v 0.200000 -0.454325 0.145675
v -0.564330 -0.409809 0.156476
v 0.222606 -0.400000 0.160000
v -0.578806 -0.378806 0.160000
v -0.589070 -0.355270 0.160000
v 0.241025 -0.361574 0.157364
v -0.599877 -0.319832 0.159652
v 0.253722 -0.346278 0.133722
v 0.284234 -0.324637 0.158379
v 0.304321 -0.320000 0.144321
v -0.606563 -0.284216 0.155460
v 0.320000 -0.306632 0.160000
v 0.339531 -0.280000 0.168229
v 0.349099 -0.280000 0.149098
v -0.610784 -0.246884 0.151598
v 0.365363 -0.242955 0.163075
v 0.381016 -0.240000 0.141016
v -0.601376 -0.200215 0.159717
v 0.400000 -0.221996 0.160000
v 0.425669 -0.214331 0.145669
v 0.436501 -0.204822 0.163877
v -0.600000 -0.174055 0.145945
v -0.591801 -0.154453 0.166668
v 0.480000 -0.176982 0.152364
v 0.498197 -0.160000 0.160000
v -0.589506 -0.113461 0.168542
v 0.522681 -0.119190 0.161053
v -0.592036 -0.075082 0.166415
v 0.531225 -0.075055 0.167374
v 0.541936 -0.080000 0.141936
v -0.590267 -0.034128 0.167569
v 0.554340 -0.043975 0.147091
v -0.593296 0.004088 0.165186
v 0.559556 -0.002993 0.156340
v 0.575913 0.007170 0.135913
v -0.598431 0.046779 0.161266
v 0.554799 0.030235 0.151031
v -0.605725 0.076538 0.156381
v 0.543356 0.063356 0.143356
v 0.520262 0.082363 0.166828
v -0.614200 0.105800 0.152572
v -0.618799 0.129852 0.160000
v 0.508582 0.112312 0.154945
v -0.623644 0.168018 0.160000
v 0.480421 0.166207 0.165254
v 0.496435 0.136435 0.168527
v -0.624559 0.208090 0.160000
v 0.465391 0.185391 0.151571
v 0.458239 0.207288 0.160000
v -0.622255 0.248522 0.160000
v 0.440000 0.214766 0.134766
v 0.440351 0.246104 0.165843
v -0.622971 0.288548 0.160000
v 0.401163 0.290296 0.167675
v 0.423500 0.263500 0.160000
v -0.626190 0.320000 0.160000
v 0.383793 0.303793 0.160000
v 0.362233 0.329654 0.167631
v -0.617231 0.342769 0.160000
v -0.591239 0.365065 0.169809
v 0.345694 0.345694 0.152418
v 0.331390 0.365493 0.168246
v -0.596351 0.396320 0.153482
v 0.313767 0.388685 0.151867
v -0.600000 0.416201 0.136201
v -0.564811 0.429709 0.152880
v 0.244348 0.444471 0.157336
v 0.271846 0.428223 0.153961
v 0.295576 0.415576 0.168127
v -0.560000 0.459512 0.139512
v -0.528387 0.477773 0.150692
v 0.197369 0.474492 0.159062
v 0.220209 0.460209 0.160000
v -0.520000 0.506317 0.146317
v -0.520000 0.528867 0.140192
v -0.506074 0.493926 0.160000
v -0.474349 0.526312 0.166594
v 0.098856 0.520000 0.138856
v 0.126310 0.526716 0.159161
v 0.143299 0.503299 0.143299
v 0.159656 0.506020 0.160000
v -0.487193 0.553485 0.150517
v -0.434835 0.563067 0.165130
v -0.079886 0.559390 0.159472
v -0.028989 0.561911 0.161257
v -0.001393 0.556480 0.159282
v 0.008020 0.540238 0.140238
v 0.045141 0.557656 0.168446
v 0.066178 0.546178 0.160000
v 0.089143 0.540927 0.160000
v -0.480000 0.581093 0.141093
v -0.446638 0.588188 0.148188
v -0.436164 0.607279 0.138855
v -0.404591 0.595924 0.152446
v -0.361698 0.598649 0.157673
v -0.321991 0.598422 0.156934
v -0.283975 0.598529 0.151123
v -0.248082 0.596513 0.150425
v -0.205874 0.589347 0.153158
v -0.196299 0.580000 0.167386
v -0.167384 0.584797 0.149207
v -0.156317 0.575114 0.168043
v -0.139460 0.580540 0.140540
v -0.112417 0.572155 0.169129
v -0.390186 0.619121 0.139121
v -0.350166 0.620236 0.140236
v -0.311440 0.617628 0.137629
v -0.187109 -0.720000 0.172891
v -0.160000 -0.720000 0.184292
v -0.126950 -0.720000 0.186515
v -0.086216 -0.720000 0.187722
v -0.046086 -0.720000 0.188055
v -0.006317 -0.720000 0.187395
v 0.022296 -0.720000 0.182296
v 0.050791 -0.712034 0.175187
v -0.307843 -0.680000 0.172157
v -0.280000 -0.680000 0.182476
v -0.241704 -0.678887 0.196907
v -0.216490 -0.696490 0.183510
v -0.198630 -0.682067 0.203316
v -0.158637 -0.684754 0.205489
v -0.127863 -0.692265 0.202335
v -0.088707 -0.693242 0.202080
v -0.049238 -0.698448 0.200000
v 0.005940 -0.672537 0.209890
v -0.017605 -0.697605 0.200000
v 0.039548 -0.681571 0.197966
v 0.064313 -0.680000 0.184313
v 0.089698 -0.673079 0.174144
v -0.357561 -0.635687 0.201022
v -0.338097 -0.658097 0.181903
v -0.324825 -0.651456 0.200000
v -0.274289 -0.667196 0.200000
v -0.299400 -0.659400 0.200000
v 0.077763 -0.647571 0.190023
v 0.099985 -0.640000 0.179985
v -0.399274 -0.598313 0.200311
v -0.378872 -0.618872 0.200000
v 0.080682 -0.597421 0.203371
v 0.105434 -0.608078 0.185434
v 0.130787 -0.592345 0.175464
v -0.436845 -0.553566 0.201931
v -0.417364 -0.577364 0.200000
v 0.114757 -0.568310 0.189351
v 0.085941 -0.557531 0.210544
v 0.140090 -0.560000 0.180090
v -0.476703 -0.510319 0.198465
v -0.455381 -0.535381 0.200000
v 0.119336 -0.522042 0.197248
v 0.146741 -0.527247 0.186741
v -0.498863 -0.498863 0.181136
v -0.490174 -0.490174 0.200000
v -0.503310 -0.473370 0.204150
v 0.160490 -0.479878 0.199521
v 0.185645 -0.480000 0.185645
v -0.527852 -0.452760 0.194493
v -0.538536 -0.431319 0.200000
v 0.203538 -0.437573 0.208031
v 0.200000 -0.452799 0.187201
v -0.560000 -0.400000 0.179219
v -0.554490 -0.388476 0.204655
v 0.224152 -0.400000 0.192033
v -0.568367 -0.367112 0.196746
v -0.580533 -0.351273 0.179467
v 0.241648 -0.359829 0.210313
v -0.574169 -0.326686 0.200000
v 0.278034 -0.321171 0.195352
v 0.263953 -0.336047 0.183953
v -0.578610 -0.298610 0.200000
v -0.587327 -0.274599 0.200000
v 0.316569 -0.283549 0.200146
v -0.600000 -0.256143 0.183857
v -0.592086 -0.235288 0.206302
v 0.357977 -0.240530 0.191551
v -0.600000 -0.219702 0.180298
v -0.586360 -0.191352 0.211000
v 0.402486 -0.208089 0.196478
v 0.371835 -0.228165 0.200000
v 0.425508 -0.200000 0.195104
v -0.582174 -0.150466 0.200000
v 0.443297 -0.189832 0.205313
v 0.480000 -0.176041 0.191637
v 0.496432 -0.160000 0.206669
v 0.501515 -0.160000 0.181515
v -0.580088 -0.110176 0.200000
v 0.518615 -0.121084 0.193015
v -0.582074 -0.071412 0.200000
v 0.518669 -0.080853 0.195372
v 0.520000 -0.097351 0.182649
v -0.584822 -0.032830 0.200000
v 0.518466 -0.048421 0.188816
v 0.534700 -0.032336 0.174700
v -0.588346 0.005619 0.200000
v 0.518340 -0.006439 0.191322
v 0.537974 0.008985 0.177974
v -0.583870 0.045071 0.213644
v 0.519097 0.036904 0.195318
v 0.534965 0.040000 0.174965
v -0.587679 0.087359 0.210109
v 0.516986 0.073005 0.192766
v -0.599979 0.120099 0.199999
v 0.505903 0.113755 0.189350
v 0.497381 0.123543 0.209799
v -0.605367 0.157758 0.197129
v 0.480480 0.165702 0.214485
v -0.604555 0.197427 0.196868
v 0.474219 0.196947 0.195511
v -0.599473 0.239167 0.199057
v 0.465541 0.233712 0.200000
v 0.462898 0.222898 0.182898
v -0.597406 0.275088 0.192886
v 0.433008 0.278430 0.193748
v 0.456803 0.256803 0.209058
v -0.600000 0.304399 0.184399
v -0.600000 0.328154 0.180288
v -0.558834 0.319992 0.202449
v 0.394797 0.311369 0.197741
v 0.416592 0.296592 0.200000
v -0.576642 0.343358 0.183357
v -0.560000 0.355052 0.188494
v -0.522123 0.357716 0.196739
v -0.543264 0.336736 0.200000
v -0.478173 0.361178 0.202783
v 0.347088 0.347088 0.193386
v 0.368116 0.332567 0.205608
v 0.325786 0.374181 0.202535
v -0.560000 0.379036 0.179036
v -0.553320 0.406827 0.169904
v -0.528618 0.384900 0.184899
v -0.520000 0.408629 0.179664
v -0.485522 0.394324 0.191744
v -0.437246 0.402463 0.203921
v 0.309112 0.394493 0.191899
v 0.320000 0.380001 0.180001
v -0.512255 0.447836 0.170742
v -0.487980 0.429013 0.185297
v -0.440470 0.439994 0.198855
v 0.279326 0.437741 0.198124
v 0.296005 0.416005 0.207718
v -0.480000 0.462375 0.182375
v -0.480000 0.486857 0.175659
v -0.445693 0.474466 0.192114
v -0.397250 0.481680 0.203820
v 0.233695 0.466991 0.193791
v 0.214467 0.486134 0.202824
v 0.240000 0.454272 0.174272
v -0.461428 0.498572 0.178572
v -0.440000 0.512873 0.183480
v -0.405203 0.514707 0.192348
v -0.360607 0.519517 0.199704
v 0.164229 0.525124 0.198005
v 0.181871 0.501871 0.181871
v 0.188325 0.508325 0.200000
v -0.430554 0.537475 0.177475
v -0.400000 0.543210 0.183210
v -0.392135 0.568191 0.172211
v -0.367272 0.546185 0.186185
v -0.353198 0.570154 0.175031
v -0.317718 0.522224 0.203013
v -0.326809 0.552699 0.188444
v -0.316127 0.567793 0.180356
v -0.286712 0.552063 0.187998
v -0.276691 0.522690 0.204039
v -0.276269 0.567067 0.177791
v -0.245686 0.553685 0.189972
v -0.234159 0.524595 0.208796
v -0.236432 0.567034 0.179062
v -0.204751 0.556499 0.193411
v -0.164964 0.556376 0.191770
v -0.125376 0.558065 0.194788
v 0.080000 0.560000 0.182411
v 0.119474 0.562139 0.201214
v 0.144397 0.544397 0.200000
v -0.072702 0.570845 0.208492
v -0.037033 0.571454 0.206125
v 0.008332 0.578172 0.200000
v 0.045962 0.572096 0.200000
v 0.085226 0.571777 0.200000
v -0.107796 -0.672022 0.212203
v -0.074060 -0.668330 0.213823
v -0.031655 -0.668904 0.213317
v -0.320000 -0.640000 0.218146
v -0.296567 -0.640000 0.223433
v -0.275311 -0.633119 0.237287
v -0.251957 -0.640000 0.228043
v -0.235215 -0.632618 0.237633
v -0.200136 -0.642740 0.236682
v -0.176074 -0.656074 0.223926
v -0.160049 -0.643745 0.234119
v -0.129920 -0.659283 0.220717
v -0.124159 -0.636262 0.233706
v -0.086344 -0.640000 0.226892
v -0.047060 -0.640000 0.226079
v -0.007354 -0.640000 0.225339
v 0.021231 -0.640000 0.221231
v 0.048511 -0.633940 0.212665
v -0.356090 -0.600875 0.244137
v -0.381908 -0.600000 0.218092
v -0.360000 -0.612069 0.227931
v -0.313530 -0.625620 0.240000
v -0.337422 -0.617423 0.240000
v -0.074638 -0.593016 0.248782
v -0.097064 -0.617063 0.240000
v -0.040585 -0.599451 0.241905
v -0.001429 -0.601546 0.237864
v 0.032895 -0.610152 0.227521
v 0.058616 -0.600000 0.218616
v -0.397213 -0.552207 0.241309
v -0.378652 -0.578652 0.240000
v 0.039551 -0.560373 0.240100
v 0.064675 -0.568510 0.224675
v -0.436600 -0.514412 0.232577
v -0.411905 -0.531905 0.240000
v 0.077893 -0.531826 0.224805
v 0.047357 -0.520000 0.250029
v -0.476821 -0.473075 0.238281
v -0.464853 -0.504853 0.215147
v -0.452477 -0.492478 0.240000
v 0.080901 -0.479599 0.239341
v 0.103381 -0.489190 0.223381
v 0.125055 -0.480000 0.210877
v -0.515524 -0.428389 0.242235
v -0.495234 -0.455234 0.240000
v 0.120000 -0.450117 0.240000
v 0.157307 -0.440854 0.236778
v 0.183787 -0.440000 0.223788
v -0.531541 -0.408606 0.233557
v 0.204019 -0.397879 0.253444
v 0.172640 -0.427360 0.240000
v 0.221949 -0.400000 0.221949
v -0.537748 -0.377748 0.240000
v -0.542268 -0.351187 0.240000
v 0.222934 -0.377066 0.240000
v 0.235621 -0.361096 0.236255
v -0.560000 -0.342006 0.217994
v -0.560000 -0.320000 0.222024
v -0.546032 -0.313305 0.240000
v 0.253635 -0.308270 0.243474
v 0.258923 -0.320000 0.218923
v -0.557908 -0.273602 0.240341
v 0.271987 -0.284224 0.230259
v 0.261027 -0.280000 0.248567
v 0.298644 -0.280000 0.218644
v -0.578904 -0.258904 0.221096
v -0.570552 -0.244578 0.240000
v 0.326769 -0.242160 0.244183
v 0.305038 -0.254962 0.240000
v 0.340228 -0.240000 0.220228
v -0.576609 -0.208025 0.240000
v 0.360000 -0.217123 0.240000
v 0.378809 -0.200000 0.246801
v 0.394211 -0.200000 0.223353
v -0.577124 -0.169016 0.240000
v -0.580267 -0.160000 0.219733
v 0.406356 -0.189241 0.240000
v 0.440000 -0.178300 0.240000
v 0.479268 -0.159613 0.237736
v -0.576244 -0.130523 0.227061
v 0.500450 -0.139550 0.220450
v 0.504647 -0.115183 0.234181
v -0.572340 -0.087684 0.230062
v 0.505729 -0.087287 0.225729
v 0.484930 -0.077137 0.252671
v -0.575515 -0.049584 0.227509
v 0.502214 -0.057786 0.222214
v 0.481114 -0.033894 0.249816
v 0.497643 -0.031831 0.217643
v -0.571032 -0.006707 0.230834
v 0.479744 -0.002674 0.236207
v 0.493444 0.007166 0.213444
v -0.577984 0.022016 0.222016
v -0.570673 0.034876 0.240000
v 0.480013 0.040153 0.240201
v 0.498374 0.040000 0.218374
v -0.575723 0.072361 0.240000
v 0.500939 0.070217 0.220939
v 0.473979 0.076183 0.273383
v -0.579504 0.110860 0.240000
v 0.500099 0.100099 0.220099
v 0.480432 0.132398 0.243072
v -0.578725 0.150691 0.240000
v 0.478396 0.155832 0.235648
v -0.557636 0.204613 0.246794
v 0.471574 0.195068 0.234173
v -0.558798 0.235904 0.236437
v -0.583795 0.216205 0.216205
v 0.465617 0.233261 0.229444
v 0.457454 0.243869 0.249442
v -0.560000 0.261042 0.221042
v -0.553488 0.289304 0.213374
v -0.513061 0.245792 0.251446
v -0.528894 0.271169 0.227493
v -0.482772 0.277684 0.236604
v -0.459671 0.280000 0.240000
v 0.440444 0.282297 0.246254
v -0.520000 0.299609 0.219609
v -0.513241 0.327066 0.210403
v -0.488871 0.303676 0.223676
v -0.465093 0.325470 0.218781
v -0.437302 0.282297 0.243547
v -0.445691 0.309023 0.229023
v -0.440000 0.328913 0.221159
v -0.405254 0.314449 0.231763
v -0.396470 0.284085 0.246248
v -0.362003 0.317957 0.237823
v -0.339355 0.328467 0.240000
v 0.399523 0.318361 0.238612
v 0.421802 0.301802 0.230583
v -0.432834 0.367475 0.210208
v -0.409095 0.342976 0.222976
v -0.400000 0.369743 0.220266
v -0.365020 0.354698 0.232670
v -0.317793 0.363124 0.242857
v 0.357424 0.348085 0.230108
v 0.376061 0.336061 0.248384
v -0.400000 0.407420 0.215792
v -0.367464 0.392323 0.229535
v -0.322853 0.396935 0.235825
v -0.280912 0.398764 0.238011
v -0.297343 0.382657 0.240000
v -0.277350 0.363294 0.243384
v 0.318915 0.392297 0.234014
v 0.335390 0.375390 0.248138
v -0.391536 0.449034 0.212825
v -0.381451 0.418549 0.218549
v -0.360000 0.432630 0.223695
v -0.328726 0.430482 0.226787
v -0.286431 0.432646 0.229719
v -0.240606 0.439535 0.238684
v 0.299950 0.419950 0.240000
v 0.281591 0.449141 0.247115
v -0.350890 0.457887 0.217887
v -0.353211 0.487688 0.210933
v -0.320000 0.461658 0.221658
v -0.310617 0.490557 0.214827
v -0.288885 0.462153 0.222153
v -0.280000 0.487316 0.216107
v -0.246427 0.472851 0.229559
v -0.201719 0.485018 0.246767
v 0.239261 0.477198 0.237660
v 0.264091 0.464091 0.231237
v -0.260946 0.499054 0.219054
v -0.240000 0.499132 0.219132
v -0.206526 0.510968 0.226885
v -0.154167 0.528149 0.252466
v 0.199041 0.515687 0.236287
v 0.217249 0.497249 0.240000
v -0.190649 0.536334 0.216333
v -0.160000 0.539170 0.219170
v -0.131140 0.547193 0.236996
v -0.101075 0.560000 0.247810
v -0.100794 0.560000 0.219206
v 0.156811 0.554022 0.238567
v 0.160000 0.542163 0.222163
v 0.177571 0.537571 0.240000
v -0.073326 0.568679 0.247102
v -0.040000 0.579768 0.240000
v -0.020972 0.579028 0.219028
v -0.003324 0.587644 0.233512
v 0.035054 0.584409 0.227063
v 0.061170 0.581170 0.221170
v 0.074979 0.589565 0.240000
v 0.088605 0.579869 0.219869
v 0.104483 0.584482 0.240000
v 0.127499 0.578157 0.244163
v -0.316618 -0.594915 0.277865
v -0.282926 -0.597203 0.274296
v -0.240616 -0.598621 0.277967
v -0.205146 -0.597151 0.272484
v -0.167067 -0.600000 0.265632
v -0.140476 -0.600000 0.259524
v -0.114287 -0.600000 0.253277
v -0.358298 -0.555586 0.287175
v -0.343165 -0.583165 0.280000
v -0.160000 -0.577939 0.280000
v -0.183541 -0.583541 0.280000
v -0.120361 -0.559055 0.281551
v -0.100148 -0.580148 0.259852
v -0.085590 -0.560000 0.267075
v -0.058087 -0.560000 0.261913
v -0.032696 -0.560000 0.256617
v 0.005074 -0.546045 0.256782
v -0.393744 -0.516373 0.276223
v -0.379179 -0.539179 0.280000
v -0.076234 -0.523448 0.286399
v -0.039598 -0.519906 0.279559
v -0.017443 -0.537443 0.262557
v -0.005660 -0.520000 0.267990
v 0.022533 -0.520000 0.262533
v -0.440000 -0.480000 0.255392
v -0.403446 -0.489362 0.277753
v 0.004777 -0.483212 0.287335
v 0.038064 -0.482451 0.282387
v 0.058255 -0.501745 0.258255
v 0.064880 -0.480000 0.264880
v -0.480000 -0.440000 0.264407
v -0.443743 -0.445487 0.277339
v -0.419838 -0.459838 0.280000
v 0.080000 -0.457054 0.280000
v 0.124156 -0.434458 0.276642
v 0.132518 -0.440000 0.252518
v -0.520000 -0.400000 0.261054
v -0.474728 -0.425951 0.280000
v -0.493303 -0.413303 0.280000
v -0.507993 -0.395757 0.280000
v 0.166184 -0.403306 0.289699
v 0.191975 -0.397862 0.276001
v -0.517438 -0.359529 0.281084
v 0.221562 -0.360000 0.289793
v 0.226540 -0.360000 0.266540
v -0.520000 -0.330397 0.269603
v -0.511008 -0.314339 0.287222
v 0.238329 -0.320785 0.273258
v -0.520016 -0.280029 0.279985
v 0.246289 -0.280000 0.282862
v -0.560000 -0.240000 0.259468
v -0.535938 -0.255938 0.280000
v -0.547732 -0.231253 0.286431
v 0.280000 -0.258450 0.280000
v 0.280000 -0.266149 0.253851
v 0.315652 -0.244554 0.277239
v -0.559649 -0.198343 0.279928
v 0.360152 -0.199381 0.280831
v -0.569871 -0.166424 0.272045
v 0.394695 -0.158233 0.274999
v 0.425407 -0.160000 0.265407
v 0.447525 -0.160000 0.257792
v -0.566471 -0.124240 0.274908
v 0.439709 -0.120814 0.278877
v 0.460780 -0.139220 0.260780
v 0.467763 -0.120000 0.267763
v 0.488655 -0.114316 0.253622
v -0.559470 -0.080096 0.279939
v 0.475017 -0.091239 0.266295
v 0.455792 -0.067301 0.283281
v -0.558043 -0.040619 0.279362
v 0.470993 -0.043845 0.274188
v 0.480000 -0.057864 0.262136
v -0.557975 0.000143 0.279980
v 0.467417 -0.007430 0.271463
v -0.558599 0.034502 0.274545
v 0.466978 0.032931 0.270908
v 0.459487 0.043914 0.287821
v -0.559889 0.078394 0.280138
v -0.558742 0.119329 0.277993
v 0.468216 0.113838 0.272057
v 0.442910 0.130685 0.295717
v -0.560000 0.146586 0.266586
v -0.560000 0.167969 0.260291
v -0.542715 0.160000 0.280000
v 0.464500 0.152646 0.264499
v 0.441715 0.165165 0.288727
v -0.530328 0.196500 0.268330
v 0.439637 0.197395 0.276333
v 0.459843 0.179844 0.259844
v 0.456947 0.208250 0.256948
v -0.520000 0.222620 0.262620
v -0.475925 0.203817 0.286600
v -0.486640 0.228543 0.268543
v -0.475955 0.247544 0.259415
v -0.443617 0.236812 0.273860
v -0.458900 0.221100 0.280000
v -0.401381 0.238975 0.278162
v -0.360543 0.239577 0.279220
v -0.317583 0.240261 0.282587
v 0.437850 0.234007 0.271767
v -0.430661 0.258481 0.258481
v -0.400000 0.261469 0.261469
v -0.368971 0.262194 0.262194
v -0.355661 0.284737 0.247167
v -0.329184 0.261342 0.261342
v -0.313635 0.286724 0.249687
v -0.288762 0.261681 0.261681
v -0.280000 0.247181 0.283164
v -0.280000 0.283634 0.248450
v -0.245012 0.278451 0.275961
v 0.434529 0.269450 0.266302
v 0.402587 0.290158 0.295307
v -0.318862 0.321221 0.241637
v -0.270870 0.328405 0.251123
v -0.260424 0.299576 0.259576
v -0.240000 0.307884 0.267884
v -0.231192 0.322175 0.284138
v 0.399000 0.314853 0.277003
v 0.420883 0.300883 0.260883
v -0.240000 0.345917 0.265917
v -0.240000 0.368880 0.260544
v -0.228081 0.366775 0.280000
v 0.359988 0.359930 0.280005
v 0.377232 0.337232 0.288509
v -0.240000 0.404303 0.250152
v -0.221080 0.400000 0.280000
v 0.340130 0.380130 0.280000
v 0.321237 0.407132 0.285284
v -0.202678 0.441975 0.285486
v 0.305889 0.425889 0.272640
v 0.286658 0.452814 0.289419
v -0.200000 0.466185 0.266185
v -0.183141 0.480000 0.280000
v 0.267878 0.467878 0.273772
v 0.242521 0.490730 0.288356
v -0.156697 0.513466 0.276321
v -0.180276 0.499724 0.259724
v 0.222512 0.502512 0.270663
v 0.200954 0.524200 0.283277
v -0.120000 0.538377 0.288119
v -0.120000 0.546565 0.266565
v -0.083888 0.567427 0.285121
v 0.160318 0.561591 0.281129
v 0.180931 0.540931 0.270097
v -0.062325 0.577675 0.280000
v -0.040000 0.587901 0.272848
v -0.005336 0.592248 0.273718
v 0.041305 0.601892 0.280307
v 0.079725 0.599560 0.279786
v 0.115100 0.591431 0.273267
v 0.139707 0.579707 0.280000
v -0.314497 -0.550325 0.317418
v -0.281541 -0.556466 0.315003
v -0.240968 -0.555658 0.314960
v -0.206141 -0.560000 0.306659
v -0.181088 -0.560000 0.298912
v -0.155238 -0.560000 0.291526
v -0.355884 -0.506775 0.318739
v -0.333160 -0.533160 0.320000
v -0.200000 -0.542133 0.320000
v -0.163903 -0.525469 0.321708
v -0.138277 -0.538277 0.301723
v -0.123906 -0.516782 0.313396
v -0.098899 -0.520000 0.301101
v -0.377343 -0.497343 0.302657
v -0.365340 -0.482994 0.321742
v -0.073302 -0.482310 0.324243
v -0.096853 -0.496853 0.320000
v -0.059340 -0.499340 0.300660
v -0.043792 -0.477499 0.313457
v -0.020180 -0.480000 0.299820
v -0.415783 -0.440000 0.304217
v -0.398429 -0.438387 0.319668
v -0.379795 -0.459795 0.320000
v 0.000000 -0.452999 0.320000
v -0.022544 -0.462544 0.320000
v 0.033606 -0.449397 0.323777
v 0.053812 -0.432654 0.329302
v 0.068024 -0.440000 0.308024
v 0.086670 -0.440000 0.297383
v -0.480000 -0.400000 0.301030
v -0.443428 -0.405705 0.317858
v -0.418142 -0.418142 0.320000
v 0.086034 -0.402137 0.327778
v 0.110703 -0.407550 0.307952
v 0.142608 -0.400000 0.302608
v -0.498309 -0.378309 0.301691
v -0.473551 -0.381001 0.320000
v -0.486192 -0.363634 0.322386
v 0.129955 -0.379406 0.320000
v 0.164110 -0.363323 0.326353
v 0.198890 -0.358679 0.323106
v -0.497080 -0.328430 0.320000
v 0.227331 -0.327815 0.307331
v 0.218584 -0.315947 0.327511
v -0.499811 -0.299811 0.320000
v -0.509373 -0.275806 0.320000
v 0.240304 -0.278305 0.322292
v -0.523061 -0.250768 0.319052
v -0.535547 -0.240000 0.304453
v 0.280247 -0.239002 0.321446
v 0.304474 -0.240000 0.304474
v -0.538512 -0.218513 0.320000
v -0.546804 -0.189976 0.327614
v 0.320417 -0.198328 0.322249
v 0.342034 -0.200000 0.302033
v -0.557821 -0.158627 0.321557
v 0.344204 -0.168267 0.304204
v 0.324053 -0.157258 0.327329
v 0.365015 -0.151768 0.290716
v -0.556624 -0.119971 0.319722
v 0.348526 -0.125853 0.308525
v 0.339226 -0.120000 0.327797
v 0.366066 -0.120000 0.296785
v 0.403880 -0.113725 0.287499
v -0.550918 -0.074461 0.327159
v 0.361595 -0.071833 0.331564
v 0.380759 -0.099241 0.300759
v 0.387532 -0.080000 0.307532
v 0.408439 -0.080000 0.300375
v 0.440000 -0.080000 0.290120
v -0.548858 -0.033002 0.328686
v 0.401218 -0.036395 0.325613
v 0.434280 -0.048862 0.305242
v 0.456012 -0.031652 0.296012
v -0.546409 0.009789 0.331093
v 0.438892 -0.003289 0.315846
v 0.456967 0.008286 0.296967
v -0.546384 0.040000 0.320000
v 0.439394 0.037853 0.316914
v -0.546397 0.053603 0.293603
v -0.519283 0.082130 0.323638
v 0.437860 0.072479 0.309620
v 0.455690 0.087317 0.295690
v -0.520000 0.108816 0.308816
v -0.520000 0.129078 0.302093
v -0.473033 0.122765 0.325586
v 0.433810 0.108720 0.308655
v 0.402753 0.129668 0.334786
v -0.512982 0.167053 0.290499
v -0.488737 0.145273 0.305273
v -0.480000 0.168562 0.300368
v -0.444294 0.158001 0.314491
v 0.427911 0.154304 0.307911
v 0.401623 0.165233 0.328323
v -0.449392 0.182572 0.302572
v -0.433311 0.209547 0.293978
v -0.395729 0.177801 0.326714
v -0.405856 0.194089 0.311059
v -0.358195 0.202329 0.321615
v 0.399563 0.196931 0.315020
v 0.420904 0.180904 0.300904
v 0.413364 0.205970 0.293364
v -0.391449 0.216515 0.296515
v -0.360000 0.219994 0.299994
v -0.327783 0.225045 0.305045
v -0.320000 0.216134 0.326666
v -0.282972 0.235865 0.317850
v 0.389606 0.229409 0.314028
v 0.376747 0.242746 0.325718
v -0.236570 0.276898 0.318657
v -0.257102 0.262898 0.302898
v 0.388609 0.273209 0.313115
v 0.378481 0.291415 0.322834
v 0.400000 0.260429 0.300429
v -0.220729 0.320000 0.320000
v 0.386441 0.314443 0.306441
v 0.362581 0.329107 0.333811
v -0.223643 0.336357 0.296357
v -0.213747 0.352399 0.320000
v -0.221480 0.360000 0.298520
v 0.360047 0.360261 0.320625
v -0.213385 0.386615 0.306615
v -0.203209 0.403401 0.322066
v 0.342356 0.382356 0.302356
v 0.339368 0.379368 0.328950
v 0.320875 0.404178 0.333851
v -0.194681 0.434531 0.314531
v 0.306410 0.426410 0.306410
v 0.300980 0.420980 0.329378
v 0.280427 0.442006 0.327454
v -0.163350 0.480513 0.320157
v 0.266589 0.466589 0.306589
v 0.260967 0.460967 0.329207
v 0.240413 0.481982 0.327176
v -0.160000 0.498517 0.298517
v -0.123043 0.527632 0.324635
v -0.142377 0.520000 0.297623
v 0.224728 0.504728 0.312382
v 0.200682 0.523074 0.333791
v -0.091101 0.562674 0.311944
v 0.182330 0.542330 0.311132
v 0.160274 0.561215 0.327607
v -0.040761 0.598492 0.319218
v -0.000453 0.599191 0.320473
v 0.018325 0.600000 0.298325
v 0.116748 0.594162 0.315749
v 0.080807 0.601864 0.329984
v 0.140398 0.580398 0.300398
v 0.138990 0.578990 0.329174
v 0.043968 0.606583 0.324885
v -0.312991 -0.520000 0.332903
v -0.270024 -0.520000 0.340063
v -0.231112 -0.520000 0.337969
v -0.193284 -0.520000 0.334214
v -0.347258 -0.480000 0.332742
v -0.320000 -0.500985 0.339015
v -0.320000 -0.480000 0.347041
v -0.289389 -0.490928 0.347067
v -0.243897 -0.485050 0.353260
v -0.195621 -0.475973 0.364745
v -0.159826 -0.476826 0.363708
v -0.141263 -0.501263 0.338737
v -0.119434 -0.476047 0.356491
v -0.101589 -0.480000 0.338411
v -0.360000 -0.466973 0.333027
v -0.360000 -0.440000 0.344275
v -0.319066 -0.440164 0.363021
v -0.279794 -0.444830 0.363753
v -0.260264 -0.460264 0.360000
v -0.074420 -0.442829 0.369480
v -0.040150 -0.440412 0.360353
v -0.004670 -0.435278 0.355330
v 0.007667 -0.440000 0.339382
v -0.428265 -0.400000 0.331735
v -0.396746 -0.394380 0.353538
v -0.352345 -0.421601 0.360000
v -0.370903 -0.410903 0.360000
v 0.043379 -0.401666 0.367771
v 0.018721 -0.421279 0.360000
v 0.066937 -0.400000 0.346937
v -0.458187 -0.360000 0.341813
v -0.440000 -0.385530 0.334470
v -0.436182 -0.350822 0.359047
v -0.411285 -0.371285 0.360000
v 0.080000 -0.375462 0.360000
v 0.095819 -0.384181 0.335819
v 0.093849 -0.360000 0.365076
v 0.107194 -0.360000 0.347194
v 0.124027 -0.360000 0.331034
v -0.480000 -0.344832 0.335168
v -0.480000 -0.320000 0.342569
v -0.452560 -0.332560 0.360000
v -0.463123 -0.313693 0.360000
v 0.120000 -0.340741 0.360000
v 0.151572 -0.336195 0.343805
v 0.157201 -0.318745 0.355059
v 0.173636 -0.346364 0.333636
v 0.192188 -0.320000 0.342711
v -0.477547 -0.275365 0.361320
v 0.198711 -0.284588 0.353631
v 0.221676 -0.280000 0.341676
v -0.504343 -0.264343 0.335657
v -0.493450 -0.253450 0.360000
v -0.505785 -0.234543 0.360000
v 0.232554 -0.245227 0.349052
v 0.219977 -0.235658 0.367673
v 0.258004 -0.230422 0.338004
v -0.522918 -0.206265 0.357636
v 0.240111 -0.199923 0.360164
v 0.263304 -0.200000 0.343304
v 0.287422 -0.200000 0.336909
v -0.535225 -0.175225 0.360000
v -0.539779 -0.150361 0.360000
v 0.278527 -0.165286 0.352173
v 0.298457 -0.181543 0.338457
v 0.301185 -0.160000 0.341185
v -0.541806 -0.111115 0.360000
v 0.318882 -0.127694 0.350044
v -0.543530 -0.072161 0.360000
v 0.340309 -0.099691 0.340309
v 0.326191 -0.077265 0.373373
v 0.345589 -0.080000 0.345589
v -0.544947 -0.032484 0.360000
v 0.342411 -0.057589 0.360000
v 0.353852 -0.042080 0.350727
v 0.377185 -0.030986 0.337184
v -0.546184 0.000000 0.360000
v 0.357699 -0.006640 0.351232
v 0.380798 0.000000 0.340798
v 0.407253 0.010105 0.333502
v -0.539560 0.020440 0.360000
v -0.523705 0.050128 0.362200
v -0.540152 0.040000 0.339848
v 0.358043 0.034706 0.352948
v 0.383518 0.031404 0.343518
v 0.407077 0.050201 0.333721
v -0.520000 0.062248 0.342248
v -0.479680 0.080359 0.360187
v 0.360361 0.081087 0.361547
v 0.385833 0.072678 0.345833
v 0.407666 0.085052 0.331916
v -0.480000 0.098102 0.338102
v -0.445188 0.110205 0.352987
v -0.440000 0.125593 0.336808
v -0.421756 0.120000 0.360000
v 0.395433 0.108558 0.346398
v 0.362557 0.127829 0.370812
v -0.400000 0.138178 0.366488
v -0.415960 0.144040 0.344040
v -0.396498 0.157981 0.349394
v 0.387141 0.154046 0.347141
v 0.360229 0.161929 0.362146
v -0.360000 0.176359 0.366158
v -0.360000 0.187337 0.347337
v -0.321872 0.197495 0.358901
v -0.339393 0.200000 0.340607
v 0.358767 0.196426 0.354370
v 0.382301 0.182301 0.342301
v 0.376595 0.207473 0.336595
v -0.280000 0.219667 0.368733
v -0.298974 0.221027 0.341027
v -0.280000 0.225769 0.345769
v -0.256970 0.240000 0.360000
v 0.357916 0.232939 0.349224
v -0.240000 0.254884 0.366431
v -0.240000 0.262306 0.342306
v -0.221523 0.280000 0.360000
v 0.341945 0.261945 0.360000
v 0.357028 0.270502 0.345332
v -0.212013 0.307987 0.347987
v -0.201625 0.320920 0.360628
v 0.348776 0.314545 0.348776
v 0.332366 0.327260 0.367787
v 0.360000 0.300165 0.340165
v -0.200000 0.348588 0.348588
v -0.200000 0.368391 0.340154
v -0.186675 0.367571 0.360000
v 0.344428 0.353109 0.344428
v 0.320822 0.373335 0.364399
v -0.178155 0.400000 0.360000
v 0.316162 0.394256 0.354126
v -0.162195 0.440668 0.359439
v 0.277198 0.430495 0.356584
v -0.160000 0.465792 0.345792
v -0.144127 0.480000 0.360000
v 0.236158 0.471090 0.355694
v 0.218817 0.481355 0.364924
v -0.119339 0.517234 0.355008
v -0.142171 0.497829 0.337829
v 0.198942 0.514755 0.357037
v 0.221729 0.501729 0.341729
v -0.081825 0.557760 0.357380
v 0.158784 0.554808 0.356715
v 0.152999 0.512643 0.395931
v 0.181342 0.541342 0.341342
v -0.080000 0.569481 0.329481
v -0.040000 0.592736 0.356981
v -0.056524 0.583476 0.343476
v 0.006496 0.601884 0.366735
v 0.077052 0.594722 0.356399
v 0.040715 0.601766 0.366353
v 0.061623 0.600000 0.341623
v 0.114279 0.587183 0.347183
v 0.100620 0.580620 0.368384
v 0.109010 0.549910 0.394468
v -0.233086 -0.440000 0.371447
v -0.200000 -0.440000 0.382773
v -0.162195 -0.437871 0.395796
v -0.121152 -0.437494 0.396197
v -0.095102 -0.440000 0.384898
v -0.360000 -0.400000 0.372966
v -0.325095 -0.397691 0.392564
v -0.291125 -0.411125 0.388875
v -0.277227 -0.399351 0.400460
v -0.246152 -0.405355 0.393426
v -0.202707 -0.404908 0.402218
v -0.182764 -0.422764 0.400000
v -0.080000 -0.422904 0.400000
v -0.041479 -0.401836 0.401189
v -0.005263 -0.400000 0.388439
v 0.022003 -0.400000 0.382003
v -0.400000 -0.360000 0.375854
v -0.364216 -0.366696 0.397248
v -0.339335 -0.379335 0.400000
v 0.004130 -0.362832 0.405950
v 0.036930 -0.365085 0.402279
v 0.065776 -0.374224 0.385776
v 0.077579 -0.358616 0.394628
v -0.440000 -0.320000 0.373997
v -0.400767 -0.318726 0.398935
v -0.383790 -0.343790 0.400000
v 0.121267 -0.319638 0.402064
v 0.106567 -0.333433 0.400000
v 0.134047 -0.320000 0.374047
v -0.439178 -0.277242 0.397856
v -0.415549 -0.295549 0.400000
v 0.156121 -0.282345 0.391264
v 0.174740 -0.280000 0.374740
v -0.480000 -0.240000 0.385418
v -0.451124 -0.251124 0.400000
v -0.465353 -0.234844 0.400000
v 0.198605 -0.240820 0.396944
v -0.482461 -0.206714 0.398896
v 0.216922 -0.200000 0.407278
v 0.224278 -0.200000 0.384278
v -0.520000 -0.183595 0.376405
v -0.513982 -0.156535 0.397605
v -0.497586 -0.177586 0.400000
v 0.242478 -0.158805 0.408520
v 0.255709 -0.160000 0.375709
v -0.519819 -0.120080 0.400187
v 0.271965 -0.127478 0.398004
v 0.296367 -0.120000 0.376367
v -0.524553 -0.082150 0.397393
v 0.304978 -0.088940 0.384978
v 0.282196 -0.073191 0.409747
v -0.532789 -0.048373 0.389899
v 0.316178 -0.052274 0.384398
v 0.282182 -0.034606 0.407848
v -0.532064 -0.012064 0.387936
v -0.524666 0.003010 0.400990
v 0.314581 -0.008296 0.388452
v 0.282170 0.006014 0.408023
v -0.516832 0.037301 0.388849
v 0.309893 0.035028 0.389893
v 0.281821 0.044950 0.406775
v 0.320000 0.020460 0.380460
v 0.324240 0.053852 0.377421
v -0.480000 0.058304 0.407409
v -0.502754 0.057246 0.377246
v -0.480000 0.068192 0.388192
v -0.444117 0.087367 0.404553
v 0.313664 0.075708 0.390645
v 0.282332 0.086127 0.408157
v 0.338970 0.089622 0.378970
v -0.440000 0.098915 0.378915
v -0.397240 0.124782 0.404170
v 0.317705 0.114254 0.391643
v 0.340578 0.120000 0.380578
v -0.357729 0.163107 0.401525
v 0.309833 0.149184 0.396604
v 0.280779 0.161838 0.402481
v 0.341648 0.141648 0.381648
v 0.339629 0.169082 0.379629
v -0.340306 0.179694 0.379694
v -0.320000 0.186834 0.394135
v -0.296816 0.200000 0.400000
v 0.313210 0.188367 0.384827
v 0.280574 0.201953 0.402641
v 0.323676 0.211928 0.378975
v -0.280000 0.211174 0.404915
v -0.238395 0.242359 0.402189
v 0.306604 0.232873 0.386604
v 0.281875 0.247599 0.409874
v 0.324136 0.253125 0.376794
v -0.201915 0.282074 0.401190
v 0.307810 0.275018 0.392706
v 0.325450 0.280000 0.376006
v -0.200000 0.300625 0.380625
v -0.177631 0.320000 0.400000
v 0.301268 0.301268 0.400000
v 0.316741 0.310050 0.385331
v 0.296410 0.326680 0.402907
v -0.156258 0.364828 0.404389
v 0.308133 0.354795 0.388133
v 0.280863 0.364638 0.407556
v -0.160000 0.386894 0.386894
v -0.160000 0.408261 0.379789
v -0.145721 0.408121 0.400000
v 0.272268 0.392132 0.395331
v 0.240599 0.402731 0.404977
v 0.300801 0.380801 0.380801
v -0.137228 0.440000 0.400000
v 0.231092 0.431373 0.395006
v 0.200879 0.444217 0.408506
v 0.261615 0.421615 0.381615
v -0.117959 0.480254 0.402148
v 0.192388 0.472011 0.394925
v 0.161176 0.493639 0.404958
v 0.219813 0.459813 0.379813
v -0.120000 0.499731 0.379731
v -0.078000 0.520800 0.402341
v 0.120818 0.523479 0.406054
v 0.182762 0.502762 0.382762
v -0.080000 0.542658 0.382658
v -0.047751 0.551890 0.399338
v 0.080014 0.560049 0.400089
v 0.143031 0.543031 0.383031
v -0.040000 0.580365 0.380365
v 0.004634 0.564062 0.406511
v -0.006743 0.588352 0.388352
v 0.035013 0.589942 0.389942
v 0.043560 0.563356 0.405720
v 0.072472 0.582855 0.382855
v -0.158416 -0.401799 0.442078
v -0.160000 -0.415476 0.424524
v -0.143447 -0.423447 0.416553
v -0.115263 -0.402828 0.442881
v -0.120000 -0.423297 0.416703
v -0.083440 -0.398033 0.434111
v -0.062539 -0.400000 0.417461
v -0.325270 -0.358819 0.433605
v -0.299928 -0.379928 0.420072
v -0.278177 -0.362272 0.444100
v -0.237551 -0.361173 0.443644
v -0.240000 -0.380770 0.419230
v -0.193339 -0.381892 0.440000
v -0.212179 -0.372179 0.440000
v -0.040713 -0.360807 0.440142
v -0.015398 -0.360000 0.424602
v -0.360000 -0.339551 0.420449
v -0.357983 -0.310456 0.439283
v -0.339163 -0.339163 0.440000
v 0.009034 -0.341658 0.440000
v 0.040000 -0.343472 0.440000
v 0.084169 -0.317685 0.450319
v 0.068101 -0.331899 0.440000
v 0.080000 -0.344150 0.415850
v 0.102566 -0.320000 0.422566
v -0.400000 -0.280000 0.415852
v -0.364952 -0.282852 0.441853
v 0.123229 -0.278104 0.447305
v 0.138699 -0.280000 0.418699
v -0.440000 -0.240000 0.412930
v -0.399980 -0.240100 0.440030
v -0.380628 -0.260628 0.440000
v 0.162632 -0.238750 0.447119
v 0.160000 -0.258832 0.421168
v 0.180404 -0.240000 0.420404
v -0.467769 -0.200000 0.412231
v -0.440000 -0.216910 0.423090
v -0.436478 -0.187377 0.438901
v -0.416621 -0.216621 0.440000
v 0.200028 -0.199336 0.440708
v -0.480000 -0.160000 0.420217
v -0.446686 -0.163851 0.442180
v 0.229253 -0.166636 0.429253
v 0.219460 -0.155996 0.447157
v -0.477700 -0.122753 0.435220
v -0.461120 -0.141120 0.440000
v 0.239559 -0.125392 0.434048
v 0.260419 -0.120000 0.420419
v -0.480000 -0.099897 0.440000
v -0.481968 -0.078432 0.443415
v 0.239786 -0.080966 0.438699
v 0.263698 -0.088728 0.423698
v -0.482522 -0.038181 0.444261
v 0.238960 -0.043864 0.434252
v 0.263499 -0.056501 0.423499
v 0.260619 -0.030459 0.420619
v -0.520000 -0.026202 0.413798
v -0.483406 0.000995 0.444216
v 0.239344 -0.002753 0.435518
v 0.255870 0.008365 0.415870
v -0.479213 0.036063 0.436473
v -0.494765 0.025235 0.425235
v 0.239685 0.038161 0.437538
v 0.260089 0.049955 0.420089
v -0.443444 0.074778 0.433807
v 0.238623 0.075004 0.432614
v 0.259160 0.089710 0.419160
v -0.397028 0.114000 0.436526
v -0.417195 0.102805 0.422805
v 0.238045 0.113297 0.430393
v 0.257858 0.128251 0.417858
v 0.284626 0.125973 0.408440
v -0.360000 0.141116 0.448359
v -0.360000 0.149609 0.429609
v -0.340051 0.160000 0.440000
v 0.237874 0.152469 0.429266
v 0.256477 0.168534 0.416477
v -0.320000 0.170657 0.444441
v -0.320000 0.180986 0.420986
v -0.282282 0.197222 0.438683
v 0.239647 0.198382 0.437867
v 0.260156 0.200000 0.420156
v -0.236329 0.231650 0.434841
v -0.260089 0.219911 0.419911
v 0.239637 0.238637 0.438153
v 0.262505 0.230765 0.422505
v -0.190715 0.276466 0.446595
v -0.200000 0.268465 0.428465
v 0.240098 0.280180 0.440406
v 0.267613 0.273621 0.427613
v 0.286123 0.289416 0.412900
v -0.167852 0.315139 0.441310
v 0.267129 0.313707 0.427128
v 0.240145 0.322147 0.441050
v -0.160000 0.336058 0.416058
v -0.135841 0.360000 0.440000
v 0.239465 0.358600 0.437797
v 0.264361 0.344361 0.424361
v 0.259117 0.368630 0.419117
v -0.119229 0.396456 0.436185
v 0.214575 0.367755 0.449720
v 0.233654 0.385094 0.425094
v 0.200184 0.400950 0.442011
v 0.218106 0.407325 0.418106
v -0.120000 0.425820 0.425820
v -0.120000 0.448038 0.418885
v -0.106324 0.413676 0.440000
v -0.075693 0.448192 0.449799
v 0.194122 0.429141 0.425696
v 0.179661 0.419661 0.447689
v 0.160829 0.443863 0.448744
v -0.082231 0.475469 0.433609
v -0.034991 0.482518 0.445220
v 0.119674 0.478856 0.437437
v 0.152939 0.470395 0.428478
v 0.179478 0.459478 0.419478
v -0.080000 0.499030 0.419030
v -0.047820 0.506371 0.426371
v -0.036302 0.527035 0.417748
v -0.005875 0.514072 0.430892
v 0.003401 0.494592 0.445525
v 0.035577 0.516287 0.433779
v 0.073670 0.515102 0.429014
v 0.061468 0.501468 0.440000
v 0.084789 0.495203 0.442487
v 0.104580 0.504580 0.424580
v 0.127837 0.497992 0.417992
v 0.009429 0.538421 0.418421
v 0.048661 0.538397 0.418397
v 0.080000 0.534083 0.414083
v -0.200000 -0.360000 0.459607
v -0.159554 -0.360664 0.480610
v -0.118551 -0.363953 0.485389
v -0.080478 -0.360900 0.480588
v -0.059147 -0.360000 0.460853
v -0.320000 -0.320000 0.460889
v -0.282409 -0.316488 0.474754
v -0.280000 -0.340297 0.459703
v -0.245235 -0.333906 0.466094
v -0.239340 -0.317563 0.480263
v -0.194039 -0.342821 0.480000
v -0.210962 -0.330961 0.480000
v -0.040000 -0.335089 0.480000
v -0.002756 -0.331249 0.473485
v 0.036775 -0.323874 0.477917
v 0.065236 -0.320000 0.465236
v -0.337486 -0.280000 0.462514
v -0.318818 -0.275929 0.477854
v -0.297738 -0.297738 0.480000
v 0.080000 -0.304510 0.480000
v 0.098139 -0.280000 0.487053
v 0.107975 -0.280000 0.467976
v -0.360000 -0.264487 0.455513
v -0.356873 -0.234227 0.474347
v -0.333111 -0.253111 0.480000
v 0.120000 -0.257069 0.480000
v 0.133888 -0.240000 0.484989
v 0.147098 -0.240000 0.467098
v -0.400000 -0.200000 0.457868
v -0.374586 -0.201190 0.480000
v 0.163103 -0.198745 0.488733
v 0.180455 -0.200000 0.460455
v -0.414310 -0.174310 0.465690
v -0.400880 -0.161114 0.483404
v 0.193102 -0.166365 0.477910
v -0.440000 -0.146507 0.453493
v -0.440000 -0.120000 0.463605
v -0.417765 -0.137765 0.480000
v -0.425250 -0.113383 0.480000
v 0.203779 -0.117687 0.489107
v 0.223370 -0.120000 0.463370
v -0.463634 -0.080000 0.456366
v -0.437163 -0.083167 0.474053
v 0.224183 -0.088216 0.464183
v 0.211471 -0.072974 0.487707
v -0.454446 -0.047565 0.465554
v -0.439361 -0.032593 0.478959
v 0.223987 -0.048229 0.463987
v 0.218619 -0.025770 0.485824
v -0.442063 0.000753 0.482676
v 0.225440 -0.007422 0.465440
v 0.220367 0.012660 0.484093
v -0.439384 0.035996 0.477002
v -0.453772 0.026228 0.466228
v 0.223705 0.032498 0.463705
v 0.210991 0.046382 0.487309
v -0.440000 0.059019 0.459019
v -0.426830 0.053170 0.480000
v -0.401059 0.083593 0.485055
v -0.422452 0.080000 0.457548
v 0.220151 0.060151 0.460151
v 0.200888 0.084785 0.487307
v 0.216209 0.087786 0.456209
v -0.400000 0.101393 0.461393
v -0.355030 0.126654 0.487727
v -0.373488 0.120000 0.466512
v 0.199993 0.119748 0.479891
v 0.213638 0.126832 0.453638
v -0.324082 0.155512 0.478337
v 0.200282 0.161954 0.482637
v 0.216850 0.168874 0.456850
v -0.275956 0.192679 0.475354
v -0.300007 0.179993 0.459993
v 0.201541 0.208194 0.491904
v 0.220081 0.200000 0.460081
v -0.240000 0.214696 0.486363
v -0.240000 0.220631 0.460631
v -0.203065 0.249284 0.485505
v -0.218786 0.240000 0.461214
v 0.220182 0.220182 0.460182
v 0.201114 0.245409 0.488305
v 0.219679 0.249672 0.459679
v -0.200000 0.261674 0.461675
v -0.182716 0.280000 0.480000
v 0.200449 0.292751 0.482848
v 0.217696 0.288761 0.457696
v -0.157828 0.313397 0.475938
v 0.199296 0.316868 0.475420
v 0.217193 0.328547 0.457193
v -0.122477 0.356699 0.476507
v 0.198504 0.354478 0.471277
v -0.120000 0.373530 0.453530
v -0.077403 0.404101 0.484683
v -0.097678 0.400000 0.462322
v 0.181951 0.381951 0.480000
v 0.193933 0.383366 0.463366
v 0.160615 0.403226 0.488015
v 0.181829 0.400000 0.461829
v -0.080000 0.422974 0.462975
v -0.037376 0.440929 0.482419
v 0.153076 0.429243 0.466901
v 0.120610 0.442265 0.486097
v -0.040000 0.463455 0.463455
v -0.007592 0.465353 0.465353
v 0.007184 0.444776 0.491058
v 0.033369 0.466973 0.466973
v 0.047241 0.444942 0.491866
v 0.047235 0.487785 0.452124
v 0.072946 0.465423 0.465423
v 0.084425 0.443064 0.487736
v 0.102339 0.462339 0.462339
v 0.127720 0.457633 0.457633
v -0.200000 -0.320000 0.494607
v -0.160520 -0.318957 0.519262
v -0.160000 -0.338807 0.501193
v -0.118043 -0.322973 0.524679
v -0.082136 -0.323768 0.521937
v -0.042297 -0.316801 0.513805
v -0.015403 -0.320000 0.504597
v 0.008106 -0.320000 0.498120
v -0.280000 -0.280000 0.496036
v -0.256773 -0.280000 0.503227
v -0.237265 -0.272930 0.513523
v -0.195390 -0.282655 0.526361
v -0.180541 -0.300541 0.520000
v 0.005554 -0.310149 0.520000
v 0.040000 -0.305546 0.520000
v 0.077821 -0.282608 0.521087
v -0.320000 -0.240000 0.495646
v -0.280023 -0.239717 0.520625
v -0.255481 -0.255481 0.520000
v 0.116775 -0.241812 0.510400
v -0.360000 -0.200000 0.496448
v -0.335657 -0.215657 0.504343
v -0.322714 -0.205929 0.520989
v -0.303612 -0.223612 0.520000
v 0.138287 -0.221713 0.498287
v 0.147446 -0.200000 0.515106
v -0.354496 -0.161053 0.525905
v -0.346148 -0.186148 0.520000
v 0.160767 -0.156091 0.525146
v 0.181620 -0.160000 0.501620
v -0.391531 -0.114937 0.516557
v -0.378364 -0.138364 0.520000
v 0.186078 -0.127527 0.506078
v 0.165433 -0.117268 0.531360
v -0.398366 -0.082328 0.515978
v 0.193125 -0.089906 0.515025
v -0.398793 -0.039073 0.521067
v 0.201273 -0.030044 0.533708
v -0.420374 0.000000 0.499626
v -0.398237 -0.001505 0.516663
v 0.201698 0.010152 0.535995
v -0.418611 0.021389 0.501389
v -0.395131 0.038874 0.521033
v 0.200236 0.041869 0.524868
v -0.400000 0.061605 0.501605
v -0.375503 0.080000 0.520000
v 0.191552 0.075433 0.514282
v 0.200000 0.061100 0.501100
v -0.360000 0.095928 0.525945
v -0.386157 0.093843 0.493843
v -0.353607 0.114661 0.514661
v 0.188328 0.113769 0.511915
v 0.178976 0.123680 0.527500
v -0.316406 0.151892 0.515225
v 0.187085 0.152660 0.511543
v 0.178671 0.163864 0.527558
v -0.280000 0.178610 0.528332
v -0.280000 0.184543 0.504543
v -0.239008 0.203103 0.531808
v 0.189846 0.193615 0.513394
v -0.209951 0.229169 0.516554
v 0.190364 0.234062 0.513630
v -0.186096 0.253904 0.520000
v -0.161212 0.285521 0.528001
v -0.173546 0.280000 0.506454
v 0.187144 0.272212 0.513800
v -0.160000 0.300906 0.500906
v -0.121748 0.329266 0.526830
v -0.143614 0.320000 0.496386
v 0.184683 0.304683 0.504683
v 0.161828 0.327209 0.532111
v 0.180824 0.329819 0.500824
v -0.120000 0.345083 0.505083
v -0.095770 0.360000 0.520000
v 0.160020 0.360155 0.520264
v 0.175319 0.367154 0.495319
v -0.076713 0.366554 0.533465
v -0.080000 0.387359 0.507359
v -0.034381 0.402410 0.525072
v 0.154171 0.390075 0.508567
v 0.120810 0.403358 0.527448
v -0.040000 0.421952 0.501952
v -0.007299 0.426496 0.506496
v 0.006326 0.404496 0.529134
v 0.034517 0.429388 0.509388
v 0.051922 0.417185 0.523164
v 0.074663 0.429258 0.509258
v 0.086696 0.405325 0.530849
v 0.113531 0.426268 0.506268
v 0.138638 0.418638 0.498638
v -0.160000 -0.280000 0.545460
v -0.119883 -0.273071 0.569338
v -0.077729 -0.282485 0.564759
v -0.036933 -0.282383 0.565760
v -0.040000 -0.294646 0.545354
v -0.021663 -0.301663 0.538337
v 0.003099 -0.283678 0.567452
v 0.000000 -0.301042 0.538958
v 0.042146 -0.276823 0.559766
v 0.061805 -0.280000 0.541805
v -0.240000 -0.240000 0.536609
v -0.203998 -0.237005 0.553842
v -0.200000 -0.261492 0.538508
v -0.162429 -0.246871 0.565067
v 0.080000 -0.256145 0.560000
v 0.085736 -0.237095 0.574403
v 0.103664 -0.240000 0.543664
v -0.281660 -0.199413 0.558210
v -0.242719 -0.206569 0.566775
v -0.220103 -0.220103 0.560000
v 0.118587 -0.200872 0.557068
v 0.137067 -0.190484 0.537067
v -0.320000 -0.175101 0.544899
v -0.317236 -0.154037 0.561765
v -0.299552 -0.179552 0.560000
v 0.124463 -0.157027 0.569855
v 0.143812 -0.160000 0.543812
v -0.360000 -0.120000 0.545272
v -0.334037 -0.134037 0.560000
v -0.346780 -0.114894 0.560000
v 0.149122 -0.125979 0.549122
v 0.138883 -0.120000 0.567169
v -0.359990 -0.079972 0.560007
v 0.163525 -0.078898 0.570659
v 0.182608 -0.080000 0.542608
v -0.386262 -0.066262 0.533738
v -0.362860 -0.036750 0.566535
v 0.176783 -0.063217 0.560000
v 0.189061 -0.045652 0.552292
v -0.362131 0.002709 0.565085
v -0.382818 0.007920 0.537182
v 0.193517 -0.004242 0.555713
v -0.362170 0.042971 0.564822
v 0.190598 0.035471 0.554981
v -0.358219 0.076188 0.552582
v 0.183721 0.063721 0.543721
v 0.161832 0.087385 0.572564
v 0.178662 0.089013 0.538662
v -0.339883 0.100117 0.560000
v -0.320954 0.123475 0.565965
v -0.334285 0.120000 0.545715
v 0.159960 0.119635 0.559442
v -0.320000 0.138980 0.538980
v -0.278386 0.163501 0.572547
v -0.296147 0.160000 0.543853
v 0.159529 0.157794 0.556826
v -0.252142 0.186333 0.556820
v -0.219419 0.200000 0.560000
v 0.160397 0.201943 0.563106
v 0.177523 0.208913 0.537523
v -0.193719 0.203665 0.569762
v -0.200000 0.221277 0.541277
v -0.162829 0.236875 0.558523
v 0.160862 0.244074 0.566006
v 0.178147 0.248745 0.538147
v -0.160000 0.265923 0.545923
v -0.137828 0.280000 0.560000
v 0.160260 0.282094 0.563439
v 0.175447 0.280000 0.535447
v -0.116810 0.295424 0.566163
v -0.139877 0.300123 0.540123
v -0.120000 0.312463 0.552463
v -0.098844 0.320000 0.560000
v 0.155549 0.311537 0.550851
v 0.135938 0.325574 0.562842
v -0.074100 0.324768 0.569271
v -0.101627 0.338373 0.538373
v -0.080000 0.349192 0.549191
v -0.043260 0.358111 0.556158
v 0.000079 0.360048 0.560078
v 0.145822 0.345822 0.545822
v 0.120016 0.360081 0.560145
v 0.139494 0.368685 0.539494
v -0.040000 0.381265 0.541265
v -0.008697 0.383445 0.543445
v 0.033356 0.387153 0.547153
v 0.041786 0.361473 0.562551
v 0.073343 0.386667 0.546667
v 0.083321 0.362925 0.565259
v 0.112634 0.384584 0.544584
v -0.140518 -0.240000 0.579482
v -0.117429 -0.233081 0.594539
v -0.077899 -0.239717 0.604281
v -0.045767 -0.248983 0.603450
v 0.000000 -0.262727 0.600000
v -0.020187 -0.260187 0.600000
v 0.030992 -0.255525 0.600000
v 0.054720 -0.236677 0.606726
v 0.070153 -0.240000 0.590153
v -0.221844 -0.200000 0.578156
v -0.200000 -0.200000 0.582919
v -0.161279 -0.205693 0.590938
v -0.132688 -0.212688 0.600000
v 0.080976 -0.192548 0.609193
v 0.101168 -0.200000 0.581168
v -0.276552 -0.151772 0.598849
v -0.245390 -0.168709 0.603308
v -0.191755 -0.182885 0.600000
v -0.217444 -0.177444 0.600000
v 0.107566 -0.166929 0.587566
v 0.097127 -0.156137 0.606768
v -0.320000 -0.120000 0.582090
v -0.291160 -0.131160 0.600000
v -0.304792 -0.114672 0.600000
v 0.119135 -0.126583 0.591758
v -0.323938 -0.088965 0.597383
v 0.147229 -0.088111 0.587229
v 0.139088 -0.080000 0.607124
v -0.335675 -0.055675 0.600000
v -0.342259 -0.032244 0.600000
v 0.160658 -0.035625 0.606009
v 0.177985 -0.030589 0.577985
v -0.341969 0.009531 0.600000
v 0.161961 0.008459 0.613124
v 0.181961 0.000000 0.581961
v -0.342228 0.040000 0.600000
v 0.180363 0.020363 0.580363
v 0.160327 0.042527 0.604607
v -0.334055 0.065945 0.600000
v -0.321264 0.086427 0.608099
v -0.343179 0.080000 0.576821
v 0.155795 0.072041 0.592342
v -0.320000 0.108411 0.588410
v -0.304548 0.120000 0.600000
v 0.144686 0.113096 0.584686
v 0.121210 0.124201 0.606411
v -0.280000 0.150000 0.596360
v -0.303408 0.136592 0.576592
v -0.234615 0.162076 0.604976
v 0.141223 0.150772 0.581223
v 0.120404 0.161452 0.602069
v -0.240000 0.181259 0.581259
v -0.207021 0.186942 0.586942
v -0.197714 0.165230 0.610952
v -0.165849 0.190922 0.594770
v -0.160000 0.207710 0.581162
v -0.117191 0.205530 0.605632
v 0.143024 0.191060 0.583024
v 0.121001 0.203812 0.605127
v -0.127348 0.230161 0.586766
v -0.099317 0.240000 0.600000
v 0.145978 0.232775 0.585978
v 0.122097 0.247006 0.610095
v -0.120000 0.260598 0.580598
v -0.085901 0.275154 0.591298
v -0.037365 0.281420 0.602294
v 0.145811 0.265811 0.585811
v 0.120261 0.281436 0.602473
v 0.139797 0.288885 0.579797
v -0.080000 0.299709 0.579709
v -0.047175 0.307468 0.587468
v -0.036356 0.327444 0.579338
v -0.006997 0.311715 0.587515
v 0.004168 0.283433 0.605276
v 0.003703 0.327017 0.577900
v 0.035280 0.315713 0.592190
v 0.074191 0.314604 0.593130
v 0.113268 0.310374 0.586408
v 0.049618 0.338679 0.578679
v 0.088798 0.338613 0.578613
v -0.018768 -0.240000 0.621232
v 0.000000 -0.234158 0.634173
v 0.022521 -0.240000 0.622521
v -0.120000 -0.200000 0.613219
v -0.094275 -0.200000 0.625725
v -0.077203 -0.192429 0.639001
v -0.030603 -0.219870 0.640000
v -0.054092 -0.214092 0.640000
v 0.043432 -0.198981 0.648926
v 0.018325 -0.221675 0.640000
v 0.064617 -0.200000 0.624617
v -0.225601 -0.160000 0.614399
v -0.200000 -0.160000 0.618673
v -0.169379 -0.160000 0.621874
v -0.123421 -0.158520 0.634194
v -0.095191 -0.175191 0.640000
v 0.060540 -0.179460 0.640000
v 0.076310 -0.161870 0.631220
v -0.280000 -0.120000 0.616323
v -0.241932 -0.119856 0.636464
v -0.196459 -0.115293 0.645458
v -0.159165 -0.115128 0.648796
v -0.139145 -0.139145 0.640000
v 0.082477 -0.119533 0.646417
v 0.101384 -0.120000 0.621384
v -0.283636 -0.087188 0.637675
v -0.262757 -0.102757 0.640000
v 0.100261 -0.099739 0.640000
v 0.117419 -0.080735 0.633500
v -0.320000 -0.064757 0.615243
v -0.313350 -0.035678 0.636981
v -0.301115 -0.061115 0.640000
v 0.140331 -0.059669 0.620331
v 0.125634 -0.036429 0.652206
v 0.146823 -0.040000 0.626823
v -0.318040 -0.000245 0.641984
v 0.147413 -0.003161 0.633342
v -0.316760 0.039645 0.636287
v 0.147479 0.034026 0.627479
v 0.122317 0.047091 0.652002
v -0.320000 0.063379 0.623379
v -0.298551 0.080000 0.640000
v 0.119482 0.077086 0.634288
v 0.141479 0.061479 0.621479
v 0.134765 0.080000 0.614765
v -0.280000 0.114914 0.633141
v -0.297713 0.102287 0.622287
v -0.237844 0.121070 0.641951
v 0.095936 0.087989 0.650972
v 0.109308 0.111866 0.624192
v 0.081155 0.123463 0.645393
v -0.271713 0.135526 0.615526
v -0.240000 0.142362 0.622362
v -0.206974 0.146605 0.626605
v -0.195883 0.123144 0.645346
v -0.166560 0.153879 0.629752
v -0.156225 0.133908 0.645658
v -0.117196 0.161627 0.641872
v 0.079531 0.156748 0.636209
v 0.102159 0.142159 0.622159
v 0.099070 0.169456 0.619070
v -0.150966 0.175631 0.615631
v -0.120000 0.182863 0.622863
v -0.081394 0.196764 0.634943
v -0.100130 0.200000 0.619870
v -0.039575 0.200270 0.640336
v 0.068540 0.187651 0.635035
v 0.040426 0.202217 0.642432
v 0.098147 0.209571 0.618147
v -0.080000 0.221917 0.621917
v -0.072721 0.247255 0.611028
v -0.046663 0.230494 0.626491
v -0.006480 0.233011 0.629736
v 0.002178 0.202181 0.642663
v 0.035412 0.234979 0.632703
v 0.073187 0.231257 0.627861
v 0.098775 0.249177 0.618775
v -0.031434 0.256543 0.616543
v 0.000000 0.258618 0.618618
v 0.030344 0.261514 0.621514
v 0.046378 0.286913 0.610444
v 0.071315 0.261987 0.621987
v -0.040000 -0.200000 0.659315
v -0.008134 -0.200000 0.664986
v 0.019157 -0.200000 0.659157
v -0.080000 -0.160000 0.656586
v -0.053200 -0.173200 0.666800
v -0.034943 -0.156471 0.685639
v -0.009313 -0.180843 0.680000
v 0.038977 -0.165067 0.673541
v 0.057297 -0.160000 0.657297
v -0.120000 -0.120000 0.655318
v -0.084242 -0.121954 0.671224
v -0.059269 -0.139269 0.680000
v 0.063864 -0.128969 0.663864
v 0.041815 -0.112615 0.690068
v -0.267923 -0.080000 0.652077
v -0.240000 -0.080000 0.667860
v -0.206323 -0.080000 0.667944
v -0.165442 -0.080000 0.668999
v -0.138480 -0.098480 0.661520
v -0.121823 -0.077697 0.675859
v -0.082458 -0.088188 0.683939
v 0.061091 -0.098909 0.680000
v 0.076491 -0.081471 0.673299
v 0.080000 -0.100969 0.659031
v 0.095948 -0.080000 0.655948
v -0.280000 -0.064525 0.655475
v -0.267722 -0.031772 0.677714
v -0.232436 -0.031561 0.691345
v -0.209536 -0.058778 0.680000
v -0.155928 -0.035557 0.686891
v -0.139596 -0.059596 0.680000
v 0.080000 -0.059750 0.680000
v 0.105412 -0.048475 0.665412
v 0.081858 -0.033810 0.688105
v -0.275310 -0.000540 0.675636
v 0.108112 -0.002682 0.674519
v 0.123153 -0.008930 0.660685
v -0.276928 0.036638 0.674915
v 0.114609 0.028491 0.665631
v 0.080698 0.044013 0.685956
v -0.280000 0.063357 0.663357
v -0.274179 0.088334 0.652534
v -0.244768 0.076107 0.673136
v -0.203416 0.076918 0.675437
v -0.167152 0.072689 0.677928
v -0.158230 0.052642 0.682752
v -0.119612 0.080282 0.680239
v 0.071763 0.071301 0.676571
v 0.041927 0.084345 0.686794
v 0.101564 0.061564 0.661564
v -0.230156 0.099444 0.659444
v -0.200000 0.100616 0.660616
v -0.168157 0.103641 0.663641
v -0.125935 0.108784 0.668784
v -0.120000 0.128015 0.660188
v -0.083889 0.116019 0.674057
v -0.078178 0.092158 0.682881
v -0.042970 0.117121 0.676523
v 0.000679 0.121584 0.681432
v 0.036905 0.116628 0.675224
v 0.072469 0.101902 0.661902
v 0.058900 0.128585 0.658900
v -0.099980 0.140020 0.660020
v -0.080000 0.143495 0.663495
v -0.071759 0.168570 0.652910
v -0.046976 0.146447 0.666447
v -0.036162 0.167488 0.658412
v -0.006492 0.153168 0.669981
v 0.032317 0.148713 0.664338
v 0.046440 0.168262 0.652002
v 0.008621 0.177528 0.657528
v 0.004825 -0.145562 0.697817
v -0.040000 -0.120000 0.699749
v -0.007985 -0.120000 0.705731
v 0.019321 -0.120000 0.699321
v -0.071884 -0.070352 0.693418
v -0.040000 -0.087867 0.706077
v -0.005899 -0.086853 0.711471
v 0.024895 -0.088107 0.704895
v 0.047184 -0.075963 0.697595
v -0.194008 -0.032003 0.690273
v -0.110343 -0.029111 0.693858
v -0.080000 -0.040000 0.699246
v -0.043360 -0.045094 0.709170
v -0.002315 -0.042661 0.716548
v 0.033887 -0.048559 0.708860
v 0.059585 -0.040000 0.699585
v -0.233169 0.007912 0.690903
v -0.190682 0.011335 0.695740
v -0.152446 0.008546 0.691748
v -0.110274 0.010435 0.694626
v -0.080000 -0.009020 0.703345
v -0.048632 -0.009712 0.707499
v -0.000086 -0.000172 0.720711
v 0.034658 -0.007030 0.710670
v 0.061888 -0.018112 0.701888
v 0.060949 0.009828 0.700948
v -0.234252 0.046479 0.689478
v -0.194214 0.046626 0.689458
v -0.114516 0.045975 0.688378
v -0.080000 0.020283 0.700283
v -0.066533 0.044988 0.696869
v -0.047356 0.029332 0.705663
v -0.005719 0.033862 0.711543
v 0.033319 0.029357 0.705694
v 0.043603 0.049837 0.697251
v -0.040000 0.059076 0.699076
v -0.033699 0.086666 0.689761
v -0.009285 0.062514 0.702514
v 0.007520 0.088911 0.692978
v 0.020513 0.060513 0.700512
f 4 1 3
f 4 3 2
f 6 7 1
f 4 6 1
f 5 6 4
f 8 7 6
f 2 12 4
f 9 12 2
f 12 9 11
f 12 5 4
f 12 13 5
f 12 11 13
f 5 14 6
f 5 15 14
f 5 13 15
f 16 8 6
f 14 16 6
f 15 16 14
f 18 9 10
f 18 10 17
f 18 11 9
f 18 19 11
f 11 20 13
f 11 19 20
f 13 21 15
f 13 20 21
f 15 22 16
f 21 22 15
f 22 23 16
f 17 25 18
f 24 25 17
f 25 24 26
f 25 19 18
f 25 27 19
f 25 26 27
f 19 28 20
f 19 27 28
f 20 29 21
f 20 28 29
f 21 30 22
f 29 30 21
f 30 23 22
f 31 26 24
f 26 31 33
f 26 34 27
f 26 33 34
f 27 35 28
f 27 34 35
f 36 28 37
f 35 37 28
f 36 37 28
f 29 28 37
f 38 30 29
f 37 38 29
f 32 39 31
f 33 31 39
f 33 39 40
f 33 41 34
f 33 40 41
f 34 42 35
f 34 41 42
f 35 43 37
f 43 35 44
f 42 44 35
f 43 45 37
f 43 44 45
f 46 38 37
f 45 46 37
f 39 48 40
f 48 39 47
f 48 41 40
f 48 49 41
f 41 50 42
f 41 49 50
f 44 42 51
f 50 51 42
f 45 44 51
f 46 45 52
f 51 52 45
f 53 48 47
f 49 48 53
f 53 54 49
f 50 49 54
f 50 55 51
f 54 55 50
f 51 56 52
f 55 56 51
f 56 57 52
f 53 59 54
f 58 59 53
f 54 60 55
f 59 60 54
f 55 61 56
f 60 61 55
f 56 62 57
f 61 62 56
f 58 63 59
f 59 64 60
f 63 64 59
f 60 65 61
f 64 65 60
f 63 66 64
f 66 63 67
f 68 65 64
f 66 68 64
f 74 70 75
f 74 75 73
f 74 73 76
f 74 77 70
f 74 3 77
f 74 76 3
f 77 69 70
f 77 78 69
f 77 1 78
f 77 3 1
f 69 78 71
f 78 79 71
f 78 7 79
f 78 1 7
f 80 81 71
f 72 71 81
f 79 80 71
f 80 79 7
f 82 81 80
f 83 76 73
f 76 2 3
f 76 83 2
f 7 8 80
f 84 82 80
f 84 80 8
f 84 8 85
f 86 82 84
f 85 86 84
f 87 83 88
f 87 88 89
f 87 89 10
f 83 87 10
f 2 83 9
f 83 10 9
f 8 90 85
f 16 90 8
f 91 86 85
f 90 91 85
f 89 88 92
f 89 92 93
f 89 17 10
f 89 93 17
f 90 16 94
f 16 23 94
f 90 95 91
f 94 95 90
f 96 93 92
f 93 96 24
f 17 93 24
f 94 23 98
f 98 23 30
f 94 99 95
f 98 99 94
f 100 96 97
f 100 97 101
f 100 24 96
f 24 100 32
f 24 32 31
f 38 102 30
f 98 30 103
f 30 102 103
f 104 99 98
f 103 104 98
f 105 100 101
f 105 101 106
f 105 32 100
f 32 105 107
f 32 107 39
f 102 38 46
f 103 102 108
f 102 109 108
f 102 46 109
f 110 104 103
f 108 110 103
f 109 110 108
f 106 111 105
f 107 105 111
f 107 111 112
f 107 47 39
f 107 112 47
f 46 113 109
f 46 52 113
f 114 110 109
f 113 114 109
f 115 110 114
f 116 112 111
f 112 116 117
f 112 118 47
f 112 117 118
f 53 47 118
f 52 57 113
f 113 119 114
f 113 120 119
f 113 57 120
f 121 115 114
f 119 121 114
f 120 121 119
f 116 123 117
f 122 123 116
f 123 122 124
f 123 118 117
f 123 125 118
f 123 124 125
f 53 118 58
f 118 125 58
f 120 57 126
f 126 57 62
f 127 121 120
f 126 127 120
f 128 124 122
f 124 128 129
f 124 130 125
f 124 129 130
f 125 131 58
f 125 130 131
f 63 58 131
f 61 132 62
f 132 61 65
f 126 62 133
f 62 132 133
f 134 127 126
f 133 134 126
f 135 129 128
f 129 135 136
f 129 137 130
f 129 136 137
f 130 138 131
f 130 137 138
f 131 67 63
f 131 138 67
f 65 139 132
f 68 139 65
f 133 132 140
f 132 141 140
f 132 139 141
f 142 134 133
f 140 142 133
f 141 142 140
f 135 144 136
f 143 144 135
f 144 137 136
f 144 145 137
f 137 146 138
f 137 145 146
f 138 147 67
f 138 146 147
f 66 67 148
f 67 147 148
f 68 66 149
f 149 66 148
f 139 68 150
f 150 68 149
f 139 151 141
f 139 150 151
f 142 141 152
f 151 152 141
f 143 153 144
f 145 144 153
f 153 154 145
f 154 153 155
f 154 146 145
f 154 156 146
f 154 155 156
f 146 157 147
f 146 156 157
f 147 158 148
f 147 157 158
f 148 159 149
f 148 158 159
f 149 160 150
f 149 159 160
f 150 161 151
f 150 160 161
f 151 162 152
f 161 162 151
f 153 163 155
f 156 155 163
f 163 164 156
f 164 165 156
f 157 156 165
f 164 166 165
f 165 158 157
f 165 167 158
f 165 166 167
f 158 168 159
f 158 167 168
f 159 169 160
f 159 168 169
f 170 160 171
f 169 171 160
f 170 171 160
f 161 160 171
f 161 172 162
f 171 172 161
f 172 173 162
f 163 174 164
f 164 175 166
f 175 164 174
f 167 166 175
f 175 176 167
f 176 175 177
f 168 167 176
f 176 178 168
f 177 178 176
f 169 168 178
f 169 179 171
f 178 179 169
f 171 180 172
f 180 171 179
f 174 182 175
f 175 183 177
f 182 183 175
f 184 178 185
f 177 185 178
f 183 185 177
f 178 184 179
f 189 188 190
f 194 186 187
f 194 187 193
f 186 196 188
f 194 196 186
f 196 194 195
f 196 197 188
f 196 198 197
f 196 195 198
f 188 197 190
f 197 199 190
f 197 200 199
f 197 198 200
f 190 201 191
f 199 201 190
f 201 199 200
f 201 200 202
f 191 203 192
f 201 203 191
f 202 203 201
f 203 204 192
f 205 193 206
f 205 206 207
f 193 208 194
f 205 208 193
f 208 195 194
f 208 209 195
f 195 210 198
f 195 209 210
f 198 211 200
f 198 210 211
f 200 212 202
f 200 211 212
f 202 213 203
f 212 213 202
f 214 204 203
f 213 214 203
f 217 215 219
f 218 217 220
f 219 220 217
f 221 205 207
f 221 207 222
f 205 223 208
f 221 223 205
f 223 209 208
f 223 224 209
f 209 225 210
f 209 224 225
f 210 226 211
f 210 225 226
f 211 227 212
f 211 226 227
f 212 228 213
f 227 228 212
f 229 214 213
f 229 213 230
f 228 230 213
f 232 216 75
f 232 233 216
f 232 70 233
f 232 75 70
f 233 215 216
f 233 69 215
f 233 70 69
f 215 71 219
f 71 215 69
f 219 234 220
f 219 81 234
f 219 71 81
f 72 81 71
f 234 235 220
f 235 234 236
f 81 236 234
f 238 221 222
f 238 222 237
f 221 239 223
f 238 239 221
f 239 224 223
f 239 240 224
f 239 238 240
f 224 241 225
f 224 240 241
f 225 242 226
f 225 241 242
f 226 243 227
f 226 242 243
f 227 244 228
f 243 244 227
f 230 228 244
f 245 75 231
f 245 231 246
f 245 246 247
f 245 73 75
f 245 247 73
f 81 248 236
f 235 236 248
f 81 82 248
f 248 249 235
f 82 249 248
f 253 237 251
f 253 251 250
f 237 254 238
f 253 254 237
f 254 255 238
f 240 238 255
f 255 256 240
f 256 255 257
f 256 241 240
f 256 257 241
f 258 241 259
f 257 259 241
f 258 260 241
f 242 241 260
f 258 259 260
f 260 261 242
f 259 261 260
f 243 242 261
f 243 262 244
f 262 243 261
f 247 246 263
f 73 247 83
f 247 263 83
f 82 264 249
f 82 86 264
f 265 249 264
f 265 264 86
f 265 86 266
f 266 267 265
f 270 252 269
f 270 269 268
f 271 250 252
f 271 252 270
f 250 272 253
f 271 272 250
f 253 273 254
f 272 273 253
f 254 274 255
f 274 254 273
f 255 275 257
f 274 275 255
f 276 259 277
f 257 277 259
f 275 277 257
f 259 276 261
f 278 263 279
f 278 279 280
f 278 280 88
f 278 83 263
f 83 278 88
f 86 281 266
f 91 281 86
f 266 282 267
f 281 282 266
f 282 283 267
f 268 284 270
f 270 285 271
f 284 285 270
f 271 286 272
f 285 286 271
f 272 287 273
f 286 287 272
f 280 279 288
f 280 92 88
f 280 288 92
f 281 91 289
f 91 95 289
f 281 290 282
f 289 290 281
f 291 283 282
f 291 282 290
f 292 288 293
f 292 97 288
f 92 288 96
f 288 97 96
f 289 95 295
f 99 294 95
f 295 95 294
f 289 296 290
f 295 296 289
f 297 292 293
f 297 293 298
f 297 97 292
f 297 101 97
f 104 299 99
f 99 300 294
f 299 300 99
f 295 294 300
f 296 295 300
f 301 297 298
f 301 298 302
f 301 101 297
f 301 106 101
f 299 104 110
f 299 303 300
f 303 299 110
f 303 304 300
f 303 110 304
f 304 305 300
f 306 301 302
f 306 302 307
f 306 308 301
f 106 301 308
f 306 309 308
f 106 308 309
f 106 309 111
f 304 110 310
f 110 311 310
f 115 311 110
f 312 305 304
f 310 312 304
f 311 312 310
f 313 306 307
f 313 307 314
f 309 306 313
f 111 309 116
f 309 313 116
f 311 115 121
f 315 312 311
f 121 315 311
f 318 317 316
f 319 313 314
f 319 314 320
f 313 319 321
f 116 313 122
f 313 321 122
f 322 315 121
f 322 121 323
f 127 323 121
f 322 324 315
f 322 323 324
f 325 316 326
f 325 326 327
f 316 328 318
f 325 328 316
f 328 329 318
f 330 319 320
f 330 320 331
f 321 319 330
f 321 330 128
f 122 321 128
f 127 332 323
f 324 323 332
f 127 134 332
f 332 333 324
f 334 327 335
f 334 335 333
f 336 325 327
f 336 327 334
f 325 337 328
f 336 337 325
f 338 329 328
f 337 338 328
f 331 339 330
f 339 128 330
f 128 339 340
f 128 340 135
f 332 134 341
f 134 342 341
f 134 142 342
f 332 343 333
f 341 343 332
f 343 341 342
f 333 344 334
f 343 344 333
f 334 345 336
f 344 345 334
f 336 346 337
f 345 346 336
f 337 347 338
f 347 337 346
f 340 339 348
f 340 348 349
f 135 340 143
f 340 349 143
f 142 350 342
f 142 152 350
f 343 342 351
f 342 352 351
f 342 350 352
f 343 351 344
f 351 353 344
f 351 352 353
f 344 354 345
f 353 354 344
f 345 355 346
f 354 355 345
f 348 356 349
f 349 356 143
f 143 356 357
f 153 143 357
f 350 152 358
f 152 162 358
f 350 359 352
f 350 358 359
f 352 360 353
f 352 359 360
f 353 361 354
f 360 361 353
f 361 362 354
f 354 363 355
f 363 354 362
f 356 364 357
f 364 356 365
f 357 364 153
f 364 366 153
f 163 153 366
f 358 162 173
f 358 367 359
f 358 173 367
f 359 368 360
f 359 367 368
f 360 369 361
f 368 369 360
f 369 362 361
f 365 370 364
f 370 366 364
f 371 366 370
f 371 370 372
f 366 371 163
f 371 373 163
f 371 372 373
f 163 373 174
f 172 374 173
f 374 172 180
f 173 181 367
f 173 374 181
f 367 375 368
f 367 181 375
f 376 369 368
f 375 376 368
f 370 377 372
f 377 373 372
f 377 378 373
f 378 174 373
f 174 378 379
f 182 174 380
f 174 379 380
f 182 380 183
f 179 184 381
f 381 184 185
f 180 179 382
f 382 179 381
f 180 383 374
f 180 382 383
f 374 384 181
f 374 383 384
f 181 384 385
f 375 181 386
f 386 181 385
f 387 376 375
f 387 375 386
f 378 388 379
f 388 380 379
f 380 388 389
f 380 390 183
f 380 389 390
f 183 391 185
f 183 390 391
f 391 392 185
f 185 392 381
f 393 381 394
f 392 394 381
f 382 381 393
f 393 395 382
f 394 395 393
f 383 382 395
f 396 383 395
f 396 384 383
f 386 385 397
f 384 397 385
f 396 397 384
f 388 398 389
f 398 390 389
f 398 399 390
f 391 390 399
f 391 400 392
f 400 391 399
f 392 401 394
f 400 401 392
f 406 407 405
f 406 405 404
f 406 404 189
f 406 189 408
f 409 410 407
f 409 407 406
f 409 406 408
f 409 408 411
f 412 413 410
f 412 410 409
f 412 409 411
f 412 411 414
f 415 416 413
f 415 413 412
f 415 412 414
f 415 414 417
f 418 416 415
f 417 418 415
f 422 403 420
f 422 420 419
f 422 423 403
f 422 187 423
f 422 419 187
f 423 402 403
f 423 186 402
f 423 187 186
f 402 189 404
f 402 188 189
f 188 402 186
f 189 190 408
f 408 191 411
f 191 408 190
f 411 192 414
f 192 411 191
f 414 424 417
f 414 192 424
f 418 417 425
f 424 425 417
f 428 419 421
f 428 421 426
f 428 426 429
f 428 429 430
f 419 428 430
f 419 193 187
f 419 430 193
f 424 192 204
f 424 431 425
f 204 431 424
f 434 432 218
f 434 218 436
f 435 434 437
f 436 437 434
f 440 426 427
f 440 427 439
f 440 429 426
f 429 440 441
f 429 207 430
f 429 441 207
f 193 430 206
f 430 207 206
f 204 442 431
f 214 442 204
f 444 443 216
f 446 433 445
f 446 445 444
f 446 444 216
f 446 447 433
f 446 215 447
f 446 216 215
f 447 432 433
f 447 218 432
f 447 217 218
f 217 447 215
f 218 220 436
f 436 448 437
f 436 449 448
f 436 220 449
f 448 450 437
f 449 450 448
f 454 438 453
f 454 453 452
f 438 456 439
f 454 456 438
f 456 454 455
f 456 455 457
f 439 458 440
f 456 458 439
f 458 456 457
f 458 441 440
f 458 459 441
f 458 457 459
f 441 222 207
f 441 459 222
f 214 460 442
f 229 460 214
f 462 443 461
f 462 461 231
f 462 75 443
f 462 231 75
f 75 216 443
f 220 235 449
f 449 463 450
f 449 464 463
f 449 235 464
f 465 451 450
f 463 465 450
f 464 465 463
f 466 452 451
f 466 451 465
f 452 468 454
f 466 468 452
f 468 466 467
f 468 455 454
f 468 469 455
f 468 467 469
f 455 470 457
f 455 469 470
f 457 251 459
f 457 470 251
f 459 237 222
f 459 251 237
f 229 230 471
f 230 244 471
f 472 460 229
f 472 229 473
f 471 473 229
f 474 231 461
f 231 474 246
f 464 235 249
f 464 476 465
f 476 464 249
f 476 477 465
f 476 478 477
f 476 249 478
f 465 479 466
f 477 479 465
f 479 477 478
f 479 467 466
f 479 480 467
f 479 478 480
f 467 269 469
f 467 480 269
f 469 252 470
f 469 269 252
f 470 250 251
f 470 252 250
f 244 262 481
f 262 261 481
f 244 481 482
f 471 244 482
f 473 471 482
f 483 474 475
f 483 475 484
f 483 484 263
f 483 246 474
f 483 263 246
f 265 478 249
f 478 267 480
f 267 478 265
f 480 268 269
f 268 480 267
f 485 275 274
f 276 277 486
f 275 485 277
f 486 277 485
f 261 276 487
f 487 276 486
f 261 487 488
f 481 261 489
f 489 261 490
f 490 261 488
f 481 491 482
f 491 481 490
f 489 490 481
f 263 484 492
f 263 492 279
f 268 267 283
f 284 268 283
f 273 287 493
f 493 287 286
f 273 493 494
f 274 273 495
f 495 273 496
f 496 273 494
f 496 497 495
f 495 498 274
f 485 274 498
f 495 497 498
f 498 499 485
f 499 498 500
f 497 500 498
f 486 485 499
f 499 501 486
f 500 501 499
f 487 486 501
f 490 488 502
f 487 502 488
f 502 487 501
f 503 492 504
f 503 504 288
f 503 279 492
f 503 288 279
f 291 505 283
f 291 290 505
f 283 506 284
f 283 505 506
f 285 284 507
f 507 284 506
f 285 508 286
f 508 285 507
f 509 286 510
f 508 510 286
f 509 510 286
f 493 286 510
f 496 494 511
f 493 511 494
f 511 493 510
f 512 497 496
f 513 500 514
f 497 514 500
f 512 514 497
f 500 513 501
f 288 504 515
f 288 515 293
f 505 290 516
f 516 290 296
f 505 517 506
f 505 516 517
f 506 518 507
f 506 517 518
f 518 519 507
f 508 507 519
f 508 520 510
f 520 508 519
f 521 522 515
f 521 298 522
f 522 293 515
f 293 522 298
f 296 300 523
f 524 296 525
f 523 525 296
f 524 525 296
f 516 296 525
f 525 526 516
f 526 525 527
f 526 517 516
f 526 527 517
f 527 528 517
f 517 529 518
f 517 528 529
f 518 530 519
f 529 530 518
f 531 298 521
f 531 302 298
f 523 300 532
f 300 305 532
f 523 533 525
f 532 533 523
f 525 534 527
f 533 534 525
f 534 535 527
f 534 536 535
f 527 535 528
f 535 529 528
f 535 537 529
f 535 536 537
f 530 529 538
f 537 538 529
f 539 302 531
f 539 307 302
f 532 305 312
f 532 540 533
f 540 532 312
f 540 541 533
f 540 312 541
f 533 542 534
f 541 542 533
f 542 536 534
f 542 543 536
f 536 317 537
f 536 543 317
f 537 544 538
f 537 545 544
f 537 317 545
f 544 546 538
f 545 546 544
f 547 539 548
f 547 307 539
f 547 314 307
f 541 312 549
f 312 550 549
f 312 315 550
f 541 551 542
f 549 551 541
f 551 549 550
f 551 543 542
f 551 552 543
f 551 550 552
f 543 316 317
f 543 552 316
f 318 545 317
f 545 553 546
f 545 554 553
f 545 318 554
f 553 555 546
f 554 555 553
f 557 547 548
f 557 548 558
f 557 314 547
f 557 320 314
f 315 559 550
f 324 559 315
f 550 327 552
f 550 559 327
f 316 552 326
f 552 327 326
f 554 318 329
f 554 560 555
f 560 554 329
f 560 561 555
f 560 562 561
f 560 329 562
f 556 555 563
f 561 563 555
f 562 563 561
f 564 557 558
f 564 558 565
f 564 320 557
f 564 331 320
f 324 333 559
f 559 335 327
f 335 559 333
f 329 566 562
f 338 566 329
f 562 567 563
f 566 567 562
f 565 568 564
f 568 331 564
f 331 568 569
f 331 569 339
f 566 338 570
f 570 338 347
f 566 571 567
f 570 571 566
f 572 569 568
f 569 572 339
f 572 348 339
f 347 346 573
f 346 355 573
f 347 574 570
f 347 573 574
f 570 575 571
f 574 575 570
f 576 348 572
f 348 576 577
f 348 577 356
f 355 363 578
f 363 362 578
f 573 355 579
f 579 355 578
f 580 573 581
f 579 581 573
f 580 581 573
f 574 573 581
f 582 575 574
f 582 574 581
f 583 577 576
f 583 576 584
f 577 583 356
f 583 365 356
f 578 362 585
f 585 362 369
f 585 586 578
f 586 579 578
f 579 587 581
f 586 587 579
f 588 583 584
f 588 584 589
f 588 365 583
f 588 590 365
f 365 590 370
f 376 591 369
f 585 369 591
f 592 586 585
f 592 585 591
f 589 593 588
f 590 588 593
f 593 594 590
f 594 593 595
f 594 370 590
f 594 595 370
f 595 596 370
f 377 370 597
f 370 596 597
f 377 597 378
f 387 599 376
f 598 376 599
f 387 386 599
f 376 600 591
f 600 376 601
f 598 601 376
f 599 601 598
f 603 595 602
f 593 602 595
f 595 604 596
f 603 604 595
f 604 597 596
f 604 605 597
f 605 378 597
f 378 605 606
f 378 606 388
f 386 397 607
f 607 397 396
f 607 609 386
f 608 386 609
f 599 386 609
f 608 609 386
f 609 601 599
f 605 610 606
f 610 388 606
f 610 611 388
f 388 611 612
f 388 612 398
f 394 401 613
f 613 401 400
f 394 613 614
f 395 394 614
f 614 615 395
f 396 395 615
f 616 396 617
f 615 617 396
f 616 607 396
f 616 609 607
f 611 618 612
f 618 398 612
f 619 398 620
f 618 620 398
f 398 619 399
f 619 621 399
f 400 399 621
f 622 400 623
f 621 623 400
f 622 613 400
f 613 622 614
f 626 624 627
f 626 627 407
f 628 629 626
f 628 626 407
f 628 407 410
f 630 631 629
f 630 629 628
f 630 628 410
f 630 410 413
f 631 630 632
f 632 630 413
f 632 413 416
f 634 635 636
f 634 636 633
f 637 625 635
f 637 635 634
f 637 634 403
f 637 638 625
f 637 402 638
f 637 403 402
f 638 624 625
f 638 405 624
f 638 404 405
f 404 638 402
f 624 405 627
f 405 407 627
f 639 640 416
f 632 416 640
f 639 418 640
f 639 416 418
f 644 645 643
f 646 633 645
f 646 645 644
f 646 644 421
f 646 420 633
f 646 419 420
f 646 421 419
f 633 420 634
f 420 403 634
f 647 640 418
f 647 418 648
f 648 418 425
f 650 651 652
f 650 652 649
f 653 654 651
f 653 651 650
f 653 650 435
f 653 435 655
f 654 653 656
f 655 656 653
f 658 659 657
f 658 657 656
f 660 642 659
f 660 659 658
f 662 641 642
f 662 642 660
f 662 660 661
f 662 661 663
f 641 664 643
f 662 664 641
f 664 662 663
f 664 665 643
f 664 427 665
f 664 663 427
f 643 665 644
f 665 421 644
f 665 426 421
f 665 427 426
f 648 425 666
f 425 431 666
f 668 445 433
f 670 649 669
f 670 669 668
f 670 668 433
f 670 432 649
f 670 433 432
f 649 432 650
f 432 435 650
f 432 434 435
f 435 437 655
f 655 671 656
f 655 672 671
f 655 437 672
f 656 673 658
f 671 673 656
f 673 671 672
f 673 672 674
f 658 675 660
f 673 675 658
f 675 673 674
f 675 661 660
f 675 453 661
f 675 674 453
f 661 438 663
f 661 453 438
f 663 439 427
f 439 663 438
f 666 431 676
f 431 442 676
f 678 667 679
f 678 679 677
f 678 677 443
f 678 680 667
f 678 443 680
f 680 445 667
f 680 444 445
f 444 680 443
f 437 450 672
f 672 451 674
f 672 450 451
f 674 452 453
f 674 451 452
f 676 442 681
f 442 682 681
f 460 682 442
f 683 677 684
f 683 684 685
f 683 685 686
f 683 686 461
f 683 443 677
f 461 443 683
f 472 688 460
f 687 460 688
f 472 473 688
f 682 460 688
f 687 688 460
f 686 685 689
f 686 689 475
f 461 686 474
f 686 475 474
f 690 688 473
f 690 473 482
f 691 689 692
f 691 475 689
f 691 484 475
f 482 491 693
f 491 490 693
f 690 482 694
f 482 695 694
f 693 695 482
f 697 691 692
f 697 692 696
f 697 696 698
f 697 484 691
f 697 492 484
f 697 698 492
f 502 699 490
f 693 490 699
f 699 695 693
f 696 492 698
f 700 492 696
f 492 700 504
f 496 511 701
f 511 510 701
f 512 496 702
f 702 496 701
f 513 514 703
f 512 702 514
f 703 514 702
f 501 513 704
f 704 513 703
f 501 704 705
f 502 501 705
f 706 699 502
f 706 502 705
f 707 504 700
f 707 515 504
f 510 520 709
f 520 519 709
f 510 709 710
f 701 510 711
f 711 510 710
f 710 712 711
f 711 702 701
f 711 712 702
f 712 713 702
f 702 713 703
f 713 714 703
f 704 703 714
f 704 715 705
f 715 704 714
f 716 707 708
f 716 708 717
f 707 716 515
f 515 716 521
f 519 530 718
f 709 519 719
f 719 519 718
f 709 720 710
f 719 720 709
f 710 721 712
f 720 721 710
f 712 722 713
f 721 722 712
f 713 723 714
f 722 723 713
f 724 716 717
f 724 717 725
f 724 725 726
f 716 724 521
f 521 724 531
f 724 726 531
f 538 718 530
f 719 718 727
f 718 728 727
f 718 538 728
f 719 729 720
f 727 729 719
f 729 727 730
f 728 730 727
f 720 731 721
f 729 731 720
f 731 729 732
f 730 732 729
f 721 733 722
f 731 733 721
f 732 733 731
f 722 734 723
f 733 734 722
f 726 725 735
f 726 735 736
f 531 726 539
f 726 736 539
f 538 546 728
f 728 737 730
f 728 546 737
f 732 730 737
f 732 737 738
f 732 739 733
f 739 732 740
f 738 740 732
f 733 741 734
f 739 741 733
f 539 736 735
f 539 735 742
f 539 742 548
f 546 555 737
f 737 556 738
f 737 555 556
f 740 738 556
f 739 740 743
f 740 744 743
f 740 556 744
f 745 741 739
f 743 745 739
f 744 745 743
f 746 548 742
f 746 558 548
f 556 747 744
f 556 563 747
f 748 745 744
f 747 748 744
f 558 746 749
f 558 749 565
f 747 563 750
f 563 567 750
f 747 751 748
f 750 751 747
f 565 749 752
f 565 752 753
f 565 753 568
f 750 567 754
f 754 567 755
f 567 571 755
f 756 751 750
f 756 750 755
f 754 755 750
f 752 757 753
f 757 568 753
f 757 758 568
f 572 568 758
f 571 759 755
f 571 760 759
f 575 760 571
f 758 757 761
f 758 761 762
f 758 576 572
f 758 762 576
f 582 764 575
f 763 575 764
f 582 581 764
f 760 575 764
f 763 764 575
f 765 762 761
f 765 761 766
f 765 576 762
f 765 584 576
f 764 581 768
f 587 767 581
f 768 581 767
f 769 765 766
f 769 766 770
f 769 584 765
f 769 589 584
f 592 771 586
f 592 591 771
f 587 586 772
f 586 773 772
f 586 771 773
f 768 767 774
f 587 774 767
f 772 774 587
f 773 774 772
f 775 769 770
f 775 770 776
f 775 589 769
f 775 777 589
f 589 777 593
f 591 600 778
f 600 601 778
f 591 778 779
f 771 591 779
f 780 771 779
f 780 773 771
f 780 774 773
f 776 781 775
f 777 775 781
f 781 782 777
f 782 781 783
f 777 782 593
f 782 784 593
f 602 593 784
f 782 783 784
f 603 602 785
f 785 602 784
f 603 785 604
f 786 604 785
f 604 786 605
f 778 601 788
f 609 787 601
f 788 601 787
f 778 789 779
f 789 778 788
f 790 783 781
f 790 784 783
f 790 791 784
f 791 785 784
f 791 792 785
f 792 786 785
f 792 793 786
f 793 605 786
f 794 605 793
f 794 793 795
f 794 795 605
f 610 605 795
f 610 795 611
f 616 617 796
f 796 617 615
f 616 796 797
f 616 798 609
f 798 616 797
f 788 787 799
f 609 799 787
f 799 609 798
f 793 800 795
f 795 801 611
f 800 801 795
f 618 611 801
f 618 801 802
f 618 802 620
f 619 620 802
f 622 623 804
f 621 803 623
f 804 623 803
f 622 804 805
f 614 622 805
f 614 805 806
f 614 806 615
f 806 807 615
f 807 796 615
f 798 797 808
f 796 808 797
f 807 808 796
f 809 802 810
f 801 810 802
f 809 619 802
f 811 619 809
f 811 621 619
f 812 803 811
f 621 811 803
f 812 804 803
f 804 812 805
f 819 820 817
f 819 817 635
f 819 635 625
f 821 814 820
f 821 820 819
f 821 819 625
f 821 822 814
f 821 624 822
f 821 625 624
f 822 813 814
f 822 823 813
f 822 626 823
f 626 822 624
f 813 626 815
f 823 626 813
f 626 629 815
f 629 816 815
f 629 631 816
f 824 825 816
f 824 816 631
f 824 632 825
f 632 824 631
f 828 827 829
f 828 829 645
f 830 818 828
f 830 828 645
f 830 645 633
f 636 817 818
f 636 818 830
f 633 636 830
f 636 635 817
f 825 632 831
f 831 632 832
f 632 640 832
f 831 832 640
f 834 835 652
f 834 652 651
f 836 837 835
f 836 835 834
f 836 834 651
f 836 651 654
f 838 839 837
f 838 837 836
f 838 836 654
f 838 654 657
f 840 841 839
f 840 839 838
f 840 838 657
f 840 657 659
f 842 843 841
f 842 841 840
f 842 840 659
f 842 844 843
f 842 642 844
f 842 659 642
f 844 826 843
f 844 845 826
f 844 641 845
f 844 642 641
f 826 845 827
f 845 643 827
f 643 845 641
f 827 643 829
f 643 645 829
f 831 640 846
f 647 846 640
f 647 847 846
f 648 847 647
f 850 652 833
f 850 833 848
f 850 848 669
f 850 649 652
f 850 669 649
f 654 656 657
f 851 847 648
f 851 648 666
f 855 849 853
f 855 853 852
f 855 852 667
f 855 856 849
f 855 445 856
f 855 667 445
f 856 848 849
f 856 669 848
f 856 668 669
f 668 856 445
f 857 851 666
f 857 666 676
f 859 854 860
f 859 860 858
f 859 858 684
f 859 679 854
f 859 677 679
f 859 684 677
f 679 852 854
f 679 667 852
f 861 857 676
f 861 676 681
f 682 861 681
f 862 858 863
f 862 863 864
f 862 864 865
f 862 684 858
f 862 685 684
f 862 865 685
f 866 868 867
f 866 861 682
f 688 868 682
f 866 682 868
f 865 864 869
f 865 869 870
f 865 689 685
f 865 870 689
f 688 690 871
f 688 867 868
f 688 871 867
f 869 689 870
f 872 689 869
f 689 872 692
f 873 695 874
f 873 871 690
f 873 690 694
f 873 694 695
f 875 876 877
f 875 692 872
f 875 696 692
f 875 877 696
f 695 878 874
f 695 699 878
f 879 877 876
f 879 876 880
f 879 880 881
f 877 879 696
f 696 879 700
f 879 881 700
f 882 699 706
f 882 706 705
f 882 878 699
f 881 880 883
f 881 883 708
f 700 881 707
f 881 708 707
f 705 715 884
f 715 714 884
f 882 705 885
f 705 886 885
f 884 886 705
f 708 883 887
f 708 887 717
f 884 714 888
f 714 723 888
f 886 884 888
f 717 887 889
f 717 889 725
f 888 723 890
f 723 734 890
f 725 889 891
f 725 891 735
f 734 741 892
f 890 734 893
f 893 734 892
f 894 735 891
f 894 742 735
f 892 741 895
f 745 895 741
f 893 892 896
f 892 895 896
f 894 897 742
f 742 897 746
f 745 898 895
f 898 896 895
f 748 898 745
f 897 899 746
f 746 899 749
f 901 900 898
f 751 900 748
f 901 748 900
f 901 898 748
f 749 899 902
f 752 749 902
f 756 903 751
f 756 755 903
f 904 900 751
f 904 751 905
f 903 905 751
f 752 902 906
f 752 906 907
f 752 907 757
f 755 759 908
f 759 760 908
f 908 910 755
f 909 755 910
f 903 755 910
f 909 910 755
f 910 905 903
f 911 907 906
f 907 911 757
f 911 761 757
f 908 760 912
f 760 764 912
f 910 908 912
f 913 761 911
f 913 766 761
f 914 915 912
f 914 768 915
f 914 912 764
f 914 764 768
f 916 766 913
f 916 770 766
f 915 768 917
f 768 918 917
f 774 918 768
f 770 916 919
f 770 919 776
f 780 779 920
f 921 920 922
f 921 780 920
f 921 922 774
f 921 774 780
f 922 918 774
f 919 923 776
f 923 919 924
f 923 924 925
f 776 923 781
f 923 925 781
f 779 789 926
f 788 926 789
f 779 927 920
f 779 926 927
f 924 928 925
f 925 928 781
f 929 781 928
f 790 781 929
f 790 929 930
f 790 930 791
f 931 791 930
f 791 931 792
f 792 932 793
f 788 799 933
f 799 798 933
f 788 934 926
f 788 933 934
f 935 930 936
f 929 936 930
f 935 931 930
f 935 937 931
f 937 792 931
f 792 938 932
f 937 938 792
f 938 939 932
f 793 932 939
f 793 939 940
f 938 940 939
f 800 793 941
f 793 940 941
f 801 800 941
f 798 808 942
f 942 808 807
f 798 943 933
f 798 942 943
f 944 940 945
f 938 945 940
f 944 941 940
f 944 946 941
f 941 946 801
f 947 801 946
f 809 810 948
f 801 947 810
f 948 810 947
f 809 948 949
f 811 809 949
f 811 949 950
f 812 811 950
f 950 951 812
f 805 812 951
f 951 952 805
f 806 805 952
f 953 954 955
f 953 952 954
f 953 806 952
f 953 955 807
f 953 807 806
f 955 942 807
f 946 948 947
f 956 949 948
f 949 956 950
f 960 961 959
f 960 959 958
f 960 958 820
f 962 963 961
f 962 961 960
f 962 960 820
f 962 820 814
f 964 965 963
f 964 963 962
f 964 962 814
f 964 814 813
f 966 965 964
f 813 966 964
f 815 966 813
f 815 967 966
f 816 967 815
f 969 957 968
f 969 970 957
f 969 818 970
f 969 968 818
f 957 970 958
f 970 817 958
f 970 818 817
f 817 820 958
f 971 967 816
f 825 971 816
f 975 976 974
f 975 974 973
f 977 978 976
f 977 976 975
f 977 975 835
f 977 835 837
f 978 977 979
f 979 977 837
f 979 837 839
f 980 979 839
f 980 839 841
f 981 980 841
f 981 841 843
f 982 981 843
f 982 843 826
f 983 984 985
f 983 985 982
f 826 983 982
f 983 986 984
f 983 827 986
f 827 983 826
f 986 968 984
f 986 987 968
f 986 828 987
f 828 986 827
f 987 828 968
f 828 818 968
f 988 971 825
f 988 989 971
f 988 825 831
f 988 831 989
f 991 972 992
f 991 992 990
f 991 990 993
f 991 994 972
f 991 833 994
f 991 993 833
f 972 994 973
f 994 652 973
f 994 833 652
f 973 652 975
f 652 835 975
f 989 831 995
f 831 996 995
f 847 996 846
f 831 846 996
f 999 990 997
f 999 997 853
f 999 853 849
f 999 993 990
f 993 999 849
f 993 848 833
f 993 849 848
f 995 996 1000
f 1000 996 847
f 1000 847 851
f 1003 853 998
f 1003 998 1001
f 1003 1001 854
f 1003 852 853
f 1003 854 852
f 1004 1000 851
f 1004 851 857
f 860 1001 1002
f 860 1002 1005
f 858 860 1005
f 860 854 1001
f 1007 1004 857
f 1007 857 861
f 863 1005 1006
f 863 1006 1008
f 863 1008 864
f 1005 863 858
f 1009 1007 861
f 1009 861 866
f 867 1009 866
f 1010 864 1008
f 1010 869 864
f 1013 1012 1009
f 1013 1014 1012
f 1013 871 1014
f 1013 1009 867
f 1013 867 871
f 1015 1010 1011
f 1015 1011 1016
f 1015 1016 1017
f 1010 1015 869
f 869 1015 872
f 1015 1017 872
f 871 873 1019
f 1018 1019 873
f 874 1018 873
f 1018 1014 1019
f 871 1019 1014
f 1017 1016 1020
f 1017 1020 876
f 872 1017 875
f 1017 876 875
f 1022 1021 1018
f 1022 1023 1021
f 1022 878 1023
f 1022 1018 874
f 1022 874 878
f 880 876 1020
f 878 1024 1023
f 878 882 1024
f 1025 883 880
f 1027 1024 882
f 1027 882 885
f 886 1027 885
f 1028 1025 1026
f 1028 1026 1029
f 1028 883 1025
f 1028 887 883
f 1031 1030 1027
f 1031 1032 1030
f 1031 1027 886
f 888 1032 886
f 1031 886 1032
f 1033 1028 1029
f 1033 887 1028
f 1033 889 887
f 1030 1032 1034
f 1032 1035 1034
f 890 1035 888
f 1032 888 1035
f 1036 889 1033
f 1036 891 889
f 1034 1035 1037
f 1035 893 1037
f 1035 890 893
f 1036 1038 891
f 891 1038 894
f 1037 893 1039
f 893 896 1039
f 1038 1040 894
f 894 1040 897
f 1039 896 1041
f 896 1042 1041
f 896 898 1042
f 1044 897 1043
f 1040 1043 897
f 897 1044 899
f 1042 898 1045
f 900 1045 898
f 1046 899 1044
f 902 899 1046
f 1047 900 904
f 905 1047 904
f 1047 1045 900
f 902 1046 1048
f 902 1048 906
f 1049 910 1050
f 1049 1047 905
f 1049 905 910
f 906 1048 1051
f 906 1051 1052
f 911 906 1052
f 912 1054 910
f 1053 910 1054
f 1053 1050 910
f 1052 1051 1055
f 1052 1055 913
f 911 1052 913
f 1053 1054 1056
f 912 1056 1054
f 912 1057 1056
f 915 1057 912
f 1058 913 1055
f 1058 1055 1059
f 913 1058 916
f 1060 1057 915
f 1060 915 917
f 918 1060 917
f 1061 1058 1059
f 1061 1059 1062
f 1058 1061 916
f 916 1061 919
f 1063 920 1064
f 1063 922 920
f 918 1063 1060
f 918 922 1063
f 1062 1065 1061
f 1066 919 1065
f 1061 1065 919
f 1066 1065 919
f 924 919 1065
f 1067 926 1068
f 1067 920 927
f 1067 927 926
f 1067 1064 920
f 1069 924 1065
f 928 924 1069
f 1070 926 934
f 1070 934 933
f 1070 1068 926
f 1069 1071 928
f 1071 929 928
f 1072 929 1071
f 935 936 1073
f 929 1072 936
f 1073 936 1072
f 935 1073 937
f 1074 933 943
f 1074 943 942
f 1074 1070 933
f 1071 1075 1072
f 1075 1073 1072
f 1075 1076 1073
f 1076 937 1073
f 1076 1077 937
f 1078 938 1077
f 937 1077 938
f 1078 1077 938
f 1079 938 1077
f 944 945 1080
f 938 1079 945
f 1080 945 1079
f 944 1080 946
f 955 954 1081
f 1081 954 952
f 1082 1083 1084
f 1082 1081 1083
f 1082 955 1081
f 1082 1084 942
f 1082 942 955
f 1084 1074 942
f 1077 1085 1079
f 1085 1080 1079
f 1085 1086 1080
f 1086 946 1080
f 1086 1087 946
f 946 1087 1088
f 948 946 1088
f 948 1088 1089
f 956 948 1089
f 1090 1089 1091
f 1090 956 1089
f 1090 1091 1092
f 950 956 1092
f 1090 1092 956
f 1092 1093 1094
f 1091 1093 1092
f 1092 1094 951
f 1092 951 950
f 1095 951 1094
f 951 1095 952
f 1081 952 1095
f 961 1100 1099
f 1108 1096 1097
f 1108 1097 1106
f 1108 1106 968
f 1108 1109 1096
f 1108 957 1109
f 1108 968 957
f 1096 1109 1098
f 1109 959 1098
f 1109 958 959
f 958 1109 957
f 1098 959 1099
f 959 961 1099
f 961 963 1100
f 963 1110 1100
f 1101 1100 1110
f 963 965 1110
f 965 1111 1110
f 966 1111 965
f 1112 1111 1113
f 966 1113 1111
f 967 1113 966
f 1117 1103 1116
f 1118 1102 1103
f 1118 1103 1117
f 1118 1117 974
f 1102 1119 1104
f 1118 1119 1102
f 1119 1118 974
f 1119 974 976
f 1120 1105 1104
f 1119 1120 1104
f 1120 1119 976
f 1120 976 978
f 1121 1105 1120
f 978 1121 1120
f 1126 1107 1125
f 1126 1125 1124
f 1127 1106 1107
f 1127 1107 1126
f 1127 1126 984
f 1127 968 1106
f 1127 984 968
f 1112 1113 1128
f 967 1129 1113
f 1128 1113 1129
f 1130 1128 1129
f 1130 1129 1131
f 967 1131 1129
f 971 1131 967
f 1134 1114 1115
f 1134 1115 1132
f 1134 1132 1135
f 1134 1135 1136
f 1114 1137 1116
f 1134 1137 1114
f 1137 1134 1136
f 1137 1136 992
f 1116 1138 1117
f 1137 1138 1116
f 1138 1137 992
f 1138 1139 1117
f 1138 972 1139
f 1138 992 972
f 972 1117 1139
f 1117 973 974
f 973 1117 972
f 978 1140 1121
f 978 979 1140
f 1121 1140 1122
f 1140 1141 1122
f 1140 980 1141
f 980 1140 979
f 1122 1141 1123
f 1141 1142 1123
f 1141 981 1142
f 981 1141 980
f 1123 1143 1124
f 1142 1143 1123
f 981 1143 1142
f 982 1143 981
f 1124 985 1126
f 1143 985 1124
f 982 985 1143
f 985 984 1126
f 1130 1131 1144
f 971 1145 1131
f 1144 1131 1145
f 1144 1145 1146
f 971 1146 1145
f 989 1146 971
f 1148 1132 1133
f 1148 1133 1147
f 1148 1135 1132
f 1135 1148 1149
f 1135 997 1136
f 1135 1149 997
f 1136 990 992
f 1136 997 990
f 1144 1146 1150
f 989 1151 1146
f 1150 1146 1151
f 1150 1151 995
f 989 995 1151
f 1147 1153 1148
f 1152 1153 1147
f 1153 1152 1154
f 1153 1149 1148
f 1153 998 1149
f 1153 1154 998
f 1149 853 997
f 1149 998 853
f 1155 1150 995
f 1155 1156 1150
f 1155 995 1000
f 1155 1000 1156
f 1157 1154 1152
f 1154 1157 1002
f 1154 1001 998
f 1154 1002 1001
f 1158 1156 1000
f 1158 1000 1004
f 1159 1157 1160
f 1159 1160 1006
f 1159 1002 1157
f 1159 1005 1002
f 1159 1006 1005
f 1161 1158 1004
f 1161 1004 1007
f 1006 1160 1162
f 1008 1006 1162
f 1163 1161 1007
f 1163 1007 1009
f 1164 1162 1165
f 1164 1165 1011
f 1162 1164 1008
f 1008 1164 1010
f 1164 1011 1010
f 1166 1163 1009
f 1166 1009 1012
f 1014 1167 1012
f 1166 1012 1167
f 1011 1165 1168
f 1011 1168 1016
f 1166 1167 1169
f 1167 1170 1169
f 1167 1018 1170
f 1167 1014 1018
f 1171 1016 1168
f 1171 1020 1016
f 1172 1174 1173
f 1172 1018 1021
f 1023 1174 1021
f 1172 1021 1174
f 1172 1170 1018
f 1175 1171 1176
f 1175 1176 1177
f 1171 1175 1020
f 1020 1175 880
f 1175 1177 880
f 1173 1174 1178
f 1179 1178 1174
f 1179 1024 1178
f 1179 1174 1023
f 1179 1023 1024
f 1177 1176 1026
f 880 1177 1025
f 1177 1026 1025
f 1178 1024 1180
f 1027 1180 1024
f 1181 1026 1176
f 1026 1181 1029
f 1182 1180 1027
f 1030 1182 1027
f 1183 1029 1181
f 1029 1183 1184
f 1033 1029 1184
f 1185 1182 1030
f 1034 1185 1030
f 1184 1183 1186
f 1184 1186 1187
f 1033 1184 1036
f 1184 1187 1036
f 1188 1185 1034
f 1188 1034 1189
f 1037 1189 1034
f 1190 1187 1186
f 1187 1190 1036
f 1036 1190 1038
f 1039 1191 1037
f 1189 1037 1191
f 1190 1192 1038
f 1038 1192 1040
f 1191 1039 1193
f 1041 1193 1039
f 1041 1042 1193
f 1043 1040 1192
f 1043 1192 1194
f 1044 1043 1194
f 1195 1193 1042
f 1045 1195 1042
f 1044 1194 1196
f 1044 1196 1046
f 1198 1197 1195
f 1198 1199 1197
f 1198 1047 1199
f 1198 1195 1045
f 1198 1045 1047
f 1046 1196 1200
f 1046 1200 1048
f 1201 1047 1049
f 1050 1201 1049
f 1201 1199 1047
f 1048 1200 1202
f 1048 1202 1051
f 1050 1203 1201
f 1050 1204 1203
f 1050 1053 1204
f 1051 1202 1205
f 1051 1205 1055
f 1206 1053 1056
f 1057 1206 1056
f 1206 1204 1053
f 1055 1205 1207
f 1055 1207 1059
f 1057 1060 1208
f 1057 1209 1206
f 1057 1208 1209
f 1059 1207 1210
f 1059 1210 1062
f 1211 1064 1213
f 1211 1063 1064
f 1060 1212 1208
f 1060 1211 1212
f 1060 1063 1211
f 1214 1062 1210
f 1214 1210 1215
f 1214 1065 1062
f 1068 1216 1067
f 1064 1216 1213
f 1064 1067 1216
f 1215 1218 1214
f 1218 1065 1214
f 1065 1218 1219
f 1069 1065 1219
f 1068 1217 1216
f 1068 1220 1217
f 1068 1070 1220
f 1221 1219 1218
f 1219 1221 1069
f 1069 1221 1222
f 1069 1222 1071
f 1070 1224 1220
f 1070 1223 1224
f 1070 1074 1223
f 1221 1225 1222
f 1071 1222 1225
f 1225 1226 1071
f 1226 1225 1227
f 1226 1227 1071
f 1075 1071 1227
f 1075 1227 1228
f 1075 1228 1076
f 1229 1076 1228
f 1076 1229 1230
f 1076 1230 1077
f 1232 1081 1231
f 1232 1233 1084
f 1232 1084 1083
f 1232 1083 1081
f 1084 1233 1223
f 1084 1223 1074
f 1229 1228 1227
f 1234 1230 1229
f 1234 1077 1230
f 1235 1077 1234
f 1085 1077 1235
f 1085 1235 1236
f 1085 1236 1086
f 1086 1236 1087
f 1237 1089 1238
f 1237 1091 1089
f 1239 1240 1241
f 1239 1237 1240
f 1239 1091 1237
f 1239 1241 1094
f 1239 1094 1093
f 1239 1093 1091
f 1094 1241 1242
f 1094 1242 1095
f 1095 1242 1231
f 1095 1231 1081
f 1243 1087 1236
f 1088 1087 1243
f 1088 1243 1238
f 1088 1238 1089
f 1253 1245 1252
f 1255 1244 1245
f 1255 1245 1253
f 1255 1253 1254
f 1255 1254 1256
f 1244 1257 1246
f 1255 1257 1244
f 1257 1255 1256
f 1257 1256 1258
f 1259 1260 1246
f 1257 1259 1246
f 1259 1257 1258
f 1259 1258 1261
f 1260 1259 1262
f 1261 1262 1259
f 1265 1266 1264
f 1265 1264 1263
f 1267 1248 1266
f 1267 1266 1265
f 1267 1265 1268
f 1267 1268 1269
f 1270 1247 1248
f 1270 1248 1267
f 1270 1267 1269
f 1270 1269 1271
f 1247 1272 1249
f 1270 1272 1247
f 1272 1270 1271
f 1272 1273 1249
f 1272 1097 1273
f 1272 1271 1097
f 1249 1273 1250
f 1273 1274 1250
f 1273 1096 1274
f 1273 1097 1096
f 1250 1274 1251
f 1274 1275 1251
f 1274 1098 1275
f 1098 1274 1096
f 1276 1277 1251
f 1275 1276 1251
f 1098 1276 1275
f 1099 1276 1098
f 1277 1276 1278
f 1099 1278 1276
f 1100 1278 1099
f 1100 1101 1278
f 1282 1252 1281
f 1282 1281 1280
f 1282 1280 1283
f 1252 1284 1253
f 1282 1284 1252
f 1284 1282 1283
f 1284 1254 1253
f 1284 1103 1254
f 1284 1283 1103
f 1254 1102 1256
f 1254 1103 1102
f 1256 1104 1258
f 1104 1256 1102
f 1258 1105 1261
f 1258 1104 1105
f 1261 1285 1262
f 1285 1261 1105
f 1285 1105 1286
f 1262 1287 1263
f 1285 1287 1262
f 1287 1285 1286
f 1287 1286 1288
f 1263 1289 1265
f 1287 1289 1263
f 1289 1287 1288
f 1289 1288 1290
f 1289 1268 1265
f 1268 1289 1290
f 1268 1125 1269
f 1268 1290 1125
f 1269 1107 1271
f 1269 1125 1107
f 1271 1106 1097
f 1271 1107 1106
f 1278 1101 1291
f 1291 1101 1110
f 1292 1291 1110
f 1111 1292 1110
f 1112 1292 1111
f 1295 1279 1293
f 1295 1296 1279
f 1295 1115 1296
f 1295 1293 1115
f 1279 1296 1280
f 1296 1114 1280
f 1296 1115 1114
f 1280 1116 1283
f 1116 1280 1114
f 1283 1116 1103
f 1121 1286 1105
f 1286 1122 1288
f 1122 1286 1121
f 1288 1123 1290
f 1123 1288 1122
f 1290 1124 1125
f 1124 1290 1123
f 1297 1292 1112
f 1297 1298 1292
f 1128 1298 1112
f 1297 1112 1298
f 1130 1298 1128
f 1299 1293 1294
f 1299 1294 1300
f 1299 1300 1301
f 1299 1133 1293
f 1299 1301 1133
f 1293 1132 1115
f 1293 1133 1132
f 1302 1298 1130
f 1302 1303 1298
f 1302 1304 1303
f 1302 1130 1144
f 1302 1144 1304
f 1301 1300 1305
f 1301 1305 1306
f 1301 1147 1133
f 1301 1306 1147
f 1303 1304 1307
f 1304 1144 1307
f 1307 1144 1308
f 1144 1150 1308
f 1309 1306 1305
f 1306 1309 1310
f 1147 1306 1152
f 1306 1310 1152
f 1308 1150 1311
f 1311 1150 1312
f 1150 1313 1312
f 1156 1313 1150
f 1314 1310 1309
f 1310 1314 1157
f 1152 1310 1157
f 1315 1312 1313
f 1315 1313 1156
f 1315 1156 1158
f 1316 1157 1314
f 1157 1316 1160
f 1318 1315 1158
f 1318 1158 1161
f 1320 1316 1317
f 1320 1317 1319
f 1320 1319 1321
f 1320 1160 1316
f 1320 1162 1160
f 1320 1321 1162
f 1322 1318 1161
f 1322 1161 1163
f 1323 1319 1324
f 1323 1324 1325
f 1319 1162 1321
f 1323 1162 1319
f 1162 1323 1165
f 1326 1322 1163
f 1326 1163 1166
f 1327 1323 1325
f 1327 1325 1328
f 1327 1328 1329
f 1327 1165 1323
f 1327 1168 1165
f 1327 1329 1168
f 1330 1326 1166
f 1330 1166 1169
f 1330 1169 1170
f 1329 1328 1331
f 1329 1331 1332
f 1168 1329 1171
f 1329 1332 1171
f 1330 1170 1333
f 1173 1333 1172
f 1170 1172 1333
f 1171 1332 1331
f 1171 1331 1334
f 1171 1334 1176
f 1335 1333 1173
f 1178 1335 1173
f 1336 1176 1334
f 1337 1338 1178
f 1335 1178 1338
f 1337 1178 1339
f 1180 1339 1178
f 1337 1339 1338
f 1336 1340 1176
f 1176 1340 1181
f 1339 1180 1182
f 1338 1339 1341
f 1339 1182 1341
f 1340 1342 1181
f 1181 1342 1183
f 1341 1182 1343
f 1182 1185 1343
f 1345 1183 1344
f 1342 1344 1183
f 1345 1344 1183
f 1186 1183 1344
f 1188 1346 1185
f 1188 1189 1346
f 1346 1347 1185
f 1347 1343 1185
f 1186 1344 1348
f 1186 1348 1349
f 1190 1186 1349
f 1346 1189 1350
f 1189 1191 1350
f 1351 1347 1346
f 1351 1346 1350
f 1352 1349 1348
f 1349 1352 1190
f 1190 1352 1192
f 1353 1354 1350
f 1353 1193 1354
f 1353 1350 1191
f 1353 1191 1193
f 1352 1355 1192
f 1192 1355 1194
f 1354 1193 1356
f 1195 1356 1193
f 1194 1355 1357
f 1194 1357 1196
f 1197 1359 1195
f 1358 1195 1359
f 1197 1199 1359
f 1360 1356 1195
f 1360 1195 1359
f 1358 1359 1195
f 1196 1357 1361
f 1196 1361 1200
f 1199 1363 1359
f 1199 1362 1363
f 1199 1201 1362
f 1200 1361 1364
f 1200 1364 1202
f 1365 1362 1201
f 1365 1201 1203
f 1365 1203 1204
f 1202 1364 1366
f 1202 1366 1205
f 1365 1204 1367
f 1204 1368 1367
f 1204 1206 1368
f 1369 1205 1366
f 1369 1207 1205
f 1209 1373 1368
f 1209 1371 1373
f 1209 1208 1371
f 1209 1368 1206
f 1370 1374 1369
f 1374 1207 1369
f 1374 1210 1207
f 1375 1213 1376
f 1375 1372 1212
f 1375 1212 1211
f 1375 1211 1213
f 1212 1372 1371
f 1212 1371 1208
f 1377 1210 1374
f 1210 1377 1215
f 1217 1378 1216
f 1213 1378 1376
f 1213 1216 1378
f 1379 1215 1377
f 1379 1377 1380
f 1379 1380 1381
f 1379 1218 1215
f 1379 1381 1218
f 1217 1383 1378
f 1217 1382 1383
f 1217 1220 1382
f 1380 1384 1381
f 1384 1385 1381
f 1218 1381 1385
f 1218 1385 1221
f 1384 1221 1385
f 1224 1386 1382
f 1224 1223 1386
f 1224 1382 1220
f 1384 1388 1221
f 1388 1389 1221
f 1225 1221 1389
f 1392 1242 1390
f 1392 1231 1242
f 1393 1231 1392
f 1393 1387 1233
f 1393 1233 1232
f 1393 1232 1231
f 1233 1387 1386
f 1233 1386 1223
f 1394 1389 1388
f 1394 1395 1389
f 1389 1395 1225
f 1225 1395 1396
f 1227 1225 1396
f 1227 1396 1397
f 1229 1227 1397
f 1397 1398 1229
f 1234 1229 1398
f 1399 1234 1398
f 1235 1234 1399
f 1399 1400 1235
f 1236 1235 1400
f 1402 1238 1401
f 1402 1237 1238
f 1240 1403 1391
f 1240 1402 1403
f 1240 1237 1402
f 1240 1391 1241
f 1241 1391 1390
f 1241 1390 1242
f 1236 1400 1404
f 1236 1404 1243
f 1243 1404 1401
f 1243 1401 1238
f 1408 1409 1407
f 1408 1407 1406
f 1411 1412 1409
f 1411 1409 1408
f 1411 1408 1410
f 1411 1410 1413
f 1414 1415 1412
f 1414 1412 1411
f 1413 1414 1411
f 1416 1417 1415
f 1416 1415 1414
f 1418 1419 1417
f 1418 1417 1416
f 1420 1421 1419
f 1420 1419 1418
f 1423 1424 1421
f 1423 1421 1420
f 1423 1420 1422
f 1423 1422 1425
f 1426 1427 1424
f 1426 1424 1423
f 1425 1426 1423
f 1429 1427 1426
f 1429 1426 1430
f 1428 1430 1426
f 1429 1430 1431
f 1431 1432 1429
f 1434 1405 1435
f 1434 1435 1433
f 1434 1433 1436
f 1434 1436 1252
f 1405 1437 1406
f 1434 1437 1405
f 1437 1434 1252
f 1437 1245 1406
f 1437 1252 1245
f 1406 1410 1408
f 1406 1244 1410
f 1406 1245 1244
f 1410 1246 1413
f 1246 1410 1244
f 1413 1438 1414
f 1413 1260 1438
f 1413 1246 1260
f 1414 1438 1416
f 1438 1439 1416
f 1438 1440 1439
f 1438 1260 1440
f 1416 1439 1418
f 1439 1441 1418
f 1439 1264 1441
f 1439 1440 1264
f 1418 1441 1420
f 1441 1422 1420
f 1441 1266 1422
f 1441 1264 1266
f 1422 1248 1425
f 1422 1266 1248
f 1425 1428 1426
f 1425 1247 1428
f 1425 1248 1247
f 1428 1431 1430
f 1428 1249 1431
f 1249 1428 1247
f 1431 1442 1432
f 1431 1250 1442
f 1250 1431 1249
f 1443 1432 1442
f 1250 1443 1442
f 1251 1443 1250
f 1444 1443 1251
f 1446 1433 1447
f 1446 1447 1445
f 1446 1445 1448
f 1446 1448 1281
f 1446 1436 1433
f 1436 1446 1281
f 1436 1281 1252
f 1260 1262 1440
f 1440 1263 1264
f 1263 1440 1262
f 1444 1251 1449
f 1449 1251 1277
f 1450 1449 1277
f 1278 1450 1277
f 1452 1445 1453
f 1452 1453 1451
f 1452 1451 1454
f 1452 1454 1279
f 1452 1448 1445
f 1279 1448 1452
f 1448 1280 1281
f 1280 1448 1279
f 1278 1455 1450
f 1456 1450 1455
f 1278 1291 1455
f 1291 1457 1455
f 1292 1457 1291
f 1459 1451 1458
f 1459 1458 1294
f 1459 1293 1451
f 1459 1294 1293
f 1451 1293 1454
f 1454 1293 1279
f 1460 1455 1457
f 1460 1457 1292
f 1461 1460 1292
f 1298 1461 1292
f 1463 1458 1462
f 1463 1462 1464
f 1463 1300 1458
f 1463 1464 1300
f 1294 1458 1300
f 1465 1460 1461
f 1465 1461 1298
f 1303 1465 1298
f 1466 1464 1462
f 1464 1305 1300
f 1464 1466 1305
f 1468 1465 1303
f 1307 1468 1303
f 1308 1468 1307
f 1469 1466 1467
f 1469 1467 1470
f 1466 1469 1471
f 1305 1466 1309
f 1466 1471 1309
f 1472 1468 1308
f 1311 1472 1308
f 1312 1472 1311
f 1474 1469 1470
f 1474 1470 1473
f 1474 1471 1469
f 1474 1475 1471
f 1309 1471 1314
f 1471 1475 1314
f 1312 1476 1472
f 1312 1477 1476
f 1315 1477 1312
f 1473 1479 1474
f 1478 1479 1473
f 1479 1475 1474
f 1479 1317 1475
f 1314 1475 1316
f 1475 1317 1316
f 1477 1480 1476
f 1477 1481 1480
f 1477 1315 1318
f 1477 1318 1481
f 1478 1483 1479
f 1482 1483 1478
f 1483 1317 1479
f 1483 1319 1317
f 1483 1482 1319
f 1484 1480 1481
f 1484 1485 1480
f 1484 1481 1318
f 1484 1318 1322
f 1482 1486 1325
f 1319 1482 1324
f 1482 1325 1324
f 1485 1484 1488
f 1489 1488 1484
f 1489 1490 1488
f 1489 1484 1322
f 1489 1322 1326
f 1491 1486 1487
f 1491 1487 1492
f 1491 1325 1486
f 1491 1328 1325
f 1490 1489 1493
f 1493 1489 1326
f 1493 1326 1330
f 1494 1491 1492
f 1494 1492 1495
f 1494 1328 1491
f 1494 1331 1328
f 1496 1493 1330
f 1496 1330 1333
f 1497 1494 1495
f 1497 1495 1498
f 1497 1331 1494
f 1497 1334 1331
f 1333 1499 1496
f 1499 1333 1335
f 1500 1496 1499
f 1335 1500 1499
f 1498 1501 1497
f 1497 1501 1334
f 1334 1501 1336
f 1502 1500 1335
f 1502 1335 1503
f 1503 1335 1338
f 1501 1504 1336
f 1336 1504 1340
f 1503 1338 1505
f 1506 1505 1338
f 1506 1507 1505
f 1341 1507 1338
f 1506 1338 1507
f 1504 1508 1340
f 1340 1508 1342
f 1505 1507 1509
f 1510 1509 1507
f 1510 1511 1509
f 1510 1507 1341
f 1343 1511 1341
f 1510 1341 1511
f 1508 1512 1342
f 1512 1344 1342
f 1509 1511 1513
f 1511 1514 1513
f 1511 1347 1514
f 1511 1343 1347
f 1515 1516 1512
f 1344 1512 1516
f 1344 1516 1348
f 1515 1348 1516
f 1351 1518 1347
f 1517 1347 1518
f 1351 1350 1518
f 1514 1347 1518
f 1517 1518 1347
f 1348 1515 1519
f 1348 1519 1520
f 1352 1348 1520
f 1350 1521 1518
f 1350 1522 1521
f 1354 1522 1350
f 1520 1519 1523
f 1520 1523 1524
f 1352 1520 1355
f 1520 1524 1355
f 1525 1354 1356
f 1525 1522 1354
f 1526 1524 1523
f 1526 1523 1527
f 1524 1526 1355
f 1526 1357 1355
f 1528 1525 1356
f 1528 1356 1360
f 1528 1360 1359
f 1530 1526 1527
f 1530 1527 1529
f 1530 1357 1526
f 1530 1361 1357
f 1531 1362 1533
f 1531 1532 1359
f 1531 1359 1363
f 1531 1363 1362
f 1528 1359 1532
f 1529 1535 1530
f 1534 1535 1529
f 1535 1534 1536
f 1535 1361 1530
f 1535 1364 1361
f 1535 1536 1364
f 1537 1533 1362
f 1537 1362 1365
f 1538 1536 1534
f 1536 1538 1539
f 1536 1366 1364
f 1536 1539 1366
f 1540 1368 1541
f 1540 1537 1365
f 1540 1365 1367
f 1540 1367 1368
f 1542 1539 1538
f 1539 1542 1370
f 1366 1539 1369
f 1539 1370 1369
f 1372 1543 1371
f 1544 1371 1543
f 1544 1541 1368
f 1544 1368 1373
f 1544 1373 1371
f 1370 1542 1545
f 1370 1545 1546
f 1370 1546 1374
f 1547 1376 1549
f 1547 1548 1372
f 1547 1372 1375
f 1547 1375 1376
f 1372 1548 1543
f 1545 1550 1546
f 1546 1550 1374
f 1550 1377 1374
f 1376 1551 1549
f 1376 1378 1551
f 1552 1377 1550
f 1552 1553 1377
f 1377 1553 1380
f 1383 1554 1551
f 1383 1382 1554
f 1383 1551 1378
f 1556 1380 1553
f 1556 1553 1557
f 1556 1557 1558
f 1380 1556 1384
f 1556 1558 1384
f 1560 1387 1559
f 1560 1386 1387
f 1386 1555 1554
f 1386 1560 1555
f 1386 1554 1382
f 1557 1561 1558
f 1558 1561 1384
f 1384 1561 1388
f 1565 1563 1566
f 1565 1562 1563
f 1565 1391 1562
f 1565 1566 1567
f 1565 1567 1390
f 1565 1390 1391
f 1567 1566 1568
f 1567 1568 1569
f 1567 1569 1392
f 1567 1392 1390
f 1569 1568 1559
f 1569 1559 1387
f 1569 1387 1393
f 1569 1393 1392
f 1561 1570 1388
f 1394 1388 1570
f 1394 1570 1571
f 1395 1394 1571
f 1572 1400 1399
f 1573 1400 1572
f 1573 1404 1400
f 1574 1404 1573
f 1574 1401 1404
f 1576 1575 1564
f 1576 1574 1575
f 1576 1401 1574
f 1576 1564 1403
f 1576 1403 1402
f 1576 1402 1401
f 1403 1564 1562
f 1403 1562 1391
f 1577 1571 1578
f 1570 1578 1571
f 1571 1577 1395
f 1395 1577 1579
f 1396 1395 1579
f 1580 1579 1581
f 1580 1396 1579
f 1397 1396 1580
f 1397 1582 1583
f 1581 1582 1580
f 1397 1580 1582
f 1397 1583 1398
f 1584 1398 1583
f 1584 1399 1398
f 1584 1572 1399
f 1591 1592 1589
f 1591 1589 1588
f 1591 1588 1590
f 1591 1590 1593
f 1594 1595 1592
f 1594 1592 1591
f 1593 1594 1591
f 1597 1598 1595
f 1597 1595 1594
f 1596 1597 1594
f 1599 1598 1597
f 1604 1605 1602
f 1604 1602 1601
f 1604 1601 1407
f 1606 1585 1605
f 1606 1605 1604
f 1606 1604 1407
f 1606 1607 1585
f 1606 1409 1607
f 1606 1407 1409
f 1585 1607 1586
f 1607 1608 1586
f 1607 1412 1608
f 1607 1409 1412
f 1586 1608 1587
f 1608 1609 1587
f 1608 1415 1609
f 1608 1412 1415
f 1587 1609 1588
f 1609 1590 1588
f 1609 1417 1590
f 1609 1415 1417
f 1590 1419 1593
f 1590 1417 1419
f 1593 1596 1594
f 1593 1421 1596
f 1593 1419 1421
f 1596 1610 1597
f 1596 1424 1610
f 1596 1421 1424
f 1597 1610 1599
f 1610 1611 1599
f 1610 1427 1611
f 1610 1424 1427
f 1612 1600 1599
f 1611 1612 1599
f 1612 1611 1427
f 1612 1427 1613
f 1614 1600 1612
f 1613 1614 1612
f 1616 1601 1603
f 1616 1603 1435
f 1616 1617 1601
f 1616 1405 1617
f 1616 1435 1405
f 1405 1601 1617
f 1601 1406 1407
f 1406 1601 1405
f 1429 1613 1427
f 1618 1614 1613
f 1429 1618 1613
f 1618 1619 1614
f 1618 1432 1619
f 1618 1429 1432
f 1620 1614 1619
f 1432 1620 1619
f 1622 1435 1615
f 1622 1615 1621
f 1622 1621 1447
f 1622 1433 1435
f 1622 1447 1433
f 1432 1623 1620
f 1443 1623 1432
f 1624 1620 1623
f 1443 1624 1623
f 1444 1624 1443
f 1626 1621 1625
f 1626 1625 1453
f 1626 1447 1621
f 1626 1445 1447
f 1626 1453 1445
f 1444 1449 1624
f 1627 1624 1449
f 1628 1627 1449
f 1628 1449 1629
f 1450 1629 1449
f 1631 1625 1632
f 1631 1632 1630
f 1631 1630 1633
f 1631 1633 1451
f 1631 1453 1625
f 1451 1453 1631
f 1628 1629 1634
f 1634 1629 1450
f 1635 1634 1450
f 1635 1450 1636
f 1636 1450 1455
f 1456 1455 1450
f 1638 1630 1639
f 1638 1639 1637
f 1638 1637 1458
f 1638 1640 1630
f 1638 1458 1640
f 1630 1458 1633
f 1640 1458 1630
f 1633 1458 1451
f 1635 1636 1641
f 1636 1455 1641
f 1455 1642 1641
f 1460 1642 1455
f 1644 1637 1645
f 1644 1645 1643
f 1644 1643 1646
f 1644 1646 1462
f 1644 1458 1637
f 1462 1458 1644
f 1641 1642 1647
f 1648 1647 1642
f 1648 1642 1460
f 1649 1648 1460
f 1465 1649 1460
f 1650 1643 1651
f 1650 1651 1652
f 1650 1646 1643
f 1646 1650 1467
f 1462 1646 1466
f 1646 1467 1466
f 1653 1648 1649
f 1653 1649 1465
f 1654 1653 1465
f 1468 1654 1465
f 1656 1650 1652
f 1656 1652 1655
f 1656 1655 1657
f 1656 1467 1650
f 1656 1470 1467
f 1656 1657 1470
f 1658 1653 1654
f 1658 1654 1468
f 1659 1658 1468
f 1472 1659 1468
f 1660 1657 1655
f 1657 1660 1661
f 1657 1473 1470
f 1657 1661 1473
f 1662 1658 1659
f 1662 1663 1658
f 1662 1664 1663
f 1662 1659 1472
f 1662 1472 1476
f 1662 1476 1664
f 1665 1661 1660
f 1473 1661 1478
f 1661 1665 1478
f 1663 1664 1667
f 1667 1664 1476
f 1667 1476 1480
f 1666 1668 1665
f 1665 1668 1482
f 1478 1665 1482
f 1480 1670 1667
f 1480 1485 1670
f 1669 1671 1668
f 1671 1482 1668
f 1482 1671 1487
f 1482 1487 1486
f 1488 1670 1485
f 1488 1672 1670
f 1488 1490 1672
f 1673 1487 1671
f 1487 1673 1492
f 1674 1672 1490
f 1674 1490 1493
f 1675 1492 1673
f 1492 1675 1495
f 1493 1676 1674
f 1496 1676 1493
f 1495 1675 1677
f 1495 1677 1498
f 1496 1678 1676
f 1500 1678 1496
f 1679 1498 1677
f 1498 1679 1501
f 1500 1680 1678
f 1502 1680 1500
f 1502 1503 1680
f 1679 1681 1501
f 1501 1681 1504
f 1680 1503 1682
f 1682 1503 1505
f 1682 1683 1680
f 1505 1683 1682
f 1681 1684 1504
f 1504 1684 1508
f 1509 1686 1505
f 1685 1505 1686
f 1683 1505 1687
f 1685 1687 1505
f 1686 1687 1685
f 1684 1688 1508
f 1508 1688 1512
f 1686 1509 1690
f 1690 1509 1513
f 1514 1690 1513
f 1690 1687 1686
f 1691 1688 1689
f 1691 1689 1692
f 1688 1691 1512
f 1512 1691 1515
f 1693 1690 1514
f 1693 1514 1518
f 1694 1691 1692
f 1694 1692 1695
f 1691 1694 1515
f 1694 1519 1515
f 1696 1518 1521
f 1522 1696 1521
f 1693 1518 1697
f 1696 1697 1518
f 1698 1694 1695
f 1698 1695 1699
f 1698 1699 1700
f 1698 1519 1694
f 1698 1523 1519
f 1698 1700 1523
f 1522 1701 1696
f 1522 1702 1701
f 1522 1525 1702
f 1700 1699 1703
f 1700 1703 1704
f 1700 1527 1523
f 1700 1704 1527
f 1705 1702 1525
f 1705 1525 1528
f 1707 1704 1703
f 1704 1707 1708
f 1704 1529 1527
f 1704 1708 1529
f 1709 1533 1710
f 1532 1531 1709
f 1709 1531 1533
f 1532 1706 1705
f 1532 1709 1706
f 1532 1705 1528
f 1711 1708 1707
f 1708 1711 1713
f 1529 1708 1534
f 1708 1713 1534
f 1714 1533 1537
f 1714 1710 1533
f 1712 1715 1711
f 1713 1711 1715
f 1713 1715 1538
f 1534 1713 1538
f 1717 1716 1714
f 1717 1718 1716
f 1717 1541 1718
f 1717 1714 1537
f 1717 1537 1540
f 1717 1540 1541
f 1715 1720 1538
f 1720 1715 1721
f 1719 1721 1715
f 1538 1720 1542
f 1723 1543 1722
f 1723 1718 1541
f 1723 1541 1544
f 1723 1544 1543
f 1721 1724 1720
f 1720 1724 1542
f 1542 1724 1545
f 1725 1549 1727
f 1725 1726 1548
f 1725 1548 1547
f 1725 1547 1549
f 1548 1726 1722
f 1548 1722 1543
f 1545 1724 1728
f 1545 1728 1729
f 1545 1729 1550
f 1549 1730 1727
f 1549 1551 1730
f 1728 1732 1729
f 1729 1732 1550
f 1732 1553 1550
f 1552 1550 1553
f 1734 1735 1731
f 1734 1733 1735
f 1734 1555 1733
f 1734 1554 1555
f 1554 1731 1730
f 1554 1734 1731
f 1554 1730 1551
f 1553 1732 1736
f 1553 1736 1557
f 1738 1739 1737
f 1738 1566 1739
f 1740 1566 1738
f 1740 1568 1566
f 1741 1740 1742
f 1741 1568 1740
f 1741 1742 1743
f 1741 1743 1559
f 1741 1559 1568
f 1743 1742 1733
f 1743 1733 1555
f 1743 1555 1560
f 1743 1560 1559
f 1736 1744 1557
f 1744 1736 1745
f 1557 1744 1561
f 1747 1748 1749
f 1747 1746 1748
f 1747 1575 1746
f 1747 1564 1575
f 1750 1749 1737
f 1750 1747 1749
f 1750 1564 1747
f 1750 1737 1563
f 1750 1563 1562
f 1750 1562 1564
f 1563 1737 1739
f 1563 1739 1566
f 1745 1751 1744
f 1744 1751 1561
f 1752 1561 1751
f 1570 1561 1752
f 1754 1755 1746
f 1754 1753 1755
f 1754 1572 1753
f 1754 1746 1756
f 1754 1756 1573
f 1754 1573 1572
f 1756 1746 1575
f 1756 1575 1574
f 1756 1574 1573
f 1757 1752 1751
f 1752 1757 1570
f 1570 1757 1758
f 1570 1758 1578
f 1577 1578 1758
f 1583 1582 1759
f 1759 1582 1581
f 1760 1761 1762
f 1760 1759 1761
f 1760 1583 1759
f 1760 1762 1584
f 1760 1584 1583
f 1753 1572 1762
f 1584 1762 1572
f 1763 1758 1757
f 1763 1577 1758
f 1764 1577 1763
f 1577 1764 1579
f 1579 1764 1765
f 1581 1579 1765
f 1765 1759 1581
f 1775 1767 1774
f 1777 1766 1767
f 1777 1767 1775
f 1777 1775 1776
f 1777 1778 1766
f 1777 1589 1778
f 1777 1776 1589
f 1766 1778 1768
f 1778 1779 1768
f 1778 1592 1779
f 1778 1589 1592
f 1768 1779 1769
f 1779 1780 1769
f 1779 1595 1780
f 1779 1592 1595
f 1769 1780 1770
f 1780 1781 1770
f 1780 1598 1781
f 1780 1595 1598
f 1782 1771 1770
f 1781 1782 1770
f 1782 1781 1598
f 1782 1598 1783
f 1784 1771 1782
f 1783 1784 1782
f 1787 1773 1785
f 1787 1785 1602
f 1787 1788 1773
f 1787 1605 1788
f 1787 1602 1605
f 1788 1772 1773
f 1788 1789 1772
f 1788 1585 1789
f 1788 1605 1585
f 1772 1789 1774
f 1789 1586 1774
f 1586 1789 1585
f 1774 1776 1775
f 1774 1587 1776
f 1587 1774 1586
f 1776 1588 1589
f 1588 1776 1587
f 1599 1783 1598
f 1783 1790 1784
f 1783 1600 1790
f 1783 1599 1600
f 1790 1791 1784
f 1600 1791 1790
f 1793 1785 1786
f 1793 1786 1792
f 1793 1792 1603
f 1793 1602 1785
f 1793 1601 1602
f 1793 1603 1601
f 1600 1794 1791
f 1600 1614 1794
f 1794 1795 1791
f 1614 1795 1794
f 1797 1792 1615
f 1797 1603 1792
f 1797 1435 1603
f 1797 1615 1435
f 1795 1614 1798
f 1614 1620 1798
f 1800 1615 1796
f 1800 1796 1799
f 1800 1799 1621
f 1800 1621 1615
f 1801 1798 1620
f 1801 1620 1802
f 1624 1802 1620
f 1804 1799 1805
f 1804 1805 1803
f 1804 1803 1632
f 1804 1806 1799
f 1804 1625 1806
f 1804 1632 1625
f 1806 1621 1799
f 1625 1621 1806
f 1624 1627 1802
f 1807 1802 1627
f 1807 1627 1628
f 1809 1803 1639
f 1809 1632 1803
f 1809 1630 1632
f 1809 1639 1630
f 1807 1628 1810
f 1628 1634 1810
f 1634 1635 1810
f 1812 1639 1808
f 1812 1808 1811
f 1812 1811 1645
f 1812 1637 1639
f 1812 1645 1637
f 1635 1813 1810
f 1635 1814 1813
f 1635 1641 1814
f 1815 1811 1816
f 1815 1816 1817
f 1815 1817 1818
f 1815 1818 1643
f 1815 1645 1811
f 1643 1645 1815
f 1813 1814 1819
f 1814 1641 1819
f 1641 1820 1819
f 1648 1820 1647
f 1641 1647 1820
f 1651 1818 1817
f 1651 1817 1821
f 1651 1821 1652
f 1818 1651 1643
f 1822 1819 1820
f 1822 1820 1648
f 1822 1648 1823
f 1653 1823 1648
f 1824 1821 1825
f 1824 1825 1826
f 1824 1826 1827
f 1824 1652 1821
f 1824 1655 1652
f 1824 1827 1655
f 1822 1823 1828
f 1828 1823 1829
f 1829 1823 1653
f 1829 1653 1830
f 1658 1830 1653
f 1827 1826 1831
f 1827 1831 1660
f 1655 1827 1660
f 1829 1830 1832
f 1832 1830 1834
f 1833 1834 1830
f 1833 1835 1834
f 1833 1830 1658
f 1833 1658 1663
f 1833 1663 1835
f 1660 1831 1836
f 1660 1836 1666
f 1660 1666 1665
f 1834 1835 1837
f 1663 1837 1835
f 1663 1838 1837
f 1663 1667 1838
f 1666 1836 1839
f 1666 1839 1669
f 1666 1669 1668
f 1841 1837 1838
f 1841 1840 1837
f 1841 1842 1840
f 1841 1838 1667
f 1841 1667 1670
f 1841 1670 1842
f 1669 1839 1843
f 1669 1843 1844
f 1669 1844 1671
f 1845 1840 1842
f 1845 1842 1670
f 1845 1670 1672
f 1844 1843 1846
f 1844 1846 1847
f 1671 1844 1673
f 1844 1847 1673
f 1845 1672 1848
f 1674 1848 1672
f 1849 1847 1846
f 1849 1846 1850
f 1847 1849 1673
f 1673 1849 1675
f 1849 1850 1675
f 1674 1851 1848
f 1674 1676 1851
f 1853 1675 1852
f 1850 1852 1675
f 1853 1852 1675
f 1677 1675 1852
f 1851 1676 1854
f 1676 1855 1854
f 1678 1855 1676
f 1856 1677 1852
f 1856 1852 1857
f 1856 1857 1677
f 1679 1677 1857
f 1678 1858 1855
f 1678 1680 1858
f 1859 1855 1858
f 1859 1858 1680
f 1857 1860 1679
f 1679 1860 1681
f 1859 1680 1861
f 1862 1861 1680
f 1862 1863 1861
f 1683 1863 1680
f 1862 1680 1863
f 1864 1681 1860
f 1681 1864 1684
f 1861 1863 1865
f 1863 1687 1865
f 1863 1683 1687
f 1866 1864 1867
f 1866 1867 1868
f 1866 1868 1689
f 1864 1866 1684
f 1684 1866 1688
f 1866 1689 1688
f 1865 1687 1869
f 1687 1870 1869
f 1687 1690 1870
f 1689 1868 1871
f 1689 1871 1692
f 1872 1690 1693
f 1872 1870 1690
f 1873 1692 1871
f 1692 1873 1695
f 1697 1874 1872
f 1697 1875 1874
f 1697 1696 1875
f 1697 1872 1693
f 1876 1873 1877
f 1876 1877 1878
f 1876 1695 1873
f 1876 1699 1695
f 1701 1879 1875
f 1701 1880 1879
f 1701 1702 1880
f 1701 1875 1696
f 1881 1876 1878
f 1881 1878 1882
f 1881 1882 1883
f 1881 1699 1876
f 1881 1703 1699
f 1881 1883 1703
f 1884 1706 1885
f 1884 1880 1702
f 1884 1702 1705
f 1884 1705 1706
f 1883 1882 1886
f 1883 1886 1887
f 1703 1883 1707
f 1883 1887 1707
f 1710 1888 1709
f 1706 1888 1885
f 1706 1709 1888
f 1887 1886 1889
f 1887 1889 1712
f 1707 1887 1711
f 1887 1712 1711
f 1710 1891 1888
f 1710 1890 1891
f 1710 1714 1890
f 1712 1889 1892
f 1712 1892 1893
f 1712 1893 1715
f 1716 1895 1890
f 1716 1894 1895
f 1716 1718 1894
f 1716 1890 1714
f 1896 1893 1892
f 1896 1892 1897
f 1893 1896 1715
f 1896 1721 1715
f 1719 1715 1721
f 1900 1899 1894
f 1900 1898 1899
f 1900 1722 1898
f 1900 1894 1718
f 1900 1718 1723
f 1900 1723 1722
f 1897 1901 1896
f 1901 1721 1896
f 1721 1901 1902
f 1721 1902 1724
f 1903 1727 1905
f 1903 1904 1726
f 1903 1726 1725
f 1903 1725 1727
f 1726 1904 1898
f 1726 1898 1722
f 1906 1902 1901
f 1902 1906 1724
f 1906 1728 1724
f 1908 1909 1905
f 1908 1907 1909
f 1908 1731 1907
f 1908 1905 1727
f 1908 1727 1730
f 1908 1730 1731
f 1910 1728 1906
f 1728 1910 1911
f 1728 1911 1732
f 1914 1915 1913
f 1914 1742 1915
f 1916 1914 1917
f 1916 1742 1914
f 1916 1917 1918
f 1916 1918 1733
f 1916 1733 1742
f 1918 1917 1907
f 1918 1907 1731
f 1918 1731 1735
f 1918 1735 1733
f 1919 1911 1910
f 1919 1910 1920
f 1911 1919 1732
f 1732 1919 1736
f 1923 1921 1924
f 1923 1749 1921
f 1923 1924 1925
f 1923 1925 1737
f 1923 1737 1749
f 1925 1924 1912
f 1925 1912 1738
f 1925 1738 1737
f 1738 1912 1913
f 1738 1913 1926
f 1738 1926 1740
f 1740 1913 1915
f 1740 1926 1913
f 1740 1915 1742
f 1920 1927 1919
f 1919 1927 1736
f 1736 1927 1745
f 1928 1746 1929
f 1748 1922 1749
f 1748 1928 1922
f 1748 1746 1928
f 1745 1927 1930
f 1745 1930 1931
f 1745 1931 1751
f 1755 1933 1929
f 1755 1932 1933
f 1755 1753 1932
f 1755 1929 1746
f 1930 1934 1931
f 1934 1935 1931
f 1751 1931 1935
f 1751 1935 1936
f 1934 1936 1935
f 1757 1751 1936
f 1937 1759 1939
f 1937 1938 1762
f 1937 1762 1761
f 1937 1761 1759
f 1762 1938 1932
f 1762 1932 1753
f 1940 1936 1934
f 1936 1940 1757
f 1940 1942 1757
f 1941 1757 1942
f 1763 1757 1942
f 1941 1942 1757
f 1943 1763 1942
f 1764 1763 1943
f 1944 1764 1943
f 1944 1945 1765
f 1944 1765 1764
f 1765 1945 1939
f 1765 1939 1759
f 1950 1951 1949
f 1950 1949 1948
f 1953 1954 1951
f 1953 1951 1950
f 1952 1953 1950
f 1954 1953 1956
f 1955 1956 1953
f 1960 1947 1959
f 1960 1959 1958
f 1960 1958 1774
f 1960 1961 1947
f 1960 1767 1961
f 1960 1774 1767
f 1961 1946 1947
f 1961 1766 1946
f 1961 1767 1766
f 1946 1766 1948
f 1766 1768 1948
f 1948 1768 1950
f 1768 1952 1950
f 1768 1769 1952
f 1952 1955 1953
f 1952 1770 1955
f 1770 1952 1769
f 1955 1962 1956
f 1955 1771 1962
f 1955 1770 1771
f 1962 1963 1956
f 1963 1962 1771
f 1965 1966 1967
f 1965 1967 1964
f 1965 1968 1966
f 1965 1773 1968
f 1969 1957 1966
f 1969 1966 1968
f 1969 1968 1773
f 1969 1970 1957
f 1969 1772 1970
f 1969 1773 1772
f 1957 1970 1958
f 1970 1774 1958
f 1774 1970 1772
f 1963 1771 1971
f 1784 1971 1771
f 1972 1963 1973
f 1971 1973 1963
f 1973 1971 1974
f 1784 1974 1971
f 1978 1964 1976
f 1978 1976 1975
f 1978 1975 1786
f 1978 1785 1964
f 1978 1786 1785
f 1964 1785 1965
f 1785 1773 1965
f 1784 1979 1974
f 1973 1974 1979
f 1784 1791 1979
f 1980 1973 1979
f 1980 1979 1791
f 1981 1975 1977
f 1981 1977 1615
f 1981 1786 1975
f 1981 1792 1786
f 1981 1615 1792
f 1980 1791 1982
f 1983 1982 1791
f 1795 1982 1791
f 1983 1791 1982
f 1985 1977 1986
f 1985 1986 1984
f 1985 1984 1796
f 1985 1615 1977
f 1985 1796 1615
f 1795 1798 1982
f 1987 1982 1798
f 1988 1984 1989
f 1988 1989 1990
f 1988 1990 1805
f 1988 1805 1799
f 1988 1796 1984
f 1799 1796 1988
f 1987 1798 1991
f 1992 1991 1798
f 1992 1798 1801
f 1802 1991 1801
f 1992 1801 1991
f 1994 1990 1995
f 1994 1995 1993
f 1994 1993 1996
f 1994 1805 1990
f 1994 1803 1805
f 1994 1996 1803
f 1802 1997 1991
f 1998 1991 1997
f 1998 1997 1807
f 1802 1807 1997
f 2000 1993 2001
f 2000 2001 1999
f 2000 1999 1808
f 2000 1639 1993
f 2000 1808 1639
f 1993 1803 1996
f 1639 1803 1993
f 2002 1998 1807
f 2002 2003 1998
f 2002 2004 2003
f 2002 1807 1810
f 2002 1810 2004
f 2005 1999 2006
f 2005 2006 2007
f 2005 2007 2008
f 2005 2009 1999
f 2005 1811 2009
f 2005 2008 1811
f 2009 1808 1999
f 1811 1808 2009
f 2003 2004 2010
f 2010 2004 1810
f 2010 1810 1813
f 2008 2007 2011
f 2008 2011 1817
f 1811 2008 1816
f 2008 1817 1816
f 1813 2012 2010
f 1813 2013 2012
f 1813 1819 2013
f 2014 1817 2011
f 2014 1821 1817
f 2015 2012 2013
f 2015 2013 1819
f 2015 1819 2016
f 1822 2016 1819
f 1825 2014 2017
f 1825 2017 1826
f 2014 1825 1821
f 2015 2016 2018
f 2016 2019 2018
f 1828 2020 1822
f 2016 1822 2020
f 2016 2020 2019
f 1829 2020 1828
f 1826 2017 2021
f 1826 2021 1831
f 2018 2019 2022
f 2019 2020 2022
f 2023 2022 2020
f 2023 2024 2022
f 2023 2020 1829
f 1832 1834 1829
f 2023 1829 1834
f 2023 1834 2024
f 1831 2021 2025
f 1831 2025 1836
f 2022 2024 2026
f 2024 1834 2026
f 1834 2027 2026
f 1834 1837 2027
f 1836 2025 2028
f 1836 2028 1839
f 2029 2026 2027
f 2029 2030 2026
f 2029 2027 1837
f 2029 1837 1840
f 1839 2028 2031
f 1839 2031 1843
f 2030 2029 2032
f 2029 1840 2032
f 1840 2033 2032
f 1845 2033 1840
f 1843 2031 2034
f 1843 2034 1846
f 2032 2033 2035
f 2035 2033 1845
f 2036 2035 1845
f 1848 2036 1845
f 2034 2037 1846
f 1850 1846 2037
f 1848 2039 2036
f 2038 2036 2039
f 1848 1851 2039
f 2040 2038 2039
f 2040 2039 1851
f 2037 2041 1850
f 2041 1852 1850
f 2040 1851 2042
f 2042 1851 2043
f 1854 1855 1851
f 2043 1851 1855
f 2044 2042 2043
f 1855 2044 2043
f 1852 2041 2045
f 1852 2045 2046
f 1857 1852 2046
f 2047 2044 1855
f 2047 1855 2048
f 1859 2048 1855
f 2045 2049 2046
f 2046 2049 1857
f 2049 1860 1857
f 1859 2050 2048
f 2050 1859 1861
f 2051 2048 2050
f 1861 2051 2050
f 2052 1860 2049
f 2052 1864 1860
f 1865 2054 1861
f 2053 1861 2054
f 2051 1861 2054
f 2053 2054 1861
f 1867 2052 2055
f 1867 2055 2056
f 1867 2056 1868
f 2052 1867 1864
f 2054 1865 2057
f 2057 1865 1869
f 1870 2057 1869
f 1868 2056 2058
f 1871 1868 2058
f 2060 2059 2057
f 2060 2061 2059
f 2060 1872 2061
f 2060 2057 1870
f 2060 1870 1872
f 2058 2062 1871
f 1871 2062 1873
f 2064 2061 1872
f 2064 1872 1874
f 2064 1874 1875
f 1877 2062 2063
f 1877 2063 2065
f 1877 2065 1878
f 2062 1877 1873
f 2066 1880 2067
f 2066 1875 1879
f 2066 1879 1880
f 2066 2064 1875
f 1878 2065 1882
f 2068 1885 2069
f 2068 2067 1880
f 2068 1880 1884
f 2068 1884 1885
f 2070 1886 1882
f 1885 2071 2069
f 1885 1888 2071
f 2072 1886 2070
f 2072 1889 1886
f 1891 2074 2071
f 1891 2073 2074
f 1891 1890 2073
f 1891 2071 1888
f 2072 2075 1889
f 2075 1892 1889
f 1895 2076 2073
f 1895 1894 2076
f 1895 2073 1890
f 1892 2075 2077
f 1892 2077 1897
f 1899 2078 2076
f 1899 1898 2078
f 1899 2076 1894
f 1897 2077 2080
f 1897 2080 2081
f 1897 2081 1901
f 2083 1905 2082
f 2083 2079 1904
f 2083 1904 1903
f 2083 1903 1905
f 1904 2079 2078
f 1904 2078 1898
f 2084 2081 2080
f 2084 1901 2081
f 2084 1906 1901
f 2089 2088 2090
f 2089 2087 2088
f 2089 1917 2087
f 2091 2090 2092
f 2091 2089 2090
f 2091 1917 2089
f 2091 1907 1917
f 1909 2092 2082
f 1909 2091 2092
f 1909 1907 2091
f 1909 2082 1905
f 2093 1906 2084
f 1906 2093 2094
f 1906 2094 1910
f 2095 2096 2097
f 2095 2098 2096
f 2099 2097 2085
f 2099 2095 2097
f 2099 1924 2095
f 2099 2085 2100
f 2099 2100 1912
f 2099 1912 1924
f 2100 2085 2086
f 2100 2086 2101
f 2100 2101 1913
f 2100 1913 1912
f 2101 2086 2087
f 2101 2087 1914
f 2101 1914 1913
f 1914 2087 1917
f 2093 2102 2094
f 2102 2093 2103
f 2102 1910 2094
f 2102 1920 1910
f 2105 2106 2098
f 2105 2104 2106
f 2105 1922 2104
f 2105 2098 1921
f 2105 1921 1749
f 2105 1749 1922
f 1921 2098 2095
f 1921 2095 1924
f 2103 2107 2102
f 1920 2102 2107
f 1920 2107 2108
f 1920 2108 1927
f 2111 2110 2104
f 2111 2109 2110
f 2111 1929 2109
f 2111 2104 1922
f 2111 1922 1928
f 2111 1928 1929
f 2107 2112 2108
f 2112 2107 2113
f 2108 2112 1927
f 2112 1930 1927
f 1933 2115 2109
f 1933 2114 2115
f 1933 1932 2114
f 1933 2109 1929
f 2113 2116 2112
f 2116 1930 2112
f 2116 2117 1930
f 1930 2117 2118
f 1930 2118 1934
f 2119 1939 2121
f 2119 2120 1938
f 2119 1938 1937
f 2119 1937 1939
f 1938 2120 2114
f 1938 2114 1932
f 2117 2122 2118
f 2118 2122 1934
f 2122 2123 1934
f 1940 1934 2123
f 2124 1940 2123
f 2124 1942 1940
f 2125 1942 2124
f 2125 1943 1942
f 2126 2127 2128
f 2126 2125 2127
f 2126 1943 2125
f 2126 2128 1945
f 2126 1945 1944
f 2126 1944 1943
f 1945 2128 2121
f 1945 2121 1939
f 2135 2136 2137
f 2135 2137 1959
f 2135 1959 1947
f 2138 2130 2136
f 2138 2136 2135
f 2138 2135 1947
f 2138 2139 2130
f 2138 1946 2139
f 2138 1947 1946
f 2139 2129 2130
f 2139 1949 2129
f 2139 1948 1949
f 1948 2139 1946
f 2129 1949 2131
f 1949 1951 2131
f 2131 1951 2132
f 1951 1954 2132
f 1954 2133 2132
f 1954 2140 2133
f 1954 1956 2140
f 2141 2133 2140
f 2141 2140 1956
f 2144 2134 2145
f 2144 2145 2142
f 2144 2142 1966
f 2144 2146 2134
f 2144 1957 2146
f 2144 1966 1957
f 2146 1959 2134
f 2146 1958 1959
f 1958 2146 1957
f 2141 1956 2147
f 1956 1963 2147
f 2148 2141 2147
f 2148 2147 1963
f 2150 2149 1976
f 2150 1976 1964
f 1967 2142 2143
f 1967 2143 2150
f 1964 1967 2150
f 1967 1966 2142
f 2148 1963 2151
f 1972 1973 1963
f 2151 1963 1973
f 2152 2149 2153
f 2152 2153 2154
f 2152 2154 1977
f 2152 1976 2149
f 2152 1975 1976
f 2152 1977 1975
f 2151 1973 2155
f 2155 1973 1980
f 2156 2157 2158
f 2156 1977 2154
f 2156 2158 1977
f 2155 1980 2159
f 2159 1980 1982
f 1986 2158 2157
f 1986 2157 2160
f 1984 1986 2160
f 2158 1986 1977
f 2162 2159 1982
f 2162 1982 1987
f 1989 2160 2161
f 1989 2161 2163
f 1989 2163 1990
f 2160 1989 1984
f 2162 1987 2164
f 2164 1987 1991
f 1995 2163 2165
f 1993 1995 2165
f 1995 1990 2163
f 2167 2164 1991
f 2167 1991 1998
f 2001 2165 2166
f 2001 2166 2168
f 1999 2001 2168
f 2165 2001 1993
f 1998 2169 2167
f 1998 2003 2169
f 2006 2168 2170
f 2006 2170 2007
f 2168 2006 1999
f 2171 2169 2003
f 2171 2172 2169
f 2171 2003 2010
f 2171 2010 2172
f 2173 2007 2170
f 2173 2011 2007
f 2174 2172 2010
f 2174 2010 2012
f 2173 2175 2011
f 2011 2175 2014
f 2175 2176 2014
f 2177 2174 2012
f 2177 2012 2015
f 2175 2178 2176
f 2176 2178 2179
f 2176 2179 2017
f 2176 2017 2014
f 2015 2180 2177
f 2015 2181 2180
f 2015 2018 2181
f 2017 2179 2182
f 2017 2182 2021
f 2183 2180 2181
f 2183 2184 2180
f 2183 2181 2018
f 2183 2018 2185
f 2018 2022 2185
f 2021 2182 2186
f 2021 2186 2025
f 2187 2183 2185
f 2187 2185 2022
f 2187 2022 2188
f 2022 2026 2188
f 2025 2186 2189
f 2025 2189 2028
f 2190 2187 2188
f 2026 2191 2188
f 2190 2188 2191
f 2190 2191 2030
f 2026 2030 2191
f 2028 2189 2192
f 2028 2192 2031
f 2030 2193 2190
f 2194 2190 2193
f 2030 2032 2193
f 2192 2195 2031
f 2034 2031 2195
f 2193 2032 2196
f 2196 2032 2035
f 2197 2196 2035
f 2036 2197 2035
f 2195 2198 2034
f 2034 2198 2037
f 2036 2038 2197
f 2197 2038 2199
f 2040 2199 2038
f 2198 2200 2037
f 2200 2041 2037
f 2201 2200 2198
f 2200 2201 2041
f 2199 2040 2042
f 2042 2202 2199
f 2044 2202 2042
f 2041 2201 2203
f 2041 2203 2045
f 2044 2204 2202
f 2047 2205 2044
f 2204 2044 2205
f 2047 2048 2205
f 2045 2203 2206
f 2045 2206 2207
f 2045 2207 2049
f 2204 2205 2208
f 2208 2205 2051
f 2048 2051 2205
f 2207 2206 2209
f 2207 2209 2210
f 2049 2207 2052
f 2207 2210 2052
f 2051 2211 2208
f 2051 2054 2211
f 2055 2210 2209
f 2055 2209 2212
f 2055 2212 2056
f 2210 2055 2052
f 2054 2213 2211
f 2054 2057 2213
f 2056 2212 2214
f 2058 2056 2214
f 2215 2057 2059
f 2061 2215 2059
f 2215 2213 2057
f 2216 2217 2063
f 2214 2216 2058
f 2058 2216 2062
f 2216 2063 2062
f 2061 2064 2218
f 2061 2219 2215
f 2061 2218 2219
f 2063 2217 2220
f 2063 2220 2065
f 2067 2221 2066
f 2064 2222 2218
f 2064 2221 2222
f 2064 2066 2221
f 2223 2065 2220
f 2223 1882 2065
f 2067 2068 2224
f 2069 2224 2068
f 2067 2225 2221
f 2067 2224 2225
f 2226 2223 2227
f 2226 2227 2228
f 2223 2226 1882
f 1882 2226 2070
f 2230 2231 2071
f 2069 2231 2224
f 2069 2071 2231
f 2232 2226 2228
f 2232 2228 2233
f 2226 2232 2070
f 2070 2232 2072
f 2235 2234 2229
f 2235 2236 2234
f 2235 2229 2074
f 2235 2074 2073
f 2074 2229 2230
f 2074 2230 2071
f 2237 2232 2233
f 2232 2237 2072
f 2072 2237 2075
f 2238 2240 2239
f 2238 2076 2240
f 2076 2236 2235
f 2076 2238 2236
f 2076 2235 2073
f 2237 2241 2075
f 2075 2241 2077
f 2244 2079 2242
f 2244 2239 2078
f 2244 2078 2079
f 2076 2239 2240
f 2076 2078 2239
f 2241 2245 2077
f 2245 2080 2077
f 2250 2249 2251
f 2250 2248 2249
f 2252 2251 2253
f 2252 2250 2251
f 2252 2092 2250
f 2254 2253 2243
f 2254 2252 2253
f 2254 2092 2252
f 2254 2243 2255
f 2254 2255 2082
f 2254 2082 2092
f 2255 2243 2242
f 2255 2242 2079
f 2255 2079 2083
f 2255 2083 2082
f 2080 2245 2256
f 2080 2256 2084
f 2258 2257 2246
f 2258 2097 2257
f 2258 2246 2259
f 2258 2259 2085
f 2258 2085 2097
f 2259 2246 2247
f 2259 2247 2260
f 2259 2260 2086
f 2259 2086 2085
f 2260 2247 2248
f 2260 2248 2088
f 2260 2088 2087
f 2260 2087 2086
f 2088 2248 2250
f 2088 2250 2090
f 2090 2250 2092
f 2084 2256 2261
f 2084 2261 2262
f 2084 2262 2093
f 2096 2263 2257
f 2096 2098 2263
f 2096 2257 2097
f 2264 2262 2261
f 2264 2261 2265
f 2262 2264 2093
f 2264 2103 2093
f 2106 2267 2263
f 2106 2266 2267
f 2106 2104 2266
f 2106 2263 2098
f 2265 2268 2264
f 2268 2103 2264
f 2103 2268 2269
f 2103 2269 2107
f 2110 2271 2266
f 2110 2270 2271
f 2110 2109 2270
f 2110 2266 2104
f 2268 2272 2269
f 2273 2107 2272
f 2269 2272 2107
f 2273 2272 2107
f 2113 2107 2272
f 2115 2274 2270
f 2115 2114 2274
f 2115 2270 2109
f 2272 2276 2113
f 2276 2116 2113
f 2117 2116 2276
f 2279 2121 2277
f 2279 2275 2120
f 2279 2120 2119
f 2279 2119 2121
f 2120 2275 2274
f 2120 2274 2114
f 2276 2280 2117
f 2280 2122 2117
f 2281 2122 2280
f 2281 2123 2122
f 2282 2123 2281
f 2282 2124 2123
f 2283 2124 2282
f 2283 2125 2124
f 2127 2284 2278
f 2127 2283 2284
f 2127 2125 2283
f 2127 2278 2128
f 2128 2278 2277
f 2128 2277 2121
f 2287 2285 2130
f 2287 2130 2129
f 2129 2288 2287
f 2131 2288 2129
f 2131 2289 2288
f 2132 2289 2131
f 2132 2290 2289
f 2133 2290 2132
f 2291 2292 2134
f 2291 2134 1959
f 2137 2286 2293
f 2137 2293 2291
f 1959 2137 2291
f 2137 2136 2286
f 2136 2285 2286
f 2136 2130 2285
f 2133 2294 2290
f 2141 2294 2133
f 2295 2296 2143
f 2295 2143 2142
f 2145 2292 2297
f 2145 2297 2295
f 2142 2145 2295
f 2145 2134 2292
f 2298 2294 2141
f 2148 2298 2141
f 2300 2296 2301
f 2300 2301 2299
f 2149 2300 2299
f 2300 2143 2296
f 2300 2150 2143
f 2150 2300 2149
f 2148 2302 2298
f 2148 2151 2302
f 2153 2299 2303
f 2153 2303 2304
f 2153 2304 2154
f 2299 2153 2149
f 2151 2305 2302
f 2155 2305 2151
f 2306 2307 2157
f 2306 2154 2304
f 2306 2156 2154
f 2306 2157 2156
f 2155 2308 2305
f 2308 2155 2159
f 2309 2310 2311
f 2309 2160 2157
f 2309 2311 2160
f 2161 2160 2311
f 2309 2157 2307
f 2308 2159 2312
f 2312 2159 2162
f 2313 2314 2315
f 2313 2315 2163
f 2161 2311 2310
f 2161 2310 2313
f 2163 2161 2313
f 2312 2162 2316
f 2316 2162 2164
f 2317 2318 2166
f 2317 2166 2165
f 2163 2315 2314
f 2163 2314 2317
f 2165 2163 2317
f 2164 2320 2316
f 2319 2316 2320
f 2319 2320 2167
f 2164 2167 2320
f 2321 2318 2322
f 2321 2322 2323
f 2321 2166 2318
f 2321 2168 2166
f 2167 2324 2319
f 2167 2169 2324
f 2168 2321 2323
f 2168 2323 2325
f 2170 2168 2325
f 2169 2326 2324
f 2169 2327 2326
f 2172 2327 2169
f 2325 2328 2170
f 2170 2328 2173
f 2327 2329 2326
f 2327 2330 2329
f 2327 2172 2174
f 2327 2174 2330
f 2328 2331 2173
f 2173 2331 2175
f 2332 2329 2330
f 2332 2333 2329
f 2332 2330 2174
f 2332 2174 2177
f 2331 2334 2175
f 2175 2334 2178
f 2179 2178 2334
f 2333 2332 2335
f 2335 2332 2177
f 2335 2177 2180
f 2334 2336 2179
f 2182 2179 2336
f 2337 2335 2180
f 2184 2337 2180
f 2338 2336 2339
f 2336 2338 2182
f 2186 2182 2338
f 2341 2337 2184
f 2340 2337 2342
f 2341 2342 2337
f 2183 2343 2184
f 2341 2184 2343
f 2341 2343 2342
f 2187 2343 2183
f 2344 2338 2345
f 2339 2345 2338
f 2338 2344 2186
f 2189 2186 2344
f 2342 2343 2346
f 2346 2343 2347
f 2347 2343 2187
f 2348 2347 2187
f 2190 2348 2187
f 2345 2349 2344
f 2344 2349 2189
f 2192 2189 2349
f 2348 2350 2347
f 2350 2348 2190
f 2351 2350 2190
f 2193 2351 2194
f 2194 2351 2190
f 2349 2352 2192
f 2192 2352 2195
f 2193 2353 2351
f 2193 2196 2353
f 2196 2354 2353
f 2197 2354 2196
f 2352 2355 2195
f 2355 2198 2195
f 2356 2355 2352
f 2355 2356 2198
f 2353 2354 2357
f 2357 2354 2197
f 2358 2359 2357
f 2358 2357 2197
f 2358 2199 2359
f 2199 2358 2197
f 2360 2359 2199
f 2198 2356 2361
f 2198 2361 2201
f 2360 2199 2362
f 2362 2199 2202
f 2201 2361 2363
f 2201 2363 2203
f 2362 2202 2364
f 2364 2202 2204
f 2203 2363 2365
f 2203 2365 2206
f 2204 2366 2364
f 2204 2208 2366
f 2206 2365 2367
f 2206 2367 2209
f 2208 2368 2366
f 2208 2211 2368
f 2209 2367 2369
f 2209 2369 2212
f 2211 2370 2368
f 2211 2213 2370
f 2371 2214 2212
f 2371 2212 2369
f 2213 2372 2370
f 2213 2215 2372
f 2373 2374 2217
f 2371 2373 2214
f 2214 2373 2216
f 2373 2217 2216
f 2219 2376 2372
f 2219 2375 2376
f 2219 2218 2375
f 2219 2372 2215
f 2217 2374 2377
f 2220 2217 2377
f 2222 2379 2375
f 2222 2378 2379
f 2222 2221 2378
f 2222 2375 2218
f 2380 2381 2223
f 2377 2380 2220
f 2220 2380 2223
f 2225 2383 2378
f 2225 2382 2383
f 2225 2224 2382
f 2225 2378 2221
f 2227 2223 2381
f 2227 2381 2384
f 2227 2384 2228
f 2387 2388 2389
f 2387 2385 2388
f 2387 2229 2385
f 2387 2389 2231
f 2387 2231 2230
f 2387 2230 2229
f 2231 2389 2382
f 2231 2382 2224
f 2228 2384 2390
f 2228 2390 2233
f 2234 2386 2385
f 2234 2391 2386
f 2234 2236 2391
f 2234 2385 2229
f 2233 2390 2392
f 2237 2233 2392
f 2393 2239 2394
f 2393 2391 2236
f 2393 2236 2238
f 2393 2238 2239
f 2392 2395 2237
f 2237 2395 2241
f 2398 2399 2396
f 2398 2243 2399
f 2400 2243 2398
f 2400 2242 2243
f 2401 2242 2400
f 2401 2394 2239
f 2401 2239 2244
f 2401 2244 2242
f 2395 2402 2241
f 2241 2402 2245
f 2403 2246 2405
f 2403 2404 2406
f 2403 2406 2246
f 2406 2404 2407
f 2406 2407 2408
f 2406 2408 2247
f 2406 2247 2246
f 2408 2407 2409
f 2408 2409 2249
f 2408 2249 2248
f 2408 2248 2247
f 2249 2409 2397
f 2249 2397 2251
f 2251 2397 2396
f 2251 2396 2253
f 2253 2396 2399
f 2253 2399 2243
f 2402 2410 2245
f 2245 2410 2256
f 2411 2405 2246
f 2411 2246 2257
f 2410 2413 2256
f 2413 2261 2256
f 2257 2412 2411
f 2257 2414 2412
f 2257 2263 2414
f 2415 2261 2413
f 2261 2415 2265
f 2267 2417 2414
f 2267 2416 2417
f 2267 2266 2416
f 2267 2414 2263
f 2418 2265 2419
f 2415 2419 2265
f 2268 2265 2418
f 2271 2421 2416
f 2271 2420 2421
f 2271 2270 2420
f 2271 2416 2266
f 2418 2422 2268
f 2422 2272 2268
f 2423 2275 2424
f 2423 2274 2275
f 2274 2423 2420
f 2274 2420 2270
f 2422 2425 2272
f 2272 2425 2276
f 2426 2428 2427
f 2278 2428 2277
f 2426 2277 2428
f 2429 2430 2424
f 2429 2426 2430
f 2429 2277 2426
f 2429 2424 2275
f 2429 2275 2279
f 2429 2279 2277
f 2431 2276 2425
f 2431 2280 2276
f 2432 2280 2431
f 2432 2281 2280
f 2433 2281 2432
f 2433 2282 2281
f 2434 2282 2433
f 2284 2283 2434
f 2434 2283 2282
f 2284 2435 2427
f 2284 2434 2435
f 2284 2427 2278
f 2278 2427 2428
f 2436 2286 2285
f 2437 2436 2285
f 2287 2437 2285
f 2287 2438 2437
f 2288 2438 2287
f 2288 2439 2438
f 2289 2439 2288
f 2289 2440 2439
f 2290 2440 2289
f 2441 2442 2292
f 2441 2292 2291
f 2293 2443 2444
f 2293 2444 2441
f 2291 2293 2441
f 2293 2286 2443
f 2286 2436 2443
f 2445 2440 2290
f 2445 2446 2440
f 2445 2290 2294
f 2445 2294 2446
f 2447 2296 2295
f 2297 2442 2448
f 2297 2448 2447
f 2295 2297 2447
f 2297 2292 2442
f 2449 2446 2294
f 2449 2294 2450
f 2298 2450 2294
f 2452 2451 2299
f 2452 2296 2453
f 2452 2301 2296
f 2301 2452 2299
f 2447 2453 2296
f 2449 2450 2454
f 2298 2454 2450
f 2298 2302 2454
f 2455 2456 2304
f 2455 2299 2451
f 2299 2455 2303
f 2455 2304 2303
f 2302 2457 2454
f 2305 2457 2302
f 2458 2459 2307
f 2458 2304 2456
f 2458 2306 2304
f 2458 2307 2306
f 2305 2460 2457
f 2305 2308 2460
f 2310 2309 2461
f 2307 2459 2461
f 2309 2307 2461
f 2308 2462 2460
f 2308 2312 2462
f 2310 2463 2313
f 2314 2313 2463
f 2310 2461 2464
f 2310 2464 2463
f 2462 2312 2465
f 2465 2312 2316
f 2466 2468 2318
f 2466 2314 2467
f 2466 2317 2314
f 2466 2318 2317
f 2314 2463 2467
f 2469 2465 2316
f 2319 2469 2316
f 2470 2471 2323
f 2470 2318 2468
f 2470 2322 2318
f 2470 2323 2322
f 2319 2472 2469
f 2319 2324 2472
f 2323 2473 2325
f 2323 2471 2473
f 2324 2474 2472
f 2324 2326 2474
f 2473 2475 2325
f 2325 2475 2328
f 2326 2476 2474
f 2326 2329 2476
f 2475 2477 2328
f 2328 2477 2331
f 2329 2478 2476
f 2329 2333 2478
f 2477 2479 2331
f 2331 2479 2334
f 2478 2333 2480
f 2481 2480 2333
f 2481 2333 2335
f 2479 2482 2334
f 2334 2482 2336
f 2480 2481 2483
f 2483 2481 2335
f 2483 2335 2337
f 2482 2484 2336
f 2336 2484 2339
f 2337 2340 2483
f 2485 2486 2483
f 2485 2483 2340
f 2485 2487 2486
f 2485 2488 2487
f 2485 2340 2488
f 2342 2488 2340
f 2489 2486 2487
f 2488 2489 2487
f 2484 2490 2339
f 2339 2490 2345
f 2342 2346 2488
f 2488 2491 2489
f 2488 2347 2491
f 2488 2346 2347
f 2489 2491 2492
f 2347 2492 2491
f 2490 2493 2345
f 2345 2493 2349
f 2347 2350 2492
f 2350 2494 2492
f 2494 2350 2351
f 2493 2495 2349
f 2352 2349 2495
f 2494 2351 2496
f 2351 2497 2496
f 2353 2497 2351
f 2498 2496 2497
f 2498 2497 2499
f 2353 2499 2497
f 2352 2495 2500
f 2352 2500 2356
f 2353 2357 2499
f 2498 2499 2357
f 2498 2357 2501
f 2501 2357 2502
f 2359 2502 2357
f 2359 2360 2502
f 2356 2500 2503
f 2356 2503 2361
f 2502 2360 2504
f 2362 2504 2360
f 2361 2503 2505
f 2361 2505 2363
f 2362 2506 2504
f 2362 2364 2506
f 2363 2505 2507
f 2363 2507 2365
f 2364 2508 2506
f 2364 2366 2508
f 2365 2507 2509
f 2365 2509 2367
f 2366 2510 2508
f 2366 2368 2510
f 2367 2509 2511
f 2367 2511 2369
f 2368 2512 2510
f 2368 2370 2512
f 2513 2369 2511
f 2513 2371 2369
f 2370 2514 2512
f 2370 2372 2514
f 2516 2513 2517
f 2516 2517 2518
f 2516 2518 2374
f 2513 2516 2371
f 2371 2516 2373
f 2516 2374 2373
f 2376 2515 2514
f 2376 2519 2515
f 2376 2375 2519
f 2376 2514 2372
f 2374 2518 2521
f 2377 2374 2521
f 2379 2520 2519
f 2379 2522 2520
f 2379 2378 2522
f 2379 2519 2375
f 2521 2524 2377
f 2377 2524 2380
f 2524 2381 2380
f 2525 2389 2526
f 2525 2382 2389
f 2383 2523 2522
f 2383 2525 2523
f 2383 2382 2525
f 2383 2522 2378
f 2524 2527 2381
f 2381 2527 2528
f 2381 2528 2384
f 2386 2529 2385
f 2388 2530 2526
f 2388 2529 2530
f 2388 2385 2529
f 2388 2526 2389
f 2384 2528 2531
f 2384 2531 2390
f 2386 2391 2532
f 2386 2533 2529
f 2386 2532 2533
f 2390 2531 2534
f 2392 2390 2534
f 2535 2394 2536
f 2535 2532 2391
f 2535 2391 2393
f 2535 2393 2394
f 2534 2537 2392
f 2392 2537 2395
f 2396 2397 2538
f 2538 2540 2396
f 2539 2396 2540
f 2539 2398 2396
f 2541 2398 2539
f 2541 2400 2398
f 2542 2400 2541
f 2542 2536 2394
f 2542 2394 2401
f 2542 2401 2400
f 2537 2543 2395
f 2395 2543 2402
f 2544 2404 2403
f 2405 2545 2403
f 2544 2403 2545
f 2544 2546 2404
f 2404 2546 2407
f 2546 2547 2407
f 2407 2547 2409
f 2409 2548 2549
f 2547 2548 2409
f 2409 2549 2397
f 2397 2549 2540
f 2538 2397 2540
f 2543 2550 2402
f 2402 2550 2410
f 2551 2552 2405
f 2551 2405 2411
f 2412 2551 2411
f 2544 2545 2552
f 2405 2552 2545
f 2550 2553 2410
f 2410 2553 2413
f 2412 2554 2551
f 2412 2414 2554
f 2555 2413 2553
f 2555 2415 2413
f 2555 2553 2556
f 2555 2556 2415
f 2417 2557 2554
f 2417 2558 2557
f 2417 2416 2558
f 2417 2554 2414
f 2556 2559 2415
f 2418 2419 2559
f 2415 2559 2419
f 2561 2562 2558
f 2561 2560 2562
f 2561 2420 2560
f 2561 2558 2416
f 2561 2416 2421
f 2561 2421 2420
f 2559 2563 2418
f 2564 2418 2563
f 2564 2563 2422
f 2564 2422 2418
f 2565 2424 2567
f 2565 2423 2424
f 2423 2566 2560
f 2423 2565 2566
f 2423 2560 2420
f 2563 2568 2422
f 2569 2422 2568
f 2425 2422 2568
f 2569 2568 2422
f 2570 2427 2571
f 2570 2426 2427
f 2430 2570 2567
f 2430 2426 2570
f 2430 2567 2424
f 2425 2568 2572
f 2425 2572 2573
f 2431 2425 2573
f 2572 2574 2573
f 2574 2431 2573
f 2574 2432 2431
f 2575 2432 2574
f 2575 2433 2432
f 2576 2433 2575
f 2576 2434 2433
f 2435 2577 2571
f 2435 2576 2577
f 2435 2434 2576
f 2435 2571 2427
f 2578 2438 2439
f 2579 2442 2441
f 2579 2441 2580
f 2580 2444 2581
f 2443 2581 2444
f 2444 2580 2441
f 2582 2583 2581
f 2580 2581 2583
f 2443 2582 2581
f 2582 2436 2583
f 2582 2443 2436
f 2436 2584 2585
f 2583 2436 2585
f 2437 2584 2436
f 2584 2437 2586
f 2437 2438 2586
f 2578 2587 2438
f 2586 2438 2587
f 2578 2439 2587
f 2589 2439 2588
f 2587 2439 2589
f 2588 2439 2440
f 2590 2588 2440
f 2590 2440 2591
f 2446 2591 2440
f 2442 2592 2448
f 2448 2592 2447
f 2442 2593 2594
f 2442 2594 2592
f 2579 2593 2442
f 2579 2580 2593
f 2590 2591 2595
f 2595 2591 2446
f 2596 2595 2446
f 2596 2446 2449
f 2453 2597 2452
f 2597 2451 2452
f 2598 2599 2600
f 2598 2600 2597
f 2598 2597 2453
f 2598 2447 2599
f 2447 2598 2453
f 2447 2592 2599
f 2596 2449 2601
f 2454 2601 2449
f 2602 2455 2451
f 2456 2455 2602
f 2451 2597 2603
f 2602 2451 2603
f 2454 2604 2601
f 2454 2605 2604
f 2457 2605 2454
f 2456 2606 2458
f 2459 2458 2606
f 2456 2602 2607
f 2456 2607 2606
f 2604 2605 2608
f 2608 2605 2457
f 2460 2608 2457
f 2459 2606 2610
f 2459 2610 2609
f 2459 2609 2461
f 2460 2611 2608
f 2460 2462 2611
f 2464 2609 2613
f 2464 2613 2612
f 2463 2464 2612
f 2464 2461 2609
f 2614 2611 2462
f 2614 2615 2611
f 2614 2616 2615
f 2614 2462 2465
f 2614 2465 2616
f 2467 2617 2466
f 2617 2468 2466
f 2467 2612 2618
f 2467 2618 2617
f 2612 2467 2463
f 2615 2616 2619
f 2619 2616 2465
f 2619 2465 2469
f 2468 2620 2470
f 2620 2471 2470
f 2468 2617 2621
f 2468 2621 2620
f 2622 2619 2469
f 2622 2469 2472
f 2623 2624 2473
f 2623 2471 2620
f 2471 2623 2473
f 2472 2625 2622
f 2472 2474 2625
f 2626 2475 2473
f 2626 2473 2624
f 2474 2627 2625
f 2474 2476 2627
f 2626 2628 2475
f 2475 2628 2477
f 2476 2629 2627
f 2476 2478 2629
f 2628 2630 2477
f 2477 2630 2479
f 2631 2629 2478
f 2631 2478 2480
f 2630 2632 2479
f 2479 2632 2482
f 2480 2634 2631
f 2633 2631 2634
f 2634 2480 2483
f 2633 2634 2635
f 2635 2634 2483
f 2632 2637 2482
f 2482 2637 2484
f 2635 2483 2486
f 2486 2636 2635
f 2486 2638 2636
f 2486 2489 2638
f 2639 2640 2638
f 2636 2638 2640
f 2489 2639 2638
f 2637 2641 2484
f 2484 2641 2490
f 2489 2642 2639
f 2489 2492 2642
f 2642 2643 2639
f 2643 2642 2492
f 2641 2644 2490
f 2490 2644 2493
f 2643 2492 2645
f 2645 2492 2646
f 2492 2494 2646
f 2647 2645 2646
f 2647 2646 2494
f 2644 2648 2493
f 2493 2648 2495
f 2647 2494 2649
f 2649 2494 2496
f 2650 2649 2496
f 2498 2650 2496
f 2495 2648 2651
f 2500 2495 2651
f 2650 2498 2652
f 2502 2652 2501
f 2501 2652 2498
f 2500 2651 2653
f 2500 2653 2503
f 2652 2502 2654
f 2655 2654 2502
f 2655 2656 2654
f 2655 2502 2504
f 2655 2504 2656
f 2503 2653 2657
f 2503 2657 2505
f 2658 2656 2504
f 2658 2504 2506
f 2505 2657 2659
f 2505 2659 2507
f 2658 2506 2660
f 2508 2660 2506
f 2661 2509 2662
f 2507 2659 2662
f 2661 2662 2659
f 2507 2662 2509
f 2508 2663 2660
f 2508 2664 2663
f 2508 2510 2664
f 2665 2509 2661
f 2665 2511 2509
f 2666 2664 2667
f 2666 2667 2512
f 2510 2667 2664
f 2510 2512 2667
f 2668 2511 2665
f 2668 2513 2511
f 2671 2670 2666
f 2671 2515 2670
f 2671 2666 2512
f 2671 2512 2514
f 2671 2514 2515
f 2517 2668 2669
f 2517 2669 2672
f 2517 2672 2518
f 2668 2517 2513
f 2674 2673 2670
f 2674 2520 2673
f 2674 2670 2515
f 2674 2515 2519
f 2674 2519 2520
f 2518 2672 2675
f 2521 2518 2675
f 2678 2677 2673
f 2678 2676 2677
f 2678 2523 2676
f 2678 2673 2520
f 2678 2520 2522
f 2678 2522 2523
f 2675 2679 2521
f 2521 2679 2524
f 2681 2680 2676
f 2681 2526 2680
f 2681 2676 2523
f 2681 2523 2525
f 2681 2525 2526
f 2679 2682 2524
f 2524 2682 2527
f 2528 2527 2682
f 2530 2684 2680
f 2530 2683 2684
f 2530 2529 2683
f 2530 2680 2526
f 2685 2682 2686
f 2685 2686 2687
f 2682 2685 2528
f 2685 2687 2528
f 2531 2528 2687
f 2688 2689 2683
f 2688 2690 2689
f 2688 2532 2690
f 2688 2683 2529
f 2688 2529 2533
f 2688 2533 2532
f 2686 2691 2687
f 2687 2691 2531
f 2534 2531 2691
f 2692 2532 2535
f 2536 2693 2535
f 2692 2535 2693
f 2692 2690 2532
f 2691 2694 2534
f 2534 2694 2537
f 2539 2695 2541
f 2696 2541 2695
f 2696 2697 2541
f 2536 2542 2697
f 2697 2542 2541
f 2692 2693 2698
f 2536 2698 2693
f 2536 2697 2698
f 2699 2537 2694
f 2700 2543 2699
f 2537 2699 2543
f 2699 2694 2700
f 2549 2548 2702
f 2547 2701 2548
f 2702 2548 2701
f 2549 2702 2703
f 2540 2549 2703
f 2540 2704 2705
f 2540 2703 2704
f 2539 2540 2705
f 2706 2695 2705
f 2539 2705 2695
f 2706 2696 2695
f 2706 2697 2696
f 2700 2707 2543
f 2708 2550 2707
f 2543 2707 2550
f 2709 2707 2700
f 2708 2707 2709
f 2552 2551 2710
f 2552 2710 2711
f 2552 2711 2544
f 2711 2712 2544
f 2712 2546 2544
f 2712 2713 2546
f 2713 2547 2546
f 2714 2701 2715
f 2547 2715 2701
f 2713 2715 2547
f 2714 2702 2701
f 2702 2714 2703
f 2550 2708 2553
f 2708 2709 2716
f 2553 2708 2716
f 2718 2554 2717
f 2710 2551 2719
f 2718 2719 2551
f 2718 2551 2554
f 2710 2719 2711
f 2553 2716 2720
f 2553 2720 2721
f 2556 2553 2721
f 2720 2716 2722
f 2721 2720 2722
f 2724 2558 2723
f 2724 2717 2554
f 2724 2554 2557
f 2724 2557 2558
f 2721 2559 2556
f 2722 2725 2721
f 2725 2559 2721
f 2562 2728 2723
f 2562 2726 2728
f 2562 2560 2726
f 2562 2723 2558
f 2725 2729 2559
f 2729 2563 2559
f 2730 2729 2725
f 2730 2563 2729
f 2733 2734 2727
f 2733 2731 2734
f 2733 2567 2731
f 2733 2727 2566
f 2733 2566 2565
f 2733 2565 2567
f 2566 2727 2726
f 2566 2726 2560
f 2730 2735 2563
f 2735 2568 2563
f 2736 2735 2730
f 2736 2568 2735
f 2739 2740 2738
f 2739 2571 2740
f 2741 2739 2732
f 2741 2571 2739
f 2741 2570 2571
f 2570 2732 2731
f 2570 2741 2732
f 2570 2731 2567
f 2736 2572 2568
f 2572 2736 2737
f 2572 2737 2742
f 2572 2742 2574
f 2742 2737 2743
f 2742 2743 2744
f 2742 2744 2575
f 2742 2575 2574
f 2744 2743 2738
f 2744 2738 2577
f 2744 2577 2576
f 2744 2576 2575
f 2577 2738 2740
f 2577 2740 2571
f 2583 2745 2580
f 2584 2746 2585
f 2745 2583 2746
f 2585 2746 2583
f 2747 2746 2584
f 2586 2747 2584
f 2748 2747 2586
f 2587 2748 2586
f 2749 2748 2587
f 2588 2590 2589
f 2749 2587 2590
f 2589 2590 2587
f 2593 2750 2594
f 2594 2750 2592
f 2751 2752 2750
f 2751 2750 2593
f 2751 2580 2752
f 2580 2751 2593
f 2752 2580 2753
f 2580 2745 2753
f 2755 2745 2754
f 2753 2745 2755
f 2745 2746 2754
f 2747 2756 2746
f 2754 2746 2756
f 2748 2757 2747
f 2756 2747 2757
f 2749 2758 2748
f 2759 2748 2758
f 2757 2748 2759
f 2749 2590 2758
f 2760 2758 2590
f 2760 2761 2758
f 2595 2596 2590
f 2760 2590 2596
f 2760 2596 2761
f 2599 2762 2600
f 2762 2597 2600
f 2762 2599 2763
f 2592 2763 2599
f 2764 2592 2750
f 2763 2592 2764
f 2758 2761 2765
f 2761 2596 2765
f 2765 2596 2766
f 2596 2767 2766
f 2596 2601 2767
f 2597 2768 2603
f 2603 2768 2602
f 2597 2769 2770
f 2597 2770 2768
f 2762 2769 2597
f 2762 2763 2769
f 2766 2767 2771
f 2601 2772 2767
f 2771 2767 2772
f 2771 2772 2604
f 2601 2604 2772
f 2602 2773 2607
f 2607 2773 2606
f 2774 2602 2768
f 2773 2602 2774
f 2775 2771 2604
f 2775 2776 2771
f 2775 2777 2776
f 2775 2604 2608
f 2775 2608 2777
f 2778 2606 2779
f 2606 2778 2610
f 2778 2609 2610
f 2606 2773 2779
f 2776 2777 2780
f 2780 2777 2608
f 2611 2780 2608
f 2781 2782 2612
f 2781 2613 2609
f 2613 2781 2612
f 2781 2609 2778
f 2611 2783 2780
f 2611 2615 2783
f 2784 2785 2617
f 2784 2612 2782
f 2612 2784 2618
f 2784 2617 2618
f 2786 2783 2615
f 2786 2787 2783
f 2786 2788 2787
f 2786 2615 2619
f 2786 2619 2788
f 2789 2621 2617
f 2620 2621 2789
f 2789 2617 2785
f 2787 2788 2790
f 2791 2790 2788
f 2791 2788 2619
f 2791 2619 2622
f 2620 2792 2623
f 2792 2624 2623
f 2620 2789 2793
f 2620 2793 2794
f 2792 2620 2794
f 2795 2791 2622
f 2795 2622 2625
f 2792 2796 2624
f 2796 2797 2624
f 2626 2624 2797
f 2796 2792 2794
f 2798 2795 2625
f 2798 2625 2627
f 2626 2797 2799
f 2796 2799 2797
f 2626 2799 2800
f 2626 2800 2628
f 2798 2627 2801
f 2627 2629 2801
f 2628 2802 2630
f 2802 2628 2800
f 2801 2629 2803
f 2631 2803 2629
f 2802 2804 2630
f 2630 2804 2632
f 2631 2633 2803
f 2805 2803 2633
f 2635 2805 2633
f 2635 2806 2805
f 2636 2806 2635
f 2804 2807 2632
f 2632 2807 2637
f 2640 2808 2806
f 2636 2640 2806
f 2639 2808 2640
f 2807 2809 2637
f 2637 2809 2641
f 2808 2639 2810
f 2811 2810 2639
f 2811 2812 2810
f 2643 2812 2639
f 2811 2639 2812
f 2809 2813 2641
f 2641 2813 2644
f 2643 2645 2812
f 2814 2812 2645
f 2647 2814 2645
f 2813 2815 2644
f 2644 2815 2648
f 2647 2649 2814
f 2816 2814 2649
f 2816 2649 2650
f 2818 2648 2817
f 2815 2817 2648
f 2818 2817 2648
f 2651 2648 2817
f 2819 2816 2650
f 2652 2819 2650
f 2651 2817 2820
f 2651 2820 2653
f 2652 2821 2819
f 2656 2821 2654
f 2652 2654 2821
f 2653 2820 2822
f 2653 2822 2657
f 2823 2821 2656
f 2824 2823 2656
f 2824 2656 2825
f 2658 2825 2656
f 2657 2822 2826
f 2657 2826 2659
f 2827 2824 2825
f 2827 2825 2658
f 2827 2658 2660
f 2659 2826 2828
f 2661 2659 2828
f 2829 2664 2830
f 2829 2827 2660
f 2829 2660 2663
f 2829 2663 2664
f 2828 2831 2661
f 2661 2831 2665
f 2832 2830 2664
f 2832 2664 2666
f 2834 2835 2669
f 2831 2834 2665
f 2665 2834 2668
f 2834 2669 2668
f 2836 2670 2837
f 2666 2833 2832
f 2666 2836 2833
f 2666 2670 2836
f 2669 2835 2838
f 2669 2838 2672
f 2670 2839 2837
f 2670 2673 2839
f 2672 2838 2840
f 2672 2840 2675
f 2677 2842 2839
f 2677 2841 2842
f 2677 2676 2841
f 2677 2839 2673
f 2843 2679 2675
f 2843 2675 2840
f 2676 2845 2841
f 2676 2844 2845
f 2676 2680 2844
f 2843 2846 2679
f 2679 2846 2682
f 2847 2683 2848
f 2847 2844 2680
f 2847 2680 2684
f 2847 2684 2683
f 2849 2682 2846
f 2682 2849 2686
f 2683 2689 2850
f 2689 2690 2850
f 2683 2850 2848
f 2849 2851 2686
f 2686 2851 2691
f 2690 2852 2850
f 2690 2853 2852
f 2690 2692 2853
f 2854 2691 2851
f 2691 2854 2694
f 2854 2851 2855
f 2694 2854 2855
f 2856 2697 2857
f 2856 2853 2692
f 2856 2692 2698
f 2856 2698 2697
f 2855 2858 2694
f 2700 2694 2858
f 2705 2704 2859
f 2704 2703 2859
f 2860 2705 2859
f 2860 2706 2705
f 2706 2861 2857
f 2860 2861 2706
f 2706 2857 2697
f 2858 2862 2700
f 2863 2700 2862
f 2863 2709 2700
f 2864 2862 2858
f 2863 2862 2864
f 2714 2715 2866
f 2713 2865 2715
f 2866 2715 2865
f 2866 2867 2714
f 2867 2703 2714
f 2703 2868 2859
f 2867 2868 2703
f 2709 2863 2716
f 2869 2863 2864
f 2869 2716 2863
f 2869 2864 2870
f 2869 2870 2716
f 2719 2718 2871
f 2718 2717 2871
f 2719 2871 2872
f 2711 2719 2872
f 2711 2872 2873
f 2711 2873 2712
f 2874 2712 2873
f 2874 2713 2712
f 2875 2865 2876
f 2713 2876 2865
f 2874 2876 2713
f 2875 2866 2865
f 2875 2867 2866
f 2870 2877 2716
f 2716 2877 2878
f 2722 2716 2878
f 2879 2877 2870
f 2878 2877 2879
f 2880 2723 2881
f 2880 2717 2724
f 2880 2724 2723
f 2717 2882 2883
f 2880 2882 2717
f 2871 2717 2883
f 2871 2883 2872
f 2878 2725 2722
f 2884 2878 2879
f 2884 2725 2878
f 2884 2879 2885
f 2886 2727 2887
f 2886 2726 2727
f 2728 2886 2881
f 2728 2726 2886
f 2728 2881 2723
f 2884 2888 2725
f 2888 2730 2725
f 2885 2889 2884
f 2890 2884 2889
f 2890 2888 2884
f 2890 2730 2888
f 2890 2891 2730
f 2889 2892 2890
f 2891 2890 2892
f 2897 2896 2898
f 2897 2732 2896
f 2897 2731 2732
f 2734 2898 2887
f 2734 2897 2898
f 2734 2731 2897
f 2734 2887 2727
f 2891 2736 2730
f 2891 2892 2899
f 2891 2899 2737
f 2891 2737 2736
f 2900 2892 2893
f 2900 2899 2892
f 2900 2737 2899
f 2900 2743 2737
f 2901 2893 2895
f 2901 2900 2893
f 2901 2743 2900
f 2901 2895 2902
f 2901 2902 2738
f 2901 2738 2743
f 2902 2895 2894
f 2902 2894 2903
f 2902 2903 2739
f 2902 2739 2738
f 2739 2894 2896
f 2739 2903 2894
f 2739 2896 2732
f 2754 2905 2755
f 2904 2753 2905
f 2755 2905 2753
f 2756 2906 2754
f 2905 2754 2906
f 2757 2907 2756
f 2906 2756 2907
f 2907 2757 2758
f 2759 2758 2757
f 2750 2908 2764
f 2764 2908 2763
f 2909 2908 2750
f 2752 2909 2750
f 2910 2909 2752
f 2753 2910 2752
f 2904 2911 2753
f 2753 2911 2910
f 2904 2905 2911
f 2911 2905 2912
f 2905 2906 2912
f 2912 2906 2913
f 2906 2907 2913
f 2914 2913 2907
f 2758 2914 2907
f 2758 2915 2914
f 2765 2766 2758
f 2758 2766 2915
f 2769 2916 2770
f 2916 2768 2770
f 2917 2916 2769
f 2918 2769 2763
f 2917 2769 2918
f 2918 2763 2919
f 2763 2908 2919
f 2920 2908 2909
f 2919 2908 2920
f 2915 2921 2914
f 2915 2766 2921
f 2766 2922 2921
f 2766 2771 2922
f 2923 2774 2768
f 2774 2923 2773
f 2768 2924 2925
f 2923 2768 2925
f 2916 2924 2768
f 2917 2918 2916
f 2924 2916 2918
f 2926 2921 2922
f 2926 2922 2771
f 2926 2771 2776
f 2779 2927 2778
f 2928 2929 2930
f 2928 2930 2931
f 2928 2931 2779
f 2927 2779 2931
f 2928 2773 2929
f 2773 2928 2779
f 2773 2923 2929
f 2776 2932 2926
f 2776 2933 2932
f 2776 2780 2933
f 2934 2782 2781
f 2935 2931 2936
f 2935 2936 2934
f 2935 2934 2781
f 2935 2778 2931
f 2927 2931 2778
f 2778 2935 2781
f 2937 2932 2933
f 2937 2933 2780
f 2937 2780 2783
f 2782 2938 2784
f 2938 2785 2784
f 2782 2934 2939
f 2782 2939 2938
f 2937 2783 2940
f 2783 2787 2940
f 2941 2938 2942
f 2941 2942 2943
f 2941 2943 2789
f 2941 2785 2938
f 2785 2941 2789
f 2790 2940 2787
f 2790 2944 2940
f 2790 2945 2944
f 2791 2945 2790
f 2789 2946 2793
f 2794 2793 2946
f 2946 2789 2943
f 2944 2945 2947
f 2948 2947 2945
f 2948 2945 2791
f 2948 2791 2795
f 2794 2946 2949
f 2794 2949 2950
f 2794 2950 2796
f 2795 2952 2948
f 2951 2948 2952
f 2952 2795 2798
f 2798 2951 2952
f 2796 2953 2799
f 2800 2799 2953
f 2953 2796 2950
f 2951 2798 2954
f 2954 2798 2801
f 2800 2953 2955
f 2800 2955 2956
f 2800 2956 2802
f 2954 2801 2957
f 2803 2957 2801
f 2802 2958 2804
f 2802 2956 2958
f 2959 2960 2957
f 2803 2959 2957
f 2959 2803 2960
f 2805 2960 2803
f 2805 2961 2960
f 2961 2805 2806
f 2962 2804 2958
f 2804 2962 2807
f 2960 2961 2963
f 2961 2806 2963
f 2963 2806 2964
f 2806 2965 2964
f 2806 2808 2965
f 2962 2966 2807
f 2807 2966 2809
f 2964 2965 2967
f 2965 2808 2967
f 2808 2968 2967
f 2812 2968 2810
f 2808 2810 2968
f 2966 2969 2809
f 2809 2969 2813
f 2967 2968 2970
f 2970 2968 2812
f 2971 2972 2812
f 2970 2812 2972
f 2971 2814 2972
f 2971 2812 2814
f 2973 2813 2969
f 2813 2973 2815
f 2973 2969 2974
f 2815 2973 2974
f 2972 2814 2975
f 2816 2975 2814
f 2976 2975 2816
f 2815 2974 2817
f 2977 2817 2974
f 2976 2816 2978
f 2978 2816 2819
f 2817 2977 2979
f 2817 2979 2820
f 2978 2819 2980
f 2980 2819 2981
f 2821 2981 2819
f 2820 2979 2982
f 2820 2982 2822
f 2980 2981 2983
f 2983 2981 2821
f 2823 2983 2821
f 2824 2983 2823
f 2822 2982 2984
f 2822 2984 2826
f 2824 2985 2983
f 2824 2986 2985
f 2827 2986 2824
f 2826 2984 2987
f 2826 2987 2828
f 2986 2988 2985
f 2986 2830 2988
f 2986 2827 2829
f 2986 2829 2830
f 2989 2828 2987
f 2828 2989 2831
f 2990 2991 2988
f 2990 2833 2991
f 2990 2988 2830
f 2990 2830 2832
f 2990 2832 2833
f 2992 2993 2835
f 2989 2992 2831
f 2831 2992 2834
f 2992 2835 2834
f 2994 2991 2833
f 2994 2833 2836
f 2994 2836 2837
f 2835 2993 2995
f 2835 2995 2838
f 2994 2837 2997
f 2837 2996 2997
f 2837 2839 2996
f 2838 2995 2998
f 2838 2998 2840
f 2999 2841 3000
f 2999 2996 2839
f 2999 2839 2842
f 2999 2842 2841
f 2840 2998 3001
f 2840 3001 2843
f 2845 3003 2841
f 3002 2841 3003
f 2845 2844 3003
f 3000 2841 3003
f 3002 3003 2841
f 2843 3001 3004
f 2843 3004 2846
f 2844 2847 3005
f 2847 2848 3005
f 2844 3006 3003
f 2844 3005 3006
f 2846 3004 3007
f 2849 2846 3007
f 2848 3008 3005
f 2848 3009 3008
f 2848 2850 3009
f 2849 3007 3010
f 3011 2849 3010
f 2851 2849 3011
f 3012 2853 3013
f 3012 3009 2850
f 3012 2850 2852
f 3012 2852 2853
f 2851 3011 3014
f 2855 2851 3014
f 2853 2856 3015
f 2857 3015 2856
f 2853 3015 3013
f 3014 3016 2855
f 3016 2858 2855
f 3017 3016 3014
f 3017 2858 3016
f 2860 2859 3018
f 3019 2860 3018
f 3019 2857 2861
f 3019 2861 2860
f 2857 3020 3015
f 3019 3020 2857
f 3017 3021 2858
f 2864 2858 3021
f 3022 3021 3017
f 2864 3021 3022
f 3023 2859 2868
f 3023 2868 2867
f 2859 3024 3018
f 3023 3024 2859
f 2864 3022 3025
f 2864 3025 3026
f 2870 2864 3026
f 3022 3027 3025
f 3028 3025 3027
f 3026 3025 3028
f 2875 2876 3030
f 2874 3029 2876
f 3030 2876 3029
f 3031 3030 3032
f 3031 2875 3030
f 3031 3032 2867
f 3031 2867 2875
f 3032 3023 2867
f 2879 2870 3026
f 3033 3026 3028
f 2879 3026 3033
f 3033 3028 3034
f 2881 3035 2880
f 3036 2880 3035
f 2883 2882 3036
f 2880 3036 2882
f 3037 2883 3036
f 2872 2883 3038
f 3037 3038 2883
f 3037 3039 3038
f 3038 3039 2873
f 3038 2873 2872
f 2873 3040 3041
f 3039 3040 2873
f 2874 2873 3041
f 3030 3029 3041
f 2874 3041 3029
f 2879 3033 3042
f 2879 3042 2889
f 2885 2879 2889
f 3043 3033 3034
f 3043 3042 3033
f 3043 2889 3042
f 3043 3044 2889
f 3045 3043 3034
f 3044 3043 3045
f 3050 2887 3049
f 3051 3052 3050
f 3052 2887 3050
f 3052 2886 2887
f 3054 3053 3055
f 3054 3052 3053
f 3054 2886 3052
f 3054 3055 2881
f 3054 2881 2886
f 2881 3055 3035
f 2889 3044 2892
f 3044 3045 3056
f 3044 3056 2893
f 3044 2893 2892
f 3056 3045 3046
f 3056 3046 3057
f 3056 3057 2895
f 3056 2895 2893
f 3057 3046 3047
f 3057 3047 3058
f 3057 3058 2894
f 3057 2894 2895
f 3058 3047 3048
f 3058 3048 2896
f 3058 2896 2894
f 2896 3048 3049
f 2896 3049 2898
f 2898 3049 2887
f 2909 3060 2920
f 3059 2919 3060
f 2920 3060 2919
f 3061 3060 2909
f 2910 3061 2909
f 3062 3061 2910
f 3062 2910 2911
f 3062 2911 3063
f 2911 2912 3063
f 3063 2912 3064
f 2912 2913 3064
f 3064 2913 3065
f 2914 3066 2913
f 2913 3066 3065
f 3066 2914 2921
f 2924 3068 2925
f 3067 2923 3068
f 2925 3068 2923
f 3069 3068 2924
f 2918 3069 2924
f 3070 3071 3069
f 3070 3069 2918
f 3070 2918 3071
f 2919 3071 2918
f 3059 3072 2919
f 3071 2919 3072
f 3059 3060 3072
f 3061 3073 3060
f 3072 3060 3073
f 3062 3074 3061
f 3073 3061 3074
f 3063 3075 3062
f 3074 3062 3075
f 3064 3076 3063
f 3077 3063 3076
f 3075 3063 3077
f 3078 3064 3065
f 3076 3064 3078
f 3066 3078 3065
f 3066 3079 3078
f 3066 2921 3080
f 3066 3080 3079
f 2926 3080 2921
f 2929 3081 2930
f 3081 2931 2930
f 3082 3083 3081
f 3082 3081 2929
f 3082 2923 3083
f 2923 3082 2929
f 3067 3084 2923
f 3085 2923 3084
f 3083 2923 3085
f 3067 3068 3084
f 3084 3068 3069
f 3086 3078 3079
f 3080 3086 3079
f 3080 3087 3086
f 3080 2926 2932
f 3080 2932 3087
f 2931 3088 2936
f 3088 2934 2936
f 2931 3081 3089
f 2931 3089 3088
f 3091 3086 3087
f 3091 3090 3086
f 3091 3087 2932
f 3091 2932 3092
f 2937 3092 2932
f 2934 3093 2939
f 3093 2938 2939
f 2934 3088 3094
f 2934 3094 3093
f 3095 3090 3091
f 3095 3096 3090
f 3092 3095 3091
f 3092 3097 3095
f 3092 2937 2940
f 3092 2940 3097
f 2938 3098 2942
f 3098 2943 2942
f 2938 3093 3099
f 2938 3099 3098
f 3096 3095 3100
f 3101 3095 3097
f 3101 3100 3095
f 3101 3097 2940
f 3101 2940 2944
f 3102 3098 3103
f 3102 3103 3104
f 3102 3104 2946
f 3102 2943 3098
f 2943 3102 2946
f 3105 3100 3101
f 2944 3105 3101
f 2947 3105 2944
f 2947 3106 3105
f 2948 3106 2947
f 3107 3108 2950
f 2946 3107 2949
f 3107 2950 2949
f 3107 2946 3104
f 3106 3109 3105
f 2948 3110 3106
f 3109 3106 3110
f 2948 2951 3110
f 3109 3110 2951
f 2950 3108 3112
f 2950 3112 2953
f 3111 2953 3112
f 2951 3113 3109
f 2954 3113 2951
f 3114 2953 3112
f 3111 3112 2953
f 2953 3114 2955
f 3114 3115 2955
f 2956 2955 3115
f 2954 3116 3113
f 2954 2957 3116
f 3114 3117 3115
f 3115 3117 2958
f 3115 2958 2956
f 3116 2957 3118
f 3119 3118 2957
f 2960 3118 2957
f 3119 2957 3118
f 3117 3120 2958
f 2958 3120 3121
f 2962 2958 3121
f 2960 3122 3118
f 2960 2963 3122
f 2963 2964 3122
f 3124 2966 3123
f 2962 3123 2966
f 2962 3121 3123
f 3124 3123 3121
f 3125 3122 2964
f 2967 3125 2964
f 3124 3126 2966
f 2966 3126 2969
f 3127 3126 3124
f 2969 3126 3127
f 2967 3128 3125
f 3129 3125 3128
f 2967 2970 3128
f 2970 3130 3128
f 3130 2970 2972
f 3131 2969 3127
f 2974 2969 3131
f 3130 2972 3132
f 3132 2972 3133
f 2972 2975 3133
f 3134 3133 3135
f 2975 3135 3133
f 2976 3135 2975
f 2974 3131 3136
f 2974 3136 2977
f 3134 3135 3137
f 3137 3135 2976
f 2978 3137 2976
f 2977 3136 3138
f 2977 3138 2979
f 3139 3137 3140
f 2978 3140 3137
f 3139 3140 2980
f 2978 2980 3140
f 2979 3138 3141
f 2979 3141 2982
f 2980 3142 3139
f 2980 3143 3142
f 2980 2983 3143
f 2982 3141 3144
f 2982 3144 2984
f 3143 3145 3142
f 3143 3146 3145
f 3143 2983 2985
f 3143 2985 3146
f 2984 3144 3147
f 2984 3147 2987
f 3146 3148 3145
f 3146 3149 3148
f 3146 2985 2988
f 3146 2988 3149
f 2987 3147 3150
f 2989 2987 3150
f 2988 3148 3149
f 2988 3151 3148
f 2988 2991 3151
f 2989 3152 2992
f 3152 2993 2992
f 2989 3150 3152
f 3153 3151 2991
f 3153 2991 2994
f 3155 2993 3152
f 2995 2993 3155
f 2997 3154 3153
f 2997 3156 3154
f 2997 2996 3156
f 2997 3153 2994
f 3155 3157 2995
f 2998 2995 3157
f 3158 3156 2996
f 3158 2996 2999
f 3000 3158 2999
f 3157 3159 2998
f 3159 3001 2998
f 3161 3160 3158
f 3161 3003 3160
f 3161 3158 3000
f 3161 3000 3003
f 3159 3162 3001
f 3162 3004 3001
f 3163 3003 3006
f 3005 3163 3006
f 3160 3003 3164
f 3163 3164 3003
f 3162 3165 3004
f 3166 3004 3165
f 3166 3007 3004
f 3162 3167 3165
f 3166 3165 3167
f 3168 3005 3008
f 3168 3008 3009
f 3005 3169 3163
f 3168 3169 3005
f 3011 3010 3166
f 3007 3166 3010
f 3170 3166 3167
f 3170 3011 3166
f 3170 3167 3171
f 3170 3171 3011
f 3167 3173 3171
f 3172 3171 3173
f 3175 3013 3177
f 3175 3176 3009
f 3175 3009 3012
f 3175 3012 3013
f 3168 3009 3176
f 3171 3178 3011
f 3011 3178 3179
f 3014 3011 3179
f 3180 3171 3172
f 3180 3178 3171
f 3180 3179 3178
f 3180 3181 3179
f 3182 3172 3174
f 3182 3180 3172
f 3181 3180 3182
f 3182 3174 3183
f 3184 3177 3185
f 3184 3185 3015
f 3013 3185 3177
f 3013 3015 3185
f 3179 3017 3014
f 3179 3181 3186
f 3179 3186 3017
f 3187 3181 3182
f 3187 3186 3181
f 3183 3188 3182
f 3188 3187 3182
f 3018 3189 3019
f 3020 3190 3184
f 3020 3189 3190
f 3020 3019 3189
f 3020 3184 3015
f 3186 3022 3017
f 3187 3191 3186
f 3186 3191 3192
f 3186 3192 3022
f 3193 3187 3188
f 3193 3191 3187
f 3192 3191 3193
f 3194 3193 3188
f 3195 3023 3196
f 3018 3024 3197
f 3195 3197 3024
f 3195 3024 3023
f 3018 3195 3189
f 3018 3197 3195
f 3028 3027 3192
f 3022 3192 3027
f 3198 3192 3193
f 3198 3028 3192
f 3198 3193 3199
f 3198 3199 3028
f 3200 3193 3194
f 3200 3199 3193
f 3194 3201 3200
f 3032 3030 3202
f 3203 3204 3196
f 3203 3202 3204
f 3203 3032 3202
f 3203 3196 3023
f 3203 3023 3032
f 3199 3205 3028
f 3028 3205 3034
f 3205 3199 3200
f 3205 3200 3206
f 3205 3206 3207
f 3205 3207 3034
f 3208 3200 3201
f 3208 3206 3200
f 3208 3207 3206
f 3208 3209 3207
f 3211 3201 3210
f 3211 3208 3201
f 3209 3208 3211
f 3213 3210 3214
f 3213 3211 3210
f 3212 3211 3213
f 3216 3214 3217
f 3216 3213 3214
f 3215 3213 3216
f 3217 3219 3216
f 3218 3216 3219
f 3041 3040 3222
f 3222 3040 3039
f 3041 3222 3223
f 3030 3041 3223
f 3030 3224 3202
f 3030 3223 3224
f 3045 3034 3207
f 3207 3209 3046
f 3207 3046 3045
f 3209 3211 3212
f 3209 3212 3047
f 3209 3047 3046
f 3212 3213 3215
f 3212 3215 3048
f 3212 3048 3047
f 3215 3216 3218
f 3215 3218 3049
f 3215 3049 3048
f 3218 3219 3051
f 3218 3051 3050
f 3218 3050 3049
f 3051 3219 3220
f 3051 3220 3053
f 3051 3053 3052
f 3053 3220 3221
f 3053 3221 3055
f 3055 3221 3225
f 3055 3225 3035
f 3226 3035 3225
f 3036 3035 3226
f 3036 3226 3227
f 3037 3036 3227
f 3228 3037 3227
f 3228 3039 3037
f 3229 3039 3228
f 3229 3222 3039
f 3222 3229 3223
f 3230 3073 3074
f 3231 3074 3232
f 3075 3232 3074
f 3232 3075 3076
f 3077 3076 3075
f 3233 3081 3083
f 3234 3233 3083
f 3084 3235 3085
f 3234 3083 3235
f 3085 3235 3083
f 3236 3235 3084
f 3069 3237 3084
f 3236 3084 3237
f 3238 3237 3069
f 3071 3238 3069
f 3239 3238 3071
f 3239 3240 3238
f 3072 3240 3071
f 3239 3071 3240
f 3241 3240 3072
f 3241 3242 3240
f 3073 3241 3072
f 3230 3241 3073
f 3242 3241 3243
f 3230 3243 3241
f 3074 3231 3230
f 3230 3231 3243
f 3243 3231 3244
f 3231 3232 3244
f 3244 3232 3245
f 3232 3076 3245
f 3245 3076 3246
f 3076 3078 3247
f 3076 3247 3246
f 3086 3247 3078
f 3248 3089 3250
f 3081 3250 3089
f 3248 3249 3089
f 3088 3089 3249
f 3081 3251 3252
f 3081 3252 3250
f 3248 3250 3252
f 3233 3251 3081
f 3234 3235 3233
f 3251 3233 3235
f 3236 3237 3235
f 3243 3253 3242
f 3254 3242 3253
f 3244 3255 3243
f 3253 3243 3255
f 3256 3244 3245
f 3256 3255 3244
f 3257 3245 3246
f 3257 3256 3245
f 3247 3257 3246
f 3247 3258 3257
f 3247 3086 3090
f 3247 3090 3258
f 3088 3259 3094
f 3259 3093 3094
f 3088 3249 3260
f 3248 3260 3249
f 3088 3260 3259
f 3257 3261 3256
f 3262 3257 3258
f 3262 3261 3257
f 3262 3258 3090
f 3262 3090 3096
f 3093 3263 3099
f 3263 3098 3099
f 3093 3259 3264
f 3093 3264 3263
f 3265 3261 3262
f 3265 3266 3261
f 3096 3265 3262
f 3096 3100 3265
f 3098 3267 3103
f 3267 3104 3103
f 3268 3263 3269
f 3268 3269 3267
f 3268 3267 3098
f 3268 3098 3263
f 3266 3265 3270
f 3271 3270 3265
f 3271 3265 3100
f 3271 3100 3272
f 3105 3272 3100
f 3273 3108 3107
f 3104 3267 3274
f 3104 3274 3273
f 3104 3273 3107
f 3271 3275 3270
f 3271 3272 3275
f 3275 3272 3276
f 3276 3272 3105
f 3277 3276 3105
f 3277 3105 3109
f 3278 3108 3273
f 3278 3112 3108
f 3277 3279 3276
f 3280 3276 3279
f 3277 3109 3279
f 3109 3281 3279
f 3113 3281 3109
f 3278 3282 3112
f 3112 3282 3283
f 3114 3112 3283
f 3279 3281 3284
f 3285 3284 3281
f 3285 3281 3113
f 3285 3113 3116
f 3287 3117 3286
f 3114 3286 3117
f 3114 3283 3286
f 3288 3286 3283
f 3287 3286 3288
f 3285 3116 3289
f 3116 3290 3289
f 3116 3118 3290
f 3287 3291 3117
f 3117 3291 3120
f 3291 3121 3120
f 3287 3288 3291
f 3292 3289 3290
f 3292 3293 3289
f 3292 3290 3118
f 3294 3292 3118
f 3294 3118 3122
f 3295 3291 3296
f 3295 3296 3124
f 3295 3121 3291
f 3295 3124 3121
f 3294 3297 3292
f 3298 3292 3297
f 3294 3122 3297
f 3122 3299 3297
f 3125 3299 3122
f 3296 3300 3124
f 3124 3300 3127
f 3297 3299 3301
f 3301 3299 3125
f 3302 3301 3125
f 3302 3125 3303
f 3128 3303 3129
f 3129 3303 3125
f 3300 3304 3127
f 3127 3304 3305
f 3131 3127 3305
f 3302 3303 3306
f 3128 3307 3303
f 3306 3303 3307
f 3130 3132 3128
f 3307 3128 3132
f 3308 3307 3132
f 3133 3308 3132
f 3134 3308 3133
f 3304 3309 3305
f 3305 3309 3131
f 3136 3131 3309
f 3310 3308 3134
f 3310 3311 3308
f 3310 3134 3137
f 3310 3137 3311
f 3309 3312 3136
f 3138 3136 3312
f 3313 3314 3311
f 3313 3311 3137
f 3313 3137 3139
f 3312 3315 3138
f 3141 3138 3315
f 3316 3314 3313
f 3316 3317 3314
f 3316 3318 3317
f 3316 3313 3139
f 3316 3139 3142
f 3316 3142 3318
f 3315 3319 3141
f 3144 3141 3319
f 3318 3320 3317
f 3318 3321 3320
f 3318 3142 3145
f 3318 3145 3321
f 3322 3319 3323
f 3322 3323 3147
f 3319 3322 3144
f 3322 3147 3144
f 3321 3324 3320
f 3321 3325 3324
f 3321 3145 3148
f 3321 3148 3325
f 3323 3326 3147
f 3147 3326 3150
f 3327 3324 3325
f 3327 3328 3324
f 3327 3325 3148
f 3327 3148 3151
f 3326 3329 3150
f 3150 3329 3152
f 3330 3328 3327
f 3330 3331 3328
f 3330 3154 3331
f 3330 3327 3151
f 3330 3151 3153
f 3330 3153 3154
f 3329 3332 3152
f 3155 3152 3332
f 3154 3333 3331
f 3154 3156 3333
f 3155 3332 3334
f 3157 3155 3334
f 3335 3333 3156
f 3335 3156 3158
f 3334 3336 3157
f 3337 3157 3336
f 3337 3159 3157
f 3337 3336 3159
f 3338 3335 3158
f 3338 3158 3160
f 3336 3340 3159
f 3341 3159 3340
f 3341 3162 3159
f 3343 3336 3342
f 3343 3340 3336
f 3341 3340 3343
f 3342 3344 3343
f 3164 3339 3338
f 3164 3346 3339
f 3164 3163 3346
f 3164 3338 3160
f 3162 3341 3167
f 3341 3343 3347
f 3341 3347 3348
f 3341 3348 3167
f 3349 3343 3344
f 3349 3347 3343
f 3349 3348 3347
f 3349 3350 3348
f 3345 3351 3344
f 3352 3344 3351
f 3352 3349 3344
f 3352 3350 3349
f 3352 3353 3350
f 3354 3351 3355
f 3354 3352 3351
f 3353 3352 3354
f 3355 3356 3354
f 3359 3168 3358
f 3359 3346 3163
f 3359 3163 3169
f 3359 3169 3168
f 3172 3173 3348
f 3167 3348 3173
f 3348 3350 3174
f 3348 3174 3172
f 3350 3353 3360
f 3350 3360 3174
f 3361 3353 3354
f 3361 3360 3353
f 3361 3362 3360
f 3363 3354 3356
f 3363 3361 3354
f 3362 3361 3363
f 3356 3357 3363
f 3364 3363 3357
f 3176 3175 3365
f 3177 3365 3175
f 3176 3366 3358
f 3176 3365 3366
f 3176 3358 3168
f 3174 3360 3183
f 3360 3362 3367
f 3360 3367 3183
f 3368 3362 3363
f 3367 3362 3368
f 3369 3363 3364
f 3369 3368 3363
f 3370 3371 3372
f 3364 3371 3369
f 3370 3369 3371
f 3177 3184 3373
f 3177 3374 3365
f 3177 3373 3374
f 3183 3367 3375
f 3183 3375 3188
f 3376 3367 3368
f 3376 3375 3367
f 3376 3368 3377
f 3376 3377 3375
f 3378 3368 3369
f 3378 3377 3368
f 3379 3369 3370
f 3379 3378 3369
f 3380 3379 3370
f 3190 3381 3373
f 3190 3382 3381
f 3190 3189 3382
f 3190 3373 3184
f 3194 3188 3375
f 3377 3383 3375
f 3375 3383 3384
f 3375 3384 3194
f 3383 3377 3378
f 3383 3378 3385
f 3383 3385 3386
f 3383 3386 3384
f 3387 3378 3379
f 3387 3385 3378
f 3387 3386 3385
f 3387 3388 3386
f 3389 3379 3380
f 3389 3387 3379
f 3388 3387 3389
f 3390 3389 3380
f 3196 3391 3195
f 3392 3195 3391
f 3392 3382 3189
f 3392 3189 3195
f 3194 3384 3201
f 3384 3386 3210
f 3384 3210 3201
f 3386 3388 3214
f 3386 3214 3210
f 3393 3388 3389
f 3393 3214 3388
f 3393 3389 3394
f 3393 3394 3217
f 3393 3217 3214
f 3395 3389 3390
f 3395 3394 3389
f 3395 3217 3394
f 3395 3390 3396
f 3196 3204 3397
f 3202 3397 3204
f 3196 3398 3391
f 3196 3397 3398
f 3395 3399 3217
f 3217 3399 3219
f 3399 3395 3396
f 3399 3396 3400
f 3399 3400 3220
f 3399 3220 3219
f 3396 3401 3400
f 3401 3220 3400
f 3401 3221 3220
f 3401 3402 3221
f 3403 3221 3402
f 3202 3224 3405
f 3404 3405 3224
f 3404 3224 3223
f 3202 3406 3397
f 3404 3406 3405
f 3202 3405 3406
f 3402 3407 3403
f 3225 3221 3407
f 3403 3407 3221
f 3225 3407 3408
f 3225 3408 3226
f 3408 3410 3226
f 3409 3226 3410
f 3227 3226 3410
f 3409 3410 3226
f 3411 3227 3410
f 3228 3227 3411
f 3412 3411 3413
f 3412 3228 3411
f 3412 3413 3414
f 3229 3228 3414
f 3412 3414 3228
f 3414 3415 3416
f 3413 3415 3414
f 3414 3416 3223
f 3414 3223 3229
f 3404 3223 3416
f 3251 3417 3252
f 3252 3417 3248
f 3418 3417 3251
f 3235 3418 3251
f 3419 3418 3235
f 3237 3419 3235
f 3420 3419 3237
f 3238 3420 3237
f 3421 3420 3238
f 3240 3421 3238
f 3422 3421 3240
f 3242 3423 3240
f 3422 3240 3423
f 3423 3242 3253
f 3254 3253 3242
f 3248 3424 3260
f 3259 3260 3424
f 3425 3248 3417
f 3424 3248 3425
f 3421 3426 3420
f 3427 3420 3426
f 3422 3428 3421
f 3426 3421 3428
f 3422 3423 3428
f 3429 3428 3423
f 3429 3430 3428
f 3429 3423 3253
f 3429 3253 3430
f 3430 3253 3431
f 3253 3255 3432
f 3253 3432 3431
f 3256 3433 3255
f 3255 3433 3432
f 3433 3256 3261
f 3259 3434 3264
f 3434 3263 3264
f 3259 3424 3435
f 3259 3435 3434
f 3428 3430 3436
f 3437 3430 3431
f 3436 3430 3437
f 3432 3437 3431
f 3438 3437 3432
f 3438 3439 3437
f 3438 3432 3433
f 3438 3433 3439
f 3439 3433 3440
f 3433 3261 3266
f 3433 3266 3440
f 3263 3441 3269
f 3441 3267 3269
f 3441 3263 3442
f 3434 3442 3263
f 3439 3443 3437
f 3440 3444 3439
f 3443 3439 3444
f 3440 3266 3444
f 3445 3444 3266
f 3445 3446 3444
f 3445 3266 3270
f 3445 3270 3446
f 3267 3447 3274
f 3447 3273 3274
f 3447 3267 3448
f 3441 3448 3267
f 3441 3442 3449
f 3448 3441 3449
f 3444 3446 3450
f 3450 3446 3270
f 3451 3450 3270
f 3275 3451 3270
f 3452 3451 3275
f 3276 3452 3275
f 3273 3453 3278
f 3273 3454 3455
f 3273 3455 3456
f 3453 3273 3456
f 3447 3454 3273
f 3447 3448 3454
f 3452 3457 3451
f 3457 3452 3276
f 3458 3457 3276
f 3458 3276 3279
f 3280 3279 3276
f 3453 3459 3278
f 3278 3459 3282
f 3459 3283 3282
f 3453 3456 3459
f 3458 3279 3460
f 3279 3461 3460
f 3285 3461 3284
f 3279 3284 3461
f 3459 3462 3283
f 3463 3283 3462
f 3463 3288 3283
f 3463 3462 3459
f 3460 3461 3464
f 3464 3461 3285
f 3289 3464 3285
f 3463 3465 3288
f 3291 3288 3465
f 3289 3466 3464
f 3289 3293 3466
f 3291 3467 3296
f 3291 3465 3468
f 3291 3468 3469
f 3467 3291 3469
f 3466 3293 3470
f 3470 3293 3471
f 3293 3292 3471
f 3470 3471 3472
f 3292 3472 3471
f 3297 3472 3298
f 3298 3472 3292
f 3467 3473 3296
f 3296 3473 3300
f 3467 3469 3473
f 3472 3297 3474
f 3297 3301 3474
f 3301 3302 3474
f 3475 3300 3473
f 3300 3475 3304
f 3476 3474 3302
f 3306 3476 3302
f 3477 3476 3306
f 3307 3478 3306
f 3477 3306 3478
f 3308 3478 3307
f 3475 3479 3304
f 3304 3479 3309
f 3480 3476 3477
f 3478 3480 3477
f 3481 3480 3478
f 3481 3482 3480
f 3481 3478 3308
f 3481 3308 3483
f 3481 3483 3482
f 3311 3483 3308
f 3479 3484 3309
f 3309 3484 3312
f 3485 3480 3482
f 3485 3486 3480
f 3483 3485 3482
f 3483 3314 3485
f 3483 3311 3314
f 3484 3487 3312
f 3312 3487 3315
f 3488 3486 3485
f 3314 3489 3485
f 3488 3485 3489
f 3488 3489 3317
f 3314 3317 3489
f 3487 3490 3315
f 3315 3490 3319
f 3491 3488 3317
f 3491 3317 3320
f 3490 3492 3319
f 3319 3492 3323
f 3493 3491 3320
f 3493 3320 3324
f 3492 3495 3323
f 3323 3495 3326
f 3494 3493 3328
f 3328 3493 3324
f 3496 3326 3495
f 3326 3496 3329
f 3497 3328 3331
f 3496 3499 3329
f 3500 3332 3499
f 3329 3499 3332
f 3501 3499 3496
f 3500 3499 3501
f 3502 3498 3497
f 3502 3503 3498
f 3502 3497 3331
f 3502 3331 3333
f 3332 3500 3334
f 3501 3504 3500
f 3334 3500 3504
f 3506 3503 3502
f 3506 3505 3503
f 3506 3507 3505
f 3506 3502 3333
f 3506 3333 3335
f 3506 3335 3507
f 3334 3504 3508
f 3334 3508 3342
f 3334 3342 3336
f 3510 3504 3509
f 3510 3508 3504
f 3510 3342 3508
f 3510 3511 3342
f 3509 3513 3510
f 3512 3510 3513
f 3511 3510 3512
f 3507 3517 3505
f 3507 3339 3517
f 3507 3335 3338
f 3507 3338 3339
f 3342 3511 3344
f 3511 3512 3518
f 3511 3518 3351
f 3345 3344 3351
f 3511 3351 3344
f 3518 3512 3514
f 3518 3514 3519
f 3518 3519 3355
f 3518 3355 3351
f 3520 3514 3515
f 3520 3519 3514
f 3520 3355 3519
f 3520 3521 3355
f 3522 3515 3516
f 3522 3520 3515
f 3522 3521 3520
f 3522 3523 3521
f 3524 3516 3525
f 3524 3522 3516
f 3524 3523 3522
f 3524 3526 3523
f 3525 3527 3524
f 3526 3524 3527
f 3528 3529 3517
f 3339 3528 3517
f 3339 3346 3528
f 3355 3521 3356
f 3521 3523 3530
f 3357 3356 3530
f 3521 3530 3356
f 3523 3526 3531
f 3523 3531 3530
f 3532 3526 3527
f 3532 3531 3526
f 3532 3527 3533
f 3532 3533 3534
f 3532 3534 3531
f 3534 3533 3527
f 3536 3529 3528
f 3536 3535 3529
f 3536 3358 3535
f 3536 3528 3346
f 3536 3346 3359
f 3536 3359 3358
f 3364 3357 3530
f 3530 3531 3372
f 3530 3372 3364
f 3534 3537 3531
f 3531 3537 3538
f 3531 3538 3372
f 3539 3537 3534
f 3538 3537 3539
f 3366 3541 3535
f 3366 3540 3541
f 3366 3365 3540
f 3366 3535 3358
f 3364 3372 3371
f 3372 3538 3542
f 3370 3372 3542
f 3543 3538 3539
f 3542 3538 3543
f 3374 3544 3540
f 3374 3545 3544
f 3374 3373 3545
f 3374 3540 3365
f 3542 3380 3370
f 3542 3543 3546
f 3542 3546 3380
f 3547 3382 3548
f 3547 3545 3373
f 3547 3373 3381
f 3547 3381 3382
f 3549 3380 3546
f 3390 3380 3549
f 3549 3546 3550
f 3390 3549 3550
f 3551 3391 3552
f 3551 3548 3382
f 3551 3382 3392
f 3551 3392 3391
f 3550 3553 3390
f 3554 3390 3553
f 3554 3553 3396
f 3554 3396 3390
f 3555 3397 3556
f 3555 3552 3391
f 3555 3391 3398
f 3555 3398 3397
f 3553 3557 3396
f 3396 3557 3558
f 3396 3558 3401
f 3558 3557 3559
f 3558 3559 3401
f 3402 3401 3559
f 3561 3404 3560
f 3561 3556 3397
f 3561 3397 3406
f 3561 3406 3404
f 3407 3402 3559
f 3407 3562 3563
f 3559 3562 3407
f 3408 3407 3563
f 3564 3408 3563
f 3564 3410 3408
f 3564 3565 3410
f 3410 3565 3411
f 3565 3566 3411
f 3566 3413 3411
f 3567 3413 3566
f 3416 3415 3567
f 3567 3415 3413
f 3416 3568 3560
f 3416 3567 3568
f 3416 3560 3404
f 3417 3569 3425
f 3425 3569 3424
f 3570 3569 3417
f 3418 3570 3417
f 3571 3570 3418
f 3419 3571 3418
f 3572 3571 3419
f 3420 3572 3419
f 3573 3572 3420
f 3426 3574 3427
f 3573 3420 3574
f 3427 3574 3420
f 3574 3426 3428
f 3575 3435 3424
f 3575 3434 3435
f 3576 3424 3569
f 3575 3424 3576
f 3572 3577 3571
f 3573 3578 3572
f 3577 3572 3578
f 3573 3574 3578
f 3579 3578 3574
f 3579 3580 3578
f 3579 3574 3428
f 3579 3428 3580
f 3580 3428 3581
f 3428 3436 3581
f 3582 3575 3583
f 3582 3583 3442
f 3582 3434 3575
f 3434 3582 3442
f 3581 3584 3580
f 3585 3580 3584
f 3581 3436 3584
f 3586 3584 3436
f 3586 3587 3584
f 3586 3436 3437
f 3586 3437 3587
f 3588 3587 3437
f 3588 3437 3443
f 3442 3590 3449
f 3589 3448 3590
f 3449 3590 3448
f 3442 3583 3591
f 3442 3591 3590
f 3588 3592 3587
f 3593 3587 3592
f 3588 3443 3592
f 3592 3443 3594
f 3443 3444 3594
f 3594 3444 3595
f 3444 3596 3595
f 3450 3597 3444
f 3444 3597 3596
f 3451 3597 3450
f 3454 3598 3455
f 3598 3456 3455
f 3598 3454 3599
f 3448 3599 3454
f 3589 3590 3448
f 3600 3448 3590
f 3599 3448 3600
f 3595 3596 3601
f 3596 3597 3601
f 3602 3601 3597
f 3602 3597 3451
f 3603 3602 3451
f 3603 3451 3457
f 3604 3605 3606
f 3604 3606 3459
f 3604 3456 3605
f 3598 3605 3456
f 3604 3459 3456
f 3598 3599 3605
f 3601 3602 3607
f 3603 3608 3602
f 3607 3602 3608
f 3603 3457 3608
f 3608 3457 3609
f 3458 3609 3457
f 3458 3460 3609
f 3606 3610 3459
f 3459 3610 3463
f 3611 3609 3460
f 3611 3612 3609
f 3611 3460 3464
f 3610 3613 3463
f 3463 3613 3614
f 3463 3614 3465
f 3612 3611 3615
f 3464 3615 3611
f 3464 3466 3615
f 3465 3616 3468
f 3616 3617 3468
f 3469 3468 3617
f 3616 3465 3614
f 3615 3466 3618
f 3466 3470 3618
f 3470 3619 3618
f 3619 3470 3472
f 3469 3617 3620
f 3616 3620 3617
f 3469 3620 3621
f 3469 3621 3473
f 3618 3619 3622
f 3619 3472 3622
f 3472 3623 3622
f 3472 3474 3623
f 3473 3624 3475
f 3473 3621 3624
f 3625 3622 3623
f 3625 3626 3622
f 3625 3623 3474
f 3625 3474 3627
f 3476 3627 3474
f 3624 3628 3475
f 3475 3628 3479
f 3629 3626 3625
f 3629 3630 3626
f 3629 3625 3627
f 3629 3627 3631
f 3627 3476 3632
f 3627 3632 3631
f 3480 3632 3476
f 3628 3484 3479
f 3628 3633 3484
f 3630 3629 3634
f 3629 3631 3634
f 3635 3634 3631
f 3635 3636 3634
f 3635 3631 3632
f 3635 3632 3637
f 3635 3637 3636
f 3632 3480 3638
f 3632 3638 3637
f 3486 3638 3480
f 3484 3633 3639
f 3484 3639 3487
f 3634 3636 3640
f 3636 3637 3640
f 3641 3640 3637
f 3638 3641 3637
f 3486 3641 3638
f 3486 3642 3641
f 3488 3642 3486
f 3487 3639 3643
f 3487 3643 3490
f 3640 3641 3644
f 3642 3644 3641
f 3642 3645 3644
f 3642 3488 3491
f 3642 3491 3645
f 3490 3643 3646
f 3490 3646 3492
f 3645 3647 3644
f 3645 3494 3647
f 3645 3491 3493
f 3645 3493 3494
f 3648 3492 3649
f 3646 3649 3492
f 3648 3649 3495
f 3492 3648 3495
f 3494 3650 3647
f 3494 3651 3650
f 3494 3328 3651
f 3495 3649 3652
f 3495 3652 3653
f 3496 3495 3653
f 3652 3649 3654
f 3653 3652 3654
f 3651 3655 3650
f 3651 3498 3655
f 3651 3328 3497
f 3651 3497 3498
f 3657 3496 3653
f 3657 3501 3496
f 3658 3653 3654
f 3658 3657 3653
f 3658 3659 3657
f 3660 3658 3654
f 3659 3658 3660
f 3661 3656 3655
f 3661 3662 3656
f 3661 3655 3498
f 3661 3498 3503
f 3657 3504 3501
f 3657 3659 3509
f 3657 3509 3504
f 3663 3659 3660
f 3663 3509 3659
f 3663 3664 3509
f 3666 3660 3665
f 3666 3663 3660
f 3664 3663 3666
f 3666 3665 3667
f 3669 3662 3661
f 3669 3668 3662
f 3669 3670 3668
f 3669 3661 3503
f 3669 3503 3505
f 3669 3505 3670
f 3512 3513 3664
f 3509 3664 3513
f 3664 3666 3671
f 3664 3671 3514
f 3664 3514 3512
f 3671 3666 3667
f 3671 3667 3672
f 3671 3672 3515
f 3671 3515 3514
f 3673 3667 3674
f 3673 3672 3667
f 3673 3515 3672
f 3673 3516 3515
f 3674 3675 3673
f 3675 3516 3673
f 3670 3676 3668
f 3670 3505 3517
f 3670 3517 3676
f 3675 3525 3516
f 3679 3675 3678
f 3679 3525 3675
f 3679 3678 3527
f 3679 3527 3525
f 3677 3676 3680
f 3680 3676 3682
f 3680 3682 3529
f 3517 3682 3676
f 3517 3529 3682
f 3527 3678 3683
f 3527 3683 3534
f 3684 3681 3680
f 3684 3685 3681
f 3684 3680 3529
f 3684 3529 3535
f 3686 3534 3687
f 3683 3687 3534
f 3686 3687 3688
f 3686 3688 3534
f 3539 3534 3688
f 3541 3685 3684
f 3541 3689 3685
f 3541 3540 3689
f 3541 3684 3535
f 3690 3688 3691
f 3687 3691 3688
f 3688 3690 3539
f 3690 3691 3539
f 3543 3539 3691
f 3692 3693 3689
f 3692 3694 3693
f 3692 3545 3694
f 3692 3689 3540
f 3692 3540 3544
f 3692 3544 3545
f 3695 3543 3691
f 3543 3695 3546
f 3696 3697 3694
f 3696 3698 3697
f 3696 3548 3698
f 3696 3694 3545
f 3696 3545 3547
f 3696 3547 3548
f 3546 3695 3699
f 3550 3546 3699
f 3700 3701 3698
f 3700 3702 3701
f 3700 3552 3702
f 3700 3698 3548
f 3700 3548 3551
f 3700 3551 3552
f 3703 3550 3699
f 3703 3553 3550
f 3703 3699 3704
f 3703 3704 3553
f 3705 3553 3704
f 3706 3556 3707
f 3706 3702 3552
f 3706 3552 3555
f 3706 3555 3556
f 3557 3553 3704
f 3705 3704 3553
f 3557 3704 3708
f 3559 3557 3708
f 3709 3560 3710
f 3709 3707 3556
f 3709 3556 3561
f 3709 3561 3560
f 3708 3711 3559
f 3563 3562 3711
f 3711 3562 3559
f 3712 3563 3711
f 3712 3564 3563
f 3713 3564 3712
f 3565 3564 3713
f 3714 3566 3715
f 3714 3567 3566
f 3716 3717 3710
f 3716 3714 3717
f 3716 3567 3714
f 3716 3710 3560
f 3716 3560 3568
f 3716 3568 3567
f 3712 3718 3713
f 3713 3718 3565
f 3565 3718 3715
f 3565 3715 3566
f 3569 3719 3576
f 3719 3575 3576
f 3570 3720 3569
f 3719 3569 3720
f 3571 3721 3570
f 3720 3570 3721
f 3577 3722 3571
f 3721 3571 3722
f 3722 3577 3578
f 3723 3583 3575
f 3719 3724 3575
f 3725 3575 3724
f 3723 3575 3725
f 3726 3724 3719
f 3725 3724 3726
f 3720 3726 3719
f 3727 3726 3720
f 3721 3727 3720
f 3721 3728 3727
f 3721 3722 3728
f 3728 3722 3729
f 3722 3578 3729
f 3730 3729 3578
f 3730 3731 3729
f 3580 3731 3578
f 3730 3578 3731
f 3732 3731 3580
f 3732 3580 3584
f 3585 3584 3580
f 3734 3591 3733
f 3583 3733 3591
f 3734 3590 3591
f 3723 3735 3583
f 3583 3735 3733
f 3734 3733 3735
f 3723 3725 3735
f 3726 3736 3725
f 3735 3725 3736
f 3737 3726 3727
f 3736 3726 3737
f 3732 3738 3731
f 3732 3584 3738
f 3738 3584 3739
f 3584 3587 3739
f 3587 3740 3739
f 3592 3741 3593
f 3740 3587 3741
f 3593 3741 3587
f 3741 3592 3594
f 3590 3743 3600
f 3742 3599 3743
f 3600 3743 3599
f 3590 3744 3745
f 3590 3745 3743
f 3734 3744 3590
f 3734 3735 3744
f 3747 3741 3746
f 3740 3741 3747
f 3741 3594 3746
f 3595 3746 3594
f 3595 3748 3746
f 3595 3601 3748
f 3749 3606 3605
f 3751 3605 3750
f 3599 3750 3605
f 3749 3605 3751
f 3742 3743 3599
f 3752 3599 3743
f 3599 3752 3750
f 3751 3750 3752
f 3746 3748 3753
f 3748 3601 3753
f 3753 3601 3755
f 3754 3755 3601
f 3754 3756 3755
f 3607 3757 3601
f 3754 3601 3757
f 3754 3757 3756
f 3757 3607 3608
f 3759 3610 3758
f 3606 3758 3610
f 3749 3751 3606
f 3760 3606 3751
f 3606 3760 3758
f 3761 3758 3760
f 3759 3758 3761
f 3755 3756 3762
f 3756 3757 3762
f 3762 3757 3764
f 3763 3764 3757
f 3608 3763 3757
f 3765 3763 3608
f 3764 3763 3766
f 3765 3766 3763
f 3765 3608 3609
f 3765 3609 3766
f 3766 3609 3612
f 3759 3767 3610
f 3610 3767 3613
f 3767 3614 3613
f 3759 3761 3767
f 3768 3764 3766
f 3612 3768 3766
f 3612 3769 3768
f 3612 3615 3769
f 3770 3767 3771
f 3770 3771 3772
f 3770 3772 3616
f 3770 3614 3767
f 3614 3770 3616
f 3773 3768 3769
f 3773 3774 3768
f 3773 3769 3615
f 3773 3615 3775
f 3615 3618 3775
f 3616 3776 3620
f 3621 3620 3776
f 3776 3616 3772
f 3774 3773 3777
f 3775 3777 3773
f 3775 3778 3777
f 3775 3618 3779
f 3775 3779 3778
f 3618 3622 3779
f 3621 3776 3780
f 3621 3780 3781
f 3621 3781 3624
f 3782 3777 3778
f 3779 3782 3778
f 3783 3782 3779
f 3783 3784 3782
f 3783 3779 3622
f 3783 3622 3626
f 3783 3626 3784
f 3624 3781 3785
f 3624 3785 3628
f 3786 3782 3784
f 3626 3786 3784
f 3626 3630 3786
f 3628 3785 3787
f 3628 3787 3633
f 3788 3786 3630
f 3788 3789 3786
f 3788 3790 3789
f 3788 3630 3634
f 3788 3634 3790
f 3633 3787 3791
f 3633 3791 3639
f 3789 3790 3792
f 3793 3792 3790
f 3793 3790 3634
f 3793 3634 3794
f 3634 3640 3794
f 3639 3791 3795
f 3639 3795 3643
f 3794 3796 3793
f 3794 3797 3796
f 3794 3640 3798
f 3794 3798 3797
f 3640 3644 3798
f 3795 3799 3643
f 3643 3799 3800
f 3643 3800 3801
f 3646 3643 3801
f 3803 3796 3797
f 3803 3802 3796
f 3803 3797 3798
f 3803 3798 3804
f 3798 3644 3647
f 3798 3647 3804
f 3805 3646 3800
f 3801 3800 3646
f 3646 3805 3649
f 3805 3800 3806
f 3649 3805 3806
f 3808 3802 3803
f 3808 3807 3802
f 3808 3803 3804
f 3808 3804 3809
f 3804 3647 3650
f 3804 3650 3809
f 3649 3806 3810
f 3649 3810 3654
f 3811 3810 3806
f 3811 3654 3810
f 3811 3812 3654
f 3812 3811 3813
f 3814 3807 3808
f 3814 3815 3807
f 3809 3814 3808
f 3809 3656 3814
f 3809 3650 3655
f 3809 3655 3656
f 3660 3654 3812
f 3813 3816 3812
f 3817 3812 3816
f 3817 3660 3812
f 3817 3816 3818
f 3817 3818 3660
f 3819 3815 3814
f 3819 3820 3815
f 3819 3814 3656
f 3819 3656 3662
f 3818 3665 3660
f 3665 3818 3821
f 3665 3821 3822
f 3665 3822 3667
f 3821 3823 3822
f 3667 3822 3824
f 3823 3824 3822
f 3826 3820 3819
f 3826 3825 3820
f 3826 3827 3825
f 3826 3819 3662
f 3826 3662 3668
f 3826 3668 3827
f 3823 3674 3824
f 3667 3824 3674
f 3829 3823 3828
f 3829 3674 3823
f 3829 3828 3830
f 3829 3830 3675
f 3829 3675 3674
f 3830 3828 3831
f 3830 3831 3675
f 3827 3832 3825
f 3827 3677 3832
f 3827 3668 3676
f 3827 3676 3677
f 3831 3833 3675
f 3834 3675 3833
f 3834 3678 3675
f 3834 3833 3835
f 3834 3835 3678
f 3837 3836 3832
f 3677 3837 3832
f 3677 3681 3837
f 3677 3680 3681
f 3838 3678 3839
f 3835 3839 3678
f 3838 3839 3678
f 3683 3678 3839
f 3840 3841 3837
f 3840 3837 3842
f 3840 3842 3685
f 3681 3842 3837
f 3681 3685 3842
f 3843 3683 3839
f 3844 3687 3843
f 3683 3843 3687
f 3843 3839 3845
f 3844 3843 3845
f 3846 3841 3840
f 3846 3847 3841
f 3846 3840 3685
f 3846 3685 3689
f 3687 3844 3691
f 3848 3844 3845
f 3691 3844 3848
f 3693 3847 3846
f 3693 3849 3847
f 3693 3694 3849
f 3693 3846 3689
f 3691 3848 3850
f 3695 3691 3850
f 3697 3851 3849
f 3697 3698 3851
f 3697 3849 3694
f 3852 3695 3850
f 3695 3852 3699
f 3852 3850 3853
f 3699 3852 3853
f 3854 3702 3855
f 3701 3854 3851
f 3701 3702 3854
f 3701 3851 3698
f 3853 3856 3699
f 3857 3699 3856
f 3704 3699 3856
f 3857 3856 3699
f 3859 3858 3855
f 3859 3707 3858
f 3859 3855 3702
f 3859 3702 3706
f 3859 3706 3707
f 3860 3704 3856
f 3708 3704 3860
f 3863 3862 3858
f 3863 3861 3862
f 3863 3710 3861
f 3863 3858 3707
f 3863 3707 3709
f 3863 3709 3710
f 3860 3864 3708
f 3866 3860 3865
f 3866 3864 3860
f 3866 3708 3864
f 3866 3865 3711
f 3866 3711 3708
f 3865 3867 3711
f 3868 3870 3869
f 3868 3715 3870
f 3871 3872 3873
f 3871 3868 3872
f 3871 3715 3868
f 3871 3714 3715
f 3717 3873 3861
f 3717 3871 3873
f 3717 3714 3871
f 3717 3861 3710
f 3867 3712 3711
f 3869 3712 3867
f 3718 3712 3869
f 3718 3869 3870
f 3718 3870 3715
f 3727 3874 3737
f 3737 3874 3736
f 3875 3727 3728
f 3874 3727 3875
f 3875 3728 3876
f 3728 3729 3876
f 3876 3729 3877
f 3731 3877 3729
f 3878 3877 3731
f 3878 3731 3738
f 3744 3879 3745
f 3879 3743 3745
f 3880 3879 3744
f 3880 3744 3735
f 3880 3735 3882
f 3881 3882 3735
f 3736 3882 3735
f 3881 3735 3882
f 3883 3882 3736
f 3874 3883 3736
f 3874 3884 3883
f 3874 3875 3884
f 3885 3875 3876
f 3884 3875 3885
f 3878 3886 3877
f 3878 3738 3886
f 3886 3738 3887
f 3738 3739 3887
f 3739 3888 3887
f 3740 3888 3739
f 3889 3888 3740
f 3889 3740 3746
f 3747 3746 3740
f 3743 3890 3752
f 3890 3751 3752
f 3890 3743 3891
f 3879 3891 3743
f 3892 3879 3880
f 3891 3879 3892
f 3887 3888 3893
f 3889 3894 3888
f 3893 3888 3894
f 3889 3746 3894
f 3895 3894 3746
f 3895 3896 3894
f 3753 3896 3746
f 3895 3746 3896
f 3755 3896 3753
f 3751 3897 3760
f 3897 3761 3760
f 3898 3897 3751
f 3890 3898 3751
f 3890 3891 3899
f 3890 3899 3898
f 3755 3900 3896
f 3901 3896 3900
f 3755 3762 3900
f 3762 3902 3900
f 3764 3902 3762
f 3897 3903 3761
f 3903 3767 3761
f 3904 3897 3898
f 3897 3904 3903
f 3905 3900 3902
f 3905 3902 3764
f 3906 3905 3764
f 3768 3906 3764
f 3767 3907 3771
f 3907 3772 3771
f 3767 3903 3908
f 3767 3908 3909
f 3907 3767 3909
f 3910 3905 3906
f 3910 3906 3768
f 3774 3910 3768
f 3907 3911 3772
f 3772 3911 3776
f 3911 3907 3909
f 3774 3912 3910
f 3774 3913 3912
f 3774 3777 3913
f 3915 3780 3914
f 3776 3914 3780
f 3915 3781 3780
f 3776 3911 3916
f 3776 3916 3914
f 3915 3914 3916
f 3912 3913 3917
f 3913 3777 3917
f 3777 3918 3917
f 3782 3918 3777
f 3915 3919 3781
f 3785 3781 3919
f 3917 3918 3920
f 3920 3918 3782
f 3921 3920 3782
f 3786 3921 3782
f 3919 3922 3785
f 3787 3785 3922
f 3923 3920 3921
f 3923 3924 3920
f 3923 3921 3786
f 3923 3786 3789
f 3922 3925 3787
f 3791 3787 3925
f 3926 3924 3923
f 3926 3927 3924
f 3789 3926 3923
f 3789 3793 3926
f 3789 3792 3793
f 3928 3925 3929
f 3925 3928 3791
f 3928 3929 3791
f 3795 3791 3929
f 3930 3927 3926
f 3930 3931 3927
f 3793 3930 3926
f 3793 3796 3930
f 3932 3795 3929
f 3795 3932 3799
f 3932 3800 3799
f 3933 3931 3930
f 3933 3934 3931
f 3933 3930 3935
f 3933 3935 3936
f 3796 3935 3930
f 3796 3936 3935
f 3796 3802 3936
f 3938 3932 3937
f 3938 3800 3932
f 3938 3937 3939
f 3938 3939 3806
f 3938 3806 3800
f 3939 3937 3940
f 3806 3939 3940
f 3941 3934 3933
f 3941 3942 3934
f 3941 3933 3936
f 3941 3936 3943
f 3936 3802 3807
f 3936 3807 3943
f 3806 3940 3944
f 3811 3806 3944
f 3944 3940 3945
f 3944 3945 3811
f 3813 3811 3945
f 3946 3942 3941
f 3943 3946 3941
f 3943 3947 3946
f 3943 3807 3815
f 3943 3815 3947
f 3816 3813 3945
f 3816 3945 3948
f 3818 3816 3948
f 3951 3946 3947
f 3951 3949 3946
f 3951 3952 3949
f 3951 3947 3815
f 3951 3815 3820
f 3951 3820 3952
f 3821 3818 3948
f 3953 3948 3954
f 3953 3821 3948
f 3953 3954 3823
f 3953 3823 3821
f 3954 3955 3823
f 3956 3950 3949
f 3956 3957 3950
f 3952 3956 3949
f 3952 3958 3956
f 3952 3820 3825
f 3952 3825 3958
f 3955 3959 3823
f 3828 3823 3959
f 3828 3959 3960
f 3831 3828 3960
f 3961 3957 3956
f 3961 3962 3957
f 3961 3956 3958
f 3961 3958 3963
f 3958 3825 3832
f 3958 3832 3963
f 3833 3831 3960
f 3833 3960 3964
f 3835 3833 3964
f 3965 3962 3961
f 3965 3961 3963
f 3965 3963 3966
f 3963 3832 3836
f 3837 3966 3836
f 3963 3836 3966
f 3967 3835 3964
f 3835 3967 3839
f 3967 3964 3968
f 3839 3967 3968
f 3970 3969 3965
f 3970 3971 3969
f 3966 3970 3965
f 3837 3970 3966
f 3837 3841 3970
f 3839 3968 3972
f 3845 3839 3972
f 3973 3971 3970
f 3973 3974 3971
f 3973 3970 3847
f 3841 3847 3970
f 3975 3845 3972
f 3976 3845 3975
f 3976 3848 3845
f 3975 3972 3977
f 3976 3975 3977
f 3980 3974 3973
f 3980 3978 3974
f 3980 3849 3978
f 3980 3973 3847
f 3980 3847 3849
f 3848 3976 3850
f 3981 3976 3977
f 3850 3976 3981
f 3984 3979 3978
f 3984 3982 3979
f 3984 3978 3851
f 3984 3851 3982
f 3851 3978 3849
f 3850 3981 3985
f 3853 3850 3985
f 3988 3983 3982
f 3988 3986 3983
f 3988 3855 3986
f 3988 3982 3854
f 3988 3854 3855
f 3851 3854 3982
f 3989 3853 3985
f 3989 3856 3853
f 3989 3985 3990
f 3989 3990 3856
f 3992 3987 3986
f 3992 3862 3987
f 3992 3986 3858
f 3992 3858 3862
f 3855 3858 3986
f 3993 3856 3990
f 3993 3860 3856
f 3990 3994 3993
f 3994 3860 3993
f 3996 3991 3862
f 3996 3873 3991
f 3996 3862 3861
f 3996 3861 3873
f 3994 3997 3860
f 3997 3865 3860
f 3999 3994 3998
f 3999 3997 3994
f 3999 3865 3997
f 3999 3867 3865
f 4000 3998 4001
f 4000 3999 3998
f 4000 3867 3999
f 4000 3869 3867
f 4002 4001 3995
f 4002 4000 4001
f 4002 3869 4000
f 4002 3868 3869
f 3872 3995 3873
f 3872 4002 3995
f 3872 3868 4002
f 4003 3885 4004
f 3876 4004 3885
f 3885 4003 3884
f 4005 4006 4004
f 4003 4004 4006
f 3876 4005 4004
f 4005 4007 4006
f 4005 3876 4007
f 3877 4007 3876
f 4006 4007 4008
f 3877 4008 4007
f 3886 4008 3877
f 4009 4008 3886
f 4009 3886 3887
f 3880 4010 3892
f 3892 4010 3891
f 4011 4012 4010
f 4011 4010 3880
f 4011 3882 4012
f 4011 3880 3882
f 4012 3882 4013
f 3882 4014 4013
f 3883 4014 3882
f 3883 4015 4016
f 3883 4016 4014
f 4013 4014 4016
f 3884 4015 3883
f 3884 4003 4015
f 4009 4017 4008
f 4009 3887 4017
f 3887 4018 4017
f 3887 3893 4018
f 4020 3899 4019
f 3891 4019 3899
f 4020 3898 3899
f 4021 3891 4010
f 3891 4021 4019
f 4020 4019 4021
f 4017 4018 4022
f 4018 3893 4022
f 4022 3893 4023
f 3893 3894 4023
f 4025 3894 4024
f 4023 3894 4025
f 4024 3894 4026
f 3894 3896 4026
f 4024 4026 4027
f 3896 4027 4026
f 4027 3896 3900
f 3901 3900 3896
f 3898 4028 3904
f 4028 3903 3904
f 3898 4020 4029
f 4028 3898 4029
f 4024 4027 4030
f 4027 3900 4030
f 3900 4031 4030
f 3905 4031 3900
f 3903 4032 3908
f 4032 3909 3908
f 4032 3903 4033
f 4028 4033 3903
f 4028 4029 4034
f 4033 4028 4034
f 4030 4031 4035
f 3905 4036 4031
f 4035 4031 4036
f 4035 4036 4037
f 3905 4037 4036
f 3910 4037 3905
f 4032 4039 3909
f 4040 3909 4039
f 4038 3911 4040
f 3909 4040 3911
f 4032 4033 4041
f 4032 4041 4039
f 4040 4039 4041
f 4035 4037 4042
f 3910 4042 4037
f 3910 3912 4042
f 4043 3916 3911
f 4043 3915 3916
f 4038 4040 3911
f 4044 3911 4040
f 4043 3911 4044
f 4045 4042 3912
f 4045 4046 4042
f 4045 3912 3917
f 4043 4047 3915
f 3915 4047 3919
f 4043 4044 4048
f 4043 4048 4047
f 4046 4045 4049
f 3917 4049 4045
f 3917 4050 4049
f 3917 3920 4050
f 4052 3919 4051
f 3922 3919 4052
f 3919 4047 4051
f 4054 4049 4050
f 4054 4053 4049
f 4054 4050 3920
f 4054 3920 3924
f 3922 4052 4055
f 3925 3922 4055
f 4057 4053 4054
f 4057 4056 4053
f 4057 4058 4056
f 4057 4054 3924
f 4057 3924 3927
f 4057 3927 4058
f 3925 4059 3929
f 3925 4055 4060
f 3925 4060 4059
f 3929 4059 4060
f 4058 4061 4056
f 4058 4062 4061
f 4058 3927 3931
f 4058 3931 4062
f 4060 4063 3929
f 4064 3929 4063
f 3932 3929 4063
f 4064 4063 3929
f 4062 4065 4061
f 4062 4066 4065
f 4062 3931 3934
f 4062 3934 4066
f 4063 3937 3932
f 4067 3937 4063
f 3940 3937 4067
f 4066 4068 4065
f 4066 4069 4068
f 4066 3934 3942
f 4066 3942 4069
f 4071 4067 4070
f 4071 3940 4067
f 4071 4070 3945
f 4071 3945 3940
f 4069 4072 4068
f 4069 4073 4072
f 4069 3942 4074
f 4069 4074 4073
f 3946 4074 3942
f 4070 4075 3945
f 3945 4075 4076
f 3945 4076 3948
f 4076 4075 4077
f 3948 4076 4077
f 4073 4078 4072
f 4073 4079 4078
f 4073 4074 3950
f 4073 3950 4079
f 4074 3946 3949
f 4074 3949 3950
f 4077 4080 3948
f 3948 4080 4081
f 3954 3948 4081
f 4080 4082 4081
f 4082 3954 4081
f 3955 3954 4082
f 4079 4083 4078
f 4079 4084 4083
f 4079 3950 3957
f 4079 3957 4084
f 4082 3959 3955
f 4086 4082 4085
f 4086 3959 4082
f 4086 4085 3960
f 4086 3960 3959
f 4088 4083 4084
f 4088 4087 4083
f 4088 4084 3957
f 4088 3957 3962
f 4085 4089 3960
f 3960 4089 4090
f 3960 4090 3964
f 3964 4090 4089
f 4092 4087 4088
f 4092 4091 4087
f 4092 4088 3962
f 4092 3962 4093
f 3965 4093 3962
f 3964 4089 4094
f 3968 3964 4094
f 4095 4091 4092
f 4095 4096 4091
f 4095 4092 4093
f 4095 4093 3971
f 4093 3965 3969
f 4093 3969 3971
f 4097 3968 4094
f 3968 4097 3972
f 4097 4094 4098
f 3972 4097 4098
f 4100 4096 4095
f 4100 4099 4096
f 4100 4101 4099
f 4100 4095 3971
f 4100 3971 3974
f 4100 3974 4101
f 4098 4102 3972
f 3977 3972 4102
f 4104 4103 4099
f 4104 4105 4103
f 4104 4106 4105
f 4104 3979 4106
f 4101 4104 4099
f 4101 3979 4104
f 4101 3974 3978
f 4101 3978 3979
f 4102 4107 3977
f 4108 3977 4107
f 4108 3981 3977
f 4102 4109 4107
f 4110 4107 4109
f 4108 4107 4110
f 4111 4112 4105
f 4111 4113 4112
f 4106 4111 4105
f 4106 3983 4111
f 4106 3979 3982
f 4106 3982 3983
f 3981 4108 3985
f 4110 4114 4108
f 4114 3985 4108
f 4118 4113 4111
f 4118 4117 4113
f 4118 3987 4117
f 4118 4111 3983
f 4118 3983 3986
f 4118 3986 3987
f 4114 4119 3985
f 3985 4119 3990
f 4120 4114 4115
f 4120 4119 4114
f 4120 3990 4119
f 4120 4121 3990
f 4122 4115 4123
f 4122 4120 4115
f 4121 4120 4122
f 4123 4124 4122
f 4125 4126 4127
f 4125 4124 4126
f 4128 4127 4116
f 4128 4125 4127
f 4128 4116 4129
f 4128 4129 3991
f 4128 3991 4125
f 4129 4116 4117
f 4129 4117 3987
f 4129 3987 3862
f 4129 3862 3991
f 3990 4121 3994
f 4121 4122 4130
f 4121 4130 3998
f 4121 3998 3994
f 4130 4122 4124
f 4130 4124 4131
f 4130 4131 4001
f 4130 4001 3998
f 4131 4124 4125
f 4131 4125 4132
f 4131 4132 3995
f 4131 3995 4001
f 4125 3995 4132
f 4125 3991 3873
f 4125 3873 3995
f 4015 4133 4016
f 4016 4133 4013
f 4133 4015 4134
f 4003 4134 4015
f 4134 4003 4135
f 4003 4006 4135
f 4135 4006 4136
f 4006 4008 4136
f 4008 4137 4136
f 4137 4008 4017
f 4010 4138 4021
f 4138 4020 4021
f 4139 4138 4010
f 4012 4140 4010
f 4139 4010 4140
f 4141 4140 4012
f 4139 4140 4142
f 4141 4142 4140
f 4013 4141 4012
f 4144 4013 4143
f 4013 4144 4141
f 4142 4141 4144
f 4013 4133 4143
f 4133 4134 4143
f 4136 4137 4145
f 4137 4017 4145
f 4145 4017 4146
f 4017 4022 4146
f 4022 4147 4146
f 4023 4147 4022
f 4023 4148 4147
f 4148 4023 4024
f 4025 4024 4023
f 4149 4029 4020
f 4138 4150 4020
f 4149 4020 4150
f 4151 4138 4139
f 4138 4151 4150
f 4147 4148 4152
f 4148 4024 4152
f 4152 4024 4153
f 4024 4154 4153
f 4024 4030 4154
f 4156 4034 4155
f 4029 4155 4034
f 4034 4156 4033
f 4149 4150 4029
f 4157 4029 4150
f 4029 4157 4155
f 4156 4155 4157
f 4153 4154 4158
f 4154 4030 4158
f 4158 4030 4159
f 4030 4160 4159
f 4030 4035 4160
f 4161 4041 4033
f 4161 4040 4041
f 4162 4033 4156
f 4161 4033 4162
f 4159 4160 4163
f 4160 4035 4163
f 4035 4164 4163
f 4035 4042 4164
f 4165 4166 4040
f 4044 4040 4166
f 4165 4040 4166
f 4161 4166 4040
f 4166 4161 4162
f 4163 4164 4167
f 4167 4164 4042
f 4167 4042 4046
f 4169 4048 4168
f 4044 4168 4048
f 4169 4047 4048
f 4044 4166 4170
f 4044 4170 4168
f 4171 4168 4170
f 4169 4168 4171
f 4046 4172 4167
f 4046 4173 4172
f 4046 4049 4173
f 4174 4052 4051
f 4169 4175 4047
f 4174 4051 4175
f 4047 4175 4051
f 4169 4171 4175
f 4176 4172 4173
f 4176 4177 4172
f 4176 4173 4049
f 4176 4049 4053
f 4178 4052 4174
f 4055 4052 4178
f 4175 4179 4174
f 4178 4174 4179
f 4180 4177 4176
f 4180 4181 4177
f 4180 4176 4053
f 4180 4053 4056
f 4178 4179 4055
f 4182 4055 4179
f 4060 4055 4182
f 4183 4181 4180
f 4183 4184 4181
f 4183 4180 4056
f 4183 4056 4061
f 4182 4185 4060
f 4186 4060 4185
f 4186 4063 4060
f 4186 4185 4063
f 4187 4184 4183
f 4187 4188 4184
f 4187 4183 4061
f 4187 4061 4065
f 4185 4189 4063
f 4189 4067 4063
f 4185 4190 4189
f 4191 4189 4190
f 4189 4191 4067
f 4192 4067 4191
f 4193 4188 4187
f 4193 4194 4188
f 4193 4195 4194
f 4193 4187 4065
f 4193 4065 4068
f 4193 4068 4195
f 4196 4067 4191
f 4192 4191 4067
f 4196 4070 4067
f 4196 4191 4197
f 4196 4197 4070
f 4198 4070 4197
f 4195 4199 4194
f 4195 4200 4199
f 4195 4068 4072
f 4195 4072 4200
f 4075 4070 4197
f 4198 4197 4070
f 4197 4201 4075
f 4077 4075 4201
f 4200 4202 4199
f 4200 4203 4202
f 4200 4072 4078
f 4200 4078 4203
f 4201 4080 4077
f 4205 4201 4204
f 4205 4080 4201
f 4205 4204 4082
f 4205 4082 4080
f 4203 4206 4202
f 4203 4207 4206
f 4203 4078 4083
f 4203 4083 4207
f 4204 4208 4082
f 4209 4082 4208
f 4209 4085 4082
f 4209 4208 4210
f 4209 4210 4085
f 4211 4085 4210
f 4212 4206 4207
f 4212 4213 4206
f 4212 4214 4213
f 4212 4207 4083
f 4212 4083 4087
f 4212 4087 4214
f 4215 4085 4210
f 4211 4210 4085
f 4215 4089 4085
f 4215 4210 4216
f 4215 4216 4089
f 4214 4217 4213
f 4214 4218 4217
f 4214 4087 4091
f 4214 4091 4218
f 4216 4219 4089
f 4089 4219 4094
f 4218 4220 4217
f 4218 4221 4220
f 4218 4091 4096
f 4218 4096 4221
f 4219 4222 4094
f 4098 4094 4222
f 4221 4223 4220
f 4221 4103 4223
f 4221 4096 4099
f 4221 4099 4103
f 4222 4224 4098
f 4224 4102 4098
f 4225 4224 4222
f 4224 4225 4102
f 4226 4102 4225
f 4228 4227 4223
f 4228 4229 4227
f 4228 4230 4229
f 4228 4105 4230
f 4103 4228 4223
f 4103 4105 4228
f 4231 4102 4225
f 4226 4225 4102
f 4110 4109 4231
f 4102 4231 4109
f 4231 4225 4232
f 4110 4231 4232
f 4112 4229 4230
f 4112 4233 4229
f 4112 4113 4233
f 4112 4230 4105
f 4110 4232 4235
f 4110 4235 4115
f 4110 4115 4114
f 4236 4232 4237
f 4236 4235 4232
f 4236 4115 4235
f 4236 4123 4115
f 4238 4237 4239
f 4238 4236 4237
f 4238 4123 4236
f 4238 4240 4123
f 4241 4239 4242
f 4241 4238 4239
f 4241 4240 4238
f 4241 4127 4240
f 4243 4242 4234
f 4243 4241 4242
f 4243 4127 4241
f 4243 4234 4244
f 4243 4244 4116
f 4243 4116 4127
f 4244 4234 4233
f 4244 4233 4113
f 4244 4113 4117
f 4244 4117 4116
f 4123 4240 4124
f 4240 4127 4126
f 4240 4126 4124
f 4143 4245 4144
f 4245 4142 4144
f 4246 4245 4143
f 4246 4143 4247
f 4134 4247 4143
f 4134 4248 4247
f 4246 4247 4248
f 4134 4135 4248
f 4248 4135 4249
f 4135 4136 4249
f 4136 4250 4249
f 4145 4250 4136
f 4251 4250 4145
f 4251 4145 4252
f 4146 4252 4145
f 4252 4146 4147
f 4139 4253 4151
f 4253 4150 4151
f 4254 4253 4139
f 4142 4255 4139
f 4254 4139 4255
f 4255 4142 4256
f 4245 4256 4142
f 4257 4245 4246
f 4256 4245 4257
f 4251 4258 4250
f 4251 4252 4258
f 4258 4252 4259
f 4252 4147 4259
f 4259 4147 4260
f 4147 4152 4260
f 4152 4153 4260
f 4150 4261 4157
f 4261 4156 4157
f 4261 4150 4262
f 4253 4262 4150
f 4254 4255 4253
f 4263 4253 4255
f 4262 4253 4263
f 4264 4260 4153
f 4158 4264 4153
f 4159 4264 4158
f 4156 4265 4162
f 4266 4267 4156
f 4265 4156 4267
f 4266 4156 4267
f 4261 4267 4156
f 4261 4262 4268
f 4267 4261 4268
f 4269 4264 4159
f 4269 4270 4264
f 4269 4159 4163
f 4269 4163 4270
f 4265 4271 4162
f 4162 4271 4166
f 4265 4267 4272
f 4271 4265 4272
f 4270 4163 4273
f 4163 4274 4273
f 4163 4167 4274
f 4275 4170 4166
f 4275 4171 4170
f 4166 4271 4276
f 4275 4166 4276
f 4277 4273 4274
f 4277 4278 4273
f 4277 4274 4167
f 4277 4167 4172
f 4275 4279 4171
f 4279 4175 4171
f 4278 4277 4280
f 4172 4280 4277
f 4172 4177 4280
f 4279 4281 4175
f 4281 4179 4175
f 4177 4282 4280
f 4177 4181 4282
f 4283 4182 4179
f 4281 4284 4179
f 4283 4179 4284
f 4181 4285 4282
f 4181 4184 4285
f 4286 4182 4283
f 4286 4185 4182
f 4284 4287 4283
f 4286 4283 4287
f 4286 4287 4185
f 4184 4288 4285
f 4184 4188 4288
f 4287 4289 4185
f 4191 4190 4289
f 4185 4289 4190
f 4290 4289 4287
f 4191 4289 4290
f 4291 4288 4292
f 4291 4292 4194
f 4188 4292 4288
f 4188 4194 4292
f 4290 4293 4191
f 4294 4191 4293
f 4294 4293 4295
f 4294 4295 4197
f 4294 4197 4191
f 4296 4291 4194
f 4296 4194 4199
f 4295 4298 4197
f 4197 4298 4201
f 4297 4296 4299
f 4299 4296 4199
f 4299 4199 4202
f 4298 4301 4201
f 4302 4201 4301
f 4302 4204 4201
f 4302 4301 4303
f 4302 4303 4204
f 4300 4299 4304
f 4304 4299 4202
f 4304 4202 4206
f 4208 4204 4303
f 4303 4305 4208
f 4210 4208 4305
f 4306 4304 4206
f 4306 4206 4213
f 4305 4307 4210
f 4308 4210 4307
f 4309 4210 4308
f 4216 4210 4309
f 4310 4306 4213
f 4310 4213 4217
f 4311 4216 4308
f 4309 4308 4216
f 4311 4219 4216
f 4311 4308 4312
f 4311 4312 4219
f 4313 4219 4312
f 4314 4315 4310
f 4314 4316 4315
f 4314 4310 4217
f 4314 4217 4220
f 4314 4220 4316
f 4317 4219 4312
f 4313 4312 4219
f 4317 4222 4219
f 4317 4312 4318
f 4317 4318 4222
f 4316 4319 4315
f 4316 4320 4319
f 4316 4220 4223
f 4316 4223 4320
f 4318 4321 4222
f 4322 4222 4321
f 4225 4222 4322
f 4322 4321 4323
f 4225 4322 4323
f 4320 4324 4319
f 4320 4229 4324
f 4320 4223 4227
f 4320 4227 4229
f 4225 4323 4326
f 4225 4326 4232
f 4327 4323 4328
f 4327 4326 4323
f 4327 4232 4326
f 4327 4237 4232
f 4329 4328 4330
f 4329 4327 4328
f 4329 4237 4327
f 4329 4239 4237
f 4331 4330 4332
f 4331 4329 4330
f 4331 4239 4329
f 4331 4242 4239
f 4333 4332 4325
f 4333 4331 4332
f 4333 4242 4331
f 4333 4234 4242
f 4334 4325 4324
f 4334 4333 4325
f 4334 4234 4333
f 4334 4324 4229
f 4334 4229 4233
f 4334 4233 4234
f 4246 4335 4257
f 4257 4335 4256
f 4335 4246 4336
f 4248 4336 4246
f 4336 4248 4337
f 4248 4249 4337
f 4337 4249 4338
f 4338 4249 4339
f 4249 4250 4339
f 4340 4341 4339
f 4338 4339 4341
f 4250 4340 4339
f 4340 4342 4341
f 4340 4250 4342
f 4258 4342 4250
f 4343 4341 4342
f 4258 4343 4342
f 4259 4343 4258
f 4344 4343 4259
f 4344 4259 4260
f 4255 4345 4263
f 4263 4345 4262
f 4346 4345 4255
f 4346 4255 4347
f 4256 4347 4255
f 4256 4348 4347
f 4346 4347 4348
f 4256 4335 4348
f 4348 4335 4336
f 4344 4349 4343
f 4344 4260 4349
f 4349 4260 4350
f 4260 4351 4350
f 4264 4351 4260
f 4352 4268 4262
f 4268 4352 4267
f 4352 4262 4353
f 4262 4345 4353
f 4354 4345 4346
f 4353 4345 4354
f 4350 4351 4355
f 4355 4351 4264
f 4356 4355 4264
f 4270 4356 4264
f 4358 4272 4357
f 4267 4357 4272
f 4272 4358 4271
f 4359 4267 4352
f 4267 4359 4357
f 4358 4357 4359
f 4356 4360 4355
f 4356 4361 4360
f 4356 4270 4273
f 4356 4273 4361
f 4362 4276 4271
f 4362 4275 4276
f 4363 4271 4358
f 4364 4271 4363
f 4362 4271 4364
f 4365 4360 4361
f 4365 4366 4360
f 4365 4361 4273
f 4365 4273 4278
f 4362 4367 4275
f 4367 4279 4275
f 4362 4364 4367
f 4366 4365 4368
f 4365 4278 4368
f 4278 4369 4368
f 4278 4280 4369
f 4370 4367 4371
f 4370 4371 4281
f 4370 4279 4367
f 4370 4281 4279
f 4368 4369 4372
f 4373 4372 4369
f 4373 4369 4280
f 4373 4280 4282
f 4371 4374 4281
f 4281 4374 4375
f 4284 4281 4375
f 4376 4373 4282
f 4376 4282 4285
f 4374 4377 4375
f 4375 4377 4287
f 4375 4287 4284
f 4378 4376 4285
f 4378 4285 4288
f 4379 4287 4377
f 4379 4290 4287
f 4380 4381 4378
f 4380 4382 4381
f 4380 4378 4288
f 4380 4288 4291
f 4380 4291 4382
f 4379 4293 4290
f 4379 4383 4293
f 4384 4293 4383
f 4385 4293 4384
f 4295 4293 4385
f 4382 4386 4381
f 4382 4297 4386
f 4382 4291 4296
f 4382 4296 4297
f 4387 4295 4384
f 4385 4384 4295
f 4387 4298 4295
f 4387 4384 4388
f 4387 4388 4298
f 4389 4298 4388
f 4297 4390 4386
f 4297 4300 4390
f 4297 4299 4300
f 4301 4298 4388
f 4389 4388 4298
f 4388 4391 4301
f 4391 4303 4301
f 4303 4391 4392
f 4300 4393 4390
f 4300 4394 4393
f 4300 4304 4394
f 4392 4395 4303
f 4303 4395 4396
f 4303 4396 4305
f 4395 4397 4396
f 4397 4305 4396
f 4394 4398 4393
f 4394 4399 4398
f 4394 4304 4306
f 4394 4306 4399
f 4397 4400 4305
f 4308 4307 4400
f 4305 4400 4307
f 4401 4400 4397
f 4308 4400 4401
f 4399 4402 4398
f 4399 4403 4402
f 4399 4306 4310
f 4399 4310 4403
f 4401 4404 4308
f 4405 4308 4404
f 4405 4404 4406
f 4405 4406 4312
f 4405 4312 4308
f 4406 4404 4407
f 4312 4406 4407
f 4310 4402 4403
f 4310 4408 4402
f 4310 4315 4408
f 4407 4410 4312
f 4411 4312 4410
f 4411 4410 4412
f 4411 4412 4321
f 4318 4312 4321
f 4411 4321 4312
f 4410 4413 4412
f 4321 4412 4413
f 4415 4409 4408
f 4415 4416 4409
f 4415 4417 4416
f 4415 4408 4315
f 4415 4315 4319
f 4415 4319 4417
f 4321 4413 4418
f 4321 4418 4323
f 4419 4413 4414
f 4419 4418 4413
f 4419 4323 4418
f 4419 4328 4323
f 4420 4414 4421
f 4420 4419 4414
f 4420 4328 4419
f 4420 4330 4328
f 4422 4421 4423
f 4422 4420 4421
f 4422 4330 4420
f 4422 4332 4330
f 4424 4423 4416
f 4424 4422 4423
f 4424 4332 4422
f 4424 4325 4332
f 4417 4424 4416
f 4417 4325 4424
f 4417 4319 4324
f 4417 4324 4325
f 4425 4348 4426
f 4336 4426 4348
f 4426 4336 4427
f 4336 4337 4427
f 4427 4337 4428
f 4337 4338 4428
f 4430 4338 4429
f 4428 4338 4430
f 4338 4341 4429
f 4429 4341 4431
f 4431 4341 4343
f 4432 4431 4343
f 4432 4343 4433
f 4349 4350 4343
f 4433 4343 4350
f 4346 4435 4354
f 4434 4353 4435
f 4354 4435 4353
f 4436 4435 4346
f 4348 4436 4346
f 4425 4426 4348
f 4437 4348 4426
f 4348 4437 4436
f 4432 4433 4438
f 4433 4350 4438
f 4350 4439 4438
f 4350 4355 4439
f 4352 4440 4359
f 4440 4358 4359
f 4352 4441 4440
f 4353 4441 4352
f 4434 4442 4353
f 4443 4353 4442
f 4441 4353 4443
f 4434 4435 4442
f 4442 4435 4436
f 4444 4438 4439
f 4444 4445 4438
f 4444 4439 4355
f 4444 4355 4360
f 4358 4446 4363
f 4446 4364 4363
f 4358 4440 4447
f 4358 4447 4448
f 4446 4358 4448
f 4445 4444 4449
f 4360 4449 4444
f 4360 4366 4449
f 4446 4450 4364
f 4450 4367 4364
f 4450 4446 4448
f 4451 4449 4366
f 4451 4452 4449
f 4451 4366 4368
f 4450 4453 4367
f 4367 4453 4454
f 4371 4367 4454
f 4452 4451 4455
f 4451 4368 4455
f 4368 4456 4455
f 4373 4456 4372
f 4368 4372 4456
f 4457 4371 4454
f 4374 4371 4457
f 4456 4458 4455
f 4456 4459 4458
f 4456 4373 4376
f 4456 4376 4459
f 4460 4374 4457
f 4377 4374 4460
f 4461 4458 4459
f 4461 4462 4458
f 4461 4378 4462
f 4461 4459 4376
f 4461 4376 4378
f 4377 4460 4463
f 4464 4377 4463
f 4465 4377 4464
f 4379 4377 4465
f 4378 4466 4462
f 4378 4381 4466
f 4467 4379 4464
f 4465 4464 4379
f 4384 4383 4467
f 4379 4467 4383
f 4467 4464 4468
f 4384 4467 4468
f 4469 4470 4466
f 4469 4466 4381
f 4469 4381 4386
f 4468 4471 4384
f 4472 4384 4471
f 4472 4471 4388
f 4472 4388 4384
f 4388 4471 4473
f 4474 4470 4469
f 4474 4475 4470
f 4474 4469 4386
f 4474 4386 4390
f 4388 4473 4476
f 4388 4476 4391
f 4477 4473 4478
f 4477 4476 4473
f 4477 4391 4476
f 4392 4391 4395
f 4477 4395 4391
f 4478 4479 4477
f 4479 4395 4477
f 4479 4480 4395
f 4480 4479 4481
f 4482 4475 4474
f 4482 4483 4475
f 4482 4474 4390
f 4482 4390 4393
f 4395 4480 4397
f 4484 4480 4481
f 4484 4397 4480
f 4484 4481 4485
f 4486 4483 4482
f 4486 4487 4483
f 4486 4482 4393
f 4486 4393 4398
f 4484 4488 4397
f 4404 4397 4488
f 4404 4401 4397
f 4485 4489 4484
f 4489 4488 4484
f 4404 4488 4489
f 4491 4487 4486
f 4491 4492 4487
f 4491 4493 4492
f 4491 4486 4398
f 4491 4398 4402
f 4491 4402 4493
f 4404 4489 4494
f 4404 4494 4410
f 4407 4404 4410
f 4495 4489 4490
f 4495 4494 4489
f 4495 4410 4494
f 4495 4496 4410
f 4497 4490 4498
f 4497 4495 4490
f 4496 4495 4497
f 4500 4497 4498
f 4499 4497 4500
f 4502 4501 4492
f 4493 4502 4492
f 4493 4409 4502
f 4493 4402 4408
f 4493 4408 4409
f 4410 4496 4413
f 4496 4497 4499
f 4496 4499 4414
f 4496 4414 4413
f 4499 4500 4503
f 4499 4503 4421
f 4499 4421 4414
f 4503 4500 4501
f 4503 4501 4504
f 4503 4504 4423
f 4503 4423 4421
f 4504 4501 4502
f 4504 4502 4409
f 4504 4409 4416
f 4504 4416 4423
f 4429 4506 4430
f 4505 4428 4506
f 4430 4506 4428
f 4507 4506 4429
f 4507 4429 4432
f 4431 4432 4429
f 4426 4508 4437
f 4508 4436 4437
f 4509 4508 4426
f 4510 4426 4427
f 4509 4426 4510
f 4512 4427 4511
f 4510 4427 4512
f 4427 4428 4511
f 4505 4506 4428
f 4511 4428 4506
f 4507 4513 4506
f 4514 4506 4513
f 4507 4432 4513
f 4432 4515 4513
f 4432 4438 4515
f 4442 4517 4443
f 4516 4441 4517
f 4443 4517 4441
f 4518 4517 4442
f 4436 4518 4442
f 4519 4518 4436
f 4508 4519 4436
f 4509 4510 4508
f 4520 4508 4510
f 4508 4520 4519
f 4513 4515 4521
f 4522 4521 4515
f 4522 4515 4438
f 4522 4438 4445
f 4440 4523 4447
f 4523 4448 4447
f 4524 4523 4440
f 4441 4524 4440
f 4516 4525 4441
f 4441 4525 4524
f 4516 4517 4525
f 4518 4526 4517
f 4525 4517 4526
f 4527 4518 4519
f 4526 4518 4527
f 4445 4528 4522
f 4445 4529 4528
f 4445 4449 4529
f 4523 4530 4448
f 4448 4530 4450
f 4531 4523 4524
f 4530 4523 4531
f 4528 4529 4532
f 4533 4532 4529
f 4533 4529 4449
f 4452 4533 4449
f 4535 4453 4534
f 4450 4534 4453
f 4535 4454 4453
f 4450 4530 4536
f 4450 4536 4534
f 4535 4534 4536
f 4537 4533 4452
f 4537 4538 4533
f 4537 4539 4538
f 4537 4452 4455
f 4537 4455 4539
f 4535 4540 4454
f 4457 4454 4540
f 4541 4538 4539
f 4541 4539 4455
f 4541 4455 4458
f 4542 4457 4540
f 4542 4460 4457
f 4543 4544 4541
f 4543 4541 4458
f 4543 4458 4462
f 4542 4545 4460
f 4464 4463 4545
f 4460 4545 4463
f 4546 4545 4542
f 4464 4545 4546
f 4548 4544 4543
f 4548 4547 4544
f 4548 4549 4547
f 4548 4543 4462
f 4548 4462 4466
f 4548 4466 4549
f 4546 4550 4464
f 4551 4464 4550
f 4468 4464 4550
f 4551 4550 4464
f 4554 4553 4547
f 4554 4555 4553
f 4466 4547 4549
f 4466 4554 4547
f 4466 4470 4554
f 4550 4556 4468
f 4556 4471 4468
f 4556 4550 4552
f 4556 4552 4557
f 4556 4557 4473
f 4556 4473 4471
f 4558 4552 4559
f 4558 4557 4552
f 4558 4473 4557
f 4558 4478 4473
f 4560 4559 4561
f 4560 4558 4559
f 4478 4558 4560
f 4560 4561 4562
f 4564 4555 4554
f 4564 4563 4555
f 4564 4565 4563
f 4564 4554 4470
f 4564 4470 4475
f 4564 4475 4565
f 4478 4560 4566
f 4478 4566 4479
f 4566 4560 4562
f 4566 4562 4567
f 4566 4567 4481
f 4566 4481 4479
f 4568 4567 4562
f 4481 4567 4569
f 4568 4569 4567
f 4565 4571 4563
f 4565 4573 4571
f 4565 4475 4483
f 4565 4483 4573
f 4568 4574 4569
f 4481 4569 4574
f 4481 4574 4575
f 4485 4481 4575
f 4576 4568 4570
f 4576 4574 4568
f 4576 4575 4574
f 4577 4570 4578
f 4577 4576 4570
f 4579 4578 4572
f 4579 4577 4578
f 4580 4572 4571
f 4580 4579 4572
f 4573 4580 4571
f 4573 4581 4580
f 4573 4483 4487
f 4573 4487 4581
f 4575 4489 4485
f 4576 4582 4575
f 4575 4582 4490
f 4575 4490 4489
f 4582 4576 4577
f 4582 4577 4583
f 4582 4583 4498
f 4582 4498 4490
f 4584 4577 4579
f 4584 4583 4577
f 4584 4498 4583
f 4584 4585 4498
f 4586 4579 4580
f 4586 4584 4579
f 4586 4585 4584
f 4586 4501 4585
f 4581 4586 4580
f 4581 4501 4586
f 4581 4487 4492
f 4581 4492 4501
f 4500 4498 4585
f 4585 4501 4500
f 4511 4587 4512
f 4587 4510 4512
f 4588 4587 4511
f 4506 4588 4511
f 4589 4588 4506
f 4589 4506 4513
f 4514 4513 4506
f 4510 4590 4520
f 4590 4519 4520
f 4591 4592 4510
f 4590 4510 4592
f 4591 4510 4592
f 4587 4592 4510
f 4588 4593 4587
f 4592 4587 4593
f 4594 4588 4589
f 4593 4588 4594
f 4513 4594 4589
f 4513 4595 4594
f 4522 4595 4521
f 4513 4521 4595
f 4519 4596 4527
f 4527 4596 4526
f 4597 4596 4519
f 4590 4597 4519
f 4590 4592 4598
f 4590 4598 4597
f 4599 4594 4595
f 4599 4600 4594
f 4599 4595 4522
f 4599 4522 4528
f 4524 4602 4531
f 4601 4530 4602
f 4531 4602 4530
f 4603 4602 4524
f 4603 4524 4525
f 4603 4525 4604
f 4525 4526 4604
f 4604 4526 4606
f 4605 4606 4526
f 4596 4606 4526
f 4605 4526 4606
f 4597 4607 4596
f 4596 4607 4606
f 4600 4599 4608
f 4609 4608 4599
f 4528 4610 4599
f 4609 4599 4610
f 4609 4610 4611
f 4528 4611 4610
f 4533 4611 4532
f 4528 4532 4611
f 4613 4536 4612
f 4530 4612 4536
f 4613 4535 4536
f 4601 4614 4530
f 4530 4614 4612
f 4613 4612 4614
f 4601 4602 4614
f 4603 4615 4602
f 4614 4602 4615
f 4604 4616 4603
f 4615 4603 4616
f 4617 4604 4606
f 4616 4604 4617
f 4619 4609 4611
f 4618 4609 4620
f 4619 4620 4609
f 4619 4611 4533
f 4619 4533 4538
f 4613 4621 4535
f 4535 4621 4540
f 4622 4620 4619
f 4538 4623 4619
f 4622 4619 4623
f 4541 4623 4538
f 4621 4624 4540
f 4542 4540 4624
f 4625 4626 4622
f 4623 4625 4622
f 4541 4625 4623
f 4541 4544 4625
f 4624 4627 4542
f 4628 4542 4627
f 4628 4546 4542
f 4629 4627 4624
f 4628 4627 4629
f 4631 4632 4633
f 4636 4626 4625
f 4636 4634 4626
f 4636 4553 4634
f 4636 4625 4544
f 4636 4544 4547
f 4636 4547 4553
f 4628 4550 4546
f 4628 4629 4637
f 4628 4637 4552
f 4628 4552 4550
f 4637 4629 4630
f 4637 4630 4638
f 4637 4638 4559
f 4637 4559 4552
f 4639 4630 4631
f 4639 4638 4630
f 4639 4559 4638
f 4639 4561 4559
f 4640 4631 4633
f 4640 4639 4631
f 4640 4561 4639
f 4640 4641 4561
f 4642 4633 4643
f 4642 4640 4633
f 4641 4640 4642
f 4643 4644 4642
f 4647 4635 4634
f 4647 4646 4635
f 4647 4648 4646
f 4647 4555 4648
f 4553 4647 4634
f 4553 4555 4647
f 4561 4641 4562
f 4649 4641 4642
f 4649 4562 4641
f 4649 4642 4650
f 4649 4650 4651
f 4649 4651 4562
f 4652 4642 4644
f 4652 4650 4642
f 4652 4651 4650
f 4652 4653 4651
f 4654 4644 4645
f 4654 4652 4644
f 4653 4652 4654
f 4655 4645 4646
f 4655 4654 4645
f 4648 4655 4646
f 4648 4656 4655
f 4648 4555 4563
f 4648 4563 4656
f 4568 4562 4651
f 4651 4653 4570
f 4651 4570 4568
f 4653 4654 4657
f 4653 4657 4578
f 4653 4578 4570
f 4657 4654 4655
f 4657 4655 4656
f 4657 4656 4572
f 4657 4572 4578
f 4656 4563 4571
f 4656 4571 4572
f 4593 4658 4592
f 4594 4658 4593
f 4659 4598 4592
f 4659 4597 4598
f 4659 4592 4660
f 4592 4658 4660
f 4660 4658 4661
f 4658 4594 4600
f 4658 4600 4661
f 4659 4663 4597
f 4662 4607 4663
f 4597 4663 4607
f 4664 4659 4660
f 4664 4663 4659
f 4665 4660 4661
f 4665 4664 4660
f 4665 4661 4600
f 4665 4600 4666
f 4609 4666 4608
f 4600 4608 4666
f 4615 4667 4614
f 4667 4615 4616
f 4606 4668 4617
f 4617 4668 4616
f 4607 4662 4606
f 4669 4606 4662
f 4668 4606 4669
f 4669 4662 4670
f 4663 4670 4662
f 4671 4663 4664
f 4671 4670 4663
f 4672 4664 4665
f 4672 4671 4664
f 4666 4672 4665
f 4666 4673 4672
f 4618 4620 4609
f 4666 4609 4620
f 4666 4620 4673
f 4674 4613 4614
f 4674 4621 4613
f 4614 4667 4675
f 4614 4675 4674
f 4667 4616 4676
f 4667 4676 4675
f 4616 4668 4677
f 4616 4677 4676
f 4669 4678 4668
f 4668 4678 4677
f 4679 4669 4670
f 4679 4678 4669
f 4671 4680 4670
f 4670 4680 4679
f 4681 4671 4672
f 4681 4680 4671
f 4682 4672 4673
f 4682 4681 4672
f 4682 4683 4681
f 4682 4673 4620
f 4682 4620 4622
f 4682 4622 4683
f 4684 4621 4674
f 4684 4624 4621
f 4674 4675 4685
f 4674 4685 4684
f 4675 4676 4632
f 4675 4632 4685
f 4676 4677 4686
f 4676 4686 4632
f 4678 4687 4677
f 4677 4687 4688
f 4677 4688 4686
f 4689 4678 4679
f 4689 4687 4678
f 4689 4688 4687
f 4690 4679 4680
f 4690 4689 4679
f 4691 4680 4681
f 4691 4690 4680
f 4683 4691 4681
f 4683 4692 4691
f 4683 4622 4626
f 4683 4626 4692
f 4684 4629 4624
f 4684 4685 4630
f 4684 4630 4629
f 4685 4632 4631
f 4685 4631 4630
f 4632 4686 4633
f 4686 4688 4643
f 4686 4643 4633
f 4689 4693 4688
f 4688 4693 4694
f 4688 4694 4643
f 4695 4689 4690
f 4695 4693 4689
f 4695 4694 4693
f 4695 4696 4694
f 4697 4690 4691
f 4697 4695 4690
f 4697 4696 4695
f 4697 4691 4692
f 4697 4692 4635
f 4697 4635 4696
f 4692 4626 4634
f 4692 4634 4635
f 4643 4694 4644
f 4694 4696 4645
f 4694 4645 4644
f 4696 4635 4646
f 4696 4646 4645
