# this file was generated by MTVT
v -0.280000 -0.120000 -0.588284
v -0.240000 -0.120000 -0.581638
v -0.320000 -0.080000 -0.585165
v -0.280000 -0.080000 -0.590612
v -0.240000 -0.080000 -0.582679
v -0.320000 -0.040000 -0.586946
v -0.280000 -0.040000 -0.589140
v -0.314098 -0.000210 -0.591022
v -0.280000 0.000000 -0.586684
v -0.314817 0.040356 -0.592090
v -0.280000 0.040000 -0.586562
v -0.320000 0.080000 -0.582622
v -0.280000 0.080000 -0.582208
v -0.296527 -0.176527 -0.570756
v -0.259675 -0.175288 -0.572104
v -0.335550 -0.135550 -0.566194
v -0.300498 -0.140653 -0.581331
v -0.258977 -0.141455 -0.582683
v -0.225225 -0.140794 -0.571313
v -0.334663 -0.100249 -0.576672
v -0.299304 -0.099584 -0.588049
v -0.261254 -0.099811 -0.587976
v -0.220251 -0.100349 -0.577895
v -0.180000 -0.100000 -0.560033
v -0.340118 -0.059290 -0.578289
v -0.299665 -0.060090 -0.589072
v -0.258424 -0.060364 -0.585751
v -0.224287 -0.059752 -0.572702
v -0.341138 -0.019543 -0.585082
v -0.297897 -0.022786 -0.589541
v -0.259904 -0.020120 -0.581131
v -0.224727 -0.024727 -0.567237
v -0.340792 0.019927 -0.585990
v -0.294094 0.019963 -0.589684
v -0.260219 0.017375 -0.579174
v -0.220000 0.020000 -0.562233
v -0.339330 0.058000 -0.578412
v -0.298388 0.061833 -0.587972
v -0.260357 0.059991 -0.579342
v -0.224975 0.064975 -0.567923
v -0.336300 0.096300 -0.568675
v -0.299804 0.100076 -0.580128
v -0.259754 0.100500 -0.576564
v -0.224269 0.095731 -0.570134
v -0.180000 0.100000 -0.560074
v -0.295686 0.135686 -0.570181
v -0.259794 0.133793 -0.570032
v -0.224738 0.135262 -0.569683
v -0.180000 0.140000 -0.566879
v -0.260000 0.180000 -0.566900
v -0.220000 0.180000 -0.561851
v -0.260000 0.220000 -0.562560
v -0.220000 0.220000 -0.563386
v -0.220000 0.260000 -0.561713
v -0.321399 -0.191792 -0.554796
v -0.279996 -0.199965 -0.560191
v -0.239612 -0.195251 -0.556503
v -0.322624 -0.161050 -0.564967
v -0.280000 -0.160000 -0.579667
v -0.236322 -0.163678 -0.570322
v -0.202077 -0.156063 -0.556907
v -0.356159 -0.120403 -0.556621
v -0.320000 -0.120000 -0.579243
v -0.197413 -0.121143 -0.563757
v -0.163567 -0.116433 -0.550423
v -0.360531 -0.084649 -0.563393
v -0.196455 -0.078336 -0.565902
v -0.164011 -0.084011 -0.549500
v -0.366778 -0.039734 -0.565874
v -0.240000 -0.040000 -0.577682
v -0.201378 -0.043115 -0.557398
v -0.369539 -0.000053 -0.569542
v -0.234998 -0.000095 -0.568435
v -0.206442 0.000102 -0.555870
v -0.365082 0.039679 -0.564432
v -0.234396 0.040361 -0.569426
v -0.202651 0.041246 -0.556145
v -0.359563 0.078047 -0.558595
v -0.240000 0.080000 -0.574823
v -0.199887 0.079671 -0.560318
v -0.163715 0.083715 -0.550557
v -0.354565 0.120773 -0.550723
v -0.324684 0.121199 -0.566489
v -0.280000 0.120000 -0.573551
v -0.235116 0.115116 -0.570836
v -0.200628 0.120618 -0.567421
v -0.159742 0.121794 -0.561137
v -0.120000 0.120000 -0.543642
v -0.360000 0.160000 -0.544270
v -0.320126 0.160431 -0.560494
v -0.279812 0.159362 -0.566401
v -0.240262 0.159368 -0.566617
v -0.200187 0.159336 -0.563764
v -0.162158 0.160430 -0.557605
v -0.120000 0.160000 -0.541141
v -0.353936 0.199943 -0.550379
v -0.320493 0.200095 -0.554038
v -0.281592 0.202585 -0.562047
v -0.240280 0.199868 -0.564029
v -0.200340 0.199979 -0.559814
v -0.163836 0.199876 -0.553784
v -0.355247 0.235247 -0.549282
v -0.318069 0.238223 -0.551726
v -0.280333 0.240322 -0.556719
v -0.242579 0.242344 -0.561816
v -0.198593 0.242586 -0.562172
v -0.160829 0.242658 -0.552266
v -0.360000 0.280000 -0.542019
v -0.315114 0.275114 -0.549687
v -0.280253 0.280839 -0.551415
v -0.240537 0.280571 -0.555948
v -0.199796 0.280323 -0.555710
v -0.159138 0.280120 -0.551615
v -0.120000 0.280000 -0.542890
v -0.320000 0.320000 -0.540182
v -0.280000 0.320000 -0.543416
v -0.238223 0.318095 -0.550931
v -0.200238 0.320486 -0.552557
v -0.165852 0.320044 -0.550940
v -0.240000 0.360000 -0.542998
v -0.195753 0.355753 -0.550525
v -0.160000 0.360000 -0.544101
v -0.337342 -0.217342 -0.530717
v -0.302786 -0.220269 -0.542424
v -0.256509 -0.220638 -0.542880
v -0.221333 -0.217424 -0.534445
v -0.344028 -0.183160 -0.543696
v -0.215974 -0.184026 -0.552200
v -0.181955 -0.177714 -0.537013
v -0.372013 -0.140919 -0.532133
v -0.349492 -0.149492 -0.549492
v -0.174385 -0.138961 -0.549698
v -0.143016 -0.138637 -0.534679
v -0.380002 -0.102179 -0.542158
v -0.139745 -0.099993 -0.538981
v -0.100000 -0.100000 -0.520744
v -0.387629 -0.059704 -0.547005
v -0.174371 -0.060833 -0.549806
v -0.146853 -0.059513 -0.535058
v -0.415022 -0.015022 -0.526348
v -0.388971 -0.019975 -0.548609
v -0.180636 -0.020388 -0.543447
v -0.140000 -0.020000 -0.520753
v -0.420000 0.020000 -0.521470
v -0.388599 0.019890 -0.548223
v -0.180537 0.020313 -0.543453
v -0.140000 0.020000 -0.520739
v -0.386546 0.059712 -0.545720
v -0.174499 0.061059 -0.549322
v -0.142672 0.064386 -0.535897
v -0.379459 0.100695 -0.541007
v -0.136424 0.098923 -0.545096
v -0.103409 0.103409 -0.530732
v -0.380248 0.140046 -0.537492
v -0.344342 0.144342 -0.551396
v -0.134194 0.139829 -0.550347
v -0.106230 0.140143 -0.535411
v -0.380083 0.180903 -0.539202
v -0.344560 0.175440 -0.550932
v -0.300000 0.180000 -0.559867
v -0.180000 0.180000 -0.558224
v -0.136925 0.181814 -0.545555
v -0.105268 0.180412 -0.530557
v -0.380284 0.219960 -0.542789
v -0.340000 0.220000 -0.551966
v -0.300000 0.220000 -0.556308
v -0.180000 0.220000 -0.558220
v -0.139908 0.219882 -0.544860
v -0.104425 0.224425 -0.528038
v -0.379620 0.258716 -0.539477
v -0.339442 0.259461 -0.548586
v -0.300000 0.260000 -0.551915
v -0.260000 0.260000 -0.556444
v -0.180000 0.260000 -0.555485
v -0.132655 0.260281 -0.544928
v -0.104259 0.259783 -0.532536
v -0.376685 0.296685 -0.529110
v -0.341296 0.301102 -0.542703
v -0.302132 0.301274 -0.547800
v -0.263520 0.303520 -0.548329
v -0.220000 0.300000 -0.554588
v -0.180000 0.300000 -0.552943
v -0.139184 0.302360 -0.547985
v -0.107783 0.300264 -0.535022
v -0.336147 0.336147 -0.528657
v -0.298076 0.339506 -0.536448
v -0.259451 0.342332 -0.543668
v -0.219199 0.345707 -0.548878
v -0.175477 0.344523 -0.550499
v -0.139364 0.341355 -0.541876
v -0.105572 0.340824 -0.530804
v -0.258825 0.379146 -0.533906
v -0.221208 0.380370 -0.541396
v -0.178820 0.380291 -0.541666
v -0.141649 0.379495 -0.533071
v -0.100000 0.380000 -0.522678
v -0.220000 0.420000 -0.524428
v -0.180000 0.420000 -0.522947
v 0.200000 -0.360000 -0.500182
v 0.239885 -0.353499 -0.509460
v 0.280000 -0.360000 -0.505884
v 0.320000 -0.360000 -0.500739
v 0.200000 -0.320000 -0.505966
v 0.239666 -0.320495 -0.514518
v 0.280844 -0.320633 -0.514826
v 0.320000 -0.320000 -0.505294
v -0.270162 -0.270162 -0.510162
v -0.244894 -0.275106 -0.506593
v 0.200000 -0.280000 -0.504147
v 0.239509 -0.279707 -0.514390
v 0.281158 -0.279470 -0.513212
v 0.320000 -0.280000 -0.504333
v -0.350705 -0.230705 -0.510705
v -0.317231 -0.238684 -0.519641
v -0.279740 -0.246254 -0.525212
v -0.240424 -0.246286 -0.524761
v -0.203857 -0.237174 -0.515462
v 0.200000 -0.240000 -0.504737
v 0.244435 -0.244435 -0.510457
v 0.280000 -0.240000 -0.506100
v -0.361180 -0.202185 -0.521162
v -0.196642 -0.203358 -0.530543
v -0.163074 -0.196746 -0.514694
v -0.390045 -0.150045 -0.510045
v -0.367668 -0.162362 -0.527476
v -0.156491 -0.163509 -0.531102
v -0.122975 -0.156340 -0.515201
v -0.398985 -0.116215 -0.519123
v -0.113440 -0.119753 -0.524574
v -0.083593 -0.116407 -0.510287
v -0.405768 -0.079565 -0.525517
v -0.117628 -0.075602 -0.524164
v -0.084032 -0.084032 -0.509203
v -0.432589 -0.040181 -0.513763
v -0.406410 -0.039800 -0.532487
v -0.155261 -0.035261 -0.533417
v -0.122380 -0.041378 -0.515193
v -0.431989 0.000099 -0.513100
v -0.404934 0.004934 -0.534279
v -0.151841 -0.000006 -0.526345
v -0.125148 -0.000006 -0.510314
v -0.430577 0.040212 -0.511379
v -0.406049 0.039808 -0.531645
v -0.155131 0.035131 -0.534007
v -0.121808 0.043949 -0.516183
v -0.406119 0.079679 -0.525395
v -0.112126 0.080953 -0.525652
v -0.082807 0.082807 -0.511525
v -0.404631 0.120006 -0.523946
v -0.081300 0.119992 -0.518962
v -0.404407 0.159997 -0.523697
v -0.082223 0.160075 -0.518269
v -0.406678 0.200152 -0.525660
v -0.115131 0.204868 -0.532956
v -0.085901 0.199937 -0.515510
v -0.406514 0.239896 -0.525900
v -0.120000 0.240000 -0.538679
v -0.079524 0.239241 -0.516519
v -0.040000 0.240000 -0.504617
v -0.399215 0.279342 -0.521054
v -0.079846 0.278932 -0.520809
v -0.045542 0.279537 -0.510960
v 0.000000 0.280000 -0.504916
v 0.040000 0.280000 -0.505290
v -0.390064 0.310064 -0.510064
v -0.362124 0.322268 -0.523665
v -0.120000 0.320000 -0.539689
v -0.078491 0.319934 -0.523559
v -0.039333 0.319355 -0.513864
v 0.000052 0.319087 -0.512144
v 0.035772 0.324228 -0.510144
v -0.351981 0.351981 -0.511981
v -0.322367 0.361702 -0.522763
v -0.283979 0.363979 -0.530695
v -0.115777 0.364223 -0.530251
v -0.080382 0.362573 -0.522115
v -0.043047 0.360022 -0.518323
v 0.000087 0.359884 -0.517745
v 0.034777 0.359736 -0.511190
v -0.310519 0.390519 -0.510519
v -0.279695 0.399799 -0.519686
v -0.239478 0.405209 -0.528999
v -0.200354 0.406012 -0.530691
v -0.160354 0.403975 -0.526900
v -0.118887 0.400193 -0.521067
v -0.079938 0.400677 -0.516077
v -0.040311 0.400480 -0.515242
v -0.000277 0.399517 -0.520262
v 0.035946 0.395946 -0.508537
v -0.240793 0.432005 -0.513400
v -0.199142 0.438028 -0.517265
v -0.159425 0.438312 -0.515151
v -0.124092 0.435907 -0.510260
v -0.080000 0.440000 -0.505064
v -0.040463 0.434349 -0.510469
v 0.000465 0.435826 -0.513290
v -0.160000 0.480000 -0.501015
v 0.183729 -0.376271 -0.490014
v 0.219764 -0.380160 -0.500637
v 0.258476 -0.379961 -0.499681
v 0.300031 -0.379591 -0.498771
v 0.338778 -0.378898 -0.492966
v 0.180188 -0.340928 -0.496248
v 0.215039 -0.339633 -0.508320
v 0.264795 -0.344795 -0.511079
v 0.301298 -0.341502 -0.506893
v 0.339473 -0.340149 -0.499002
v 0.375427 -0.335427 -0.488130
v -0.257674 -0.292216 -0.491333
v -0.224240 -0.295760 -0.487326
v 0.140000 -0.300000 -0.483897
v 0.180330 -0.299987 -0.498544
v 0.214358 -0.300226 -0.509203
v 0.260000 -0.300000 -0.517293
v 0.305475 -0.300177 -0.509015
v 0.340137 -0.301474 -0.500388
v 0.375185 -0.304815 -0.488089
v -0.337276 -0.256328 -0.496450
v -0.299478 -0.264542 -0.504611
v -0.260000 -0.260000 -0.518303
v -0.220773 -0.267660 -0.506194
v -0.185636 -0.254483 -0.496685
v 0.140000 -0.260000 -0.483927
v 0.180673 -0.260049 -0.497950
v 0.218578 -0.257386 -0.508910
v 0.264846 -0.255154 -0.511467
v 0.301207 -0.258786 -0.506162
v 0.336179 -0.261146 -0.495748
v -0.373414 -0.221011 -0.493231
v -0.173173 -0.221592 -0.505251
v -0.143591 -0.216409 -0.487422
v 0.100000 -0.220000 -0.483097
v 0.141124 -0.218864 -0.494678
v 0.179801 -0.220307 -0.500128
v 0.220156 -0.219599 -0.503122
v 0.261323 -0.220018 -0.500902
v 0.300840 -0.221222 -0.496029
v 0.335383 -0.224617 -0.487655
v -0.383555 -0.183469 -0.501311
v -0.135062 -0.184599 -0.503527
v -0.103381 -0.176619 -0.487285
v 0.060000 -0.180000 -0.483244
v 0.098448 -0.180751 -0.494538
v 0.140717 -0.179123 -0.495885
v 0.179936 -0.185128 -0.491378
v 0.220000 -0.180000 -0.482751
v 0.260000 -0.180000 -0.480697
v -0.412840 -0.141205 -0.492175
v -0.095882 -0.143695 -0.507151
v -0.062850 -0.138946 -0.495082
v -0.020000 -0.140000 -0.481305
v 0.020000 -0.140000 -0.481972
v 0.060000 -0.140000 -0.482043
v 0.104111 -0.144111 -0.490796
v 0.140000 -0.140000 -0.483822
v -0.422005 -0.102179 -0.500386
v -0.059133 -0.099651 -0.497077
v -0.453268 -0.058149 -0.492646
v -0.424536 -0.064536 -0.514471
v -0.091785 -0.060876 -0.506043
v -0.063050 -0.063050 -0.490934
v -0.456277 -0.019982 -0.496356
v -0.101000 -0.023254 -0.497024
v -0.454400 0.020248 -0.494660
v -0.101151 0.023086 -0.497176
v -0.450960 0.057228 -0.491865
v -0.424656 0.064656 -0.513957
v -0.091748 0.060984 -0.506392
v -0.063047 0.063047 -0.490430
v -0.460000 0.100000 -0.480235
v -0.427320 0.099841 -0.506834
v -0.061784 0.099895 -0.498398
v 0.100000 0.100000 -0.482550
v -0.460000 0.140000 -0.481066
v -0.427290 0.139965 -0.506458
v -0.060004 0.140745 -0.500237
v 0.060000 0.140000 -0.482238
v 0.100000 0.140000 -0.488836
v 0.140000 0.140000 -0.482897
v -0.460000 0.180000 -0.480643
v -0.428320 0.180179 -0.507322
v -0.059696 0.180304 -0.499332
v 0.020000 0.180000 -0.481008
v 0.060000 0.180000 -0.487940
v 0.097642 0.177598 -0.490229
v 0.140000 0.180000 -0.489568
v -0.428040 0.219834 -0.507801
v -0.056815 0.218911 -0.503838
v -0.021484 0.220741 -0.493671
v 0.022018 0.221009 -0.492829
v 0.060674 0.219416 -0.492164
v 0.100000 0.220000 -0.487678
v 0.140000 0.220000 -0.485418
v -0.423190 0.262726 -0.501490
v -0.055592 0.255592 -0.510689
v -0.020370 0.258528 -0.502497
v 0.022426 0.259090 -0.501307
v 0.060840 0.259933 -0.496790
v 0.100000 0.260000 -0.484750
v -0.408086 0.296440 -0.496440
v -0.060000 0.300000 -0.516423
v -0.020717 0.294403 -0.508613
v 0.022544 0.298466 -0.508760
v 0.059907 0.300114 -0.498637
v 0.100000 0.300000 -0.480326
v -0.375909 0.337529 -0.499090
v -0.060000 0.340000 -0.519424
v -0.020000 0.340000 -0.515626
v 0.020000 0.340000 -0.514283
v 0.059587 0.339236 -0.498464
v -0.341326 0.381152 -0.502353
v -0.300000 0.380000 -0.519051
v -0.060000 0.380000 -0.517503
v -0.020000 0.380000 -0.518614
v 0.020000 0.380000 -0.517155
v 0.056207 0.380227 -0.496889
v -0.297692 0.415326 -0.495181
v -0.262214 0.427985 -0.507000
v -0.140000 0.420000 -0.517792
v -0.100222 0.426370 -0.510347
v -0.064778 0.424778 -0.510743
v -0.020000 0.420000 -0.515848
v 0.028448 0.419247 -0.507030
v 0.056093 0.416093 -0.486799
v -0.251484 0.451484 -0.491484
v -0.221345 0.460656 -0.501895
v -0.180156 0.465732 -0.509638
v -0.138767 0.463970 -0.504926
v -0.100596 0.459811 -0.499072
v -0.056601 0.461053 -0.498326
v -0.018724 0.460380 -0.500207
v 0.018839 0.454521 -0.495758
v -0.180244 0.493584 -0.494879
v -0.139667 0.495101 -0.491600
v -0.104953 0.495047 -0.486199
v 0.239911 -0.433852 -0.468045
v 0.279929 -0.433633 -0.467423
v 0.320049 -0.433723 -0.468710
v 0.355056 -0.435056 -0.467538
v 0.163948 -0.397643 -0.475743
v 0.198984 -0.402730 -0.484721
v 0.240062 -0.409071 -0.487470
v 0.279896 -0.407488 -0.485921
v 0.319877 -0.407223 -0.485592
v 0.360274 -0.400163 -0.481379
v 0.396048 -0.396048 -0.470148
v 0.125057 -0.360774 -0.471675
v 0.157852 -0.363568 -0.482485
v 0.364906 -0.359321 -0.488191
v 0.393058 -0.360228 -0.475419
v -0.240630 -0.312901 -0.471708
v -0.204011 -0.315989 -0.466530
v 0.122365 -0.318663 -0.476072
v 0.154864 -0.319788 -0.488776
v 0.360000 -0.320000 -0.494955
v 0.397792 -0.320057 -0.478402
v -0.351584 -0.271584 -0.471584
v -0.317483 -0.277489 -0.479492
v -0.279024 -0.286982 -0.487860
v -0.195936 -0.282876 -0.484954
v -0.162502 -0.277498 -0.472513
v 0.080000 -0.280000 -0.463567
v 0.120626 -0.280127 -0.476502
v 0.154578 -0.279896 -0.488964
v 0.365220 -0.280729 -0.488831
v 0.394273 -0.279790 -0.475928
v -0.390291 -0.230291 -0.470291
v -0.365354 -0.245557 -0.485351
v -0.158316 -0.243349 -0.483558
v -0.124492 -0.235508 -0.466808
v 0.004111 -0.235889 -0.471029
v 0.039628 -0.234522 -0.470683
v 0.079221 -0.238002 -0.475891
v 0.119497 -0.240369 -0.480520
v 0.155537 -0.244463 -0.491711
v 0.320000 -0.240000 -0.497120
v 0.360035 -0.239722 -0.481313
v 0.395895 -0.244105 -0.467421
v -0.395800 -0.196471 -0.475118
v -0.120615 -0.199299 -0.479709
v -0.084901 -0.195099 -0.465772
v -0.035392 -0.195392 -0.468511
v -0.000462 -0.200594 -0.475807
v 0.041178 -0.198936 -0.479055
v 0.079250 -0.200874 -0.484056
v 0.115003 -0.204997 -0.492951
v 0.160000 -0.200000 -0.498200
v 0.204653 -0.195347 -0.492794
v 0.239756 -0.194484 -0.489909
v 0.280039 -0.195492 -0.487913
v 0.323087 -0.197969 -0.482869
v 0.356862 -0.203138 -0.471309
v -0.405315 -0.161639 -0.486244
v -0.080451 -0.167812 -0.487066
v -0.040176 -0.160045 -0.480572
v 0.000044 -0.159954 -0.481992
v 0.040104 -0.160064 -0.484256
v 0.078755 -0.157991 -0.487587
v 0.124985 -0.155015 -0.493039
v 0.163271 -0.157724 -0.483166
v 0.200105 -0.164996 -0.476231
v 0.240063 -0.168005 -0.473913
v 0.280140 -0.167910 -0.474588
v 0.316120 -0.163880 -0.469032
v -0.435951 -0.116728 -0.475181
v -0.036420 -0.120169 -0.486011
v -0.002178 -0.119815 -0.477372
v 0.039479 -0.119433 -0.480248
v 0.080051 -0.119674 -0.480527
v 0.117742 -0.119912 -0.479532
v 0.156636 -0.123364 -0.470242
v -0.445978 -0.078762 -0.486237
v -0.037303 -0.076574 -0.482534
v 0.000043 -0.079135 -0.473058
v 0.040235 -0.079278 -0.476113
v 0.080025 -0.084639 -0.472482
v 0.115215 -0.084785 -0.467786
v -0.470653 -0.040644 -0.474715
v -0.075305 -0.041166 -0.487829
v -0.043620 -0.040798 -0.475198
v 0.000000 -0.040000 -0.462171
v 0.040000 -0.040000 -0.466862
v 0.080000 -0.040000 -0.465415
v -0.473898 0.000006 -0.472359
v -0.080208 -0.000001 -0.480656
v -0.040000 0.000000 -0.462638
v -0.473263 0.040025 -0.472474
v -0.071266 0.040778 -0.486799
v -0.043096 0.043096 -0.470373
v 0.040000 0.040000 -0.460148
v 0.080000 0.040000 -0.464703
v -0.472045 0.080019 -0.472457
v -0.445945 0.079415 -0.491623
v -0.042294 0.079829 -0.477844
v 0.040000 0.080000 -0.462363
v 0.080078 0.080655 -0.478709
v 0.115001 0.078502 -0.472180
v -0.471637 0.120087 -0.472977
v -0.445548 0.120255 -0.490720
v -0.039935 0.122188 -0.479137
v 0.045081 0.119511 -0.470922
v 0.078293 0.120471 -0.484929
v 0.120546 0.118754 -0.482237
v 0.155705 0.124295 -0.466562
v -0.470793 0.160112 -0.472073
v -0.446381 0.160081 -0.491935
v -0.035926 0.160215 -0.482061
v -0.000191 0.163873 -0.473282
v 0.040593 0.160498 -0.477420
v 0.078388 0.158031 -0.489190
v 0.121974 0.158249 -0.489150
v 0.160097 0.160033 -0.479762
v -0.475188 0.195188 -0.465499
v -0.449601 0.199779 -0.489263
v -0.036396 0.196396 -0.489232
v -0.000022 0.199040 -0.484075
v 0.040901 0.194493 -0.489077
v 0.080193 0.200193 -0.489502
v 0.119782 0.199551 -0.489428
v 0.161140 0.199831 -0.483162
v 0.194768 0.200020 -0.471190
v -0.443090 0.242621 -0.480926
v 0.000000 0.240000 -0.495794
v 0.040000 0.240000 -0.497655
v 0.086080 0.239438 -0.489754
v 0.123029 0.239879 -0.480836
v 0.160207 0.238797 -0.479065
v 0.195648 0.235648 -0.469033
v -0.429673 0.276547 -0.476547
v 0.085150 0.279933 -0.488627
v 0.120061 0.280047 -0.480085
v 0.161078 0.274565 -0.471063
v -0.400678 0.322127 -0.481311
v 0.086260 0.319588 -0.484534
v 0.115700 0.315700 -0.469201
v -0.391379 0.357707 -0.473130
v -0.363730 0.363730 -0.493372
v 0.080718 0.360480 -0.479102
v -0.356818 0.397218 -0.479079
v -0.322166 0.407385 -0.487656
v 0.075480 0.400541 -0.475751
v -0.278892 0.439480 -0.479119
v 0.041064 0.442781 -0.483788
v -0.239281 0.476617 -0.476043
v -0.204665 0.484665 -0.494454
v -0.120000 0.480000 -0.495672
v -0.080426 0.486851 -0.485366
v -0.037988 0.481104 -0.479677
v 0.000120 0.477786 -0.477479
v 0.031444 0.471445 -0.471445
v -0.198287 0.513615 -0.473242
v -0.159103 0.521046 -0.479223
v -0.119812 0.517315 -0.477840
v -0.084207 0.515793 -0.466392
v 0.224671 -0.445336 -0.455329
v 0.260009 -0.450911 -0.450802
v 0.299589 -0.451874 -0.452549
v 0.339932 -0.454795 -0.455875
v 0.380316 -0.454100 -0.455661
v 0.410711 -0.450711 -0.450711
v 0.139180 -0.412797 -0.453289
v 0.176945 -0.420510 -0.462922
v 0.215897 -0.424103 -0.472925
v 0.260000 -0.420000 -0.478685
v 0.300000 -0.420000 -0.478197
v 0.340000 -0.420000 -0.476795
v 0.382043 -0.421546 -0.469119
v 0.416748 -0.420266 -0.457864
v 0.101823 -0.376398 -0.457107
v 0.136088 -0.383912 -0.470320
v 0.380000 -0.380000 -0.478781
v 0.421127 -0.377995 -0.458301
v -0.215323 -0.327402 -0.455323
v 0.064613 -0.335387 -0.448005
v 0.100002 -0.339391 -0.464080
v 0.140000 -0.340000 -0.479974
v 0.418970 -0.339373 -0.462038
v -0.336426 -0.288773 -0.456426
v -0.297329 -0.297198 -0.458844
v -0.263497 -0.310846 -0.463497
v -0.175925 -0.302912 -0.465671
v -0.142851 -0.297149 -0.450468
v -0.015653 -0.295654 -0.448570
v 0.019916 -0.294968 -0.451299
v 0.062480 -0.296288 -0.457421
v 0.095667 -0.299492 -0.467181
v 0.421133 -0.303856 -0.458264
v -0.378598 -0.259570 -0.459253
v -0.137604 -0.262968 -0.463385
v -0.098987 -0.254580 -0.450282
v -0.060542 -0.254582 -0.450820
v -0.020427 -0.260374 -0.461050
v 0.019847 -0.260855 -0.462855
v 0.058627 -0.260381 -0.464929
v 0.095852 -0.264148 -0.470192
v 0.380000 -0.260000 -0.478894
v 0.415016 -0.259690 -0.455013
v -0.405410 -0.215086 -0.455086
v -0.100029 -0.219932 -0.459746
v -0.059487 -0.219618 -0.459215
v -0.021060 -0.221809 -0.468124
v 0.020000 -0.220000 -0.473926
v 0.060000 -0.220000 -0.477056
v 0.382599 -0.216478 -0.464823
v -0.416536 -0.177254 -0.458813
v -0.059546 -0.185575 -0.469813
v -0.020000 -0.180000 -0.476034
v 0.020000 -0.180000 -0.479535
v 0.300000 -0.180000 -0.479662
v 0.343863 -0.176387 -0.465076
v 0.376944 -0.183056 -0.450042
v -0.431055 -0.143539 -0.463539
v 0.181140 -0.136907 -0.465762
v 0.217601 -0.139511 -0.457346
v 0.260345 -0.140021 -0.460520
v 0.300454 -0.139276 -0.457215
v 0.337256 -0.142744 -0.451982
v -0.458488 -0.098781 -0.459523
v -0.020000 -0.100000 -0.478674
v 0.020000 -0.100000 -0.477199
v 0.060000 -0.100000 -0.476669
v 0.100000 -0.100000 -0.475873
v 0.142085 -0.098219 -0.462961
v 0.176390 -0.103610 -0.448283
v -0.470278 -0.063746 -0.463746
v -0.016193 -0.056193 -0.469217
v 0.020474 -0.054333 -0.469360
v 0.062381 -0.058587 -0.468410
v 0.100189 -0.058889 -0.461483
v 0.136023 -0.063977 -0.446412
v -0.480666 -0.020000 -0.460000
v -0.055829 -0.015829 -0.470117
v -0.019416 -0.019822 -0.460182
v 0.021493 -0.020345 -0.458855
v 0.062473 -0.020373 -0.462788
v 0.097250 -0.019701 -0.455162
v -0.481792 0.020000 -0.460000
v -0.053812 0.020370 -0.470404
v -0.020519 0.019714 -0.456293
v 0.018891 0.019725 -0.454744
v 0.059898 0.020033 -0.460517
v 0.100112 0.024976 -0.454933
v -0.486346 0.064997 -0.455003
v -0.019645 0.060036 -0.457937
v 0.021424 0.060048 -0.453791
v 0.058358 0.057778 -0.469151
v 0.103564 0.057003 -0.465161
v 0.137211 0.062789 -0.450558
v -0.488637 0.099390 -0.454208
v -0.019745 0.100663 -0.458970
v 0.020373 0.102144 -0.456962
v 0.055091 0.095091 -0.473352
v 0.142164 0.096147 -0.464634
v 0.175579 0.104420 -0.447158
v -0.495965 0.139913 -0.456393
v -0.015318 0.141567 -0.467234
v 0.018827 0.139505 -0.465419
v 0.180804 0.139080 -0.461109
v 0.220000 0.140000 -0.443075
v -0.493797 0.180427 -0.454157
v -0.020000 0.180000 -0.479225
v 0.184385 0.175615 -0.472453
v 0.218107 0.181425 -0.455571
v -0.466198 0.219434 -0.466266
v 0.180000 0.220000 -0.476487
v 0.220668 0.220554 -0.458696
v -0.455568 0.257251 -0.455049
v 0.140000 0.260000 -0.478723
v 0.185202 0.259300 -0.468634
v 0.215119 0.260254 -0.456821
v -0.422859 0.302912 -0.461154
v 0.141182 0.300426 -0.465026
v 0.179860 0.299960 -0.459848
v 0.215679 0.295678 -0.447014
v -0.415560 0.340145 -0.455564
v 0.105622 0.339410 -0.469722
v 0.138952 0.338189 -0.458831
v 0.175705 0.335705 -0.448727
v -0.415137 0.380347 -0.450707
v -0.388705 0.379195 -0.467178
v 0.100118 0.380769 -0.460701
v -0.415239 0.415239 -0.446720
v -0.379756 0.419777 -0.461421
v -0.339647 0.426202 -0.465626
v -0.309664 0.429664 -0.469664
v 0.069409 0.429409 -0.469409
v 0.092708 0.420870 -0.453373
v -0.375425 0.455425 -0.447304
v -0.349901 0.450099 -0.450099
v -0.300550 0.452381 -0.452264
v -0.265211 0.463579 -0.464383
v 0.060439 0.460491 -0.459862
v -0.222014 0.501086 -0.462721
v -0.060574 0.506081 -0.465578
v -0.023030 0.499986 -0.457284
v 0.020450 0.494254 -0.454465
v -0.180381 0.537359 -0.456991
v -0.140000 0.539506 -0.459382
v -0.099584 0.535105 -0.455146
v 0.279546 -0.471007 -0.430642
v 0.319752 -0.475142 -0.435020
v 0.360038 -0.478233 -0.438025
v 0.397821 -0.472116 -0.437821
v 0.162387 -0.437461 -0.440057
v 0.200645 -0.446822 -0.447211
v 0.240000 -0.459910 -0.440000
v 0.400000 -0.440000 -0.458529
v 0.434919 -0.441400 -0.433737
v 0.081910 -0.395186 -0.436245
v 0.117781 -0.407178 -0.447045
v 0.441106 -0.401892 -0.440020
v -0.200000 -0.341327 -0.440000
v -0.200000 -0.360000 -0.423510
v 0.000000 -0.360000 -0.423628
v 0.044216 -0.359069 -0.434175
v 0.075192 -0.359264 -0.448158
v 0.442771 -0.361720 -0.439369
v -0.316203 -0.308967 -0.436203
v -0.278806 -0.318735 -0.439453
v -0.239304 -0.330624 -0.445653
v -0.191305 -0.328695 -0.448695
v -0.158314 -0.321075 -0.442184
v -0.123959 -0.316041 -0.427843
v -0.075183 -0.315183 -0.427289
v -0.040610 -0.315529 -0.432291
v -0.000391 -0.320067 -0.440635
v 0.040770 -0.320636 -0.443887
v 0.080000 -0.320000 -0.457149
v 0.441805 -0.319918 -0.438819
v -0.362894 -0.284743 -0.442368
v -0.119428 -0.282013 -0.443435
v -0.081180 -0.279705 -0.437634
v -0.041227 -0.284611 -0.446123
v 0.000000 -0.280000 -0.458437
v 0.040000 -0.280000 -0.456585
v 0.435962 -0.279702 -0.435685
v -0.399595 -0.241866 -0.441516
v -0.080000 -0.240000 -0.452923
v -0.040000 -0.240000 -0.457706
v 0.409886 -0.230114 -0.449886
v 0.425944 -0.244597 -0.435403
v -0.432835 -0.200844 -0.431726
v 0.401355 -0.197739 -0.440915
v -0.438238 -0.158502 -0.439170
v 0.363433 -0.155741 -0.445238
v 0.396572 -0.163428 -0.426612
v -0.453490 -0.124228 -0.444228
v 0.199380 -0.114448 -0.444320
v 0.240230 -0.115375 -0.448175
v 0.279934 -0.112652 -0.444729
v 0.323475 -0.118208 -0.442921
v 0.357668 -0.122332 -0.432792
v -0.477856 -0.076933 -0.438465
v 0.161197 -0.078955 -0.439811
v 0.199866 -0.085615 -0.429648
v 0.240048 -0.088759 -0.433383
v 0.280114 -0.084427 -0.432545
v 0.315969 -0.084031 -0.428128
v -0.485019 -0.039353 -0.440711
v 0.121133 -0.037036 -0.441001
v -0.488966 0.000191 -0.445432
v 0.000000 0.000000 -0.448678
v 0.040000 0.000000 -0.459955
v 0.080000 0.000000 -0.458419
v 0.113796 0.000006 -0.434253
v -0.490274 0.040187 -0.446079
v 0.000000 0.040000 -0.451402
v 0.123747 0.037650 -0.443588
v -0.496515 0.080000 -0.440000
v 0.000000 0.080000 -0.449204
v 0.163336 0.078120 -0.443348
v 0.198058 0.080233 -0.434001
v 0.235635 0.084365 -0.428999
v -0.509892 0.119064 -0.434586
v 0.000000 0.120000 -0.454637
v 0.200468 0.116521 -0.442640
v 0.238053 0.119600 -0.436799
v 0.280000 0.120000 -0.421202
v -0.515204 0.160180 -0.433800
v 0.204995 0.155004 -0.454133
v 0.239926 0.158952 -0.440874
v 0.280000 0.160000 -0.420842
v -0.507006 0.195963 -0.435963
v -0.489214 0.209214 -0.449214
v 0.246115 0.200043 -0.444326
v 0.275633 0.195633 -0.428451
v -0.479789 0.239430 -0.439658
v 0.240025 0.242300 -0.441828
v -0.446307 0.281801 -0.447601
v 0.200000 0.280000 -0.459091
v 0.234619 0.280402 -0.434662
v -0.436922 0.316998 -0.436680
v 0.160000 0.320000 -0.456740
v 0.203139 0.320906 -0.445151
v 0.230225 0.310225 -0.430225
v -0.433458 0.359968 -0.433618
v 0.123906 0.363906 -0.451759
v 0.159652 0.359874 -0.439134
v 0.199480 0.355300 -0.434811
v -0.432939 0.400056 -0.433822
v -0.400000 0.400000 -0.457421
v 0.120616 0.401068 -0.441086
v 0.155447 0.395447 -0.428353
v -0.436277 0.436277 -0.428715
v -0.404114 0.444424 -0.445608
v -0.360000 0.440000 -0.456936
v -0.323013 0.449075 -0.449082
v 0.083444 0.443444 -0.451367
v 0.111248 0.437725 -0.433133
v -0.396531 0.476531 -0.427483
v -0.359695 0.471373 -0.431664
v -0.276813 0.475682 -0.438537
v -0.243723 0.492937 -0.443723
v 0.044039 0.484039 -0.453601
v 0.078630 0.478684 -0.437837
v -0.231579 0.511579 -0.431579
v -0.213453 0.523824 -0.443824
v -0.070592 0.529408 -0.449408
v -0.040288 0.523068 -0.443017
v -0.004383 0.520045 -0.437056
v 0.040950 0.511901 -0.432635
v -0.195748 0.546022 -0.435748
v -0.160057 0.554202 -0.432655
v -0.120075 0.555529 -0.434534
v -0.083803 0.547519 -0.436197
v 0.299474 -0.491869 -0.410936
v 0.340085 -0.495044 -0.413673
v 0.376514 -0.490564 -0.416514
v 0.148738 -0.451262 -0.411262
v 0.179803 -0.460465 -0.419986
v 0.220430 -0.465609 -0.427082
v 0.255322 -0.473025 -0.424678
v 0.421494 -0.464601 -0.423345
v 0.067588 -0.412412 -0.412412
v 0.099617 -0.420061 -0.420245
v 0.135465 -0.434318 -0.424535
v 0.453128 -0.421351 -0.415771
v -0.217612 -0.371038 -0.412745
v -0.179945 -0.372693 -0.414054
v -0.144337 -0.375663 -0.406963
v -0.060461 -0.374193 -0.410047
v -0.020241 -0.372932 -0.415594
v 0.020764 -0.380175 -0.417055
v 0.057729 -0.388603 -0.426527
v 0.458253 -0.380053 -0.416901
v -0.296296 -0.328867 -0.416296
v -0.261336 -0.339671 -0.421024
v -0.219319 -0.345318 -0.431306
v -0.180638 -0.345989 -0.431317
v -0.137767 -0.341329 -0.421660
v -0.098008 -0.339417 -0.413755
v -0.059622 -0.339858 -0.419497
v -0.021913 -0.340779 -0.427672
v 0.015457 -0.344543 -0.430940
v 0.457539 -0.341690 -0.420501
v -0.374026 -0.295637 -0.415068
v -0.339242 -0.305684 -0.427186
v -0.099790 -0.307395 -0.424529
v -0.060000 -0.300000 -0.435612
v 0.457211 -0.299881 -0.416119
v -0.415959 -0.255051 -0.415980
v -0.389725 -0.269725 -0.429725
v 0.447995 -0.263810 -0.416190
v -0.426719 -0.222224 -0.427669
v 0.424199 -0.216026 -0.422118
v -0.453304 -0.177603 -0.411225
v 0.414236 -0.179091 -0.411960
v -0.459959 -0.138071 -0.418351
v 0.382301 -0.136516 -0.425478
v -0.474679 -0.104962 -0.424962
v 0.220000 -0.100000 -0.438083
v 0.260000 -0.100000 -0.439195
v 0.300000 -0.100000 -0.437764
v 0.342639 -0.097764 -0.423784
v 0.373001 -0.106999 -0.413001
v -0.491791 -0.060719 -0.415113
v 0.147865 -0.052135 -0.427866
v 0.179202 -0.060005 -0.418141
v 0.221130 -0.060075 -0.419276
v 0.260266 -0.060899 -0.423946
v 0.300751 -0.058806 -0.421788
v 0.336256 -0.063744 -0.408151
v -0.495111 -0.018450 -0.419540
v 0.140278 -0.020764 -0.416301
v 0.180000 -0.020000 -0.406523
v 0.221154 -0.022404 -0.411958
v 0.260048 -0.021639 -0.418908
v 0.299864 -0.022272 -0.413537
v -0.497359 0.022503 -0.418607
v 0.139261 0.021046 -0.418519
v 0.179820 0.025927 -0.409912
v 0.221295 0.021791 -0.413693
v 0.260124 0.020105 -0.418210
v 0.296277 0.020211 -0.413863
v -0.504179 0.061053 -0.420257
v 0.149756 0.050244 -0.429756
v 0.179852 0.053842 -0.424331
v 0.219524 0.059061 -0.423512
v 0.260289 0.058588 -0.420444
v 0.294583 0.060267 -0.410862
v -0.506710 0.097473 -0.428988
v 0.220000 0.100000 -0.436398
v 0.263506 0.099030 -0.424354
v 0.294457 0.099510 -0.410052
v -0.524542 0.140000 -0.420000
v 0.264860 0.139915 -0.428289
v 0.291933 0.139979 -0.414414
v -0.519584 0.180000 -0.420000
v 0.264699 0.175301 -0.432842
v 0.294530 0.179888 -0.415494
v -0.503973 0.222858 -0.422395
v 0.265411 0.219188 -0.429786
v 0.291770 0.217997 -0.413675
v -0.487836 0.256393 -0.416393
v -0.469484 0.269484 -0.429484
v 0.259635 0.259488 -0.420135
v -0.459758 0.297852 -0.418581
v 0.245382 0.295170 -0.415170
v -0.453441 0.339903 -0.413705
v 0.225041 0.339575 -0.425210
v -0.454419 0.379902 -0.414723
v 0.140000 0.380000 -0.438265
v 0.179510 0.385211 -0.428654
v 0.219189 0.377043 -0.417250
v -0.454851 0.420206 -0.414632
v 0.142849 0.421622 -0.422088
v 0.180294 0.415118 -0.416521
v 0.210535 0.410535 -0.410535
v -0.452168 0.452168 -0.412168
v -0.423540 0.463173 -0.425736
v -0.335024 0.464976 -0.434873
v -0.309411 0.469411 -0.429411
v 0.108456 0.459173 -0.426907
v 0.132941 0.452941 -0.412941
v -0.380428 0.492114 -0.411376
v -0.339734 0.490553 -0.411193
v -0.300339 0.491975 -0.412907
v -0.260739 0.500405 -0.420026
v 0.061988 0.507614 -0.426394
v 0.094040 0.494263 -0.415508
v -0.218834 0.539336 -0.418757
v -0.060704 0.545921 -0.426225
v -0.019991 0.542505 -0.422221
v 0.020087 0.539948 -0.420283
v 0.055782 0.535782 -0.405909
v -0.180000 0.561518 -0.420000
v -0.140281 0.568413 -0.413704
v -0.104484 0.568014 -0.415516
v 0.320036 -0.508302 -0.393464
v 0.360000 -0.501780 -0.400000
v 0.161974 -0.474019 -0.392594
v 0.202260 -0.478575 -0.399617
v 0.240270 -0.483656 -0.404591
v 0.275909 -0.492003 -0.404091
v 0.402088 -0.483934 -0.404294
v 0.082545 -0.432557 -0.390823
v 0.119934 -0.440070 -0.400019
v 0.445371 -0.446729 -0.399940
v -0.231823 -0.391823 -0.391823
v -0.200152 -0.397394 -0.397440
v -0.159681 -0.393714 -0.394055
v -0.120013 -0.395768 -0.392459
v -0.080190 -0.395565 -0.396468
v -0.039992 -0.400002 -0.399994
v -0.001709 -0.401194 -0.404286
v 0.040495 -0.406049 -0.405239
v 0.462270 -0.400000 -0.400000
v -0.277802 -0.353296 -0.392414
v -0.242071 -0.364435 -0.403725
v -0.160000 -0.360000 -0.419165
v -0.118376 -0.363874 -0.405576
v -0.083748 -0.363748 -0.409648
v -0.040000 -0.360000 -0.417055
v 0.466025 -0.360000 -0.400000
v -0.357543 -0.317292 -0.398881
v -0.319223 -0.325913 -0.407324
v 0.469176 -0.319971 -0.393501
v -0.402702 -0.282372 -0.402749
v 0.461224 -0.280000 -0.400000
v -0.440172 -0.239426 -0.399550
v 0.445166 -0.235954 -0.403342
v -0.450096 -0.198919 -0.405411
v 0.432312 -0.202472 -0.397528
v -0.473180 -0.160775 -0.391707
v 0.409502 -0.156503 -0.403497
v -0.482483 -0.122548 -0.400904
v 0.396939 -0.122235 -0.398174
v -0.490998 -0.084101 -0.404101
v 0.360559 -0.079241 -0.400275
v -0.498483 -0.040000 -0.400000
v 0.164371 -0.035629 -0.410165
v 0.195214 -0.035214 -0.410735
v 0.240000 -0.040000 -0.417086
v 0.280000 -0.040000 -0.418045
v 0.326174 -0.040458 -0.404925
v 0.351207 -0.048793 -0.391207
v -0.500357 0.000000 -0.400000
v 0.164591 0.000113 -0.407314
v 0.200638 0.000339 -0.406905
v 0.240000 0.000000 -0.416577
v 0.280000 0.000000 -0.418602
v 0.319715 -0.000070 -0.405754
v -0.508071 0.044685 -0.395315
v 0.160000 0.040000 -0.415870
v 0.200000 0.040000 -0.415354
v 0.240000 0.040000 -0.418187
v 0.280000 0.040000 -0.415083
v 0.319909 0.042444 -0.401692
v -0.517257 0.082878 -0.396968
v 0.280000 0.080000 -0.414912
v 0.320489 0.080484 -0.397201
v -0.525561 0.119127 -0.404688
v 0.317589 0.123729 -0.398056
v -0.528867 0.161729 -0.402075
v 0.319559 0.162881 -0.403381
v -0.520338 0.200156 -0.400212
v 0.316311 0.200224 -0.396455
v -0.508065 0.235759 -0.395759
v 0.286421 0.242688 -0.405534
v 0.316089 0.236089 -0.387640
v -0.482626 0.282536 -0.401153
v 0.272636 0.277797 -0.391869
v -0.474990 0.320001 -0.394473
v 0.245339 0.319512 -0.406338
v -0.475277 0.359947 -0.394705
v 0.242820 0.363913 -0.400335
v -0.475489 0.400284 -0.394091
v 0.200000 0.400000 -0.418919
v 0.234361 0.401215 -0.394536
v -0.467688 0.435759 -0.395759
v 0.164041 0.441745 -0.402103
v 0.201514 0.430625 -0.394977
v -0.440655 0.480523 -0.400597
v -0.404191 0.493032 -0.404191
v -0.320000 0.480000 -0.419359
v 0.121063 0.481366 -0.401276
v -0.360367 0.512836 -0.392678
v -0.320032 0.513250 -0.394187
v -0.277887 0.519501 -0.397963
v -0.242114 0.528540 -0.407634
v 0.082588 0.522126 -0.404727
v -0.236615 0.556615 -0.388126
v -0.202434 0.563517 -0.404480
v -0.164532 0.572514 -0.404532
v -0.120000 0.578288 -0.400000
v -0.080674 0.568081 -0.409133
v -0.040008 0.563274 -0.403060
v -0.000096 0.565724 -0.405236
v 0.037325 0.556536 -0.396641
v 0.179541 -0.494601 -0.374186
v 0.223300 -0.497693 -0.379832
v 0.260223 -0.503494 -0.383976
v 0.295992 -0.511779 -0.384008
v 0.344583 -0.512951 -0.384583
v 0.379539 -0.501920 -0.380059
v 0.099194 -0.453548 -0.373234
v 0.137118 -0.464816 -0.385170
v 0.428285 -0.468475 -0.380576
v -0.217692 -0.412865 -0.371751
v -0.180051 -0.416585 -0.376487
v -0.140124 -0.416388 -0.376523
v -0.099904 -0.417884 -0.378039
v -0.060131 -0.417143 -0.376966
v -0.023398 -0.422060 -0.380263
v 0.020327 -0.424890 -0.385082
v 0.060244 -0.428231 -0.388995
v 0.459118 -0.419867 -0.379997
v -0.260628 -0.380475 -0.380410
v -0.100000 -0.380000 -0.399015
v 0.467910 -0.381578 -0.381880
v -0.370506 -0.330506 -0.370506
v -0.337492 -0.337711 -0.379169
v -0.299088 -0.346752 -0.387445
v 0.471253 -0.344926 -0.384926
v -0.413231 -0.294029 -0.378426
v -0.383750 -0.312624 -0.383750
v 0.470108 -0.295940 -0.384060
v -0.448566 -0.256588 -0.376588
v -0.429820 -0.269820 -0.389820
v 0.463265 -0.259436 -0.380493
v -0.461323 -0.221296 -0.380579
v 0.450749 -0.223318 -0.376682
v -0.471028 -0.183837 -0.383837
v 0.426873 -0.179630 -0.381951
v -0.494073 -0.140874 -0.371705
v 0.414289 -0.144690 -0.379014
v -0.500418 -0.100310 -0.380039
v 0.386536 -0.097822 -0.388317
v -0.501821 -0.059849 -0.380421
v 0.375414 -0.062218 -0.374177
v -0.504398 -0.019869 -0.381658
v 0.345269 -0.020305 -0.385220
v -0.507136 0.017791 -0.380367
v 0.345641 0.020233 -0.385667
v -0.516755 0.060000 -0.380000
v 0.345393 0.059791 -0.385075
v -0.525859 0.100000 -0.380000
v 0.340278 0.101922 -0.384056
v -0.531913 0.139962 -0.380415
v 0.339841 0.138465 -0.382811
v -0.526103 0.180000 -0.380000
v 0.340160 0.181166 -0.380413
v -0.516235 0.220000 -0.380000
v 0.335105 0.220308 -0.374710
v -0.502242 0.260778 -0.380760
v 0.299834 0.259841 -0.379913
v 0.330281 0.250281 -0.370281
v -0.492347 0.300426 -0.375840
v 0.265188 0.299160 -0.385386
v -0.489181 0.339916 -0.374008
v 0.259766 0.339075 -0.379764
v -0.489035 0.375721 -0.375721
v 0.256334 0.380389 -0.375584
v -0.479888 0.420000 -0.380000
v 0.225481 0.424787 -0.382225
v 0.250596 0.410596 -0.370596
v -0.463347 0.462246 -0.382490
v 0.142451 0.469086 -0.389021
v 0.175465 0.456733 -0.374785
v -0.450907 0.490907 -0.370907
v -0.423329 0.504626 -0.381683
v -0.389504 0.509504 -0.389504
v 0.109251 0.509251 -0.389251
v 0.128498 0.496600 -0.376600
v -0.375733 0.526468 -0.375733
v -0.340268 0.534945 -0.374520
v -0.297043 0.539896 -0.377526
v -0.259157 0.546187 -0.385618
v 0.068650 0.548650 -0.388650
v 0.094702 0.535161 -0.377926
v -0.215909 0.576390 -0.379138
v -0.179795 0.583830 -0.384486
v -0.139923 0.586917 -0.387766
v -0.100079 0.586290 -0.387270
v -0.060065 0.585316 -0.385553
v -0.019905 0.584918 -0.385220
v 0.022855 0.580962 -0.382024
v 0.055932 0.565977 -0.375932
v 0.168738 -0.511262 -0.351262
v 0.199761 -0.516418 -0.356320
v 0.240208 -0.519893 -0.360011
v 0.280135 -0.522925 -0.363323
v 0.322042 -0.526462 -0.363847
v 0.358574 -0.516272 -0.358505
v 0.121858 -0.479086 -0.359055
v 0.156060 -0.493824 -0.363940
v 0.405755 -0.485889 -0.360545
v -0.200480 -0.435756 -0.355170
v -0.159859 -0.434744 -0.354014
v -0.120055 -0.437117 -0.356110
v -0.079972 -0.436450 -0.355253
v -0.040068 -0.435990 -0.354115
v -0.000342 -0.440358 -0.359994
v 0.038931 -0.443610 -0.361880
v 0.075880 -0.452346 -0.364120
v 0.444460 -0.444985 -0.360464
v -0.278024 -0.392968 -0.354324
v -0.243026 -0.405365 -0.365959
v 0.465317 -0.400000 -0.360000
v -0.355873 -0.347169 -0.355873
v -0.319992 -0.359997 -0.359996
v -0.289736 -0.369736 -0.369736
v 0.473322 -0.360798 -0.360459
v -0.398698 -0.316579 -0.357488
v 0.476833 -0.320042 -0.360483
v -0.441116 -0.281344 -0.361809
v 0.474801 -0.281365 -0.359249
v -0.468928 -0.236197 -0.356197
v 0.467205 -0.244959 -0.355041
v -0.481379 -0.200163 -0.359767
v 0.442964 -0.198422 -0.363158
v -0.489517 -0.163299 -0.363299
v 0.426741 -0.164654 -0.355346
v -0.504260 -0.120000 -0.360000
v 0.407696 -0.115361 -0.359463
v -0.510835 -0.080634 -0.354406
v 0.393377 -0.084228 -0.358719
v -0.514945 -0.040093 -0.353632
v 0.367316 -0.037430 -0.368586
v -0.515555 -0.000025 -0.354169
v 0.363218 -0.000054 -0.363436
v -0.517577 0.041395 -0.359396
v 0.363828 0.040009 -0.364462
v -0.525493 0.080378 -0.359457
v 0.362444 0.079963 -0.362919
v -0.530128 0.120127 -0.359874
v 0.363183 0.121229 -0.360821
v -0.528240 0.161705 -0.358097
v 0.358781 0.160116 -0.360958
v -0.521118 0.200886 -0.358208
v 0.354724 0.200401 -0.353169
v -0.512632 0.239474 -0.357660
v 0.345429 0.235022 -0.355022
v -0.500817 0.280000 -0.360000
v 0.288647 0.288647 -0.368647
v 0.315209 0.278656 -0.355426
v -0.494958 0.320000 -0.360000
v 0.281568 0.321674 -0.361457
v -0.495212 0.360000 -0.360000
v 0.275029 0.360361 -0.353556
v -0.489926 0.399365 -0.365961
v 0.265510 0.395130 -0.355130
v -0.482966 0.439950 -0.359839
v 0.202194 0.444296 -0.363937
v 0.236386 0.428717 -0.356386
v -0.466362 0.475438 -0.355438
v 0.159919 0.479912 -0.359884
v -0.432783 0.514693 -0.358509
v -0.399412 0.526397 -0.367138
v 0.120577 0.521089 -0.361290
v -0.355467 0.546629 -0.355467
v -0.320345 0.556160 -0.355900
v -0.283403 0.562774 -0.362643
v -0.249475 0.569474 -0.369475
v 0.078484 0.559890 -0.358103
v -0.240955 0.592706 -0.351857
v -0.199833 0.599970 -0.359949
v -0.159752 0.606206 -0.365942
v -0.120069 0.607878 -0.367578
v -0.080232 0.604696 -0.365068
v -0.040794 0.598785 -0.360170
v -0.001977 0.600674 -0.360080
v 0.036404 0.589123 -0.356404
v 0.179443 -0.532584 -0.331901
v 0.219925 -0.537458 -0.336961
v 0.261111 -0.537903 -0.339856
v 0.298539 -0.540715 -0.339996
v 0.336394 -0.530798 -0.336393
v 0.101658 -0.493642 -0.334244
v 0.136938 -0.504441 -0.344244
v 0.381245 -0.501218 -0.336630
v -0.220099 -0.453474 -0.327777
v -0.180065 -0.452299 -0.330940
v -0.139733 -0.448680 -0.333765
v -0.100000 -0.444503 -0.340000
v -0.060000 -0.443425 -0.340000
v -0.020000 -0.445274 -0.340000
v 0.019084 -0.451190 -0.334774
v 0.059003 -0.460930 -0.340495
v 0.090151 -0.469849 -0.349849
v 0.420323 -0.460507 -0.338824
v -0.297470 -0.417470 -0.332081
v -0.262539 -0.421039 -0.342521
v -0.224245 -0.434187 -0.344245
v 0.455262 -0.417110 -0.341541
v -0.337406 -0.375463 -0.336036
v -0.298959 -0.388415 -0.346810
v 0.468714 -0.385149 -0.340388
v -0.379631 -0.339808 -0.339613
v 0.477395 -0.340000 -0.340000
v -0.451667 -0.291667 -0.331667
v -0.425204 -0.304565 -0.342895
v 0.478546 -0.300000 -0.340000
v -0.465015 -0.263260 -0.343676
v 0.474976 -0.260000 -0.340000
v -0.488216 -0.215911 -0.335911
v 0.461586 -0.219994 -0.340521
v -0.496863 -0.176707 -0.338195
v 0.440314 -0.180000 -0.340000
v -0.507218 -0.139378 -0.344134
v 0.417011 -0.140060 -0.338117
v -0.511046 -0.104497 -0.344496
v 0.404325 -0.100000 -0.340000
v -0.521430 -0.060000 -0.340000
v 0.388374 -0.056973 -0.343027
v -0.531422 -0.020049 -0.330782
v 0.381386 -0.020196 -0.339475
v -0.526897 0.015148 -0.335148
v 0.381643 0.022118 -0.339594
v -0.526388 0.060000 -0.340000
v 0.376629 0.060373 -0.340972
v -0.529731 0.104828 -0.344828
v 0.375322 0.100009 -0.340906
v -0.528581 0.140000 -0.340000
v 0.374943 0.140229 -0.332579
v -0.523918 0.180000 -0.340000
v 0.369832 0.180721 -0.334145
v -0.516182 0.220000 -0.340000
v 0.357859 0.220000 -0.340000
v -0.506602 0.260959 -0.338080
v 0.341769 0.260444 -0.340293
v -0.500321 0.299972 -0.340326
v 0.306907 0.301999 -0.346621
v -0.500615 0.340043 -0.340334
v 0.299729 0.339735 -0.340059
v -0.500558 0.381203 -0.340257
v 0.279503 0.380000 -0.340000
v -0.497405 0.419421 -0.337382
v 0.253792 0.413532 -0.340263
v -0.485926 0.455183 -0.335183
v 0.187132 0.466788 -0.339426
v 0.215348 0.446898 -0.335348
v -0.457943 0.499590 -0.338122
v 0.146032 0.506180 -0.342955
v 0.170272 0.490272 -0.330272
v -0.414233 0.536195 -0.338514
v -0.379459 0.545767 -0.346555
v 0.107450 0.546961 -0.339060
v 0.131217 0.531217 -0.331217
v -0.340439 0.571973 -0.331762
v -0.298418 0.578483 -0.339859
v -0.262051 0.586511 -0.346947
v 0.059674 0.582707 -0.340311
v -0.220816 0.614506 -0.332090
v -0.183744 0.623603 -0.340824
v -0.139911 0.629355 -0.349153
v -0.100440 0.626035 -0.346591
v -0.061887 0.618182 -0.338419
v -0.019310 0.610203 -0.334251
v 0.020000 0.602338 -0.340000
v 0.199757 -0.552786 -0.311085
v 0.240100 -0.552269 -0.315662
v 0.280970 -0.551476 -0.314550
v 0.084571 -0.515429 -0.305496
v 0.118499 -0.521093 -0.319936
v 0.157325 -0.528947 -0.328946
v 0.320000 -0.539980 -0.320000
v 0.355393 -0.516319 -0.319855
v -0.240491 -0.471146 -0.312287
v -0.204615 -0.475385 -0.307963
v -0.160000 -0.480000 -0.301917
v 0.042251 -0.472557 -0.311816
v 0.077685 -0.485570 -0.325574
v 0.397260 -0.477131 -0.322575
v -0.360000 -0.440000 -0.301674
v -0.320780 -0.435013 -0.311455
v -0.282617 -0.440991 -0.322808
v -0.244312 -0.444312 -0.332918
v -0.200000 -0.459329 -0.320000
v -0.160000 -0.459105 -0.320000
v -0.115147 -0.452158 -0.324853
v -0.080121 -0.450068 -0.325692
v -0.039818 -0.448978 -0.325507
v -0.004666 -0.450827 -0.324666
v 0.436475 -0.436059 -0.323250
v -0.400000 -0.400000 -0.301225
v -0.361015 -0.398634 -0.315622
v -0.323479 -0.401917 -0.323511
v 0.459701 -0.400000 -0.320000
v -0.397406 -0.356807 -0.316061
v -0.362487 -0.362487 -0.330084
v 0.474275 -0.361547 -0.319324
v -0.434133 -0.315218 -0.313532
v -0.407506 -0.327506 -0.327506
v 0.478579 -0.320053 -0.319996
v -0.468267 -0.275925 -0.315925
v 0.477932 -0.279898 -0.320043
v -0.482730 -0.241879 -0.322357
v 0.472477 -0.240881 -0.317753
v -0.501516 -0.200000 -0.320000
v 0.453689 -0.195254 -0.324746
v -0.514006 -0.158471 -0.315873
v 0.436403 -0.161427 -0.316408
v -0.520216 -0.120167 -0.320016
v 0.410297 -0.116023 -0.323977
v -0.524166 -0.081045 -0.322840
v 0.403053 -0.077761 -0.320187
v -0.534466 -0.044813 -0.324813
v 0.396932 -0.040998 -0.318581
v -0.546131 -0.004613 -0.315387
v 0.396013 0.000068 -0.315515
v -0.530609 0.039985 -0.325887
v 0.395503 0.040047 -0.314619
v -0.530303 0.080133 -0.326091
v 0.393232 0.080459 -0.312397
v -0.528647 0.121988 -0.322061
v 0.383856 0.120000 -0.320000
v -0.524851 0.159361 -0.320072
v 0.379699 0.160000 -0.320000
v -0.517292 0.197749 -0.319626
v 0.369803 0.203704 -0.323704
v -0.510745 0.236041 -0.323959
v 0.358321 0.238348 -0.318677
v -0.502896 0.280000 -0.320000
v 0.329757 0.289757 -0.329757
v 0.347590 0.276185 -0.316185
v -0.501869 0.320000 -0.320000
v 0.317820 0.318586 -0.318850
v -0.505855 0.360000 -0.320000
v 0.292657 0.364353 -0.324353
v -0.504575 0.400000 -0.320000
v 0.272069 0.390897 -0.320042
v -0.496746 0.440000 -0.320000
v 0.231795 0.432569 -0.319941
v -0.478578 0.479261 -0.318864
v 0.191249 0.471040 -0.317159
v -0.441921 0.525400 -0.323608
v 0.152847 0.512495 -0.317764
v -0.397747 0.558809 -0.318732
v -0.362812 0.569308 -0.329426
v 0.084278 0.573176 -0.324278
v 0.112321 0.553322 -0.317909
v -0.350323 0.590322 -0.310323
v -0.319972 0.588998 -0.314081
v -0.276892 0.596370 -0.317135
v -0.243536 0.610018 -0.323536
v -0.040000 0.617065 -0.320000
v 0.005493 0.609076 -0.319946
v 0.037628 0.596401 -0.318835
v -0.201594 0.633097 -0.315798
v -0.162505 0.643616 -0.320929
v -0.117952 0.643601 -0.321408
v -0.084564 0.632895 -0.321337
v 0.220000 -0.562086 -0.300000
v 0.102104 -0.539553 -0.297797
v 0.140548 -0.547793 -0.307353
v 0.175085 -0.554312 -0.304915
v 0.260000 -0.558103 -0.300000
v 0.307671 -0.545658 -0.300063
v 0.334437 -0.529709 -0.299775
v -0.300000 -0.500000 -0.280135
v -0.260413 -0.491781 -0.294107
v -0.220132 -0.495817 -0.296928
v -0.179740 -0.493186 -0.295146
v -0.144698 -0.495302 -0.286637
v 0.020000 -0.500000 -0.282396
v 0.060702 -0.499290 -0.299697
v 0.372988 -0.492784 -0.301969
v -0.381131 -0.454792 -0.291167
v -0.340298 -0.459709 -0.295371
v -0.299402 -0.459634 -0.299906
v -0.263688 -0.463688 -0.311724
v -0.180187 -0.468987 -0.308987
v -0.140319 -0.466263 -0.307119
v -0.099982 -0.462289 -0.302923
v -0.060091 -0.461598 -0.302017
v -0.021176 -0.460178 -0.298791
v 0.020523 -0.463735 -0.305008
v 0.394144 -0.464233 -0.295767
v 0.411516 -0.451516 -0.308484
v -0.416367 -0.416367 -0.290470
v -0.382584 -0.422836 -0.302852
v -0.343991 -0.423991 -0.310392
v 0.429305 -0.429102 -0.297270
v 0.450398 -0.410398 -0.309602
v -0.419390 -0.377098 -0.297884
v -0.384198 -0.384198 -0.311598
v 0.463029 -0.381799 -0.296468
v -0.425289 -0.338973 -0.305416
v 0.476692 -0.340000 -0.300000
v -0.456581 -0.298514 -0.296876
v 0.478249 -0.300000 -0.300000
v -0.479531 -0.260000 -0.300000
v 0.477493 -0.260000 -0.300000
v -0.502158 -0.221326 -0.301877
v 0.467265 -0.215596 -0.299344
v -0.512856 -0.184852 -0.304852
v 0.455606 -0.183493 -0.298764
v -0.529154 -0.135879 -0.295879
v 0.427214 -0.137448 -0.302552
v -0.533904 -0.100295 -0.291627
v 0.416856 -0.103157 -0.298166
v -0.544427 -0.063707 -0.302281
v 0.414626 -0.059924 -0.294387
v -0.554385 -0.024941 -0.304941
v 0.414345 -0.020136 -0.294783
v -0.548479 0.019435 -0.309187
v 0.413591 0.020177 -0.294321
v -0.542820 0.060853 -0.301684
v 0.412339 0.060177 -0.292787
v -0.537162 0.097498 -0.297733
v 0.392877 0.104639 -0.304639
v -0.527671 0.140000 -0.300000
v 0.388453 0.139696 -0.304884
v -0.519012 0.180000 -0.300000
v 0.382635 0.179780 -0.303985
v -0.509052 0.225733 -0.300667
v 0.378337 0.217282 -0.299151
v -0.504102 0.259575 -0.300375
v 0.360496 0.260000 -0.300000
v -0.501260 0.299974 -0.300024
v 0.340961 0.301035 -0.301338
v -0.505833 0.340609 -0.299868
v 0.312447 0.343767 -0.303767
v 0.330015 0.330015 -0.290015
v -0.508002 0.377911 -0.301794
v 0.293995 0.373084 -0.300500
v -0.506148 0.419640 -0.303802
v 0.229329 0.429329 -0.290671
v 0.251457 0.411373 -0.299505
v -0.498124 0.458019 -0.298586
v 0.210740 0.450717 -0.300023
v -0.470926 0.503368 -0.303368
v 0.172787 0.492350 -0.300214
v -0.455233 0.538111 -0.295485
v -0.428823 0.548823 -0.308823
v 0.135203 0.535220 -0.300229
v -0.418029 0.572548 -0.293470
v -0.382836 0.584151 -0.304365
v -0.340000 0.597351 -0.300000
v -0.300000 0.596908 -0.300000
v 0.068213 0.585975 -0.299904
v 0.095033 0.570882 -0.300586
v -0.254733 0.610971 -0.300950
v -0.227503 0.625320 -0.299550
v -0.058927 0.624567 -0.300509
v -0.021413 0.611720 -0.302221
v 0.020000 0.605088 -0.300000
v -0.180000 0.646150 -0.300000
v -0.140000 0.647785 -0.300000
v -0.100000 0.640179 -0.300000
v -0.275195 -0.555195 -0.266438
v -0.239793 -0.553943 -0.269384
v -0.200000 -0.560000 -0.261282
v 0.000000 -0.560000 -0.260942
v 0.040000 -0.560000 -0.262976
v 0.083112 -0.559190 -0.277612
v 0.120447 -0.564712 -0.284539
v 0.160011 -0.566563 -0.287331
v 0.200203 -0.569609 -0.285417
v 0.243879 -0.563559 -0.283544
v 0.279451 -0.554073 -0.282057
v -0.351674 -0.511674 -0.271674
v -0.320053 -0.514715 -0.270278
v -0.277920 -0.519104 -0.278905
v -0.239439 -0.520019 -0.284435
v -0.200423 -0.519484 -0.283894
v -0.162950 -0.519474 -0.278504
v -0.124232 -0.515768 -0.267617
v -0.080000 -0.520000 -0.263564
v -0.035933 -0.515933 -0.269373
v -0.000495 -0.518753 -0.276137
v 0.040720 -0.519320 -0.277203
v 0.071441 -0.528559 -0.288559
v 0.328433 -0.528416 -0.277595
v 0.350706 -0.510706 -0.289294
v -0.395853 -0.477453 -0.275818
v -0.361464 -0.482666 -0.284319
v -0.319739 -0.486916 -0.285004
v -0.284323 -0.484323 -0.292855
v -0.120242 -0.485296 -0.284781
v -0.080011 -0.484516 -0.284248
v -0.040028 -0.482365 -0.281773
v 0.000269 -0.483140 -0.285933
v 0.030987 -0.489013 -0.289013
v 0.367113 -0.488005 -0.281075
v -0.434589 -0.440664 -0.276085
v -0.405405 -0.439045 -0.289215
v 0.402400 -0.442387 -0.278341
v -0.439358 -0.400322 -0.281445
v 0.444272 -0.401328 -0.276021
v -0.443772 -0.359828 -0.283767
v 0.469811 -0.355963 -0.284037
v -0.449254 -0.323053 -0.283053
v 0.474872 -0.320573 -0.279148
v -0.475040 -0.277069 -0.276306
v 0.478042 -0.280068 -0.279901
v -0.492875 -0.244203 -0.284203
v 0.474268 -0.239007 -0.280193
v -0.517958 -0.199851 -0.280319
v 0.465440 -0.200000 -0.280000
v -0.528452 -0.159033 -0.284778
v 0.448788 -0.157155 -0.282845
v -0.538449 -0.120000 -0.280000
v 0.434681 -0.124136 -0.277421
v -0.550666 -0.081323 -0.274813
v 0.434159 -0.080248 -0.274153
v -0.563555 -0.043322 -0.282437
v 0.438681 -0.038238 -0.275630
v -0.566321 -0.000127 -0.287863
v 0.440412 -0.000127 -0.278240
v -0.561529 0.039780 -0.279523
v 0.439313 0.039121 -0.277874
v -0.550298 0.076282 -0.276282
v 0.408976 0.088976 -0.288976
v 0.432578 0.080886 -0.273368
v -0.531260 0.124869 -0.284869
v 0.402302 0.119825 -0.282762
v -0.522624 0.161044 -0.279750
v 0.401340 0.160092 -0.279123
v -0.512227 0.198921 -0.282049
v 0.396483 0.198359 -0.279677
v -0.503852 0.240000 -0.280000
v 0.368496 0.248496 -0.288496
v 0.386126 0.235880 -0.275880
v -0.501114 0.280000 -0.280000
v 0.356421 0.277855 -0.278908
v -0.503348 0.320000 -0.280000
v 0.337598 0.320000 -0.280000
v -0.510425 0.363850 -0.276150
v 0.316906 0.356435 -0.277050
v -0.514883 0.400234 -0.279682
v 0.244475 0.412802 -0.275525
v 0.271730 0.392675 -0.279927
v -0.514568 0.438597 -0.276995
v 0.217616 0.440000 -0.280000
v -0.493446 0.484428 -0.284428
v 0.191897 0.471345 -0.280029
v -0.478666 0.518955 -0.279277
v 0.155750 0.515433 -0.280130
v -0.470068 0.550068 -0.270068
v -0.441835 0.565698 -0.285289
v 0.114631 0.555003 -0.280072
v -0.431426 0.591426 -0.271426
v -0.400978 0.600587 -0.280188
v -0.359923 0.605811 -0.286868
v -0.320029 0.605527 -0.287014
v -0.278742 0.608451 -0.285006
v -0.035767 0.611036 -0.275767
v -0.000411 0.603736 -0.278517
v 0.038315 0.596965 -0.279801
v 0.080000 0.582391 -0.280000
v -0.240000 0.622950 -0.280000
v -0.200550 0.642164 -0.281860
v -0.160100 0.647736 -0.280100
v -0.118771 0.643446 -0.280162
v -0.084909 0.631731 -0.279628
v -0.295937 -0.575937 -0.248393
v -0.260154 -0.576491 -0.257307
v -0.219797 -0.573642 -0.255262
v -0.179424 -0.574240 -0.250350
v -0.060000 -0.580000 -0.242678
v -0.020715 -0.574428 -0.250606
v 0.019773 -0.573905 -0.256087
v 0.059818 -0.579645 -0.261157
v 0.100115 -0.585478 -0.264675
v 0.140020 -0.583565 -0.264006
v 0.183463 -0.582195 -0.261062
v 0.221382 -0.574062 -0.260697
v 0.260000 -0.560571 -0.260000
v -0.340754 -0.533758 -0.254253
v -0.299855 -0.539751 -0.260529
v -0.260000 -0.540000 -0.275274
v -0.215497 -0.544502 -0.272185
v -0.180332 -0.546821 -0.265241
v -0.140379 -0.540432 -0.258050
v -0.098199 -0.536684 -0.254899
v -0.058079 -0.539477 -0.257460
v -0.020847 -0.543020 -0.263753
v 0.019908 -0.544619 -0.267636
v 0.055095 -0.544905 -0.273896
v 0.300871 -0.542056 -0.258444
v -0.417690 -0.495090 -0.255672
v -0.379355 -0.506487 -0.265563
v -0.340000 -0.500000 -0.277250
v -0.100138 -0.505235 -0.269677
v -0.059667 -0.505812 -0.270575
v -0.020000 -0.500000 -0.278811
v 0.343612 -0.501288 -0.257860
v -0.453724 -0.461220 -0.254081
v -0.423956 -0.463956 -0.271403
v 0.379775 -0.458697 -0.261796
v -0.460331 -0.424007 -0.262985
v 0.418931 -0.419453 -0.262122
v -0.464250 -0.379964 -0.264040
v 0.455340 -0.372722 -0.259308
v -0.464109 -0.339835 -0.264341
v 0.467022 -0.341410 -0.258936
v -0.470044 -0.303155 -0.263155
v 0.474230 -0.300000 -0.260000
v -0.496222 -0.257495 -0.258193
v 0.476761 -0.260000 -0.260000
v -0.531274 -0.211274 -0.251274
v -0.514207 -0.224436 -0.264436
v 0.469151 -0.214270 -0.259985
v -0.539998 -0.180011 -0.260008
v 0.462467 -0.178188 -0.261839
v -0.543916 -0.139846 -0.265676
v 0.453581 -0.141534 -0.259252
v -0.549162 -0.103448 -0.263448
v 0.453086 -0.100061 -0.252376
v -0.564619 -0.060000 -0.260000
v 0.459841 -0.057307 -0.257893
v -0.576304 -0.020613 -0.261067
v 0.464323 -0.019866 -0.263550
v -0.576940 0.019236 -0.259804
v 0.465384 0.019928 -0.264491
v -0.560770 0.060000 -0.260000
v 0.459965 0.060083 -0.260225
v -0.543141 0.102385 -0.260670
v 0.427506 0.102184 -0.267100
v 0.451385 0.091385 -0.251385
v -0.530905 0.138217 -0.258086
v 0.418612 0.138551 -0.260363
v -0.520517 0.180000 -0.260000
v 0.415342 0.180202 -0.254689
v -0.507043 0.221562 -0.260805
v 0.411735 0.217239 -0.250805
v -0.502042 0.259855 -0.259281
v 0.374453 0.253786 -0.260627
v -0.502959 0.298820 -0.259886
v 0.348495 0.305084 -0.259323
v -0.509004 0.340640 -0.265314
v 0.337057 0.338504 -0.256513
v -0.522380 0.380000 -0.260000
v 0.260000 0.398970 -0.260000
v 0.299322 0.377387 -0.255839
v -0.529052 0.415880 -0.255880
v 0.226629 0.427383 -0.259950
v -0.513087 0.464487 -0.264486
v 0.208594 0.454118 -0.260094
v -0.498640 0.498990 -0.258935
v 0.175567 0.494988 -0.260188
v -0.479794 0.540000 -0.260000
v 0.135854 0.535994 -0.259943
v -0.460191 0.578475 -0.258486
v 0.020000 0.597290 -0.260000
v 0.063319 0.584171 -0.255922
v 0.094399 0.569963 -0.259304
v -0.417023 0.616276 -0.256070
v -0.379897 0.623520 -0.263791
v -0.340025 0.624584 -0.265005
v -0.299975 0.623480 -0.263988
v -0.259629 0.623057 -0.264944
v -0.224870 0.632773 -0.264870
v -0.095659 0.632097 -0.255659
v -0.061166 0.618230 -0.263019
v -0.020000 0.601526 -0.260000
v -0.180000 0.647470 -0.260000
v -0.140000 0.646531 -0.260000
v 0.040000 -0.640000 -0.220563
v -0.316685 -0.596685 -0.229599
v -0.279669 -0.600302 -0.239398
v -0.240551 -0.599246 -0.243251
v -0.199374 -0.599947 -0.240764
v -0.161358 -0.597568 -0.235606
v -0.119817 -0.594552 -0.230715
v -0.080444 -0.595980 -0.233170
v -0.040063 -0.599931 -0.237743
v 0.000834 -0.600124 -0.238965
v 0.038192 -0.602167 -0.245029
v 0.080185 -0.605676 -0.245235
v 0.119795 -0.605621 -0.245429
v 0.161828 -0.601803 -0.240812
v 0.196483 -0.589884 -0.236483
v -0.358017 -0.552023 -0.233830
v -0.323499 -0.562408 -0.243986
v -0.156232 -0.563768 -0.251084
v -0.118597 -0.561514 -0.243319
v -0.079793 -0.567542 -0.244775
v -0.043980 -0.563980 -0.250074
v 0.246461 -0.564512 -0.240339
v 0.274261 -0.550346 -0.239311
v -0.432647 -0.512647 -0.232647
v -0.402712 -0.521129 -0.241229
v -0.364119 -0.524119 -0.253759
v 0.319231 -0.516396 -0.242642
v -0.444450 -0.485372 -0.244030
v 0.356282 -0.475657 -0.245610
v -0.479727 -0.439402 -0.239904
v 0.369392 -0.449392 -0.230608
v 0.392503 -0.432485 -0.242203
v -0.485957 -0.399925 -0.245273
v 0.433332 -0.392581 -0.238925
v -0.520000 -0.360000 -0.222506
v -0.487015 -0.360048 -0.246198
v 0.450852 -0.363808 -0.236192
v -0.520000 -0.320000 -0.223306
v -0.486156 -0.319699 -0.245890
v 0.468378 -0.315124 -0.244876
v -0.511551 -0.280391 -0.233129
v -0.488704 -0.288704 -0.248704
v 0.472935 -0.280340 -0.244466
v -0.520264 -0.241684 -0.242258
v 0.471557 -0.239187 -0.245563
v -0.552447 -0.200649 -0.232051
v 0.466027 -0.200000 -0.240000
v -0.556065 -0.158383 -0.238748
v 0.463780 -0.160000 -0.240000
v -0.557293 -0.117762 -0.240036
v 0.461832 -0.120000 -0.240000
v -0.563631 -0.079598 -0.241065
v 0.474177 -0.080679 -0.233277
v -0.571983 -0.044928 -0.244928
v 0.482818 -0.043020 -0.242782
v -0.582815 0.000000 -0.240000
v 0.486194 0.000051 -0.246058
v -0.572005 0.044501 -0.244501
v 0.484420 0.039750 -0.244557
v -0.557917 0.080153 -0.240010
v 0.477759 0.077782 -0.237721
v -0.546393 0.115256 -0.235256
v 0.439796 0.120903 -0.240444
v -0.531345 0.164164 -0.244164
v 0.435158 0.160310 -0.234254
v -0.521481 0.201799 -0.240956
v 0.429126 0.200417 -0.234321
v -0.515528 0.240035 -0.235398
v 0.402137 0.242289 -0.242670
v -0.515186 0.279705 -0.235299
v 0.360371 0.280154 -0.240724
v -0.519372 0.320066 -0.240269
v 0.349024 0.315549 -0.235549
v -0.527087 0.360589 -0.248295
v 0.324500 0.364502 -0.239511
v -0.534426 0.395031 -0.244969
v 0.247904 0.406473 -0.240009
v 0.274613 0.390609 -0.239884
v -0.530575 0.439410 -0.245973
v 0.218639 0.440000 -0.240000
v -0.517615 0.478304 -0.237286
v 0.193549 0.472705 -0.240036
v -0.493413 0.524637 -0.244637
v 0.155726 0.515889 -0.239808
v -0.482063 0.559404 -0.239345
v 0.083544 0.570041 -0.236456
v 0.111030 0.552368 -0.239351
v -0.470343 0.590343 -0.230343
v -0.444839 0.604775 -0.245004
v -0.070004 0.609996 -0.230004
v -0.040002 0.600017 -0.240008
v 0.000328 0.593216 -0.244056
v 0.035453 0.588462 -0.244547
v -0.430181 0.630181 -0.230181
v -0.400491 0.640075 -0.240267
v -0.359982 0.643847 -0.244075
v -0.320075 0.642307 -0.242599
v -0.281872 0.637381 -0.240949
v -0.240799 0.635785 -0.238996
v -0.202398 0.642053 -0.238132
v -0.160145 0.643358 -0.239337
v -0.120758 0.637947 -0.240791
v -0.080000 0.621016 -0.240000
v -0.260520 -0.654107 -0.209402
v -0.220020 -0.654764 -0.210516
v -0.179746 -0.654020 -0.209471
v -0.140000 -0.660000 -0.204448
v -0.095030 -0.655030 -0.208002
v -0.060153 -0.654865 -0.211188
v -0.019739 -0.654441 -0.210314
v 0.020095 -0.654113 -0.209648
v 0.060381 -0.650575 -0.211307
v -0.336120 -0.616120 -0.207117
v -0.301472 -0.620679 -0.221545
v -0.259881 -0.627663 -0.225933
v -0.220011 -0.628224 -0.226188
v -0.180361 -0.626754 -0.224981
v -0.139705 -0.619998 -0.219986
v -0.099952 -0.620006 -0.220389
v -0.061571 -0.623472 -0.225337
v -0.020157 -0.626873 -0.225084
v 0.020488 -0.627750 -0.226122
v 0.059648 -0.625736 -0.230842
v 0.099992 -0.624555 -0.224838
v 0.141236 -0.621391 -0.220892
v 0.180000 -0.603907 -0.220000
v -0.376195 -0.576195 -0.206972
v -0.342630 -0.582411 -0.223927
v -0.140000 -0.580000 -0.238578
v -0.100000 -0.580000 -0.237478
v 0.218179 -0.575180 -0.221763
v -0.414104 -0.536497 -0.215376
v -0.379023 -0.546325 -0.225768
v 0.266916 -0.546349 -0.218008
v 0.291346 -0.531346 -0.228654
v -0.458263 -0.495712 -0.217997
v 0.305231 -0.505769 -0.213586
v 0.330762 -0.490762 -0.229238
v -0.493613 -0.458253 -0.212749
v -0.469738 -0.469738 -0.229738
v 0.344897 -0.464853 -0.218695
v -0.503828 -0.423237 -0.223479
v 0.384390 -0.424152 -0.218774
v 0.410124 -0.410124 -0.229876
v -0.531256 -0.380507 -0.212054
v -0.506097 -0.379878 -0.231401
v 0.424506 -0.384922 -0.215153
v -0.532741 -0.340133 -0.214275
v -0.506474 -0.340066 -0.231946
v 0.455183 -0.338996 -0.223956
v -0.533572 -0.300077 -0.215349
v -0.504610 -0.304610 -0.233863
v 0.462290 -0.301670 -0.220137
v -0.539719 -0.259536 -0.219996
v 0.465833 -0.260035 -0.219428
v -0.580000 -0.220000 -0.200093
v -0.547822 -0.222275 -0.228281
v 0.463478 -0.220180 -0.218551
v -0.571988 -0.180067 -0.211254
v 0.463483 -0.179653 -0.220025
v -0.569230 -0.139845 -0.214089
v 0.465322 -0.141251 -0.224940
v -0.570576 -0.100038 -0.214621
v 0.472899 -0.104696 -0.224696
v -0.572431 -0.057969 -0.218216
v 0.494850 -0.058499 -0.217150
v -0.577091 -0.020335 -0.219766
v 0.503925 -0.022369 -0.220174
v -0.579113 0.020061 -0.219975
v 0.503894 0.019767 -0.219836
v -0.573762 0.058810 -0.218615
v 0.498302 0.057028 -0.219507
v -0.559704 0.100000 -0.220000
v 0.468856 0.102328 -0.228309
v 0.491986 0.091986 -0.211986
v -0.545396 0.139568 -0.227444
v 0.458048 0.138817 -0.217686
v -0.538089 0.180150 -0.220925
v 0.440790 0.180000 -0.220000
v -0.534831 0.219934 -0.215329
v 0.431384 0.224369 -0.224369
v -0.535278 0.259825 -0.216210
v 0.383402 0.262278 -0.222317
v 0.417172 0.248985 -0.217172
v -0.539705 0.303952 -0.217009
v 0.356766 0.300000 -0.220000
v -0.544241 0.340367 -0.224128
v 0.344414 0.340868 -0.219775
v -0.546460 0.380193 -0.226956
v 0.260000 0.398169 -0.220000
v 0.300218 0.383722 -0.219462
v -0.545226 0.421750 -0.222816
v 0.227235 0.428517 -0.219973
v -0.536100 0.457237 -0.215630
v 0.210091 0.454894 -0.220048
v -0.511003 0.503972 -0.223972
v 0.174346 0.494223 -0.219759
v -0.498707 0.538869 -0.219039
v 0.103749 0.551044 -0.216252
v 0.130831 0.531811 -0.219357
v -0.485322 0.575104 -0.215104
v -0.050082 0.589918 -0.210082
v -0.018967 0.582709 -0.219089
v 0.020045 0.580060 -0.220009
v 0.061035 0.573635 -0.223905
v -0.455654 0.615660 -0.218590
v -0.220000 0.639662 -0.220000
v -0.180000 0.637513 -0.220000
v -0.136202 0.630716 -0.216202
v -0.098986 0.621368 -0.219158
v -0.060000 0.600149 -0.220000
v -0.418239 0.653601 -0.213538
v -0.382732 0.662295 -0.222397
v -0.338111 0.663415 -0.219700
v -0.304209 0.657683 -0.220125
v -0.263508 0.649277 -0.216492
v -0.280483 -0.672709 -0.193914
v -0.240086 -0.675973 -0.196613
v -0.200032 -0.676928 -0.197520
v -0.158492 -0.678716 -0.196427
v -0.120183 -0.680151 -0.198007
v -0.079918 -0.680104 -0.198304
v -0.039843 -0.680363 -0.197130
v -0.001412 -0.678860 -0.196770
v 0.040451 -0.672912 -0.194285
v 0.075710 -0.675710 -0.187642
v -0.321052 -0.640922 -0.199876
v -0.284143 -0.644143 -0.211829
v -0.240000 -0.640000 -0.219546
v -0.200000 -0.640000 -0.219574
v -0.155369 -0.644631 -0.211930
v -0.119855 -0.646354 -0.210906
v -0.080000 -0.640000 -0.215510
v -0.040000 -0.640000 -0.219949
v 0.000000 -0.640000 -0.216829
v 0.082471 -0.648844 -0.207610
v 0.119953 -0.638263 -0.200263
v -0.361680 -0.601650 -0.200457
v 0.166522 -0.611601 -0.200100
v 0.192128 -0.593221 -0.199898
v -0.401516 -0.560958 -0.201110
v 0.239515 -0.558930 -0.201535
v -0.441775 -0.521216 -0.202459
v 0.280177 -0.521393 -0.198389
v -0.485305 -0.481630 -0.205581
v 0.318595 -0.477913 -0.202100
v -0.520383 -0.440730 -0.200428
v 0.358190 -0.438030 -0.202568
v -0.551030 -0.397404 -0.191610
v -0.524314 -0.404314 -0.213114
v 0.399545 -0.399732 -0.200585
v -0.559458 -0.358937 -0.197266
v 0.436395 -0.357279 -0.202079
v -0.559904 -0.320984 -0.200534
v 0.444742 -0.319619 -0.194672
v -0.561151 -0.281045 -0.203113
v 0.451934 -0.284327 -0.195673
v -0.567973 -0.239604 -0.207291
v 0.459430 -0.240000 -0.200000
v -0.587035 -0.199820 -0.193532
v -0.569734 -0.209734 -0.209734
v 0.459043 -0.200000 -0.200000
v -0.579825 -0.160000 -0.200000
v 0.466260 -0.160000 -0.200000
v -0.577902 -0.120000 -0.200000
v 0.476993 -0.119443 -0.200590
v -0.576654 -0.080000 -0.200000
v 0.492149 -0.083984 -0.203984
v -0.573132 -0.040000 -0.200000
v 0.508769 -0.035241 -0.195241
v -0.574409 0.000000 -0.200000
v 0.515124 -0.000213 -0.192343
v -0.577221 0.040000 -0.200000
v 0.512193 0.040048 -0.195510
v -0.571096 0.084411 -0.204411
v 0.508464 0.075780 -0.195780
v -0.561864 0.121529 -0.199708
v 0.480345 0.122113 -0.201758
v -0.557366 0.158907 -0.199510
v 0.453579 0.164657 -0.204657
v -0.556088 0.199910 -0.196530
v 0.439860 0.199954 -0.199780
v -0.559441 0.241487 -0.196641
v 0.430676 0.234539 -0.200105
v -0.559121 0.277986 -0.202763
v 0.364757 0.286154 -0.199716
v 0.400000 0.262662 -0.200000
v -0.563867 0.320098 -0.203116
v 0.352310 0.315185 -0.200113
v -0.566193 0.360238 -0.206094
v 0.327357 0.367920 -0.200479
v -0.561053 0.401357 -0.200418
v 0.244526 0.408219 -0.199298
v 0.276207 0.395132 -0.198628
v -0.552533 0.437315 -0.197315
v 0.219180 0.440000 -0.200000
v -0.526544 0.483829 -0.199064
v 0.193884 0.473650 -0.200123
v -0.516220 0.516072 -0.196976
v 0.123578 0.530982 -0.196422
v 0.150733 0.512000 -0.202631
v -0.498640 0.560000 -0.200000
v -0.035119 0.573951 -0.195119
v -0.000171 0.565375 -0.193083
v 0.041790 0.564860 -0.198247
v 0.079012 0.559228 -0.200629
v -0.480029 0.600219 -0.200254
v -0.115382 0.613648 -0.195382
v -0.079045 0.601362 -0.199160
v -0.442362 0.641766 -0.205218
v -0.239071 0.646052 -0.201660
v -0.201878 0.635704 -0.199266
v -0.159708 0.629193 -0.206246
v -0.398531 0.676109 -0.199087
v -0.360044 0.680841 -0.199766
v -0.319860 0.677963 -0.196935
v -0.284144 0.668131 -0.195856
v -0.135015 -0.735015 -0.165842
v -0.100247 -0.734424 -0.170218
v -0.059899 -0.734325 -0.169950
v -0.019982 -0.733927 -0.169174
v 0.020000 -0.740000 -0.162747
v -0.300758 -0.692916 -0.173519
v -0.260069 -0.698353 -0.178491
v -0.221165 -0.699584 -0.180887
v -0.180067 -0.698709 -0.183973
v -0.139879 -0.705305 -0.183912
v -0.100011 -0.707401 -0.185248
v -0.060083 -0.706403 -0.184689
v -0.020015 -0.705259 -0.183819
v 0.021309 -0.699442 -0.183300
v 0.058387 -0.697744 -0.174805
v 0.090754 -0.690754 -0.170754
v -0.338826 -0.658513 -0.177535
v -0.304385 -0.664385 -0.193112
v 0.101795 -0.665221 -0.184873
v -0.378348 -0.617718 -0.175741
v -0.349336 -0.629336 -0.189336
v 0.146930 -0.626123 -0.179221
v 0.175420 -0.606644 -0.175420
v -0.415098 -0.574298 -0.175222
v -0.389430 -0.589430 -0.189430
v 0.212413 -0.572938 -0.179718
v -0.454248 -0.534860 -0.175461
v -0.426995 -0.546995 -0.186995
v 0.257272 -0.537427 -0.181913
v -0.495377 -0.498172 -0.177954
v -0.469230 -0.509230 -0.189230
v 0.292777 -0.491291 -0.182079
v -0.532135 -0.458089 -0.172852
v -0.507602 -0.467602 -0.187602
v 0.311769 -0.463355 -0.176645
v 0.331308 -0.451308 -0.188692
v -0.545112 -0.423246 -0.185046
v 0.344662 -0.424943 -0.175559
v 0.370854 -0.410854 -0.189146
v -0.579936 -0.377134 -0.177498
v 0.385443 -0.385163 -0.175371
v 0.412091 -0.372091 -0.187909
v -0.584218 -0.339929 -0.183522
v 0.423353 -0.342290 -0.176406
v -0.585571 -0.299795 -0.184694
v 0.434594 -0.304742 -0.175258
v -0.588686 -0.259686 -0.187862
v 0.449055 -0.260324 -0.186149
v -0.600356 -0.220000 -0.180000
v -0.589901 -0.229901 -0.189901
v 0.453050 -0.219777 -0.184157
v -0.593371 -0.175293 -0.184707
v 0.458134 -0.179646 -0.181629
v -0.586614 -0.140115 -0.188123
v 0.470399 -0.146114 -0.180274
v -0.585423 -0.098483 -0.183863
v 0.494540 -0.092070 -0.180748
v -0.578932 -0.060756 -0.177562
v 0.508210 -0.061769 -0.181391
v -0.572788 -0.021850 -0.181907
v 0.516302 -0.020000 -0.180000
v -0.573239 0.021679 -0.181266
v 0.519406 0.020000 -0.180000
v -0.575348 0.060050 -0.179947
v 0.518354 0.060000 -0.180000
v -0.576631 0.098914 -0.176546
v 0.504526 0.102881 -0.185647
v -0.575304 0.139721 -0.174201
v 0.469663 0.149663 -0.189663
v 0.489149 0.136923 -0.176923
v -0.578735 0.179959 -0.178737
v 0.455516 0.174646 -0.180510
v -0.580810 0.222488 -0.178098
v 0.433141 0.224991 -0.175010
v -0.583759 0.260156 -0.183338
v 0.384221 0.273240 -0.184221
v 0.410946 0.251156 -0.179396
v -0.587955 0.300222 -0.186709
v 0.360641 0.300000 -0.180000
v -0.587373 0.339974 -0.186346
v 0.341259 0.339869 -0.179969
v -0.584001 0.383642 -0.181341
v 0.305793 0.385489 -0.180132
v -0.569339 0.416338 -0.176338
v 0.228332 0.427757 -0.179685
v 0.255518 0.408679 -0.175518
v -0.544442 0.462601 -0.181076
v 0.207500 0.455509 -0.184491
v -0.530281 0.496508 -0.176508
v 0.145080 0.509183 -0.180867
v 0.171691 0.493318 -0.179388
v -0.511972 0.544274 -0.184274
v 0.024746 0.553325 -0.175254
v 0.059577 0.546978 -0.171943
v 0.098944 0.538501 -0.181130
v -0.499584 0.580192 -0.180204
v -0.095511 0.593934 -0.175511
v -0.061320 0.580288 -0.181291
v -0.020000 0.560348 -0.180000
v -0.472655 0.624100 -0.184100
v -0.177127 0.624506 -0.178702
v -0.141474 0.614346 -0.183533
v -0.454935 0.658032 -0.177892
v -0.429482 0.669482 -0.189482
v -0.258783 0.661980 -0.182018
v -0.224782 0.646565 -0.175218
v -0.415205 0.685796 -0.175205
v -0.380328 0.695656 -0.173286
v -0.339237 0.692001 -0.175251
v -0.300000 0.681140 -0.180000
v -0.155490 -0.755490 -0.146545
v -0.120317 -0.754771 -0.156008
v -0.080010 -0.756817 -0.157600
v -0.039973 -0.756257 -0.157178
v 0.000089 -0.756088 -0.156935
v 0.036090 -0.756090 -0.148273
v -0.316253 -0.706313 -0.156253
v -0.280182 -0.717701 -0.157746
v -0.243633 -0.719361 -0.162080
v -0.199900 -0.723502 -0.163120
v -0.159693 -0.726574 -0.165585
v -0.120000 -0.720000 -0.177001
v -0.080000 -0.720000 -0.178399
v -0.040000 -0.720000 -0.176942
v 0.004967 -0.724967 -0.173295
v 0.039550 -0.725582 -0.164192
v 0.076344 -0.718249 -0.156237
v -0.351877 -0.678031 -0.152742
v -0.323474 -0.683474 -0.171137
v 0.118266 -0.677269 -0.158045
v -0.392067 -0.632067 -0.152067
v -0.365287 -0.645900 -0.164555
v 0.129850 -0.649850 -0.169850
v 0.153651 -0.633095 -0.158262
v -0.404479 -0.601590 -0.164486
v 0.192008 -0.591966 -0.160138
v -0.470838 -0.550838 -0.150838
v -0.441993 -0.561905 -0.164046
v 0.231385 -0.551708 -0.159374
v -0.510890 -0.510890 -0.150890
v -0.481136 -0.524018 -0.163932
v 0.252883 -0.524232 -0.155768
v 0.270299 -0.510299 -0.169701
v -0.521377 -0.482476 -0.161656
v 0.282028 -0.481019 -0.158998
v -0.560725 -0.441144 -0.160652
v 0.318523 -0.438205 -0.161484
v -0.593501 -0.401086 -0.152061
v -0.569690 -0.409690 -0.169690
v 0.357796 -0.398056 -0.164571
v -0.603021 -0.363437 -0.160441
v 0.369523 -0.369523 -0.150477
v 0.398316 -0.357450 -0.164454
v -0.607363 -0.319835 -0.166651
v 0.408445 -0.322653 -0.150787
v -0.608259 -0.279713 -0.168188
v 0.433414 -0.280317 -0.167993
v -0.609022 -0.239973 -0.169497
v 0.437222 -0.240086 -0.163617
v -0.607717 -0.200238 -0.168746
v 0.444080 -0.203403 -0.156619
v -0.604961 -0.160205 -0.165890
v 0.462945 -0.160000 -0.160000
v -0.601770 -0.118061 -0.160950
v 0.480950 -0.119567 -0.160527
v -0.591603 -0.082931 -0.157069
v 0.510552 -0.076391 -0.156391
v -0.572150 -0.035269 -0.155270
v 0.522616 -0.040259 -0.160026
v -0.567208 0.000047 -0.161501
v 0.527269 0.000166 -0.164095
v -0.570206 0.035798 -0.155798
v 0.525437 0.039922 -0.168041
v -0.576913 0.080000 -0.160000
v 0.519029 0.079519 -0.159898
v -0.586425 0.124972 -0.155028
v 0.511537 0.114832 -0.161340
v -0.593918 0.159369 -0.151820
v 0.477921 0.157894 -0.157194
v -0.599286 0.203263 -0.159167
v 0.443797 0.201494 -0.161572
v -0.602525 0.238466 -0.159381
v 0.414723 0.244756 -0.155244
v -0.606523 0.280438 -0.166431
v 0.369002 0.289002 -0.169002
v 0.390064 0.270275 -0.160050
v -0.609223 0.320070 -0.168886
v 0.354444 0.312968 -0.160122
v -0.604163 0.363526 -0.164126
v 0.323060 0.363282 -0.160096
v -0.594239 0.398262 -0.152801
v 0.240000 0.419570 -0.160000
v 0.279992 0.400228 -0.159975
v -0.561524 0.441019 -0.161535
v 0.213101 0.446539 -0.160077
v -0.548422 0.475983 -0.155983
v 0.168675 0.486796 -0.157664
v 0.196271 0.466776 -0.163729
v -0.528862 0.518936 -0.165126
v 0.079453 0.526868 -0.151883
v 0.118005 0.516867 -0.162051
v -0.520467 0.559984 -0.159900
v -0.076220 0.572127 -0.156220
v -0.041881 0.557531 -0.161261
v 0.000264 0.549051 -0.165929
v 0.040000 0.541255 -0.160000
v -0.511231 0.591231 -0.151231
v -0.494186 0.604387 -0.164387
v -0.156941 0.608798 -0.156941
v -0.123214 0.596521 -0.162029
v -0.480140 0.639158 -0.159271
v -0.240000 0.657847 -0.160000
v -0.204758 0.636290 -0.160241
v -0.442033 0.683317 -0.161706
v -0.400000 0.698689 -0.160000
v -0.315956 0.690244 -0.164044
v -0.279795 0.678524 -0.159503
v -0.360000 0.702173 -0.160000
v -0.175803 -0.775803 -0.127201
v -0.138984 -0.778783 -0.136721
v -0.102354 -0.779165 -0.143393
v -0.060134 -0.778791 -0.144120
v -0.020008 -0.779069 -0.142639
v 0.017400 -0.780018 -0.139108
v 0.056137 -0.776137 -0.127065
v -0.300792 -0.734476 -0.134117
v -0.262518 -0.740613 -0.140298
v -0.219845 -0.744159 -0.143797
v -0.179690 -0.748247 -0.147226
v 0.063338 -0.745360 -0.144226
v 0.098433 -0.732806 -0.134154
v -0.342420 -0.702258 -0.141462
v 0.108254 -0.702210 -0.148256
v 0.132079 -0.692079 -0.132079
v -0.379854 -0.659738 -0.139830
v 0.144035 -0.662106 -0.142334
v -0.417983 -0.617113 -0.137397
v 0.176493 -0.618446 -0.136345
v -0.457239 -0.577764 -0.137533
v -0.429680 -0.589680 -0.149680
v 0.208390 -0.573866 -0.140037
v -0.497869 -0.538126 -0.138480
v 0.227108 -0.549009 -0.137514
v -0.538395 -0.497403 -0.135254
v 0.259019 -0.500589 -0.139430
v -0.573216 -0.451682 -0.138136
v -0.548695 -0.468695 -0.148695
v 0.269293 -0.469293 -0.130707
v 0.292687 -0.458046 -0.148431
v -0.586167 -0.421872 -0.146316
v 0.304992 -0.422581 -0.135101
v 0.330307 -0.410307 -0.149693
v -0.612969 -0.381241 -0.135754
v 0.342325 -0.382499 -0.138543
v -0.623291 -0.343791 -0.141363
v 0.381565 -0.341990 -0.139071
v -0.625797 -0.300080 -0.146558
v 0.412474 -0.300621 -0.148014
v -0.624492 -0.259965 -0.145611
v 0.417607 -0.260110 -0.142727
v -0.625096 -0.218357 -0.142600
v 0.423905 -0.223620 -0.138397
v -0.623626 -0.180259 -0.140234
v 0.454555 -0.172480 -0.139792
v -0.620161 -0.139930 -0.140012
v 0.469348 -0.145259 -0.140057
v -0.609357 -0.103826 -0.136174
v 0.497529 -0.099894 -0.138668
v -0.581297 -0.059400 -0.140569
v 0.521008 -0.060000 -0.140000
v -0.563523 -0.020000 -0.140000
v 0.536553 -0.019141 -0.138298
v -0.563090 0.020000 -0.140000
v 0.538579 0.020025 -0.140150
v -0.575546 0.062090 -0.139998
v 0.535230 0.058613 -0.137399
v -0.586161 0.098819 -0.141179
v 0.525877 0.095018 -0.135018
v -0.596566 0.140000 -0.140000
v 0.501337 0.139699 -0.140640
v -0.610654 0.183355 -0.136645
v 0.458128 0.180254 -0.138036
v -0.618465 0.223525 -0.137676
v 0.428561 0.229219 -0.140243
v -0.622837 0.258948 -0.140693
v 0.398610 0.260000 -0.140000
v -0.625592 0.300302 -0.146476
v 0.373008 0.292228 -0.140545
v -0.625747 0.339855 -0.146561
v 0.342022 0.340477 -0.137978
v -0.617199 0.377683 -0.138877
v 0.301259 0.380254 -0.137285
v -0.584579 0.422713 -0.142397
v 0.225613 0.431319 -0.140191
v 0.251052 0.412755 -0.140011
v -0.572220 0.457594 -0.131919
v 0.187726 0.466911 -0.140607
v -0.545262 0.499302 -0.146970
v 0.099372 0.505833 -0.133778
v 0.137659 0.496982 -0.142145
v -0.537028 0.536558 -0.138931
v -0.060760 0.546354 -0.132865
v -0.023514 0.536428 -0.141131
v 0.020146 0.534073 -0.147058
v 0.055554 0.526638 -0.144446
v -0.527018 0.575729 -0.135729
v -0.136446 0.590681 -0.136446
v -0.103338 0.575620 -0.142478
v -0.502146 0.621719 -0.140759
v -0.180071 0.620191 -0.139807
v -0.487355 0.656460 -0.136460
v -0.469114 0.669114 -0.149114
v -0.251580 0.666718 -0.139812
v -0.225369 0.650319 -0.140433
v -0.456295 0.687978 -0.136295
v -0.420499 0.701278 -0.140285
v -0.380187 0.707753 -0.139047
v -0.338873 0.702583 -0.141366
v -0.304957 0.691878 -0.140919
v -0.195787 -0.795787 -0.106603
v -0.156166 -0.798992 -0.116145
v -0.119747 -0.805978 -0.124839
v -0.080032 -0.807024 -0.125866
v -0.040078 -0.805883 -0.124977
v -0.000078 -0.803793 -0.123344
v 0.037794 -0.799692 -0.118489
v -0.310535 -0.750535 -0.110535
v -0.277608 -0.758490 -0.118371
v -0.239818 -0.763568 -0.123378
v -0.199574 -0.769117 -0.128113
v 0.082413 -0.761838 -0.124031
v -0.355710 -0.716374 -0.116095
v -0.322425 -0.728222 -0.128967
v 0.120430 -0.720878 -0.120920
v -0.388072 -0.676563 -0.116563
v -0.368834 -0.688834 -0.128834
v 0.149843 -0.676664 -0.116664
v -0.404514 -0.645397 -0.125074
v 0.164541 -0.645956 -0.123357
v -0.443797 -0.603845 -0.120944
v 0.195705 -0.594424 -0.120345
v -0.511332 -0.551332 -0.111332
v -0.485461 -0.565052 -0.121272
v 0.213263 -0.564779 -0.115221
v -0.552061 -0.512061 -0.112061
v -0.525177 -0.525081 -0.124842
v 0.240355 -0.520274 -0.119677
v -0.564687 -0.482739 -0.121760
v 0.254152 -0.484789 -0.115211
v -0.593375 -0.431380 -0.120865
v 0.280027 -0.440436 -0.119703
v -0.609338 -0.405347 -0.118985
v 0.289470 -0.409470 -0.110530
v 0.315083 -0.394118 -0.124664
v -0.629146 -0.355613 -0.115613
v 0.322972 -0.362972 -0.110077
v 0.353819 -0.353770 -0.125005
v -0.634770 -0.320748 -0.121270
v 0.367795 -0.322278 -0.111685
v 0.391658 -0.311658 -0.128342
v -0.634156 -0.279595 -0.121159
v 0.396485 -0.280270 -0.123631
v -0.632312 -0.239694 -0.121277
v 0.403707 -0.243931 -0.118781
v -0.631184 -0.204330 -0.115670
v 0.434287 -0.193823 -0.119705
v -0.627960 -0.160000 -0.120000
v 0.460646 -0.160000 -0.120000
v -0.620508 -0.120000 -0.120000
v 0.482897 -0.123709 -0.119901
v -0.597033 -0.078484 -0.121010
v 0.516487 -0.075361 -0.117162
v -0.567755 -0.035239 -0.119752
v 0.532060 -0.044380 -0.124380
v -0.559444 -0.000027 -0.119834
v 0.555228 -0.000233 -0.113420
v -0.568110 0.035137 -0.119826
v 0.549820 0.040651 -0.114307
v -0.587780 0.084592 -0.115408
v 0.539980 0.080000 -0.120000
v -0.600153 0.119962 -0.120042
v 0.518614 0.119506 -0.118619
v -0.609047 0.160999 -0.125461
v 0.483673 0.163653 -0.119717
v -0.622707 0.200000 -0.120000
v 0.443304 0.203823 -0.120012
v -0.632277 0.239286 -0.115349
v 0.411781 0.246229 -0.119663
v -0.637054 0.279272 -0.120370
v 0.394338 0.273223 -0.120386
v -0.641124 0.319987 -0.120048
v 0.358652 0.320336 -0.120928
v -0.637699 0.359348 -0.118387
v 0.320293 0.357186 -0.123884
v -0.630313 0.390313 -0.110313
v -0.612384 0.403569 -0.123569
v 0.240000 0.418490 -0.120000
v 0.275319 0.396213 -0.119844
v -0.596443 0.437637 -0.116464
v 0.206014 0.445458 -0.120514
v -0.567549 0.479197 -0.128725
v 0.089314 0.489314 -0.110686
v 0.120022 0.485291 -0.114136
v 0.160630 0.478658 -0.119426
v -0.559860 0.519585 -0.119877
v -0.040502 0.523979 -0.115986
v -0.003223 0.517811 -0.122521
v 0.040284 0.515026 -0.125558
v 0.075722 0.506798 -0.124278
v -0.552018 0.557564 -0.111468
v -0.111639 0.566740 -0.117904
v -0.082117 0.552896 -0.128395
v -0.523502 0.603116 -0.124410
v -0.160046 0.602489 -0.115609
v -0.513815 0.641361 -0.112234
v -0.204430 0.636242 -0.120072
v -0.480253 0.680284 -0.120392
v -0.280301 0.684727 -0.119587
v -0.240000 0.662142 -0.120000
v -0.440000 0.701906 -0.120000
v -0.400194 0.710364 -0.113769
v -0.364996 0.709409 -0.115004
v -0.320000 0.701787 -0.120000
v -0.050096 -0.850096 -0.090096
v -0.180506 -0.814340 -0.094457
v -0.143048 -0.823367 -0.103017
v -0.099959 -0.829153 -0.108288
v -0.060113 -0.829069 -0.108069
v -0.020180 -0.827554 -0.106703
v 0.023588 -0.824154 -0.103693
v 0.058539 -0.814277 -0.093828
v -0.296690 -0.768996 -0.096690
v -0.261591 -0.779929 -0.100852
v -0.219448 -0.787679 -0.107169
v 0.069745 -0.789745 -0.109745
v 0.095150 -0.778224 -0.097661
v -0.340644 -0.740213 -0.100559
v 0.114777 -0.744866 -0.104866
v -0.380948 -0.701866 -0.101878
v 0.141375 -0.700617 -0.101279
v -0.415102 -0.657511 -0.097094
v 0.168751 -0.655956 -0.095956
v -0.453174 -0.612846 -0.098158
v -0.429233 -0.629233 -0.109233
v 0.184865 -0.622270 -0.101834
v -0.493968 -0.574866 -0.098498
v -0.468546 -0.588546 -0.108546
v 0.204707 -0.580000 -0.100000
v -0.536933 -0.537053 -0.098312
v 0.222387 -0.541715 -0.097093
v -0.575441 -0.492429 -0.098578
v 0.240887 -0.500000 -0.100000
v -0.585709 -0.458878 -0.108134
v 0.256929 -0.457252 -0.101458
v -0.609213 -0.416150 -0.096150
v 0.267286 -0.419043 -0.092709
v -0.623457 -0.381106 -0.102287
v 0.298698 -0.378227 -0.100430
v -0.634449 -0.340000 -0.100000
v 0.304353 -0.344353 -0.085715
v 0.338482 -0.338550 -0.100406
v -0.637250 -0.300000 -0.100000
v 0.373822 -0.300987 -0.105946
v -0.635014 -0.260000 -0.100000
v 0.381272 -0.261230 -0.099551
v -0.630078 -0.215528 -0.095528
v 0.394673 -0.224975 -0.095025
v 0.415315 -0.205559 -0.104685
v -0.627361 -0.180539 -0.100914
v 0.454137 -0.172953 -0.100105
v -0.622291 -0.138935 -0.098694
v 0.470791 -0.145915 -0.099672
v -0.611529 -0.105150 -0.099331
v 0.501509 -0.100322 -0.103512
v -0.583733 -0.054866 -0.099557
v 0.536734 -0.058116 -0.097707
v -0.567835 -0.024242 -0.095758
v 0.552922 -0.024184 -0.104184
v -0.563789 0.020000 -0.100000
v 0.562155 0.020000 -0.100000
v -0.579336 0.059993 -0.099520
v 0.551865 0.064415 -0.104415
v -0.597355 0.100000 -0.100000
v 0.539642 0.099767 -0.099721
v -0.611115 0.145470 -0.101096
v 0.506004 0.146294 -0.098993
v -0.622993 0.179535 -0.100548
v 0.465527 0.185366 -0.099439
v -0.631275 0.215554 -0.104446
v 0.424677 0.225586 -0.099729
v -0.641161 0.260000 -0.100000
v 0.407196 0.255094 -0.095094
v -0.650150 0.299764 -0.094029
v 0.378186 0.297859 -0.100009
v -0.649725 0.335771 -0.095771
v 0.336950 0.337537 -0.099798
v -0.639419 0.380000 -0.100000
v 0.292596 0.372374 -0.099256
v -0.620052 0.420177 -0.100124
v 0.222774 0.424363 -0.095517
v 0.254503 0.410366 -0.099547
v -0.611041 0.457327 -0.091062
v -0.589100 0.469100 -0.109100
v 0.099631 0.468275 -0.091708
v 0.139937 0.467624 -0.091985
v 0.180749 0.460148 -0.099319
v -0.584668 0.499626 -0.104723
v -0.056303 0.513016 -0.096303
v -0.018320 0.500183 -0.099698
v 0.020085 0.497596 -0.102613
v 0.060379 0.494913 -0.105713
v -0.576876 0.537064 -0.096943
v -0.093901 0.545304 -0.100771
v -0.068721 0.531279 -0.108721
v -0.546274 0.579267 -0.107147
v -0.139270 0.580219 -0.096716
v -0.535558 0.616452 -0.098248
v -0.182424 0.617799 -0.099992
v -0.504708 0.665248 -0.102416
v -0.254139 0.670847 -0.100219
v -0.227969 0.653602 -0.099917
v -0.460130 0.701470 -0.100399
v -0.424050 0.709405 -0.104050
v -0.375631 0.709829 -0.095631
v -0.340931 0.705879 -0.100453
v -0.307133 0.696337 -0.099839
v -0.035199 -0.865528 -0.075199
v -0.004633 -0.866155 -0.075367
v -0.196347 -0.828038 -0.076347
v -0.159548 -0.840199 -0.079677
v -0.119627 -0.846493 -0.086833
v -0.079966 -0.849410 -0.089238
v -0.035247 -0.844754 -0.093728
v -0.000286 -0.846133 -0.091681
v 0.041624 -0.840863 -0.081187
v -0.281177 -0.794138 -0.072154
v -0.243027 -0.802900 -0.082932
v -0.209996 -0.809995 -0.089995
v 0.081442 -0.804560 -0.082572
v -0.356088 -0.746862 -0.076088
v -0.322665 -0.764095 -0.082157
v 0.117807 -0.758904 -0.076832
v -0.386683 -0.716169 -0.076169
v -0.368500 -0.728500 -0.088500
v 0.133547 -0.724893 -0.084893
v -0.404936 -0.685790 -0.082265
v 0.156856 -0.681183 -0.081036
v -0.440305 -0.640526 -0.080767
v 0.178853 -0.640000 -0.080000
v -0.479341 -0.599199 -0.078340
v 0.196348 -0.599918 -0.080294
v -0.521601 -0.560782 -0.082594
v 0.209567 -0.565617 -0.080502
v -0.560674 -0.521403 -0.082564
v 0.229121 -0.516047 -0.083952
v -0.592017 -0.475152 -0.081719
v 0.237750 -0.479318 -0.079960
v -0.604200 -0.441153 -0.080891
v 0.244866 -0.439613 -0.074281
v -0.618511 -0.400000 -0.080000
v 0.272978 -0.397968 -0.087384
v -0.629808 -0.355578 -0.084422
v 0.280858 -0.363232 -0.076259
v -0.633102 -0.320605 -0.078806
v 0.322351 -0.321007 -0.076993
v 0.351870 -0.311870 -0.088130
v -0.633188 -0.279696 -0.078909
v 0.360503 -0.280836 -0.079533
v -0.631364 -0.239524 -0.085569
v 0.373985 -0.244582 -0.075418
v -0.626085 -0.200000 -0.080000
v 0.405832 -0.205245 -0.080198
v 0.434223 -0.188674 -0.079649
v -0.620797 -0.160000 -0.080000
v 0.467503 -0.155704 -0.075704
v -0.610506 -0.116031 -0.076031
v 0.487685 -0.128713 -0.082448
v 0.510649 -0.110649 -0.070649
v -0.597327 -0.079994 -0.080173
v 0.526395 -0.086721 -0.081795
v -0.581057 -0.040000 -0.080000
v 0.555227 -0.036266 -0.079100
v -0.565369 -0.000072 -0.083430
v 0.569108 -0.002158 -0.081354
v -0.569886 0.035881 -0.084119
v 0.565494 0.039637 -0.087347
v -0.592261 0.084493 -0.080297
v 0.559097 0.078995 -0.079314
v -0.604988 0.118759 -0.079575
v 0.530471 0.123324 -0.083324
v -0.619760 0.160000 -0.080000
v 0.489492 0.169492 -0.089492
v 0.513199 0.151750 -0.078011
v -0.636477 0.204258 -0.079411
v 0.448605 0.208854 -0.082452
v 0.475773 0.186783 -0.075773
v -0.643673 0.239070 -0.083323
v 0.425951 0.235898 -0.075898
v -0.650612 0.275928 -0.084072
v 0.394186 0.273164 -0.079703
v -0.655889 0.320000 -0.080000
v 0.358816 0.318860 -0.079848
v -0.649178 0.359309 -0.085552
v 0.289670 0.369670 -0.070330
v 0.311794 0.352819 -0.079772
v -0.640617 0.400220 -0.080075
v 0.243458 0.409826 -0.076542
v 0.271845 0.392249 -0.079621
v -0.631308 0.440475 -0.075471
v 0.089237 0.449237 -0.070763
v 0.120295 0.452525 -0.073680
v 0.159604 0.447230 -0.072509
v 0.195625 0.436848 -0.085812
v -0.607716 0.479379 -0.087744
v -0.038816 0.484079 -0.075068
v -0.002628 0.478251 -0.081736
v 0.040142 0.475317 -0.084692
v 0.077670 0.471674 -0.088250
v -0.600785 0.522438 -0.080776
v -0.077166 0.520076 -0.076956
v -0.591949 0.557773 -0.071465
v -0.568698 0.568698 -0.088698
v -0.120087 0.558514 -0.081675
v -0.560031 0.600189 -0.080124
v -0.161846 0.598251 -0.079936
v -0.527411 0.648830 -0.082233
v -0.205899 0.635020 -0.079742
v -0.506719 0.676139 -0.076139
v -0.484441 0.693159 -0.084441
v -0.315084 0.693340 -0.075084
v -0.280127 0.680771 -0.079793
v -0.240000 0.660090 -0.080000
v -0.438471 0.712399 -0.078476
v -0.399581 0.711829 -0.080219
v -0.360000 0.706491 -0.080000
v -0.020000 -0.880189 -0.060000
v -0.176971 -0.851027 -0.056971
v -0.139851 -0.861679 -0.059256
v -0.099733 -0.865436 -0.066242
v -0.059863 -0.868498 -0.069011
v -0.020000 -0.860000 -0.079150
v 0.023152 -0.866212 -0.066075
v 0.056516 -0.847496 -0.056516
v -0.255893 -0.814578 -0.059872
v -0.219245 -0.826344 -0.066800
v 0.068520 -0.828520 -0.068520
v 0.086932 -0.816245 -0.056245
v -0.336761 -0.770076 -0.056761
v -0.306752 -0.785366 -0.062669
v 0.106222 -0.788414 -0.059548
v -0.377786 -0.737868 -0.060311
v 0.131702 -0.735164 -0.060572
v -0.413733 -0.692097 -0.057917
v 0.144747 -0.706603 -0.059902
v -0.432303 -0.663685 -0.063685
v 0.171988 -0.655446 -0.060082
v -0.464263 -0.624542 -0.062989
v 0.184873 -0.627476 -0.060027
v -0.503952 -0.583734 -0.063250
v 0.202627 -0.580000 -0.060000
v -0.546818 -0.547225 -0.059246
v 0.213854 -0.541282 -0.059575
v -0.582267 -0.500651 -0.062658
v 0.222892 -0.503995 -0.056992
v -0.610262 -0.456211 -0.056211
v 0.229663 -0.459587 -0.054572
v -0.615722 -0.419016 -0.058991
v 0.245224 -0.415027 -0.064973
v -0.620376 -0.380485 -0.059491
v 0.257203 -0.377512 -0.062848
v -0.626198 -0.341662 -0.059212
v 0.266814 -0.341802 -0.053918
v 0.291159 -0.331159 -0.068841
v -0.628293 -0.300004 -0.054949
v 0.302902 -0.305346 -0.054989
v 0.338419 -0.292269 -0.065568
v -0.627443 -0.257840 -0.059116
v 0.347625 -0.261776 -0.053827
v -0.625513 -0.220461 -0.060864
v 0.384846 -0.225251 -0.060289
v -0.619773 -0.180218 -0.060149
v 0.424174 -0.192301 -0.055826
v 0.451776 -0.172008 -0.059738
v -0.612173 -0.141886 -0.060994
v 0.493075 -0.133434 -0.061046
v -0.599940 -0.100000 -0.060000
v 0.535247 -0.094467 -0.057515
v -0.589099 -0.060834 -0.059166
v 0.551594 -0.063965 -0.063965
v -0.580547 -0.018528 -0.060010
v 0.568002 -0.020000 -0.060000
v -0.578508 0.020631 -0.060143
v 0.572569 0.019664 -0.060349
v -0.587035 0.061425 -0.064345
v 0.572335 0.057961 -0.058900
v -0.601729 0.100000 -0.060000
v 0.553258 0.104240 -0.064240
v -0.615941 0.145912 -0.060174
v 0.533837 0.132859 -0.060880
v -0.629148 0.174798 -0.059796
v 0.495120 0.175437 -0.060418
v -0.649601 0.224010 -0.055990
v 0.453157 0.213208 -0.060569
v -0.657852 0.259466 -0.059628
v 0.388185 0.268185 -0.051815
v 0.411338 0.251914 -0.060208
v -0.661140 0.297460 -0.060425
v 0.347761 0.307761 -0.052239
v 0.371520 0.291216 -0.062537
v -0.659759 0.339203 -0.059746
v 0.308478 0.348478 -0.051522
v 0.331161 0.331534 -0.062616
v -0.651686 0.378178 -0.058507
v 0.264923 0.393019 -0.055077
v 0.280220 0.380000 -0.060000
v 0.300000 0.360646 -0.060000
v -0.644404 0.420000 -0.060000
v 0.100265 0.431620 -0.053643
v 0.144589 0.434092 -0.055411
v 0.184112 0.423449 -0.059184
v 0.221185 0.413455 -0.063897
v -0.633682 0.464536 -0.064536
v -0.022120 0.459103 -0.061393
v 0.020114 0.455372 -0.064205
v 0.060448 0.453524 -0.066042
v -0.623700 0.499671 -0.063810
v -0.060483 0.496880 -0.062714
v -0.616838 0.536685 -0.056319
v -0.099515 0.537180 -0.063433
v -0.584662 0.583375 -0.061573
v -0.142158 0.577951 -0.059928
v -0.568652 0.616571 -0.056571
v -0.549988 0.629988 -0.069988
v -0.185337 0.615281 -0.059735
v -0.535142 0.655084 -0.060743
v -0.258157 0.664207 -0.058651
v -0.224733 0.646331 -0.064733
v -0.492484 0.693792 -0.060541
v -0.465881 0.709748 -0.059216
v -0.420000 0.715042 -0.060000
v -0.375271 0.707499 -0.060394
v -0.340738 0.698521 -0.061156
v -0.300000 0.682988 -0.060000
v -0.155958 -0.869092 -0.035958
v -0.116976 -0.878235 -0.038560
v -0.079753 -0.883642 -0.040156
v -0.041698 -0.885624 -0.042768
v -0.000229 -0.886196 -0.047401
v 0.033393 -0.875459 -0.040680
v -0.232753 -0.835044 -0.040898
v -0.200963 -0.846764 -0.044368
v 0.076149 -0.836060 -0.040533
v -0.316524 -0.790218 -0.036524
v -0.288496 -0.806527 -0.039508
v 0.101993 -0.800000 -0.040000
v -0.360952 -0.759844 -0.041411
v 0.124193 -0.759973 -0.039354
v -0.397286 -0.720930 -0.038163
v 0.142014 -0.720000 -0.040000
v -0.432855 -0.671716 -0.040347
v 0.159495 -0.680036 -0.039298
v -0.452591 -0.646225 -0.039658
v 0.179137 -0.640000 -0.040000
v -0.488004 -0.608136 -0.039436
v 0.195900 -0.599371 -0.039816
v -0.546827 -0.556250 -0.036250
v -0.524248 -0.573318 -0.044248
v 0.206861 -0.561105 -0.038312
v -0.567278 -0.528684 -0.042251
v 0.214942 -0.520000 -0.040000
v -0.603973 -0.480023 -0.041526
v 0.220482 -0.480000 -0.040000
v -0.615665 -0.440000 -0.040000
v 0.228023 -0.435364 -0.044636
v -0.617347 -0.400000 -0.040000
v 0.234414 -0.400352 -0.046720
v -0.619703 -0.360000 -0.040000
v 0.239233 -0.358239 -0.040343
v -0.623630 -0.320000 -0.040000
v 0.246848 -0.326848 -0.033152
v 0.273498 -0.317237 -0.045314
v -0.624101 -0.280000 -0.040000
v 0.283509 -0.283509 -0.026631
v 0.316779 -0.277383 -0.044700
v -0.621570 -0.240000 -0.040000
v 0.327843 -0.247843 -0.032157
v 0.359262 -0.238839 -0.041676
v -0.618798 -0.200000 -0.040000
v 0.402543 -0.202445 -0.040048
v -0.607878 -0.161254 -0.035160
v 0.444108 -0.172257 -0.035892
v 0.472828 -0.154304 -0.040420
v -0.598920 -0.120297 -0.040029
v 0.520849 -0.120622 -0.041586
v -0.591158 -0.083366 -0.043366
v 0.559699 -0.079603 -0.039562
v -0.591150 -0.042812 -0.037849
v 0.565670 -0.039285 -0.042344
v -0.590846 -0.000079 -0.034405
v 0.568791 -0.004312 -0.044312
v -0.593321 0.042112 -0.039293
v 0.576540 0.040000 -0.040000
v -0.599439 0.080281 -0.040094
v 0.570854 0.084058 -0.044058
v -0.607279 0.121477 -0.040368
v 0.555232 0.113831 -0.040570
v -0.622962 0.160000 -0.040000
v 0.519915 0.160135 -0.039835
v -0.642515 0.200021 -0.042125
v 0.474881 0.195478 -0.040224
v -0.658601 0.240000 -0.040000
v 0.400000 0.256924 -0.040000
v 0.434824 0.235279 -0.040205
v -0.666410 0.280000 -0.040000
v 0.360076 0.279871 -0.039930
v -0.665479 0.320000 -0.040000
v 0.322675 0.321240 -0.037487
v -0.658583 0.360000 -0.040000
v 0.287966 0.368732 -0.040269
v -0.650079 0.404315 -0.044315
v 0.080000 0.418384 -0.040000
v 0.159194 0.410471 -0.034518
v 0.203561 0.402112 -0.039123
v 0.240739 0.395571 -0.040742
v -0.646069 0.439652 -0.048611
v -0.036856 0.451211 -0.036856
v -0.003005 0.435814 -0.043732
v 0.040136 0.433141 -0.046189
v 0.075780 0.435780 -0.053711
v 0.123106 0.431042 -0.049039
v -0.644827 0.481585 -0.041876
v -0.052343 0.476070 -0.043930
v -0.637053 0.516533 -0.038605
v -0.084037 0.515640 -0.039988
v -0.630279 0.550279 -0.030279
v -0.613220 0.563893 -0.043894
v -0.121824 0.558242 -0.039996
v -0.595400 0.594223 -0.038599
v -0.163998 0.596400 -0.039937
v -0.559924 0.639761 -0.038518
v -0.232050 0.646613 -0.040142
v -0.205755 0.629127 -0.039594
v -0.519058 0.680026 -0.036984
v -0.311838 0.685426 -0.040159
v -0.283882 0.673066 -0.039838
v -0.475725 0.709179 -0.035725
v -0.440403 0.717140 -0.040243
v -0.399072 0.712860 -0.040435
v -0.360000 0.703160 -0.040000
v -0.095015 -0.889265 -0.015015
v -0.060249 -0.891349 -0.014376
v -0.020371 -0.892814 -0.020738
v 0.014158 -0.890903 -0.020415
v -0.215611 -0.849047 -0.015611
v -0.180246 -0.862714 -0.020778
v -0.140000 -0.879953 -0.020000
v 0.060533 -0.860540 -0.021829
v -0.300000 -0.802765 -0.020000
v -0.261321 -0.823407 -0.024361
v 0.094973 -0.813767 -0.020165
v -0.339639 -0.781709 -0.020454
v 0.111089 -0.786245 -0.020124
v -0.382312 -0.739260 -0.021080
v 0.136907 -0.735378 -0.020040
v -0.416740 -0.696108 -0.020031
v 0.150501 -0.706013 -0.019455
v -0.442170 -0.660000 -0.020000
v 0.172432 -0.655530 -0.020137
v -0.495384 -0.605585 -0.015384
v -0.469645 -0.629412 -0.019923
v 0.184731 -0.623498 -0.018497
v -0.531053 -0.571961 -0.020239
v -0.509163 -0.589163 -0.029163
v 0.199065 -0.580000 -0.020000
v -0.573676 -0.533181 -0.020812
v 0.209923 -0.535702 -0.024298
v -0.593929 -0.504623 -0.024623
v 0.214447 -0.500630 -0.019569
v -0.614623 -0.459522 -0.018325
v 0.218063 -0.460119 -0.021011
v -0.617036 -0.420053 -0.020061
v 0.219283 -0.420013 -0.020250
v -0.616120 -0.379924 -0.019834
v 0.221663 -0.381813 -0.019566
v -0.616994 -0.340022 -0.022031
v 0.227176 -0.338933 -0.015736
v -0.617695 -0.300035 -0.021032
v 0.259123 -0.299172 -0.020638
v -0.618798 -0.260014 -0.020803
v 0.297030 -0.257392 -0.021046
v -0.617208 -0.219838 -0.022178
v 0.340000 -0.236352 -0.020000
v 0.379007 -0.222505 -0.021020
v -0.610929 -0.185537 -0.019353
v 0.422134 -0.181994 -0.020098
v 0.460000 -0.161632 -0.020000
v -0.595074 -0.140000 -0.020000
v 0.499876 -0.141729 -0.021230
v -0.586200 -0.098128 -0.018939
v 0.546757 -0.106648 -0.019331
v -0.588345 -0.065358 -0.020486
v 0.570123 -0.055618 -0.015618
v -0.593999 -0.020000 -0.020000
v 0.572246 -0.017794 -0.018852
v -0.594653 0.020000 -0.020000
v 0.574130 0.019416 -0.020472
v -0.595721 0.060000 -0.020000
v 0.577747 0.060100 -0.020092
v -0.600043 0.100000 -0.020000
v 0.572164 0.095159 -0.020341
v -0.614910 0.146781 -0.019885
v 0.539925 0.140650 -0.018799
v -0.629957 0.174386 -0.020249
v 0.498675 0.178802 -0.019983
v -0.655940 0.226958 -0.020252
v 0.457913 0.217944 -0.020160
v -0.667094 0.259003 -0.021792
v 0.380825 0.261030 -0.016490
v 0.413946 0.249194 -0.020024
v -0.668882 0.302304 -0.021723
v 0.335253 0.294630 -0.025325
v -0.664949 0.339404 -0.019696
v 0.302581 0.340977 -0.019009
v -0.656213 0.377206 -0.020195
v 0.184438 0.390178 -0.015561
v 0.219843 0.389364 -0.014196
v 0.262915 0.384515 -0.019069
v -0.652601 0.419966 -0.020691
v -0.020018 0.419899 -0.019601
v 0.020131 0.414667 -0.024997
v 0.060440 0.412345 -0.027204
v 0.099704 0.412735 -0.028236
v 0.137236 0.411502 -0.028648
v -0.653154 0.460374 -0.021391
v -0.048910 0.465963 -0.020430
v -0.652304 0.500798 -0.015092
v -0.067023 0.491669 -0.020041
v -0.639813 0.540000 -0.020000
v -0.102254 0.537671 -0.020023
v -0.616897 0.579552 -0.018756
v -0.141736 0.578410 -0.020028
v -0.581529 0.620232 -0.021471
v -0.220000 0.638435 -0.020000
v -0.186217 0.614793 -0.020000
v -0.541332 0.661373 -0.022221
v -0.260024 0.660179 -0.019418
v -0.499928 0.701012 -0.020617
v -0.460000 0.715077 -0.020000
v -0.420000 0.718348 -0.020000
v -0.374443 0.709185 -0.019663
v -0.340413 0.698217 -0.020132
v -0.300000 0.680373 -0.020000
v -0.153736 -0.876204 -0.000028
v -0.119035 -0.887714 0.000054
v -0.080000 -0.891434 0.000000
v -0.040000 -0.893384 0.000000
v 0.000000 -0.894082 0.000000
v 0.039638 -0.881563 -0.001200
v -0.240687 -0.837766 0.000114
v -0.200000 -0.856526 0.000000
v 0.078373 -0.841118 -0.000478
v -0.314558 -0.796231 0.000031
v -0.285761 -0.810274 -0.000078
v 0.102905 -0.800000 0.000000
v -0.363986 -0.764393 -0.000041
v 0.123973 -0.761073 -0.001779
v -0.398743 -0.718581 0.000027
v 0.148129 -0.715275 0.004725
v -0.432418 -0.670813 0.000182
v 0.163110 -0.680312 0.000026
v -0.480000 -0.620618 0.000000
v -0.451973 -0.645841 -0.000287
v 0.178402 -0.640000 0.000000
v -0.510612 -0.590767 -0.000067
v 0.192983 -0.595820 0.000090
v -0.555207 -0.555823 -0.000005
v 0.202133 -0.561161 -0.000087
v -0.594043 -0.512184 -0.000052
v 0.209880 -0.526388 -0.000195
v -0.608037 -0.484725 -0.000044
v 0.215076 -0.480000 0.000000
v -0.617081 -0.440000 0.000000
v 0.216980 -0.440000 0.000000
v -0.616449 -0.400000 0.000000
v 0.217902 -0.400000 0.000000
v -0.614190 -0.360000 0.000000
v 0.220240 -0.360000 0.000000
v -0.613193 -0.320000 0.000000
v 0.234248 -0.312982 -0.003499
v -0.614882 -0.280000 0.000000
v 0.259080 -0.280000 0.000000
v 0.271102 -0.271102 0.000232
v -0.616292 -0.240000 0.000000
v 0.299491 -0.240000 0.000000
v 0.280000 -0.251333 0.000000
v 0.320365 -0.236732 -0.000367
v 0.355075 -0.231096 0.000003
v -0.611002 -0.195377 0.004623
v 0.399816 -0.200033 0.000065
v -0.599231 -0.160246 -0.000542
v 0.446482 -0.164701 -0.000077
v 0.475790 -0.152896 0.000046
v -0.587237 -0.124941 -0.004941
v 0.528926 -0.127082 0.000023
v -0.584533 -0.080000 0.000000
v 0.564828 -0.080805 -0.000093
v -0.591776 -0.038734 -0.002469
v 0.573970 -0.040000 0.000000
v -0.594642 -0.000139 -0.000122
v 0.575423 0.000000 0.000000
v -0.594169 0.040004 -0.000057
v 0.576351 0.040000 0.000000
v -0.594485 0.079602 0.000109
v 0.576551 0.080000 0.000000
v -0.601818 0.119097 0.000043
v 0.562406 0.119612 -0.000947
v -0.620325 0.160000 0.000000
v 0.518301 0.158511 0.000067
v -0.643518 0.200465 -0.000072
v 0.479050 0.199022 0.000011
v -0.663373 0.240000 0.000000
v 0.404877 0.251795 0.004877
v 0.436961 0.237609 0.000167
v -0.671470 0.279750 0.000095
v 0.332020 0.284550 -0.004550
v 0.355170 0.268277 -0.004830
v -0.668889 0.320000 0.000000
v 0.315184 0.312636 -0.000001
v -0.660850 0.360000 0.000000
v 0.283893 0.363922 -0.000107
v -0.653913 0.400000 0.000000
v 0.004721 0.406694 0.000070
v 0.039879 0.401045 0.000036
v 0.079990 0.401745 0.000047
v 0.120580 0.400754 -0.000014
v 0.161116 0.394126 -0.001788
v 0.200000 0.387488 0.000000
v 0.240000 0.386125 0.000000
v -0.654959 0.440000 0.000000
v -0.035949 0.443881 0.000094
v -0.656330 0.480000 0.000000
v -0.059061 0.480000 0.000000
v -0.648929 0.525232 0.000135
v -0.083215 0.516497 -0.000073
v -0.636543 0.555141 0.000018
v -0.121082 0.558942 0.003883
v -0.601927 0.602027 -0.000361
v -0.162511 0.597826 0.000026
v -0.561422 0.641399 0.002035
v -0.233112 0.645336 -0.000109
v -0.206153 0.629054 0.000338
v -0.523902 0.684026 0.000001
v -0.315288 0.688348 -0.000047
v -0.287903 0.674407 0.000046
v -0.474593 0.711320 0.000270
v -0.440146 0.718986 0.000059
v -0.399506 0.716477 0.000097
v -0.360000 0.706554 0.000000
v -0.140000 -0.880569 0.020000
v -0.095088 -0.889514 0.015088
v -0.060248 -0.891500 0.014454
v -0.020146 -0.892306 0.020897
v 0.015959 -0.891146 0.015959
v -0.215483 -0.848501 0.015483
v -0.180201 -0.863244 0.021508
v 0.061671 -0.861928 0.023922
v -0.300000 -0.801942 0.020000
v -0.261300 -0.822655 0.022852
v 0.095147 -0.813746 0.020041
v -0.340916 -0.780233 0.021385
v 0.111061 -0.786152 0.020109
v -0.379609 -0.739990 0.018476
v 0.135573 -0.740781 0.019852
v -0.415411 -0.694487 0.020285
v 0.155004 -0.700000 0.020000
v -0.434198 -0.664731 0.024731
v 0.172897 -0.655771 0.019971
v -0.495244 -0.605433 0.015244
v -0.468098 -0.627587 0.019562
v 0.184866 -0.621613 0.019837
v -0.531601 -0.572381 0.020092
v 0.197293 -0.580000 0.020000
v -0.574574 -0.534197 0.020528
v 0.206662 -0.540000 0.020000
v -0.594322 -0.504926 0.024926
v 0.213014 -0.498685 0.018372
v -0.613258 -0.459008 0.018435
v 0.215859 -0.460223 0.020344
v -0.615391 -0.420073 0.020578
v 0.217593 -0.420033 0.020158
v -0.614198 -0.379889 0.020387
v 0.217523 -0.379988 0.020082
v -0.613554 -0.339961 0.020057
v 0.220446 -0.339953 0.020279
v -0.615035 -0.300236 0.019751
v 0.257286 -0.295046 0.022489
v -0.617761 -0.260055 0.019827
v 0.296642 -0.257644 0.021075
v 0.330038 -0.250038 0.029962
v -0.613777 -0.219064 0.020365
v 0.340000 -0.237890 0.020000
v 0.380581 -0.221503 0.019472
v -0.605351 -0.180000 0.020000
v 0.421505 -0.181448 0.020069
v 0.460000 -0.160494 0.020000
v -0.590899 -0.135402 0.015402
v 0.499861 -0.141769 0.020072
v -0.584153 -0.100272 0.020331
v 0.546544 -0.106640 0.019542
v -0.586756 -0.059154 0.019690
v 0.569471 -0.055449 0.015448
v -0.594579 -0.020000 0.020000
v 0.574187 -0.020482 0.020017
v -0.596452 0.020000 0.020000
v 0.575012 0.020173 0.019993
v -0.595120 0.060000 0.020000
v 0.574904 0.060479 0.020720
v -0.597993 0.100000 0.020000
v 0.570011 0.095999 0.015999
v -0.614661 0.143092 0.021680
v 0.540128 0.136704 0.018634
v -0.629969 0.174253 0.020497
v 0.496043 0.176168 0.020546
v -0.653953 0.223653 0.020519
v 0.429547 0.229547 0.029547
v 0.454735 0.215214 0.020956
v -0.664942 0.255276 0.021126
v 0.349140 0.269140 0.010860
v 0.380124 0.257948 0.020725
v 0.420000 0.240649 0.020000
v -0.668963 0.302617 0.021664
v 0.333086 0.291929 0.018978
v -0.664909 0.339338 0.019730
v 0.304119 0.341594 0.018602
v -0.656280 0.377155 0.020169
v 0.183740 0.388276 0.016260
v 0.219570 0.386928 0.020800
v 0.260015 0.380160 0.020012
v -0.652728 0.419888 0.020530
v -0.013783 0.423962 0.021113
v 0.020166 0.415105 0.024230
v 0.060076 0.413702 0.026141
v 0.100322 0.412837 0.026717
v 0.135237 0.405387 0.024763
v -0.654196 0.459977 0.020736
v -0.047853 0.464057 0.015943
v -0.653234 0.498705 0.018635
v -0.066739 0.491619 0.019955
v -0.640441 0.540000 0.020000
v -0.629821 0.549821 0.029821
v -0.102473 0.540879 0.021660
v -0.615698 0.578988 0.018629
v -0.139410 0.578351 0.021169
v -0.580049 0.620081 0.020153
v -0.215750 0.631961 0.024250
v -0.187214 0.614188 0.020434
v -0.539723 0.661125 0.021778
v -0.300000 0.679640 0.020000
v -0.258981 0.657460 0.020924
v -0.500928 0.699786 0.021078
v -0.464089 0.710429 0.024089
v -0.420000 0.716690 0.020000
v -0.378624 0.708851 0.021961
v -0.340135 0.697050 0.020760
v -0.156431 -0.870655 0.036431
v -0.119552 -0.879223 0.039932
v -0.079734 -0.884254 0.040428
v -0.041846 -0.885849 0.043238
v 0.001863 -0.886210 0.043634
v 0.039383 -0.878439 0.036298
v -0.237048 -0.831512 0.037048
v -0.206656 -0.844858 0.043262
v 0.077803 -0.840296 0.038790
v -0.316029 -0.788657 0.036029
v -0.282899 -0.804865 0.043345
v 0.103134 -0.800000 0.040000
v -0.358761 -0.758848 0.038489
v 0.124260 -0.761580 0.041747
v -0.394742 -0.714133 0.040657
v 0.147812 -0.715140 0.035140
v -0.420223 -0.680000 0.040000
v 0.162793 -0.680344 0.039836
v -0.444725 -0.645096 0.039645
v 0.178392 -0.640000 0.040000
v -0.515075 -0.585457 0.035075
v -0.487110 -0.606218 0.039486
v 0.191276 -0.594517 0.040634
v -0.551601 -0.551285 0.037503
v -0.529397 -0.569397 0.049397
v 0.199077 -0.559277 0.038210
v -0.572793 -0.523884 0.043884
v 0.205238 -0.519421 0.041784
v -0.601524 -0.480126 0.039996
v 0.209727 -0.479650 0.045661
v -0.609402 -0.439544 0.045665
v 0.215048 -0.440000 0.040000
v -0.610921 -0.404819 0.044819
v 0.216564 -0.400000 0.040000
v -0.613030 -0.360000 0.040000
v 0.220730 -0.360000 0.040000
v -0.614834 -0.320000 0.040000
v 0.238847 -0.319828 0.041241
v 0.270439 -0.310439 0.049561
v -0.619288 -0.280000 0.040000
v 0.282096 -0.287669 0.031689
v 0.317278 -0.275396 0.044239
v -0.617847 -0.240000 0.040000
v 0.360230 -0.240317 0.039754
v -0.607006 -0.195518 0.039911
v 0.402319 -0.202268 0.040101
v -0.600241 -0.159847 0.038694
v 0.443804 -0.171677 0.036195
v 0.473217 -0.155077 0.039952
v -0.591950 -0.124992 0.039419
v 0.524939 -0.124207 0.039819
v -0.584486 -0.080000 0.040000
v 0.557020 -0.080268 0.038898
v -0.589902 -0.035619 0.035619
v 0.570715 -0.044974 0.035026
v -0.598020 -0.000210 0.040183
v 0.578240 0.000000 0.040000
v -0.597993 0.039903 0.039906
v 0.573871 0.040000 0.040000
v -0.598013 0.081136 0.041398
v 0.564768 0.082811 0.043227
v -0.608098 0.115073 0.040743
v 0.533340 0.123774 0.043774
v 0.551974 0.111974 0.031974
v -0.627611 0.164898 0.044898
v 0.493545 0.163786 0.043786
v 0.516415 0.146502 0.036415
v -0.642523 0.199869 0.039800
v 0.447553 0.206387 0.041776
v 0.476343 0.186384 0.036343
v -0.656742 0.240000 0.040000
v 0.403511 0.240376 0.043322
v -0.664855 0.280000 0.040000
v 0.353733 0.274017 0.039148
v -0.666105 0.320000 0.040000
v 0.320940 0.319534 0.040112
v -0.658152 0.360000 0.040000
v 0.286815 0.366376 0.037805
v -0.650634 0.404608 0.044608
v 0.163431 0.403276 0.034147
v 0.198213 0.394876 0.042176
v 0.240858 0.391407 0.045002
v -0.649227 0.439722 0.045712
v -0.031418 0.448582 0.031418
v -0.001957 0.436995 0.042545
v 0.040391 0.434305 0.044914
v 0.079911 0.432676 0.046652
v 0.117349 0.430705 0.048567
v -0.646341 0.479722 0.048120
v -0.045323 0.473926 0.043074
v -0.640393 0.520388 0.040245
v -0.083450 0.516186 0.039990
v -0.607249 0.562046 0.047512
v -0.120731 0.562826 0.041727
v -0.593810 0.592430 0.038290
v -0.200000 0.618250 0.040000
v -0.165006 0.596049 0.040254
v -0.554479 0.634112 0.041103
v -0.239386 0.641513 0.042083
v -0.518698 0.678777 0.038374
v -0.360000 0.699350 0.040000
v -0.318298 0.682332 0.042004
v -0.284168 0.668617 0.035832
v -0.480000 0.700865 0.040000
v -0.440644 0.710338 0.034208
v -0.404171 0.709898 0.035829
v -0.181455 -0.853041 0.055725
v -0.143529 -0.862836 0.061120
v -0.099629 -0.866933 0.067703
v -0.064988 -0.873873 0.064988
v -0.020000 -0.879712 0.060000
v 0.024344 -0.873186 0.064344
v 0.055913 -0.856798 0.060672
v -0.257249 -0.811616 0.057249
v -0.223449 -0.824864 0.062613
v 0.089597 -0.816598 0.056598
v -0.335935 -0.766578 0.055935
v -0.301847 -0.782588 0.061136
v 0.106415 -0.788403 0.059551
v -0.371892 -0.731253 0.057726
v -0.348337 -0.748337 0.068337
v 0.135977 -0.734325 0.060339
v -0.410111 -0.690111 0.050111
v -0.392312 -0.703623 0.063623
v 0.149994 -0.705783 0.059598
v -0.423233 -0.663776 0.062903
v 0.170717 -0.654394 0.060682
v -0.459893 -0.621897 0.062045
v 0.181357 -0.620626 0.060713
v -0.506579 -0.586020 0.059369
v 0.188829 -0.579398 0.065287
v -0.544606 -0.544999 0.062310
v 0.197196 -0.540000 0.060000
v -0.580005 -0.500021 0.060018
v 0.201657 -0.500000 0.060000
v -0.594062 -0.464621 0.064621
v 0.207680 -0.455026 0.055026
v -0.606237 -0.420000 0.060000
v 0.211298 -0.420109 0.054831
v -0.610609 -0.380080 0.054106
v 0.213709 -0.380766 0.061253
v -0.612109 -0.340407 0.060660
v 0.224101 -0.345828 0.060279
v 0.260000 -0.321200 0.060000
v -0.616959 -0.300335 0.060169
v 0.303152 -0.301427 0.055796
v 0.336541 -0.287133 0.063459
v -0.618927 -0.259987 0.060056
v 0.343644 -0.263644 0.047755
v 0.368124 -0.256358 0.063642
v -0.612465 -0.218556 0.060104
v 0.384611 -0.225489 0.060428
v -0.604029 -0.180000 0.060000
v 0.423894 -0.191976 0.056106
v 0.452230 -0.173591 0.059403
v -0.598624 -0.140000 0.060000
v 0.500611 -0.138992 0.059242
v -0.588672 -0.098288 0.058008
v 0.541552 -0.101616 0.063265
v -0.586605 -0.059874 0.060132
v 0.572129 -0.055247 0.058842
v -0.589235 -0.022283 0.061973
v 0.583371 -0.021527 0.058304
v -0.595169 0.020000 0.060000
v 0.581948 0.020591 0.058494
v -0.601376 0.060000 0.060000
v 0.569830 0.054016 0.059844
v -0.609906 0.103696 0.063696
v 0.540201 0.100260 0.060342
v -0.622115 0.139610 0.059028
v 0.503755 0.141469 0.062525
v -0.635689 0.180000 0.060000
v 0.462091 0.181007 0.063500
v -0.649869 0.224117 0.055883
v 0.418293 0.216348 0.057684
v -0.656236 0.259537 0.058785
v 0.378950 0.258935 0.060104
v -0.660909 0.298673 0.060283
v 0.340019 0.298554 0.061669
v -0.659179 0.337720 0.059208
v 0.311879 0.344171 0.055829
v -0.651929 0.378096 0.058649
v 0.263835 0.391025 0.056165
v 0.292258 0.372236 0.058952
v -0.646046 0.420000 0.060000
v 0.139489 0.426914 0.052352
v 0.176724 0.416101 0.061206
v 0.220000 0.401718 0.060000
v -0.643551 0.460000 0.060000
v -0.018877 0.461382 0.054865
v 0.017308 0.460376 0.061758
v 0.060180 0.453607 0.065557
v 0.100368 0.454203 0.065529
v 0.130013 0.450013 0.069987
v -0.627819 0.499276 0.067698
v -0.060788 0.497644 0.061739
v -0.616409 0.538287 0.056000
v -0.100011 0.539995 0.060017
v -0.583170 0.582124 0.061027
v -0.142679 0.577782 0.060136
v -0.570035 0.610035 0.050035
v -0.544647 0.625347 0.065350
v -0.218044 0.624408 0.061502
v -0.184797 0.606683 0.055203
v -0.526420 0.656228 0.056228
v -0.502282 0.668673 0.067385
v -0.296555 0.664243 0.062833
v -0.262947 0.651547 0.057053
v -0.491198 0.691198 0.051198
v -0.460289 0.696538 0.054911
v -0.419212 0.698686 0.060059
v -0.379815 0.697363 0.055669
v -0.344460 0.687669 0.055539
v -0.080000 -0.861504 0.080000
v -0.040172 -0.868878 0.074053
v 0.000184 -0.869114 0.074148
v -0.197430 -0.831571 0.077430
v -0.164315 -0.844366 0.081338
v -0.119730 -0.847511 0.087546
v 0.042767 -0.846461 0.086590
v 0.072452 -0.832452 0.072453
v -0.276107 -0.786188 0.076107
v -0.242071 -0.800818 0.081277
v 0.085288 -0.806429 0.083046
v -0.317961 -0.759581 0.078667
v -0.283963 -0.763963 0.093683
v 0.118013 -0.759024 0.077258
v -0.361914 -0.721613 0.082185
v 0.139213 -0.720000 0.080000
v -0.401100 -0.681328 0.082138
v 0.158064 -0.680143 0.078438
v -0.436801 -0.639315 0.076448
v 0.169193 -0.643672 0.083672
v -0.480480 -0.600273 0.081074
v 0.180574 -0.600000 0.080000
v -0.519941 -0.559927 0.079869
v 0.189469 -0.555628 0.075628
v -0.555326 -0.518022 0.074413
v 0.193476 -0.518354 0.079021
v -0.566747 -0.481985 0.088034
v 0.197385 -0.480207 0.078971
v -0.595551 -0.440435 0.073961
v 0.200830 -0.441068 0.082454
v -0.600927 -0.400702 0.080255
v 0.206653 -0.404128 0.079396
v -0.607936 -0.361704 0.081416
v 0.220777 -0.360000 0.080000
v 0.240000 -0.340497 0.080000
v -0.612301 -0.320000 0.080000
v 0.249780 -0.329780 0.070220
v 0.280940 -0.324167 0.077693
v 0.315826 -0.315661 0.080382
v -0.617263 -0.280000 0.080000
v 0.362283 -0.282074 0.078049
v -0.615596 -0.240000 0.080000
v 0.387720 -0.235465 0.084535
v -0.607811 -0.198997 0.082534
v 0.408908 -0.208620 0.080643
v 0.434585 -0.189947 0.079037
v -0.602199 -0.157476 0.080097
v 0.478192 -0.158385 0.083631
v -0.595846 -0.119138 0.079578
v 0.522316 -0.119679 0.081273
v -0.590236 -0.084400 0.084400
v 0.556578 -0.080267 0.078138
v -0.586808 -0.040000 0.080000
v 0.585372 -0.040000 0.080000
v -0.589387 0.006360 0.080233
v 0.591305 -0.004780 0.084781
v -0.601073 0.039555 0.077443
v 0.572300 0.044489 0.084489
v -0.606808 0.078500 0.078625
v 0.529288 0.089288 0.089288
v 0.552641 0.071906 0.080506
v -0.621585 0.120000 0.080000
v 0.515492 0.115436 0.074803
v -0.633010 0.160996 0.081998
v 0.479397 0.156350 0.077266
v -0.641756 0.198880 0.082546
v 0.435099 0.195757 0.076540
v -0.646609 0.238182 0.081136
v 0.394643 0.233812 0.079758
v -0.649340 0.280380 0.085616
v 0.362048 0.282428 0.077958
v -0.655569 0.320000 0.080000
v 0.333814 0.324407 0.075593
v 0.350916 0.310916 0.089084
v -0.648704 0.363396 0.083396
v 0.316314 0.355740 0.082045
v -0.641076 0.400833 0.080183
v 0.204697 0.413835 0.075303
v 0.239790 0.405424 0.072128
v 0.275295 0.396742 0.082195
v -0.636617 0.440070 0.074966
v 0.160467 0.440041 0.079653
v -0.627519 0.476257 0.076257
v -0.609048 0.489048 0.089048
v -0.036281 0.493085 0.076281
v -0.000116 0.482282 0.077968
v 0.035836 0.480635 0.082459
v 0.080166 0.474942 0.085127
v 0.117825 0.472481 0.088142
v -0.600950 0.521524 0.080324
v -0.076953 0.520059 0.077211
v -0.049075 0.510925 0.089075
v -0.591671 0.551670 0.071671
v -0.568945 0.562563 0.088393
v -0.120031 0.559577 0.079732
v -0.558811 0.597647 0.077799
v -0.192318 0.605989 0.079629
v -0.165634 0.589755 0.080636
v -0.518883 0.638669 0.079476
v -0.489618 0.649618 0.089618
v -0.275741 0.644497 0.082656
v -0.244653 0.632568 0.081802
v -0.480828 0.674161 0.073998
v -0.439972 0.681378 0.079093
v -0.398144 0.683661 0.079964
v -0.363452 0.678036 0.080039
v -0.323871 0.668248 0.076129
v -0.090343 -0.850343 0.090343
v -0.060157 -0.852879 0.092104
v -0.020014 -0.852737 0.092305
v 0.017417 -0.851949 0.091242
v -0.211574 -0.811574 0.091574
v -0.183120 -0.821388 0.101744
v -0.139999 -0.827336 0.107068
v -0.102784 -0.829074 0.108226
v 0.020000 -0.820000 0.119692
v 0.061205 -0.821116 0.101157
v -0.258060 -0.776550 0.096555
v -0.222251 -0.788400 0.107259
v 0.096182 -0.777949 0.097376
v -0.338243 -0.733174 0.093039
v -0.302893 -0.744028 0.103929
v 0.109274 -0.749274 0.109274
v 0.125612 -0.735402 0.095402
v -0.375775 -0.696140 0.095244
v -0.348791 -0.708791 0.108791
v 0.142414 -0.701807 0.101768
v -0.414288 -0.653619 0.098361
v 0.159502 -0.660000 0.100000
v -0.452866 -0.613629 0.100736
v -0.429473 -0.629473 0.109473
v 0.171803 -0.618330 0.098898
v -0.496254 -0.575717 0.097069
v 0.180186 -0.580152 0.100101
v -0.527435 -0.536467 0.096467
v -0.509578 -0.549578 0.109578
v 0.187069 -0.539201 0.099037
v -0.543783 -0.502828 0.101537
v 0.190987 -0.504666 0.104666
v -0.573580 -0.461008 0.093060
v 0.197779 -0.460000 0.100000
v -0.584195 -0.423663 0.102531
v 0.203570 -0.420000 0.100000
v -0.599173 -0.380000 0.100000
v 0.215388 -0.379238 0.099406
v -0.608943 -0.335012 0.095012
v 0.229796 -0.349795 0.090205
v 0.260011 -0.339864 0.099968
v 0.300000 -0.326079 0.100000
v -0.613712 -0.300550 0.100089
v 0.346001 -0.304906 0.097538
v -0.616544 -0.259987 0.100068
v 0.382137 -0.260321 0.100601
v -0.612212 -0.221203 0.102329
v 0.412007 -0.213204 0.102510
v -0.605607 -0.180000 0.100000
v 0.460142 -0.177266 0.102795
v -0.601856 -0.140000 0.100000
v 0.499921 -0.140211 0.098423
v -0.593516 -0.100000 0.100000
v 0.537377 -0.097118 0.100123
v -0.589719 -0.060298 0.093746
v 0.570565 -0.054738 0.101102
v -0.588300 -0.017732 0.098220
v 0.586041 -0.024419 0.101181
v -0.592702 0.020000 0.100000
v 0.585932 0.020701 0.099650
v -0.608681 0.064813 0.104813
v 0.548839 0.068039 0.102548
v -0.617735 0.100446 0.099623
v 0.506114 0.106972 0.099127
v -0.628982 0.134596 0.100608
v 0.487742 0.133908 0.100396
v -0.637928 0.180000 0.100000
v 0.454671 0.174074 0.099894
v -0.641721 0.220000 0.100000
v 0.414946 0.214828 0.102155
v -0.642259 0.260000 0.100000
v 0.381418 0.260528 0.096543
v -0.648964 0.304635 0.095365
v 0.366504 0.295381 0.104619
v -0.651150 0.340822 0.094390
v 0.340146 0.338131 0.103021
v -0.638310 0.380000 0.100000
v 0.301479 0.381746 0.096356
v -0.624179 0.423522 0.101669
v 0.189702 0.429702 0.090298
v 0.223633 0.423070 0.098668
v 0.259083 0.414194 0.104533
v -0.613749 0.460482 0.094039
v 0.143084 0.465673 0.094238
v 0.176823 0.448273 0.103177
v -0.581126 0.503218 0.103562
v -0.020461 0.505146 0.094885
v 0.023173 0.501294 0.098751
v 0.060177 0.497613 0.102452
v 0.100528 0.494653 0.106083
v -0.573158 0.540778 0.093281
v -0.093809 0.544757 0.101011
v -0.059221 0.529284 0.105675
v -0.544189 0.582816 0.103886
v -0.180000 0.595801 0.100000
v -0.141792 0.575332 0.101988
v -0.532828 0.612828 0.092828
v -0.502761 0.620999 0.103231
v -0.260422 0.625615 0.107106
v -0.222739 0.616646 0.096565
v -0.460416 0.655783 0.096293
v -0.423607 0.659914 0.102514
v -0.380071 0.662378 0.102431
v -0.343150 0.658645 0.098460
v -0.304067 0.647220 0.095933
v -0.080436 -0.831012 0.111221
v -0.039951 -0.832366 0.112580
v 0.000096 -0.831172 0.111724
v 0.030093 -0.830093 0.110093
v -0.197535 -0.796105 0.116195
v -0.159791 -0.806052 0.125363
v -0.119906 -0.806554 0.125804
v -0.079566 -0.806191 0.131386
v -0.040000 -0.800000 0.137376
v -0.000172 -0.806304 0.131809
v 0.043105 -0.805595 0.124556
v 0.073990 -0.793990 0.113990
v -0.271848 -0.751848 0.111848
v -0.240856 -0.760548 0.120152
v -0.209517 -0.769517 0.129517
v 0.085033 -0.766310 0.124939
v -0.319387 -0.719735 0.119746
v -0.282353 -0.728445 0.127764
v 0.120114 -0.721449 0.121253
v -0.390914 -0.670914 0.110914
v -0.362451 -0.685262 0.122946
v 0.146830 -0.675774 0.115774
v -0.405263 -0.645369 0.122232
v 0.158664 -0.638510 0.119067
v -0.471619 -0.592099 0.120994
v -0.443933 -0.612060 0.123933
v 0.165860 -0.599296 0.128493
v -0.493722 -0.564505 0.124505
v 0.178187 -0.560000 0.120000
v -0.522286 -0.521636 0.121524
v 0.185382 -0.520000 0.120000
v -0.547525 -0.476199 0.116199
v 0.192608 -0.478525 0.118237
v -0.564019 -0.442500 0.122732
v 0.199203 -0.439470 0.121131
v -0.588162 -0.395746 0.115746
v 0.209899 -0.403638 0.116362
v -0.601315 -0.360381 0.120702
v 0.236960 -0.359602 0.121173
v -0.610444 -0.326517 0.119902
v 0.286143 -0.330614 0.120007
v 0.320195 -0.320758 0.119625
v -0.615605 -0.280000 0.120000
v 0.363651 -0.281881 0.122707
v -0.615155 -0.240000 0.120000
v 0.393753 -0.233922 0.120152
v -0.608644 -0.194603 0.119988
v 0.439667 -0.199147 0.121830
v -0.603693 -0.160284 0.123025
v 0.482567 -0.162623 0.120280
v -0.598174 -0.121791 0.120045
v 0.519104 -0.120841 0.119101
v -0.592010 -0.079638 0.119718
v 0.553502 -0.071815 0.120768
v -0.592568 -0.039806 0.119328
v 0.570158 -0.043526 0.123526
v -0.590949 0.002065 0.121884
v 0.587001 0.000000 0.120000
v -0.601628 0.039395 0.122736
v 0.565683 0.045440 0.123494
v -0.613677 0.080000 0.120000
v 0.524362 0.084670 0.119909
v -0.626737 0.120000 0.120000
v 0.496972 0.120000 0.120000
v -0.633461 0.159260 0.120722
v 0.474577 0.153584 0.119558
v -0.636376 0.200092 0.120780
v 0.440352 0.199141 0.120909
v -0.635358 0.240050 0.118449
v 0.403927 0.242333 0.116605
v -0.638366 0.281239 0.119561
v 0.387826 0.276338 0.123662
v -0.644473 0.320427 0.121242
v 0.362384 0.319352 0.120434
v -0.640032 0.360009 0.120003
v 0.326914 0.368264 0.117806
v -0.627351 0.395486 0.115486
v 0.287882 0.406694 0.120847
v 0.310931 0.390931 0.129069
v -0.599949 0.439714 0.119816
v 0.202392 0.442614 0.118720
v 0.237410 0.432365 0.122590
v -0.595438 0.475438 0.105698
v -0.566395 0.478872 0.125479
v 0.128818 0.488818 0.111182
v 0.158475 0.477195 0.121320
v -0.556232 0.516432 0.116553
v -0.037682 0.527667 0.111840
v -0.000090 0.522300 0.117613
v 0.040176 0.520009 0.119943
v 0.080484 0.514702 0.125641
v 0.115370 0.505386 0.124630
v -0.550573 0.550573 0.110573
v -0.527509 0.559433 0.126517
v -0.114584 0.563755 0.120577
v -0.083641 0.549746 0.123641
v -0.517264 0.594379 0.115407
v -0.479348 0.605807 0.124750
v -0.240439 0.609748 0.125507
v -0.200027 0.601230 0.120136
v -0.164697 0.588109 0.115303
v -0.475510 0.635510 0.106085
v -0.440293 0.636753 0.117206
v -0.403179 0.640024 0.121801
v -0.357063 0.642020 0.119430
v -0.319695 0.636682 0.116429
v -0.284201 0.626855 0.115799
v -0.055291 -0.815291 0.126513
v -0.024838 -0.815162 0.125919
v -0.177977 -0.779540 0.138548
v -0.140018 -0.784080 0.143503
v -0.099880 -0.784593 0.143824
v -0.059938 -0.787501 0.146077
v -0.019963 -0.787341 0.146036
v 0.019659 -0.785814 0.144694
v 0.056657 -0.777946 0.136090
v -0.260885 -0.731765 0.132680
v -0.222767 -0.740711 0.143125
v 0.064360 -0.744360 0.153236
v 0.096588 -0.738941 0.136684
v -0.333981 -0.696464 0.135938
v -0.299744 -0.704731 0.145325
v -0.268902 -0.708902 0.148902
v 0.108536 -0.702562 0.148037
v 0.130455 -0.690455 0.130455
v -0.379390 -0.659537 0.139061
v 0.138242 -0.658359 0.139800
v -0.420814 -0.619839 0.140935
v 0.146697 -0.622314 0.147818
v -0.464895 -0.584811 0.145537
v 0.169137 -0.576129 0.136129
v -0.502639 -0.541572 0.141733
v 0.178129 -0.537537 0.138283
v -0.525949 -0.495109 0.135109
v 0.186936 -0.498725 0.139928
v -0.540986 -0.460473 0.140964
v 0.196830 -0.460000 0.140000
v -0.570485 -0.416800 0.136800
v 0.210928 -0.414434 0.139033
v -0.583230 -0.382374 0.143503
v 0.222862 -0.383824 0.136496
v -0.604710 -0.340000 0.140000
v 0.259744 -0.340009 0.140908
v 0.300000 -0.323854 0.140000
v -0.613028 -0.300430 0.135462
v 0.340533 -0.300796 0.141158
v -0.613255 -0.257973 0.139057
v 0.373290 -0.252681 0.137765
v -0.611055 -0.219284 0.134216
v 0.389505 -0.229505 0.149505
v 0.413427 -0.215120 0.139983
v -0.604586 -0.180000 0.140000
v 0.466965 -0.185943 0.140388
v -0.598685 -0.140000 0.140000
v 0.504299 -0.144782 0.140304
v -0.594170 -0.100000 0.140000
v 0.534978 -0.093226 0.140685
v -0.593464 -0.060000 0.140000
v 0.550915 -0.063740 0.143740
v -0.593485 -0.020000 0.140000
v 0.576000 -0.020661 0.133778
v -0.596156 0.020000 0.140000
v 0.575932 0.020616 0.133473
v -0.608947 0.064665 0.135335
v 0.542063 0.060780 0.142135
v -0.619051 0.100294 0.140268
v 0.509712 0.105448 0.140717
v -0.625590 0.138786 0.144868
v 0.494248 0.132426 0.139589
v -0.629832 0.180232 0.145886
v 0.461627 0.180542 0.138121
v -0.628376 0.219638 0.145074
v 0.433855 0.223967 0.136033
v 0.450593 0.210593 0.149407
v -0.625438 0.260009 0.148257
v 0.415788 0.255076 0.144759
v -0.632891 0.295010 0.144990
v 0.379123 0.298810 0.142457
v -0.632890 0.344492 0.144492
v 0.344236 0.345466 0.140163
v -0.620750 0.381893 0.141242
v 0.328528 0.373632 0.140073
v -0.611395 0.411395 0.131395
v -0.585619 0.426356 0.144061
v 0.263951 0.426237 0.138798
v 0.296426 0.408529 0.143574
v -0.571672 0.458097 0.133603
v -0.542903 0.462903 0.148420
v 0.181920 0.466727 0.131782
v 0.211807 0.454163 0.141852
v -0.539031 0.496821 0.136792
v 0.142322 0.500451 0.137988
v 0.170304 0.490305 0.149695
v -0.535715 0.535715 0.126655
v -0.507417 0.539449 0.146007
v -0.060725 0.546548 0.132183
v -0.020293 0.543347 0.136483
v 0.020461 0.541856 0.141026
v 0.060228 0.536091 0.144517
v 0.095673 0.526064 0.144327
v -0.496347 0.577478 0.135742
v -0.459405 0.586468 0.144950
v -0.220000 0.598353 0.140000
v -0.178388 0.588483 0.142013
v -0.140199 0.579162 0.139891
v -0.100000 0.563385 0.140000
v -0.455961 0.615961 0.127491
v -0.420256 0.615868 0.136528
v -0.379877 0.621215 0.138301
v -0.341568 0.620987 0.137834
v -0.299631 0.615352 0.135054
v -0.264098 0.607547 0.135902
v -0.195575 -0.755575 0.145985
v -0.159582 -0.759956 0.159110
v -0.118084 -0.760336 0.159083
v -0.079658 -0.758930 0.162473
v -0.040159 -0.758424 0.164194
v 0.001667 -0.759111 0.163489
v 0.038718 -0.757861 0.155400
v -0.236875 -0.716298 0.156609
v -0.199326 -0.725862 0.165414
v 0.044404 -0.724404 0.173196
v 0.080020 -0.720022 0.159997
v -0.356327 -0.667229 0.156327
v -0.322902 -0.683494 0.161067
v -0.284355 -0.692640 0.164354
v 0.084500 -0.684500 0.173392
v 0.113858 -0.680771 0.154157
v -0.392004 -0.632168 0.157787
v -0.368821 -0.648821 0.168821
v 0.121137 -0.643961 0.163852
v -0.438862 -0.597782 0.158649
v -0.409669 -0.609669 0.169669
v 0.120000 -0.600000 0.178708
v 0.150139 -0.601107 0.154970
v -0.479423 -0.558572 0.158563
v 0.160927 -0.560349 0.159906
v -0.507379 -0.515952 0.155952
v -0.489973 -0.529973 0.169973
v 0.167301 -0.522533 0.168078
v -0.519518 -0.480859 0.160974
v 0.190809 -0.474702 0.160708
v -0.550098 -0.436796 0.156796
v 0.204332 -0.443285 0.158792
v -0.563860 -0.405359 0.163098
v 0.222606 -0.400000 0.160000
v -0.590480 -0.356680 0.156680
v 0.241256 -0.361446 0.156611
v -0.599730 -0.319937 0.160090
v 0.286623 -0.324185 0.159627
v 0.315074 -0.310618 0.161300
v -0.605791 -0.279640 0.160884
v 0.347399 -0.276097 0.156096
v -0.608537 -0.237894 0.161179
v 0.364952 -0.245619 0.159193
v 0.400000 -0.221996 0.160000
v -0.601146 -0.199005 0.160470
v 0.440145 -0.202960 0.161994
v -0.594902 -0.161285 0.159414
v 0.489120 -0.169285 0.156946
v -0.592471 -0.117489 0.159114
v 0.523302 -0.120103 0.159593
v -0.593156 -0.079744 0.160964
v 0.532237 -0.084536 0.164536
v -0.591455 -0.037591 0.158554
v 0.553196 -0.040920 0.151837
v -0.593361 -0.000283 0.160774
v 0.558733 0.000010 0.158665
v -0.597684 0.041589 0.160397
v 0.548935 0.036722 0.156722
v -0.604669 0.078983 0.163970
v 0.521708 0.081022 0.162346
v -0.617302 0.120000 0.160000
v 0.505082 0.120000 0.160000
v -0.623325 0.160000 0.160000
v 0.482147 0.159460 0.159504
v -0.625299 0.200000 0.160000
v 0.461901 0.200000 0.160000
v -0.621554 0.240000 0.160000
v 0.440320 0.240560 0.159484
v -0.623038 0.280000 0.160000
v 0.403825 0.281643 0.157286
v -0.629708 0.320156 0.154311
v 0.365137 0.325705 0.160168
v -0.603054 0.361365 0.166152
v 0.332021 0.364238 0.164238
v -0.594629 0.397204 0.155278
v -0.558786 0.405383 0.168956
v 0.312671 0.391312 0.160277
v -0.556698 0.436800 0.155076
v -0.524880 0.438768 0.167826
v 0.243172 0.444606 0.156234
v 0.276526 0.429279 0.163474
v -0.518822 0.477314 0.157340
v -0.480000 0.480000 0.177604
v 0.198478 0.475966 0.162688
v -0.515561 0.515561 0.146885
v -0.483206 0.520971 0.164873
v 0.123288 0.524706 0.154392
v 0.157033 0.509760 0.162967
v -0.478931 0.555529 0.154088
v -0.443755 0.562234 0.163313
v -0.404618 0.564618 0.172091
v -0.360000 0.560000 0.179509
v -0.115632 0.571431 0.155632
v -0.079098 0.559405 0.160385
v -0.039969 0.562463 0.160066
v -0.004336 0.557859 0.160481
v 0.040129 0.556166 0.165756
v 0.075718 0.547502 0.164282
v -0.435653 0.595653 0.147229
v -0.400256 0.593729 0.154922
v -0.360058 0.597897 0.158310
v -0.319907 0.597501 0.157604
v -0.279694 0.594408 0.154248
v -0.239743 0.593125 0.151832
v -0.204342 0.588272 0.155658
v -0.160000 0.580141 0.160000
v -0.176425 -0.736425 0.168858
v -0.140072 -0.735662 0.176587
v -0.100026 -0.736100 0.176813
v -0.060026 -0.737538 0.178074
v -0.020004 -0.737062 0.177755
v 0.020429 -0.734651 0.175904
v -0.260566 -0.692945 0.172224
v -0.221661 -0.699905 0.180858
v -0.179600 -0.708364 0.187100
v -0.140000 -0.700000 0.198099
v -0.100000 -0.700000 0.197840
v -0.060000 -0.700000 0.198895
v -0.020000 -0.700000 0.198589
v 0.024266 -0.704266 0.192189
v 0.059984 -0.699985 0.180022
v -0.340414 -0.659949 0.180343
v -0.303819 -0.672178 0.183819
v 0.064341 -0.664341 0.193374
v 0.094584 -0.660567 0.175766
v -0.384740 -0.624545 0.182334
v 0.101436 -0.624135 0.183467
v 0.130270 -0.610270 0.170270
v -0.452710 -0.572710 0.172710
v -0.425394 -0.584876 0.184999
v 0.104361 -0.584361 0.192263
v 0.135002 -0.580410 0.175800
v -0.464187 -0.544926 0.184239
v 0.141186 -0.542911 0.182334
v -0.499255 -0.499518 0.179673
v 0.144290 -0.504290 0.192503
v 0.175632 -0.497913 0.174641
v -0.531067 -0.455147 0.180840
v 0.192467 -0.464733 0.184732
v -0.546173 -0.428581 0.179185
v 0.216137 -0.420235 0.180181
v -0.572743 -0.379464 0.178554
v 0.231075 -0.385908 0.180247
v -0.582112 -0.343075 0.181013
v 0.262022 -0.341945 0.182567
v -0.585600 -0.299241 0.187244
v 0.305455 -0.304479 0.185746
v 0.330617 -0.290617 0.170617
v -0.603558 -0.260000 0.180000
v 0.344433 -0.265209 0.182414
v -0.600766 -0.220000 0.180000
v 0.382869 -0.222367 0.181741
v 0.415917 -0.209842 0.175917
v -0.590560 -0.175679 0.184321
v 0.465661 -0.190012 0.179768
v 0.491506 -0.171164 0.180243
v -0.586152 -0.140355 0.178317
v 0.510789 -0.145827 0.180544
v -0.587792 -0.099855 0.184473
v 0.523916 -0.100000 0.180000
v -0.587515 -0.057528 0.180863
v 0.532776 -0.060596 0.171399
v -0.588502 -0.019587 0.185395
v 0.536287 -0.020204 0.176522
v -0.590063 0.015293 0.184707
v 0.537496 0.020176 0.177508
v -0.595809 0.060000 0.180000
v 0.529683 0.056431 0.176431
v -0.606914 0.104827 0.175173
v 0.510206 0.105997 0.179863
v -0.612765 0.139568 0.175790
v 0.496128 0.138646 0.181907
v -0.616034 0.178137 0.178497
v 0.473841 0.184872 0.175128
v -0.616590 0.220121 0.174525
v 0.462686 0.220153 0.180034
v -0.612896 0.259806 0.176161
v 0.428254 0.268254 0.171746
v 0.446794 0.255842 0.184158
v -0.615259 0.300013 0.174508
v 0.388390 0.308031 0.177692
v 0.416387 0.287622 0.183613
v -0.616087 0.336087 0.166334
v -0.583154 0.343761 0.184145
v -0.540000 0.340000 0.199957
v 0.346963 0.347169 0.180028
v -0.575842 0.381268 0.172822
v -0.543965 0.382733 0.183384
v -0.504528 0.384528 0.191216
v 0.318716 0.380000 0.180000
v -0.536936 0.416936 0.171127
v -0.500701 0.421585 0.181852
v -0.460000 0.420000 0.195638
v 0.297416 0.416820 0.179981
v -0.497553 0.458821 0.175610
v -0.465545 0.459536 0.189095
v 0.225710 0.464488 0.177201
v 0.256667 0.449386 0.183332
v -0.495294 0.495294 0.166250
v -0.460075 0.500160 0.180770
v -0.424184 0.504184 0.190681
v 0.181571 0.500609 0.178065
v -0.456381 0.536381 0.170002
v -0.420108 0.540027 0.180375
v -0.381706 0.543050 0.185482
v -0.339436 0.545533 0.189569
v -0.295024 0.544976 0.192755
v -0.264222 0.544222 0.191045
v 0.099362 0.547667 0.171461
v 0.138394 0.536725 0.181872
v -0.420000 0.580000 0.160441
v -0.380381 0.574099 0.169275
v -0.340196 0.574300 0.175880
v -0.299756 0.573456 0.174217
v -0.259866 0.571708 0.172555
v -0.220048 0.574859 0.174472
v -0.179756 0.573663 0.171831
v -0.139645 0.571094 0.175131
v -0.104999 0.567247 0.175000
v -0.060000 0.566027 0.180000
v -0.016480 0.570901 0.183520
v 0.016121 0.569922 0.183879
v 0.060000 0.562404 0.180000
v -0.155465 -0.715465 0.187611
v -0.120140 -0.714727 0.190371
v -0.080088 -0.715185 0.191143
v -0.039920 -0.715175 0.191269
v 0.000291 -0.714464 0.190272
v -0.280605 -0.672501 0.191666
v -0.237449 -0.678701 0.198586
v -0.199900 -0.683110 0.202868
v -0.159994 -0.686507 0.205252
v -0.120119 -0.687360 0.205292
v -0.079950 -0.687383 0.204928
v -0.039978 -0.687596 0.205202
v -0.000100 -0.686880 0.204834
v 0.038988 -0.679492 0.199220
v -0.358185 -0.636851 0.198355
v -0.319365 -0.647142 0.208363
v 0.044359 -0.644359 0.212668
v 0.073731 -0.640628 0.195195
v -0.399234 -0.599378 0.199090
v 0.080396 -0.602581 0.202042
v -0.437478 -0.557216 0.198386
v 0.088809 -0.559432 0.207376
v 0.114971 -0.560672 0.191135
v -0.474558 -0.517897 0.194632
v -0.449880 -0.529880 0.209880
v 0.120585 -0.519216 0.197300
v -0.512394 -0.472394 0.192394
v -0.493690 -0.483750 0.203750
v 0.122855 -0.482855 0.208676
v 0.159754 -0.479868 0.199760
v -0.527251 -0.448985 0.202440
v 0.201754 -0.442769 0.203997
v -0.553956 -0.395705 0.199145
v 0.224238 -0.400000 0.200000
v -0.565628 -0.359692 0.206841
v 0.243087 -0.361042 0.204388
v -0.571866 -0.324384 0.204384
v 0.278139 -0.318983 0.198329
v -0.589237 -0.276509 0.196509
v 0.320175 -0.280184 0.200193
v -0.595938 -0.238207 0.198204
v 0.358778 -0.238042 0.195955
v -0.591916 -0.199160 0.195087
v 0.400578 -0.205368 0.204660
v 0.435635 -0.195759 0.199166
v -0.583416 -0.160000 0.200000
v 0.489065 -0.167675 0.202557
v -0.579823 -0.120000 0.200000
v 0.517837 -0.120593 0.198745
v -0.581324 -0.080000 0.200000
v 0.516784 -0.079389 0.199967
v -0.583984 -0.040000 0.200000
v 0.515177 -0.040068 0.194804
v -0.587931 0.000000 0.200000
v 0.514388 -0.000107 0.195336
v -0.591151 0.039387 0.194315
v 0.517229 0.040105 0.196916
v -0.592176 0.079476 0.195556
v 0.513131 0.080884 0.195820
v -0.599964 0.120013 0.200012
v 0.502629 0.120000 0.200000
v -0.603905 0.158504 0.201741
v 0.483571 0.163739 0.201160
v -0.604003 0.199773 0.198843
v 0.474415 0.199133 0.201754
v -0.598958 0.237877 0.200159
v 0.463658 0.240000 0.200000
v -0.595390 0.280059 0.195781
v -0.564499 0.284499 0.212638
v 0.438394 0.278266 0.203039
v -0.596277 0.316277 0.188411
v -0.560265 0.320052 0.202378
v -0.519440 0.325521 0.209577
v -0.480000 0.320000 0.218097
v 0.364525 0.333426 0.195475
v 0.392094 0.313561 0.199193
v -0.556357 0.356357 0.189800
v -0.520771 0.359587 0.196764
v -0.482137 0.360633 0.202055
v -0.438571 0.365221 0.208338
v 0.332850 0.364478 0.195522
v -0.520000 0.400000 0.182070
v -0.478761 0.398353 0.192709
v -0.440920 0.399626 0.202806
v -0.400000 0.400000 0.216743
v 0.312381 0.391162 0.199528
v -0.475469 0.435469 0.188037
v -0.439782 0.438748 0.199323
v -0.406138 0.439622 0.210594
v 0.278367 0.440078 0.202068
v -0.439000 0.478869 0.193759
v -0.401440 0.481317 0.202894
v -0.364491 0.484491 0.210834
v -0.320000 0.480000 0.216798
v -0.280000 0.480000 0.217583
v 0.203595 0.492140 0.196405
v 0.231084 0.472893 0.202562
v -0.440000 0.520000 0.181213
v -0.400833 0.515861 0.193235
v -0.359616 0.520007 0.199671
v -0.319969 0.520596 0.203444
v -0.279710 0.520294 0.204011
v -0.241399 0.523578 0.206070
v 0.164963 0.524433 0.197596
v 0.191000 0.511000 0.209000
v -0.315339 0.555339 0.187901
v -0.280000 0.560000 0.181448
v -0.240518 0.554076 0.188761
v -0.200049 0.554973 0.195172
v -0.159967 0.554160 0.193812
v -0.119035 0.556434 0.199600
v -0.081809 0.568165 0.197819
v -0.039707 0.568790 0.194359
v 0.000000 0.579680 0.200000
v 0.039336 0.570017 0.194072
v 0.079524 0.567080 0.191799
v 0.121394 0.559982 0.198822
v -0.297365 -0.651957 0.210712
v -0.260290 -0.655198 0.215057
v -0.217998 -0.660122 0.219022
v -0.180033 -0.662251 0.221983
v -0.139070 -0.659236 0.221857
v -0.099954 -0.659977 0.216735
v -0.060036 -0.659862 0.217007
v -0.019956 -0.659993 0.217683
v 0.018895 -0.658029 0.216456
v -0.373278 -0.613278 0.213278
v -0.342735 -0.624826 0.225796
v -0.100000 -0.620000 0.238734
v -0.060000 -0.620000 0.234671
v -0.015165 -0.624835 0.231531
v 0.019320 -0.625255 0.228947
v 0.053614 -0.620643 0.215613
v -0.411237 -0.571237 0.211237
v -0.385155 -0.585900 0.225858
v 0.060668 -0.582755 0.222077
v -0.421185 -0.542478 0.224175
v 0.068472 -0.542442 0.227406
v 0.095786 -0.535785 0.208180
v -0.462958 -0.502438 0.222533
v 0.098387 -0.498324 0.214979
v -0.502288 -0.462306 0.223272
v 0.101384 -0.466837 0.227632
v 0.138308 -0.459403 0.219569
v 0.178552 -0.454519 0.214515
v -0.536871 -0.417271 0.217516
v 0.189683 -0.429684 0.229684
v 0.213502 -0.411769 0.218355
v -0.545682 -0.379533 0.227122
v 0.227760 -0.384203 0.219663
v -0.559816 -0.340000 0.220000
v 0.252674 -0.335400 0.221615
v -0.569850 -0.300606 0.214458
v 0.262892 -0.301819 0.222652
v 0.292219 -0.292219 0.212219
v -0.578654 -0.257825 0.219518
v 0.303309 -0.268036 0.223800
v 0.335896 -0.246301 0.215896
v -0.583828 -0.218586 0.222374
v 0.348715 -0.228715 0.228715
v 0.371338 -0.213083 0.220590
v -0.581669 -0.178410 0.220780
v 0.424519 -0.192131 0.224519
v 0.460355 -0.179818 0.220359
v -0.576466 -0.139714 0.217099
v 0.502871 -0.141467 0.221950
v -0.575716 -0.099755 0.218362
v 0.507148 -0.100403 0.228674
v -0.577458 -0.060189 0.218917
v 0.503247 -0.056491 0.221226
v -0.579974 -0.019901 0.219996
v 0.494851 -0.019588 0.214634
v -0.581412 0.020098 0.220057
v 0.494862 0.019585 0.214958
v -0.583650 0.060061 0.220495
v 0.501035 0.059312 0.219620
v -0.583020 0.099013 0.222401
v 0.500827 0.100265 0.220043
v -0.590464 0.140035 0.225572
v 0.489860 0.136388 0.216388
v -0.585498 0.179720 0.226468
v 0.476979 0.180000 0.220000
v -0.580133 0.223883 0.223170
v 0.469361 0.225587 0.220179
v -0.574784 0.260395 0.216019
v -0.539058 0.265416 0.229937
v 0.457695 0.259394 0.221254
v -0.580000 0.300000 0.200895
v -0.539415 0.297277 0.216767
v -0.501942 0.299762 0.223394
v -0.459416 0.304325 0.227705
v -0.420000 0.300000 0.235905
v 0.421617 0.300010 0.217558
v -0.495485 0.335485 0.208985
v -0.458260 0.335691 0.214305
v -0.420046 0.340034 0.220076
v -0.385531 0.338874 0.228729
v -0.340000 0.340000 0.238315
v 0.349158 0.349158 0.210842
v 0.371956 0.333231 0.219450
v -0.460000 0.380000 0.200890
v -0.415709 0.380402 0.213141
v -0.381326 0.379724 0.225548
v -0.340000 0.380000 0.237879
v -0.300000 0.380000 0.239254
v 0.332044 0.371287 0.219374
v -0.415290 0.415290 0.209292
v -0.380261 0.420771 0.221332
v -0.339763 0.424985 0.228173
v -0.299702 0.426154 0.230109
v -0.264985 0.424985 0.233035
v 0.296879 0.416214 0.223629
v -0.420000 0.460000 0.203254
v -0.378757 0.458758 0.213427
v -0.340700 0.460452 0.220708
v -0.299932 0.460701 0.221398
v -0.260178 0.462550 0.222345
v 0.261030 0.462507 0.217731
v -0.380000 0.500000 0.203398
v -0.340585 0.495020 0.211562
v -0.300033 0.495639 0.212587
v -0.260010 0.496591 0.214117
v -0.222569 0.501954 0.223038
v 0.213295 0.493038 0.219257
v -0.215605 0.535605 0.206956
v -0.178123 0.534176 0.218071
v -0.143676 0.545029 0.221075
v 0.144069 0.554026 0.215931
v 0.172422 0.533198 0.222101
v -0.100000 0.561250 0.220000
v -0.058613 0.571974 0.216789
v -0.020797 0.581267 0.219511
v 0.019792 0.583353 0.219348
v 0.059990 0.581657 0.219963
v 0.098681 0.578212 0.219423
v 0.130731 0.570731 0.229269
v -0.316016 -0.628106 0.236016
v -0.280199 -0.635208 0.234687
v -0.240095 -0.634840 0.235070
v -0.199261 -0.640306 0.238826
v -0.161857 -0.640268 0.236710
v -0.119689 -0.633375 0.234978
v -0.079793 -0.633847 0.229338
v -0.040025 -0.633447 0.228872
v 0.000000 -0.640000 0.225385
v -0.360734 -0.600718 0.240810
v -0.115903 -0.604097 0.251660
v -0.078615 -0.602532 0.244476
v -0.037498 -0.600157 0.241258
v 0.000074 -0.599567 0.238574
v 0.034697 -0.601163 0.231273
v -0.395971 -0.557643 0.238256
v -0.040000 -0.560000 0.258624
v -0.000444 -0.566050 0.250235
v 0.039967 -0.559996 0.240098
v -0.434165 -0.514165 0.234829
v -0.407697 -0.527697 0.247697
v 0.048886 -0.522285 0.247367
v 0.074636 -0.520941 0.229962
v -0.475814 -0.476382 0.235630
v -0.443658 -0.483658 0.251354
v 0.079887 -0.479313 0.239562
v -0.516344 -0.435134 0.235535
v -0.489885 -0.449885 0.249885
v 0.123094 -0.448152 0.243094
v 0.157895 -0.437885 0.239155
v -0.528999 -0.399080 0.245086
v 0.204011 -0.404440 0.243124
v -0.546360 -0.355278 0.235278
v 0.236386 -0.357298 0.238952
v -0.552721 -0.320293 0.231863
v 0.247209 -0.319389 0.244159
v -0.556661 -0.276818 0.239395
v 0.274615 -0.275356 0.234928
v -0.566823 -0.239361 0.248703
v 0.322387 -0.245547 0.241188
v -0.577169 -0.200000 0.240000
v 0.364114 -0.212676 0.244114
v 0.396457 -0.195025 0.237226
v -0.576216 -0.160000 0.240000
v 0.444768 -0.173918 0.244768
v 0.479503 -0.157782 0.239121
v -0.571042 -0.115313 0.244687
v 0.480000 -0.120000 0.259869
v 0.502595 -0.120000 0.240000
v -0.568310 -0.079888 0.245115
v 0.488400 -0.080374 0.249209
v -0.570049 -0.040218 0.245854
v 0.484639 -0.038598 0.242908
v -0.566009 -0.000076 0.243608
v 0.477848 -0.001685 0.239876
v -0.568947 0.040433 0.245248
v 0.480049 0.039847 0.240016
v -0.576168 0.080000 0.240000
v 0.489440 0.080570 0.245254
v -0.580728 0.120000 0.240000
v 0.483609 0.120780 0.242180
v -0.578832 0.160000 0.240000
v 0.477172 0.155994 0.236862
v -0.565431 0.199457 0.245386
v 0.470708 0.200566 0.234488
v -0.556579 0.237544 0.237454
v -0.519515 0.248866 0.247507
v 0.463575 0.240000 0.240000
v -0.516498 0.276498 0.230729
v -0.478887 0.278734 0.236871
v -0.444463 0.281030 0.242942
v -0.399864 0.286647 0.244551
v -0.359800 0.284165 0.247491
v -0.320136 0.284943 0.248695
v -0.278664 0.285116 0.248326
v 0.443028 0.280785 0.242758
v -0.435018 0.315018 0.227263
v -0.400445 0.315207 0.231938
v -0.360440 0.318780 0.237878
v -0.322595 0.319852 0.241222
v -0.278531 0.319767 0.245838
v 0.400637 0.317652 0.238454
v -0.400000 0.360000 0.221047
v -0.359675 0.357982 0.233852
v -0.321855 0.362443 0.241756
v -0.279480 0.362534 0.241812
v -0.249964 0.369964 0.249964
v 0.353802 0.353929 0.239367
v -0.355013 0.401055 0.232200
v -0.320250 0.400915 0.235602
v -0.278175 0.400475 0.237845
v -0.243966 0.399440 0.247865
v 0.316864 0.399066 0.244155
v -0.360000 0.440000 0.222130
v -0.320000 0.440000 0.226819
v -0.280000 0.440000 0.228231
v -0.240619 0.439637 0.237281
v 0.284995 0.441870 0.238299
v -0.236319 0.476319 0.229752
v -0.205141 0.482025 0.245174
v 0.240680 0.477479 0.240490
v -0.195994 0.515993 0.227829
v -0.164545 0.523513 0.246016
v 0.198596 0.518592 0.243191
v -0.116635 0.554356 0.240167
v -0.083697 0.564179 0.238364
v -0.040000 0.579768 0.240000
v 0.155252 0.555704 0.239526
v 0.003992 0.590921 0.243992
v 0.039679 0.591230 0.245433
v 0.080585 0.590679 0.245711
v 0.120000 0.581317 0.240000
v -0.335988 -0.607050 0.255988
v -0.300241 -0.616427 0.255915
v -0.259941 -0.616835 0.256671
v -0.220068 -0.617171 0.257086
v -0.179968 -0.616861 0.257306
v -0.139473 -0.611542 0.253118
v -0.367965 -0.576584 0.256584
v -0.349264 -0.589264 0.269264
v -0.140969 -0.585611 0.270456
v -0.101185 -0.578968 0.260687
v -0.059646 -0.571872 0.254688
v -0.024558 -0.575442 0.249119
v 0.020000 -0.580000 0.243842
v -0.384260 -0.545627 0.265458
v -0.060544 -0.544831 0.268666
v -0.017786 -0.540830 0.261231
v 0.019444 -0.536858 0.256596
v -0.417992 -0.497617 0.259430
v 0.024259 -0.503635 0.267264
v 0.056451 -0.496384 0.253758
v -0.458268 -0.458591 0.260108
v -0.428185 -0.468185 0.268185
v 0.068992 -0.468992 0.268992
v 0.096900 -0.454085 0.258596
v -0.503216 -0.423153 0.262517
v 0.143953 -0.431780 0.263953
v 0.177878 -0.415771 0.257595
v -0.529334 -0.376115 0.256115
v 0.218071 -0.379673 0.257929
v -0.532834 -0.340026 0.251671
v 0.237396 -0.340000 0.260000
v -0.532249 -0.300151 0.252363
v 0.248834 -0.295286 0.255286
v -0.543545 -0.261590 0.264463
v 0.264802 -0.269559 0.258804
v 0.293966 -0.256372 0.256441
v -0.568184 -0.215603 0.255603
v 0.346004 -0.225332 0.259714
v -0.572001 -0.180133 0.255346
v 0.386250 -0.184817 0.261166
v 0.420483 -0.174293 0.254181
v -0.572533 -0.142090 0.259107
v 0.420000 -0.140000 0.276726
v 0.462164 -0.141798 0.262822
v 0.490532 -0.130532 0.250532
v -0.565095 -0.100000 0.260000
v 0.466182 -0.099553 0.270777
v 0.485886 -0.104261 0.255739
v -0.564901 -0.060000 0.260000
v 0.478108 -0.060000 0.260000
v -0.563286 -0.020000 0.260000
v 0.470582 -0.015620 0.264380
v -0.562548 0.020000 0.260000
v 0.468167 0.020023 0.264992
v -0.568513 0.064557 0.255443
v 0.477266 0.060000 0.260000
v -0.572435 0.099683 0.255595
v 0.481367 0.100000 0.260000
v -0.574392 0.140227 0.253048
v 0.466013 0.139557 0.267058
v -0.570126 0.170126 0.250126
v -0.548610 0.182401 0.266946
v 0.459669 0.179588 0.259895
v -0.539095 0.218413 0.258018
v -0.499480 0.228369 0.267177
v 0.456279 0.220090 0.254898
v -0.495833 0.255833 0.248046
v -0.460194 0.254985 0.255719
v -0.420464 0.258722 0.262651
v -0.379979 0.261703 0.261425
v -0.340025 0.261934 0.261573
v -0.298977 0.259842 0.259651
v -0.258154 0.263590 0.264065
v 0.450635 0.257213 0.257213
v -0.380000 0.300000 0.240216
v -0.340000 0.300000 0.244086
v -0.300000 0.300000 0.245003
v -0.254050 0.300004 0.255038
v 0.418893 0.302082 0.260005
v -0.300000 0.340000 0.243812
v -0.252978 0.340317 0.254161
v 0.377100 0.337013 0.259955
v -0.260000 0.380000 0.246031
v -0.233125 0.384020 0.264020
v 0.335886 0.379414 0.261655
v -0.222685 0.422663 0.260197
v 0.304226 0.424975 0.260474
v -0.213396 0.457971 0.253684
v 0.266895 0.466427 0.260237
v -0.179077 0.499015 0.258272
v 0.220439 0.500349 0.257945
v -0.138939 0.537159 0.256409
v -0.100000 0.557509 0.260000
v 0.180557 0.539909 0.258933
v -0.059851 0.576833 0.261289
v -0.021456 0.588751 0.258267
v 0.020000 0.594482 0.260000
v 0.060000 0.596940 0.260000
v 0.103956 0.590061 0.256045
v 0.138087 0.578796 0.263860
v -0.320410 -0.596240 0.275808
v -0.279997 -0.596241 0.276279
v -0.240018 -0.598428 0.278353
v -0.199803 -0.594636 0.275114
v -0.163957 -0.596043 0.268742
v -0.361214 -0.561716 0.281470
v -0.160536 -0.568248 0.287145
v -0.119589 -0.560170 0.280443
v -0.084020 -0.555980 0.268645
v -0.393830 -0.521231 0.272682
v -0.080693 -0.526536 0.285720
v -0.039897 -0.520328 0.279368
v -0.004170 -0.515830 0.269480
v -0.402535 -0.482015 0.282590
v -0.000228 -0.486134 0.285481
v 0.041460 -0.482136 0.280839
v -0.477909 -0.432057 0.272711
v -0.442413 -0.440131 0.283035
v 0.084309 -0.452836 0.284309
v 0.117851 -0.436861 0.278325
v -0.512995 -0.398170 0.271855
v -0.488122 -0.408122 0.288122
v 0.159381 -0.407054 0.287263
v 0.193174 -0.395062 0.280848
v -0.518670 -0.359451 0.279614
v 0.227201 -0.355432 0.275432
v -0.514597 -0.319863 0.279803
v 0.237872 -0.318141 0.278787
v -0.520006 -0.280008 0.280006
v 0.244821 -0.282536 0.279385
v -0.549608 -0.236650 0.276650
v 0.280000 -0.258450 0.280000
v 0.319881 -0.241834 0.280657
v -0.559166 -0.199813 0.280074
v 0.359576 -0.201000 0.280987
v -0.567672 -0.162104 0.280843
v 0.364845 -0.159518 0.289136
v 0.396352 -0.157068 0.276289
v 0.435208 -0.155208 0.265475
v -0.565575 -0.120944 0.279060
v 0.400777 -0.121082 0.285165
v 0.439722 -0.119861 0.279196
v -0.559550 -0.080567 0.279695
v 0.444992 -0.080842 0.286543
v 0.470364 -0.070364 0.270364
v -0.557902 -0.039954 0.279209
v 0.469974 -0.039614 0.274234
v -0.558149 -0.000000 0.278633
v 0.464141 0.000000 0.280000
v -0.557644 0.040168 0.279221
v 0.466855 0.044811 0.275189
v -0.560196 0.080325 0.279985
v 0.474757 0.079945 0.273277
v -0.557769 0.118637 0.280425
v 0.449607 0.123123 0.289635
v 0.470757 0.110757 0.270757
v -0.552117 0.160669 0.272599
v -0.523326 0.163326 0.289232
v 0.446047 0.159594 0.286596
v -0.517005 0.197485 0.276717
v -0.481332 0.203151 0.285321
v -0.440000 0.200000 0.297722
v 0.437841 0.197779 0.278081
v -0.475848 0.235848 0.267720
v -0.440225 0.234979 0.275799
v -0.398153 0.240647 0.277111
v -0.359046 0.240304 0.279004
v -0.321075 0.241338 0.279187
v -0.282278 0.246295 0.282278
v 0.409033 0.249033 0.289033
v 0.433634 0.240356 0.274564
v -0.238740 0.279860 0.279752
v 0.409013 0.279940 0.289314
v 0.430601 0.270601 0.270601
v -0.234234 0.318269 0.277042
v 0.396738 0.315729 0.280484
v -0.233343 0.360507 0.271748
v 0.359931 0.360022 0.280671
v -0.221080 0.400000 0.280000
v 0.323238 0.403934 0.280224
v -0.204080 0.442886 0.283273
v 0.288903 0.449586 0.277057
v -0.187705 0.476134 0.276134
v 0.247307 0.486372 0.280379
v -0.153726 0.514173 0.280677
v -0.129274 0.529274 0.289274
v 0.202569 0.522435 0.280112
v -0.115307 0.545565 0.275307
v -0.086894 0.565313 0.279961
v 0.159340 0.561908 0.277581
v -0.036299 0.591352 0.283701
v -0.000480 0.594346 0.279158
v 0.038537 0.601406 0.279251
v 0.079158 0.599691 0.280439
v 0.115508 0.592739 0.279378
v -0.338217 -0.572115 0.293310
v -0.300006 -0.576847 0.296907
v -0.260025 -0.576563 0.296705
v -0.219791 -0.575441 0.295717
v -0.184304 -0.575696 0.287418
v -0.372871 -0.532871 0.292871
v -0.348154 -0.542026 0.306276
v -0.177348 -0.549234 0.307943
v -0.139076 -0.540249 0.300975
v -0.103450 -0.536550 0.289192
v -0.380178 -0.500499 0.300201
v -0.097661 -0.508725 0.308557
v -0.062420 -0.498807 0.299102
v -0.024321 -0.495679 0.287201
v -0.411269 -0.457531 0.291462
v -0.384081 -0.464081 0.313785
v -0.016653 -0.471393 0.303347
v 0.019928 -0.464106 0.304829
v 0.056354 -0.459422 0.297702
v -0.457219 -0.416506 0.299832
v -0.422350 -0.428920 0.308125
v 0.102965 -0.421849 0.304203
v 0.136502 -0.416502 0.286630
v -0.499706 -0.379704 0.299949
v 0.142357 -0.388209 0.306214
v 0.179778 -0.387148 0.307274
v 0.211330 -0.371446 0.297900
v -0.504727 -0.339955 0.306270
v 0.226413 -0.341195 0.304815
v -0.506054 -0.299112 0.308087
v 0.237033 -0.300000 0.300000
v -0.529180 -0.256264 0.296264
v 0.263149 -0.262265 0.302153
v 0.295919 -0.247897 0.295919
v -0.543455 -0.222389 0.302784
v 0.336383 -0.218007 0.298984
v -0.559638 -0.180000 0.300000
v 0.343942 -0.179888 0.303791
v -0.565435 -0.140000 0.300000
v 0.346210 -0.139608 0.306381
v 0.375260 -0.135260 0.288591
v -0.557734 -0.100000 0.300000
v 0.378402 -0.098892 0.298009
v 0.415669 -0.095669 0.288973
v -0.553947 -0.060000 0.300000
v 0.422806 -0.062032 0.303568
v 0.456292 -0.056292 0.287110
v -0.553078 -0.020000 0.300000
v 0.457378 -0.020039 0.296412
v -0.553238 0.020000 0.300000
v 0.456956 0.020067 0.295148
v -0.547963 0.059250 0.304657
v 0.456233 0.059914 0.295701
v -0.540671 0.101775 0.301648
v 0.453562 0.100562 0.293657
v -0.535054 0.141053 0.290996
v -0.503997 0.143204 0.304302
v -0.460000 0.140000 0.319092
v 0.429236 0.139813 0.309224
v -0.501248 0.174757 0.291244
v -0.459757 0.180003 0.299372
v -0.422090 0.188535 0.306549
v 0.420792 0.181984 0.300542
v -0.455076 0.215076 0.286230
v -0.420416 0.215345 0.291633
v -0.375131 0.217413 0.300790
v -0.339846 0.221347 0.301900
v -0.303784 0.230541 0.303784
v 0.411051 0.220371 0.292001
v -0.258552 0.254740 0.298203
v 0.399501 0.260000 0.300000
v 0.420000 0.260000 0.280041
v -0.228354 0.303333 0.303333
v 0.393211 0.304458 0.304458
v -0.223074 0.339744 0.300822
v 0.376805 0.335604 0.300491
v -0.218491 0.378569 0.299997
v 0.341790 0.381972 0.296706
v -0.210292 0.416650 0.296650
v 0.306091 0.427246 0.299989
v -0.182966 0.461412 0.302449
v 0.267688 0.467025 0.299785
v 0.290832 0.450832 0.290832
v -0.170373 0.490373 0.290373
v -0.148211 0.508179 0.302499
v 0.225213 0.504597 0.300101
v -0.108468 0.547957 0.299475
v 0.182152 0.542026 0.300028
v -0.062078 0.584503 0.298552
v -0.020000 0.597625 0.300000
v 0.100000 0.599572 0.300000
v 0.139286 0.582658 0.300178
v 0.020000 0.600421 0.300000
v 0.060000 0.605110 0.300000
v -0.320932 -0.552303 0.313894
v -0.279952 -0.555798 0.315954
v -0.239987 -0.555330 0.315870
v -0.199506 -0.551697 0.312564
v -0.352951 -0.521018 0.314322
v -0.323445 -0.523445 0.329339
v -0.240000 -0.520000 0.338162
v -0.200710 -0.525825 0.330824
v -0.157864 -0.522196 0.321999
v -0.119109 -0.513344 0.313865
v -0.361654 -0.484060 0.324209
v -0.076737 -0.483941 0.323913
v -0.039016 -0.474227 0.313977
v -0.398582 -0.438457 0.319593
v 0.004321 -0.450820 0.324321
v 0.042990 -0.445193 0.325813
v 0.076593 -0.436593 0.307306
v -0.476272 -0.396272 0.306787
v -0.442248 -0.400850 0.322843
v 0.081800 -0.407500 0.326405
v 0.116348 -0.396443 0.313692
v -0.481875 -0.363792 0.325083
v 0.118939 -0.368183 0.327006
v 0.160181 -0.366207 0.325126
v 0.200204 -0.360118 0.321903
v -0.497301 -0.320000 0.320000
v 0.227066 -0.315994 0.315994
v -0.510439 -0.276872 0.316872
v 0.240950 -0.280518 0.320679
v -0.524735 -0.243248 0.323353
v 0.280818 -0.240482 0.320658
v 0.312373 -0.232373 0.312373
v -0.550071 -0.196416 0.316416
v 0.280000 -0.200000 0.338974
v 0.319439 -0.200242 0.322015
v -0.557952 -0.160597 0.320124
v 0.325425 -0.159505 0.325262
v -0.556813 -0.119819 0.318589
v 0.351244 -0.116958 0.310771
v -0.552475 -0.077332 0.319130
v 0.364757 -0.081664 0.324450
v 0.395935 -0.075935 0.307871
v -0.550812 -0.039863 0.314126
v 0.402263 -0.042472 0.323514
v 0.436502 -0.036502 0.309158
v -0.551365 -0.000020 0.314352
v 0.400000 0.000000 0.335358
v 0.437347 -0.000055 0.317701
v -0.548215 0.035023 0.315023
v 0.400000 0.040000 0.336929
v 0.437908 0.040064 0.318148
v -0.521869 0.082000 0.323955
v 0.400000 0.080000 0.337003
v 0.432672 0.080342 0.313726
v -0.516332 0.116332 0.309346
v -0.481883 0.120878 0.321940
v -0.447503 0.127503 0.327503
v 0.412221 0.119859 0.326041
v 0.430582 0.110582 0.310582
v -0.475196 0.155196 0.307002
v -0.436836 0.157847 0.316621
v -0.407022 0.167022 0.327022
v 0.406053 0.159567 0.325846
v -0.400947 0.191851 0.313567
v -0.361299 0.201232 0.321724
v -0.320000 0.218937 0.320000
v 0.397407 0.197451 0.317185
v -0.278722 0.237408 0.317081
v 0.391016 0.240015 0.310630
v -0.235944 0.278040 0.319014
v 0.387883 0.280252 0.313703
v -0.220729 0.320000 0.320000
v 0.368800 0.322893 0.328847
v -0.210130 0.363984 0.323984
v 0.360153 0.360180 0.320251
v -0.203349 0.403653 0.321767
v 0.325447 0.405921 0.320066
v -0.192099 0.437418 0.317418
v 0.282572 0.442602 0.322089
v -0.162229 0.480925 0.321787
v 0.242377 0.482263 0.322127
v -0.126087 0.526040 0.319532
v 0.204272 0.523989 0.320048
v -0.085965 0.565594 0.319829
v 0.161305 0.561252 0.322685
v -0.040488 0.598976 0.320095
v 0.000605 0.599445 0.320907
v 0.040402 0.606242 0.320292
v 0.082050 0.602988 0.322474
v 0.116040 0.593644 0.320752
v -0.300983 -0.534987 0.331183
v -0.259727 -0.535306 0.330952
v -0.224382 -0.535617 0.327762
v -0.335919 -0.501157 0.333037
v -0.302129 -0.501226 0.344028
v -0.260024 -0.507859 0.345240
v -0.220037 -0.505919 0.344567
v -0.180090 -0.502518 0.342315
v -0.144208 -0.500100 0.337364
v -0.104157 -0.486096 0.335843
v -0.371450 -0.451450 0.331450
v -0.342352 -0.463262 0.343502
v -0.300000 -0.460000 0.357371
v -0.092209 -0.467791 0.347791
v -0.060828 -0.459742 0.339574
v -0.019007 -0.452828 0.331138
v 0.020000 -0.442023 0.340000
v -0.410760 -0.410760 0.330760
v -0.382035 -0.421586 0.343299
v 0.058007 -0.418092 0.338375
v -0.453985 -0.374522 0.336272
v -0.418772 -0.386935 0.346122
v 0.094104 -0.377513 0.337439
v -0.490161 -0.330161 0.330161
v -0.467525 -0.339235 0.346655
v 0.139970 -0.340007 0.339943
v 0.179014 -0.338471 0.337052
v 0.211034 -0.331034 0.331034
v -0.489896 -0.300399 0.334848
v 0.184586 -0.304586 0.353284
v 0.220657 -0.297708 0.338029
v -0.502740 -0.261987 0.341281
v 0.226029 -0.259172 0.345203
v 0.252762 -0.252762 0.332762
v -0.531129 -0.217131 0.337131
v 0.260983 -0.221268 0.341227
v 0.296726 -0.216726 0.330359
v -0.542197 -0.182350 0.341259
v 0.262852 -0.182852 0.350008
v 0.298078 -0.176822 0.337030
v -0.547390 -0.139905 0.344210
v 0.307023 -0.141849 0.346609
v 0.331607 -0.131607 0.331607
v -0.547577 -0.097447 0.340593
v 0.340116 -0.101510 0.341237
v -0.547735 -0.057701 0.341219
v 0.347965 -0.067965 0.347965
v 0.371915 -0.057907 0.333789
v -0.548605 -0.019771 0.339262
v 0.380057 -0.019368 0.339514
v 0.415356 -0.015356 0.327589
v -0.545988 0.022593 0.339321
v 0.380223 0.020126 0.343025
v 0.414322 0.020064 0.330021
v -0.534131 0.056801 0.335826
v 0.383010 0.058149 0.345519
v 0.413922 0.060186 0.328995
v -0.498230 0.093901 0.333899
v -0.461290 0.102407 0.342785
v 0.389128 0.097300 0.347665
v 0.415029 0.095029 0.325615
v -0.420240 0.140271 0.340141
v 0.388775 0.142747 0.348430
v -0.378739 0.180186 0.338664
v 0.381898 0.184270 0.341327
v -0.335405 0.206450 0.335405
v -0.298545 0.217979 0.338153
v 0.374296 0.220354 0.333830
v -0.252023 0.252049 0.340650
v 0.371245 0.259929 0.331062
v -0.219741 0.300110 0.340093
v 0.344553 0.304553 0.354486
v 0.370487 0.300287 0.330427
v -0.210826 0.340867 0.335062
v 0.346972 0.339709 0.347310
v -0.193661 0.384699 0.344699
v 0.337011 0.377914 0.336507
v -0.184899 0.424455 0.342238
v 0.298630 0.419572 0.337708
v -0.171002 0.457086 0.337086
v 0.258774 0.458789 0.336725
v -0.140044 0.499655 0.339461
v 0.220826 0.501733 0.342683
v -0.102698 0.542773 0.342502
v 0.180800 0.540681 0.342211
v -0.060681 0.583373 0.343635
v 0.104217 0.591304 0.344217
v 0.140025 0.578108 0.336610
v -0.020000 0.601870 0.340000
v 0.020000 0.604434 0.340000
v 0.060000 0.605093 0.340000
v -0.280000 -0.520000 0.340174
v -0.316040 -0.476040 0.349561
v -0.277930 -0.479519 0.353313
v -0.239826 -0.478809 0.355575
v -0.200545 -0.479490 0.361437
v -0.158998 -0.480429 0.360236
v -0.119565 -0.476658 0.356414
v -0.356142 -0.436142 0.348279
v -0.320487 -0.439971 0.362211
v -0.281920 -0.442553 0.364477
v -0.238952 -0.444632 0.367654
v -0.080794 -0.446567 0.367637
v -0.039947 -0.440810 0.359636
v 0.000279 -0.434865 0.353084
v 0.030006 -0.430006 0.350006
v -0.394290 -0.394129 0.355470
v -0.359257 -0.408690 0.367303
v 0.041504 -0.405545 0.365283
v 0.071067 -0.391067 0.351067
v -0.436665 -0.357136 0.355328
v -0.403085 -0.363085 0.371012
v 0.087841 -0.367146 0.361992
v 0.116241 -0.346611 0.356241
v -0.476098 -0.316098 0.347383
v -0.448459 -0.322172 0.366837
v 0.128077 -0.328077 0.368077
v 0.157457 -0.315703 0.358505
v 0.200000 -0.320000 0.341046
v -0.479429 -0.277262 0.358210
v 0.169421 -0.289421 0.369421
v 0.197684 -0.276721 0.358059
v -0.507664 -0.236423 0.356423
v -0.489140 -0.249140 0.369140
v 0.232605 -0.237736 0.353066
v -0.522845 -0.202256 0.361163
v 0.239553 -0.200586 0.360599
v -0.538837 -0.160000 0.360000
v 0.276728 -0.156787 0.357403
v -0.541382 -0.120000 0.360000
v 0.316860 -0.118947 0.356840
v -0.542738 -0.080000 0.360000
v 0.328368 -0.082706 0.368909
v -0.544926 -0.040000 0.360000
v 0.351945 -0.040447 0.352488
v -0.546184 0.000000 0.360000
v 0.353164 -0.000004 0.354586
v -0.527101 0.047447 0.362162
v 0.324700 0.035300 0.374309
v 0.353614 0.039677 0.355496
v -0.510693 0.070693 0.350693
v -0.480362 0.079868 0.360338
v 0.358775 0.080182 0.362385
v -0.433405 0.114827 0.357234
v -0.407121 0.127121 0.367121
v 0.368644 0.120303 0.366678
v 0.393643 0.120059 0.347098
v -0.394215 0.153693 0.357431
v -0.369123 0.169123 0.369123
v 0.359914 0.162824 0.362318
v -0.355606 0.185806 0.355606
v -0.319222 0.198875 0.359127
v 0.355742 0.200148 0.355915
v -0.275045 0.225979 0.355045
v -0.248058 0.248037 0.362402
v 0.320000 0.240000 0.377706
v 0.352876 0.240177 0.352940
v -0.225763 0.275001 0.355001
v 0.351001 0.280250 0.351154
v -0.201717 0.321680 0.360831
v 0.339602 0.320000 0.360000
v -0.193819 0.360332 0.352577
v 0.325924 0.359546 0.366512
v -0.173665 0.404588 0.364588
v 0.315772 0.394190 0.354356
v -0.161393 0.441180 0.360446
v 0.249059 0.449058 0.369059
v 0.273247 0.433700 0.358207
v -0.148370 0.476306 0.356306
v 0.208638 0.488638 0.368638
v 0.233071 0.473035 0.358175
v -0.116586 0.519285 0.356934
v 0.195821 0.515515 0.357985
v -0.079508 0.559571 0.358637
v 0.124698 0.574314 0.364698
v 0.154245 0.554667 0.361691
v -0.035709 0.592879 0.361242
v -0.002162 0.602856 0.361419
v 0.042383 0.602972 0.361201
v 0.078685 0.593243 0.359231
v -0.260000 -0.460000 0.360443
v -0.216500 -0.456500 0.370451
v -0.180097 -0.457008 0.377757
v -0.141881 -0.461424 0.377673
v -0.102125 -0.452814 0.372176
v -0.336339 -0.416339 0.368956
v -0.300155 -0.416417 0.376767
v -0.260383 -0.420751 0.375454
v -0.222595 -0.422320 0.381559
v -0.189852 -0.429852 0.389852
v -0.060497 -0.425156 0.385659
v -0.021707 -0.418695 0.378734
v 0.018242 -0.413110 0.373746
v -0.379349 -0.379454 0.379898
v -0.342001 -0.388035 0.388046
v 0.024116 -0.384116 0.391644
v 0.057481 -0.378208 0.379190
v -0.417460 -0.337240 0.375548
v 0.103636 -0.343448 0.382928
v -0.455528 -0.297305 0.376084
v -0.423970 -0.303970 0.392122
v 0.145005 -0.304581 0.385497
v -0.466649 -0.258819 0.386137
v 0.183780 -0.263720 0.384394
v 0.210101 -0.250100 0.370100
v -0.499282 -0.218074 0.379453
v 0.219588 -0.219641 0.379714
v -0.530975 -0.170975 0.370975
v -0.509257 -0.182699 0.388760
v 0.232853 -0.183695 0.383695
v 0.250926 -0.170926 0.370926
v -0.535853 -0.140170 0.373591
v 0.263946 -0.143981 0.385187
v 0.291041 -0.131041 0.371041
v -0.536091 -0.100073 0.373516
v 0.303678 -0.102624 0.380383
v -0.540106 -0.060139 0.380024
v 0.304680 -0.064680 0.393736
v 0.332206 -0.060273 0.371913
v -0.540607 -0.018753 0.380115
v 0.300000 -0.020000 0.398708
v 0.331753 -0.019782 0.372149
v -0.536864 0.019104 0.377823
v 0.319866 0.020000 0.380000
v 0.300000 0.020000 0.397739
v 0.335010 0.015010 0.366077
v -0.499525 0.058649 0.379148
v 0.300000 0.060000 0.397906
v 0.333878 0.059308 0.374861
v -0.456357 0.088953 0.376357
v -0.427774 0.106592 0.381915
v 0.339563 0.102143 0.379106
v -0.385763 0.146164 0.381794
v 0.339884 0.140100 0.383474
v -0.339397 0.181678 0.379600
v 0.303422 0.183422 0.389375
v 0.337210 0.176368 0.378162
v -0.295613 0.207069 0.375613
v -0.266844 0.226115 0.379528
v 0.307725 0.219990 0.385306
v 0.335666 0.220390 0.371672
v -0.224090 0.264700 0.383371
v 0.304275 0.255725 0.392657
v 0.330674 0.259972 0.371052
v -0.211311 0.291311 0.371311
v -0.193953 0.304319 0.384319
v 0.327736 0.299990 0.373743
v -0.180233 0.340227 0.380069
v 0.309847 0.343197 0.389587
v 0.330267 0.330267 0.370267
v -0.173016 0.380481 0.372106
v 0.300715 0.381094 0.380512
v -0.153177 0.424088 0.384088
v 0.261639 0.421492 0.381116
v 0.290544 0.410544 0.370544
v -0.141675 0.461435 0.380791
v 0.219566 0.459548 0.379771
v -0.131337 0.491337 0.371337
v -0.113159 0.503905 0.383905
v 0.181666 0.502293 0.383956
v -0.092727 0.532439 0.378106
v -0.068679 0.548679 0.388679
v 0.142352 0.541940 0.383883
v 0.170715 0.530715 0.370715
v -0.057227 0.569588 0.377227
v -0.023400 0.585298 0.385267
v 0.020000 0.597384 0.380000
v 0.020000 0.580000 0.396466
v 0.059353 0.586454 0.386375
v 0.097470 0.576643 0.375803
v -0.200000 -0.440000 0.382772
v -0.160354 -0.436407 0.396649
v -0.119785 -0.436975 0.396685
v -0.084422 -0.427030 0.395578
v -0.320926 -0.395511 0.395445
v -0.281074 -0.398449 0.400511
v -0.235718 -0.399426 0.398878
v -0.199286 -0.404361 0.404379
v -0.037587 -0.401798 0.399805
v 0.000674 -0.394734 0.390536
v -0.390519 -0.350519 0.390519
v -0.361891 -0.361279 0.403341
v -0.000446 -0.364886 0.403874
v 0.043331 -0.362174 0.402344
v 0.079710 -0.355217 0.396853
v -0.399679 -0.319400 0.399275
v 0.120620 -0.321086 0.401473
v -0.438896 -0.278020 0.397766
v -0.403992 -0.283992 0.411918
v 0.157677 -0.277082 0.396657
v -0.471914 -0.238242 0.393381
v -0.442931 -0.242931 0.409396
v 0.198272 -0.239640 0.398910
v -0.480855 -0.202430 0.402467
v 0.219287 -0.200000 0.400000
v -0.515194 -0.160582 0.395353
v -0.489802 -0.169802 0.409802
v 0.243327 -0.161246 0.402907
v -0.520033 -0.120051 0.399994
v 0.278679 -0.117098 0.397986
v -0.523445 -0.081362 0.400622
v 0.286661 -0.079679 0.406128
v -0.526028 -0.039973 0.406258
v 0.287096 -0.040024 0.405816
v 0.313737 -0.040137 0.388069
v -0.523592 0.003136 0.404141
v 0.287435 -0.000042 0.405282
v 0.314201 0.000097 0.388362
v -0.514096 0.038321 0.392685
v -0.489855 0.049855 0.409855
v 0.285822 0.039958 0.404603
v 0.310292 0.039851 0.390292
v -0.476098 0.066992 0.396098
v -0.447685 0.086382 0.399244
v 0.287336 0.080122 0.405379
v 0.314632 0.079767 0.390607
v -0.399949 0.122634 0.402838
v 0.284975 0.119794 0.408837
v 0.312494 0.119898 0.394659
v -0.361419 0.160374 0.402277
v 0.279754 0.160307 0.403652
v 0.315280 0.160945 0.392385
v -0.315640 0.188339 0.395640
v -0.288009 0.206935 0.399513
v 0.279813 0.198275 0.402958
v 0.320000 0.200000 0.380466
v -0.241529 0.239522 0.402240
v 0.285598 0.240209 0.405055
v -0.202609 0.281005 0.402171
v 0.286122 0.280488 0.412293
v 0.310374 0.279798 0.390548
v -0.172819 0.324004 0.404004
v 0.286283 0.319861 0.412047
v 0.310698 0.320161 0.391026
v -0.160932 0.360978 0.400377
v 0.285093 0.363328 0.404453
v -0.153195 0.400553 0.392038
v 0.241670 0.404292 0.403406
v 0.276710 0.396710 0.389136
v -0.133108 0.444494 0.404494
v 0.206129 0.442226 0.405289
v 0.236584 0.436584 0.388005
v -0.120151 0.480350 0.400276
v 0.168594 0.482258 0.407738
v 0.196606 0.476606 0.387667
v -0.081204 0.521024 0.400888
v 0.123903 0.522662 0.404780
v 0.158128 0.512037 0.393718
v -0.038871 0.559587 0.398964
v 0.000113 0.566616 0.404880
v 0.039866 0.566137 0.404661
v 0.080027 0.559989 0.400089
v 0.116301 0.556301 0.387375
v 0.009650 0.590350 0.390350
v 0.030240 0.590240 0.390240
v -0.177692 -0.412510 0.412109
v -0.141103 -0.423197 0.419042
v -0.102968 -0.418628 0.419743
v -0.069378 -0.410622 0.410622
v -0.336441 -0.367011 0.416441
v -0.302316 -0.382189 0.420065
v -0.260590 -0.382368 0.418211
v -0.219663 -0.382687 0.423042
v -0.053428 -0.385771 0.426040
v -0.021964 -0.372092 0.412921
v -0.372332 -0.338005 0.413191
v -0.343996 -0.343996 0.433686
v -0.010931 -0.349069 0.429069
v 0.020249 -0.349688 0.425196
v 0.059573 -0.345313 0.427005
v 0.091927 -0.334456 0.418542
v -0.380020 -0.300031 0.419987
v 0.109008 -0.309008 0.429008
v 0.127139 -0.296210 0.416210
v -0.418507 -0.258047 0.417439
v -0.388078 -0.268078 0.428078
v 0.147813 -0.267450 0.421860
v 0.176420 -0.246658 0.416420
v -0.452283 -0.221077 0.413795
v -0.423771 -0.223771 0.431792
v 0.192565 -0.223785 0.423785
v 0.211042 -0.211042 0.411042
v -0.464746 -0.183348 0.424028
v 0.221870 -0.180872 0.421515
v -0.494218 -0.140477 0.415230
v 0.251830 -0.137379 0.417379
v -0.499952 -0.103363 0.422863
v 0.263198 -0.102892 0.422986
v -0.503403 -0.059948 0.423107
v 0.261708 -0.058255 0.424629
v -0.506096 -0.019795 0.425854
v 0.260221 -0.021325 0.418318
v -0.503958 0.022414 0.421455
v 0.260488 0.020044 0.416929
v -0.463655 0.063166 0.421806
v 0.260292 0.059938 0.418728
v -0.420598 0.100131 0.421292
v 0.260059 0.099913 0.418797
v 0.300000 0.100000 0.400484
v -0.377543 0.137811 0.417618
v 0.258100 0.138743 0.416076
v 0.300000 0.140000 0.400111
v -0.334999 0.170938 0.421371
v -0.308219 0.186318 0.419497
v 0.257862 0.179853 0.417991
v -0.259699 0.219126 0.418852
v 0.257997 0.218104 0.423160
v -0.215055 0.254822 0.420289
v 0.266744 0.260450 0.425924
v -0.180609 0.300229 0.420635
v 0.268123 0.299921 0.426777
v 0.300000 0.300000 0.401308
v -0.152832 0.344285 0.424284
v 0.265281 0.339755 0.424321
v -0.140010 0.380346 0.420220
v 0.223565 0.383565 0.432307
v 0.257189 0.377440 0.415648
v -0.132845 0.420487 0.412273
v 0.215434 0.414255 0.415700
v -0.104745 0.463119 0.424502
v 0.149463 0.469463 0.429463
v 0.179829 0.459806 0.419859
v -0.096834 0.496834 0.408140
v -0.062283 0.503834 0.423122
v -0.020000 0.500000 0.439259
v 0.099226 0.507070 0.426439
v 0.136795 0.494549 0.415411
v -0.055341 0.535341 0.405436
v -0.018777 0.538238 0.416243
v 0.020034 0.540231 0.418067
v 0.058962 0.539025 0.417126
v 0.095836 0.535835 0.407941
v -0.190529 -0.390529 0.430529
v -0.161547 -0.401958 0.440854
v -0.116203 -0.403312 0.443764
v -0.079149 -0.395465 0.434983
v -0.317122 -0.360181 0.437532
v -0.280067 -0.363162 0.443172
v -0.239861 -0.361735 0.441778
v -0.202501 -0.368203 0.449036
v -0.039717 -0.360004 0.440245
v 0.000000 -0.341384 0.440000
v 0.040000 -0.343472 0.440000
v -0.357241 -0.317071 0.437483
v 0.082500 -0.324867 0.442555
v -0.364417 -0.279330 0.444170
v 0.123826 -0.280859 0.442634
v -0.400050 -0.240056 0.439993
v 0.161883 -0.242490 0.443428
v -0.436984 -0.198676 0.433989
v -0.404402 -0.204402 0.453336
v 0.200029 -0.200080 0.440073
v -0.475073 -0.155073 0.425182
v -0.444164 -0.163327 0.443640
v 0.209585 -0.169585 0.449585
v 0.229282 -0.156980 0.436980
v -0.476471 -0.120414 0.437016
v 0.239499 -0.118710 0.439017
v -0.480328 -0.084877 0.443290
v 0.239886 -0.079951 0.439433
v -0.483410 -0.039915 0.443251
v 0.234802 -0.039995 0.440504
v -0.484579 -0.000065 0.444208
v 0.236304 0.000107 0.440357
v -0.478667 0.036841 0.435975
v 0.238284 0.039203 0.439854
v -0.439096 0.076040 0.437124
v 0.235202 0.080198 0.435135
v -0.394309 0.114755 0.440605
v 0.233464 0.120052 0.433783
v -0.351201 0.153021 0.437850
v -0.323050 0.169266 0.443050
v 0.233777 0.159593 0.433444
v -0.279718 0.198845 0.438637
v 0.238931 0.199975 0.438892
v -0.232403 0.232883 0.440661
v 0.239676 0.240587 0.438539
v -0.194260 0.273416 0.440178
v 0.239540 0.278727 0.440827
v -0.163170 0.321323 0.443687
v 0.239471 0.321962 0.441540
v -0.131789 0.363869 0.443869
v 0.239189 0.359372 0.437404
v -0.116832 0.397482 0.439023
v 0.200870 0.401334 0.440911
v -0.115793 0.435793 0.426640
v -0.087504 0.439003 0.446890
v 0.165551 0.441757 0.445602
v 0.190369 0.430369 0.430369
v -0.078829 0.476973 0.434419
v -0.043358 0.483192 0.442774
v 0.000333 0.485955 0.451207
v 0.040000 0.480000 0.458081
v 0.079491 0.486075 0.451293
v 0.117373 0.478311 0.439321
v -0.035004 0.515004 0.425716
v -0.000214 0.511895 0.433526
v 0.040032 0.513991 0.435210
v 0.077320 0.510805 0.432090
v -0.178206 -0.380188 0.457840
v -0.139915 -0.386616 0.466524
v -0.097059 -0.383871 0.461019
v -0.063740 -0.367248 0.456260
v -0.331299 -0.331299 0.451299
v -0.297343 -0.339907 0.459386
v -0.259328 -0.338738 0.462200
v -0.219345 -0.344587 0.464378
v -0.051153 -0.348847 0.468847
v -0.020575 -0.337286 0.459598
v 0.018402 -0.335708 0.457149
v 0.056708 -0.330470 0.456708
v -0.339646 -0.298289 0.458447
v -0.304534 -0.304534 0.473031
v 0.099614 -0.299341 0.458655
v -0.376305 -0.256305 0.446717
v -0.347240 -0.261795 0.465651
v 0.136892 -0.256827 0.457951
v -0.381144 -0.222509 0.463039
v 0.175997 -0.214559 0.454733
v -0.418409 -0.177303 0.459201
v -0.389541 -0.189541 0.469541
v 0.191401 -0.183268 0.463268
v -0.455283 -0.135283 0.445435
v -0.428031 -0.139285 0.468135
v 0.218669 -0.138434 0.459601
v -0.456259 -0.100302 0.456874
v 0.224764 -0.099981 0.465582
v -0.459508 -0.060296 0.460900
v 0.224158 -0.060113 0.465862
v -0.463595 -0.019928 0.463363
v 0.225503 -0.019910 0.463027
v -0.460975 0.023226 0.461294
v 0.223623 0.019939 0.465843
v -0.451176 0.051176 0.451176
v -0.432742 0.063709 0.463709
v 0.218822 0.059433 0.460211
v -0.412428 0.091485 0.457873
v -0.384383 0.113922 0.464383
v 0.215427 0.100210 0.454109
v -0.370355 0.130355 0.450356
v -0.346833 0.146137 0.459001
v 0.214708 0.139738 0.453214
v -0.299679 0.178724 0.458300
v 0.217822 0.180885 0.459426
v -0.250998 0.212819 0.460479
v -0.223706 0.232328 0.463706
v 0.219188 0.220093 0.460263
v -0.206447 0.255255 0.455255
v 0.217338 0.260154 0.460908
v -0.174729 0.294126 0.460293
v 0.215850 0.298115 0.459616
v -0.143333 0.341031 0.463451
v 0.216521 0.340276 0.456597
v -0.105717 0.388207 0.461718
v 0.193443 0.383841 0.463841
v 0.211388 0.371388 0.451388
v -0.092834 0.418096 0.453577
v -0.069056 0.429056 0.469056
v 0.175945 0.415018 0.455758
v -0.056872 0.459054 0.456386
v -0.019858 0.465896 0.465682
v 0.020103 0.467107 0.466717
v 0.059837 0.467370 0.466853
v 0.102492 0.462483 0.462264
v 0.141221 0.453887 0.453079
v 0.024924 0.495076 0.446629
v 0.055191 0.495191 0.446811
v -0.192480 -0.352480 0.472480
v -0.161708 -0.360974 0.479762
v -0.120022 -0.365152 0.485124
v -0.079257 -0.360163 0.480619
v -0.320000 -0.320000 0.460889
v -0.280502 -0.314889 0.476240
v -0.238150 -0.319850 0.478370
v -0.202005 -0.327859 0.486874
v -0.035834 -0.331710 0.484166
v -0.000155 -0.326610 0.483973
v 0.040579 -0.322578 0.480050
v 0.076492 -0.308747 0.476492
v -0.318317 -0.277486 0.476916
v -0.284151 -0.284151 0.492169
v 0.089614 -0.289614 0.489614
v 0.107099 -0.276014 0.476014
v -0.353620 -0.237148 0.474752
v -0.323499 -0.243499 0.491322
v 0.128052 -0.247809 0.482119
v 0.152115 -0.232115 0.472115
v -0.366341 -0.201813 0.487295
v 0.164831 -0.202348 0.482735
v -0.400828 -0.162143 0.483400
v 0.197573 -0.157821 0.479101
v -0.431984 -0.117406 0.471941
v 0.205763 -0.119652 0.486404
v -0.435886 -0.080177 0.475999
v 0.212517 -0.084681 0.484681
v -0.439932 -0.036347 0.477834
v 0.219859 -0.040000 0.480000
v -0.442739 0.000012 0.482460
v 0.222218 0.000000 0.480000
v -0.437899 0.036707 0.477869
v 0.212344 0.044451 0.484452
v -0.404277 0.081885 0.482333
v 0.203916 0.081337 0.481779
v -0.363745 0.120250 0.483271
v 0.199945 0.120213 0.479994
v -0.319862 0.158908 0.478704
v 0.202137 0.160744 0.479159
v -0.272924 0.194293 0.480259
v -0.244194 0.212527 0.484194
v 0.204645 0.200197 0.486120
v -0.206221 0.246935 0.479530
v 0.203591 0.239918 0.484786
v -0.187115 0.275757 0.475757
v 0.202862 0.279930 0.483584
v -0.155382 0.315013 0.480487
v 0.197224 0.315878 0.479356
v -0.119771 0.359310 0.478759
v 0.194413 0.360748 0.473797
v -0.081820 0.401861 0.482686
v 0.164905 0.402701 0.482414
v -0.041750 0.441201 0.480368
v 0.000159 0.447328 0.487609
v 0.039994 0.448112 0.488602
v 0.079710 0.445269 0.485871
v 0.123023 0.443969 0.481406
v 0.150964 0.430964 0.470964
v -0.177659 -0.336374 0.496662
v -0.139717 -0.345165 0.505086
v -0.100362 -0.345130 0.505074
v -0.063173 -0.336523 0.495983
v -0.020000 -0.320087 0.500000
v -0.260484 -0.291360 0.493227
v -0.221305 -0.300948 0.499716
v -0.189879 -0.309879 0.509879
v 0.020000 -0.319327 0.500000
v 0.062087 -0.303984 0.502734
v -0.299216 -0.259327 0.498937
v -0.263586 -0.263586 0.510790
v 0.103655 -0.263904 0.502697
v -0.338232 -0.218217 0.499059
v -0.309557 -0.229557 0.509557
v 0.140578 -0.221479 0.501674
v -0.375804 -0.178272 0.495361
v 0.175698 -0.178702 0.493733
v -0.410846 -0.130846 0.490846
v -0.388779 -0.142548 0.508394
v 0.183733 -0.143659 0.503819
v -0.415580 -0.100283 0.495356
v 0.200547 -0.100000 0.500000
v -0.417575 -0.060023 0.497380
v 0.211368 -0.060873 0.494853
v -0.420261 -0.018870 0.498020
v 0.215527 -0.020415 0.498476
v -0.420219 0.018826 0.497858
v 0.213040 0.018346 0.499271
v -0.412604 0.057737 0.491736
v -0.389818 0.069817 0.509818
v 0.202700 0.060000 0.500000
v -0.379070 0.095772 0.497714
v 0.191325 0.104545 0.504545
v -0.340201 0.138034 0.497864
v 0.189660 0.139870 0.505700
v -0.293861 0.174340 0.500423
v 0.192430 0.175210 0.504790
v -0.260000 0.200002 0.500000
v -0.220010 0.222175 0.502255
v 0.198858 0.220000 0.500000
v -0.185947 0.266948 0.499487
v 0.192174 0.264561 0.504561
v -0.165765 0.295582 0.495582
v -0.149468 0.309468 0.509468
v 0.184586 0.299665 0.506337
v -0.133215 0.332886 0.501040
v 0.179200 0.338834 0.499769
v -0.096030 0.376167 0.497691
v 0.173675 0.378047 0.492089
v -0.054124 0.416239 0.495743
v -0.019623 0.426214 0.506240
v 0.020214 0.428426 0.508479
v 0.059910 0.432559 0.506486
v 0.099699 0.427057 0.507699
v 0.139025 0.419403 0.499177
v -0.159037 -0.319822 0.519351
v -0.120010 -0.324295 0.523794
v -0.076820 -0.322912 0.520547
v -0.039695 -0.315058 0.513661
v -0.000037 -0.314818 0.511973
v 0.036136 -0.308910 0.516136
v -0.240854 -0.271883 0.512980
v -0.203035 -0.281313 0.523474
v 0.080776 -0.280644 0.521310
v -0.280498 -0.240441 0.519751
v -0.243886 -0.243886 0.532191
v 0.116269 -0.238924 0.516538
v -0.352476 -0.192476 0.512476
v -0.322657 -0.201864 0.524288
v 0.148684 -0.196345 0.516345
v -0.360782 -0.161364 0.520521
v 0.162581 -0.162218 0.520467
v -0.393017 -0.120572 0.512980
v 0.166780 -0.122024 0.527165
v 0.190136 -0.110136 0.510136
v -0.397557 -0.080145 0.517437
v 0.197178 -0.076836 0.518317
v -0.398489 -0.040327 0.521276
v 0.204529 -0.041321 0.523177
v -0.397528 0.000014 0.517389
v 0.207307 -0.000185 0.524309
v -0.397650 0.040181 0.517391
v 0.202026 0.040555 0.520527
v -0.367247 0.088734 0.522079
v 0.190089 0.080967 0.514315
v -0.350602 0.116994 0.516994
v 0.182953 0.120000 0.520000
v -0.312587 0.152848 0.520973
v 0.182226 0.160000 0.520000
v -0.275419 0.185697 0.515419
v -0.241776 0.203750 0.524399
v 0.189798 0.199748 0.514251
v -0.196417 0.238575 0.517520
v 0.189801 0.240441 0.514011
v -0.165090 0.282261 0.523925
v 0.183130 0.280000 0.520000
v -0.126660 0.327360 0.521999
v 0.166555 0.319167 0.528528
v -0.111325 0.351325 0.511325
v -0.085518 0.365804 0.526088
v 0.160326 0.359931 0.519830
v -0.071428 0.391428 0.511428
v -0.043532 0.401640 0.522209
v 0.000163 0.406928 0.526394
v 0.035162 0.404838 0.534355
v 0.079640 0.409062 0.528558
v 0.122384 0.404613 0.524446
v 0.151976 0.391976 0.511976
v 0.040000 0.420595 0.520000
v -0.175517 -0.295517 0.526163
v -0.138453 -0.299567 0.539687
v -0.099960 -0.303484 0.543375
v -0.059489 -0.301291 0.540244
v -0.021116 -0.299645 0.540111
v 0.018284 -0.299899 0.540252
v 0.056266 -0.287950 0.536266
v -0.216591 -0.255219 0.535842
v -0.179040 -0.266434 0.545444
v 0.092995 -0.253237 0.541098
v -0.298044 -0.212348 0.532773
v -0.262225 -0.223014 0.542824
v -0.229382 -0.229382 0.549382
v 0.109348 -0.229348 0.549348
v 0.125977 -0.215487 0.535487
v -0.333512 -0.178360 0.534748
v -0.307880 -0.187880 0.547880
v 0.140045 -0.179540 0.539731
v -0.370346 -0.130346 0.530346
v -0.344591 -0.142795 0.544282
v 0.146164 -0.139493 0.546764
v -0.376897 -0.100279 0.536806
v 0.175748 -0.097199 0.537838
v -0.380856 -0.061499 0.539797
v 0.186557 -0.059215 0.548440
v -0.381637 -0.019036 0.539783
v 0.200594 -0.020000 0.540000
v -0.381952 0.021178 0.539048
v 0.199371 0.020000 0.540000
v -0.375036 0.058708 0.538222
v 0.185501 0.060731 0.544325
v -0.346899 0.107995 0.539000
v 0.176305 0.095995 0.537778
v -0.332200 0.132200 0.532200
v -0.308321 0.147433 0.542194
v 0.175063 0.139994 0.533491
v -0.290296 0.170296 0.530296
v -0.267212 0.185991 0.539562
v 0.176222 0.179850 0.535133
v -0.217167 0.211931 0.537167
v -0.188471 0.221988 0.547590
v 0.176910 0.221588 0.539652
v -0.175363 0.253781 0.533837
v 0.176612 0.258388 0.539237
v -0.140604 0.300968 0.541292
v 0.169700 0.296808 0.536808
v -0.101024 0.340757 0.541234
v 0.147199 0.339155 0.548142
v -0.060728 0.375555 0.535742
v -0.023873 0.383211 0.542748
v 0.020268 0.386045 0.545125
v 0.059878 0.388380 0.546999
v 0.099849 0.385856 0.545311
v 0.136427 0.379279 0.537752
v 0.055459 0.415459 0.525943
v -0.157004 -0.277004 0.549734
v -0.123282 -0.280998 0.563209
v -0.080034 -0.283361 0.563368
v -0.039927 -0.283032 0.563653
v -0.000039 -0.285575 0.566926
v 0.038631 -0.278783 0.559498
v 0.070017 -0.270017 0.550017
v -0.196348 -0.238577 0.556170
v -0.158925 -0.248066 0.566158
v 0.086606 -0.247357 0.561976
v -0.279188 -0.199722 0.559652
v -0.239546 -0.207542 0.567080
v 0.118104 -0.197939 0.559568
v -0.318016 -0.156955 0.558936
v 0.126014 -0.159500 0.566706
v -0.352516 -0.117925 0.553016
v -0.328573 -0.128573 0.568573
v 0.148133 -0.116419 0.556419
v -0.360029 -0.079955 0.559963
v 0.164751 -0.082359 0.565713
v -0.364201 -0.039955 0.565051
v 0.190040 -0.036503 0.556503
v -0.363004 0.000005 0.563496
v 0.195386 -0.000004 0.552968
v -0.362906 0.043625 0.563572
v 0.189850 0.036396 0.556396
v -0.354620 0.079014 0.556640
v 0.168556 0.078710 0.565184
v -0.324346 0.121182 0.563437
v 0.159259 0.120113 0.560387
v -0.283808 0.163643 0.563470
v 0.156968 0.161808 0.560475
v -0.241200 0.193755 0.556227
v -0.204080 0.204509 0.562330
v 0.162661 0.197670 0.558978
v -0.159514 0.239018 0.558621
v 0.162728 0.240031 0.563368
v -0.151954 0.271954 0.551954
v -0.128195 0.282253 0.567009
v 0.161452 0.281542 0.560505
v -0.118185 0.312216 0.552326
v -0.082973 0.325873 0.564916
v 0.124510 0.324510 0.574082
v 0.147395 0.316573 0.556573
v -0.071427 0.351427 0.551427
v -0.038674 0.359528 0.556880
v -0.000155 0.359974 0.560097
v 0.038902 0.360818 0.562639
v 0.080022 0.364858 0.564188
v 0.120019 0.360021 0.560108
v -0.138088 -0.251651 0.574379
v -0.101520 -0.260284 0.581289
v -0.059852 -0.264785 0.584992
v -0.019688 -0.267906 0.589074
v 0.019384 -0.267167 0.588672
v 0.058107 -0.257455 0.578651
v -0.215335 -0.215335 0.565337
v -0.176678 -0.218628 0.576428
v -0.142908 -0.222908 0.589208
v 0.096215 -0.216432 0.579180
v -0.296026 -0.176026 0.566178
v -0.263463 -0.181009 0.584151
v -0.222562 -0.188738 0.588504
v 0.104672 -0.179521 0.585136
v -0.300882 -0.142196 0.583237
v 0.126279 -0.135640 0.575640
v -0.337073 -0.097553 0.576999
v 0.142820 -0.101790 0.581651
v -0.345640 -0.059539 0.586277
v 0.170113 -0.056688 0.576688
v -0.350278 -0.020250 0.585533
v 0.180660 -0.020247 0.579919
v -0.350461 0.020211 0.585597
v 0.180810 0.020325 0.579916
v -0.345307 0.059519 0.586851
v 0.170783 0.056897 0.576897
v -0.335840 0.093802 0.577863
v 0.146508 0.099092 0.587743
v -0.299205 0.138901 0.577803
v 0.143207 0.141926 0.579411
v -0.257776 0.176821 0.575736
v -0.221620 0.185540 0.582105
v -0.189107 0.189107 0.589107
v 0.141793 0.180054 0.581952
v -0.175635 0.205762 0.575635
v -0.141729 0.221854 0.579810
v 0.145489 0.220179 0.586091
v -0.131500 0.260756 0.573104
v -0.105524 0.259028 0.589995
v 0.145743 0.259930 0.586735
v -0.095739 0.296903 0.575035
v -0.059378 0.307196 0.585120
v -0.020100 0.306232 0.591121
v 0.020000 0.300000 0.597679
v 0.104647 0.304646 0.593780
v 0.136567 0.298102 0.577261
v -0.056687 0.336687 0.569846
v -0.019852 0.333445 0.574943
v 0.019683 0.334409 0.575536
v 0.059736 0.340448 0.579067
v 0.099125 0.339123 0.577532
v 0.000000 -0.262727 0.600000
v -0.120996 -0.231991 0.593608
v -0.082292 -0.240600 0.601968
v -0.039469 -0.246722 0.606956
v 0.042110 -0.246455 0.608047
v 0.071526 -0.238046 0.591648
v -0.200431 -0.191027 0.591192
v -0.157317 -0.198751 0.597032
v -0.123426 -0.203426 0.610035
v 0.082297 -0.202092 0.602530
v -0.275478 -0.155844 0.596852
v -0.239538 -0.166760 0.606749
v -0.204991 -0.164991 0.614328
v 0.089591 -0.169591 0.609591
v 0.105534 -0.155175 0.595175
v -0.311180 -0.117767 0.591797
v -0.283552 -0.123552 0.611714
v 0.119173 -0.117198 0.597688
v -0.323646 -0.083142 0.600654
v 0.148486 -0.076523 0.596523
v -0.340030 -0.040000 0.600000
v -0.329648 -0.049648 0.609648
v 0.162096 -0.041914 0.601031
v -0.343000 0.000000 0.600000
v 0.166252 0.000004 0.607936
v -0.342228 0.040000 0.600000
v 0.162412 0.042441 0.601145
v -0.324641 0.082725 0.605648
v 0.153366 0.078053 0.591411
v -0.309233 0.116959 0.596959
v -0.289909 0.129909 0.609909
v 0.124305 0.119586 0.604503
v -0.277651 0.151291 0.597651
v -0.243553 0.163394 0.600354
v -0.199526 0.167946 0.607881
v 0.119532 0.161469 0.602522
v -0.160451 0.193399 0.593377
v -0.122932 0.202441 0.604741
v 0.123070 0.200142 0.602919
v -0.116804 0.236804 0.590015
v -0.088649 0.242210 0.606461
v 0.126743 0.240243 0.606538
v -0.078754 0.276462 0.594018
v -0.040682 0.279431 0.602908
v 0.000119 0.284897 0.603793
v 0.040677 0.285979 0.610641
v 0.079443 0.286031 0.610720
v 0.121808 0.282195 0.600414
v -0.040000 0.320000 0.583786
v 0.004969 0.315031 0.585915
v 0.039650 0.313088 0.594546
v 0.080381 0.312560 0.594196
v -0.015928 -0.247420 0.615928
v 0.020774 -0.248889 0.614140
v -0.100919 -0.211363 0.613368
v -0.062980 -0.223686 0.623713
v 0.059852 -0.219571 0.619667
v -0.180210 -0.174137 0.608505
v -0.138339 -0.179194 0.618396
v -0.103074 -0.183074 0.629111
v 0.073678 -0.184341 0.624341
v -0.259654 -0.139799 0.619601
v -0.219856 -0.147243 0.626211
v -0.179694 -0.148310 0.626945
v -0.140000 -0.140000 0.639372
v 0.096384 -0.137038 0.615514
v -0.297807 -0.096438 0.618095
v -0.269684 -0.109684 0.629685
v 0.106708 -0.101827 0.627188
v 0.130525 -0.090525 0.610525
v -0.313738 -0.064295 0.624295
v 0.140292 -0.061375 0.621088
v -0.335040 -0.020448 0.613468
v 0.152661 -0.024394 0.624394
v -0.336088 0.020172 0.614701
v 0.152582 0.024364 0.624364
v -0.328091 0.056155 0.616155
v 0.140520 0.062064 0.621423
v -0.301606 0.102780 0.622502
v 0.108640 0.102525 0.628936
v 0.131405 0.091405 0.611405
v -0.260315 0.140097 0.620147
v -0.219696 0.144047 0.623712
v -0.182844 0.149462 0.628346
v 0.099883 0.144036 0.622379
v -0.175778 0.175778 0.606147
v -0.137969 0.176945 0.616995
v -0.103619 0.183619 0.632325
v 0.099446 0.181718 0.616637
v -0.097180 0.217743 0.615092
v -0.063570 0.225345 0.623555
v -0.024827 0.224827 0.632022
v 0.020000 0.220000 0.636258
v 0.066515 0.219885 0.630985
v 0.100053 0.219670 0.618539
v -0.061037 0.254836 0.611099
v -0.018766 0.259134 0.617263
v 0.019878 0.259995 0.620061
v 0.059627 0.260774 0.623631
v 0.099373 0.260768 0.618223
v 0.060000 0.300000 0.604985
v -0.030247 -0.230247 0.630247
v -0.000025 -0.234033 0.634040
v 0.031006 -0.231006 0.631006
v -0.077295 -0.197739 0.635295
v -0.042763 -0.208940 0.649201
v 0.042639 -0.203406 0.645908
v -0.155352 -0.155352 0.626606
v -0.117419 -0.158091 0.636720
v -0.083736 -0.163736 0.652030
v 0.075010 -0.160603 0.634228
v -0.236444 -0.119486 0.638556
v -0.199920 -0.119223 0.642857
v -0.159742 -0.124486 0.643337
v -0.124281 -0.124281 0.651940
v 0.084035 -0.123870 0.641447
v -0.281710 -0.081548 0.643147
v 0.116256 -0.078228 0.636158
v -0.315073 -0.040507 0.634382
v 0.127465 -0.042297 0.648118
v -0.319657 0.000214 0.640570
v 0.148007 0.000023 0.633706
v -0.316941 0.040230 0.636707
v 0.127778 0.042427 0.648672
v -0.311306 0.071306 0.631306
v -0.288664 0.082480 0.648079
v 0.116601 0.078265 0.636558
v -0.278642 0.113856 0.635067
v -0.242503 0.119962 0.641898
v -0.199782 0.124299 0.643585
v -0.163564 0.123564 0.650284
v 0.084307 0.119464 0.644150
v -0.160531 0.151348 0.632718
v -0.121574 0.160958 0.640350
v -0.084417 0.164417 0.652434
v 0.044976 0.164976 0.654061
v 0.077054 0.156987 0.637732
v -0.078578 0.197834 0.635101
v -0.040233 0.199900 0.640464
v 0.000017 0.199465 0.644170
v 0.040284 0.200605 0.642692
v 0.075989 0.195989 0.629193
v -0.040000 0.240000 0.623991
v -0.000219 0.234122 0.629976
v 0.040236 0.235191 0.632352
v 0.080000 0.240000 0.625832
v -0.020314 -0.212413 0.652596
v 0.017575 -0.211902 0.652575
v -0.060770 -0.180825 0.660169
v 0.024151 -0.184151 0.673600
v 0.052312 -0.178112 0.653024
v -0.097977 -0.137070 0.656569
v -0.069581 -0.149581 0.669581
v 0.062383 -0.142492 0.660556
v -0.256252 -0.096252 0.647104
v -0.220100 -0.096415 0.656792
v -0.178014 -0.099117 0.655750
v -0.140539 -0.099764 0.660962
v -0.103018 -0.103018 0.668215
v 0.069090 -0.102699 0.669241
v 0.091632 -0.091632 0.651632
v -0.291760 -0.057905 0.652504
v -0.262231 -0.068552 0.667436
v -0.180000 -0.060000 0.679244
v 0.100990 -0.061892 0.660813
v -0.298169 -0.020038 0.658339
v 0.109951 -0.029951 0.669951
v 0.131496 -0.020474 0.651420
v -0.298463 0.020010 0.658608
v 0.131613 0.020405 0.651405
v -0.293709 0.060694 0.654074
v -0.264781 0.064781 0.674767
v 0.102113 0.063246 0.661523
v -0.260674 0.095413 0.656269
v -0.220058 0.099967 0.660072
v -0.179972 0.099801 0.660544
v -0.139425 0.108404 0.666411
v -0.100000 0.100000 0.678414
v 0.066917 0.101803 0.665718
v 0.091992 0.091992 0.651992
v -0.141003 0.134423 0.650055
v -0.100115 0.140253 0.659555
v -0.059746 0.146292 0.664178
v -0.024355 0.144355 0.671114
v 0.023764 0.143764 0.670182
v 0.058171 0.136606 0.656266
v -0.060495 0.174952 0.651041
v -0.020172 0.175849 0.657140
v 0.020314 0.175573 0.656999
v 0.060000 0.180000 0.641597
v -0.030247 -0.190247 0.670247
v 0.000129 -0.191850 0.672644
v -0.041158 -0.161329 0.681877
v -0.000162 -0.166201 0.691507
v 0.039462 -0.157059 0.677118
v -0.078461 -0.116245 0.676566
v -0.040000 -0.120000 0.699749
v 0.045316 -0.119476 0.685115
v -0.240699 -0.071253 0.673200
v -0.199675 -0.075417 0.671595
v -0.160075 -0.075390 0.671684
v -0.116535 -0.077959 0.677094
v -0.083968 -0.078822 0.686594
v 0.074599 -0.080581 0.675147
v -0.272959 -0.040569 0.674724
v -0.242017 -0.041403 0.688497
v -0.200213 -0.048003 0.685706
v -0.160274 -0.041199 0.685613
v -0.119279 -0.045523 0.688962
v -0.080000 -0.040000 0.699246
v 0.084303 -0.043476 0.683696
v -0.274763 -0.000019 0.676495
v -0.245896 0.000062 0.689500
v -0.200000 0.000000 0.699289
v -0.160000 0.000000 0.691929
v -0.120000 0.000000 0.694439
v 0.086359 0.000071 0.691639
v 0.111743 -0.000047 0.672640
v -0.274772 0.040260 0.676121
v -0.242092 0.042084 0.690036
v -0.200577 0.046006 0.689981
v -0.160483 0.038568 0.686685
v -0.122013 0.041262 0.687926
v -0.080000 0.040000 0.694991
v 0.082447 0.043887 0.684450
v 0.110513 0.030513 0.670513
v -0.240399 0.074715 0.676307
v -0.199870 0.075019 0.676683
v -0.158575 0.076096 0.675987
v -0.120248 0.080075 0.680194
v -0.081454 0.080983 0.685770
v -0.039320 0.085669 0.689460
v 0.000000 0.080000 0.697773
v 0.044821 0.081105 0.686430
v 0.074984 0.081395 0.671279
v -0.115515 0.115515 0.667688
v -0.078130 0.116052 0.674643
v -0.040608 0.119265 0.676130
v -0.000461 0.120486 0.681590
v 0.039350 0.115742 0.674900
v -0.040000 0.160000 0.661849
v 0.000095 0.153872 0.669990
v -0.020000 -0.180000 0.680961
v -0.055135 -0.135135 0.685351
v -0.020506 -0.140127 0.698899
v 0.019968 -0.137184 0.697688
v -0.058068 -0.098838 0.696684
v -0.021778 -0.101717 0.708884
v 0.022576 -0.101097 0.704621
v 0.050437 -0.090437 0.690437
v -0.220000 -0.060000 0.683280
v -0.140000 -0.060000 0.681279
v -0.096177 -0.056177 0.690136
v -0.060458 -0.062076 0.701970
v -0.020000 -0.060000 0.713359
v 0.024041 -0.064041 0.710280
v 0.058009 -0.058701 0.696206
v -0.260000 -0.020000 0.685193
v -0.220399 -0.020528 0.694401
v -0.181534 -0.019103 0.693636
v -0.137605 -0.018193 0.690694
v -0.099087 -0.020141 0.698779
v -0.059039 -0.019887 0.706106
v -0.020000 -0.020000 0.716538
v 0.020000 -0.020000 0.716536
v 0.060163 -0.021990 0.702039
v 0.100000 -0.020000 0.681192
v -0.260000 0.020000 0.685765
v -0.220462 0.020165 0.695409
v -0.181194 0.018828 0.694121
v -0.140136 0.014121 0.690632
v -0.098028 0.020428 0.697526
v -0.059491 0.022795 0.703735
v -0.020000 0.020000 0.714869
v 0.024458 0.024458 0.711750
v 0.060131 0.020309 0.700741
v 0.100000 0.020000 0.682012
v -0.220000 0.060000 0.687298
v -0.180000 0.060000 0.682405
v -0.140000 0.060000 0.681900
v -0.095005 0.055005 0.687721
v -0.060803 0.061253 0.694600
v -0.021914 0.060529 0.702301
v 0.020378 0.060343 0.701190
v 0.056372 0.056372 0.690147
v -0.060000 0.100000 0.681197
v -0.015910 0.095910 0.689621
v 0.016070 0.096070 0.690179
v 0.000000 -0.120000 0.707432
v -0.035268 -0.075268 0.709212
v 0.000471 -0.080830 0.712771
v 0.040000 -0.080000 0.700823
v -0.034813 -0.040335 0.711645
v 0.000044 -0.040273 0.716782
v 0.034142 -0.040466 0.710349
v -0.080000 0.000000 0.704732
v -0.034669 0.000177 0.711166
v 0.000003 -0.000814 0.720610
v 0.034659 0.000210 0.711176
v -0.035056 0.035056 0.707719
v 0.000033 0.035142 0.712312
v 0.040000 0.040000 0.701484
f 34 8 10
f 127 58 55
f 59 15 14
f 14 15 56
f 59 14 17
f 58 17 14
f 14 55 58
f 14 56 55
f 60 57 15
f 60 15 18
f 59 18 15
f 15 57 56
f 19 61 60
f 128 57 60
f 128 60 61
f 63 17 16
f 16 17 58
f 20 63 16
f 62 20 16
f 16 131 62
f 16 58 131
f 59 17 18
f 17 1 18
f 1 17 21
f 17 63 21
f 60 18 19
f 2 19 18
f 2 18 22
f 18 1 22
f 2 23 19
f 19 23 64
f 19 64 61
f 132 61 64
f 63 20 21
f 3 21 20
f 25 3 20
f 66 25 20
f 20 62 66
f 1 21 22
f 21 4 22
f 4 21 26
f 21 3 26
f 2 22 23
f 5 23 22
f 5 22 27
f 22 4 27
f 64 23 67
f 5 28 23
f 67 23 28
f 67 24 64
f 24 65 64
f 24 68 65
f 24 67 68
f 69 25 66
f 66 137 69
f 3 25 26
f 6 26 25
f 6 25 29
f 69 29 25
f 4 26 27
f 26 7 27
f 7 26 30
f 26 6 30
f 5 27 28
f 70 28 27
f 70 27 31
f 27 7 31
f 70 32 28
f 32 71 28
f 28 71 67
f 138 67 71
f 72 29 69
f 69 141 72
f 6 29 30
f 30 29 8
f 8 29 33
f 29 72 33
f 7 30 31
f 30 9 31
f 9 30 34
f 34 30 8
f 70 31 32
f 31 73 32
f 73 31 35
f 9 35 31
f 32 74 71
f 32 73 74
f 75 33 72
f 72 145 75
f 8 33 10
f 10 33 37
f 75 37 33
f 9 34 35
f 11 35 34
f 11 34 38
f 38 34 10
f 73 35 76
f 39 76 35
f 11 39 35
f 76 36 73
f 36 74 73
f 36 77 74
f 36 76 77
f 78 37 75
f 148 78 75
f 37 38 10
f 12 38 37
f 41 12 37
f 78 41 37
f 11 38 39
f 13 39 38
f 13 38 42
f 38 12 42
f 79 40 39
f 76 39 40
f 43 79 39
f 13 43 39
f 79 44 40
f 40 44 80
f 40 77 76
f 40 80 77
f 149 77 80
f 12 41 42
f 83 42 41
f 41 78 82
f 41 82 83
f 13 42 43
f 84 43 42
f 84 42 46
f 42 83 46
f 44 79 43
f 44 43 85
f 47 85 43
f 84 47 43
f 85 48 86
f 80 44 86
f 86 44 85
f 86 45 80
f 45 81 80
f 45 87 81
f 87 45 86
f 155 83 82
f 83 155 90
f 47 84 46
f 47 46 91
f 90 46 83
f 91 46 90
f 48 85 47
f 48 47 92
f 92 47 91
f 86 48 93
f 93 48 92
f 93 49 86
f 86 49 87
f 49 94 87
f 49 93 94
f 156 87 94
f 159 97 90
f 159 96 97
f 160 90 97
f 90 160 91
f 91 160 98
f 160 97 98
f 98 50 91
f 91 50 92
f 92 50 99
f 99 50 98
f 99 51 92
f 92 51 93
f 51 100 93
f 51 99 100
f 161 93 100
f 161 94 93
f 161 101 94
f 161 100 101
f 165 96 102
f 165 97 96
f 165 103 97
f 165 102 103
f 166 97 103
f 166 98 97
f 166 104 98
f 166 103 104
f 52 98 104
f 98 52 99
f 99 52 105
f 52 104 105
f 105 53 99
f 53 100 99
f 53 106 100
f 106 53 105
f 167 100 106
f 167 101 100
f 167 107 101
f 167 106 107
f 172 103 109
f 172 104 103
f 172 110 104
f 172 109 110
f 173 104 110
f 173 105 104
f 173 111 105
f 173 110 111
f 54 105 111
f 105 54 106
f 54 112 106
f 54 111 112
f 174 106 112
f 174 107 106
f 174 113 107
f 174 112 113
f 175 107 113
f 180 111 110
f 180 117 111
f 181 111 117
f 181 112 111
f 181 118 112
f 181 117 118
f 182 112 118
f 182 113 112
f 182 119 113
f 182 118 119
f 188 118 117
f 189 118 121
f 189 119 118
f 304 204 200
f 305 200 204
f 305 204 205
f 313 210 204
f 314 204 210
f 314 205 204
f 314 211 205
f 314 210 211
f 315 205 211
f 124 215 214
f 319 214 215
f 215 125 216
f 320 207 215
f 320 208 207
f 320 216 208
f 216 320 215
f 126 217 216
f 321 216 217
f 326 210 219
f 326 211 210
f 55 124 123
f 124 214 123
f 127 55 123
f 221 127 123
f 123 213 221
f 123 214 213
f 215 124 125
f 124 56 125
f 56 124 55
f 216 125 126
f 57 126 125
f 125 56 57
f 222 217 126
f 222 126 128
f 126 57 128
f 129 223 222
f 330 217 222
f 330 222 223
f 225 127 221
f 221 339 225
f 58 127 131
f 127 225 131
f 222 128 129
f 129 128 61
f 226 223 129
f 226 129 132
f 129 61 132
f 133 227 226
f 340 223 226
f 340 226 227
f 225 130 131
f 130 62 131
f 62 130 134
f 134 130 228
f 130 224 228
f 225 224 130
f 226 132 133
f 65 133 132
f 132 64 65
f 229 227 133
f 135 229 133
f 65 135 133
f 349 227 229
f 134 228 231
f 356 231 228
f 134 66 62
f 66 134 137
f 134 231 137
f 135 65 68
f 68 67 138
f 229 135 232
f 68 139 135
f 232 135 139
f 232 136 229
f 136 230 229
f 136 233 230
f 136 232 233
f 235 137 231
f 231 359 235
f 359 234 235
f 69 137 141
f 137 235 141
f 68 138 139
f 236 139 138
f 236 138 142
f 71 142 138
f 236 237 139
f 139 237 232
f 360 232 237
f 239 141 140
f 140 141 235
f 238 239 140
f 140 234 238
f 140 235 234
f 72 141 145
f 141 239 145
f 74 142 71
f 142 240 236
f 240 142 146
f 142 74 146
f 240 143 236
f 143 237 236
f 143 241 237
f 143 240 241
f 243 145 239
f 144 238 242
f 144 239 238
f 239 144 243
f 144 242 243
f 75 145 148
f 145 243 148
f 77 146 74
f 146 244 240
f 244 146 149
f 149 146 77
f 150 245 244
f 244 147 240
f 147 241 240
f 147 245 241
f 147 244 245
f 246 148 243
f 367 243 242
f 243 367 246
f 148 151 78
f 148 246 151
f 244 149 150
f 81 150 149
f 149 80 81
f 247 245 150
f 247 150 152
f 81 152 150
f 368 245 247
f 249 151 246
f 246 371 249
f 78 151 82
f 82 151 154
f 249 154 151
f 81 87 152
f 88 153 152
f 152 153 247
f 88 152 156
f 152 87 156
f 88 157 153
f 157 250 153
f 153 248 247
f 153 250 248
f 251 154 249
f 249 375 251
f 154 155 82
f 89 155 154
f 158 89 154
f 251 158 154
f 90 155 159
f 155 89 159
f 88 156 157
f 95 157 156
f 95 156 162
f 162 156 94
f 95 163 157
f 163 252 157
f 157 252 250
f 253 158 251
f 251 381 253
f 89 158 159
f 158 96 159
f 96 158 164
f 253 164 158
f 101 162 94
f 95 162 163
f 254 163 162
f 254 162 168
f 162 101 168
f 254 255 163
f 163 255 252
f 256 164 253
f 253 387 256
f 96 164 102
f 102 164 170
f 256 170 164
f 102 171 103
f 107 168 101
f 257 169 168
f 168 169 254
f 257 168 175
f 175 168 107
f 257 176 169
f 176 258 169
f 169 255 254
f 169 258 255
f 170 256 260
f 256 394 260
f 102 170 171
f 108 171 170
f 177 108 170
f 177 170 260
f 103 171 109
f 109 171 178
f 171 108 178
f 109 179 110
f 257 175 176
f 114 176 175
f 114 175 183
f 183 175 113
f 114 184 176
f 176 184 261
f 176 261 258
f 395 258 261
f 395 261 262
f 108 177 178
f 266 178 177
f 177 260 265
f 177 265 266
f 109 178 179
f 178 115 179
f 115 178 185
f 178 266 185
f 179 180 110
f 179 116 180
f 116 179 186
f 115 186 179
f 180 187 117
f 180 116 187
f 119 183 113
f 114 183 184
f 267 184 183
f 267 183 190
f 183 119 190
f 267 191 184
f 184 191 268
f 261 184 268
f 268 401 261
f 401 262 261
f 401 269 262
f 401 268 269
f 402 269 270
f 186 115 185
f 273 186 185
f 185 266 272
f 185 272 273
f 116 186 187
f 274 187 186
f 274 186 273
f 117 187 188
f 187 120 188
f 120 187 192
f 274 192 187
f 188 121 118
f 121 188 193
f 188 120 193
f 189 190 119
f 189 122 190
f 122 189 194
f 121 194 189
f 267 190 191
f 275 191 190
f 275 190 195
f 122 195 190
f 191 275 276
f 268 191 276
f 276 407 268
f 407 269 268
f 407 277 269
f 407 276 277
f 408 269 277
f 408 270 269
f 408 278 270
f 408 277 278
f 409 270 278
f 409 271 270
f 409 279 271
f 409 278 279
f 281 192 274
f 412 273 280
f 273 412 274
f 412 281 274
f 412 280 281
f 120 192 193
f 282 193 192
f 281 282 192
f 121 193 194
f 193 283 194
f 193 282 283
f 122 194 195
f 284 195 194
f 194 283 284
f 275 195 285
f 195 284 285
f 285 196 275
f 275 196 276
f 196 286 276
f 196 285 286
f 413 276 286
f 413 277 276
f 413 287 277
f 413 286 287
f 414 277 287
f 414 278 277
f 414 288 278
f 414 287 288
f 415 278 288
f 415 279 278
f 415 289 279
f 415 288 289
f 418 282 281
f 418 290 282
f 197 282 290
f 282 197 283
f 197 291 283
f 197 290 291
f 198 283 291
f 283 198 284
f 198 292 284
f 198 291 292
f 419 284 292
f 284 419 285
f 419 293 285
f 419 292 293
f 420 286 285
f 421 287 286
f 421 295 287
f 422 287 295
f 422 288 287
f 422 296 288
f 422 295 296
f 423 288 296
f 427 292 291
f 440 441 602
f 441 299 442
f 603 442 436
f 442 603 441
f 442 300 443
f 604 436 442
f 604 437 436
f 604 443 437
f 443 604 442
f 443 301 444
f 605 437 443
f 605 438 437
f 605 444 438
f 444 605 443
f 444 302 445
f 606 438 444
f 606 439 438
f 606 445 439
f 445 606 444
f 610 448 440
f 610 447 448
f 199 299 298
f 298 299 441
f 303 199 298
f 448 303 298
f 298 440 448
f 298 441 440
f 442 299 300
f 200 300 299
f 200 299 304
f 299 199 304
f 301 443 300
f 201 301 300
f 201 300 305
f 300 200 305
f 302 444 301
f 202 302 301
f 202 301 306
f 201 306 301
f 302 449 445
f 307 449 302
f 202 307 302
f 449 611 445
f 611 446 445
f 611 450 446
f 611 449 450
f 454 303 448
f 616 447 453
f 616 448 447
f 448 616 454
f 616 453 454
f 199 303 304
f 203 304 303
f 312 203 303
f 454 312 303
f 304 313 204
f 304 203 313
f 201 305 306
f 306 305 205
f 202 306 307
f 206 307 306
f 206 306 315
f 315 306 205
f 455 308 307
f 449 307 308
f 455 307 316
f 206 316 307
f 455 317 308
f 317 456 308
f 308 450 449
f 308 456 450
f 319 459 458
f 619 458 459
f 208 310 309
f 310 451 309
f 309 207 208
f 309 459 207
f 309 620 459
f 309 451 620
f 208 321 310
f 310 321 460
f 310 452 451
f 310 460 452
f 626 463 453
f 464 312 454
f 311 453 463
f 311 454 453
f 454 311 464
f 311 463 464
f 203 312 313
f 209 313 312
f 324 209 312
f 464 324 312
f 313 325 210
f 313 209 325
f 206 315 316
f 315 212 316
f 212 315 327
f 327 315 211
f 455 316 317
f 316 465 317
f 465 316 328
f 212 328 316
f 317 466 456
f 317 465 466
f 318 319 458
f 318 214 319
f 318 213 214
f 468 213 318
f 468 318 457
f 318 458 457
f 459 319 207
f 319 215 207
f 208 216 321
f 322 460 321
f 322 321 217
f 322 330 469
f 322 217 330
f 322 461 460
f 322 469 461
f 635 474 463
f 635 473 474
f 475 324 464
f 333 475 474
f 323 463 474
f 323 464 463
f 464 323 475
f 475 323 474
f 209 324 325
f 218 325 324
f 218 324 334
f 475 334 324
f 325 219 210
f 219 325 335
f 325 218 335
f 326 327 211
f 326 220 327
f 220 326 336
f 219 336 326
f 212 327 328
f 476 328 327
f 476 327 337
f 220 337 327
f 465 328 477
f 476 338 328
f 328 338 477
f 477 636 465
f 636 466 465
f 636 478 466
f 636 477 478
f 468 329 213
f 329 221 213
f 329 339 221
f 479 339 329
f 329 467 479
f 468 467 329
f 330 223 331
f 330 331 469
f 340 331 223
f 340 480 331
f 331 470 469
f 331 480 470
f 642 471 483
f 642 472 471
f 642 484 472
f 642 483 484
f 643 472 484
f 643 473 472
f 643 485 473
f 643 484 485
f 486 333 474
f 485 343 486
f 332 473 485
f 332 474 473
f 474 332 486
f 486 332 485
f 475 333 334
f 487 334 333
f 344 487 333
f 486 344 333
f 218 334 335
f 334 488 335
f 488 334 345
f 487 345 334
f 219 335 336
f 335 489 336
f 335 488 489
f 220 336 337
f 490 337 336
f 336 489 490
f 338 476 337
f 338 337 491
f 491 337 490
f 338 492 477
f 338 491 492
f 479 493 339
f 479 645 493
f 225 339 224
f 339 493 224
f 340 227 341
f 340 341 480
f 349 341 227
f 341 349 494
f 341 481 480
f 341 494 481
f 494 350 495
f 495 646 494
f 647 482 495
f 647 483 482
f 647 496 483
f 496 647 495
f 648 483 496
f 648 484 483
f 648 497 484
f 497 648 496
f 498 343 485
f 342 484 497
f 342 485 484
f 485 342 498
f 498 342 497
f 344 486 343
f 499 344 343
f 354 499 343
f 354 343 498
f 345 487 344
f 345 344 500
f 500 344 499
f 501 488 345
f 345 500 501
f 346 488 501
f 488 346 489
f 346 502 489
f 346 501 502
f 347 489 502
f 489 347 490
f 347 503 490
f 347 502 503
f 649 490 503
f 490 649 491
f 649 504 491
f 649 503 504
f 493 348 224
f 348 228 224
f 356 228 348
f 505 356 348
f 348 652 505
f 493 652 348
f 494 349 350
f 230 350 349
f 349 229 230
f 350 506 495
f 357 506 350
f 230 357 350
f 506 351 495
f 495 351 496
f 351 507 496
f 351 506 507
f 352 496 507
f 496 352 497
f 497 352 508
f 352 507 508
f 508 353 497
f 497 353 498
f 498 353 509
f 509 353 508
f 510 499 354
f 509 354 498
f 354 509 510
f 355 499 510
f 499 355 500
f 355 511 500
f 355 510 511
f 505 512 356
f 505 658 512
f 231 356 359
f 356 512 359
f 357 230 233
f 233 232 360
f 506 357 513
f 233 361 357
f 513 357 361
f 513 659 506
f 659 507 506
f 659 514 507
f 659 513 514
f 660 507 514
f 660 508 507
f 660 515 508
f 660 514 515
f 661 508 515
f 508 661 509
f 661 516 509
f 661 515 516
f 662 509 516
f 662 510 509
f 662 517 510
f 662 516 517
f 358 359 512
f 358 234 359
f 362 234 358
f 518 362 358
f 358 665 518
f 358 512 665
f 233 360 361
f 360 519 361
f 519 360 363
f 363 360 237
f 361 520 513
f 361 519 520
f 666 513 520
f 666 514 513
f 667 515 514
f 362 238 234
f 364 238 362
f 524 364 362
f 362 518 524
f 363 237 241
f 519 363 525
f 241 365 363
f 363 365 525
f 525 672 519
f 672 520 519
f 364 242 238
f 366 242 364
f 527 366 364
f 364 524 527
f 365 241 245
f 365 528 525
f 528 365 368
f 365 245 368
f 528 678 525
f 366 367 242
f 366 533 367
f 366 527 532
f 366 532 533
f 246 367 371
f 367 533 371
f 248 369 368
f 368 369 528
f 368 247 248
f 248 372 369
f 372 534 369
f 369 529 528
f 369 534 529
f 687 536 537
f 539 371 533
f 370 532 538
f 370 533 532
f 533 370 539
f 370 538 539
f 249 371 375
f 371 539 375
f 372 248 250
f 250 376 372
f 540 372 376
f 372 540 534
f 692 542 536
f 692 541 542
f 373 536 542
f 373 537 536
f 373 543 537
f 543 373 542
f 546 375 539
f 374 538 545
f 374 539 538
f 539 374 546
f 374 545 546
f 251 375 381
f 375 546 381
f 252 376 250
f 540 376 547
f 547 376 382
f 252 382 376
f 696 540 547
f 377 541 549
f 377 542 541
f 542 377 550
f 377 549 550
f 550 385 551
f 550 378 542
f 542 378 543
f 543 378 551
f 551 378 550
f 551 379 543
f 379 544 543
f 379 552 544
f 379 551 552
f 554 381 546
f 380 545 553
f 380 546 545
f 546 380 554
f 380 553 554
f 253 381 387
f 381 554 387
f 382 252 255
f 547 382 555
f 555 382 388
f 255 388 382
f 555 389 556
f 555 701 547
f 701 548 547
f 701 556 548
f 556 701 555
f 390 557 556
f 383 548 556
f 383 549 548
f 383 557 549
f 557 383 556
f 558 385 550
f 557 391 558
f 384 549 557
f 384 550 549
f 550 384 558
f 558 384 557
f 551 385 559
f 385 558 559
f 559 386 551
f 386 552 551
f 386 560 552
f 560 386 559
f 702 552 560
f 702 560 561
f 562 387 554
f 554 704 562
f 256 387 394
f 387 562 394
f 388 255 258
f 555 388 389
f 259 389 388
f 259 388 395
f 395 388 258
f 563 390 389
f 389 390 556
f 563 389 396
f 259 396 389
f 391 557 390
f 564 391 390
f 564 390 397
f 563 397 390
f 558 391 565
f 398 565 391
f 564 398 391
f 565 392 558
f 558 392 559
f 559 392 566
f 566 392 565
f 566 393 559
f 559 393 560
f 393 567 560
f 393 566 567
f 705 560 567
f 705 561 560
f 705 568 561
f 705 567 568
f 394 400 260
f 569 400 394
f 394 562 569
f 259 395 396
f 262 396 395
f 563 396 397
f 396 263 397
f 263 396 402
f 396 262 402
f 564 397 398
f 264 398 397
f 264 397 403
f 397 263 403
f 565 398 570
f 404 570 398
f 264 404 398
f 570 399 565
f 565 399 566
f 566 399 571
f 571 399 570
f 571 708 566
f 708 567 566
f 708 572 567
f 708 571 572
f 709 567 572
f 400 265 260
f 400 573 265
f 569 711 400
f 400 711 573
f 266 265 406
f 406 265 573
f 402 262 269
f 263 402 403
f 403 402 270
f 264 403 404
f 271 404 403
f 271 403 270
f 570 404 574
f 410 574 404
f 271 410 404
f 574 405 570
f 570 405 571
f 405 575 571
f 405 574 575
f 266 406 272
f 577 272 406
f 576 577 406
f 406 573 576
f 273 272 411
f 272 577 411
f 410 271 279
f 578 574 410
f 279 416 410
f 416 578 410
f 716 574 578
f 411 577 579
f 576 720 577
f 720 579 577
f 273 411 280
f 411 580 280
f 411 579 580
f 417 281 280
f 580 417 280
f 416 279 289
f 289 288 423
f 289 424 416
f 424 581 416
f 416 581 578
f 724 580 579
f 417 418 281
f 417 582 418
f 580 725 417
f 417 725 582
f 418 425 290
f 418 582 425
f 290 426 291
f 285 293 420
f 428 293 292
f 420 421 286
f 420 294 421
f 294 420 429
f 293 429 420
f 430 295 421
f 294 430 421
f 295 431 296
f 289 423 424
f 423 583 424
f 432 583 423
f 432 423 296
f 424 726 581
f 424 583 726
f 290 425 426
f 584 426 425
f 731 425 582
f 731 584 425
f 291 426 427
f 426 585 427
f 584 585 426
f 427 428 292
f 427 297 428
f 297 427 433
f 585 433 427
f 293 428 429
f 586 429 428
f 586 428 434
f 297 434 428
f 430 294 429
f 587 430 429
f 586 435 429
f 587 429 435
f 295 430 431
f 588 431 430
f 588 430 587
f 296 431 432
f 589 432 431
f 431 588 589
f 432 590 583
f 432 589 590
f 591 433 585
f 584 733 585
f 591 585 733
f 434 297 433
f 434 433 592
f 433 591 592
f 435 586 434
f 593 435 434
f 434 592 593
f 435 594 587
f 435 593 594
f 587 734 588
f 602 745 744
f 744 745 870
f 436 596 595
f 596 746 595
f 595 603 436
f 595 745 603
f 746 871 595
f 595 871 745
f 437 597 596
f 597 740 596
f 596 436 437
f 746 596 872
f 596 740 872
f 438 598 597
f 598 741 597
f 597 437 438
f 597 741 740
f 439 599 598
f 599 742 598
f 598 438 439
f 598 742 741
f 747 600 599
f 600 743 599
f 747 599 607
f 439 607 599
f 599 743 742
f 747 608 600
f 608 748 600
f 743 600 873
f 873 600 748
f 749 609 750
f 749 750 875
f 440 602 601
f 602 744 601
f 601 610 440
f 750 610 601
f 750 601 876
f 601 744 876
f 745 602 603
f 602 441 603
f 439 445 607
f 747 607 608
f 446 608 607
f 607 445 446
f 446 612 608
f 608 612 751
f 608 751 748
f 609 749 756
f 884 756 749
f 884 755 756
f 750 609 610
f 609 447 610
f 447 609 615
f 756 615 609
f 612 446 450
f 751 612 757
f 757 612 617
f 450 617 612
f 620 451 760
f 620 760 759
f 759 760 887
f 452 761 613
f 761 752 613
f 613 451 452
f 613 760 451
f 752 888 613
f 613 888 760
f 452 621 761
f 761 621 762
f 752 761 889
f 762 889 761
f 894 767 755
f 767 894 766
f 768 615 614
f 614 615 756
f 625 768 614
f 625 614 767
f 614 755 767
f 614 756 755
f 447 615 453
f 453 615 626
f 615 768 626
f 456 617 450
f 617 769 757
f 769 617 627
f 456 627 617
f 895 757 769
f 458 619 618
f 619 758 618
f 618 457 458
f 618 770 457
f 758 897 618
f 618 897 770
f 619 620 759
f 459 620 619
f 619 759 758
f 452 460 621
f 461 622 621
f 621 622 762
f 621 460 461
f 461 629 622
f 622 629 771
f 622 763 762
f 622 771 763
f 898 771 772
f 899 764 772
f 899 765 764
f 899 773 765
f 899 772 773
f 774 624 623
f 623 624 766
f 774 623 632
f 773 632 623
f 623 765 773
f 623 766 765
f 775 625 624
f 624 625 767
f 775 624 633
f 774 633 624
f 766 624 767
f 768 625 626
f 462 626 625
f 462 625 634
f 775 634 625
f 626 635 463
f 626 462 635
f 627 456 466
f 466 637 627
f 637 776 627
f 769 627 776
f 770 628 457
f 468 457 628
f 468 628 467
f 628 777 467
f 628 902 777
f 770 902 628
f 461 469 629
f 470 630 629
f 629 630 771
f 629 469 470
f 778 631 630
f 631 772 630
f 639 778 630
f 470 639 630
f 630 772 771
f 779 632 631
f 631 632 773
f 640 779 631
f 778 640 631
f 631 773 772
f 774 632 633
f 632 471 633
f 471 632 641
f 632 779 641
f 775 633 634
f 633 472 634
f 472 633 471
f 462 634 635
f 635 634 473
f 634 472 473
f 637 466 478
f 478 477 644
f 478 780 637
f 780 781 637
f 637 781 776
f 638 467 777
f 638 479 467
f 645 479 638
f 782 645 638
f 777 904 638
f 904 782 638
f 639 470 480
f 640 778 639
f 481 640 639
f 639 480 481
f 779 640 641
f 482 641 640
f 482 640 646
f 481 646 640
f 471 641 483
f 641 482 483
f 477 492 644
f 492 491 650
f 478 644 780
f 644 783 780
f 492 651 644
f 644 651 783
f 783 905 780
f 781 780 905
f 493 645 652
f 645 784 652
f 645 782 784
f 481 494 646
f 646 495 482
f 501 500 653
f 654 502 501
f 502 655 503
f 491 504 650
f 656 504 503
f 492 650 651
f 650 785 651
f 504 657 650
f 650 657 785
f 651 786 783
f 651 785 786
f 652 787 505
f 652 784 787
f 658 505 787
f 784 908 787
f 500 511 653
f 663 511 510
f 501 653 654
f 788 654 653
f 511 664 653
f 653 664 788
f 502 654 655
f 789 655 654
f 789 654 788
f 503 655 656
f 790 656 655
f 655 789 790
f 657 504 656
f 657 656 791
f 791 656 790
f 657 792 785
f 657 791 792
f 512 658 665
f 658 793 665
f 658 910 793
f 787 910 658
f 668 516 515
f 517 663 510
f 516 669 517
f 511 663 664
f 663 794 664
f 517 670 663
f 663 670 794
f 664 795 788
f 664 794 795
f 911 788 795
f 788 911 789
f 911 796 789
f 911 795 796
f 912 789 796
f 789 912 790
f 912 797 790
f 912 796 797
f 913 790 797
f 790 913 791
f 913 798 791
f 913 797 798
f 665 799 518
f 665 793 799
f 666 667 514
f 666 521 667
f 521 666 673
f 520 673 666
f 667 668 515
f 667 522 668
f 522 667 674
f 521 674 667
f 516 668 669
f 668 523 669
f 523 668 675
f 668 522 675
f 517 669 670
f 669 800 670
f 523 676 669
f 669 676 800
f 670 917 794
f 670 800 917
f 671 518 799
f 671 524 518
f 671 801 524
f 801 671 799
f 923 801 799
f 672 673 520
f 672 526 673
f 526 672 678
f 672 525 678
f 521 673 674
f 802 674 673
f 802 673 679
f 526 679 673
f 522 674 675
f 803 675 674
f 680 803 674
f 802 680 674
f 523 675 676
f 804 676 675
f 804 675 681
f 675 803 681
f 804 682 676
f 682 805 676
f 676 805 800
f 677 524 801
f 677 527 524
f 677 806 527
f 806 677 801
f 801 929 806
f 526 678 679
f 529 679 678
f 678 528 529
f 680 802 679
f 807 680 679
f 684 807 679
f 529 684 679
f 803 680 681
f 530 681 680
f 685 530 680
f 807 685 680
f 804 681 682
f 531 682 681
f 531 681 686
f 681 530 686
f 808 682 687
f 531 687 682
f 808 805 682
f 683 527 806
f 683 532 527
f 689 532 683
f 809 689 683
f 806 935 683
f 809 683 935
f 684 529 534
f 685 807 684
f 810 685 684
f 690 810 684
f 534 690 684
f 530 685 686
f 535 686 685
f 691 535 685
f 810 691 685
f 531 686 687
f 687 686 536
f 686 692 536
f 686 535 692
f 687 537 688
f 687 688 808
f 537 693 688
f 688 693 811
f 688 936 808
f 688 811 936
f 937 811 812
f 689 538 532
f 695 538 689
f 814 695 689
f 809 941 689
f 941 814 689
f 690 534 540
f 691 810 690
f 815 691 690
f 815 690 696
f 690 540 696
f 535 691 692
f 691 541 692
f 541 691 697
f 815 697 691
f 537 543 693
f 544 694 693
f 693 694 811
f 693 543 544
f 544 698 694
f 694 698 816
f 694 812 811
f 694 816 812
f 942 812 816
f 942 813 812
f 942 817 813
f 942 816 817
f 695 545 538
f 700 545 695
f 819 700 695
f 695 814 819
f 815 696 697
f 696 548 697
f 696 547 548
f 541 697 549
f 697 548 549
f 698 544 552
f 698 820 816
f 820 698 702
f 702 698 552
f 820 703 821
f 820 699 816
f 699 817 816
f 699 821 817
f 821 699 820
f 946 817 821
f 700 553 545
f 824 553 700
f 823 824 700
f 700 819 823
f 554 553 704
f 820 702 703
f 703 702 561
f 703 825 821
f 706 825 703
f 561 706 703
f 825 949 821
f 949 825 826
f 553 824 704
f 704 824 827
f 823 951 824
f 951 827 824
f 707 562 704
f 707 704 827
f 706 561 568
f 709 568 567
f 825 706 828
f 568 710 706
f 828 706 710
f 828 952 825
f 707 569 562
f 829 569 707
f 707 827 955
f 829 707 955
f 569 829 711
f 572 571 712
f 568 709 710
f 830 710 709
f 830 709 713
f 713 709 572
f 830 714 710
f 714 831 710
f 710 831 828
f 832 711 829
f 957 832 829
f 711 715 573
f 832 715 711
f 571 575 712
f 575 574 716
f 572 712 713
f 833 713 712
f 833 712 717
f 575 717 712
f 714 830 713
f 714 713 834
f 833 718 713
f 834 713 718
f 714 835 831
f 714 834 835
f 715 576 573
f 719 576 715
f 836 719 715
f 715 832 836
f 575 716 717
f 837 717 716
f 837 716 721
f 721 716 578
f 718 833 717
f 838 718 717
f 837 838 717
f 718 839 834
f 718 838 839
f 960 834 839
f 576 719 720
f 841 720 719
f 722 841 719
f 840 722 719
f 719 836 840
f 720 723 579
f 720 841 723
f 581 721 578
f 721 842 837
f 581 727 721
f 721 727 842
f 842 962 837
f 962 838 837
f 962 843 838
f 962 842 843
f 963 839 838
f 841 722 723
f 845 723 722
f 722 840 844
f 722 844 845
f 579 723 724
f 723 846 724
f 846 723 728
f 723 845 728
f 580 724 725
f 724 847 725
f 846 729 724
f 724 729 847
f 730 582 725
f 847 730 725
f 727 581 726
f 848 727 726
f 848 726 732
f 726 583 732
f 848 849 727
f 727 849 842
f 729 846 728
f 851 729 728
f 728 845 850
f 728 850 851
f 971 729 851
f 729 971 847
f 731 582 730
f 731 730 852
f 847 972 730
f 730 972 852
f 731 853 584
f 731 852 853
f 735 589 588
f 583 590 732
f 590 854 732
f 854 590 736
f 736 590 589
f 855 848 732
f 855 732 854
f 973 848 855
f 849 848 973
f 584 853 733
f 852 978 853
f 591 733 857
f 733 853 856
f 857 733 856
f 737 592 591
f 738 593 592
f 587 594 734
f 739 594 593
f 735 588 734
f 859 735 734
f 594 858 734
f 734 858 859
f 736 589 735
f 860 736 735
f 859 860 735
f 861 854 736
f 736 860 861
f 979 854 861
f 979 855 854
f 737 591 857
f 862 737 857
f 981 862 857
f 737 738 592
f 863 738 737
f 737 862 863
f 739 593 738
f 864 739 738
f 738 863 864
f 858 594 739
f 865 858 739
f 739 864 865
f 865 982 858
f 858 982 859
f 983 860 859
f 871 993 992
f 1091 992 993
f 740 866 994
f 872 740 994
f 993 872 994
f 994 1092 993
f 741 867 866
f 867 989 866
f 866 740 741
f 994 866 1093
f 866 989 1093
f 742 868 867
f 868 990 867
f 867 741 742
f 867 1094 989
f 990 1094 867
f 868 743 995
f 868 742 743
f 990 868 1095
f 995 1095 868
f 744 870 869
f 991 869 870
f 876 744 869
f 997 876 869
f 991 1097 869
f 869 1097 997
f 992 870 871
f 870 745 871
f 991 870 992
f 993 871 872
f 871 746 872
f 995 743 873
f 873 748 998
f 995 873 1098
f 873 998 1098
f 748 877 998
f 1104 1004 1005
f 1005 883 1006
f 1006 1105 1005
f 749 875 874
f 996 874 875
f 884 749 874
f 1006 884 874
f 996 1106 874
f 874 1106 1006
f 997 875 876
f 875 750 876
f 875 997 996
f 877 748 751
f 885 877 751
f 885 1007 877
f 1107 998 877
f 1007 1107 877
f 753 879 878
f 879 1000 878
f 753 878 888
f 878 1009 888
f 878 999 1009
f 878 1000 999
f 1010 880 879
f 880 1001 879
f 1010 879 889
f 753 889 879
f 879 1001 1000
f 1010 890 880
f 880 890 1011
f 880 1002 1001
f 880 1011 1002
f 881 1003 1012
f 891 1012 1011
f 1109 1002 1011
f 1109 1003 1002
f 1109 1012 1003
f 1012 1109 1011
f 1013 882 881
f 882 1004 881
f 892 1013 881
f 1012 892 881
f 881 1004 1003
f 754 883 882
f 882 883 1005
f 754 882 893
f 1013 893 882
f 882 1005 1004
f 1006 883 884
f 883 755 884
f 883 894 755
f 754 894 883
f 885 751 757
f 757 895 885
f 895 1014 885
f 1007 885 1110
f 1014 1110 885
f 897 1016 1015
f 1112 1015 1016
f 759 887 886
f 1008 886 887
f 886 758 759
f 886 1016 758
f 1008 1113 886
f 886 1113 1016
f 1009 887 888
f 887 760 888
f 887 1009 1008
f 753 888 889
f 888 752 889
f 1010 889 890
f 889 762 890
f 763 891 890
f 890 891 1011
f 890 762 763
f 892 1012 891
f 764 892 891
f 764 891 898
f 763 898 891
f 1013 892 893
f 765 893 892
f 892 764 765
f 754 893 894
f 893 766 894
f 766 893 765
f 900 895 769
f 900 1017 895
f 1014 895 1114
f 895 1017 1114
f 896 897 1015
f 896 770 897
f 896 902 770
f 896 1018 902
f 896 1116 1018
f 896 1015 1116
f 1016 897 758
f 763 771 898
f 764 898 772
f 900 769 776
f 776 903 900
f 903 1019 900
f 900 1117 1017
f 1019 1117 900
f 901 902 1018
f 901 777 902
f 901 904 777
f 901 1020 904
f 901 1119 1020
f 901 1018 1119
f 903 776 781
f 903 781 1021
f 1021 781 905
f 1021 1120 903
f 1019 903 1120
f 904 1022 782
f 904 1020 1022
f 1121 1022 1020
f 905 783 907
f 1023 905 907
f 1021 905 1023
f 906 782 1022
f 906 784 782
f 908 784 906
f 1024 908 906
f 906 1123 1024
f 906 1022 1123
f 907 783 786
f 786 785 909
f 786 1025 907
f 1023 907 1124
f 1025 1124 907
f 787 908 910
f 1026 910 908
f 1026 908 1024
f 785 792 909
f 792 791 914
f 786 909 1025
f 909 1027 1025
f 792 915 909
f 909 915 1027
f 1027 1126 1025
f 910 1028 793
f 1028 910 1026
f 916 793 1028
f 1026 1127 1028
f 918 795 794
f 919 796 795
f 796 920 797
f 791 798 914
f 797 921 798
f 792 914 915
f 914 1029 915
f 798 922 914
f 914 922 1029
f 1029 1128 915
f 1128 1027 915
f 916 799 793
f 916 923 799
f 1030 923 916
f 1028 1129 916
f 1030 916 1129
f 918 794 917
f 1031 918 917
f 1031 917 924
f 924 917 800
f 919 795 918
f 1032 919 918
f 1032 918 1031
f 796 919 920
f 1033 920 919
f 926 1033 919
f 1032 926 919
f 797 920 921
f 920 1034 921
f 1034 920 927
f 1033 927 920
f 798 921 922
f 921 1035 922
f 1035 921 928
f 1034 928 921
f 922 1036 1029
f 922 1035 1036
f 929 801 923
f 1037 929 923
f 1030 1131 923
f 1037 923 1131
f 924 800 805
f 1031 924 1038
f 930 1038 924
f 805 930 924
f 926 1032 1039
f 1038 925 1031
f 1031 925 1032
f 1032 925 1039
f 1039 925 1038
f 927 1033 926
f 1040 927 926
f 932 1040 926
f 932 926 1039
f 928 1034 927
f 1041 928 927
f 933 1041 927
f 1040 933 927
f 1035 928 1042
f 1041 934 928
f 928 934 1042
f 1042 1132 1035
f 806 929 935
f 1043 935 929
f 1037 1133 929
f 1043 929 1133
f 808 930 805
f 1044 931 930
f 1038 930 931
f 1044 930 936
f 808 936 930
f 1045 932 931
f 931 932 1039
f 1045 931 937
f 1044 937 931
f 1038 931 1039
f 933 1040 932
f 1046 933 932
f 1046 932 938
f 1045 938 932
f 934 1041 933
f 1047 934 933
f 1047 933 939
f 1046 939 933
f 1047 940 934
f 934 940 1048
f 1042 934 1048
f 1048 1134 1042
f 809 935 941
f 941 935 1049
f 1049 935 1043
f 1044 936 937
f 936 811 937
f 1045 937 938
f 812 938 937
f 1046 938 939
f 938 813 939
f 813 938 812
f 1047 939 940
f 1050 940 939
f 1050 939 943
f 939 813 943
f 1050 944 940
f 944 1051 940
f 940 1051 1048
f 1136 1048 1051
f 941 1052 814
f 941 1049 1052
f 943 813 817
f 1050 943 944
f 818 944 943
f 818 943 946
f 946 943 817
f 818 947 944
f 947 1053 944
f 944 1053 1051
f 945 814 1052
f 945 819 814
f 945 1054 819
f 1054 945 1052
f 1052 1139 1054
f 818 946 947
f 822 947 946
f 822 946 949
f 946 821 949
f 822 950 947
f 947 950 1055
f 947 1055 1053
f 1053 1055 1140
f 948 819 1054
f 948 823 819
f 948 1056 823
f 1056 948 1054
f 823 1056 951
f 822 949 950
f 950 949 826
f 826 825 952
f 826 953 950
f 953 1057 950
f 950 1057 1055
f 951 954 827
f 1058 954 951
f 951 1056 1058
f 826 952 953
f 953 952 1059
f 1059 952 956
f 828 956 952
f 953 1060 1057
f 953 1059 1060
f 954 955 827
f 954 1061 955
f 1058 1145 954
f 954 1145 1061
f 829 955 957
f 1061 957 955
f 828 831 956
f 831 958 956
f 958 1062 956
f 1059 956 1062
f 959 832 957
f 1063 959 957
f 1061 1063 957
f 958 831 835
f 958 835 1064
f 1064 835 960
f 835 834 960
f 1064 1149 958
f 1062 958 1149
f 959 836 832
f 961 836 959
f 1065 961 959
f 959 1063 1065
f 960 1066 1064
f 1066 960 964
f 964 960 839
f 1066 1151 1064
f 961 840 836
f 965 840 961
f 1067 965 961
f 961 1065 1067
f 843 963 838
f 843 842 966
f 964 839 963
f 1068 964 963
f 1068 963 967
f 843 967 963
f 1068 968 964
f 968 1069 964
f 1066 964 1069
f 965 844 840
f 969 844 965
f 1070 969 965
f 965 1067 1070
f 845 844 970
f 842 849 966
f 843 966 967
f 966 1071 967
f 849 974 966
f 966 974 1071
f 968 1068 967
f 1072 968 967
f 967 1071 1072
f 1155 968 1072
f 1155 1069 968
f 844 969 970
f 1073 970 969
f 1070 1157 969
f 969 1157 1073
f 845 970 850
f 850 970 1074
f 970 1073 1074
f 975 851 850
f 847 971 972
f 971 1075 972
f 1075 971 976
f 976 971 851
f 977 852 972
f 1075 977 972
f 849 973 974
f 973 1076 974
f 980 1076 973
f 980 973 855
f 1076 1158 974
f 974 1158 1071
f 975 850 1074
f 1073 1161 1074
f 976 851 975
f 1077 976 975
f 1074 1162 975
f 975 1162 1077
f 977 1075 976
f 1078 977 976
f 976 1077 1078
f 852 977 978
f 1079 978 977
f 977 1078 1079
f 853 978 856
f 978 1080 856
f 1079 1080 978
f 857 856 981
f 1080 981 856
f 860 984 861
f 980 855 979
f 980 979 1081
f 979 861 985
f 979 985 1081
f 980 1163 1076
f 980 1081 1163
f 1168 1080 1079
f 1083 862 981
f 1080 1082 981
f 1083 981 1082
f 986 1084 863
f 986 863 862
f 986 862 1083
f 986 1083 1084
f 987 864 863
f 865 1086 982
f 988 1086 865
f 988 865 864
f 859 982 983
f 982 1087 983
f 982 1086 1087
f 983 984 860
f 983 1088 984
f 983 1087 1088
f 861 984 985
f 1089 985 984
f 1089 984 1088
f 985 1169 1081
f 985 1089 1169
f 987 863 1084
f 1083 1172 1084
f 988 864 987
f 1085 988 987
f 1084 1173 987
f 1085 987 1173
f 1085 1174 988
f 988 1174 1086
f 1086 1175 1087
f 1087 1176 1088
f 1089 1088 1177
f 1092 1182 1181
f 1266 1181 1182
f 1093 989 1183
f 1182 1093 1183
f 1183 1267 1182
f 1094 1183 989
f 1094 1184 1183
f 991 1090 1186
f 991 1186 1097
f 1097 1186 1185
f 1270 1185 1186
f 992 1091 1090
f 1091 1180 1090
f 1090 991 992
f 1186 1090 1179
f 1090 1180 1179
f 1091 1092 1181
f 993 1092 1091
f 1091 1181 1180
f 1182 1092 1093
f 1092 994 1093
f 1094 1095 1184
f 1094 990 1095
f 1095 995 1187
f 1184 1095 1271
f 1095 1187 1271
f 995 1098 1187
f 1193 1105 1194
f 996 1096 1195
f 996 1195 1106
f 1194 1106 1195
f 1195 1279 1194
f 997 1097 1096
f 1097 1185 1096
f 1096 996 997
f 1195 1096 1280
f 1096 1185 1280
f 1098 998 1196
f 1187 1098 1281
f 1098 1196 1281
f 998 1107 1196
f 1000 1100 1099
f 1100 1188 1099
f 1099 999 1000
f 1099 1198 999
f 1099 1284 1198
f 1099 1188 1284
f 1001 1101 1100
f 1101 1189 1100
f 1100 1000 1001
f 1100 1189 1188
f 1002 1102 1101
f 1102 1190 1101
f 1101 1001 1002
f 1101 1190 1189
f 1003 1103 1102
f 1103 1191 1102
f 1102 1002 1003
f 1102 1191 1190
f 1104 1103 1004
f 1192 1103 1104
f 1103 1003 1004
f 1103 1192 1191
f 1193 1104 1105
f 1104 1005 1105
f 1104 1193 1192
f 1194 1105 1106
f 1105 1006 1106
f 1007 1110 1107
f 1199 1107 1110
f 1285 1196 1107
f 1199 1285 1107
f 1008 1108 1202
f 1197 1202 1108
f 1008 1202 1113
f 1113 1202 1201
f 1197 1287 1202
f 1287 1201 1202
f 1198 1108 999
f 1108 1009 999
f 1009 1108 1008
f 1108 1198 1197
f 1110 1114 1203
f 1110 1014 1114
f 1199 1110 1288
f 1288 1110 1203
f 1015 1112 1111
f 1112 1200 1111
f 1116 1015 1111
f 1116 1111 1204
f 1200 1289 1111
f 1289 1204 1111
f 1112 1113 1201
f 1016 1113 1112
f 1112 1201 1200
f 1114 1017 1205
f 1114 1205 1203
f 1115 1116 1204
f 1115 1018 1116
f 1115 1119 1018
f 1115 1206 1119
f 1292 1115 1204
f 1115 1292 1206
f 1117 1205 1017
f 1117 1207 1205
f 1117 1120 1207
f 1117 1019 1120
f 1118 1119 1206
f 1118 1020 1119
f 1121 1020 1118
f 1208 1121 1118
f 1206 1294 1118
f 1208 1118 1294
f 1120 1021 1122
f 1209 1120 1122
f 1207 1120 1209
f 1022 1121 1123
f 1121 1210 1123
f 1210 1121 1208
f 1122 1021 1023
f 1122 1023 1211
f 1211 1023 1124
f 1211 1297 1122
f 1209 1122 1297
f 1123 1212 1024
f 1212 1123 1210
f 1125 1024 1212
f 1298 1212 1210
f 1025 1126 1124
f 1213 1124 1126
f 1211 1124 1213
f 1125 1026 1024
f 1125 1127 1026
f 1214 1127 1125
f 1212 1300 1125
f 1214 1125 1300
f 1027 1215 1126
f 1301 1213 1126
f 1215 1301 1126
f 1028 1127 1129
f 1127 1216 1129
f 1216 1127 1302
f 1127 1214 1302
f 1128 1215 1027
f 1128 1217 1215
f 1130 1217 1128
f 1130 1128 1029
f 1030 1129 1131
f 1129 1218 1131
f 1218 1129 1216
f 1130 1029 1036
f 1219 1130 1036
f 1219 1036 1132
f 1036 1035 1132
f 1130 1305 1217
f 1219 1305 1130
f 1037 1131 1133
f 1131 1220 1133
f 1220 1131 1218
f 1132 1221 1219
f 1221 1132 1134
f 1132 1042 1134
f 1221 1307 1219
f 1043 1133 1222
f 1133 1220 1222
f 1134 1223 1221
f 1223 1134 1136
f 1134 1048 1136
f 1223 1309 1221
f 1135 1043 1222
f 1135 1049 1043
f 1135 1224 1049
f 1135 1222 1224
f 1136 1225 1223
f 1225 1136 1138
f 1138 1136 1051
f 1225 1311 1223
f 1137 1049 1224
f 1137 1052 1049
f 1052 1137 1226
f 1226 1137 1224
f 1226 1139 1052
f 1312 1226 1224
f 1053 1138 1051
f 1138 1227 1225
f 1227 1138 1140
f 1138 1053 1140
f 1227 1313 1225
f 1054 1139 1228
f 1228 1139 1226
f 1140 1229 1227
f 1140 1142 1229
f 1140 1055 1142
f 1228 1141 1054
f 1054 1141 1056
f 1056 1141 1230
f 1230 1141 1228
f 1055 1057 1142
f 1057 1144 1142
f 1231 1142 1144
f 1142 1231 1229
f 1230 1143 1056
f 1143 1058 1056
f 1143 1232 1058
f 1143 1230 1232
f 1232 1145 1058
f 1144 1057 1060
f 1059 1146 1060
f 1060 1147 1144
f 1147 1233 1144
f 1144 1233 1231
f 1145 1148 1061
f 1234 1148 1145
f 1320 1145 1232
f 1234 1145 1320
f 1059 1062 1146
f 1147 1060 1146
f 1236 1147 1146
f 1062 1235 1146
f 1235 1236 1146
f 1236 1321 1147
f 1233 1147 1321
f 1148 1063 1061
f 1150 1063 1148
f 1237 1150 1148
f 1234 1322 1148
f 1237 1148 1322
f 1062 1149 1235
f 1149 1238 1235
f 1238 1149 1151
f 1064 1151 1149
f 1238 1323 1235
f 1323 1236 1235
f 1150 1065 1063
f 1152 1065 1150
f 1239 1152 1150
f 1237 1324 1150
f 1239 1150 1324
f 1153 1151 1066
f 1153 1240 1151
f 1238 1151 1240
f 1152 1067 1065
f 1152 1241 1067
f 1239 1326 1152
f 1152 1326 1241
f 1153 1066 1069
f 1069 1156 1153
f 1156 1242 1153
f 1153 1242 1240
f 1154 1067 1241
f 1154 1070 1067
f 1154 1243 1070
f 1243 1154 1241
f 1241 1328 1243
f 1070 1243 1157
f 1159 1244 1072
f 1159 1072 1071
f 1155 1156 1069
f 1245 1156 1155
f 1155 1072 1244
f 1155 1244 1245
f 1245 1329 1156
f 1329 1242 1156
f 1157 1160 1073
f 1246 1160 1157
f 1157 1243 1246
f 1159 1071 1158
f 1159 1158 1247
f 1158 1076 1164
f 1158 1164 1247
f 1159 1331 1244
f 1159 1247 1331
f 1160 1161 1073
f 1248 1161 1160
f 1246 1333 1160
f 1333 1248 1160
f 1074 1161 1162
f 1161 1249 1162
f 1248 1249 1161
f 1165 1077 1162
f 1165 1162 1249
f 1166 1078 1077
f 1167 1079 1078
f 1164 1076 1163
f 1164 1163 1250
f 1170 1250 1163
f 1081 1170 1163
f 1250 1334 1164
f 1334 1247 1164
f 1248 1336 1249
f 1166 1077 1165
f 1251 1166 1165
f 1249 1337 1165
f 1251 1165 1337
f 1167 1078 1166
f 1252 1167 1166
f 1166 1251 1252
f 1167 1168 1079
f 1253 1168 1167
f 1253 1167 1252
f 1080 1168 1082
f 1082 1168 1254
f 1168 1253 1254
f 1083 1082 1171
f 1081 1169 1170
f 1170 1169 1255
f 1178 1255 1169
f 1178 1169 1089
f 1170 1338 1250
f 1170 1255 1338
f 1171 1082 1254
f 1256 1171 1254
f 1253 1342 1254
f 1342 1256 1254
f 1083 1171 1172
f 1171 1257 1172
f 1171 1256 1257
f 1084 1172 1173
f 1172 1258 1173
f 1172 1257 1258
f 1085 1173 1174
f 1173 1259 1174
f 1173 1258 1259
f 1086 1174 1175
f 1174 1260 1175
f 1174 1259 1260
f 1087 1175 1176
f 1176 1175 1261
f 1175 1260 1261
f 1088 1176 1177
f 1176 1262 1177
f 1176 1261 1262
f 1089 1177 1178
f 1263 1178 1177
f 1177 1262 1263
f 1263 1343 1178
f 1343 1255 1178
f 1345 1258 1257
f 1258 1346 1259
f 1259 1347 1260
f 1348 1261 1260
f 1355 1270 1356
f 1356 1446 1355
f 1180 1265 1264
f 1265 1351 1264
f 1264 1179 1180
f 1356 1179 1264
f 1356 1264 1447
f 1264 1351 1447
f 1181 1266 1265
f 1266 1352 1265
f 1265 1180 1181
f 1265 1352 1351
f 1182 1267 1266
f 1353 1266 1267
f 1266 1353 1352
f 1267 1183 1268
f 1357 1267 1268
f 1353 1267 1449
f 1267 1357 1449
f 1268 1184 1358
f 1268 1183 1184
f 1450 1357 1268
f 1358 1450 1268
f 1270 1269 1185
f 1269 1270 1355
f 1269 1280 1185
f 1269 1363 1280
f 1269 1354 1363
f 1269 1355 1354
f 1356 1270 1179
f 1270 1186 1179
f 1271 1358 1184
f 1364 1271 1187
f 1358 1271 1458
f 1364 1458 1271
f 1364 1187 1281
f 1272 1359 1368
f 1367 1283 1368
f 1462 1368 1359
f 1368 1462 1367
f 1188 1273 1272
f 1273 1369 1272
f 1284 1188 1272
f 1368 1284 1272
f 1272 1360 1359
f 1369 1360 1272
f 1189 1274 1273
f 1274 1370 1273
f 1273 1188 1189
f 1369 1273 1463
f 1370 1463 1273
f 1190 1371 1274
f 1274 1189 1190
f 1370 1274 1464
f 1371 1464 1274
f 1275 1191 1372
f 1275 1190 1191
f 1275 1371 1190
f 1371 1275 1372
f 1372 1465 1371
f 1276 1192 1373
f 1276 1191 1192
f 1276 1372 1191
f 1372 1276 1373
f 1373 1466 1372
f 1278 1374 1193
f 1374 1277 1193
f 1277 1192 1193
f 1277 1373 1192
f 1373 1277 1374
f 1374 1467 1373
f 1194 1279 1278
f 1362 1278 1279
f 1194 1278 1193
f 1374 1278 1468
f 1362 1468 1278
f 1363 1279 1280
f 1279 1195 1280
f 1279 1363 1362
f 1375 1281 1196
f 1364 1281 1470
f 1375 1470 1281
f 1285 1375 1196
f 1473 1378 1366
f 1473 1377 1378
f 1197 1283 1282
f 1282 1283 1367
f 1197 1282 1287
f 1378 1287 1282
f 1282 1366 1378
f 1282 1367 1366
f 1368 1283 1284
f 1283 1198 1284
f 1198 1283 1197
f 1199 1288 1285
f 1379 1285 1288
f 1475 1375 1285
f 1379 1475 1285
f 1286 1377 1381
f 1380 1289 1381
f 1477 1381 1377
f 1477 1380 1381
f 1286 1287 1378
f 1286 1201 1287
f 1286 1200 1201
f 1381 1200 1286
f 1286 1378 1377
f 1288 1203 1382
f 1379 1288 1478
f 1478 1288 1382
f 1204 1289 1384
f 1289 1380 1384
f 1292 1204 1384
f 1383 1292 1384
f 1479 1384 1380
f 1383 1384 1479
f 1381 1289 1200
f 1290 1382 1203
f 1290 1203 1205
f 1290 1205 1385
f 1290 1385 1382
f 1206 1292 1291
f 1383 1291 1292
f 1291 1294 1206
f 1386 1294 1291
f 1383 1481 1291
f 1481 1386 1291
f 1293 1385 1205
f 1293 1205 1207
f 1293 1207 1387
f 1293 1387 1385
f 1294 1388 1208
f 1388 1294 1386
f 1295 1387 1207
f 1295 1207 1209
f 1295 1209 1389
f 1295 1389 1387
f 1209 1297 1389
f 1296 1208 1388
f 1296 1210 1208
f 1296 1298 1210
f 1390 1298 1296
f 1388 1485 1296
f 1390 1296 1485
f 1297 1211 1391
f 1389 1297 1486
f 1297 1391 1486
f 1212 1298 1300
f 1298 1392 1300
f 1298 1487 1392
f 1390 1487 1298
f 1299 1391 1211
f 1299 1211 1213
f 1299 1213 1393
f 1299 1393 1391
f 1301 1393 1213
f 1393 1488 1391
f 1300 1392 1394
f 1214 1300 1302
f 1300 1394 1302
f 1395 1301 1215
f 1301 1490 1393
f 1395 1490 1301
f 1302 1396 1216
f 1396 1302 1394
f 1303 1395 1215
f 1303 1215 1217
f 1303 1217 1397
f 1303 1397 1395
f 1492 1395 1397
f 1304 1216 1396
f 1304 1218 1216
f 1304 1398 1218
f 1398 1304 1396
f 1306 1218 1398
f 1396 1493 1398
f 1305 1397 1217
f 1305 1399 1397
f 1305 1307 1399
f 1305 1219 1307
f 1306 1220 1218
f 1308 1220 1306
f 1400 1308 1306
f 1306 1495 1400
f 1398 1495 1306
f 1307 1221 1309
f 1401 1307 1309
f 1399 1307 1401
f 1308 1222 1220
f 1308 1402 1222
f 1400 1497 1308
f 1308 1497 1402
f 1223 1311 1309
f 1403 1309 1311
f 1401 1309 1403
f 1310 1222 1402
f 1310 1224 1222
f 1224 1310 1404
f 1404 1310 1402
f 1402 1499 1404
f 1225 1313 1311
f 1313 1405 1311
f 1311 1405 1403
f 1404 1312 1224
f 1406 1312 1404
f 1226 1312 1406
f 1404 1501 1406
f 1315 1313 1227
f 1315 1407 1313
f 1313 1502 1405
f 1407 1502 1313
f 1406 1314 1226
f 1226 1314 1228
f 1228 1314 1408
f 1408 1314 1406
f 1315 1227 1229
f 1229 1317 1315
f 1317 1409 1315
f 1407 1315 1504
f 1409 1504 1315
f 1408 1316 1228
f 1228 1316 1230
f 1316 1410 1230
f 1316 1408 1410
f 1317 1229 1231
f 1231 1411 1317
f 1409 1317 1506
f 1411 1506 1317
f 1318 1230 1410
f 1318 1232 1230
f 1318 1412 1232
f 1318 1410 1412
f 1412 1320 1232
f 1507 1412 1410
f 1319 1411 1231
f 1319 1231 1233
f 1319 1233 1413
f 1319 1413 1411
f 1233 1321 1413
f 1413 1508 1411
f 1234 1320 1322
f 1320 1414 1322
f 1320 1412 1509
f 1414 1320 1509
f 1236 1415 1321
f 1416 1321 1415
f 1413 1321 1416
f 1237 1322 1324
f 1322 1417 1324
f 1322 1414 1511
f 1417 1322 1511
f 1323 1415 1236
f 1323 1418 1415
f 1325 1418 1323
f 1238 1325 1323
f 1418 1512 1415
f 1416 1415 1512
f 1239 1324 1326
f 1324 1419 1326
f 1324 1417 1513
f 1419 1324 1513
f 1238 1240 1325
f 1240 1420 1325
f 1325 1514 1418
f 1420 1514 1325
f 1241 1326 1328
f 1421 1328 1326
f 1326 1419 1516
f 1421 1326 1516
f 1327 1420 1240
f 1327 1240 1242
f 1327 1242 1422
f 1327 1422 1420
f 1329 1422 1242
f 1422 1517 1420
f 1328 1330 1243
f 1423 1330 1328
f 1421 1518 1328
f 1423 1328 1518
f 1329 1245 1424
f 1332 1424 1245
f 1332 1245 1244
f 1424 1520 1329
f 1520 1422 1329
f 1330 1246 1243
f 1330 1425 1246
f 1423 1521 1330
f 1521 1425 1330
f 1333 1246 1425
f 1331 1332 1244
f 1426 1332 1331
f 1331 1247 1335
f 1426 1331 1335
f 1426 1522 1332
f 1522 1424 1332
f 1427 1248 1333
f 1333 1425 1523
f 1427 1333 1523
f 1336 1248 1427
f 1334 1335 1247
f 1428 1335 1334
f 1334 1250 1339
f 1428 1334 1339
f 1428 1524 1335
f 1524 1426 1335
f 1249 1336 1337
f 1336 1429 1337
f 1336 1427 1526
f 1336 1526 1429
f 1337 1430 1251
f 1337 1429 1430
f 1340 1252 1251
f 1430 1340 1251
f 1253 1252 1341
f 1338 1339 1250
f 1432 1339 1338
f 1338 1255 1431
f 1432 1338 1431
f 1432 1527 1339
f 1527 1428 1339
f 1529 1430 1429
f 1341 1252 1340
f 1434 1341 1340
f 1430 1433 1340
f 1340 1433 1434
f 1253 1341 1342
f 1341 1435 1342
f 1341 1434 1435
f 1342 1436 1256
f 1342 1435 1436
f 1344 1257 1256
f 1349 1262 1261
f 1439 1343 1263
f 1350 1439 1263
f 1350 1263 1262
f 1350 1262 1438
f 1350 1438 1439
f 1343 1431 1255
f 1431 1343 1532
f 1532 1343 1439
f 1533 1432 1431
f 1344 1256 1436
f 1435 1534 1436
f 1345 1257 1344
f 1440 1345 1344
f 1436 1535 1344
f 1344 1535 1440
f 1258 1345 1346
f 1345 1441 1346
f 1441 1345 1440
f 1259 1346 1347
f 1346 1442 1347
f 1346 1441 1442
f 1260 1347 1348
f 1348 1347 1443
f 1347 1442 1443
f 1349 1261 1348
f 1437 1349 1348
f 1443 1536 1348
f 1437 1348 1536
f 1349 1438 1262
f 1437 1537 1349
f 1537 1438 1349
f 1547 1445 1548
f 1656 1547 1548
f 1548 1446 1549
f 1549 1657 1548
f 1447 1351 1550
f 1549 1447 1550
f 1550 1658 1549
f 1444 1352 1551
f 1444 1351 1352
f 1444 1550 1351
f 1550 1444 1551
f 1551 1659 1550
f 1448 1353 1552
f 1448 1352 1353
f 1448 1551 1352
f 1448 1552 1551
f 1449 1552 1353
f 1663 1542 1555
f 1663 1543 1542
f 1663 1556 1543
f 1663 1555 1556
f 1664 1543 1556
f 1557 1664 1556
f 1665 1557 1558
f 1670 1562 1563
f 1354 1445 1564
f 1445 1547 1564
f 1457 1354 1564
f 1563 1457 1564
f 1671 1564 1547
f 1671 1563 1564
f 1548 1445 1446
f 1445 1355 1446
f 1445 1354 1355
f 1549 1446 1447
f 1446 1356 1447
f 1357 1450 1449
f 1565 1449 1450
f 1449 1672 1552
f 1449 1565 1672
f 1450 1358 1566
f 1565 1450 1566
f 1674 1567 1568
f 1568 1460 1569
f 1675 1553 1568
f 1675 1554 1553
f 1675 1569 1554
f 1569 1675 1568
f 1452 1555 1570
f 1569 1461 1570
f 1451 1554 1569
f 1451 1555 1554
f 1451 1570 1555
f 1570 1451 1569
f 1359 1453 1452
f 1452 1453 1556
f 1452 1462 1359
f 1570 1462 1452
f 1452 1556 1555
f 1360 1454 1453
f 1453 1454 1557
f 1453 1359 1360
f 1556 1453 1557
f 1361 1455 1454
f 1455 1558 1454
f 1361 1454 1463
f 1360 1463 1454
f 1454 1558 1557
f 1361 1464 1455
f 1455 1464 1571
f 1455 1559 1558
f 1455 1571 1559
f 1571 1465 1572
f 1572 1676 1571
f 1572 1466 1573
f 1573 1677 1572
f 1573 1467 1574
f 1678 1561 1573
f 1678 1562 1561
f 1678 1574 1562
f 1574 1678 1573
f 1362 1457 1575
f 1457 1563 1575
f 1362 1575 1468
f 1574 1468 1575
f 1456 1562 1574
f 1456 1563 1562
f 1456 1575 1563
f 1575 1456 1574
f 1363 1354 1457
f 1363 1457 1362
f 1458 1566 1358
f 1458 1576 1566
f 1565 1566 1679
f 1566 1576 1679
f 1458 1364 1469
f 1458 1469 1576
f 1459 1567 1578
f 1681 1578 1567
f 1681 1577 1578
f 1365 1460 1459
f 1459 1460 1568
f 1365 1459 1472
f 1578 1472 1459
f 1459 1568 1567
f 1461 1569 1460
f 1366 1461 1460
f 1460 1473 1366
f 1365 1473 1460
f 1570 1461 1462
f 1367 1462 1461
f 1367 1461 1366
f 1360 1369 1463
f 1361 1463 1464
f 1463 1370 1464
f 1571 1464 1465
f 1464 1371 1465
f 1572 1465 1466
f 1465 1372 1466
f 1573 1466 1467
f 1373 1467 1466
f 1574 1467 1468
f 1374 1468 1467
f 1469 1364 1470
f 1469 1470 1579
f 1576 1469 1682
f 1579 1682 1469
f 1474 1470 1375
f 1470 1474 1579
f 1376 1472 1471
f 1471 1472 1578
f 1476 1376 1471
f 1476 1471 1580
f 1471 1577 1580
f 1471 1578 1577
f 1365 1472 1473
f 1473 1472 1377
f 1472 1477 1377
f 1472 1376 1477
f 1474 1375 1475
f 1474 1475 1581
f 1579 1474 1684
f 1581 1684 1474
f 1379 1478 1475
f 1475 1478 1581
f 1582 1476 1580
f 1580 1685 1582
f 1376 1476 1477
f 1476 1380 1477
f 1476 1479 1380
f 1582 1479 1476
f 1583 1478 1382
f 1478 1686 1581
f 1583 1686 1478
f 1383 1479 1584
f 1584 1479 1582
f 1481 1383 1584
f 1582 1687 1584
f 1480 1583 1382
f 1480 1382 1385
f 1480 1385 1585
f 1480 1585 1583
f 1688 1583 1585
f 1481 1586 1386
f 1481 1689 1586
f 1584 1689 1481
f 1482 1585 1385
f 1482 1385 1387
f 1482 1387 1587
f 1482 1587 1585
f 1483 1386 1586
f 1483 1388 1386
f 1388 1483 1588
f 1483 1586 1588
f 1588 1485 1388
f 1586 1691 1588
f 1484 1587 1387
f 1484 1387 1389
f 1484 1389 1589
f 1484 1589 1587
f 1390 1485 1487
f 1487 1485 1590
f 1485 1694 1590
f 1485 1588 1694
f 1486 1589 1389
f 1391 1488 1486
f 1591 1486 1488
f 1486 1695 1589
f 1486 1591 1695
f 1487 1592 1392
f 1487 1590 1592
f 1590 1696 1592
f 1393 1593 1488
f 1591 1488 1697
f 1593 1697 1488
f 1489 1392 1592
f 1489 1394 1392
f 1489 1491 1394
f 1594 1491 1489
f 1592 1698 1489
f 1594 1489 1698
f 1490 1593 1393
f 1490 1595 1593
f 1492 1595 1490
f 1395 1492 1490
f 1595 1699 1593
f 1394 1491 1396
f 1491 1493 1396
f 1596 1493 1491
f 1491 1700 1596
f 1594 1700 1491
f 1494 1492 1397
f 1494 1597 1492
f 1492 1597 1595
f 1398 1493 1495
f 1493 1598 1495
f 1598 1493 1596
f 1494 1397 1399
f 1399 1496 1494
f 1496 1599 1494
f 1494 1599 1597
f 1495 1600 1400
f 1600 1495 1598
f 1598 1704 1600
f 1400 1600 1497
f 1496 1399 1401
f 1401 1498 1496
f 1498 1601 1496
f 1496 1601 1599
f 1705 1599 1601
f 1602 1497 1600
f 1600 1706 1602
f 1402 1497 1499
f 1497 1602 1499
f 1498 1401 1403
f 1403 1500 1498
f 1500 1603 1498
f 1498 1603 1601
f 1707 1601 1603
f 1404 1499 1501
f 1604 1501 1499
f 1499 1602 1604
f 1500 1403 1405
f 1405 1605 1500
f 1605 1606 1500
f 1500 1606 1603
f 1406 1501 1607
f 1604 1710 1501
f 1607 1501 1710
f 1502 1605 1405
f 1502 1608 1605
f 1608 1502 1504
f 1502 1407 1504
f 1608 1711 1605
f 1711 1606 1605
f 1607 1503 1406
f 1406 1503 1408
f 1408 1503 1609
f 1609 1503 1607
f 1607 1713 1609
f 1504 1610 1608
f 1610 1504 1506
f 1504 1409 1506
f 1714 1608 1610
f 1609 1505 1408
f 1505 1410 1408
f 1505 1611 1410
f 1505 1609 1611
f 1506 1612 1610
f 1508 1612 1506
f 1411 1508 1506
f 1507 1410 1611
f 1412 1507 1509
f 1507 1613 1509
f 1611 1717 1507
f 1613 1507 1717
f 1413 1614 1508
f 1614 1615 1508
f 1508 1615 1612
f 1414 1509 1511
f 1509 1616 1511
f 1509 1613 1719
f 1616 1509 1719
f 1510 1614 1413
f 1510 1413 1416
f 1510 1416 1617
f 1510 1617 1614
f 1416 1512 1617
f 1617 1720 1614
f 1720 1615 1614
f 1417 1511 1513
f 1511 1618 1513
f 1511 1616 1721
f 1618 1511 1721
f 1418 1515 1512
f 1619 1512 1515
f 1617 1512 1722
f 1512 1619 1722
f 1419 1513 1516
f 1513 1620 1516
f 1513 1618 1723
f 1620 1513 1723
f 1514 1515 1418
f 1514 1621 1515
f 1517 1621 1514
f 1420 1517 1514
f 1621 1724 1515
f 1724 1619 1515
f 1421 1516 1518
f 1518 1516 1622
f 1516 1620 1622
f 1517 1422 1624
f 1520 1624 1422
f 1624 1727 1517
f 1727 1621 1517
f 1518 1622 1625
f 1423 1518 1521
f 1521 1518 1625
f 1520 1424 1519
f 1623 1520 1519
f 1522 1519 1424
f 1626 1519 1522
f 1623 1519 1729
f 1519 1626 1729
f 1623 1624 1520
f 1627 1425 1521
f 1521 1625 1730
f 1627 1521 1730
f 1522 1426 1628
f 1524 1628 1426
f 1628 1731 1522
f 1731 1626 1522
f 1523 1425 1627
f 1523 1627 1629
f 1732 1629 1627
f 1525 1427 1523
f 1525 1523 1629
f 1524 1428 1630
f 1527 1630 1428
f 1630 1733 1524
f 1733 1628 1524
f 1525 1526 1427
f 1632 1526 1525
f 1525 1629 1631
f 1632 1525 1631
f 1528 1429 1526
f 1528 1526 1632
f 1527 1432 1633
f 1533 1633 1432
f 1633 1735 1527
f 1735 1630 1527
f 1529 1429 1528
f 1635 1529 1528
f 1528 1632 1634
f 1528 1634 1635
f 1430 1529 1433
f 1529 1636 1433
f 1529 1635 1636
f 1530 1637 1434
f 1530 1434 1433
f 1530 1433 1636
f 1530 1636 1637
f 1531 1638 1435
f 1531 1435 1434
f 1531 1434 1637
f 1531 1637 1638
f 1534 1435 1638
f 1538 1641 1439
f 1538 1439 1438
f 1538 1438 1640
f 1538 1640 1641
f 1431 1532 1533
f 1642 1533 1532
f 1532 1439 1641
f 1642 1532 1738
f 1738 1532 1641
f 1642 1739 1533
f 1739 1633 1533
f 1635 1741 1636
f 1636 1742 1637
f 1637 1743 1638
f 1436 1534 1535
f 1643 1535 1534
f 1638 1744 1534
f 1643 1534 1744
f 1535 1644 1440
f 1535 1643 1745
f 1644 1535 1745
f 1539 1645 1441
f 1539 1441 1440
f 1539 1440 1644
f 1539 1644 1645
f 1540 1646 1442
f 1540 1442 1441
f 1540 1441 1645
f 1540 1645 1646
f 1647 1536 1443
f 1541 1647 1443
f 1541 1443 1442
f 1541 1442 1646
f 1541 1646 1647
f 1437 1536 1537
f 1639 1537 1536
f 1647 1747 1536
f 1639 1536 1747
f 1438 1537 1640
f 1537 1639 1640
f 1865 1753 1754
f 1755 1866 1754
f 1867 1755 1756
f 1871 1759 1760
f 1872 1760 1761
f 1761 1655 1762
f 1762 1873 1761
f 1762 1656 1763
f 1763 1874 1762
f 1763 1657 1764
f 1764 1875 1763
f 1542 1649 1648
f 1649 1753 1648
f 1542 1648 1662
f 1767 1662 1648
f 1648 1752 1767
f 1648 1753 1752
f 1543 1650 1649
f 1649 1650 1754
f 1649 1542 1543
f 1649 1754 1753
f 1544 1651 1650
f 1650 1651 1755
f 1544 1650 1664
f 1650 1543 1664
f 1754 1650 1755
f 1768 1756 1651
f 1768 1651 1665
f 1544 1665 1651
f 1651 1756 1755
f 1768 1666 1769
f 1879 1756 1768
f 1879 1757 1756
f 1879 1769 1757
f 1769 1879 1768
f 1667 1770 1769
f 1880 1757 1769
f 1880 1758 1757
f 1880 1770 1758
f 1770 1880 1769
f 1653 1759 1771
f 1770 1668 1771
f 1652 1758 1770
f 1652 1759 1758
f 1652 1771 1759
f 1771 1652 1770
f 1545 1654 1653
f 1654 1760 1653
f 1545 1653 1669
f 1771 1669 1653
f 1653 1760 1759
f 1546 1655 1654
f 1654 1655 1761
f 1546 1654 1670
f 1545 1670 1654
f 1654 1761 1760
f 1762 1655 1656
f 1656 1655 1547
f 1547 1655 1671
f 1655 1546 1671
f 1763 1656 1657
f 1656 1548 1657
f 1764 1657 1658
f 1657 1549 1658
f 1550 1659 1658
f 1765 1658 1659
f 1764 1658 1765
f 1772 1659 1551
f 1881 1765 1659
f 1772 1881 1659
f 1660 1552 1773
f 1660 1551 1552
f 1551 1660 1772
f 1660 1773 1772
f 1661 1766 1776
f 1775 1674 1776
f 1766 1883 1776
f 1776 1883 1775
f 1554 1662 1661
f 1661 1662 1767
f 1661 1553 1554
f 1776 1553 1661
f 1661 1767 1766
f 1542 1662 1555
f 1555 1662 1554
f 1544 1664 1665
f 1664 1557 1665
f 1768 1665 1666
f 1666 1665 1558
f 1559 1667 1666
f 1769 1666 1667
f 1666 1558 1559
f 1668 1770 1667
f 1560 1668 1667
f 1560 1667 1676
f 1559 1676 1667
f 1771 1668 1669
f 1561 1669 1668
f 1561 1668 1677
f 1560 1677 1668
f 1545 1669 1670
f 1670 1669 1562
f 1669 1561 1562
f 1546 1670 1671
f 1671 1670 1563
f 1552 1672 1773
f 1777 1672 1565
f 1773 1672 1885
f 1777 1885 1672
f 1679 1777 1565
f 1673 1674 1775
f 1673 1567 1674
f 1673 1681 1567
f 1778 1681 1673
f 1778 1673 1774
f 1673 1775 1774
f 1776 1674 1553
f 1674 1568 1553
f 1559 1571 1676
f 1560 1676 1677
f 1676 1572 1677
f 1677 1573 1561
f 1779 1679 1576
f 1679 1888 1777
f 1779 1888 1679
f 1682 1779 1576
f 1778 1680 1681
f 1680 1577 1681
f 1577 1680 1683
f 1683 1680 1780
f 1680 1890 1780
f 1778 1890 1680
f 1579 1782 1682
f 1781 1779 1682
f 1782 1781 1682
f 1683 1780 1783
f 1892 1783 1780
f 1683 1580 1577
f 1580 1683 1685
f 1683 1783 1685
f 1579 1684 1782
f 1581 1784 1684
f 1894 1782 1684
f 1784 1894 1684
f 1786 1685 1783
f 1783 1896 1786
f 1582 1685 1687
f 1685 1786 1687
f 1686 1784 1581
f 1583 1688 1686
f 1787 1686 1688
f 1787 1784 1686
f 1789 1687 1786
f 1786 1899 1789
f 1584 1687 1689
f 1687 1789 1689
f 1790 1688 1585
f 1787 1688 1900
f 1790 1900 1688
f 1689 1792 1586
f 1792 1689 1789
f 1691 1586 1792
f 1791 1691 1792
f 1789 1902 1792
f 1902 1791 1792
f 1690 1790 1585
f 1690 1585 1587
f 1690 1587 1793
f 1690 1793 1790
f 1793 1903 1790
f 1588 1691 1694
f 1691 1794 1694
f 1691 1791 1794
f 1692 1793 1587
f 1692 1587 1589
f 1692 1589 1795
f 1692 1795 1793
f 1795 1905 1793
f 1694 1693 1590
f 1693 1694 1794
f 1590 1693 1696
f 1796 1696 1693
f 1794 1907 1693
f 1907 1796 1693
f 1695 1795 1589
f 1695 1591 1697
f 1797 1695 1697
f 1695 1908 1795
f 1695 1797 1908
f 1592 1696 1698
f 1698 1696 1798
f 1798 1696 1796
f 1593 1699 1697
f 1799 1697 1699
f 1797 1697 1910
f 1697 1799 1910
f 1698 1798 1800
f 1594 1698 1700
f 1700 1698 1800
f 1595 1701 1699
f 1701 1801 1699
f 1799 1699 1912
f 1801 1912 1699
f 1700 1802 1596
f 1700 1800 1802
f 1701 1595 1597
f 1597 1703 1701
f 1703 1803 1701
f 1801 1701 1914
f 1701 1803 1914
f 1702 1596 1802
f 1702 1598 1596
f 1598 1702 1804
f 1804 1702 1802
f 1804 1704 1598
f 1915 1804 1802
f 1703 1597 1599
f 1805 1703 1705
f 1703 1599 1705
f 1805 1803 1703
f 1706 1600 1704
f 1806 1706 1704
f 1804 1917 1704
f 1917 1806 1704
f 1705 1807 1805
f 1807 1705 1707
f 1707 1705 1601
f 1807 1918 1805
f 1706 1808 1602
f 1806 1919 1706
f 1919 1808 1706
f 1707 1809 1807
f 1809 1707 1709
f 1603 1709 1707
f 1809 1920 1807
f 1808 1708 1602
f 1708 1604 1602
f 1708 1810 1604
f 1708 1808 1810
f 1921 1810 1808
f 1710 1604 1810
f 1606 1709 1603
f 1811 1809 1709
f 1606 1712 1709
f 1811 1709 1712
f 1811 1922 1809
f 1607 1710 1713
f 1812 1713 1710
f 1812 1710 1810
f 1711 1712 1606
f 1711 1813 1712
f 1714 1813 1711
f 1608 1714 1711
f 1813 1924 1712
f 1924 1811 1712
f 1713 1814 1609
f 1812 1926 1713
f 1814 1713 1926
f 1716 1714 1610
f 1716 1815 1714
f 1714 1815 1813
f 1814 1715 1609
f 1715 1611 1609
f 1715 1816 1611
f 1816 1715 1814
f 1814 1928 1816
f 1611 1816 1717
f 1716 1610 1612
f 1612 1718 1716
f 1718 1817 1716
f 1716 1817 1815
f 1613 1717 1719
f 1717 1818 1719
f 1717 1816 1818
f 1718 1612 1615
f 1718 1615 1819
f 1720 1819 1615
f 1718 1931 1817
f 1718 1819 1931
f 1616 1719 1721
f 1719 1820 1721
f 1820 1719 1818
f 1720 1617 1821
f 1821 1933 1720
f 1720 1933 1819
f 1618 1721 1723
f 1723 1721 1822
f 1721 1820 1822
f 1722 1821 1617
f 1619 1724 1722
f 1823 1722 1724
f 1821 1722 1823
f 1723 1822 1824
f 1937 1824 1822
f 1723 1824 1620
f 1621 1825 1724
f 1823 1724 1938
f 1825 1938 1724
f 1725 1620 1824
f 1725 1622 1620
f 1725 1826 1622
f 1826 1725 1824
f 1728 1622 1826
f 1824 1939 1826
f 1727 1624 1828
f 1726 1828 1624
f 1726 1624 1623
f 1726 1623 1827
f 1726 1827 1828
f 1825 1621 1727
f 1828 1941 1727
f 1825 1727 1941
f 1728 1625 1622
f 1728 1829 1625
f 1826 1942 1728
f 1728 1942 1829
f 1729 1827 1623
f 1626 1731 1729
f 1830 1729 1731
f 1827 1729 1943
f 1729 1830 1943
f 1730 1625 1829
f 1730 1829 1831
f 1944 1831 1829
f 1627 1730 1732
f 1732 1730 1831
f 1731 1628 1832
f 1733 1832 1628
f 1832 1945 1731
f 1945 1830 1731
f 1833 1629 1732
f 1732 1831 1946
f 1833 1732 1946
f 1733 1630 1834
f 1735 1834 1630
f 1834 1947 1733
f 1947 1832 1733
f 1734 1629 1833
f 1734 1631 1629
f 1734 1835 1631
f 1835 1734 1833
f 1833 1948 1835
f 1632 1631 1736
f 1835 1736 1631
f 1735 1633 1837
f 1739 1837 1633
f 1837 1950 1735
f 1950 1834 1735
f 1632 1736 1634
f 1839 1634 1736
f 1835 1838 1736
f 1839 1736 1838
f 1740 1635 1634
f 1839 1740 1634
f 1748 1842 1640
f 1748 1640 1639
f 1748 1639 1841
f 1748 1841 1842
f 1842 1841 1953
f 1843 1738 1641
f 1737 1843 1641
f 1737 1641 1640
f 1737 1640 1842
f 1737 1842 1843
f 1842 1954 1843
f 1642 1738 1739
f 1836 1739 1738
f 1843 1955 1738
f 1836 1738 1955
f 1836 1837 1739
f 1740 1741 1635
f 1740 1845 1741
f 1839 1844 1740
f 1740 1844 1845
f 1636 1741 1742
f 1741 1846 1742
f 1741 1845 1846
f 1637 1742 1743
f 1742 1847 1743
f 1742 1846 1847
f 1638 1743 1744
f 1744 1743 1848
f 1743 1847 1848
f 1643 1744 1745
f 1745 1744 1849
f 1744 1848 1849
f 1745 1850 1644
f 1745 1849 1850
f 1749 1851 1645
f 1749 1645 1644
f 1749 1644 1850
f 1749 1850 1851
f 1750 1852 1646
f 1750 1646 1645
f 1750 1645 1851
f 1750 1851 1852
f 1747 1647 1746
f 1853 1747 1746
f 1746 1647 1646
f 1746 1646 1852
f 1853 1746 1960
f 1960 1746 1852
f 1639 1747 1841
f 1853 1840 1747
f 1747 1840 1841
f 1845 1963 1846
f 1846 1964 1847
f 1965 1848 1847
f 2077 1970 1971
f 2078 1971 1972
f 2079 1972 1973
f 2080 1973 1974
f 1854 1967 1978
f 1977 1864 1978
f 2085 1978 1967
f 1978 2085 1977
f 1979 1855 1854
f 1855 1968 1854
f 1979 1854 1865
f 1978 1865 1854
f 1854 1968 1967
f 1980 1856 1855
f 1856 1969 1855
f 1980 1855 1866
f 1979 1866 1855
f 1855 1969 1968
f 1981 1970 1856
f 1981 1856 1867
f 1980 1867 1856
f 1856 1970 1969
f 1981 1868 1982
f 1857 1970 1981
f 1857 1971 1970
f 1857 1982 1971
f 1982 1857 1981
f 1983 1859 1858
f 1859 1972 1858
f 1983 1858 1869
f 1982 1869 1858
f 1858 1971 1982
f 1858 1972 1971
f 1984 1860 1859
f 1860 1973 1859
f 1984 1859 1870
f 1983 1870 1859
f 1859 1973 1972
f 1985 1861 1860
f 1861 1974 1860
f 1985 1860 1871
f 1984 1871 1860
f 1860 1974 1973
f 1751 1862 1861
f 1862 1975 1861
f 1751 1861 1872
f 1985 1872 1861
f 1861 1975 1974
f 1986 1862 1873
f 1751 1873 1862
f 1862 1976 1975
f 1986 1976 1862
f 1874 1987 1986
f 2086 1986 1987
f 1752 1864 1863
f 1863 1864 1977
f 1752 1863 1878
f 1988 1878 1863
f 1863 2088 1988
f 1863 1977 2088
f 1978 1864 1865
f 1865 1864 1753
f 1864 1752 1753
f 1979 1865 1866
f 1865 1754 1866
f 1980 1866 1867
f 1866 1755 1867
f 1981 1867 1868
f 1868 1867 1756
f 1982 1868 1869
f 1757 1869 1868
f 1868 1756 1757
f 1983 1869 1870
f 1869 1758 1870
f 1758 1869 1757
f 1984 1870 1871
f 1871 1870 1759
f 1870 1758 1759
f 1985 1871 1872
f 1872 1871 1760
f 1751 1872 1873
f 1872 1761 1873
f 1986 1873 1874
f 1873 1762 1874
f 1874 1875 1987
f 1874 1763 1875
f 1875 1764 1989
f 1875 2089 1987
f 1875 1989 2089
f 1876 1765 1990
f 1876 1764 1765
f 1764 1876 1989
f 1876 1990 1989
f 1766 1878 1877
f 1877 1878 1988
f 1766 1877 1883
f 1991 1883 1877
f 1877 2092 1991
f 1877 1988 2092
f 1878 1767 1752
f 1767 1878 1766
f 1881 1990 1765
f 1772 1992 1881
f 2093 1990 1881
f 1992 2093 1881
f 1884 1772 1773
f 1884 1992 1772
f 1882 1883 1991
f 1882 1775 1883
f 1882 1774 1775
f 1882 1993 1774
f 1882 2095 1993
f 1882 1991 2095
f 1884 1773 1885
f 1884 1885 1994
f 2096 1992 1884
f 2096 1884 1994
f 1887 1885 1777
f 1885 1887 1994
f 1886 1774 1993
f 1778 1774 1886
f 1778 1886 1890
f 1995 1890 1886
f 1995 1886 2098
f 1886 1993 2098
f 1887 1777 1888
f 1887 1888 1996
f 1887 2099 1994
f 1887 1996 2099
f 1779 1891 1888
f 1891 1996 1888
f 1889 1890 1995
f 1889 1780 1890
f 1892 1780 1889
f 1997 1892 1889
f 1889 2101 1997
f 1889 1995 2101
f 1779 1781 1891
f 1891 1781 1998
f 1891 2103 1996
f 1891 1998 2103
f 1782 1893 1781
f 1893 1998 1781
f 2000 1892 1997
f 1999 1895 2000
f 1997 2104 2000
f 1999 2000 2104
f 1783 1892 1896
f 1892 2000 1896
f 1782 1894 1893
f 1893 1894 2001
f 1893 2106 1998
f 1893 2001 2106
f 1897 1894 1784
f 1897 2001 1894
f 2000 1895 1896
f 1785 1896 1895
f 1898 1785 1895
f 2002 1898 1895
f 1895 1999 2002
f 1786 1896 1899
f 1896 1785 1899
f 1897 1784 1787
f 1897 1787 2003
f 1897 2109 2001
f 1897 2003 2109
f 1900 2003 1787
f 2110 2004 2002
f 1785 1898 1899
f 1788 1899 1898
f 1901 1788 1898
f 1901 1898 2004
f 1898 2002 2004
f 1789 1899 1902
f 1899 1788 1902
f 1790 1903 1900
f 2005 1900 1903
f 2005 2003 1900
f 2004 2112 2006
f 1788 1901 1902
f 1901 1791 1902
f 1904 1791 1901
f 2006 1904 1901
f 2006 1901 2004
f 1903 1793 1905
f 2007 1903 1905
f 1903 2007 2005
f 2008 1904 2006
f 2006 2114 2008
f 1794 1791 1904
f 1794 1904 1907
f 2008 1907 1904
f 1905 1795 1908
f 2009 1905 1908
f 2007 1905 2115
f 2009 2115 1905
f 1907 2011 1796
f 2011 1907 2008
f 1909 1796 2011
f 2010 1909 2011
f 1906 2117 2010
f 1906 2008 2117
f 2008 1906 2011
f 1906 2010 2011
f 1908 1797 1910
f 2012 1908 1910
f 2009 1908 2118
f 2012 2118 1908
f 1909 1798 1796
f 1911 1798 1909
f 2013 1911 1909
f 1909 2010 2119
f 2013 1909 2119
f 1910 1799 1912
f 2014 1910 1912
f 2012 1910 2120
f 2014 2120 1910
f 1911 1800 1798
f 1913 1800 1911
f 2015 1913 1911
f 2013 2121 1911
f 2015 1911 2121
f 1912 1914 2016
f 1912 1801 1914
f 2014 1912 2122
f 2122 1912 2016
f 1913 1802 1800
f 1913 1915 1802
f 2017 1915 1913
f 2015 2123 1913
f 2017 1913 2123
f 1914 1803 2018
f 1914 2018 2016
f 1803 1916 2018
f 2124 2016 2018
f 1917 1804 1915
f 2019 1917 1915
f 2017 2125 1915
f 2125 2019 1915
f 1805 1916 1803
f 1805 1918 1916
f 2020 1916 1918
f 2018 1916 2126
f 2020 2126 1916
f 1919 1806 1917
f 2021 1919 1917
f 2019 2127 1917
f 2127 2021 1917
f 1918 1807 1920
f 2022 1918 1920
f 2020 1918 2022
f 1921 1808 1919
f 2023 1921 1919
f 2021 2129 1919
f 2129 2023 1919
f 1809 1922 1920
f 2024 1920 1922
f 2022 1920 2024
f 2025 1810 1921
f 2023 2131 1921
f 2131 2025 1921
f 1811 1925 1922
f 1925 2026 1922
f 1922 2026 2024
f 1923 1810 2025
f 1923 1812 1810
f 1923 2027 1812
f 2027 1923 2025
f 2025 2133 2027
f 1812 2027 1926
f 1924 1925 1811
f 1924 2028 1925
f 1927 2028 1924
f 1927 1924 1813
f 2028 2134 1925
f 2026 1925 2134
f 1926 2027 2029
f 1814 1926 1928
f 1928 1926 2029
f 1927 1813 1815
f 1815 2030 1927
f 1927 2136 2028
f 2030 2136 1927
f 1816 1928 1930
f 2031 1930 1928
f 1928 2029 2031
f 1929 2030 1815
f 1929 1815 1817
f 1929 1817 2032
f 1929 2032 2030
f 2032 2139 2030
f 1930 1818 1816
f 1932 1818 1930
f 2033 1932 1930
f 1930 2031 2033
f 1931 2032 1817
f 1931 2034 2032
f 1934 2034 1931
f 1934 1931 1819
f 2142 2035 2033
f 1932 1820 1818
f 1935 1820 1932
f 1935 1932 2035
f 1932 2033 2035
f 1933 1934 1819
f 2037 1934 1933
f 1933 1821 2036
f 2037 1933 2143
f 1933 2036 2143
f 2037 2144 1934
f 2144 2034 1934
f 2038 1935 2035
f 2035 2145 2038
f 1935 1822 1820
f 1935 1937 1822
f 2038 1937 1935
f 1936 2036 1821
f 1936 1821 1823
f 1936 1823 2039
f 1936 2039 2036
f 1823 1938 2039
f 2040 1937 2038
f 2038 2147 2040
f 1824 1937 1939
f 1937 2040 1939
f 1938 1825 2041
f 2039 1938 2148
f 1938 2041 2148
f 2042 1939 2040
f 2040 2149 2042
f 1826 1939 1942
f 1939 2042 1942
f 2044 1941 1828
f 1940 2044 1828
f 1940 1828 1827
f 1940 1827 2043
f 1940 2043 2044
f 1941 2041 1825
f 2041 1941 2150
f 2150 1941 2044
f 1829 1942 1944
f 2045 1944 1942
f 1942 2042 2045
f 1943 2043 1827
f 1830 1945 1943
f 2046 1943 1945
f 2043 1943 2152
f 1943 2046 2152
f 2047 1831 1944
f 2045 2154 1944
f 2047 1944 2154
f 1945 1832 2048
f 1947 2048 1832
f 2048 2155 1945
f 2155 2046 1945
f 1946 1831 2047
f 1946 2047 2049
f 1833 1946 1948
f 1948 1946 2049
f 1947 1834 2051
f 1950 2051 1834
f 2051 2158 1947
f 2158 2048 1947
f 1948 1951 1835
f 2052 1951 1948
f 1948 2049 2159
f 2052 1948 2159
f 1955 2055 2056
f 1950 1837 1949
f 2050 1950 1949
f 1949 1837 1836
f 1949 1836 2056
f 2050 1949 2162
f 2162 1949 2056
f 2050 2051 1950
f 1951 1838 1835
f 1951 2057 1838
f 2052 2163 1951
f 1951 2163 2057
f 1839 1838 1956
f 1956 1838 2057
f 1841 1952 1953
f 1952 2053 1953
f 1961 1952 1841
f 1961 1841 1840
f 1961 1840 2059
f 1961 2059 1952
f 2053 1952 2165
f 2059 2165 1952
f 1842 1953 1954
f 1953 2054 1954
f 1953 2053 2054
f 1954 2055 1955
f 1843 1954 1955
f 1954 2054 2055
f 2056 1836 1955
f 1839 1956 1844
f 1956 2060 1844
f 1956 2057 2167
f 1956 2167 2060
f 1962 1845 1844
f 1962 1844 2060
f 1966 2061 1849
f 1966 1849 1848
f 1957 2062 1850
f 1957 1850 1849
f 1957 1849 2061
f 1957 2061 2062
f 1958 2063 1851
f 1958 1851 1850
f 1958 1850 2062
f 1958 2062 2063
f 2168 2063 2062
f 1959 1960 1852
f 1959 2058 1960
f 1959 1852 1851
f 1959 1851 2063
f 2058 1959 2169
f 2169 1959 2063
f 1960 2059 1840
f 1853 1960 1840
f 1960 2058 2059
f 1962 1963 1845
f 1963 1962 2064
f 1962 2060 2171
f 1962 2171 2064
f 1846 1963 1964
f 1963 2065 1964
f 1963 2064 2065
f 1847 1964 1965
f 2066 1965 1964
f 1964 2065 2066
f 1966 1848 1965
f 2067 1966 1965
f 1965 2066 2067
f 2067 2172 1966
f 1966 2172 2061
f 2186 2075 2187
f 2187 2295 2186
f 2187 2076 2188
f 2188 2296 2187
f 2189 2069 2068
f 2069 2179 2068
f 2189 2068 2077
f 2188 2077 2068
f 2068 2178 2188
f 2068 2179 2178
f 2190 2070 2069
f 2070 2180 2069
f 2190 2069 2078
f 2189 2078 2069
f 2069 2180 2179
f 2191 2071 2070
f 2071 2181 2070
f 2191 2070 2079
f 2190 2079 2070
f 2070 2181 2180
f 2192 2182 2071
f 2192 2071 2080
f 2191 2080 2071
f 2071 2182 2181
f 2192 2081 2193
f 2072 2182 2192
f 2072 2183 2182
f 2072 2193 2183
f 2193 2072 2192
f 2082 2194 2193
f 2297 2193 2194
f 2073 2184 2196
f 2195 2084 2196
f 2184 2299 2196
f 2195 2196 2299
f 1967 2074 2073
f 2074 2185 2073
f 2073 2085 1967
f 2196 2085 2073
f 2073 2185 2184
f 1968 2075 2074
f 2074 2075 2186
f 2074 1967 1968
f 2074 2186 2185
f 2187 2075 2076
f 2075 1969 2076
f 1969 2075 1968
f 2188 2076 2077
f 2077 2076 1970
f 1970 2076 1969
f 2189 2077 2078
f 2078 2077 1971
f 2190 2078 2079
f 2079 2078 1972
f 2191 2079 2080
f 2080 2079 1973
f 2192 2080 2081
f 1974 2081 2080
f 2193 2081 2082
f 1975 2082 2081
f 1975 2081 1974
f 1976 2083 2082
f 2083 2194 2082
f 2082 1975 1976
f 1976 2086 2083
f 2086 2197 2083
f 2300 2194 2083
f 2300 2083 2197
f 2196 2084 2085
f 2084 1977 2085
f 2084 2088 1977
f 2199 2088 2084
f 2199 2084 2195
f 1976 1986 2086
f 2086 1987 2200
f 2086 2200 2197
f 2089 2200 1987
f 2201 2200 2089
f 2303 2197 2200
f 2201 2303 2200
f 2199 2087 2088
f 2087 1988 2088
f 2087 2092 1988
f 2202 2092 2087
f 2202 2087 2198
f 2199 2198 2087
f 2089 1989 2090
f 2201 2089 2090
f 2090 1990 2203
f 2090 1989 1990
f 2305 2201 2090
f 2203 2305 2090
f 2091 2092 2202
f 2091 1991 2092
f 2091 2095 1991
f 2091 2205 2095
f 2091 2307 2205
f 2091 2202 2307
f 2093 2203 1990
f 2093 1992 2206
f 2308 2203 2093
f 2206 2308 2093
f 2094 2095 2205
f 2094 1993 2095
f 2094 2098 1993
f 2094 2208 2098
f 2094 2204 2208
f 2094 2205 2204
f 2096 2206 1992
f 2096 1994 2210
f 2209 2096 2210
f 2209 2206 2096
f 2208 2097 2098
f 1995 2098 2097
f 1995 2097 2101
f 2097 2211 2101
f 2097 2207 2211
f 2208 2207 2097
f 2099 2210 1994
f 2099 2212 2210
f 2209 2210 2312
f 2212 2312 2210
f 2099 1996 2102
f 2099 2102 2212
f 2100 2101 2211
f 2100 1997 2101
f 2100 2104 1997
f 2213 2104 2100
f 2100 2314 2213
f 2100 2211 2314
f 2102 1996 2103
f 2102 2103 2214
f 2316 2212 2102
f 2316 2102 2214
f 2105 2103 1998
f 2105 2214 2103
f 1999 2104 2216
f 2216 2104 2213
f 2107 1999 2216
f 2215 2107 2216
f 2213 2317 2216
f 2317 2215 2216
f 2105 1998 2106
f 2105 2106 2217
f 2105 2319 2214
f 2105 2217 2319
f 2108 2106 2001
f 2108 2217 2106
f 2107 2002 1999
f 2107 2110 2002
f 2218 2110 2107
f 2218 2107 2215
f 2108 2001 2109
f 2108 2109 2220
f 2108 2219 2217
f 2108 2220 2219
f 2111 2109 2003
f 2111 2220 2109
f 2221 2110 2218
f 2218 2322 2221
f 2004 2110 2112
f 2110 2221 2112
f 2111 2003 2005
f 2111 2005 2113
f 2222 2111 2113
f 2111 2222 2220
f 2223 2112 2221
f 2221 2324 2223
f 2006 2112 2114
f 2112 2223 2114
f 2113 2005 2007
f 2113 2007 2224
f 2222 2113 2325
f 2325 2113 2224
f 2115 2224 2007
f 2225 2114 2223
f 2223 2326 2225
f 2008 2114 2117
f 2114 2225 2117
f 2115 2226 2224
f 2327 2224 2226
f 2009 2118 2115
f 2118 2226 2115
f 2116 2117 2225
f 2116 2010 2117
f 2116 2227 2010
f 2227 2116 2225
f 2225 2328 2227
f 2118 2228 2226
f 2226 2228 2329
f 2012 2120 2118
f 2118 2120 2228
f 2119 2010 2227
f 2229 2119 2227
f 2227 2330 2229
f 2013 2119 2121
f 2119 2229 2121
f 2014 2122 2120
f 2230 2120 2122
f 2228 2120 2331
f 2230 2331 2120
f 2231 2121 2229
f 2229 2332 2231
f 2015 2121 2123
f 2121 2231 2123
f 2122 2016 2232
f 2230 2122 2333
f 2122 2232 2333
f 2017 2123 2125
f 2233 2125 2123
f 2123 2231 2233
f 2124 2232 2016
f 2018 2126 2124
f 2234 2124 2126
f 2124 2335 2232
f 2234 2335 2124
f 2127 2019 2125
f 2235 2127 2125
f 2233 2336 2125
f 2235 2125 2336
f 2236 2126 2020
f 2126 2236 2234
f 2129 2127 2237
f 2129 2021 2127
f 2127 2235 2237
f 2128 2236 2020
f 2128 2020 2022
f 2128 2022 2238
f 2128 2238 2236
f 2238 2339 2236
f 2131 2023 2129
f 2239 2131 2129
f 2239 2129 2237
f 2130 2238 2022
f 2130 2022 2024
f 2130 2024 2240
f 2130 2240 2238
f 2240 2341 2238
f 2133 2025 2131
f 2241 2133 2131
f 2239 2342 2131
f 2342 2241 2131
f 2132 2240 2024
f 2132 2024 2026
f 2132 2026 2242
f 2132 2242 2240
f 2026 2134 2242
f 2242 2343 2240
f 2133 2135 2027
f 2243 2135 2133
f 2241 2344 2133
f 2243 2133 2344
f 2134 2244 2242
f 2134 2028 2137
f 2134 2137 2244
f 2135 2029 2027
f 2138 2029 2135
f 2245 2138 2135
f 2135 2243 2245
f 2137 2028 2136
f 2137 2136 2246
f 2139 2246 2136
f 2030 2139 2136
f 2246 2347 2137
f 2244 2137 2347
f 2138 2031 2029
f 2140 2031 2138
f 2247 2140 2138
f 2138 2245 2247
f 2139 2032 2248
f 2248 2349 2139
f 2349 2246 2139
f 2140 2247 2249
f 2140 2033 2031
f 2140 2142 2033
f 2249 2142 2140
f 2141 2248 2032
f 2141 2032 2034
f 2144 2141 2034
f 2250 2141 2144
f 2248 2141 2351
f 2141 2250 2351
f 2251 2142 2249
f 2249 2352 2251
f 2035 2142 2145
f 2142 2251 2145
f 2037 2143 2144
f 2144 2143 2253
f 2143 2036 2252
f 2143 2252 2253
f 2253 2250 2144
f 2254 2145 2251
f 2251 2354 2254
f 2038 2145 2147
f 2145 2254 2147
f 2146 2252 2036
f 2146 2036 2039
f 2146 2039 2255
f 2146 2255 2252
f 2039 2148 2255
f 2255 2355 2252
f 2355 2253 2252
f 2256 2147 2254
f 2254 2356 2256
f 2040 2147 2149
f 2147 2256 2149
f 2148 2041 2257
f 2255 2148 2357
f 2148 2257 2357
f 2149 2151 2042
f 2258 2151 2149
f 2149 2256 2258
f 2153 2260 2044
f 2153 2044 2043
f 2150 2257 2041
f 2150 2044 2260
f 2257 2150 2359
f 2150 2260 2359
f 2151 2045 2042
f 2151 2261 2045
f 2258 2360 2151
f 2151 2360 2261
f 2045 2261 2154
f 2152 2153 2043
f 2259 2153 2152
f 2046 2155 2152
f 2152 2155 2262
f 2259 2152 2361
f 2152 2262 2361
f 2259 2362 2153
f 2153 2362 2260
f 2154 2156 2047
f 2263 2156 2154
f 2154 2261 2263
f 2155 2048 2265
f 2155 2265 2262
f 2158 2265 2048
f 2264 2265 2158
f 2265 2264 2364
f 2156 2049 2047
f 2156 2266 2049
f 2263 2365 2156
f 2156 2365 2266
f 2051 2157 2158
f 2264 2158 2157
f 2051 2050 2157
f 2157 2050 2268
f 2264 2157 2367
f 2367 2157 2268
f 2159 2049 2266
f 2269 2159 2266
f 2266 2368 2269
f 2052 2159 2163
f 2269 2163 2159
f 2166 2272 2054
f 2166 2054 2053
f 2166 2053 2271
f 2166 2271 2272
f 2370 2272 2271
f 2055 2160 2161
f 2160 2273 2161
f 2160 2055 2054
f 2160 2054 2272
f 2273 2160 2371
f 2371 2160 2272
f 2162 2056 2161
f 2267 2162 2161
f 2161 2056 2055
f 2273 2372 2161
f 2161 2372 2267
f 2268 2050 2162
f 2267 2268 2162
f 2057 2163 2275
f 2269 2274 2163
f 2275 2163 2274
f 2059 2164 2165
f 2270 2165 2164
f 2164 2059 2058
f 2164 2058 2277
f 2270 2164 2375
f 2375 2164 2277
f 2271 2053 2165
f 2270 2271 2165
f 2275 2167 2057
f 2167 2275 2278
f 2376 2278 2275
f 2060 2167 2170
f 2170 2167 2278
f 2280 2168 2062
f 2173 2280 2062
f 2173 2062 2061
f 2063 2168 2169
f 2276 2169 2168
f 2168 2280 2377
f 2276 2168 2377
f 2277 2058 2169
f 2276 2277 2169
f 2060 2170 2171
f 2281 2171 2170
f 2170 2278 2379
f 2281 2170 2379
f 2174 2064 2171
f 2174 2171 2281
f 2175 2065 2064
f 2176 2066 2065
f 2172 2067 2284
f 2177 2284 2067
f 2177 2067 2066
f 2177 2066 2283
f 2177 2283 2284
f 2172 2173 2061
f 2279 2173 2172
f 2279 2172 2380
f 2380 2172 2284
f 2279 2381 2173
f 2381 2280 2173
f 2175 2064 2174
f 2282 2175 2174
f 2281 2383 2174
f 2282 2174 2383
f 2175 2176 2065
f 2285 2176 2175
f 2282 2384 2175
f 2285 2175 2384
f 2283 2066 2176
f 2285 2385 2176
f 2283 2176 2385
f 2386 2284 2283
f 2388 2287 2389
f 2493 2388 2389
f 2389 2288 2390
f 2390 2494 2389
f 2390 2289 2391
f 2391 2495 2390
f 2391 2290 2392
f 2392 2496 2391
f 2291 2393 2392
f 2497 2392 2393
f 2395 2294 2396
f 2395 2396 2500
f 2396 2295 2397
f 2397 2501 2396
f 2178 2287 2286
f 2287 2388 2286
f 2178 2286 2296
f 2397 2296 2286
f 2286 2387 2397
f 2286 2388 2387
f 2389 2287 2288
f 2179 2288 2287
f 2287 2178 2179
f 2390 2288 2289
f 2288 2180 2289
f 2180 2288 2179
f 2391 2289 2290
f 2289 2181 2290
f 2181 2289 2180
f 2392 2290 2291
f 2182 2291 2290
f 2182 2290 2181
f 2183 2292 2291
f 2292 2393 2291
f 2291 2182 2183
f 2183 2297 2292
f 2292 2297 2398
f 2292 2502 2393
f 2292 2398 2502
f 2399 2299 2400
f 2399 2400 2504
f 2185 2294 2293
f 2395 2293 2294
f 2293 2184 2185
f 2400 2184 2293
f 2400 2293 2394
f 2293 2395 2394
f 2396 2294 2295
f 2294 2186 2295
f 2186 2294 2185
f 2397 2295 2296
f 2295 2187 2296
f 2296 2188 2178
f 2183 2193 2297
f 2297 2194 2298
f 2297 2298 2398
f 2298 2300 2401
f 2298 2194 2300
f 2298 2505 2398
f 2298 2401 2505
f 2195 2299 2403
f 2399 2403 2299
f 2302 2195 2403
f 2402 2302 2403
f 2399 2506 2403
f 2402 2403 2506
f 2400 2299 2184
f 2300 2197 2301
f 2300 2301 2401
f 2303 2301 2197
f 2404 2301 2303
f 2301 2507 2401
f 2404 2507 2301
f 2199 2195 2302
f 2199 2302 2198
f 2405 2198 2302
f 2405 2302 2402
f 2406 2303 2201
f 2303 2406 2404
f 2405 2304 2198
f 2202 2198 2304
f 2202 2304 2307
f 2407 2307 2304
f 2407 2304 2511
f 2405 2511 2304
f 2406 2201 2305
f 2305 2203 2408
f 2406 2305 2512
f 2408 2512 2305
f 2407 2306 2307
f 2205 2307 2306
f 2205 2306 2204
f 2410 2204 2306
f 2410 2306 2514
f 2407 2514 2306
f 2308 2408 2203
f 2310 2308 2206
f 2411 2308 2310
f 2411 2408 2308
f 2410 2309 2204
f 2208 2204 2309
f 2208 2309 2207
f 2413 2207 2309
f 2413 2309 2409
f 2410 2409 2309
f 2310 2206 2209
f 2310 2209 2414
f 2411 2310 2517
f 2310 2414 2517
f 2209 2312 2414
f 2413 2311 2207
f 2311 2211 2207
f 2311 2314 2211
f 2415 2314 2311
f 2415 2311 2412
f 2413 2412 2311
f 2212 2315 2312
f 2416 2312 2315
f 2414 2312 2416
f 2313 2314 2415
f 2313 2213 2314
f 2313 2317 2213
f 2313 2417 2317
f 2415 2520 2313
f 2417 2313 2520
f 2316 2315 2212
f 2316 2418 2315
f 2416 2315 2521
f 2521 2315 2418
f 2318 2316 2214
f 2316 2318 2418
f 2317 2419 2215
f 2317 2417 2419
f 2320 2215 2419
f 2318 2214 2319
f 2421 2318 2319
f 2318 2420 2418
f 2421 2420 2318
f 2217 2321 2319
f 2421 2319 2321
f 2320 2218 2215
f 2320 2322 2218
f 2422 2322 2320
f 2419 2524 2320
f 2422 2320 2524
f 2217 2219 2321
f 2424 2321 2219
f 2421 2321 2423
f 2424 2423 2321
f 2220 2323 2219
f 2424 2219 2323
f 2221 2322 2324
f 2324 2322 2425
f 2322 2422 2425
f 2220 2222 2323
f 2323 2222 2427
f 2426 2323 2427
f 2424 2323 2426
f 2324 2425 2428
f 2223 2324 2326
f 2326 2324 2428
f 2222 2325 2427
f 2325 2429 2427
f 2426 2427 2530
f 2530 2427 2429
f 2224 2327 2325
f 2327 2429 2325
f 2326 2428 2430
f 2225 2326 2328
f 2328 2326 2430
f 2327 2431 2429
f 2429 2431 2532
f 2226 2329 2327
f 2327 2329 2431
f 2227 2328 2330
f 2328 2432 2330
f 2432 2328 2430
f 2329 2228 2433
f 2329 2535 2431
f 2433 2535 2329
f 2229 2330 2332
f 2330 2434 2332
f 2330 2432 2536
f 2434 2330 2536
f 2331 2433 2228
f 2230 2333 2331
f 2435 2331 2333
f 2537 2433 2331
f 2435 2537 2331
f 2332 2334 2231
f 2436 2334 2332
f 2332 2434 2538
f 2436 2332 2538
f 2333 2232 2437
f 2435 2333 2539
f 2333 2437 2539
f 2335 2437 2232
f 2334 2233 2231
f 2334 2438 2233
f 2436 2540 2334
f 2540 2438 2334
f 2336 2233 2438
f 2335 2234 2439
f 2437 2335 2541
f 2439 2541 2335
f 2336 2440 2235
f 2542 2336 2438
f 2440 2336 2542
f 2337 2439 2234
f 2337 2234 2236
f 2337 2236 2441
f 2337 2441 2439
f 2339 2441 2236
f 2543 2439 2441
f 2440 2338 2235
f 2235 2338 2237
f 2338 2442 2237
f 2338 2440 2442
f 2238 2341 2339
f 2341 2443 2339
f 2441 2339 2545
f 2339 2443 2545
f 2340 2237 2442
f 2237 2340 2239
f 2239 2340 2444
f 2340 2442 2444
f 2444 2342 2239
f 2240 2343 2341
f 2343 2445 2341
f 2341 2445 2443
f 2241 2342 2344
f 2446 2344 2342
f 2444 2548 2342
f 2548 2446 2342
f 2242 2345 2343
f 2345 2447 2343
f 2343 2549 2445
f 2447 2549 2343
f 2344 2448 2243
f 2448 2344 2446
f 2345 2242 2244
f 2345 2244 2449
f 2244 2347 2449
f 2449 2551 2345
f 2551 2447 2345
f 2346 2243 2448
f 2346 2245 2243
f 2346 2450 2245
f 2450 2346 2448
f 2552 2450 2448
f 2246 2451 2347
f 2449 2347 2553
f 2347 2451 2553
f 2348 2245 2450
f 2348 2247 2245
f 2350 2247 2348
f 2452 2350 2348
f 2450 2554 2348
f 2452 2348 2554
f 2451 2246 2349
f 2453 2349 2248
f 2451 2349 2555
f 2453 2555 2349
f 2350 2249 2247
f 2350 2352 2249
f 2454 2352 2350
f 2350 2556 2454
f 2452 2556 2350
f 2351 2453 2248
f 2351 2250 2455
f 2453 2351 2557
f 2351 2455 2557
f 2251 2352 2354
f 2354 2352 2456
f 2352 2454 2456
f 2353 2455 2250
f 2353 2250 2253
f 2353 2253 2457
f 2353 2457 2455
f 2355 2457 2253
f 2354 2456 2458
f 2254 2354 2356
f 2354 2458 2356
f 2355 2255 2459
f 2255 2357 2459
f 2459 2561 2355
f 2561 2457 2355
f 2356 2458 2460
f 2256 2356 2358
f 2358 2356 2460
f 2357 2257 2461
f 2357 2461 2563
f 2357 2563 2459
f 2256 2358 2258
f 2463 2258 2358
f 2358 2460 2462
f 2463 2358 2462
f 2260 2465 2359
f 2362 2465 2260
f 2461 2257 2359
f 2465 2565 2359
f 2461 2359 2565
f 2258 2463 2360
f 2466 2360 2463
f 2466 2463 2566
f 2360 2363 2261
f 2466 2363 2360
f 2259 2361 2362
f 2464 2362 2361
f 2361 2262 2467
f 2464 2361 2567
f 2361 2467 2567
f 2464 2568 2362
f 2568 2465 2362
f 2363 2263 2261
f 2363 2468 2263
f 2363 2466 2570
f 2363 2570 2468
f 2263 2468 2365
f 2364 2467 2262
f 2265 2364 2262
f 2364 2264 2471
f 2467 2364 2573
f 2573 2364 2471
f 2365 2468 2472
f 2574 2472 2468
f 2266 2365 2368
f 2368 2365 2472
f 2371 2474 2475
f 2577 2475 2474
f 2267 2476 2366
f 2372 2476 2267
f 2372 2475 2476
f 2578 2476 2475
f 2367 2268 2366
f 2470 2367 2366
f 2366 2268 2267
f 2476 2469 2366
f 2366 2469 2470
f 2471 2264 2367
f 2470 2471 2367
f 2368 2373 2269
f 2477 2373 2368
f 2368 2472 2477
f 2478 2479 2375
f 2479 2478 2580
f 2370 2271 2369
f 2473 2370 2369
f 2369 2271 2270
f 2479 2369 2270
f 2479 2581 2369
f 2369 2581 2473
f 2474 2371 2370
f 2371 2272 2370
f 2473 2474 2370
f 2475 2372 2371
f 2372 2273 2371
f 2373 2274 2269
f 2373 2480 2274
f 2477 2582 2373
f 2373 2582 2480
f 2275 2274 2376
f 2274 2480 2376
f 2375 2277 2374
f 2478 2375 2374
f 2374 2277 2276
f 2374 2276 2481
f 2478 2374 2583
f 2374 2481 2583
f 2479 2270 2375
f 2376 2378 2278
f 2482 2378 2376
f 2376 2480 2482
f 2483 2377 2280
f 2381 2483 2280
f 2377 2481 2276
f 2483 2585 2377
f 2377 2585 2481
f 2378 2379 2278
f 2378 2484 2379
f 2586 2378 2482
f 2378 2586 2484
f 2382 2281 2379
f 2382 2379 2484
f 2386 2485 2284
f 2279 2380 2381
f 2486 2381 2380
f 2380 2284 2485
f 2486 2380 2587
f 2380 2485 2587
f 2486 2588 2381
f 2588 2483 2381
f 2382 2383 2281
f 2487 2383 2382
f 2484 2589 2382
f 2487 2382 2589
f 2282 2383 2384
f 2383 2488 2384
f 2383 2487 2590
f 2488 2383 2590
f 2285 2384 2385
f 2384 2489 2385
f 2489 2384 2488
f 2283 2385 2386
f 2490 2386 2385
f 2385 2489 2592
f 2490 2385 2592
f 2490 2593 2386
f 2386 2593 2485
f 2493 2598 2597
f 2705 2597 2598
f 2598 2494 2599
f 2599 2706 2598
f 2600 2594 2491
f 2600 2491 2495
f 2599 2495 2491
f 2594 2707 2491
f 2491 2707 2599
f 2600 2496 2601
f 2708 2594 2600
f 2708 2595 2594
f 2708 2601 2595
f 2601 2708 2600
f 2601 2497 2602
f 2595 2601 2709
f 2602 2709 2601
f 2387 2492 2605
f 2492 2596 2605
f 2387 2605 2501
f 2604 2501 2605
f 2596 2712 2605
f 2605 2712 2604
f 2493 2492 2388
f 2493 2597 2492
f 2492 2387 2388
f 2492 2597 2596
f 2598 2493 2494
f 2493 2389 2494
f 2599 2494 2495
f 2494 2390 2495
f 2600 2495 2496
f 2495 2391 2496
f 2601 2496 2497
f 2496 2392 2497
f 2497 2393 2498
f 2497 2498 2602
f 2498 2502 2606
f 2498 2393 2502
f 2498 2713 2602
f 2498 2606 2713
f 2395 2500 2499
f 2603 2499 2500
f 2499 2394 2395
f 2499 2608 2394
f 2716 2499 2603
f 2499 2716 2608
f 2604 2500 2501
f 2500 2396 2501
f 2500 2604 2603
f 2501 2397 2387
f 2606 2502 2503
f 2398 2503 2502
f 2503 2505 2609
f 2398 2505 2503
f 2606 2503 2717
f 2503 2609 2717
f 2399 2504 2611
f 2607 2611 2504
f 2399 2611 2506
f 2610 2506 2611
f 2607 2718 2611
f 2718 2610 2611
f 2608 2504 2394
f 2504 2400 2394
f 2504 2608 2607
f 2505 2401 2612
f 2505 2612 2609
f 2401 2507 2612
f 2719 2609 2612
f 2506 2613 2402
f 2613 2506 2610
f 2507 2404 2614
f 2612 2507 2721
f 2721 2507 2614
f 2613 2508 2402
f 2405 2402 2508
f 2405 2508 2511
f 2508 2615 2511
f 2508 2722 2615
f 2613 2722 2508
f 2509 2614 2404
f 2509 2404 2406
f 2406 2512 2509
f 2616 2509 2512
f 2723 2614 2509
f 2616 2723 2509
f 2510 2511 2615
f 2510 2407 2511
f 2510 2514 2407
f 2510 2617 2514
f 2615 2724 2510
f 2724 2617 2510
f 2512 2408 2618
f 2616 2512 2725
f 2725 2512 2618
f 2513 2514 2617
f 2513 2410 2514
f 2513 2409 2410
f 2513 2619 2409
f 2726 2513 2617
f 2513 2726 2619
f 2515 2618 2408
f 2515 2408 2411
f 2515 2411 2620
f 2515 2620 2618
f 2411 2517 2620
f 2516 2409 2619
f 2413 2409 2516
f 2413 2516 2412
f 2516 2621 2412
f 2516 2728 2621
f 2516 2619 2728
f 2517 2414 2622
f 2620 2517 2729
f 2622 2729 2517
f 2518 2412 2621
f 2518 2415 2412
f 2518 2520 2415
f 2518 2623 2520
f 2621 2730 2518
f 2623 2518 2730
f 2519 2622 2414
f 2519 2414 2416
f 2519 2416 2624
f 2519 2624 2622
f 2731 2622 2624
f 2521 2624 2416
f 2520 2623 2625
f 2520 2625 2417
f 2521 2418 2523
f 2626 2521 2523
f 2626 2624 2521
f 2522 2417 2625
f 2522 2419 2417
f 2522 2524 2419
f 2627 2524 2522
f 2734 2522 2625
f 2734 2627 2522
f 2523 2418 2420
f 2628 2523 2420
f 2523 2735 2626
f 2628 2735 2523
f 2421 2525 2420
f 2525 2628 2420
f 2422 2524 2629
f 2524 2627 2736
f 2629 2524 2736
f 2630 2628 2525
f 2737 2628 2630
f 2421 2423 2525
f 2423 2527 2525
f 2630 2525 2527
f 2424 2528 2423
f 2526 2422 2629
f 2526 2425 2422
f 2526 2631 2425
f 2526 2629 2631
f 2629 2738 2631
f 2423 2528 2527
f 2632 2527 2528
f 2527 2740 2630
f 2527 2632 2740
f 2424 2426 2528
f 2426 2633 2528
f 2632 2528 2633
f 2529 2425 2631
f 2529 2428 2425
f 2529 2634 2428
f 2529 2631 2634
f 2426 2530 2633
f 2530 2635 2633
f 2743 2632 2633
f 2743 2633 2635
f 2429 2532 2530
f 2530 2532 2635
f 2531 2428 2634
f 2531 2430 2428
f 2531 2636 2430
f 2531 2634 2636
f 2744 2636 2634
f 2532 2431 2534
f 2637 2532 2534
f 2532 2637 2635
f 2533 2430 2636
f 2533 2432 2430
f 2533 2536 2432
f 2533 2638 2536
f 2636 2746 2533
f 2638 2533 2746
f 2534 2431 2535
f 2534 2535 2639
f 2637 2534 2747
f 2534 2639 2747
f 2535 2433 2640
f 2535 2640 2639
f 2434 2536 2538
f 2536 2641 2538
f 2638 2748 2536
f 2641 2536 2748
f 2537 2640 2433
f 2435 2539 2537
f 2642 2537 2539
f 2750 2640 2537
f 2642 2750 2537
f 2436 2538 2540
f 2643 2540 2538
f 2641 2751 2538
f 2643 2538 2751
f 2539 2437 2644
f 2539 2644 2642
f 2437 2541 2644
f 2540 2646 2438
f 2643 2646 2540
f 2439 2647 2541
f 2644 2541 2645
f 2541 2647 2645
f 2439 2543 2647
f 2542 2438 2646
f 2542 2544 2440
f 2648 2544 2542
f 2755 2542 2646
f 2648 2542 2755
f 2543 2545 2649
f 2441 2545 2543
f 2647 2543 2756
f 2543 2649 2756
f 2544 2442 2440
f 2544 2650 2442
f 2648 2757 2544
f 2544 2757 2650
f 2545 2443 2651
f 2545 2651 2649
f 2546 2442 2650
f 2546 2444 2442
f 2444 2546 2652
f 2652 2546 2650
f 2652 2548 2444
f 2650 2759 2652
f 2547 2651 2443
f 2547 2443 2445
f 2547 2445 2653
f 2547 2653 2651
f 2653 2760 2651
f 2548 2654 2446
f 2652 2761 2548
f 2654 2548 2761
f 2549 2653 2445
f 2549 2655 2653
f 2551 2655 2549
f 2447 2551 2549
f 2655 2762 2653
f 2550 2446 2654
f 2550 2448 2446
f 2448 2550 2656
f 2550 2654 2656
f 2449 2657 2551
f 2551 2764 2655
f 2657 2764 2551
f 2656 2552 2448
f 2450 2552 2554
f 2658 2554 2552
f 2765 2552 2656
f 2765 2658 2552
f 2553 2657 2449
f 2660 2657 2553
f 2553 2451 2659
f 2660 2553 2659
f 2660 2766 2657
f 2452 2554 2556
f 2556 2554 2661
f 2661 2554 2767
f 2554 2658 2767
f 2555 2659 2451
f 2663 2659 2555
f 2555 2453 2662
f 2555 2662 2663
f 2663 2768 2659
f 2768 2660 2659
f 2556 2664 2454
f 2556 2661 2664
f 2557 2662 2453
f 2557 2455 2559
f 2665 2557 2559
f 2662 2557 2665
f 2558 2454 2664
f 2558 2456 2454
f 2558 2666 2456
f 2666 2558 2664
f 2560 2456 2666
f 2664 2771 2666
f 2559 2455 2457
f 2559 2457 2667
f 2561 2667 2457
f 2667 2773 2559
f 2773 2665 2559
f 2560 2458 2456
f 2560 2562 2458
f 2668 2562 2560
f 2666 2774 2560
f 2668 2560 2774
f 2561 2459 2669
f 2563 2669 2459
f 2669 2776 2561
f 2776 2667 2561
f 2562 2460 2458
f 2562 2670 2460
f 2668 2777 2562
f 2562 2777 2670
f 2563 2461 2672
f 2565 2672 2461
f 2672 2779 2563
f 2779 2669 2563
f 2564 2460 2670
f 2564 2462 2460
f 2564 2673 2462
f 2673 2564 2670
f 2670 2780 2673
f 2463 2462 2566
f 2462 2673 2566
f 2565 2465 2675
f 2568 2675 2465
f 2675 2671 2565
f 2671 2672 2565
f 2466 2566 2569
f 2676 2569 2566
f 2566 2673 2676
f 2464 2567 2568
f 2674 2568 2567
f 2680 2567 2467
f 2680 2788 2567
f 2674 2567 2788
f 2674 2675 2568
f 2569 2570 2466
f 2569 2681 2570
f 2569 2676 2789
f 2569 2789 2681
f 2468 2570 2574
f 2570 2681 2574
f 2577 2683 2684
f 2791 2684 2683
f 2578 2684 2685
f 2792 2685 2684
f 2470 2571 2572
f 2571 2678 2572
f 2571 2470 2469
f 2685 2571 2469
f 2685 2677 2571
f 2571 2677 2678
f 2572 2573 2471
f 2572 2679 2573
f 2572 2471 2470
f 2572 2678 2679
f 2680 2467 2573
f 2680 2573 2679
f 2686 2574 2681
f 2681 2793 2686
f 2579 2472 2574
f 2579 2574 2686
f 2473 2575 2576
f 2575 2682 2576
f 2575 2473 2581
f 2575 2581 2687
f 2682 2575 2794
f 2794 2575 2687
f 2683 2577 2576
f 2474 2576 2577
f 2474 2473 2576
f 2683 2576 2682
f 2684 2578 2577
f 2578 2475 2577
f 2685 2469 2578
f 2469 2476 2578
f 2579 2477 2472
f 2689 2477 2579
f 2688 2689 2579
f 2579 2686 2688
f 2580 2687 2581
f 2479 2580 2581
f 2580 2478 2690
f 2687 2580 2796
f 2796 2580 2690
f 2477 2689 2582
f 2691 2582 2689
f 2688 2797 2689
f 2689 2797 2691
f 2480 2582 2584
f 2584 2582 2691
f 2481 2692 2583
f 2585 2692 2481
f 2690 2478 2583
f 2692 2798 2583
f 2690 2583 2798
f 2480 2584 2482
f 2693 2482 2584
f 2584 2691 2800
f 2693 2584 2800
f 2585 2483 2694
f 2588 2694 2483
f 2694 2801 2585
f 2801 2692 2585
f 2586 2482 2693
f 2586 2696 2484
f 2695 2696 2586
f 2586 2693 2695
f 2593 2698 2485
f 2486 2587 2588
f 2699 2588 2587
f 2587 2485 2698
f 2699 2587 2803
f 2587 2698 2803
f 2699 2804 2588
f 2804 2694 2588
f 2696 2589 2484
f 2695 2805 2696
f 2487 2589 2590
f 2590 2589 2700
f 2589 2696 2806
f 2700 2589 2806
f 2590 2701 2488
f 2590 2700 2701
f 2591 2592 2489
f 2591 2702 2592
f 2591 2489 2488
f 2591 2488 2701
f 2702 2591 2808
f 2808 2591 2701
f 2490 2592 2593
f 2697 2593 2592
f 2702 2809 2592
f 2697 2592 2809
f 2593 2697 2698
f 2706 2813 2812
f 2813 2707 2814
f 2703 2595 2815
f 2703 2594 2595
f 2703 2814 2594
f 2814 2703 2815
f 2815 2919 2814
f 2709 2816 2815
f 2816 2920 2815
f 2712 2818 2817
f 2705 2704 2597
f 2811 2704 2705
f 2704 2596 2597
f 2704 2818 2596
f 2811 2922 2704
f 2704 2922 2818
f 2812 2705 2706
f 2705 2598 2706
f 2811 2705 2812
f 2813 2706 2707
f 2706 2599 2707
f 2814 2707 2594
f 2815 2595 2709
f 2709 2602 2710
f 2709 2710 2816
f 2710 2713 2819
f 2710 2602 2713
f 2816 2710 2924
f 2819 2924 2710
f 2603 2711 2821
f 2716 2603 2821
f 2711 2712 2817
f 2604 2712 2711
f 2604 2711 2603
f 2821 2711 2926
f 2817 2926 2711
f 2818 2712 2596
f 2714 2819 2713
f 2714 2713 2606
f 2606 2717 2714
f 2822 2714 2717
f 2927 2819 2714
f 2822 2927 2714
f 2608 2716 2715
f 2820 2715 2716
f 2715 2607 2608
f 2715 2823 2607
f 2820 2928 2715
f 2715 2928 2823
f 2716 2821 2820
f 2717 2609 2824
f 2822 2717 2929
f 2717 2824 2929
f 2718 2607 2823
f 2718 2825 2610
f 2823 2930 2718
f 2930 2825 2718
f 2719 2824 2609
f 2612 2721 2719
f 2826 2719 2721
f 2719 2931 2824
f 2826 2931 2719
f 2720 2610 2825
f 2720 2613 2610
f 2720 2722 2613
f 2720 2827 2722
f 2825 2932 2720
f 2932 2827 2720
f 2721 2614 2828
f 2826 2721 2933
f 2933 2721 2828
f 2615 2722 2829
f 2722 2827 2829
f 2829 2724 2615
f 2723 2828 2614
f 2616 2725 2723
f 2830 2723 2725
f 2935 2828 2723
f 2830 2935 2723
f 2724 2831 2617
f 2726 2617 2831
f 2831 2724 2937
f 2724 2829 2937
f 2725 2618 2832
f 2830 2725 2938
f 2938 2725 2832
f 2619 2726 2834
f 2834 2728 2619
f 2833 2728 2834
f 2939 2833 2834
f 2834 2726 2940
f 2726 2831 2940
f 2727 2832 2618
f 2727 2618 2620
f 2727 2620 2835
f 2727 2835 2832
f 2620 2729 2835
f 2621 2728 2836
f 2836 2730 2621
f 2836 2728 2833
f 2622 2731 2729
f 2837 2729 2731
f 2835 2729 2943
f 2837 2943 2729
f 2730 2838 2623
f 2838 2730 2944
f 2730 2836 2944
f 2733 2731 2624
f 2839 2731 2733
f 2837 2731 2945
f 2839 2945 2731
f 2732 2623 2838
f 2732 2625 2623
f 2732 2734 2625
f 2840 2734 2732
f 2946 2732 2838
f 2946 2840 2732
f 2733 2624 2626
f 2733 2626 2841
f 2839 2733 2947
f 2841 2947 2733
f 2627 2734 2736
f 2842 2736 2734
f 2840 2948 2734
f 2948 2842 2734
f 2735 2841 2626
f 2735 2843 2841
f 2949 2841 2843
f 2628 2737 2735
f 2737 2843 2735
f 2629 2736 2738
f 2736 2844 2738
f 2842 2950 2736
f 2844 2736 2950
f 2737 2845 2843
f 2845 2951 2843
f 2737 2630 2739
f 2737 2739 2845
f 2738 2741 2631
f 2738 2846 2741
f 2844 2952 2738
f 2846 2738 2952
f 2739 2630 2740
f 2739 2740 2848
f 2739 2847 2845
f 2739 2848 2847
f 2632 2742 2740
f 2848 2740 2742
f 2741 2634 2631
f 2741 2744 2634
f 2741 2849 2744
f 2846 2954 2741
f 2849 2741 2954
f 2742 2632 2743
f 2742 2743 2851
f 2848 2742 2850
f 2742 2851 2850
f 2743 2635 2745
f 2743 2745 2851
f 2636 2744 2746
f 2744 2852 2746
f 2849 2956 2744
f 2852 2744 2956
f 2745 2635 2637
f 2745 2637 2854
f 2745 2853 2851
f 2745 2854 2853
f 2747 2854 2637
f 2638 2746 2748
f 2855 2748 2746
f 2852 2958 2746
f 2855 2746 2958
f 2747 2639 2856
f 2747 2960 2854
f 2747 2856 2960
f 2749 2639 2640
f 2639 2749 2856
f 2751 2641 2748
f 2857 2751 2748
f 2855 2961 2748
f 2857 2748 2961
f 2750 2749 2640
f 2858 2749 2750
f 2856 2749 2962
f 2749 2858 2962
f 2750 2642 2859
f 2859 2858 2750
f 2860 2643 2751
f 2857 2860 2751
f 2752 2859 2642
f 2644 2752 2642
f 2752 2645 2861
f 2644 2645 2752
f 2859 2752 2965
f 2861 2965 2752
f 2753 2643 2860
f 2753 2646 2643
f 2753 2862 2646
f 2753 2860 2862
f 2862 2755 2646
f 2966 2862 2860
f 2754 2861 2645
f 2647 2754 2645
f 2754 2756 2863
f 2647 2756 2754
f 2754 2967 2861
f 2754 2863 2967
f 2648 2755 2757
f 2864 2757 2755
f 2755 2968 2864
f 2755 2862 2968
f 2756 2649 2865
f 2756 2865 2863
f 2650 2757 2759
f 2866 2759 2757
f 2866 2757 2864
f 2758 2865 2649
f 2758 2649 2651
f 2758 2651 2867
f 2758 2867 2865
f 2651 2760 2867
f 2867 2971 2865
f 2652 2759 2761
f 2759 2868 2761
f 2759 2866 2868
f 2653 2762 2760
f 2762 2869 2760
f 2973 2867 2760
f 2869 2973 2760
f 2761 2868 2870
f 2654 2761 2870
f 2655 2871 2762
f 2975 2869 2762
f 2871 2975 2762
f 2763 2654 2870
f 2763 2656 2654
f 2656 2763 2872
f 2763 2870 2872
f 2764 2871 2655
f 2764 2873 2871
f 2766 2873 2764
f 2657 2766 2764
f 2873 2977 2871
f 2872 2765 2656
f 2658 2765 2767
f 2874 2767 2765
f 2978 2765 2872
f 2978 2874 2765
f 2766 2660 2875
f 2768 2875 2660
f 2875 2979 2766
f 2873 2766 2979
f 2767 2876 2661
f 2876 2767 2980
f 2767 2874 2980
f 2768 2663 2877
f 2770 2877 2663
f 2662 2770 2663
f 2877 2981 2768
f 2768 2981 2875
f 2769 2661 2876
f 2769 2664 2661
f 2769 2771 2664
f 2878 2771 2769
f 2982 2769 2876
f 2982 2878 2769
f 2662 2665 2770
f 2770 2665 2880
f 2773 2880 2665
f 2880 2983 2770
f 2983 2877 2770
f 2666 2771 2774
f 2881 2774 2771
f 2878 2984 2771
f 2881 2771 2984
f 2773 2667 2772
f 2879 2773 2772
f 2776 2772 2667
f 2776 2882 2772
f 2879 2772 2985
f 2985 2772 2882
f 2879 2986 2773
f 2986 2880 2773
f 2668 2774 2777
f 2883 2777 2774
f 2774 2881 2987
f 2883 2774 2987
f 2776 2669 2775
f 2776 2775 2882
f 2779 2775 2669
f 2779 2884 2775
f 2988 2882 2775
f 2988 2775 2884
f 2780 2670 2777
f 2885 2780 2777
f 2883 2989 2777
f 2885 2777 2989
f 2779 2672 2778
f 2779 2778 2884
f 2783 2778 2672
f 2783 2672 2671
f 2783 2671 2886
f 2783 2886 2778
f 2884 2778 2990
f 2778 2886 2990
f 2780 2887 2673
f 2885 2991 2780
f 2991 2887 2780
f 2788 2890 2891
f 2782 2886 2671
f 2782 2671 2675
f 2782 2675 2781
f 2782 2781 2886
f 2781 2675 2674
f 2781 2674 2891
f 2886 2781 2994
f 2994 2781 2891
f 2887 2784 2673
f 2784 2676 2673
f 2784 2892 2676
f 2892 2784 2887
f 2887 2995 2892
f 2791 2894 2895
f 2997 2895 2894
f 2896 2888 2785
f 2792 2895 2896
f 2888 2896 2998
f 2998 2896 2895
f 2897 2678 2785
f 2785 2678 2677
f 2896 2785 2677
f 2888 2999 2785
f 2897 2785 2999
f 2679 2786 2787
f 2786 2889 2787
f 2786 2679 2678
f 2786 2678 2897
f 3000 2889 2786
f 3000 2786 2897
f 2787 2890 2788
f 2680 2787 2788
f 2680 2679 2787
f 2787 2889 2890
f 2891 2674 2788
f 2789 2676 2892
f 2898 2789 2892
f 2892 3001 2898
f 2681 2789 2793
f 2789 2898 2793
f 2682 2899 2790
f 2893 2790 2899
f 2682 2794 2899
f 2893 2899 3002
f 2894 2791 2790
f 2791 2683 2790
f 2683 2682 2790
f 2893 2894 2790
f 2895 2792 2791
f 2792 2684 2791
f 2896 2677 2792
f 2677 2685 2792
f 2793 2898 2900
f 2795 2686 2793
f 2795 2793 2900
f 2794 2687 2901
f 2687 2796 2901
f 2901 3004 2794
f 3004 2899 2794
f 2795 2688 2686
f 2903 2688 2795
f 2795 2900 2902
f 2903 2795 2902
f 2796 2690 2904
f 2798 2904 2690
f 2904 3006 2796
f 3006 2901 2796
f 2688 2903 2797
f 2905 2797 2903
f 3007 2905 2903
f 2797 2799 2691
f 2905 2799 2797
f 2798 2692 2906
f 2801 2906 2692
f 2906 3008 2798
f 3008 2904 2798
f 2799 2800 2691
f 2799 2907 2800
f 2905 3009 2799
f 3009 2907 2799
f 2693 2800 2802
f 2802 2800 2907
f 2801 2694 2909
f 2804 2909 2694
f 2804 2908 2909
f 2909 3011 2801
f 3011 2906 2801
f 2693 2802 2695
f 2802 2910 2695
f 3012 2802 2907
f 3012 2910 2802
f 2805 2695 2910
f 2698 2912 2803
f 2810 2912 2698
f 2810 2698 2697
f 2810 2697 2911
f 2810 2911 2912
f 2803 2908 2804
f 2699 2803 2804
f 2803 2912 3013
f 2908 2803 3013
f 2696 2805 2806
f 2913 2806 2805
f 3014 2805 2910
f 2913 2805 3014
f 2806 2914 2700
f 2806 2913 2914
f 2807 2915 2701
f 2807 2701 2700
f 2807 2700 2914
f 2807 2914 2915
f 2702 2808 2809
f 2916 2809 2808
f 2808 2701 2915
f 2916 2808 3017
f 3017 2808 2915
f 2697 2809 2911
f 2916 3018 2809
f 3018 2911 2809
f 2923 2812 3021
f 2923 2811 2812
f 2923 3020 2811
f 2923 3021 3020
f 2918 2917 2813
f 2918 3022 2917
f 2917 2812 2813
f 2917 3021 2812
f 3022 3127 2917
f 2917 3127 3021
f 2814 2919 2918
f 2919 3023 2918
f 2814 2918 2813
f 3128 3022 2918
f 3023 3128 2918
f 2815 2920 2919
f 2920 3024 2919
f 3129 3023 2919
f 3024 3129 2919
f 2920 2816 3025
f 3130 3024 2920
f 3130 2920 3025
f 2818 2922 2921
f 3027 2921 2922
f 2921 2817 2818
f 2921 3026 2817
f 3027 3131 2921
f 3131 3026 2921
f 3020 2922 2811
f 3027 2922 3132
f 2922 3020 3132
f 3025 2816 2924
f 2924 2819 3028
f 3025 2924 3133
f 3133 2924 3028
f 2821 2926 3030
f 3030 2925 2821
f 2925 2820 2821
f 2925 3029 2820
f 2925 3030 3029
f 2926 2817 3026
f 3030 2926 3135
f 3135 2926 3026
f 2927 3028 2819
f 2822 2929 2927
f 3031 2927 2929
f 3136 3028 2927
f 3031 3136 2927
f 2823 2928 3032
f 3032 2930 2823
f 3029 2928 2820
f 3032 2928 3137
f 2928 3029 3137
f 2929 2824 3033
f 3031 2929 3138
f 2929 3033 3138
f 2930 3034 2825
f 3032 3139 2930
f 3034 2930 3139
f 2931 3033 2824
f 2826 2933 2931
f 3035 2931 2933
f 2931 3140 3033
f 3035 3140 2931
f 2932 2825 3034
f 2932 3036 2827
f 3034 3141 2932
f 3141 3036 2932
f 2933 2828 3037
f 2933 3037 3035
f 2934 2827 3036
f 2934 2829 2827
f 2829 2934 3039
f 2934 3036 3039
f 3039 2937 2829
f 2935 3037 2828
f 2830 2938 2935
f 3040 2935 2938
f 2935 3144 3037
f 3040 3144 2935
f 2831 2937 2936
f 3038 2936 2937
f 2936 2940 2831
f 2936 3041 2940
f 3038 3145 2936
f 3145 3041 2936
f 3038 2937 3146
f 2937 3039 3146
f 3042 2938 2832
f 3040 2938 3147
f 2938 3042 3147
f 2939 2940 3041
f 2834 2940 2939
f 2939 3043 2833
f 3041 3148 2939
f 3148 3043 2939
f 2941 3042 2832
f 2941 2832 2835
f 2941 2835 3044
f 2941 3044 3042
f 2942 2833 3043
f 2836 2833 2942
f 2836 2942 2944
f 2942 3045 2944
f 3043 3150 2942
f 3150 3045 2942
f 2943 3044 2835
f 2943 3046 3044
f 2837 2945 2943
f 2943 2945 3046
f 2838 2944 3047
f 2944 3045 3047
f 3047 2946 2838
f 2839 2947 2945
f 2947 3048 2945
f 3153 3046 2945
f 3048 3153 2945
f 2948 2840 2946
f 3049 2948 2946
f 3047 3154 2946
f 3154 3049 2946
f 2841 2949 2947
f 2949 3050 2947
f 3155 3048 2947
f 3050 3155 2947
f 2950 2842 2948
f 3051 2950 2948
f 3049 3156 2948
f 3156 3051 2948
f 2843 2951 2949
f 3052 2949 2951
f 3157 3050 2949
f 3052 3157 2949
f 2952 2844 2950
f 3053 2952 2950
f 3051 3158 2950
f 3158 3053 2950
f 2953 2951 2845
f 3054 2951 2953
f 3052 2951 3159
f 3054 3159 2951
f 2954 2846 2952
f 3055 2954 2952
f 3053 3160 2952
f 3160 3055 2952
f 2953 2845 2847
f 3056 2953 2847
f 3054 2953 3161
f 2953 3056 3161
f 2848 2955 2847
f 2955 3056 2847
f 2956 2849 2954
f 3057 2956 2954
f 3055 3162 2954
f 3162 3057 2954
f 2848 2850 2955
f 2850 3059 2955
f 3058 2955 3059
f 3163 3056 2955
f 3058 3163 2955
f 2851 2957 2850
f 2958 2852 2956
f 3060 2958 2956
f 3057 3164 2956
f 3164 3060 2956
f 2850 2957 3059
f 3062 3059 2957
f 2851 2853 2957
f 2853 3063 2957
f 3061 2957 3063
f 3165 3062 2957
f 3061 3165 2957
f 2959 2854 3064
f 2959 2853 2854
f 2959 3063 2853
f 2959 3064 3063
f 2961 2855 2958
f 3065 2961 2958
f 3060 3167 2958
f 3167 3065 2958
f 2854 2960 3064
f 2960 2856 3066
f 3064 2960 3169
f 3169 2960 3066
f 2962 3066 2856
f 2961 3067 2857
f 3065 3067 2961
f 2962 2858 3068
f 2962 3171 3066
f 2962 3068 3171
f 2963 2859 3069
f 2963 2858 2859
f 2858 2963 3068
f 2963 3069 3068
f 2964 2857 3067
f 2964 2860 2857
f 2964 3070 2860
f 2964 3067 3070
f 3070 2966 2860
f 3173 3070 3067
f 2859 2965 3069
f 2965 2861 3071
f 3069 2965 3174
f 2965 3071 3174
f 2861 2967 3071
f 2862 2966 2968
f 2966 3072 2968
f 2966 3070 3175
f 3072 2966 3175
f 2967 2863 3073
f 3071 2967 3176
f 2967 3073 3176
f 2968 3074 2864
f 2968 3177 3074
f 2968 3072 3177
f 2969 3073 2863
f 2969 2863 2865
f 2971 2969 2865
f 2971 3075 2969
f 2969 3178 3073
f 3075 3178 2969
f 2970 2864 3074
f 2970 2866 2864
f 2970 3076 2866
f 2970 3074 3076
f 2867 2973 2971
f 2973 3077 2971
f 3180 3075 2971
f 3077 3180 2971
f 2972 2866 3076
f 2972 2868 2866
f 2972 3078 2868
f 2972 3076 3078
f 2869 2975 2973
f 2975 3079 2973
f 3182 3077 2973
f 3079 3182 2973
f 2974 2868 3078
f 2974 2870 2868
f 2974 3080 2870
f 2974 3078 3080
f 2871 2977 2975
f 2977 3081 2975
f 3184 3079 2975
f 3081 3184 2975
f 2976 2870 3080
f 2976 2872 2870
f 2872 2976 3082
f 2976 3080 3082
f 2977 2873 3083
f 3083 2873 2979
f 3186 2977 3083
f 3186 3081 2977
f 3082 2978 2872
f 2874 2978 2980
f 3084 2980 2978
f 3187 2978 3082
f 3187 3084 2978
f 2875 3085 2979
f 2981 3085 2875
f 3085 3188 2979
f 3083 2979 3188
f 2876 2980 3086
f 3086 2980 3189
f 2980 3084 3189
f 2981 2877 3087
f 2983 3087 2877
f 3087 3190 2981
f 3190 3085 2981
f 3086 2982 2876
f 2878 2982 2984
f 3088 2984 2982
f 3191 2982 3086
f 3191 3088 2982
f 2983 2880 3090
f 2986 3090 2880
f 3090 3193 2983
f 3193 3087 2983
f 2881 2984 2987
f 2987 2984 3091
f 2984 3194 3091
f 2984 3088 3194
f 3093 2985 2882
f 2988 3093 2882
f 2988 3092 3093
f 3093 3092 3195
f 2879 2985 2986
f 3089 2986 2985
f 3093 3196 2985
f 3089 2985 3196
f 3089 3090 2986
f 2883 2987 2989
f 2987 3094 2989
f 3198 2987 3091
f 3094 2987 3198
f 2988 2884 3095
f 2988 3095 3092
f 3095 2884 2990
f 3095 3199 3092
f 2885 2989 2991
f 3096 2991 2989
f 2989 3094 3200
f 3096 2989 3200
f 2990 2886 3097
f 3095 2990 3201
f 2990 3097 3201
f 2995 2887 2991
f 3098 2995 2991
f 3096 3202 2991
f 3202 3098 2991
f 2997 3099 3100
f 2998 3100 3101
f 2999 3101 3102
f 3000 3103 2889
f 3000 3102 3103
f 2890 2992 2993
f 2992 3104 2993
f 2992 2890 2889
f 2992 2889 3103
f 3104 2992 3203
f 3203 2992 3103
f 2993 2994 2891
f 2993 3105 2994
f 2993 2891 2890
f 2993 3104 3204
f 3105 2993 3204
f 2994 3097 2886
f 2994 3105 3205
f 3097 2994 3205
f 3001 2892 2995
f 3106 3001 2995
f 3098 3206 2995
f 3206 3106 2995
f 2997 2996 3099
f 2997 2894 2996
f 2894 2893 2996
f 3107 2996 2893
f 3099 2996 3207
f 3107 3207 2996
f 2998 2997 3100
f 2998 2895 2997
f 2999 2998 3101
f 2999 2888 2998
f 3000 2999 3102
f 3000 2897 2999
f 2898 3001 3003
f 3108 3003 3001
f 3106 3212 3001
f 3212 3108 3001
f 3002 3107 2893
f 2899 3004 3002
f 3109 3002 3004
f 3107 3002 3213
f 3002 3109 3213
f 3003 2900 2898
f 3110 2900 3003
f 3108 3214 3003
f 3214 3110 3003
f 3004 2901 3111
f 3006 3111 2901
f 3111 3215 3004
f 3215 3109 3004
f 3005 2900 3110
f 3005 2902 2900
f 3005 3112 2902
f 3005 3110 3112
f 2903 2902 3007
f 3007 2902 3112
f 3006 2904 3113
f 3008 3113 2904
f 3113 3218 3006
f 3218 3111 3006
f 3114 2905 3007
f 3112 3219 3007
f 3219 3114 3007
f 2905 3114 3009
f 3008 2906 3115
f 3011 3115 2906
f 3115 3220 3008
f 3220 3113 3008
f 3009 3116 2907
f 3009 3114 3221
f 3116 3009 3221
f 3011 2909 3118
f 3010 3118 2909
f 3010 2909 2908
f 3010 2908 3117
f 3010 3117 3118
f 3118 3223 3011
f 3223 3115 3011
f 3012 2907 3116
f 3012 3119 2910
f 3012 3116 3224
f 3119 3012 3224
f 3121 3013 2912
f 3019 3121 2912
f 3019 2912 2911
f 3019 2911 3120
f 3019 3120 3121
f 3013 3117 2908
f 3121 3226 3013
f 3117 3013 3226
f 3014 2910 3119
f 2913 3014 3122
f 3014 3119 3227
f 3122 3014 3227
f 3015 3123 2914
f 3015 2914 2913
f 3015 2913 3122
f 3015 3122 3123
f 3016 3124 2915
f 3016 2915 2914
f 3016 2914 3123
f 3016 3123 3124
f 2916 3017 3018
f 3125 3018 3017
f 3017 2915 3124
f 3125 3017 3230
f 3230 3017 3124
f 2911 3018 3120
f 3125 3231 3018
f 3231 3120 3018
f 3126 3021 3233
f 3126 3020 3021
f 3126 3232 3020
f 3126 3233 3232
f 3022 3128 3127
f 3127 3128 3234
f 3127 3233 3021
f 3127 3234 3233
f 3023 3129 3128
f 3128 3129 3235
f 3234 3128 3235
f 3024 3130 3129
f 3236 3129 3130
f 3235 3129 3236
f 3130 3025 3237
f 3130 3237 3236
f 3133 3237 3025
f 3027 3132 3131
f 3131 3132 3239
f 3131 3238 3026
f 3131 3239 3238
f 3232 3132 3020
f 3239 3132 3338
f 3232 3338 3132
f 3339 3232 3233
f 3133 3028 3240
f 3133 3344 3237
f 3133 3240 3344
f 3030 3135 3242
f 3242 3134 3030
f 3134 3029 3030
f 3134 3241 3029
f 3134 3242 3241
f 3238 3135 3026
f 3238 3345 3135
f 3135 3345 3242
f 3238 3239 3346
f 3136 3240 3028
f 3031 3138 3136
f 3243 3136 3138
f 3347 3240 3136
f 3243 3347 3136
f 3244 3032 3137
f 3244 3139 3032
f 3241 3137 3029
f 3241 3348 3137
f 3244 3137 3348
f 3241 3242 3349
f 3138 3033 3245
f 3243 3138 3350
f 3138 3245 3350
f 3033 3140 3245
f 3139 3246 3034
f 3244 3351 3139
f 3351 3246 3139
f 3140 3035 3247
f 3245 3140 3353
f 3247 3353 3140
f 3141 3034 3246
f 3141 3143 3036
f 3248 3143 3141
f 3246 3354 3141
f 3354 3248 3141
f 3142 3247 3035
f 3142 3035 3037
f 3142 3037 3249
f 3142 3249 3247
f 3247 3249 3356
f 3143 3039 3036
f 3039 3143 3250
f 3250 3146 3039
f 3250 3143 3357
f 3143 3248 3357
f 3144 3249 3037
f 3040 3147 3144
f 3251 3144 3147
f 3144 3358 3249
f 3251 3358 3144
f 3038 3146 3145
f 3145 3146 3253
f 3145 3252 3041
f 3145 3253 3252
f 3253 3146 3359
f 3146 3250 3359
f 3254 3147 3042
f 3251 3147 3360
f 3147 3254 3360
f 3148 3041 3252
f 3148 3255 3043
f 3252 3256 3148
f 3256 3255 3148
f 3252 3253 3361
f 3149 3254 3042
f 3149 3042 3044
f 3149 3044 3257
f 3149 3257 3254
f 3150 3043 3255
f 3150 3152 3045
f 3258 3152 3150
f 3255 3258 3150
f 3151 3257 3044
f 3151 3044 3046
f 3151 3046 3259
f 3151 3259 3257
f 3046 3153 3259
f 3152 3047 3045
f 3047 3152 3260
f 3154 3047 3260
f 3260 3152 3365
f 3152 3258 3365
f 3048 3155 3153
f 3155 3261 3153
f 3153 3261 3259
f 3156 3049 3154
f 3262 3156 3154
f 3262 3154 3260
f 3050 3157 3155
f 3157 3263 3155
f 3261 3155 3368
f 3263 3368 3155
f 3158 3051 3156
f 3264 3158 3156
f 3264 3156 3262
f 3052 3159 3157
f 3159 3265 3157
f 3370 3263 3157
f 3265 3370 3157
f 3160 3053 3158
f 3266 3160 3158
f 3264 3371 3158
f 3371 3266 3158
f 3054 3161 3159
f 3267 3159 3161
f 3372 3265 3159
f 3267 3372 3159
f 3162 3055 3160
f 3268 3162 3160
f 3266 3373 3160
f 3373 3268 3160
f 3269 3161 3056
f 3267 3161 3374
f 3374 3161 3269
f 3164 3057 3162
f 3271 3164 3162
f 3268 3376 3162
f 3376 3271 3162
f 3163 3269 3056
f 3272 3163 3059
f 3058 3059 3163
f 3163 3270 3269
f 3272 3270 3163
f 3165 3273 3272
f 3273 3377 3272
f 3167 3060 3164
f 3274 3167 3164
f 3271 3379 3164
f 3379 3274 3164
f 3272 3059 3165
f 3062 3165 3059
f 3063 3166 3165
f 3166 3273 3165
f 3061 3063 3165
f 3168 3064 3275
f 3168 3063 3064
f 3168 3166 3063
f 3166 3168 3275
f 3380 3273 3166
f 3275 3380 3166
f 3065 3167 3276
f 3274 3382 3167
f 3382 3276 3167
f 3275 3064 3169
f 3169 3066 3277
f 3275 3169 3383
f 3169 3277 3383
f 3171 3277 3066
f 3276 3170 3065
f 3170 3067 3065
f 3170 3278 3067
f 3278 3170 3276
f 3171 3068 3279
f 3277 3171 3385
f 3171 3279 3385
f 3172 3069 3280
f 3172 3068 3069
f 3068 3172 3279
f 3172 3280 3279
f 3280 3386 3279
f 3173 3067 3278
f 3173 3278 3281
f 3070 3173 3175
f 3281 3175 3173
f 3069 3174 3280
f 3174 3071 3282
f 3280 3174 3388
f 3282 3388 3174
f 3071 3176 3282
f 3072 3175 3177
f 3175 3283 3177
f 3175 3281 3389
f 3283 3175 3389
f 3176 3073 3284
f 3282 3176 3390
f 3390 3176 3284
f 3074 3177 3285
f 3177 3283 3391
f 3285 3177 3391
f 3178 3284 3073
f 3178 3286 3284
f 3075 3180 3178
f 3178 3180 3286
f 3392 3284 3286
f 3179 3074 3285
f 3179 3076 3074
f 3179 3287 3076
f 3179 3285 3287
f 3285 3393 3287
f 3077 3182 3180
f 3182 3288 3180
f 3286 3180 3394
f 3288 3394 3180
f 3181 3076 3287
f 3181 3078 3076
f 3181 3289 3078
f 3181 3287 3289
f 3079 3184 3182
f 3184 3290 3182
f 3288 3182 3396
f 3290 3396 3182
f 3183 3078 3289
f 3183 3080 3078
f 3183 3291 3080
f 3183 3289 3291
f 3081 3186 3184
f 3292 3184 3186
f 3398 3184 3292
f 3398 3290 3184
f 3185 3080 3291
f 3185 3082 3080
f 3082 3185 3293
f 3185 3291 3293
f 3293 3187 3082
f 3186 3083 3295
f 3186 3295 3292
f 3083 3188 3295
f 3294 3295 3188
f 3292 3295 3400
f 3295 3294 3400
f 3084 3187 3189
f 3296 3189 3187
f 3293 3401 3187
f 3296 3187 3401
f 3188 3085 3298
f 3190 3298 3085
f 3297 3298 3190
f 3298 3297 3402
f 3298 3294 3188
f 3086 3189 3299
f 3299 3189 3296
f 3190 3087 3301
f 3193 3301 3087
f 3300 3301 3193
f 3301 3300 3404
f 3301 3297 3190
f 3299 3191 3086
f 3088 3191 3194
f 3302 3194 3191
f 3405 3191 3299
f 3405 3302 3191
f 3193 3090 3192
f 3300 3193 3192
f 3197 3192 3090
f 3197 3090 3089
f 3197 3089 3303
f 3197 3303 3192
f 3300 3192 3406
f 3406 3192 3303
f 3194 3198 3091
f 3194 3304 3198
f 3302 3407 3194
f 3304 3194 3407
f 3093 3195 3196
f 3196 3195 3305
f 3199 3305 3195
f 3092 3199 3195
f 3089 3196 3303
f 3305 3408 3196
f 3408 3303 3196
f 3094 3198 3200
f 3198 3306 3200
f 3198 3304 3409
f 3306 3198 3409
f 3199 3095 3307
f 3307 3095 3201
f 3410 3199 3307
f 3410 3305 3199
f 3096 3200 3202
f 3308 3202 3200
f 3306 3411 3200
f 3308 3200 3411
f 3201 3097 3309
f 3307 3201 3412
f 3201 3309 3412
f 3206 3098 3202
f 3310 3206 3202
f 3308 3413 3202
f 3413 3310 3202
f 3208 3100 3099
f 3209 3101 3100
f 3210 3102 3101
f 3211 3311 3103
f 3211 3103 3102
f 3104 3203 3204
f 3312 3204 3203
f 3203 3103 3311
f 3203 3311 3312
f 3105 3204 3205
f 3204 3313 3205
f 3313 3204 3312
f 3205 3309 3097
f 3309 3205 3414
f 3414 3205 3313
f 3212 3106 3206
f 3314 3212 3206
f 3314 3206 3310
f 3207 3208 3099
f 3316 3208 3207
f 3207 3107 3315
f 3316 3207 3315
f 3208 3209 3100
f 3317 3209 3208
f 3208 3316 3317
f 3209 3210 3101
f 3318 3210 3209
f 3209 3317 3318
f 3210 3211 3102
f 3319 3211 3210
f 3210 3318 3319
f 3319 3417 3211
f 3211 3417 3311
f 3214 3108 3212
f 3320 3214 3212
f 3320 3212 3314
f 3213 3315 3107
f 3213 3321 3315
f 3215 3321 3213
f 3109 3215 3213
f 3321 3421 3315
f 3316 3315 3421
f 3110 3214 3322
f 3214 3320 3322
f 3215 3111 3323
f 3218 3323 3111
f 3323 3427 3215
f 3427 3321 3215
f 3322 3216 3110
f 3216 3112 3110
f 3216 3217 3112
f 3216 3322 3217
f 3219 3112 3217
f 3324 3219 3217
f 3428 3217 3322
f 3324 3217 3428
f 3113 3325 3218
f 3429 3323 3218
f 3325 3429 3218
f 3114 3219 3326
f 3324 3326 3219
f 3114 3326 3221
f 3220 3115 3328
f 3223 3328 3115
f 3325 3113 3220
f 3328 3431 3220
f 3325 3220 3431
f 3116 3221 3329
f 3326 3432 3221
f 3329 3221 3432
f 3116 3329 3224
f 3223 3118 3222
f 3327 3223 3222
f 3222 3118 3117
f 3222 3117 3330
f 3327 3222 3434
f 3222 3330 3434
f 3327 3435 3223
f 3435 3328 3223
f 3331 3119 3224
f 3329 3436 3224
f 3331 3224 3436
f 3226 3121 3334
f 3225 3334 3121
f 3225 3121 3120
f 3225 3120 3333
f 3225 3333 3334
f 3334 3333 3438
f 3117 3226 3330
f 3334 3439 3226
f 3330 3226 3439
f 3331 3227 3119
f 3122 3227 3228
f 3227 3335 3228
f 3331 3440 3227
f 3335 3227 3440
f 3228 3336 3123
f 3228 3123 3122
f 3335 3441 3228
f 3441 3336 3228
f 3337 3230 3124
f 3229 3337 3124
f 3229 3124 3123
f 3229 3123 3336
f 3229 3336 3337
f 3442 3337 3336
f 3125 3230 3231
f 3332 3231 3230
f 3337 3443 3230
f 3332 3230 3443
f 3120 3231 3333
f 3332 3444 3231
f 3333 3231 3444
f 3340 3233 3234
f 3341 3235 3446
f 3235 3341 3234
f 3342 3236 3447
f 3236 3342 3235
f 3342 3446 3235
f 3342 3447 3446
f 3343 3236 3237
f 3343 3447 3236
f 3232 3339 3338
f 3338 3339 3449
f 3239 3338 3448
f 3338 3449 3448
f 3340 3339 3233
f 3450 3339 3340
f 3339 3450 3449
f 3340 3234 3341
f 3445 3340 3341
f 3445 3552 3340
f 3340 3552 3450
f 3445 3341 3553
f 3553 3341 3446
f 3554 3446 3447
f 3344 3343 3237
f 3451 3343 3344
f 3555 3447 3343
f 3555 3343 3451
f 3344 3240 3452
f 3451 3344 3452
f 3238 3346 3345
f 3345 3346 3454
f 3345 3453 3242
f 3345 3454 3453
f 3346 3239 3448
f 3448 3556 3346
f 3346 3556 3454
f 3448 3449 3557
f 3347 3452 3240
f 3347 3455 3452
f 3451 3452 3561
f 3452 3455 3561
f 3243 3350 3347
f 3347 3350 3455
f 3241 3349 3348
f 3349 3456 3348
f 3348 3352 3244
f 3348 3456 3352
f 3349 3242 3453
f 3453 3457 3349
f 3349 3457 3456
f 3562 3453 3454
f 3350 3245 3458
f 3455 3350 3564
f 3564 3350 3458
f 3351 3244 3352
f 3351 3352 3459
f 3351 3355 3246
f 3351 3459 3355
f 3565 3459 3352
f 3565 3352 3456
f 3353 3458 3245
f 3247 3356 3353
f 3460 3353 3356
f 3568 3458 3353
f 3460 3568 3353
f 3355 3354 3246
f 3354 3355 3461
f 3461 3357 3354
f 3248 3354 3357
f 3569 3461 3355
f 3569 3355 3459
f 3356 3249 3462
f 3460 3356 3571
f 3571 3356 3462
f 3357 3463 3250
f 3463 3359 3250
f 3357 3461 3572
f 3357 3572 3463
f 3358 3462 3249
f 3251 3360 3358
f 3464 3358 3360
f 3464 3462 3358
f 3253 3359 3465
f 3465 3361 3253
f 3463 3574 3359
f 3359 3574 3465
f 3362 3360 3254
f 3466 3360 3362
f 3464 3360 3576
f 3466 3576 3360
f 3252 3361 3256
f 3361 3467 3256
f 3363 3256 3467
f 3255 3256 3363
f 3577 3467 3361
f 3577 3361 3465
f 3362 3254 3257
f 3468 3362 3257
f 3466 3362 3578
f 3362 3468 3578
f 3255 3363 3258
f 3363 3469 3258
f 3469 3365 3258
f 3363 3467 3579
f 3363 3579 3469
f 3364 3468 3257
f 3364 3257 3259
f 3364 3259 3470
f 3364 3470 3468
f 3470 3581 3468
f 3260 3365 3367
f 3365 3471 3367
f 3469 3471 3365
f 3366 3470 3259
f 3366 3259 3261
f 3366 3261 3472
f 3366 3472 3470
f 3260 3367 3262
f 3367 3473 3262
f 3584 3473 3367
f 3471 3584 3367
f 3368 3472 3261
f 3368 3474 3472
f 3263 3370 3368
f 3368 3370 3474
f 3369 3262 3473
f 3262 3369 3264
f 3264 3369 3475
f 3369 3473 3475
f 3371 3264 3475
f 3475 3473 3586
f 3370 3476 3474
f 3265 3372 3370
f 3370 3372 3476
f 3477 3371 3475
f 3477 3373 3371
f 3373 3266 3371
f 3267 3374 3372
f 3478 3372 3374
f 3589 3476 3372
f 3478 3589 3372
f 3376 3268 3373
f 3480 3376 3373
f 3590 3373 3477
f 3590 3480 3373
f 3374 3269 3481
f 3479 3374 3481
f 3478 3374 3591
f 3374 3479 3591
f 3375 3270 3482
f 3375 3269 3270
f 3375 3481 3269
f 3481 3375 3482
f 3592 3479 3481
f 3482 3592 3481
f 3377 3483 3482
f 3379 3271 3376
f 3484 3379 3376
f 3480 3594 3376
f 3594 3484 3376
f 3482 3270 3377
f 3270 3272 3377
f 3273 3378 3377
f 3377 3378 3483
f 3378 3380 3485
f 3378 3273 3380
f 3595 3483 3378
f 3485 3595 3378
f 3382 3274 3379
f 3486 3382 3379
f 3484 3596 3379
f 3596 3486 3379
f 3381 3485 3380
f 3381 3380 3275
f 3275 3383 3381
f 3487 3381 3383
f 3381 3597 3485
f 3487 3597 3381
f 3276 3382 3488
f 3486 3598 3382
f 3488 3382 3598
f 3383 3277 3489
f 3383 3489 3487
f 3277 3385 3489
f 3385 3490 3489
f 3488 3384 3276
f 3276 3384 3278
f 3278 3384 3491
f 3491 3384 3488
f 3386 3490 3385
f 3279 3386 3385
f 3386 3280 3492
f 3601 3490 3386
f 3492 3601 3386
f 3491 3387 3278
f 3387 3281 3278
f 3387 3493 3281
f 3387 3491 3493
f 3389 3281 3493
f 3388 3492 3280
f 3494 3388 3282
f 3492 3388 3603
f 3494 3603 3388
f 3282 3390 3494
f 3283 3389 3391
f 3389 3495 3391
f 3495 3389 3493
f 3390 3284 3496
f 3390 3605 3494
f 3390 3496 3605
f 3285 3391 3393
f 3391 3497 3393
f 3391 3495 3606
f 3497 3391 3606
f 3392 3496 3284
f 3286 3394 3392
f 3498 3392 3394
f 3607 3496 3392
f 3498 3607 3392
f 3393 3499 3287
f 3393 3497 3608
f 3499 3393 3608
f 3394 3288 3396
f 3500 3394 3396
f 3498 3394 3609
f 3609 3394 3500
f 3395 3287 3499
f 3395 3289 3287
f 3395 3501 3289
f 3395 3499 3501
f 3290 3398 3396
f 3502 3396 3398
f 3500 3396 3611
f 3396 3502 3611
f 3397 3289 3501
f 3397 3291 3289
f 3397 3503 3291
f 3503 3397 3501
f 3398 3292 3505
f 3505 3292 3400
f 3505 3502 3398
f 3399 3291 3503
f 3399 3293 3291
f 3399 3401 3293
f 3506 3401 3399
f 3503 3614 3399
f 3614 3506 3399
f 3507 3400 3294
f 3507 3504 3400
f 3505 3400 3504
f 3296 3401 3508
f 3508 3401 3616
f 3401 3506 3616
f 3507 3294 3402
f 3298 3402 3294
f 3402 3297 3509
f 3402 3509 3617
f 3507 3402 3617
f 3403 3296 3508
f 3403 3299 3296
f 3299 3403 3510
f 3403 3508 3510
f 3509 3297 3404
f 3301 3404 3297
f 3511 3404 3300
f 3511 3619 3404
f 3509 3404 3619
f 3510 3405 3299
f 3512 3405 3510
f 3512 3407 3405
f 3407 3302 3405
f 3406 3303 3513
f 3303 3408 3513
f 3511 3300 3406
f 3513 3621 3406
f 3621 3511 3406
f 3304 3407 3409
f 3514 3409 3407
f 3514 3407 3512
f 3515 3408 3305
f 3515 3305 3410
f 3513 3408 3623
f 3515 3623 3408
f 3306 3409 3411
f 3516 3411 3409
f 3409 3514 3624
f 3516 3409 3624
f 3517 3410 3307
f 3515 3410 3518
f 3517 3518 3410
f 3413 3308 3411
f 3519 3413 3411
f 3516 3626 3411
f 3626 3519 3411
f 3412 3517 3307
f 3412 3520 3517
f 3415 3520 3412
f 3309 3415 3412
f 3520 3627 3517
f 3310 3413 3521
f 3413 3519 3521
f 3311 3418 3312
f 3419 3523 3313
f 3419 3313 3312
f 3419 3312 3522
f 3419 3522 3523
f 3309 3414 3415
f 3415 3414 3524
f 3414 3313 3523
f 3414 3523 3524
f 3524 3629 3415
f 3520 3415 3629
f 3521 3416 3310
f 3310 3416 3314
f 3416 3525 3314
f 3416 3521 3525
f 3525 3521 3630
f 3422 3317 3316
f 3423 3318 3317
f 3424 3319 3318
f 3311 3417 3418
f 3418 3417 3526
f 3319 3425 3417
f 3417 3425 3526
f 3522 3312 3418
f 3522 3418 3631
f 3418 3526 3631
f 3522 3632 3523
f 3633 3524 3523
f 3420 3314 3525
f 3314 3420 3320
f 3420 3527 3320
f 3420 3525 3527
f 3320 3527 3426
f 3634 3527 3525
f 3316 3421 3422
f 3530 3422 3421
f 3321 3529 3421
f 3421 3529 3530
f 3423 3317 3422
f 3531 3423 3422
f 3530 3531 3422
f 3424 3318 3423
f 3532 3424 3423
f 3423 3531 3532
f 3425 3319 3424
f 3533 3425 3424
f 3424 3532 3533
f 3533 3635 3425
f 3425 3635 3526
f 3320 3426 3322
f 3428 3322 3426
f 3428 3426 3534
f 3527 3528 3426
f 3426 3528 3534
f 3427 3323 3535
f 3535 3323 3429
f 3529 3321 3427
f 3529 3427 3536
f 3427 3535 3536
f 3529 3638 3530
f 3639 3531 3530
f 3324 3428 3537
f 3428 3534 3537
f 3324 3537 3430
f 3537 3538 3430
f 3642 3537 3534
f 3538 3537 3642
f 3431 3539 3325
f 3325 3539 3429
f 3535 3429 3643
f 3429 3539 3643
f 3326 3324 3430
f 3430 3540 3432
f 3326 3430 3432
f 3430 3538 3540
f 3431 3328 3542
f 3435 3542 3328
f 3435 3541 3542
f 3542 3647 3431
f 3647 3539 3431
f 3433 3432 3540
f 3433 3329 3432
f 3433 3543 3436
f 3433 3436 3329
f 3433 3540 3648
f 3433 3648 3543
f 3330 3546 3434
f 3439 3546 3330
f 3439 3545 3546
f 3434 3541 3435
f 3327 3434 3435
f 3546 3651 3434
f 3541 3434 3651
f 3436 3437 3331
f 3436 3543 3437
f 3437 3547 3440
f 3437 3440 3331
f 3437 3543 3544
f 3437 3544 3547
f 3441 3547 3548
f 3652 3548 3547
f 3443 3549 3550
f 3333 3551 3438
f 3444 3551 3333
f 3444 3550 3551
f 3655 3551 3550
f 3438 3545 3439
f 3334 3438 3439
f 3551 3656 3438
f 3438 3656 3545
f 3547 3441 3440
f 3441 3335 3440
f 3442 3441 3548
f 3442 3336 3441
f 3443 3442 3549
f 3443 3337 3442
f 3549 3442 3548
f 3550 3444 3443
f 3444 3332 3443
f 3450 3558 3449
f 3445 3553 3552
f 3553 3657 3552
f 3559 3552 3657
f 3552 3559 3450
f 3446 3554 3553
f 3554 3658 3553
f 3553 3658 3657
f 3447 3555 3554
f 3555 3659 3554
f 3554 3659 3658
f 3555 3451 3660
f 3555 3660 3659
f 3448 3557 3556
f 3661 3556 3557
f 3563 3556 3661
f 3556 3563 3454
f 3557 3449 3558
f 3662 3557 3558
f 3661 3557 3662
f 3558 3450 3559
f 3663 3558 3559
f 3558 3663 3662
f 3559 3657 3664
f 3559 3664 3663
f 3764 3664 3657
f 3764 3657 3658
f 3765 3658 3659
f 3765 3659 3666
f 3660 3451 3561
f 3667 3660 3561
f 3560 3666 3659
f 3560 3659 3660
f 3560 3660 3667
f 3560 3667 3666
f 3561 3455 3668
f 3667 3561 3668
f 3453 3562 3457
f 3566 3456 3457
f 3562 3454 3563
f 3562 3563 3670
f 3457 3562 3669
f 3562 3670 3669
f 3563 3661 3671
f 3563 3671 3670
f 3455 3564 3668
f 3672 3668 3564
f 3667 3668 3772
f 3672 3772 3668
f 3564 3458 3567
f 3672 3564 3567
f 3566 3565 3456
f 3566 3673 3565
f 3565 3570 3459
f 3565 3673 3570
f 3566 3457 3669
f 3674 3566 3669
f 3566 3674 3673
f 3674 3669 3773
f 3773 3669 3670
f 3568 3567 3458
f 3568 3675 3567
f 3672 3567 3776
f 3776 3567 3675
f 3460 3571 3568
f 3568 3571 3675
f 3569 3459 3570
f 3569 3570 3677
f 3569 3676 3461
f 3569 3677 3676
f 3777 3677 3570
f 3777 3570 3673
f 3678 3571 3462
f 3571 3781 3675
f 3678 3781 3571
f 3572 3461 3676
f 3572 3676 3679
f 3572 3575 3463
f 3572 3679 3575
f 3679 3676 3782
f 3677 3782 3676
f 3573 3678 3462
f 3573 3462 3464
f 3573 3464 3680
f 3573 3680 3678
f 3783 3678 3680
f 3576 3680 3464
f 3574 3463 3575
f 3682 3574 3575
f 3574 3681 3465
f 3682 3681 3574
f 3682 3575 3784
f 3575 3679 3784
f 3466 3578 3576
f 3683 3576 3578
f 3683 3680 3576
f 3577 3465 3681
f 3577 3580 3467
f 3684 3580 3577
f 3681 3684 3577
f 3578 3468 3581
f 3685 3578 3581
f 3578 3787 3683
f 3685 3787 3578
f 3579 3467 3580
f 3579 3580 3686
f 3686 3582 3579
f 3469 3579 3582
f 3686 3580 3788
f 3580 3684 3788
f 3583 3581 3470
f 3687 3581 3583
f 3685 3581 3789
f 3687 3789 3581
f 3469 3582 3471
f 3471 3582 3688
f 3582 3686 3790
f 3688 3582 3790
f 3583 3470 3472
f 3583 3472 3689
f 3687 3583 3791
f 3689 3791 3583
f 3471 3688 3584
f 3584 3688 3690
f 3690 3586 3584
f 3473 3584 3586
f 3690 3688 3792
f 3585 3689 3472
f 3585 3472 3474
f 3585 3474 3691
f 3585 3691 3689
f 3475 3586 3692
f 3586 3690 3794
f 3692 3586 3794
f 3587 3691 3474
f 3587 3474 3476
f 3587 3476 3693
f 3587 3693 3691
f 3476 3589 3693
f 3795 3691 3693
f 3588 3475 3692
f 3475 3588 3477
f 3477 3588 3694
f 3588 3692 3694
f 3694 3692 3796
f 3589 3591 3695
f 3478 3591 3589
f 3693 3589 3797
f 3797 3589 3695
f 3694 3590 3477
f 3696 3590 3694
f 3696 3594 3590
f 3594 3480 3590
f 3592 3695 3591
f 3479 3592 3591
f 3697 3592 3482
f 3799 3695 3592
f 3697 3799 3592
f 3593 3483 3698
f 3593 3482 3483
f 3482 3593 3697
f 3697 3593 3698
f 3595 3698 3483
f 3596 3484 3594
f 3699 3596 3594
f 3696 3801 3594
f 3801 3699 3594
f 3595 3485 3700
f 3698 3595 3802
f 3595 3700 3802
f 3485 3597 3700
f 3598 3486 3596
f 3701 3598 3596
f 3699 3803 3596
f 3803 3701 3596
f 3702 3597 3487
f 3597 3804 3700
f 3702 3804 3597
f 3598 3703 3488
f 3701 3805 3598
f 3805 3703 3598
f 3599 3702 3487
f 3599 3487 3489
f 3599 3490 3704
f 3599 3489 3490
f 3807 3702 3599
f 3704 3807 3599
f 3703 3600 3488
f 3488 3600 3491
f 3491 3600 3705
f 3705 3600 3703
f 3601 3704 3490
f 3492 3706 3601
f 3601 3809 3704
f 3706 3809 3601
f 3492 3603 3706
f 3705 3602 3491
f 3602 3493 3491
f 3602 3707 3493
f 3602 3705 3707
f 3603 3494 3708
f 3706 3603 3811
f 3811 3603 3708
f 3604 3493 3707
f 3604 3495 3493
f 3604 3709 3495
f 3604 3707 3709
f 3606 3495 3709
f 3605 3708 3494
f 3605 3496 3710
f 3813 3708 3605
f 3710 3813 3605
f 3606 3709 3711
f 3497 3606 3608
f 3608 3606 3711
f 3607 3710 3496
f 3498 3609 3607
f 3712 3607 3609
f 3712 3710 3607
f 3499 3608 3713
f 3713 3608 3711
f 3500 3611 3609
f 3714 3609 3611
f 3712 3609 3817
f 3714 3817 3609
f 3610 3499 3713
f 3610 3501 3499
f 3501 3610 3715
f 3610 3713 3715
f 3611 3502 3716
f 3714 3611 3819
f 3716 3819 3611
f 3715 3612 3501
f 3501 3612 3503
f 3612 3614 3503
f 3717 3614 3612
f 3820 3612 3715
f 3820 3717 3612
f 3613 3716 3502
f 3613 3502 3505
f 3613 3505 3504
f 3613 3504 3718
f 3716 3613 3821
f 3613 3718 3821
f 3506 3614 3616
f 3719 3616 3614
f 3717 3822 3614
f 3822 3719 3614
f 3615 3718 3504
f 3507 3615 3504
f 3507 3617 3615
f 3720 3615 3617
f 3718 3615 3823
f 3615 3720 3823
f 3616 3721 3508
f 3616 3824 3721
f 3616 3719 3824
f 3617 3509 3722
f 3619 3722 3509
f 3722 3825 3617
f 3825 3720 3617
f 3618 3508 3721
f 3618 3510 3508
f 3618 3723 3510
f 3618 3721 3723
f 3619 3511 3724
f 3621 3724 3511
f 3827 3619 3724
f 3722 3619 3827
f 3620 3510 3723
f 3510 3620 3512
f 3620 3725 3512
f 3620 3723 3725
f 3621 3513 3726
f 3726 3513 3623
f 3621 3829 3724
f 3621 3726 3829
f 3622 3512 3725
f 3512 3622 3514
f 3622 3727 3514
f 3622 3725 3727
f 3623 3515 3625
f 3728 3623 3625
f 3726 3623 3728
f 3624 3514 3727
f 3624 3727 3729
f 3626 3624 3729
f 3626 3516 3624
f 3625 3515 3518
f 3625 3518 3730
f 3730 3518 3627
f 3517 3627 3518
f 3834 3625 3730
f 3834 3728 3625
f 3731 3626 3729
f 3519 3626 3731
f 3520 3732 3627
f 3730 3627 3836
f 3732 3836 3627
f 3731 3628 3519
f 3519 3628 3521
f 3628 3733 3521
f 3628 3731 3733
f 3521 3733 3630
f 3733 3731 3837
f 3520 3629 3732
f 3524 3734 3629
f 3732 3629 3735
f 3629 3734 3735
f 3630 3736 3634
f 3525 3630 3634
f 3733 3839 3630
f 3630 3839 3736
f 3522 3631 3632
f 3631 3737 3632
f 3636 3737 3631
f 3636 3631 3526
f 3523 3632 3633
f 3738 3633 3632
f 3632 3737 3738
f 3734 3524 3633
f 3738 3841 3633
f 3734 3633 3841
f 3634 3736 3739
f 3739 3528 3634
f 3528 3527 3634
f 3739 3740 3637
f 3843 3739 3736
f 3843 3740 3739
f 3640 3532 3531
f 3641 3533 3532
f 3635 3636 3526
f 3635 3742 3636
f 3533 3741 3635
f 3635 3741 3742
f 3845 3636 3742
f 3636 3845 3737
f 3739 3637 3528
f 3528 3637 3534
f 3743 3642 3637
f 3637 3642 3534
f 3743 3637 3740
f 3529 3536 3638
f 3536 3744 3638
f 3744 3536 3644
f 3644 3536 3535
f 3530 3638 3639
f 3638 3745 3639
f 3638 3744 3745
f 3639 3640 3531
f 3639 3746 3640
f 3639 3745 3746
f 3641 3532 3640
f 3747 3641 3640
f 3640 3746 3747
f 3741 3533 3641
f 3748 3741 3641
f 3641 3747 3748
f 3748 3848 3741
f 3742 3741 3848
f 3538 3642 3749
f 3642 3743 3749
f 3538 3749 3645
f 3749 3750 3645
f 3850 3749 3743
f 3850 3750 3749
f 3643 3644 3535
f 3752 3644 3643
f 3643 3539 3751
f 3643 3751 3752
f 3752 3852 3644
f 3744 3644 3852
f 3744 3853 3745
f 3745 3854 3746
f 3645 3540 3538
f 3645 3753 3648
f 3645 3648 3540
f 3645 3750 3753
f 3647 3542 3757
f 3646 3757 3542
f 3646 3542 3541
f 3646 3541 3756
f 3646 3756 3757
f 3757 3756 3860
f 3751 3539 3647
f 3757 3861 3647
f 3861 3751 3647
f 3753 3649 3648
f 3649 3543 3648
f 3649 3754 3758
f 3758 3544 3649
f 3649 3544 3543
f 3753 3754 3649
f 3652 3758 3759
f 3863 3758 3754
f 3863 3759 3758
f 3759 3760 3653
f 3864 3760 3759
f 3655 3761 3762
f 3761 3866 3762
f 3545 3763 3650
f 3656 3763 3545
f 3656 3762 3763
f 3867 3763 3762
f 3651 3546 3650
f 3755 3651 3650
f 3650 3546 3545
f 3763 3868 3650
f 3650 3868 3755
f 3541 3651 3756
f 3651 3755 3756
f 3758 3652 3544
f 3652 3547 3544
f 3759 3653 3652
f 3652 3653 3548
f 3549 3653 3654
f 3653 3760 3654
f 3653 3549 3548
f 3655 3550 3654
f 3655 3654 3761
f 3654 3550 3549
f 3654 3760 3761
f 3762 3656 3655
f 3656 3551 3655
f 3766 3661 3662
f 3663 3767 3662
f 3664 3768 3663
f 3658 3765 3764
f 3765 3665 3764
f 3665 3769 3764
f 3764 3769 3664
f 3666 3770 3765
f 3665 3765 3770
f 3667 3771 3666
f 3661 3766 3671
f 3766 3869 3671
f 3869 3774 3671
f 3671 3774 3670
f 3662 3767 3766
f 3766 3767 3870
f 3766 3870 3869
f 3767 3663 3768
f 3767 3768 3871
f 3767 3871 3870
f 3768 3664 3769
f 3872 3768 3769
f 3768 3872 3871
f 3769 3665 3770
f 3873 3769 3770
f 3769 3873 3872
f 3770 3666 3771
f 3874 3770 3771
f 3770 3874 3873
f 3667 3772 3771
f 3772 3875 3771
f 3771 3875 3874
f 3672 3775 3772
f 3772 3775 3875
f 3778 3673 3674
f 3670 3774 3773
f 3876 3773 3774
f 3674 3773 3779
f 3773 3876 3779
f 3877 3774 3869
f 3876 3774 3877
f 3975 3877 3869
f 3975 3869 3870
f 3976 3870 3871
f 3977 3871 3872
f 3978 3872 3873
f 3979 3873 3874
f 3980 3874 3875
f 3672 3776 3775
f 3776 3879 3775
f 3775 3878 3875
f 3775 3879 3878
f 3776 3675 3780
f 3776 3780 3879
f 3777 3673 3778
f 3777 3778 3881
f 3777 3880 3677
f 3777 3881 3880
f 3778 3674 3779
f 3882 3778 3779
f 3778 3882 3881
f 3882 3779 3981
f 3981 3779 3876
f 3780 3675 3781
f 3780 3781 3884
f 3780 3883 3879
f 3780 3884 3883
f 3678 3783 3781
f 3783 3884 3781
f 3677 3880 3782
f 3679 3782 3885
f 3880 3886 3782
f 3886 3885 3782
f 3880 3881 3990
f 3887 3884 3783
f 3993 3884 3887
f 3783 3680 3785
f 3887 3783 3785
f 3888 3682 3784
f 3786 3682 3888
f 3786 3681 3682
f 3784 3679 3885
f 3885 3889 3784
f 3888 3784 3889
f 3785 3680 3683
f 3785 3683 3891
f 3785 3996 3887
f 3785 3891 3996
f 3786 3684 3681
f 3786 3892 3684
f 3788 3684 3892
f 3786 3888 3997
f 3786 3997 3892
f 3787 3891 3683
f 3787 3893 3891
f 4000 3891 3893
f 3685 3789 3787
f 3787 3789 3893
f 3686 3788 3894
f 3788 3892 3895
f 3894 3788 3895
f 3687 3791 3789
f 3896 3789 3791
f 3789 3896 3893
f 3790 3686 3894
f 3790 3894 3897
f 3897 3792 3790
f 3688 3790 3792
f 4003 3897 3894
f 3898 3791 3689
f 3896 3791 4005
f 3898 4005 3791
f 3690 3792 3899
f 3792 3897 4006
f 3899 3792 4006
f 3793 3898 3689
f 3793 3689 3691
f 3793 3691 3900
f 3793 3900 3898
f 3794 3690 3899
f 3794 3899 3901
f 3901 3796 3794
f 3692 3794 3796
f 3901 3899 4008
f 3795 3900 3691
f 3693 3797 3795
f 3902 3795 3797
f 3795 4009 3900
f 3902 4009 3795
f 3694 3796 3903
f 3901 4010 3796
f 3903 3796 4010
f 3797 3695 3904
f 3902 3797 4011
f 3797 3904 4011
f 3798 3694 3903
f 3694 3798 3696
f 3798 3905 3696
f 3798 3903 3905
f 3905 3801 3696
f 3903 4012 3905
f 3904 3695 3799
f 3906 3799 3697
f 3904 3799 4013
f 3906 4013 3799
f 3800 3698 3907
f 3698 3800 3697
f 3697 3800 3906
f 3800 3907 3906
f 3801 3905 3908
f 3803 3801 3908
f 3803 3699 3801
f 3907 3698 3802
f 3802 3700 3909
f 3907 3802 4016
f 3909 4016 3802
f 3805 3803 3910
f 3805 3701 3803
f 3910 3803 3908
f 3804 3909 3700
f 3804 3911 3909
f 3909 3911 4018
f 3804 3702 3806
f 3804 3806 3911
f 3913 3805 3910
f 3703 3805 3913
f 3807 3806 3702
f 3912 3806 3807
f 3911 3806 4020
f 3806 3912 4020
f 3807 3704 3914
f 4021 3912 3807
f 4021 3807 3914
f 3809 3914 3704
f 3913 3808 3703
f 3703 3808 3705
f 3808 3915 3705
f 3808 3913 3915
f 3809 3706 3916
f 3914 3809 4023
f 3809 3916 4023
f 3706 3811 3916
f 3810 3705 3915
f 3810 3707 3705
f 3810 3917 3707
f 3810 3915 3917
f 3915 4025 3917
f 3811 3708 3918
f 3916 3811 4026
f 3811 3918 4026
f 3812 3707 3917
f 3812 3709 3707
f 3812 3919 3709
f 3812 3917 3919
f 3813 3918 3708
f 3813 3710 3815
f 3920 3813 3815
f 3813 3920 3918
f 3814 3709 3919
f 3814 3711 3709
f 3814 3921 3711
f 3814 3919 3921
f 4029 3921 3919
f 3815 3710 3712
f 3815 3712 3922
f 3920 3815 4030
f 4030 3815 3922
f 3817 3922 3712
f 3816 3711 3921
f 3816 3713 3711
f 3816 3923 3713
f 3816 3921 3923
f 3817 3924 3922
f 4032 3922 3924
f 3714 3819 3817
f 3819 3924 3817
f 3818 3713 3923
f 3818 3715 3713
f 3818 3925 3715
f 3818 3923 3925
f 3716 3926 3819
f 3819 3926 3924
f 3926 3716 3821
f 4034 3924 3926
f 3820 3715 3925
f 3820 3925 3927
f 3927 3822 3820
f 3822 3717 3820
f 3821 3718 3928
f 3821 3928 4036
f 3926 3821 4036
f 3719 3822 3824
f 3929 3824 3822
f 4037 3822 3927
f 4037 3929 3822
f 3823 3928 3718
f 3720 3825 3823
f 3930 3823 3825
f 3928 3823 4038
f 3823 3930 4038
f 3824 3826 3721
f 3824 3931 3826
f 3929 4039 3824
f 3931 3824 4039
f 3825 3722 3932
f 3932 3722 3827
f 4040 3825 3932
f 4040 3930 3825
f 3826 3723 3721
f 3826 3828 3723
f 3826 3933 3828
f 3931 4041 3826
f 3933 3826 4041
f 3827 3724 3830
f 3934 3827 3830
f 3932 3827 4042
f 3827 3934 4042
f 3828 3725 3723
f 3828 3831 3725
f 3828 3935 3831
f 3933 4043 3828
f 3935 3828 4043
f 3829 3830 3724
f 3829 3936 3830
f 3832 3936 3829
f 3832 3829 3726
f 3936 4044 3830
f 3934 3830 4044
f 3831 3727 3725
f 3831 3833 3727
f 3831 3937 3833
f 3935 4045 3831
f 3937 3831 4045
f 3832 3726 3728
f 3832 3728 3938
f 3938 3728 3834
f 3832 4046 3936
f 3832 3938 4046
f 3833 3729 3727
f 3833 3939 3729
f 4048 3939 3833
f 3937 4048 3833
f 3940 3834 3730
f 3938 3834 4049
f 3940 4049 3834
f 3835 3729 3939
f 3729 3835 3731
f 3731 3835 3837
f 3835 3941 3837
f 4051 3835 3939
f 4051 3941 3835
f 3836 3940 3730
f 3732 3838 3836
f 3942 3836 3838
f 3940 3836 4054
f 3836 3942 4054
f 3943 3839 3837
f 3733 3837 3839
f 3943 3837 3941
f 4055 3943 3941
f 3732 3735 3838
f 3838 3735 3945
f 3842 3945 3735
f 3842 3735 3734
f 3945 3942 3838
f 3840 3839 3943
f 3840 3736 3839
f 3840 3946 3843
f 3840 3843 3736
f 3840 3943 3944
f 3840 3944 3946
f 4059 3946 3944
f 4059 3947 3946
f 3738 3948 3841
f 3846 3948 3738
f 3846 3738 3737
f 3841 3842 3734
f 3949 3842 3841
f 3841 3948 3949
f 3949 4062 3842
f 4062 3945 3842
f 3843 3844 3740
f 3843 3946 3844
f 3740 3844 3847
f 3847 3844 3950
f 3844 3946 3947
f 3844 3947 3950
f 3846 3737 3845
f 3846 3845 3952
f 3845 3742 3849
f 3845 3849 3952
f 4065 3846 3952
f 3846 4065 3948
f 3847 3743 3740
f 3847 3950 3953
f 3953 3850 3847
f 3850 3743 3847
f 3953 3954 3851
f 4067 3953 3950
f 4067 3954 3953
f 3855 3747 3746
f 3748 3955 3848
f 3856 3955 3748
f 3856 3748 3747
f 3742 3848 3849
f 3956 3849 3848
f 3848 3955 3956
f 3956 4070 3849
f 3952 3849 4070
f 3953 3851 3850
f 3850 3851 3750
f 3750 3851 3857
f 3857 3851 3957
f 3851 3954 3957
f 4071 3957 3954
f 4071 3958 3957
f 3852 3752 3962
f 3862 3962 3752
f 3862 3752 3751
f 3862 3751 3961
f 3862 3961 3962
f 3744 3852 3853
f 3852 3963 3853
f 3852 3962 3963
f 3745 3853 3854
f 3964 3854 3853
f 3853 3963 3964
f 3854 3855 3746
f 3965 3855 3854
f 3965 3854 3964
f 3856 3747 3855
f 3966 3856 3855
f 3855 3965 3966
f 3966 4077 3856
f 3856 4077 3955
f 3857 3753 3750
f 3754 3857 3858
f 3857 3957 3858
f 3754 3753 3857
f 3858 3958 3967
f 3967 3863 3858
f 3858 3863 3754
f 3858 3957 3958
f 3864 3967 3968
f 4079 3967 3958
f 4079 3958 3959
f 4079 3959 3968
f 4079 3968 3967
f 3865 3968 3969
f 4080 3969 3968
f 3866 3969 3970
f 4081 3970 3969
f 3867 3970 3971
f 4082 3971 3970
f 3868 3972 3755
f 3868 3971 3972
f 4083 3972 3971
f 3756 3973 3860
f 3859 3973 3756
f 3859 3756 3755
f 3859 3755 3972
f 3859 3972 3973
f 4084 3973 3972
f 3757 3860 3861
f 3974 3861 3860
f 3973 4085 3860
f 3974 3860 4085
f 3751 3861 3961
f 3974 4086 3861
f 4086 3961 3861
f 4087 3962 3961
f 3967 3864 3863
f 3864 3759 3863
f 3968 3865 3864
f 3864 3865 3760
f 3969 3866 3865
f 3866 3761 3865
f 3760 3865 3761
f 3970 3867 3866
f 3867 3762 3866
f 3971 3868 3867
f 3868 3763 3867
f 3876 3877 3982
f 3870 3976 3975
f 3976 4092 3975
f 4092 3983 3975
f 3975 3983 3877
f 3871 3977 3976
f 3977 4093 3976
f 3976 4093 4092
f 3978 3977 3872
f 3978 4094 3977
f 3977 4094 4093
f 3979 3978 3873
f 3979 4095 3978
f 3978 4095 4094
f 3980 3979 3874
f 3980 4096 3979
f 3979 4096 4095
f 3875 3878 3980
f 3878 3988 3980
f 3980 3988 4096
f 3879 3989 3878
f 3981 4097 3882
f 3991 3882 4097
f 3882 3991 3881
f 3876 3982 3981
f 4098 3981 3982
f 3981 4098 4097
f 3982 3877 3983
f 4099 3982 3983
f 4098 3982 4099
f 4100 3983 4092
f 3983 4100 4099
f 3984 4100 4092
f 3984 4092 4093
f 3984 4093 4101
f 3984 4101 4100
f 3985 4101 4093
f 3985 4093 4094
f 3985 4094 4102
f 3985 4102 4101
f 3986 4102 4094
f 3986 4094 4095
f 3986 4095 4103
f 3986 4103 4102
f 3987 4103 4095
f 3987 4095 4096
f 3987 4096 4104
f 3987 4104 4103
f 3988 3878 3989
f 3988 3989 4105
f 3988 4104 4096
f 3988 4105 4104
f 3989 3879 3883
f 3989 3883 3992
f 4105 3989 3992
f 3884 3993 3883
f 3880 3990 3886
f 4106 3886 3990
f 3994 3886 4106
f 3885 3886 3994
f 3990 3881 3991
f 4107 3990 3991
f 4106 3990 4107
f 4209 4107 3991
f 4209 3991 4097
f 4210 4097 4098
f 3883 3993 3992
f 3993 4109 3992
f 3992 4108 4105
f 3992 4109 4108
f 3887 3995 3993
f 4109 3993 3995
f 3885 3994 3889
f 3994 4110 3889
f 3998 3889 4110
f 3998 3888 3889
f 3994 4106 4218
f 3994 4218 4110
f 4111 4109 3995
f 4224 4109 4111
f 3995 3887 3996
f 3890 3995 3996
f 3995 3890 3999
f 4111 3995 3999
f 3891 4000 3996
f 4000 3890 3996
f 3998 3997 3888
f 3998 4112 3997
f 4001 3997 4112
f 4001 3892 3997
f 3998 4110 4225
f 3998 4225 4112
f 3890 4000 3999
f 4000 4114 3999
f 3999 4113 4111
f 3999 4114 4113
f 3893 4002 4000
f 4114 4000 4002
f 4001 3895 3892
f 4001 4115 3895
f 4115 4003 3895
f 4003 3894 3895
f 4001 4112 4116
f 4001 4116 4115
f 4114 4002 4117
f 4230 4113 4114
f 4230 4114 4117
f 4002 3893 3896
f 4002 3896 4004
f 4002 4004 4117
f 4003 4118 3897
f 4119 4118 4003
f 4115 4119 4003
f 3896 4005 4004
f 4005 4121 4004
f 4004 4120 4117
f 4004 4121 4120
f 4005 3898 4007
f 4005 4007 4121
f 4006 3897 4118
f 4122 4006 4118
f 3899 4006 4008
f 4122 4008 4006
f 4122 4118 4233
f 4118 4119 4233
f 4007 3898 3900
f 4007 3900 4123
f 4236 4121 4007
f 4236 4007 4123
f 3900 4009 4123
f 4008 4124 3901
f 4237 4124 4008
f 4122 4237 4008
f 3902 4011 4009
f 4125 4009 4011
f 4123 4009 4239
f 4125 4239 4009
f 3901 4124 4010
f 3903 4010 4012
f 4126 4012 4010
f 4124 4126 4010
f 4011 3904 4127
f 4125 4011 4241
f 4011 4127 4241
f 3904 4013 4127
f 4012 4014 3905
f 4012 4128 4014
f 4012 4126 4128
f 4013 3906 4129
f 4013 4243 4127
f 4013 4129 4243
f 4015 3906 3907
f 4015 4129 3906
f 4014 3908 3905
f 3908 4014 4130
f 4128 4244 4014
f 4130 4014 4244
f 4015 3907 4016
f 4015 4016 4131
f 4015 4246 4129
f 4015 4131 4246
f 3909 4018 4016
f 4016 4018 4131
f 4017 3908 4130
f 3908 4017 3910
f 4017 4132 3910
f 4017 4130 4132
f 4247 4132 4130
f 4018 3911 4133
f 4018 4249 4131
f 4018 4133 4249
f 4020 4133 3911
f 4019 3910 4132
f 3910 4019 3913
f 4019 4134 3913
f 4019 4132 4134
f 4250 4134 4132
f 3912 4021 4020
f 4020 4021 4135
f 4020 4252 4133
f 4020 4135 4252
f 4021 3914 4136
f 4021 4136 4135
f 4023 4136 3914
f 4022 3913 4134
f 4022 3915 3913
f 4022 4025 3915
f 4022 4137 4025
f 4134 4253 4022
f 4137 4022 4253
f 3916 4024 4023
f 4138 4023 4024
f 4023 4255 4136
f 4023 4138 4255
f 3916 4026 4024
f 4138 4024 4026
f 3917 4025 4027
f 4025 4139 4027
f 4137 4256 4025
f 4139 4025 4256
f 4026 3918 4140
f 4138 4026 4257
f 4257 4026 4140
f 4027 3919 3917
f 4027 4029 3919
f 4027 4141 4029
f 4139 4258 4027
f 4141 4027 4258
f 4028 4140 3918
f 4028 3918 3920
f 4028 3920 4142
f 4028 4142 4140
f 4030 4142 3920
f 3921 4029 4031
f 4029 4143 4031
f 4141 4260 4029
f 4143 4029 4260
f 4030 4144 4142
f 4144 4261 4142
f 3922 4032 4030
f 4032 4144 4030
f 4031 3923 3921
f 4031 4033 3923
f 4031 4145 4033
f 4143 4262 4031
f 4145 4031 4262
f 4032 4146 4144
f 4263 4144 4146
f 3924 4034 4032
f 4034 4146 4032
f 4033 3925 3923
f 4033 4147 3925
f 4033 4264 4147
f 4033 4145 4264
f 4034 4148 4146
f 4265 4146 4148
f 3926 4036 4034
f 4036 4148 4034
f 4035 3925 4147
f 4035 3927 3925
f 4035 4149 3927
f 4035 4147 4149
f 4147 4266 4149
f 4036 3928 4150
f 4036 4150 4148
f 4150 4267 4148
f 4037 3927 4149
f 4037 4149 4151
f 4151 4039 4037
f 4039 3929 4037
f 4149 4268 4151
f 4038 4150 3928
f 3930 4040 4038
f 4152 4038 4040
f 4038 4269 4150
f 4038 4152 4269
f 4039 4151 4153
f 4153 4041 4039
f 4041 3931 4039
f 4154 4040 3932
f 4271 4040 4154
f 4271 4152 4040
f 4043 4041 4155
f 4043 3933 4041
f 4041 4153 4155
f 4042 4154 3932
f 4042 4156 4154
f 4042 4044 4156
f 4042 3934 4044
f 4043 4155 4157
f 4157 4045 4043
f 4045 3935 4043
f 4044 3936 4047
f 4158 4044 4047
f 4156 4044 4275
f 4044 4158 4275
f 4045 4157 4159
f 4159 4048 4045
f 4048 3937 4045
f 4276 4159 4157
f 4047 3936 4046
f 4047 4046 4161
f 4050 4161 4046
f 4050 4046 3938
f 4161 4278 4047
f 4278 4158 4047
f 4048 4159 4162
f 4162 4051 4048
f 4051 3939 4048
f 4162 4163 4052
f 4279 4162 4159
f 4279 4159 4160
f 4279 4160 4163
f 4279 4163 4162
f 4049 4050 3938
f 4049 4167 4050
f 4049 3940 4166
f 4049 4166 4167
f 4167 4284 4050
f 4161 4050 4284
f 4162 4052 4051
f 4051 4052 3941
f 4052 4163 4168
f 4168 4055 4052
f 4052 4055 3941
f 4056 4168 4169
f 4053 4168 4163
f 4053 4163 4164
f 4053 4164 4169
f 4053 4169 4168
f 4285 4169 4164
f 4285 4170 4169
f 4054 4166 3940
f 4054 3942 4172
f 4166 4054 4290
f 4054 4172 4290
f 4291 4167 4166
f 4168 4056 4055
f 3944 4055 4056
f 3944 3943 4055
f 4173 4056 4057
f 4057 4056 4169
f 4173 4059 4056
f 4056 4059 3944
f 4173 4057 4060
f 4174 4060 4057
f 4057 4169 4170
f 4057 4170 4174
f 4292 4174 4170
f 4292 4170 4171
f 4292 4171 4175
f 4292 4175 4174
f 4293 4175 4171
f 4058 4172 3942
f 4058 3942 3945
f 4058 3945 4177
f 4058 4177 4172
f 4062 4177 3945
f 4177 4297 4172
f 4173 4060 4059
f 4059 4060 3947
f 4178 4060 4174
f 4178 4063 4060
f 3947 4060 4063
f 4064 4178 4179
f 4061 4178 4174
f 4061 4174 4175
f 4061 4175 4179
f 4061 4179 4178
f 4298 4179 4175
f 4298 4180 4179
f 4062 3949 4181
f 4066 4181 3949
f 4066 3949 3948
f 4181 4303 4062
f 4303 4177 4062
f 4063 3950 3947
f 4178 4064 4063
f 3951 4063 4064
f 3951 4067 4063
f 4067 3950 4063
f 3951 4064 4068
f 4182 4068 4064
f 4064 4179 4182
f 4304 4182 4179
f 4304 4179 4180
f 4304 4180 4183
f 4304 4183 4182
f 4065 4066 3948
f 4188 4066 4065
f 4065 3952 4187
f 4188 4065 4187
f 4188 4309 4066
f 4309 4181 4066
f 3951 4068 4067
f 4067 4068 3954
f 4189 4068 4069
f 4069 4068 4182
f 4189 4071 4068
f 4068 4071 3954
f 4189 4069 4072
f 4190 4072 4069
f 4069 4182 4183
f 4069 4183 4190
f 4073 4190 4191
f 4310 4190 4183
f 4310 4183 4184
f 4310 4184 4191
f 4310 4191 4190
f 4311 4192 4191
f 4312 4193 4192
f 4313 4194 4193
f 3956 4195 4070
f 4195 3956 4078
f 3955 4078 3956
f 3952 4070 4187
f 4187 4070 4196
f 4070 4195 4196
f 4315 4188 4187
f 4189 4072 4071
f 4071 4072 3958
f 4072 4190 4073
f 3959 4072 4073
f 4072 3959 3958
f 3960 4073 4074
f 4074 4073 4191
f 3960 4080 4073
f 3959 4073 4080
f 4074 4192 4197
f 4197 4081 4074
f 3960 4074 4081
f 4074 4191 4192
f 4198 4075 4076
f 4075 4193 4076
f 4198 4082 4075
f 4082 4197 4075
f 4075 4197 4192
f 4075 4192 4193
f 4198 4076 4083
f 4083 4076 4199
f 4076 4193 4194
f 4076 4194 4199
f 4084 4199 4200
f 4316 4199 4194
f 4316 4200 4199
f 4085 4200 4201
f 4317 4201 4200
f 4086 4201 4202
f 4201 4318 4202
f 4087 4203 3962
f 4087 4202 4203
f 4088 4204 3963
f 4088 3963 3962
f 4088 3962 4203
f 4088 4203 4204
f 4089 3964 3963
f 4089 3963 4204
f 4090 4206 3965
f 4090 3965 3964
f 3966 4207 4077
f 4091 4207 3966
f 4091 3966 3965
f 4091 3965 4206
f 4091 4206 4207
f 3955 4077 4078
f 4078 4077 4208
f 4077 4207 4208
f 4195 4078 4319
f 4078 4208 4319
f 4080 3968 3959
f 3960 4081 4080
f 4081 3969 4080
f 4197 4082 4081
f 4082 3970 4081
f 4198 4083 4082
f 4083 3971 4082
f 4199 4084 4083
f 4084 3972 4083
f 4200 4085 4084
f 4085 3973 4084
f 4201 4086 4085
f 4086 3974 4085
f 4202 4087 4086
f 4087 3961 4086
f 4203 4322 4204
f 4090 3964 4089
f 4205 4090 4089
f 4204 4323 4089
f 4205 4089 4323
f 4205 4324 4090
f 4090 4324 4206
f 4206 4325 4207
f 4207 4326 4208
f 4211 4098 4099
f 4100 4212 4099
f 4101 4213 4100
f 4102 4214 4101
f 4103 4215 4102
f 4104 4216 4103
f 4105 4217 4104
f 4219 4106 4107
f 4097 4210 4209
f 4210 4329 4209
f 4209 4328 4107
f 4209 4329 4328
f 4098 4211 4210
f 4211 4330 4210
f 4210 4330 4329
f 4099 4212 4211
f 4211 4212 4331
f 4211 4331 4330
f 4212 4100 4213
f 4212 4213 4332
f 4212 4332 4331
f 4101 4214 4213
f 4333 4213 4214
f 4332 4213 4333
f 4102 4215 4214
f 4215 4334 4214
f 4214 4334 4333
f 4103 4216 4215
f 4216 4335 4215
f 4215 4335 4334
f 4104 4217 4216
f 4217 4336 4216
f 4336 4222 4216
f 4216 4222 4335
f 4105 4108 4217
f 4108 4223 4217
f 4336 4217 4223
f 4109 4224 4108
f 4219 4218 4106
f 4218 4219 4337
f 4337 4226 4218
f 4226 4110 4218
f 4219 4107 4328
f 4328 4440 4219
f 4219 4440 4337
f 4441 4328 4329
f 4442 4329 4330
f 4443 4330 4331
f 4444 4331 4332
f 4445 4332 4333
f 4220 4338 4333
f 4220 4333 4334
f 4220 4334 4339
f 4220 4339 4338
f 4221 4339 4334
f 4221 4334 4335
f 4221 4335 4340
f 4221 4340 4339
f 4222 4336 4223
f 4222 4223 4341
f 4222 4340 4335
f 4222 4341 4340
f 4108 4224 4223
f 4224 4342 4223
f 4223 4342 4341
f 4111 4227 4224
f 4342 4224 4227
f 4226 4225 4110
f 4226 4343 4225
f 4343 4228 4225
f 4228 4112 4225
f 4226 4337 4446
f 4226 4446 4343
f 4450 4339 4340
f 4451 4340 4341
f 4451 4341 4345
f 4346 4342 4227
f 4452 4345 4341
f 4452 4341 4342
f 4452 4342 4346
f 4452 4346 4345
f 4227 4111 4113
f 4227 4113 4229
f 4346 4227 4229
f 4228 4116 4112
f 4347 4116 4228
f 4347 4231 4116
f 4115 4116 4231
f 4343 4348 4228
f 4347 4228 4348
f 4229 4113 4230
f 4229 4230 4350
f 4229 4349 4346
f 4229 4350 4349
f 4117 4232 4230
f 4232 4350 4230
f 4115 4231 4119
f 4351 4119 4231
f 4351 4233 4119
f 4347 4352 4231
f 4351 4231 4352
f 4232 4353 4350
f 4349 4350 4459
f 4459 4350 4353
f 4117 4120 4232
f 4120 4234 4232
f 4234 4353 4232
f 4121 4235 4120
f 4354 4122 4233
f 4354 4237 4122
f 4351 4355 4233
f 4354 4233 4355
f 4120 4235 4234
f 4356 4234 4235
f 4234 4463 4353
f 4356 4463 4234
f 4121 4236 4235
f 4236 4357 4235
f 4357 4356 4235
f 4236 4123 4238
f 4236 4238 4357
f 4237 4240 4124
f 4358 4240 4237
f 4354 4358 4237
f 4239 4238 4123
f 4239 4359 4238
f 4466 4357 4238
f 4359 4466 4238
f 4125 4241 4239
f 4239 4241 4359
f 4240 4126 4124
f 4126 4240 4360
f 4240 4358 4467
f 4360 4240 4467
f 4241 4127 4361
f 4359 4241 4468
f 4468 4241 4361
f 4242 4126 4360
f 4126 4242 4128
f 4242 4362 4128
f 4242 4360 4362
f 4362 4244 4128
f 4469 4362 4360
f 4243 4361 4127
f 4245 4243 4129
f 4363 4243 4245
f 4363 4361 4243
f 4244 4362 4364
f 4364 4247 4244
f 4247 4130 4244
f 4471 4364 4362
f 4245 4129 4246
f 4365 4245 4246
f 4245 4472 4363
f 4365 4472 4245
f 4131 4248 4246
f 4365 4246 4248
f 4247 4250 4132
f 4366 4250 4247
f 4364 4366 4247
f 4248 4131 4249
f 4248 4249 4367
f 4365 4248 4475
f 4475 4248 4367
f 4249 4133 4251
f 4249 4251 4367
f 4134 4250 4253
f 4250 4368 4253
f 4250 4366 4476
f 4368 4250 4476
f 4252 4251 4133
f 4369 4251 4252
f 4367 4251 4477
f 4251 4369 4477
f 4252 4135 4370
f 4370 4369 4252
f 4254 4135 4136
f 4254 4370 4135
f 4137 4253 4256
f 4371 4256 4253
f 4368 4478 4253
f 4371 4253 4478
f 4136 4255 4254
f 4372 4254 4255
f 4480 4370 4254
f 4372 4480 4254
f 4373 4255 4138
f 4373 4372 4255
f 4257 4373 4138
f 4258 4139 4256
f 4374 4258 4256
f 4371 4481 4256
f 4481 4374 4256
f 4259 4257 4140
f 4376 4257 4259
f 4257 4484 4373
f 4376 4484 4257
f 4260 4141 4258
f 4377 4260 4258
f 4377 4258 4374
f 4259 4140 4142
f 4261 4259 4142
f 4378 4259 4261
f 4259 4378 4487
f 4376 4259 4487
f 4262 4143 4260
f 4379 4262 4260
f 4379 4260 4377
f 4144 4263 4261
f 4261 4263 4380
f 4261 4380 4378
f 4145 4262 4264
f 4381 4264 4262
f 4381 4262 4379
f 4263 4382 4380
f 4146 4265 4263
f 4265 4382 4263
f 4147 4264 4266
f 4264 4383 4266
f 4264 4381 4383
f 4265 4384 4382
f 4148 4267 4265
f 4265 4267 4384
f 4149 4266 4268
f 4266 4385 4268
f 4266 4383 4494
f 4385 4266 4494
f 4267 4150 4269
f 4386 4267 4269
f 4267 4386 4384
f 4268 4270 4151
f 4268 4387 4270
f 4385 4496 4268
f 4387 4268 4496
f 4152 4271 4269
f 4269 4271 4388
f 4269 4388 4386
f 4270 4153 4151
f 4153 4270 4272
f 4270 4389 4272
f 4387 4498 4270
f 4389 4270 4498
f 4271 4154 4390
f 4271 4390 4388
f 4153 4272 4155
f 4155 4272 4274
f 4272 4391 4274
f 4389 4500 4272
f 4272 4500 4391
f 4273 4390 4154
f 4273 4154 4156
f 4273 4156 4392
f 4273 4392 4390
f 4502 4390 4392
f 4274 4157 4155
f 4393 4276 4274
f 4274 4276 4157
f 4393 4274 4391
f 4275 4392 4156
f 4158 4278 4275
f 4395 4275 4278
f 4505 4392 4275
f 4395 4505 4275
f 4160 4276 4277
f 4276 4393 4277
f 4160 4159 4276
f 4277 4394 4396
f 4396 4280 4277
f 4160 4277 4280
f 4277 4393 4394
f 4397 4281 4396
f 4506 4396 4394
f 4506 4397 4396
f 4507 4398 4397
f 4161 4403 4278
f 4513 4278 4403
f 4513 4395 4278
f 4160 4280 4163
f 4396 4281 4280
f 4164 4280 4281
f 4280 4164 4163
f 4165 4281 4282
f 4282 4281 4397
f 4165 4285 4281
f 4281 4285 4164
f 4282 4398 4404
f 4404 4286 4282
f 4165 4282 4286
f 4282 4397 4398
f 4405 4287 4404
f 4283 4404 4398
f 4283 4398 4399
f 4283 4399 4405
f 4283 4405 4404
f 4288 4405 4406
f 4514 4405 4399
f 4514 4399 4400
f 4514 4400 4406
f 4514 4406 4405
f 4515 4406 4400
f 4515 4400 4401
f 4515 4401 4407
f 4515 4407 4406
f 4516 4407 4401
f 4516 4401 4402
f 4516 4402 4408
f 4516 4408 4407
f 4517 4408 4402
f 4284 4167 4409
f 4291 4409 4167
f 4161 4284 4403
f 4403 4284 4518
f 4409 4518 4284
f 4165 4286 4285
f 4285 4286 4170
f 4404 4287 4286
f 4171 4286 4287
f 4286 4171 4170
f 4287 4405 4288
f 4410 4287 4288
f 4410 4293 4287
f 4287 4293 4171
f 4410 4288 4294
f 4411 4294 4288
f 4288 4406 4411
f 4289 4411 4406
f 4289 4406 4407
f 4289 4407 4412
f 4289 4412 4411
f 4519 4412 4407
f 4519 4407 4408
f 4519 4408 4413
f 4519 4413 4412
f 4520 4413 4408
f 4166 4290 4291
f 4291 4290 4415
f 4297 4415 4290
f 4172 4297 4290
f 4415 4521 4291
f 4521 4409 4291
f 4410 4294 4293
f 4176 4293 4294
f 4176 4298 4293
f 4293 4298 4175
f 4416 4294 4411
f 4294 4416 4299
f 4176 4294 4299
f 4295 4416 4411
f 4295 4411 4412
f 4295 4412 4417
f 4295 4417 4416
f 4296 4417 4412
f 4296 4412 4413
f 4296 4413 4418
f 4296 4418 4417
f 4522 4418 4413
f 4522 4413 4414
f 4522 4414 4419
f 4522 4419 4418
f 4297 4177 4420
f 4303 4420 4177
f 4420 4524 4297
f 4524 4415 4297
f 4176 4299 4298
f 4298 4299 4180
f 4421 4299 4300
f 4300 4299 4416
f 4421 4305 4299
f 4180 4299 4305
f 4422 4300 4301
f 4301 4300 4417
f 4300 4422 4306
f 4421 4300 4306
f 4300 4416 4417
f 4423 4301 4302
f 4302 4301 4418
f 4301 4423 4307
f 4422 4301 4307
f 4301 4417 4418
f 4423 4302 4308
f 4308 4302 4424
f 4302 4418 4419
f 4302 4419 4424
f 4303 4181 4425
f 4303 4526 4420
f 4303 4425 4526
f 4180 4305 4183
f 4421 4306 4305
f 4184 4305 4306
f 4305 4184 4183
f 4306 4422 4307
f 4185 4306 4307
f 4185 4311 4306
f 4184 4306 4311
f 4307 4423 4308
f 4186 4307 4308
f 4186 4312 4307
f 4185 4307 4312
f 4426 4308 4424
f 4426 4313 4308
f 4186 4308 4313
f 4426 4427 4314
f 4527 4426 4424
f 4527 4427 4426
f 4309 4188 4428
f 4315 4428 4188
f 4309 4425 4181
f 4425 4309 4528
f 4528 4309 4428
f 4311 4191 4184
f 4185 4312 4311
f 4311 4312 4192
f 4186 4313 4312
f 4312 4313 4193
f 4426 4314 4313
f 4313 4314 4194
f 4314 4427 4429
f 4429 4316 4314
f 4314 4316 4194
f 4430 4317 4429
f 4427 4529 4429
f 4430 4429 4529
f 4187 4196 4315
f 4315 4196 4431
f 4320 4431 4196
f 4320 4196 4195
f 4431 4530 4315
f 4428 4315 4530
f 4429 4317 4316
f 4317 4200 4316
f 4201 4317 4318
f 4430 4318 4317
f 4318 4432 4202
f 4430 4531 4318
f 4432 4318 4531
f 4321 4433 4203
f 4321 4203 4202
f 4321 4202 4432
f 4321 4432 4433
f 4320 4195 4319
f 4320 4319 4435
f 4319 4208 4327
f 4319 4327 4435
f 4435 4533 4320
f 4431 4320 4533
f 4322 4203 4433
f 4204 4322 4323
f 4434 4323 4322
f 4433 4534 4322
f 4534 4434 4322
f 4205 4323 4324
f 4323 4436 4324
f 4323 4434 4535
f 4436 4323 4535
f 4206 4324 4325
f 4324 4437 4325
f 4437 4324 4436
f 4207 4325 4326
f 4438 4326 4325
f 4438 4325 4437
f 4208 4326 4327
f 4439 4327 4326
f 4439 4326 4538
f 4326 4438 4538
f 4439 4539 4327
f 4539 4435 4327
f 4328 4441 4440
f 4441 4540 4440
f 4440 4447 4337
f 4440 4540 4447
f 4329 4442 4441
f 4442 4541 4441
f 4441 4541 4540
f 4330 4443 4442
f 4443 4542 4442
f 4442 4542 4541
f 4331 4444 4443
f 4444 4543 4443
f 4443 4543 4542
f 4332 4445 4444
f 4445 4544 4444
f 4444 4544 4543
f 4333 4338 4445
f 4338 4448 4445
f 4544 4445 4448
f 4339 4449 4338
f 4446 4337 4447
f 4446 4447 4545
f 4545 4453 4446
f 4453 4343 4446
f 4635 4545 4447
f 4635 4447 4540
f 4636 4540 4541
f 4637 4541 4542
f 4638 4542 4543
f 4546 4544 4448
f 4639 4543 4544
f 4639 4544 4546
f 4338 4449 4448
f 4547 4448 4449
f 4448 4547 4546
f 4450 4449 4339
f 4450 4548 4449
f 4547 4449 4548
f 4451 4450 4340
f 4451 4344 4450
f 4344 4454 4450
f 4548 4450 4454
f 4345 4455 4451
f 4344 4451 4455
f 4456 4345 4346
f 4453 4348 4343
f 4453 4549 4348
f 4549 4457 4348
f 4457 4347 4348
f 4453 4545 4640
f 4453 4640 4549
f 4550 4548 4454
f 4644 4547 4548
f 4644 4548 4550
f 4454 4344 4455
f 4454 4455 4551
f 4454 4551 4550
f 4345 4456 4455
f 4552 4455 4456
f 4455 4552 4551
f 4349 4456 4346
f 4349 4458 4456
f 4552 4456 4458
f 4347 4457 4352
f 4460 4351 4352
f 4553 4457 4549
f 4352 4457 4461
f 4553 4461 4457
f 4553 4549 4645
f 4554 4552 4458
f 4648 4551 4552
f 4648 4552 4554
f 4349 4459 4458
f 4458 4459 4555
f 4458 4555 4554
f 4459 4353 4462
f 4459 4462 4555
f 4351 4460 4355
f 4460 4556 4355
f 4556 4464 4355
f 4354 4355 4464
f 4352 4461 4460
f 4557 4460 4461
f 4557 4556 4460
f 4649 4557 4461
f 4649 4461 4553
f 4463 4462 4353
f 4558 4462 4463
f 4555 4462 4653
f 4558 4653 4462
f 4356 4559 4463
f 4559 4558 4463
f 4465 4356 4357
f 4465 4559 4356
f 4354 4464 4358
f 4560 4358 4464
f 4556 4561 4464
f 4560 4464 4561
f 4654 4556 4557
f 4466 4465 4357
f 4562 4465 4466
f 4657 4559 4465
f 4657 4465 4562
f 4359 4563 4466
f 4563 4562 4466
f 4467 4358 4560
f 4467 4560 4564
f 4564 4469 4467
f 4469 4360 4467
f 4658 4564 4560
f 4359 4468 4563
f 4468 4361 4565
f 4661 4563 4468
f 4565 4661 4468
f 4469 4564 4566
f 4566 4471 4469
f 4471 4362 4469
f 4470 4565 4361
f 4470 4361 4363
f 4470 4363 4567
f 4470 4567 4565
f 4663 4565 4567
f 4471 4566 4568
f 4568 4473 4471
f 4473 4364 4471
f 4472 4567 4363
f 4472 4569 4567
f 4365 4474 4472
f 4472 4474 4569
f 4473 4366 4364
f 4366 4473 4570
f 4473 4568 4666
f 4570 4473 4666
f 4365 4475 4474
f 4571 4474 4475
f 4569 4474 4667
f 4474 4571 4667
f 4572 4475 4367
f 4668 4571 4475
f 4668 4475 4572
f 4367 4477 4572
f 4476 4366 4570
f 4476 4570 4573
f 4573 4478 4476
f 4478 4368 4476
f 4570 4669 4573
f 4477 4369 4574
f 4572 4477 4670
f 4670 4477 4574
f 4370 4479 4369
f 4369 4479 4574
f 4478 4573 4575
f 4575 4481 4478
f 4481 4371 4478
f 4370 4480 4479
f 4479 4480 4577
f 4479 4576 4574
f 4479 4577 4576
f 4372 4578 4480
f 4480 4578 4577
f 4483 4372 4373
f 4578 4372 4483
f 4374 4481 4579
f 4481 4575 4579
f 4675 4576 4577
f 4675 4577 4580
f 4578 4483 4581
f 4482 4580 4577
f 4482 4577 4578
f 4482 4578 4581
f 4482 4581 4580
f 4483 4373 4484
f 4375 4483 4484
f 4483 4375 4486
f 4483 4486 4581
f 4376 4487 4484
f 4487 4375 4484
f 4579 4485 4374
f 4374 4485 4377
f 4485 4582 4377
f 4485 4579 4582
f 4678 4580 4581
f 4678 4581 4583
f 4375 4487 4486
f 4487 4378 4486
f 4486 4378 4584
f 4583 4486 4584
f 4486 4583 4581
f 4488 4377 4582
f 4377 4488 4379
f 4488 4585 4379
f 4488 4582 4585
f 4489 4584 4378
f 4489 4378 4380
f 4489 4380 4586
f 4489 4586 4584
f 4681 4583 4584
f 4681 4584 4586
f 4490 4379 4585
f 4379 4490 4381
f 4490 4587 4381
f 4490 4585 4587
f 4491 4586 4380
f 4491 4380 4382
f 4493 4491 4382
f 4588 4491 4493
f 4683 4586 4491
f 4588 4683 4491
f 4492 4381 4587
f 4381 4492 4383
f 4492 4589 4383
f 4492 4587 4589
f 4493 4382 4384
f 4493 4384 4590
f 4588 4493 4685
f 4590 4685 4493
f 4494 4383 4589
f 4494 4589 4591
f 4496 4494 4591
f 4496 4385 4494
f 4495 4590 4384
f 4495 4384 4386
f 4495 4386 4592
f 4495 4592 4590
f 4687 4590 4592
f 4496 4591 4593
f 4593 4498 4496
f 4498 4387 4496
f 4497 4592 4386
f 4497 4386 4388
f 4497 4388 4595
f 4497 4595 4592
f 4595 4388 4499
f 4594 4595 4499
f 4689 4592 4595
f 4594 4689 4595
f 4498 4593 4596
f 4596 4500 4498
f 4500 4389 4498
f 4690 4596 4593
f 4499 4388 4390
f 4502 4499 4390
f 4598 4499 4502
f 4499 4598 4594
f 4501 4500 4596
f 4500 4501 4391
f 4391 4501 4503
f 4503 4501 4599
f 4501 4596 4597
f 4501 4597 4599
f 4694 4600 4599
f 4392 4505 4502
f 4505 4602 4502
f 4602 4598 4502
f 4503 4393 4391
f 4394 4503 4504
f 4503 4599 4504
f 4394 4393 4503
f 4504 4600 4603
f 4603 4506 4504
f 4504 4506 4394
f 4504 4599 4600
f 4507 4603 4604
f 4698 4603 4600
f 4698 4604 4603
f 4605 4508 4604
f 4699 4605 4604
f 4700 4606 4605
f 4505 4610 4602
f 4703 4602 4610
f 4395 4513 4505
f 4513 4610 4505
f 4603 4507 4506
f 4507 4397 4506
f 4604 4508 4507
f 4507 4508 4398
f 4399 4508 4509
f 4509 4508 4605
f 4508 4399 4398
f 4400 4509 4510
f 4510 4509 4606
f 4509 4400 4399
f 4509 4605 4606
f 4401 4510 4511
f 4511 4510 4607
f 4510 4401 4400
f 4510 4606 4607
f 4402 4511 4512
f 4608 4512 4511
f 4401 4511 4402
f 4608 4511 4607
f 4611 4517 4512
f 4512 4517 4402
f 4608 4704 4512
f 4611 4512 4704
f 4513 4403 4613
f 4513 4613 4610
f 4613 4403 4518
f 4612 4613 4518
f 4706 4612 4609
f 4706 4609 4610
f 4706 4610 4613
f 4706 4613 4612
f 4517 4611 4614
f 4614 4520 4517
f 4517 4520 4408
f 4615 4518 4409
f 4521 4615 4409
f 4615 4612 4518
f 4520 4614 4616
f 4616 4414 4520
f 4520 4414 4413
f 4614 4709 4616
f 4521 4415 4617
f 4524 4617 4415
f 4617 4710 4521
f 4710 4615 4521
f 4523 4414 4616
f 4414 4523 4419
f 4419 4523 4525
f 4523 4618 4525
f 4711 4523 4616
f 4618 4523 4711
f 4420 4619 4524
f 4712 4617 4524
f 4619 4712 4524
f 4424 4419 4525
f 4525 4620 4527
f 4424 4525 4527
f 4618 4713 4525
f 4525 4713 4620
f 4526 4619 4420
f 4526 4425 4621
f 4619 4526 4714
f 4526 4621 4714
f 4527 4622 4427
f 4527 4620 4622
f 4427 4622 4529
f 4622 4620 4715
f 4528 4621 4425
f 4528 4428 4623
f 4621 4528 4716
f 4528 4623 4716
f 4430 4529 4624
f 4622 4718 4529
f 4718 4624 4529
f 4430 4624 4531
f 4428 4530 4623
f 4431 4626 4530
f 4623 4530 4720
f 4530 4626 4720
f 4531 4627 4432
f 4624 4625 4531
f 4625 4627 4531
f 4532 4628 4433
f 4532 4433 4432
f 4532 4432 4627
f 4532 4627 4628
f 4628 4627 4721
f 4435 4629 4533
f 4539 4629 4435
f 4431 4533 4626
f 4626 4533 4722
f 4533 4629 4722
f 4628 4534 4433
f 4434 4534 4535
f 4630 4535 4534
f 4628 4723 4534
f 4630 4534 4723
f 4436 4535 4631
f 4535 4630 4631
f 4536 4632 4437
f 4536 4437 4436
f 4536 4436 4631
f 4536 4631 4632
f 4537 4633 4438
f 4537 4438 4437
f 4537 4437 4632
f 4537 4632 4633
f 4439 4538 4539
f 4539 4538 4634
f 4538 4438 4633
f 4538 4633 4634
f 4634 4726 4539
f 4539 4726 4629
f 4540 4636 4635
f 4636 4729 4635
f 4635 4641 4545
f 4635 4729 4641
f 4541 4637 4636
f 4637 4730 4636
f 4636 4730 4729
f 4542 4638 4637
f 4638 4731 4637
f 4637 4731 4730
f 4543 4639 4638
f 4639 4732 4638
f 4638 4732 4731
f 4546 4642 4639
f 4642 4732 4639
f 4547 4643 4546
f 4545 4641 4640
f 4641 4733 4640
f 4733 4645 4640
f 4549 4640 4645
f 4641 4729 4734
f 4641 4734 4733
f 4819 4729 4730
f 4820 4730 4731
f 4821 4731 4732
f 4821 4732 4736
f 4642 4546 4643
f 4737 4642 4643
f 4642 4736 4732
f 4642 4737 4736
f 4643 4547 4644
f 4738 4643 4644
f 4737 4643 4738
f 4550 4646 4644
f 4646 4738 4644
f 4551 4647 4550
f 4739 4645 4733
f 4553 4645 4650
f 4645 4739 4650
f 4822 4739 4733
f 4737 4738 4827
f 4550 4647 4646
f 4740 4646 4647
f 4646 4828 4738
f 4646 4740 4828
f 4551 4648 4647
f 4648 4741 4647
f 4740 4647 4741
f 4554 4651 4648
f 4651 4741 4648
f 4555 4652 4554
f 4649 4553 4650
f 4649 4650 4742
f 4655 4649 4742
f 4649 4655 4557
f 4650 4739 4829
f 4650 4829 4742
f 4740 4741 4833
f 4651 4554 4652
f 4743 4651 4652
f 4834 4741 4651
f 4743 4834 4651
f 4555 4653 4652
f 4744 4652 4653
f 4652 4744 4743
f 4558 4745 4653
f 4744 4653 4745
f 4656 4558 4559
f 4745 4558 4656
f 4556 4654 4561
f 4654 4746 4561
f 4746 4658 4561
f 4658 4560 4561
f 4654 4557 4655
f 4747 4654 4655
f 4747 4746 4654
f 4655 4742 4836
f 4655 4836 4747
f 4748 4745 4656
f 4744 4745 4838
f 4748 4838 4745
f 4656 4559 4657
f 4749 4656 4657
f 4749 4748 4656
f 4562 4659 4657
f 4659 4749 4657
f 4660 4562 4563
f 4750 4658 4746
f 4658 4662 4564
f 4750 4662 4658
f 4839 4750 4746
f 4839 4746 4747
f 4841 4749 4751
f 4659 4562 4660
f 4752 4659 4660
f 4659 4751 4749
f 4659 4752 4751
f 4661 4660 4563
f 4661 4753 4660
f 4660 4753 4752
f 4565 4663 4661
f 4661 4663 4753
f 4662 4566 4564
f 4662 4664 4566
f 4662 4754 4664
f 4662 4750 4842
f 4754 4662 4842
f 4755 4663 4567
f 4663 4846 4753
f 4755 4846 4663
f 4664 4568 4566
f 4568 4664 4756
f 4754 4847 4664
f 4756 4664 4847
f 4665 4755 4567
f 4665 4567 4569
f 4665 4569 4757
f 4665 4757 4755
f 4757 4849 4755
f 4569 4667 4757
f 4666 4568 4756
f 4666 4756 4758
f 4758 4669 4666
f 4570 4666 4669
f 4758 4756 4850
f 4571 4668 4667
f 4667 4668 4759
f 4667 4852 4757
f 4667 4759 4852
f 4668 4572 4760
f 4668 4760 4759
f 4669 4761 4573
f 4669 4758 4853
f 4761 4669 4853
f 4572 4670 4760
f 4763 4760 4670
f 4855 4759 4760
f 4855 4760 4763
f 4670 4574 4672
f 4763 4670 4672
f 4671 4573 4761
f 4671 4575 4573
f 4671 4764 4575
f 4671 4761 4764
f 4761 4856 4764
f 4672 4574 4576
f 4672 4576 4674
f 4765 4672 4674
f 4672 4765 4763
f 4673 4575 4764
f 4575 4673 4579
f 4673 4766 4579
f 4673 4764 4766
f 4674 4576 4675
f 4767 4674 4675
f 4674 4861 4765
f 4767 4861 4674
f 4580 4677 4675
f 4677 4767 4675
f 4676 4579 4766
f 4676 4582 4579
f 4676 4768 4582
f 4676 4766 4768
f 4862 4768 4766
f 4769 4767 4677
f 4767 4769 4863
f 4678 4677 4580
f 4678 4770 4677
f 4769 4677 4770
f 4583 4680 4678
f 4770 4678 4680
f 4679 4582 4768
f 4679 4585 4582
f 4679 4771 4585
f 4679 4768 4771
f 4864 4771 4768
f 4772 4770 4680
f 4866 4769 4770
f 4866 4770 4772
f 4680 4583 4681
f 4773 4680 4681
f 4772 4680 4773
f 4586 4683 4681
f 4683 4773 4681
f 4682 4585 4771
f 4682 4587 4585
f 4682 4774 4587
f 4682 4771 4774
f 4771 4867 4774
f 4683 4776 4773
f 4869 4772 4773
f 4869 4773 4776
f 4588 4685 4683
f 4685 4776 4683
f 4684 4587 4774
f 4684 4589 4587
f 4684 4777 4589
f 4684 4774 4777
f 4777 4686 4589
f 4774 4870 4777
f 4685 4779 4776
f 4872 4776 4779
f 4590 4687 4685
f 4687 4779 4685
f 4686 4591 4589
f 4591 4686 4688
f 4686 4780 4688
f 4777 4873 4686
f 4873 4780 4686
f 4687 4782 4779
f 4875 4779 4782
f 4592 4689 4687
f 4689 4782 4687
f 4688 4593 4591
f 4688 4780 4783
f 4783 4690 4688
f 4688 4690 4593
f 4783 4784 4691
f 4876 4783 4780
f 4876 4784 4783
f 4594 4787 4689
f 4689 4787 4782
f 4787 4594 4693
f 4786 4787 4693
f 4879 4782 4787
f 4879 4787 4786
f 4783 4691 4690
f 4597 4690 4691
f 4597 4596 4690
f 4691 4784 4788
f 4788 4694 4691
f 4597 4691 4694
f 4695 4788 4789
f 4692 4788 4784
f 4692 4784 4785
f 4692 4785 4789
f 4692 4789 4788
f 4693 4594 4598
f 4693 4598 4697
f 4791 4693 4697
f 4693 4791 4786
f 4694 4599 4597
f 4788 4695 4694
f 4694 4695 4600
f 4601 4695 4696
f 4695 4789 4696
f 4601 4698 4695
f 4600 4695 4698
f 4696 4792 4699
f 4601 4696 4699
f 4696 4789 4790
f 4696 4790 4792
f 4793 4700 4792
f 4793 4792 4882
f 4602 4697 4598
f 4602 4703 4697
f 4795 4697 4703
f 4795 4791 4697
f 4601 4699 4698
f 4699 4604 4698
f 4792 4700 4699
f 4700 4605 4699
f 4700 4701 4606
f 4793 4701 4700
f 4607 4701 4702
f 4701 4794 4702
f 4701 4607 4606
f 4701 4793 4884
f 4794 4701 4884
f 4702 4796 4608
f 4702 4608 4607
f 4794 4885 4702
f 4885 4796 4702
f 4703 4797 4795
f 4886 4795 4797
f 4610 4609 4703
f 4609 4797 4703
f 4796 4704 4608
f 4704 4798 4611
f 4796 4887 4704
f 4887 4798 4704
f 4705 4797 4609
f 4705 4609 4612
f 4705 4612 4799
f 4705 4799 4797
f 4888 4797 4799
f 4707 4611 4798
f 4707 4614 4611
f 4707 4709 4614
f 4707 4800 4709
f 4889 4707 4798
f 4800 4707 4889
f 4708 4799 4612
f 4708 4612 4615
f 4710 4708 4615
f 4801 4708 4710
f 4891 4799 4708
f 4801 4891 4708
f 4616 4709 4711
f 4802 4711 4709
f 4800 4892 4709
f 4802 4709 4892
f 4710 4617 4803
f 4801 4710 4803
f 4713 4711 4804
f 4713 4618 4711
f 4804 4711 4802
f 4712 4803 4617
f 4712 4619 4805
f 4895 4803 4712
f 4805 4895 4712
f 4713 4806 4620
f 4713 4804 4806
f 4620 4806 4715
f 4806 4804 4896
f 4714 4805 4619
f 4621 4717 4714
f 4714 4717 4807
f 4805 4714 4897
f 4807 4897 4714
f 4715 4808 4718
f 4622 4715 4718
f 4806 4898 4715
f 4715 4898 4808
f 4716 4807 4717
f 4621 4716 4717
f 4716 4623 4809
f 4807 4716 4899
f 4809 4899 4716
f 4808 4719 4718
f 4719 4624 4718
f 4719 4810 4625
f 4719 4625 4624
f 4808 4900 4719
f 4810 4719 4900
f 4720 4809 4623
f 4720 4626 4811
f 4809 4720 4901
f 4720 4811 4901
f 4810 4721 4625
f 4627 4625 4721
f 4721 4812 4628
f 4721 4810 4902
f 4812 4721 4902
f 4722 4811 4626
f 4722 4629 4813
f 4811 4722 4903
f 4722 4813 4903
f 4812 4723 4628
f 4630 4723 4814
f 4723 4812 4904
f 4723 4904 4814
f 4724 4815 4631
f 4724 4631 4630
f 4724 4630 4814
f 4724 4814 4815
f 4727 4816 4632
f 4727 4632 4631
f 4727 4631 4815
f 4727 4815 4816
f 4728 4817 4633
f 4728 4633 4632
f 4728 4632 4816
f 4728 4816 4817
f 4818 4726 4634
f 4725 4818 4634
f 4725 4634 4633
f 4725 4633 4817
f 4725 4817 4818
f 4726 4813 4629
f 4818 4906 4726
f 4813 4726 4906
f 4729 4819 4734
f 4822 4733 4734
f 4730 4820 4819
f 4820 4910 4819
f 4910 4823 4819
f 4734 4819 4823
f 4731 4821 4820
f 4821 4735 4820
f 4735 4824 4820
f 4910 4820 4824
f 4736 4825 4821
f 4735 4821 4825
f 4737 4826 4736
f 4734 4823 4822
f 4911 4822 4823
f 4911 4830 4822
f 4822 4830 4739
f 4823 4910 4824
f 4912 4823 4824
f 4911 4823 4912
f 4824 4735 4825
f 4824 4825 4913
f 4824 4913 4912
f 4825 4736 4826
f 4914 4825 4826
f 4825 4914 4913
f 4737 4827 4826
f 4827 4915 4826
f 4826 4915 4914
f 4738 4828 4827
f 4828 4916 4827
f 4827 4916 4915
f 4828 4740 4832
f 4828 4832 4916
f 4739 4830 4829
f 4917 4829 4830
f 4917 4837 4829
f 4837 4742 4829
f 4918 4830 4911
f 4830 4918 4917
f 4831 4918 4911
f 4831 4911 4912
f 4831 4912 4919
f 4831 4919 4918
f 4999 4919 4912
f 4999 4912 4913
f 4999 4913 4920
f 4999 4920 4919
f 5000 4920 4913
f 5000 4913 4914
f 5001 4914 4915
f 4915 4916 5002
f 4740 4833 4832
f 4921 4832 4833
f 5003 4916 4832
f 5003 4832 4921
f 4741 4834 4833
f 4833 4834 4922
f 4921 4833 4922
f 4743 4923 4834
f 4834 4923 4922
f 4835 4744 4924
f 4744 4835 4743
f 4835 4923 4743
f 4835 4924 4923
f 4837 4836 4742
f 4925 4836 4837
f 4925 4840 4836
f 4836 4840 4747
f 4926 4837 4917
f 4925 4837 4926
f 5004 4926 4917
f 5004 4917 4918
f 5005 4918 4919
f 5010 4922 4923
f 4744 4838 4924
f 4927 4924 4838
f 5011 4923 4924
f 5011 4924 4927
f 4748 4928 4838
f 4927 4838 4928
f 4749 4841 4748
f 4839 4747 4840
f 4839 4840 4929
f 4839 4843 4750
f 4839 4929 4843
f 4925 4930 4840
f 4840 4930 4929
f 4748 4841 4928
f 4931 4928 4841
f 4927 4928 5015
f 4931 5015 4928
f 4841 4751 4932
f 4931 4841 4932
f 4752 4844 4751
f 4845 4752 4753
f 4750 4843 4842
f 4933 4842 4843
f 4933 4847 4842
f 4847 4754 4842
f 4843 4934 4933
f 4843 4929 4934
f 4751 4844 4932
f 4931 4932 5017
f 4752 4845 4844
f 4845 4936 4844
f 4935 4932 4844
f 4936 4935 4844
f 4846 4845 4753
f 4846 4937 4845
f 4937 4848 4845
f 4845 4848 4936
f 4755 4849 4846
f 4849 4937 4846
f 4847 4933 4938
f 4850 4847 4938
f 4756 4847 4850
f 5018 4938 4933
f 4934 5018 4933
f 4937 4849 4848
f 4849 4940 4848
f 4848 4939 4936
f 4848 4940 4939
f 4757 4851 4849
f 4849 4851 4940
f 4758 4850 4941
f 4850 4938 4942
f 4941 4850 4942
f 4851 4757 4852
f 4943 4851 4852
f 4851 5023 4940
f 4943 5023 4851
f 4759 4854 4852
f 4943 4852 4854
f 4853 4758 4941
f 4853 4941 4944
f 4944 4856 4853
f 4761 4853 4856
f 4944 4941 5024
f 4945 4943 4854
f 5025 4943 4945
f 4854 4759 4855
f 4762 4854 4855
f 4854 4762 4857
f 4945 4854 4857
f 4858 4855 4763
f 4858 4762 4855
f 4856 4859 4764
f 4856 4946 4859
f 4856 4944 5026
f 4946 4856 5026
f 4762 4858 4857
f 4858 4947 4857
f 4857 5029 4945
f 4857 4947 5029
f 4765 4858 4763
f 4765 4860 4858
f 4858 4860 4947
f 4859 4766 4764
f 4859 4862 4766
f 4859 4948 4862
f 4946 5030 4859
f 4948 4859 5030
f 4860 4765 4861
f 4860 4861 4949
f 4860 5032 4947
f 4860 4949 5032
f 4767 4863 4861
f 4949 4861 4863
f 4768 4862 4864
f 4862 4950 4864
f 4948 5033 4862
f 4950 4862 5033
f 4863 4769 4865
f 4951 4863 4865
f 4949 4863 4951
f 4771 4864 4867
f 4864 4952 4867
f 4864 4950 5035
f 4952 4864 5035
f 4866 4865 4769
f 4866 4953 4865
f 4951 4865 5037
f 5037 4865 4953
f 4772 4868 4866
f 4868 4953 4866
f 4774 4867 4870
f 4867 4954 4870
f 4867 4952 5038
f 4954 4867 5038
f 4868 4955 4953
f 5040 4953 4955
f 4869 4868 4772
f 4869 4775 4868
f 4775 4871 4868
f 4955 4868 4871
f 4776 4872 4869
f 4872 4775 4869
f 4777 4870 4873
f 4956 4873 4870
f 4954 5041 4870
f 4956 4870 5041
f 4955 4871 4958
f 5044 4955 4958
f 5044 4958 4957
f 4775 4872 4871
f 4778 4871 4872
f 4871 4778 4874
f 4958 4871 4874
f 4779 4875 4872
f 4875 4778 4872
f 4873 4959 4780
f 4956 4959 4873
f 4876 4780 4959
f 4876 4959 4960
f 4956 5045 4959
f 5045 4960 4959
f 4961 4958 4874
f 5047 4958 4961
f 4778 4875 4874
f 4781 4874 4875
f 4874 4781 4878
f 4961 4874 4878
f 4782 4879 4875
f 4879 4781 4875
f 4960 4877 4876
f 4876 4877 4784
f 4962 4785 4877
f 4877 4785 4784
f 4877 4960 5048
f 4962 4877 5048
f 4781 4879 4878
f 4878 4879 4786
f 4878 4786 4965
f 4878 4964 4961
f 4878 4965 4964
f 4962 4880 4785
f 4789 4785 4880
f 4966 4790 4880
f 4789 4880 4790
f 4962 4963 4880
f 4966 4880 4963
f 4881 4965 4786
f 4881 4786 4791
f 4881 4791 4883
f 4968 4881 4883
f 4881 4968 4964
f 4881 4964 4965
f 4966 4882 4790
f 4882 4792 4790
f 4793 4882 4969
f 4966 4967 4882
f 4967 4969 4882
f 4884 4793 4969
f 4884 4969 4970
f 4969 5053 4970
f 4971 4968 4883
f 5055 4968 4971
f 4795 4883 4791
f 4795 4886 4883
f 4971 4883 4886
f 4970 4885 4884
f 4885 4794 4884
f 4885 4972 4796
f 4970 5056 4885
f 5056 4972 4885
f 4887 4796 4972
f 4973 4887 4972
f 4973 4972 5057
f 4886 4975 4971
f 5059 4971 4975
f 4797 4888 4886
f 4888 4975 4886
f 4887 4976 4798
f 4973 4976 4887
f 4889 4798 4976
f 4976 4973 5060
f 4888 4977 4975
f 5062 4975 4977
f 4799 4891 4888
f 4891 4977 4888
f 4892 4889 4978
f 4892 4800 4889
f 4976 5063 4889
f 4978 4889 5063
f 4801 4890 4891
f 4891 4890 4977
f 4890 4801 4893
f 4979 4890 4893
f 4890 5065 4977
f 4979 5065 4890
f 4892 4978 4980
f 4980 4802 4892
f 4980 4978 5066
f 4893 4801 4803
f 4895 4893 4803
f 4981 4893 4895
f 4893 4981 5068
f 4979 4893 5068
f 4894 4802 4980
f 4802 4894 4804
f 4804 4894 4896
f 4894 4982 4896
f 5069 4894 4980
f 4982 4894 5069
f 4805 4983 4895
f 4983 4981 4895
f 4896 4984 4898
f 4806 4896 4898
f 4896 4982 4984
f 4807 4986 4897
f 4807 4899 4986
f 4983 4805 4897
f 4986 5073 4897
f 5073 4983 4897
f 4898 4987 4808
f 4898 4984 4987
f 4808 4987 4900
f 4987 4984 5074
f 4809 4989 4899
f 4989 4809 4901
f 4989 4985 4899
f 4985 4986 4899
f 4990 4810 4900
f 4987 5076 4900
f 5076 4990 4900
f 4991 4901 4811
f 4991 4988 4901
f 4989 4901 4988
f 4902 4810 4990
f 4902 4992 4812
f 4902 4990 5079
f 4902 5079 4992
f 4813 4994 4903
f 4813 4906 4994
f 4991 4811 4903
f 4994 5082 4903
f 4991 4903 5082
f 4904 4812 4992
f 4904 4995 4814
f 4904 4992 5083
f 4995 4904 5083
f 4907 4996 4815
f 4907 4815 4814
f 4907 4814 4995
f 4907 4995 4996
f 4908 4997 4816
f 4908 4816 4815
f 4908 4815 4996
f 4908 4996 4997
f 4909 4998 4817
f 4909 4817 4816
f 4909 4816 4997
f 4909 4997 4998
f 4906 4818 4905
f 4993 4906 4905
f 4905 4818 4817
f 4905 4817 4998
f 4993 4905 5088
f 5088 4905 4998
f 4993 4994 4906
f 4920 5006 4919
f 5001 5000 4914
f 5001 5089 5000
f 5089 5007 5000
f 5000 5007 4920
f 4915 5002 5001
f 5002 5090 5001
f 5089 5001 5008
f 5001 5090 5008
f 4916 5003 5002
f 5003 5091 5002
f 5002 5091 5090
f 5003 4921 5092
f 5003 5092 5091
f 4922 5009 4921
f 5012 4925 4926
f 5005 5004 4918
f 5005 5093 5004
f 5013 5004 5093
f 5004 5013 4926
f 4919 5006 5005
f 5006 5094 5005
f 5005 5094 5093
f 4920 5007 5006
f 5007 5095 5006
f 5006 5095 5094
f 5007 5089 5008
f 5096 5007 5008
f 5007 5096 5095
f 5174 5096 5008
f 5174 5008 5090
f 5091 5175 5090
f 5092 4921 5009
f 5176 5091 5092
f 5010 5009 4922
f 5010 5097 5009
f 5092 5009 5177
f 5009 5097 5177
f 4923 5011 5010
f 5011 5098 5010
f 5010 5098 5097
f 5011 4927 5014
f 5011 5014 5098
f 4925 5012 4930
f 5016 4929 4930
f 4926 5013 5012
f 5100 5012 5013
f 4930 5012 5099
f 5100 5099 5012
f 5013 5093 5178
f 5013 5178 5100
f 5179 5093 5094
f 5095 5180 5094
f 5183 5097 5098
f 5183 5098 5101
f 4927 5015 5014
f 5102 5014 5015
f 5014 5101 5098
f 5014 5102 5101
f 4931 5103 5015
f 5102 5015 5103
f 5017 5103 4931
f 4929 5016 4934
f 4930 5099 5016
f 5016 5099 5104
f 4934 5016 5019
f 5016 5104 5019
f 5184 5104 5099
f 5184 5099 5100
f 4932 4935 5017
f 5017 4935 5105
f 5017 5189 5103
f 5017 5105 5189
f 5020 4935 4936
f 4935 5020 5105
f 4934 5019 5018
f 5018 5019 5106
f 5018 5021 4938
f 5018 5106 5021
f 5019 5104 5107
f 5019 5107 5106
f 5020 4936 4939
f 5020 4939 5108
f 5020 5192 5105
f 5020 5108 5192
f 5022 4939 4940
f 5022 5108 4939
f 5021 4942 4938
f 5109 4942 5021
f 5109 5024 4942
f 5024 4941 4942
f 5021 5106 5110
f 5109 5021 5110
f 5022 4940 5023
f 5022 5023 5111
f 5022 5196 5108
f 5022 5111 5196
f 4943 5025 5023
f 5025 5111 5023
f 5112 5024 5109
f 4944 5024 5027
f 5112 5027 5024
f 5197 5112 5109
f 5025 4945 5028
f 5113 5025 5028
f 5200 5111 5025
f 5113 5200 5025
f 4944 5027 5026
f 5027 5114 5026
f 5114 5030 5026
f 5030 4946 5026
f 5027 5112 5115
f 5027 5115 5114
f 5028 4945 5029
f 5028 5029 5116
f 5113 5028 5202
f 5028 5116 5202
f 5031 5029 4947
f 5029 5031 5116
f 5030 5114 5117
f 5033 5030 5117
f 5033 4948 5030
f 5203 5117 5114
f 5031 4947 5032
f 5031 5032 5118
f 5031 5204 5116
f 5031 5118 5204
f 4949 5034 5032
f 5034 5118 5032
f 5119 5033 5117
f 5119 5035 5033
f 4950 5033 5035
f 4949 4951 5034
f 5034 4951 5036
f 5120 5034 5036
f 5034 5120 5118
f 4952 5035 5038
f 5035 5121 5038
f 5035 5119 5121
f 4951 5037 5036
f 5037 5123 5036
f 5036 5122 5120
f 5036 5123 5122
f 4953 5040 5037
f 5040 5123 5037
f 4954 5038 5041
f 5124 5041 5038
f 5038 5121 5124
f 5040 5126 5123
f 5039 5125 5122
f 5039 5122 5123
f 5039 5123 5126
f 5039 5126 5125
f 4955 5044 5040
f 5044 5126 5040
f 5124 5127 5041
f 5127 4956 5041
f 5127 5124 5211
f 5042 5126 5044
f 5042 5044 4957
f 5042 4957 5130
f 5042 5130 5126
f 5043 5129 5125
f 5043 5125 5126
f 5043 5126 5130
f 5043 5130 5129
f 4958 5047 4957
f 5127 5045 4956
f 5045 5131 4960
f 5127 5128 5045
f 5128 5131 5045
f 5048 4960 5131
f 5048 5131 5132
f 5132 5131 5213
f 4957 5047 5130
f 5047 5134 5130
f 5046 5133 5129
f 5046 5129 5130
f 5046 5130 5134
f 5046 5134 5133
f 5050 5047 4961
f 5050 5134 5047
f 5132 5049 5048
f 5049 4962 5048
f 5049 5135 4963
f 5049 4963 4962
f 5049 5132 5215
f 5135 5049 5215
f 5050 5137 5134
f 5217 5136 5133
f 5217 5133 5134
f 5217 5134 5137
f 5217 5137 5136
f 4964 5050 4961
f 4964 5052 5050
f 5137 5050 5052
f 5135 5051 4963
f 5051 4966 4963
f 5051 5138 4967
f 5051 4967 4966
f 5218 5051 5135
f 5218 5138 5051
f 5137 5052 5140
f 5220 5139 5136
f 5220 5136 5137
f 5220 5137 5140
f 5220 5140 5139
f 5052 4964 4968
f 5055 5052 4968
f 5140 5052 5055
f 5138 5053 4967
f 4969 4967 5053
f 4970 5053 5141
f 5053 5138 5221
f 5141 5053 5221
f 5056 4970 5141
f 5056 5141 5142
f 5142 5141 5222
f 5223 5139 5143
f 5144 5054 5055
f 5055 5054 5140
f 5054 5144 5058
f 5143 5054 5058
f 5054 5143 5139
f 5054 5139 5140
f 4971 5059 5055
f 5059 5144 5055
f 5142 5057 5056
f 4972 5056 5057
f 5057 5145 4973
f 5142 5224 5057
f 5224 5145 5057
f 5144 5059 5058
f 4974 5058 5059
f 5058 4974 5061
f 5146 5058 5061
f 5058 5146 5143
f 4975 5062 5059
f 5062 4974 5059
f 5145 5060 4973
f 5060 5147 5063
f 4976 5060 5063
f 5060 5145 5226
f 5060 5226 5147
f 4974 5062 5061
f 5062 5149 5061
f 5061 5148 5146
f 5061 5149 5148
f 4977 5065 5062
f 5065 5149 5062
f 5147 5064 5063
f 5063 5064 4978
f 4978 5064 5066
f 5064 5150 5066
f 5064 5147 5228
f 5150 5064 5228
f 5065 5152 5149
f 5230 5151 5148
f 5230 5148 5149
f 5230 5149 5152
f 5230 5152 5151
f 4979 5068 5065
f 5068 5152 5065
f 5066 5153 5069
f 4980 5066 5069
f 5066 5150 5153
f 5067 5152 5068
f 5067 5068 4981
f 5067 4981 5070
f 5154 5067 5070
f 5067 5154 5151
f 5067 5151 5152
f 5069 5153 5155
f 5155 4982 5069
f 5155 5153 5233
f 5157 5154 5070
f 5156 5157 5072
f 5154 5157 5235
f 5156 5235 5157
f 4983 5070 4981
f 4983 5073 5070
f 5157 5070 5073
f 5071 4982 5155
f 4982 5071 4984
f 4984 5071 5074
f 5071 5158 5074
f 5236 5071 5155
f 5158 5071 5236
f 5160 5156 5072
f 5159 5160 5075
f 5237 5156 5160
f 5237 5160 5159
f 5157 5073 5072
f 4986 5072 5073
f 4986 4985 5072
f 5160 5072 4985
f 5074 5161 5076
f 4987 5074 5076
f 5074 5158 5161
f 5159 5075 5163
f 5162 5163 5078
f 5159 5163 5240
f 5162 5240 5163
f 5160 4985 5075
f 4985 4989 5075
f 4989 4988 5075
f 4988 5163 5075
f 5161 5077 5076
f 5077 4990 5076
f 5079 4990 5077
f 5079 5077 5164
f 5241 5077 5161
f 5241 5164 5077
f 5165 5166 5081
f 5245 5166 5165
f 5163 4988 5078
f 5078 4988 4991
f 5078 4991 5082
f 5166 5078 5082
f 5166 5162 5078
f 5079 5080 4992
f 5079 5164 5080
f 5083 4992 5080
f 5083 5080 5167
f 5246 5080 5164
f 5246 5167 5080
f 5171 5165 5081
f 5088 5170 5171
f 5250 5165 5171
f 5250 5171 5170
f 5166 5082 5081
f 5081 5082 4994
f 5081 4994 4993
f 5171 5081 4993
f 5084 5083 5167
f 5084 4995 5083
f 4996 5084 5172
f 5084 5168 5172
f 5084 4996 4995
f 5084 5167 5168
f 4997 5173 5087
f 5173 5169 5087
f 5085 5173 4997
f 5085 4997 4996
f 5085 4996 5172
f 5085 5172 5173
f 5086 5172 5168
f 5086 5168 5169
f 5086 5169 5173
f 5086 5173 5172
f 5088 4998 5087
f 5088 5087 5170
f 5087 4998 4997
f 5087 5169 5170
f 5171 4993 5088
f 5181 5095 5096
f 5090 5175 5174
f 5174 5175 5252
f 5174 5251 5096
f 5174 5252 5251
f 5091 5176 5175
f 5253 5175 5176
f 5175 5253 5252
f 5092 5177 5176
f 5177 5254 5176
f 5253 5176 5254
f 5097 5182 5177
f 5182 5254 5177
f 5093 5179 5178
f 5179 5255 5178
f 5178 5185 5100
f 5178 5255 5185
f 5094 5180 5179
f 5256 5179 5180
f 5179 5256 5255
f 5181 5180 5095
f 5257 5180 5181
f 5180 5257 5256
f 5181 5096 5251
f 5258 5181 5251
f 5181 5258 5257
f 5258 5251 5318
f 5252 5318 5251
f 5253 5254 5320
f 5182 5097 5183
f 5182 5183 5259
f 5182 5321 5254
f 5182 5259 5321
f 5183 5101 5186
f 5183 5186 5259
f 5102 5187 5101
f 5188 5102 5103
f 5184 5100 5185
f 5184 5185 5262
f 5262 5190 5184
f 5104 5184 5190
f 5185 5255 5322
f 5185 5322 5262
f 5186 5101 5187
f 5260 5186 5187
f 5327 5259 5186
f 5260 5327 5186
f 5187 5102 5188
f 5261 5187 5188
f 5260 5187 5328
f 5261 5328 5187
f 5189 5188 5103
f 5189 5263 5188
f 5261 5188 5329
f 5188 5263 5329
f 5189 5105 5191
f 5189 5191 5263
f 5104 5190 5107
f 5193 5106 5107
f 5107 5190 5194
f 5190 5264 5194
f 5262 5264 5190
f 5192 5191 5105
f 5192 5265 5191
f 5263 5191 5332
f 5265 5332 5191
f 5195 5192 5108
f 5192 5195 5265
f 5106 5193 5110
f 5197 5109 5110
f 5107 5194 5193
f 5193 5194 5266
f 5110 5193 5198
f 5193 5266 5198
f 5333 5266 5194
f 5333 5194 5264
f 5195 5108 5196
f 5195 5196 5267
f 5335 5265 5195
f 5335 5195 5267
f 5196 5111 5199
f 5196 5199 5267
f 5110 5198 5197
f 5197 5198 5268
f 5201 5197 5268
f 5197 5201 5112
f 5198 5266 5269
f 5198 5269 5268
f 5199 5111 5200
f 5199 5200 5270
f 5337 5267 5199
f 5337 5199 5270
f 5113 5202 5200
f 5200 5202 5270
f 5112 5201 5115
f 5271 5115 5201
f 5271 5203 5115
f 5203 5114 5115
f 5201 5272 5271
f 5201 5268 5272
f 5272 5268 5338
f 5202 5116 5274
f 5202 5273 5270
f 5274 5273 5202
f 5203 5271 5275
f 5275 5205 5203
f 5203 5205 5117
f 5341 5275 5271
f 5341 5271 5272
f 5204 5274 5116
f 5204 5276 5274
f 5343 5274 5276
f 5206 5204 5118
f 5206 5276 5204
f 5117 5205 5119
f 5277 5205 5275
f 5119 5205 5207
f 5205 5277 5207
f 5344 5277 5275
f 5206 5118 5120
f 5206 5120 5208
f 5206 5208 5278
f 5206 5278 5276
f 5119 5207 5121
f 5121 5207 5209
f 5207 5279 5209
f 5207 5277 5279
f 5208 5280 5278
f 5208 5120 5122
f 5122 5210 5208
f 5280 5208 5210
f 5121 5209 5124
f 5124 5209 5211
f 5209 5281 5211
f 5209 5279 5281
f 5210 5282 5280
f 5125 5210 5122
f 5125 5212 5210
f 5212 5282 5210
f 5211 5283 5128
f 5127 5211 5128
f 5211 5281 5283
f 5212 5284 5282
f 5129 5212 5125
f 5129 5214 5212
f 5214 5284 5212
f 5213 5128 5283
f 5131 5128 5213
f 5213 5285 5132
f 5213 5283 5352
f 5213 5352 5285
f 5214 5286 5284
f 5354 5284 5286
f 5133 5214 5129
f 5133 5216 5214
f 5216 5286 5214
f 5285 5215 5132
f 5135 5215 5287
f 5285 5355 5215
f 5287 5215 5355
f 5218 5135 5287
f 5216 5288 5286
f 5357 5286 5288
f 5136 5216 5133
f 5136 5219 5216
f 5219 5288 5216
f 5218 5289 5138
f 5287 5358 5218
f 5358 5289 5218
f 5221 5138 5289
f 5219 5291 5288
f 5360 5288 5291
f 5219 5136 5139
f 5223 5219 5139
f 5223 5291 5219
f 5141 5221 5222
f 5290 5222 5221
f 5289 5290 5221
f 5222 5292 5142
f 5290 5361 5222
f 5361 5292 5222
f 5223 5293 5291
f 5362 5291 5293
f 5143 5225 5223
f 5293 5223 5225
f 5292 5224 5142
f 5224 5294 5145
f 5292 5363 5224
f 5363 5294 5224
f 5226 5145 5294
f 5293 5225 5295
f 5365 5293 5295
f 5225 5143 5146
f 5225 5146 5227
f 5295 5225 5227
f 5226 5296 5147
f 5294 5366 5226
f 5366 5296 5226
f 5147 5296 5228
f 5367 5295 5297
f 5227 5146 5148
f 5227 5148 5229
f 5297 5227 5229
f 5227 5297 5295
f 5228 5298 5150
f 5296 5368 5228
f 5228 5368 5298
f 5369 5297 5299
f 5229 5148 5151
f 5229 5151 5232
f 5299 5229 5232
f 5229 5299 5297
f 5298 5231 5150
f 5150 5231 5153
f 5153 5231 5233
f 5231 5300 5233
f 5231 5298 5370
f 5300 5231 5370
f 5371 5299 5301
f 5232 5151 5154
f 5154 5235 5232
f 5235 5301 5232
f 5232 5301 5299
f 5302 5236 5233
f 5155 5233 5236
f 5302 5233 5300
f 5156 5234 5235
f 5235 5234 5301
f 5237 5234 5156
f 5237 5303 5234
f 5234 5303 5374
f 5234 5374 5301
f 5236 5302 5304
f 5304 5158 5236
f 5304 5305 5238
f 5375 5304 5302
f 5375 5305 5304
f 5237 5159 5307
f 5237 5307 5303
f 5159 5240 5307
f 5306 5307 5240
f 5377 5303 5307
f 5377 5307 5306
f 5304 5238 5158
f 5158 5238 5161
f 5238 5308 5241
f 5238 5241 5161
f 5238 5305 5308
f 5309 5308 5378
f 5162 5239 5240
f 5306 5240 5239
f 5162 5245 5239
f 5245 5313 5239
f 5306 5239 5383
f 5383 5239 5313
f 5242 5241 5308
f 5241 5242 5164
f 5242 5309 5314
f 5314 5246 5242
f 5242 5246 5164
f 5242 5308 5309
f 5247 5314 5315
f 5243 5314 5309
f 5243 5309 5310
f 5243 5310 5315
f 5243 5315 5314
f 5248 5315 5316
f 5384 5315 5310
f 5384 5316 5315
f 5249 5316 5317
f 5385 5312 5317
f 5385 5317 5316
f 5245 5165 5244
f 5245 5244 5313
f 5244 5165 5250
f 5317 5244 5250
f 5317 5312 5244
f 5244 5312 5313
f 5162 5166 5245
f 5314 5247 5246
f 5247 5167 5246
f 5315 5248 5247
f 5248 5168 5247
f 5168 5167 5247
f 5316 5249 5248
f 5249 5169 5248
f 5168 5248 5169
f 5317 5250 5249
f 5249 5250 5170
f 5169 5249 5170
f 5253 5319 5252
f 5323 5255 5256
f 5257 5324 5256
f 5258 5325 5257
f 5252 5319 5318
f 5318 5319 5387
f 5258 5318 5386
f 5318 5387 5386
f 5319 5253 5320
f 5388 5319 5320
f 5319 5388 5387
f 5254 5321 5320
f 5320 5321 5389
f 5320 5389 5388
f 5321 5259 5326
f 5321 5326 5389
f 5255 5323 5322
f 5323 5390 5322
f 5390 5330 5322
f 5330 5262 5322
f 5256 5324 5323
f 5391 5323 5324
f 5390 5323 5331
f 5323 5391 5331
f 5324 5257 5325
f 5392 5324 5325
f 5391 5324 5392
f 5325 5258 5386
f 5393 5325 5386
f 5325 5393 5392
f 5393 5386 5445
f 5445 5386 5387
f 5327 5326 5259
f 5394 5326 5327
f 5448 5389 5326
f 5394 5448 5326
f 5260 5328 5327
f 5328 5395 5327
f 5394 5327 5395
f 5261 5329 5328
f 5328 5329 5396
f 5395 5328 5396
f 5329 5263 5397
f 5329 5397 5396
f 5262 5330 5264
f 5390 5331 5330
f 5330 5331 5398
f 5264 5330 5334
f 5330 5398 5334
f 5331 5391 5399
f 5331 5399 5398
f 5450 5391 5392
f 5263 5332 5397
f 5396 5397 5454
f 5265 5401 5332
f 5400 5397 5332
f 5401 5400 5332
f 5264 5334 5333
f 5334 5402 5333
f 5402 5336 5333
f 5333 5336 5266
f 5334 5398 5403
f 5334 5403 5402
f 5335 5401 5265
f 5404 5401 5335
f 5401 5404 5457
f 5335 5267 5405
f 5404 5335 5405
f 5266 5336 5269
f 5338 5268 5269
f 5269 5336 5339
f 5336 5406 5339
f 5402 5406 5336
f 5337 5405 5267
f 5337 5407 5405
f 5404 5405 5460
f 5405 5407 5460
f 5337 5270 5340
f 5337 5340 5407
f 5269 5339 5338
f 5408 5338 5339
f 5272 5338 5342
f 5408 5342 5338
f 5461 5408 5339
f 5406 5461 5339
f 5340 5270 5273
f 5340 5273 5409
f 5462 5407 5340
f 5462 5340 5409
f 5274 5343 5273
f 5343 5409 5273
f 5272 5342 5341
f 5410 5341 5342
f 5410 5344 5341
f 5344 5275 5341
f 5342 5408 5463
f 5410 5342 5463
f 5343 5276 5345
f 5411 5343 5345
f 5411 5409 5343
f 5344 5410 5412
f 5412 5346 5344
f 5344 5346 5277
f 5466 5412 5410
f 5345 5276 5278
f 5347 5345 5278
f 5413 5345 5347
f 5345 5413 5411
f 5277 5346 5279
f 5414 5346 5412
f 5279 5346 5348
f 5348 5346 5414
f 5468 5414 5412
f 5347 5278 5280
f 5349 5347 5280
f 5415 5347 5349
f 5413 5347 5469
f 5415 5469 5347
f 5279 5348 5281
f 5281 5348 5350
f 5348 5416 5350
f 5348 5414 5416
f 5349 5280 5282
f 5351 5349 5282
f 5417 5349 5351
f 5415 5349 5471
f 5417 5471 5349
f 5283 5281 5350
f 5418 5352 5350
f 5283 5350 5352
f 5418 5350 5416
f 5351 5282 5284
f 5354 5351 5284
f 5419 5351 5354
f 5417 5351 5473
f 5419 5473 5351
f 5353 5352 5418
f 5353 5285 5352
f 5355 5285 5353
f 5355 5353 5420
f 5474 5353 5418
f 5474 5420 5353
f 5286 5357 5354
f 5421 5354 5357
f 5419 5354 5421
f 5355 5356 5287
f 5355 5420 5356
f 5356 5422 5358
f 5356 5358 5287
f 5420 5477 5356
f 5477 5422 5356
f 5357 5423 5421
f 5288 5360 5357
f 5360 5423 5357
f 5422 5359 5358
f 5289 5358 5359
f 5359 5424 5290
f 5289 5359 5290
f 5422 5479 5359
f 5479 5424 5359
f 5360 5425 5423
f 5291 5362 5360
f 5360 5362 5425
f 5424 5361 5290
f 5361 5426 5292
f 5424 5481 5361
f 5481 5426 5361
f 5363 5292 5426
f 5293 5365 5362
f 5365 5428 5362
f 5362 5428 5425
f 5363 5364 5294
f 5427 5364 5363
f 5426 5427 5363
f 5364 5429 5366
f 5364 5366 5294
f 5364 5427 5484
f 5429 5364 5484
f 5295 5367 5365
f 5367 5430 5365
f 5428 5365 5430
f 5366 5431 5296
f 5366 5429 5431
f 5368 5296 5431
f 5431 5429 5486
f 5369 5367 5297
f 5369 5432 5367
f 5430 5367 5432
f 5368 5433 5298
f 5431 5488 5368
f 5488 5433 5368
f 5298 5433 5370
f 5371 5369 5299
f 5371 5434 5369
f 5434 5432 5369
f 5370 5435 5300
f 5433 5491 5370
f 5370 5491 5435
f 5371 5436 5434
f 5492 5434 5436
f 5301 5374 5371
f 5374 5436 5371
f 5372 5300 5435
f 5372 5302 5300
f 5372 5437 5375
f 5372 5375 5302
f 5493 5372 5435
f 5493 5437 5372
f 5373 5436 5374
f 5373 5374 5303
f 5377 5373 5303
f 5377 5438 5373
f 5494 5436 5373
f 5494 5373 5438
f 5375 5376 5305
f 5375 5437 5376
f 5305 5376 5378
f 5378 5376 5439
f 5495 5376 5437
f 5495 5439 5376
f 5377 5306 5444
f 5377 5444 5438
f 5306 5383 5444
f 5383 5443 5444
f 5438 5444 5500
f 5443 5500 5444
f 5378 5308 5305
f 5309 5378 5379
f 5378 5439 5379
f 5310 5379 5380
f 5379 5440 5380
f 5379 5310 5309
f 5379 5439 5440
f 5311 5380 5381
f 5380 5441 5381
f 5311 5384 5380
f 5380 5384 5310
f 5380 5440 5441
f 5312 5381 5382
f 5381 5442 5382
f 5381 5312 5385
f 5311 5381 5385
f 5381 5441 5442
f 5382 5443 5383
f 5382 5383 5313
f 5382 5313 5312
f 5382 5442 5443
f 5311 5385 5384
f 5385 5316 5384
f 5388 5446 5387
f 5389 5447 5388
f 5392 5393 5451
f 5445 5387 5446
f 5445 5446 5501
f 5393 5445 5452
f 5445 5501 5452
f 5446 5388 5447
f 5502 5446 5447
f 5446 5502 5501
f 5448 5447 5389
f 5448 5503 5447
f 5447 5503 5502
f 5394 5504 5448
f 5448 5504 5503
f 5449 5395 5505
f 5395 5449 5394
f 5449 5504 5394
f 5449 5505 5504
f 5453 5396 5506
f 5396 5453 5395
f 5453 5505 5395
f 5453 5506 5505
f 5391 5450 5399
f 5455 5398 5399
f 5392 5451 5450
f 5507 5450 5451
f 5399 5450 5456
f 5450 5507 5456
f 5451 5393 5452
f 5508 5451 5452
f 5451 5508 5507
f 5555 5508 5452
f 5555 5452 5501
f 5503 5504 5558
f 5559 5504 5505
f 5506 5396 5454
f 5506 5560 5505
f 5397 5400 5454
f 5454 5400 5509
f 5506 5454 5561
f 5454 5509 5561
f 5401 5457 5400
f 5400 5457 5509
f 5398 5455 5403
f 5458 5402 5403
f 5399 5456 5455
f 5455 5456 5510
f 5403 5455 5459
f 5455 5510 5459
f 5456 5507 5511
f 5456 5511 5510
f 5562 5507 5508
f 5457 5404 5512
f 5457 5564 5509
f 5457 5512 5564
f 5512 5404 5460
f 5402 5458 5406
f 5403 5459 5458
f 5514 5458 5459
f 5406 5458 5513
f 5514 5513 5458
f 5565 5514 5459
f 5565 5459 5510
f 5460 5407 5515
f 5512 5460 5569
f 5515 5569 5460
f 5406 5513 5461
f 5461 5513 5516
f 5461 5464 5408
f 5461 5516 5464
f 5570 5516 5513
f 5570 5513 5514
f 5462 5515 5407
f 5462 5517 5515
f 5517 5572 5515
f 5465 5462 5409
f 5462 5465 5517
f 5408 5464 5463
f 5464 5518 5463
f 5518 5466 5463
f 5466 5410 5463
f 5464 5516 5573
f 5464 5573 5518
f 5465 5409 5411
f 5465 5411 5520
f 5519 5465 5520
f 5465 5519 5517
f 5466 5518 5521
f 5521 5468 5466
f 5468 5412 5466
f 5576 5521 5518
f 5467 5520 5411
f 5467 5411 5413
f 5467 5413 5522
f 5467 5522 5520
f 5519 5520 5577
f 5577 5520 5522
f 5469 5522 5413
f 5468 5521 5523
f 5523 5470 5468
f 5470 5414 5468
f 5521 5578 5523
f 5469 5524 5522
f 5415 5471 5469
f 5469 5471 5524
f 5414 5470 5416
f 5470 5523 5525
f 5525 5472 5470
f 5472 5416 5470
f 5580 5525 5523
f 5417 5473 5471
f 5473 5526 5471
f 5524 5471 5526
f 5472 5418 5416
f 5472 5525 5527
f 5527 5474 5472
f 5474 5418 5472
f 5525 5582 5527
f 5473 5419 5528
f 5526 5473 5528
f 5474 5475 5420
f 5474 5527 5475
f 5420 5475 5477
f 5529 5477 5475
f 5584 5475 5527
f 5529 5475 5584
f 5476 5528 5419
f 5476 5419 5421
f 5476 5421 5530
f 5476 5530 5528
f 5528 5530 5585
f 5477 5531 5422
f 5529 5531 5477
f 5422 5531 5479
f 5531 5529 5586
f 5478 5530 5421
f 5478 5421 5423
f 5480 5478 5423
f 5532 5478 5480
f 5587 5530 5478
f 5532 5587 5478
f 5479 5533 5424
f 5531 5588 5479
f 5588 5533 5479
f 5481 5424 5533
f 5480 5423 5425
f 5480 5425 5482
f 5534 5480 5482
f 5532 5480 5590
f 5534 5590 5480
f 5481 5535 5426
f 5533 5591 5481
f 5591 5535 5481
f 5483 5536 5427
f 5483 5427 5426
f 5483 5426 5535
f 5483 5535 5536
f 5536 5535 5592
f 5482 5425 5428
f 5482 5428 5537
f 5534 5482 5593
f 5593 5482 5537
f 5536 5484 5427
f 5538 5429 5484
f 5484 5536 5594
f 5538 5484 5594
f 5485 5537 5428
f 5485 5428 5430
f 5485 5430 5539
f 5485 5539 5537
f 5596 5537 5539
f 5486 5429 5538
f 5486 5540 5488
f 5431 5486 5488
f 5597 5486 5538
f 5597 5540 5486
f 5487 5539 5430
f 5487 5430 5432
f 5487 5432 5490
f 5541 5487 5490
f 5598 5539 5487
f 5541 5598 5487
f 5488 5489 5433
f 5488 5540 5489
f 5491 5433 5489
f 5542 5491 5489
f 5489 5540 5599
f 5542 5489 5599
f 5490 5432 5434
f 5492 5490 5434
f 5543 5490 5492
f 5490 5543 5600
f 5541 5490 5600
f 5491 5544 5435
f 5542 5544 5491
f 5493 5435 5544
f 5545 5493 5544
f 5544 5542 5601
f 5545 5544 5601
f 5436 5494 5492
f 5492 5494 5546
f 5543 5492 5546
f 5493 5547 5437
f 5545 5547 5493
f 5495 5437 5547
f 5495 5547 5548
f 5545 5603 5547
f 5603 5548 5547
f 5494 5438 5553
f 5494 5553 5546
f 5438 5500 5553
f 5552 5553 5500
f 5608 5546 5553
f 5552 5608 5553
f 5495 5496 5439
f 5495 5548 5496
f 5440 5496 5497
f 5496 5549 5497
f 5496 5440 5439
f 5496 5548 5549
f 5441 5497 5498
f 5497 5554 5498
f 5497 5441 5440
f 5497 5549 5550
f 5554 5497 5550
f 5442 5498 5499
f 5498 5551 5499
f 5498 5442 5441
f 5554 5609 5498
f 5609 5551 5498
f 5443 5499 5500
f 5552 5500 5499
f 5499 5443 5442
f 5499 5551 5552
f 5556 5501 5502
f 5503 5557 5502
f 5501 5556 5555
f 5556 5610 5555
f 5610 5563 5555
f 5555 5563 5508
f 5502 5557 5556
f 5611 5556 5557
f 5611 5610 5556
f 5557 5503 5558
f 5612 5557 5558
f 5557 5612 5611
f 5504 5559 5558
f 5613 5558 5559
f 5558 5613 5612
f 5505 5560 5559
f 5614 5559 5560
f 5613 5559 5614
f 5506 5561 5560
f 5615 5560 5561
f 5615 5614 5560
f 5561 5509 5616
f 5561 5616 5615
f 5507 5562 5511
f 5511 5566 5510
f 5562 5508 5563
f 5562 5563 5617
f 5511 5562 5567
f 5562 5617 5567
f 5618 5563 5610
f 5563 5618 5617
f 5660 5618 5610
f 5660 5610 5611
f 5564 5616 5509
f 5619 5616 5564
f 5665 5615 5616
f 5619 5665 5616
f 5564 5512 5568
f 5619 5564 5568
f 5510 5566 5565
f 5566 5620 5565
f 5565 5571 5514
f 5565 5620 5571
f 5566 5511 5567
f 5621 5566 5567
f 5566 5621 5620
f 5666 5621 5567
f 5666 5567 5617
f 5569 5568 5512
f 5569 5622 5568
f 5619 5568 5669
f 5669 5568 5622
f 5515 5572 5569
f 5572 5622 5569
f 5570 5514 5571
f 5570 5571 5623
f 5574 5570 5623
f 5570 5574 5516
f 5670 5623 5571
f 5670 5571 5620
f 5517 5575 5572
f 5624 5572 5575
f 5624 5622 5572
f 5516 5574 5573
f 5625 5573 5574
f 5625 5576 5573
f 5576 5518 5573
f 5574 5623 5626
f 5625 5574 5626
f 5575 5517 5519
f 5575 5519 5627
f 5575 5675 5624
f 5627 5675 5575
f 5576 5625 5628
f 5578 5576 5628
f 5521 5576 5578
f 5676 5628 5625
f 5519 5577 5627
f 5629 5627 5577
f 5627 5629 5677
f 5577 5522 5579
f 5629 5577 5579
f 5578 5580 5523
f 5578 5630 5580
f 5578 5628 5630
f 5579 5522 5524
f 5579 5524 5631
f 5579 5679 5629
f 5631 5679 5579
f 5525 5580 5582
f 5580 5632 5582
f 5580 5630 5632
f 5581 5631 5524
f 5581 5524 5526
f 5581 5526 5633
f 5581 5633 5631
f 5633 5681 5631
f 5527 5582 5584
f 5634 5584 5582
f 5582 5632 5634
f 5583 5633 5526
f 5583 5526 5528
f 5583 5528 5635
f 5583 5635 5633
f 5635 5528 5585
f 5635 5683 5633
f 5634 5636 5584
f 5636 5529 5584
f 5530 5587 5585
f 5637 5585 5587
f 5585 5637 5685
f 5635 5585 5685
f 5586 5529 5636
f 5586 5638 5588
f 5531 5586 5588
f 5686 5586 5636
f 5686 5638 5586
f 5532 5590 5587
f 5590 5639 5587
f 5639 5637 5587
f 5638 5589 5588
f 5589 5533 5588
f 5589 5640 5591
f 5589 5591 5533
f 5638 5688 5589
f 5640 5589 5688
f 5590 5641 5639
f 5641 5689 5639
f 5534 5593 5590
f 5593 5641 5590
f 5640 5592 5591
f 5535 5591 5592
f 5592 5642 5536
f 5640 5690 5592
f 5690 5642 5592
f 5594 5536 5642
f 5594 5642 5643
f 5643 5642 5691
f 5593 5644 5641
f 5537 5596 5593
f 5593 5596 5644
f 5643 5595 5594
f 5595 5538 5594
f 5597 5538 5595
f 5597 5595 5645
f 5595 5643 5694
f 5595 5694 5645
f 5539 5598 5596
f 5598 5646 5596
f 5596 5646 5644
f 5597 5647 5540
f 5597 5645 5647
f 5540 5647 5599
f 5647 5648 5599
f 5697 5647 5645
f 5648 5647 5697
f 5541 5600 5598
f 5598 5600 5649
f 5646 5598 5649
f 5650 5542 5599
f 5650 5599 5648
f 5650 5651 5601
f 5651 5650 5700
f 5600 5543 5653
f 5600 5653 5649
f 5653 5543 5602
f 5705 5649 5653
f 5650 5601 5542
f 5545 5601 5654
f 5601 5651 5654
f 5545 5654 5603
f 5603 5654 5655
f 5706 5654 5651
f 5706 5655 5654
f 5707 5656 5655
f 5708 5657 5656
f 5602 5543 5546
f 5608 5602 5546
f 5608 5659 5602
f 5602 5659 5652
f 5653 5602 5652
f 5604 5603 5655
f 5603 5604 5548
f 5549 5604 5605
f 5604 5656 5605
f 5604 5549 5548
f 5604 5655 5656
f 5550 5605 5606
f 5605 5657 5606
f 5605 5550 5549
f 5605 5656 5657
f 5551 5606 5607
f 5606 5658 5607
f 5606 5551 5609
f 5550 5606 5609
f 5606 5657 5658
f 5552 5607 5608
f 5608 5607 5659
f 5607 5552 5551
f 5607 5658 5659
f 5609 5554 5550
f 5612 5661 5611
f 5613 5662 5612
f 5614 5663 5613
f 5664 5614 5615
f 5667 5617 5618
f 5611 5661 5660
f 5712 5660 5661
f 5660 5668 5618
f 5660 5712 5668
f 5661 5612 5662
f 5713 5661 5662
f 5661 5713 5712
f 5662 5613 5663
f 5714 5662 5663
f 5662 5714 5713
f 5663 5614 5664
f 5711 5663 5664
f 5711 5763 5663
f 5663 5763 5714
f 5665 5664 5615
f 5715 5664 5665
f 5711 5664 5764
f 5715 5764 5664
f 5619 5716 5665
f 5716 5715 5665
f 5669 5716 5619
f 5671 5620 5621
f 5617 5667 5666
f 5667 5717 5666
f 5672 5666 5717
f 5666 5672 5621
f 5618 5668 5667
f 5667 5668 5718
f 5667 5718 5717
f 5668 5712 5719
f 5668 5719 5718
f 5765 5712 5713
f 5720 5716 5669
f 5720 5767 5716
f 5669 5622 5673
f 5720 5669 5673
f 5671 5670 5620
f 5721 5670 5671
f 5721 5674 5670
f 5674 5623 5670
f 5671 5621 5672
f 5722 5671 5672
f 5721 5671 5722
f 5672 5717 5723
f 5672 5723 5722
f 5768 5717 5718
f 5673 5622 5624
f 5673 5624 5725
f 5673 5724 5720
f 5725 5724 5673
f 5674 5626 5623
f 5726 5626 5674
f 5726 5676 5626
f 5676 5625 5626
f 5721 5727 5674
f 5726 5674 5727
f 5675 5725 5624
f 5675 5728 5725
f 5776 5725 5728
f 5627 5677 5675
f 5677 5728 5675
f 5676 5726 5729
f 5676 5678 5628
f 5676 5729 5678
f 5729 5726 5777
f 5677 5629 5730
f 5677 5780 5728
f 5730 5780 5677
f 5678 5630 5628
f 5630 5678 5680
f 5678 5731 5680
f 5678 5729 5732
f 5731 5678 5732
f 5679 5730 5629
f 5679 5733 5730
f 5730 5733 5782
f 5631 5681 5679
f 5679 5681 5733
f 5630 5680 5632
f 5632 5680 5682
f 5680 5734 5682
f 5731 5783 5680
f 5734 5680 5783
f 5681 5633 5683
f 5735 5681 5683
f 5681 5735 5733
f 5632 5682 5634
f 5634 5682 5684
f 5682 5736 5684
f 5734 5785 5682
f 5736 5682 5785
f 5635 5685 5683
f 5683 5685 5737
f 5683 5737 5735
f 5684 5636 5634
f 5686 5636 5684
f 5738 5686 5684
f 5736 5787 5684
f 5684 5787 5738
f 5685 5637 5739
f 5685 5739 5737
f 5737 5739 5788
f 5686 5740 5638
f 5738 5740 5686
f 5638 5740 5688
f 5740 5738 5789
f 5739 5637 5687
f 5687 5637 5639
f 5689 5687 5639
f 5742 5687 5689
f 5687 5742 5791
f 5739 5687 5791
f 5640 5688 5743
f 5740 5741 5688
f 5741 5743 5688
f 5640 5743 5690
f 5690 5743 5744
f 5744 5743 5792
f 5693 5689 5641
f 5746 5689 5693
f 5689 5746 5742
f 5642 5690 5691
f 5690 5744 5691
f 5643 5691 5692
f 5691 5745 5692
f 5691 5744 5745
f 5694 5643 5692
f 5694 5692 5747
f 5796 5692 5745
f 5796 5747 5692
f 5747 5748 5695
f 5797 5748 5747
f 5693 5641 5644
f 5693 5644 5696
f 5749 5693 5696
f 5693 5749 5746
f 5747 5695 5694
f 5645 5694 5695
f 5695 5748 5750
f 5750 5697 5695
f 5645 5695 5697
f 5750 5751 5698
f 5800 5750 5748
f 5751 5750 5800
f 5696 5644 5646
f 5696 5646 5699
f 5752 5696 5699
f 5696 5752 5749
f 5750 5698 5697
f 5648 5697 5698
f 5648 5698 5700
f 5700 5698 5753
f 5698 5751 5753
f 5806 5754 5753
f 5699 5646 5649
f 5705 5699 5649
f 5705 5758 5699
f 5699 5758 5752
f 5700 5650 5648
f 5651 5700 5701
f 5700 5753 5701
f 5759 5701 5702
f 5701 5754 5702
f 5759 5706 5701
f 5701 5706 5651
f 5701 5753 5754
f 5702 5755 5760
f 5760 5707 5702
f 5759 5702 5707
f 5702 5754 5755
f 5708 5760 5761
f 5703 5760 5755
f 5703 5755 5756
f 5703 5756 5761
f 5703 5761 5760
f 5709 5761 5762
f 5811 5761 5756
f 5811 5756 5757
f 5811 5757 5762
f 5811 5762 5761
f 5652 5704 5705
f 5705 5704 5758
f 5652 5710 5704
f 5710 5762 5704
f 5704 5762 5757
f 5704 5757 5758
f 5653 5652 5705
f 5759 5707 5706
f 5707 5655 5706
f 5760 5708 5707
f 5707 5708 5656
f 5761 5709 5708
f 5708 5709 5657
f 5762 5710 5709
f 5710 5658 5709
f 5657 5709 5658
f 5710 5652 5659
f 5658 5710 5659
f 5714 5766 5713
f 5711 5764 5763
f 5764 5813 5763
f 5763 5812 5714
f 5763 5813 5812
f 5715 5814 5764
f 5764 5814 5813
f 5716 5767 5715
f 5712 5765 5719
f 5769 5718 5719
f 5713 5766 5765
f 5766 5815 5765
f 5719 5765 5770
f 5765 5815 5770
f 5766 5714 5812
f 5816 5766 5812
f 5766 5816 5815
f 5816 5812 5857
f 5857 5812 5813
f 5715 5767 5814
f 5817 5814 5767
f 5858 5813 5814
f 5858 5814 5817
f 5720 5771 5767
f 5817 5767 5771
f 5772 5721 5722
f 5717 5768 5723
f 5723 5773 5722
f 5718 5769 5768
f 5769 5818 5768
f 5818 5774 5768
f 5723 5768 5774
f 5719 5770 5769
f 5769 5770 5819
f 5769 5819 5818
f 5770 5815 5820
f 5770 5820 5819
f 5771 5720 5724
f 5771 5724 5821
f 5861 5817 5771
f 5861 5771 5821
f 5725 5776 5724
f 5776 5821 5724
f 5721 5772 5727
f 5777 5726 5727
f 5722 5773 5772
f 5772 5773 5822
f 5727 5772 5778
f 5772 5822 5778
f 5773 5723 5774
f 5823 5773 5774
f 5773 5823 5822
f 5824 5774 5818
f 5774 5824 5823
f 5775 5824 5818
f 5775 5818 5819
f 5775 5819 5825
f 5775 5825 5824
f 5776 5826 5821
f 5821 5826 5864
f 5776 5728 5779
f 5776 5779 5826
f 5727 5778 5777
f 5827 5777 5778
f 5729 5777 5781
f 5827 5781 5777
f 5865 5827 5778
f 5865 5778 5822
f 5866 5822 5823
f 5779 5728 5780
f 5779 5780 5828
f 5779 5871 5826
f 5779 5828 5871
f 5730 5782 5780
f 5828 5780 5782
f 5729 5781 5732
f 5781 5829 5732
f 5829 5783 5732
f 5783 5731 5732
f 5872 5829 5781
f 5872 5781 5827
f 5782 5733 5784
f 5830 5782 5784
f 5828 5782 5830
f 5783 5829 5831
f 5785 5783 5831
f 5785 5734 5783
f 5876 5831 5829
f 5784 5733 5735
f 5784 5735 5832
f 5830 5784 5878
f 5878 5784 5832
f 5785 5831 5833
f 5833 5787 5785
f 5787 5736 5785
f 5879 5833 5831
f 5786 5832 5735
f 5786 5735 5737
f 5786 5737 5788
f 5834 5786 5788
f 5880 5832 5786
f 5834 5880 5786
f 5787 5835 5738
f 5787 5833 5835
f 5738 5835 5789
f 5835 5836 5789
f 5881 5835 5833
f 5836 5835 5881
f 5739 5791 5788
f 5837 5788 5791
f 5837 5834 5788
f 5838 5741 5789
f 5740 5789 5741
f 5838 5789 5836
f 5838 5839 5792
f 5884 5839 5838
f 5790 5837 5791
f 5790 5791 5742
f 5790 5742 5795
f 5842 5790 5795
f 5790 5842 5890
f 5790 5890 5837
f 5838 5792 5741
f 5743 5741 5792
f 5744 5792 5793
f 5792 5839 5793
f 5745 5793 5794
f 5793 5840 5794
f 5793 5745 5744
f 5793 5839 5840
f 5794 5843 5796
f 5794 5796 5745
f 5794 5840 5841
f 5794 5841 5843
f 5797 5843 5844
f 5891 5844 5843
f 5795 5742 5746
f 5795 5746 5799
f 5847 5795 5799
f 5847 5842 5795
f 5843 5797 5796
f 5797 5747 5796
f 5797 5798 5748
f 5797 5844 5798
f 5800 5748 5798
f 5800 5798 5848
f 5798 5844 5845
f 5798 5845 5848
f 5897 5849 5848
f 5898 5850 5849
f 5899 5851 5850
f 5799 5852 5847
f 5851 5852 5804
f 5900 5851 5846
f 5900 5846 5847
f 5900 5847 5852
f 5900 5852 5851
f 5749 5799 5746
f 5749 5805 5799
f 5805 5852 5799
f 5801 5800 5848
f 5751 5800 5801
f 5853 5801 5802
f 5801 5849 5802
f 5853 5806 5801
f 5751 5801 5806
f 5801 5848 5849
f 5853 5802 5807
f 5807 5802 5854
f 5802 5849 5850
f 5802 5850 5854
f 5855 5808 5854
f 5803 5854 5850
f 5803 5850 5851
f 5803 5851 5855
f 5803 5855 5854
f 5852 5805 5804
f 5856 5804 5805
f 5804 5856 5809
f 5804 5809 5855
f 5804 5855 5851
f 5752 5805 5749
f 5752 5810 5805
f 5810 5856 5805
f 5806 5753 5751
f 5853 5807 5806
f 5806 5807 5754
f 5854 5808 5807
f 5755 5807 5808
f 5807 5755 5754
f 5808 5855 5809
f 5756 5808 5809
f 5808 5756 5755
f 5856 5810 5809
f 5757 5809 5810
f 5809 5757 5756
f 5758 5810 5752
f 5757 5810 5758
f 5815 5816 5859
f 5813 5858 5857
f 5858 5902 5857
f 5816 5857 5901
f 5857 5902 5901
f 5858 5817 5860
f 5858 5860 5902
f 5815 5859 5820
f 5862 5819 5820
f 5859 5816 5901
f 5903 5859 5901
f 5820 5859 5863
f 5859 5903 5863
f 5953 5903 5901
f 5953 5901 5902
f 5953 5902 5904
f 5953 5904 5903
f 5861 5860 5817
f 5861 5905 5860
f 5860 5904 5902
f 5860 5905 5904
f 5821 5864 5861
f 5864 5905 5861
f 5824 5867 5823
f 5819 5862 5825
f 5825 5868 5824
f 5820 5863 5862
f 5862 5863 5906
f 5825 5862 5869
f 5862 5906 5869
f 5954 5906 5863
f 5954 5863 5903
f 5864 5826 5870
f 5908 5864 5870
f 5864 5908 5905
f 5822 5866 5865
f 5866 5909 5865
f 5873 5865 5909
f 5865 5873 5827
f 5867 5866 5823
f 5867 5910 5866
f 5866 5910 5909
f 5824 5868 5867
f 5911 5867 5868
f 5867 5911 5910
f 5868 5825 5869
f 5912 5868 5869
f 5911 5868 5912
f 5869 5906 5913
f 5869 5913 5912
f 5870 5826 5871
f 5870 5871 5914
f 5870 5960 5908
f 5870 5914 5960
f 5828 5875 5871
f 5914 5871 5875
f 5872 5827 5873
f 5872 5873 5915
f 5915 5876 5872
f 5876 5829 5872
f 5873 5909 5916
f 5873 5916 5915
f 5961 5916 5909
f 5961 5909 5910
f 5961 5910 5917
f 5961 5917 5916
f 5874 5917 5910
f 5874 5910 5911
f 5874 5911 5918
f 5874 5918 5917
f 5962 5918 5911
f 5962 5911 5912
f 5962 5912 5919
f 5962 5919 5918
f 5963 5919 5912
f 5963 5912 5913
f 5921 5914 5875
f 5921 5967 5914
f 5828 5830 5875
f 5875 5830 5877
f 5921 5875 5877
f 5876 5915 5922
f 5922 5879 5876
f 5876 5879 5831
f 5968 5922 5915
f 5968 5915 5916
f 5968 5916 5923
f 5968 5923 5922
f 5830 5878 5877
f 5878 5928 5877
f 5977 5927 5921
f 5977 5921 5877
f 5977 5877 5928
f 5977 5928 5927
f 5832 5880 5878
f 5880 5928 5878
f 5879 5922 5929
f 5929 5881 5879
f 5881 5833 5879
f 5978 5929 5922
f 5978 5922 5923
f 5978 5923 5930
f 5978 5930 5929
f 5981 5933 5932
f 5834 5936 5880
f 5880 5936 5928
f 5936 5834 5883
f 5935 5936 5883
f 5987 5935 5927
f 5987 5927 5928
f 5987 5928 5936
f 5987 5936 5935
f 5836 5881 5882
f 5881 5929 5882
f 5836 5882 5884
f 5884 5882 5937
f 5882 5929 5930
f 5882 5930 5937
f 5938 5885 5937
f 5988 5937 5930
f 5988 5930 5931
f 5988 5931 5938
f 5988 5938 5937
f 5939 5886 5938
f 5989 5938 5931
f 5989 5931 5932
f 5989 5932 5939
f 5989 5939 5938
f 5990 5939 5932
f 5990 5932 5933
f 5990 5933 5940
f 5990 5940 5939
f 5991 5940 5933
f 5991 5941 5940
f 5945 5935 5883
f 5995 5935 5945
f 5995 5945 5944
f 5837 5883 5834
f 5837 5890 5883
f 5945 5883 5890
f 5884 5838 5836
f 5937 5885 5884
f 5884 5885 5839
f 5885 5938 5886
f 5840 5885 5886
f 5885 5840 5839
f 5841 5886 5887
f 5887 5886 5939
f 5886 5841 5840
f 5887 5940 5946
f 5946 5891 5887
f 5841 5887 5891
f 5887 5939 5940
f 5892 5946 5947
f 5888 5946 5940
f 5888 5940 5941
f 5888 5941 5947
f 5888 5947 5946
f 5996 5947 5941
f 5996 5941 5942
f 5996 5942 5948
f 5996 5948 5947
f 5997 5948 5942
f 5997 5949 5948
f 5998 5944 5950
f 5998 5950 5949
f 5889 5945 5890
f 5889 5890 5842
f 5842 5896 5889
f 5896 5950 5889
f 5889 5950 5944
f 5889 5944 5945
f 5891 5843 5841
f 5946 5892 5891
f 5891 5892 5844
f 5845 5892 5893
f 5892 5947 5893
f 5844 5892 5845
f 5951 5893 5894
f 5894 5893 5948
f 5951 5897 5893
f 5845 5893 5897
f 5893 5947 5948
f 5951 5894 5898
f 5898 5894 5952
f 5894 5948 5949
f 5894 5949 5952
f 5846 5895 5896
f 5896 5895 5950
f 5846 5899 5895
f 5899 5952 5895
f 5895 5952 5949
f 5895 5949 5950
f 5842 5847 5896
f 5847 5846 5896
f 5897 5848 5845
f 5951 5898 5897
f 5897 5898 5849
f 5952 5899 5898
f 5898 5899 5850
f 5899 5846 5851
f 5904 5955 5903
f 5905 5956 5904
f 5903 5955 5954
f 5955 5907 5954
f 5907 5957 5954
f 5957 5906 5954
f 5904 5956 5955
f 5956 5999 5955
f 5999 5958 5955
f 5907 5955 5958
f 5905 5908 5956
f 5908 5959 5956
f 5999 5956 5959
f 5906 5957 5913
f 5907 5958 5957
f 6000 5957 5958
f 6000 5964 5957
f 5913 5957 5964
f 5958 5999 5959
f 5958 5959 6001
f 6000 5958 6001
f 5959 5908 5960
f 6002 5959 5960
f 5959 6002 5966
f 5959 5966 6001
f 5914 5967 5960
f 5967 6002 5960
f 5917 5969 5916
f 5970 5917 5918
f 5919 5971 5918
f 5913 5964 5963
f 5920 5963 5964
f 5920 5972 5963
f 5963 5972 5919
f 6003 5964 6000
f 5964 6003 5973
f 5920 5964 5973
f 5965 6003 6000
f 5965 6000 6001
f 5965 6001 6004
f 5965 6004 6003
f 6002 5967 5966
f 5967 6005 5966
f 5966 6004 6001
f 5966 6005 6004
f 5921 5976 5967
f 6005 5967 5976
f 5916 5969 5923
f 5917 5970 5969
f 5970 5924 5969
f 5924 5979 5969
f 5979 5923 5969
f 5971 5970 5918
f 5971 5925 5970
f 5925 5980 5970
f 5980 5924 5970
f 5919 5972 5971
f 5972 5926 5971
f 5926 5981 5971
f 5981 5925 5971
f 5920 5973 5972
f 6006 5972 5973
f 6006 5982 5972
f 5982 5926 5972
f 6007 5973 6003
f 5973 6007 5983
f 6006 5973 5983
f 5974 6007 6003
f 5974 6003 6004
f 5974 6004 6008
f 5974 6008 6007
f 6005 5976 6009
f 5975 6008 6004
f 5975 6004 6005
f 5975 6005 6009
f 5975 6009 6008
f 5976 5921 5927
f 5976 5927 5986
f 6009 5976 5986
f 5923 5979 5930
f 5924 5980 5979
f 5980 5931 5979
f 5930 5979 5931
f 5925 5981 5980
f 5980 5981 5932
f 5931 5980 5932
f 5926 5982 5981
f 5981 5982 5933
f 6006 5983 5982
f 5934 5982 5983
f 5934 5991 5982
f 5933 5982 5991
f 6010 5983 6007
f 6010 5992 5983
f 5934 5983 5992
f 6011 5993 6010
f 5984 6010 6007
f 5984 6007 6008
f 5984 6008 6011
f 5984 6011 6010
f 6012 5985 5986
f 6009 5986 5985
f 5985 6012 5994
f 5985 5994 6011
f 5985 6011 6008
f 5985 6008 6009
f 5986 5927 5935
f 5986 5935 5995
f 6012 5986 5995
f 5934 5992 5991
f 5991 5992 5941
f 6010 5993 5992
f 5942 5992 5993
f 5941 5992 5942
f 5993 6011 5994
f 5943 5993 5994
f 5943 5997 5993
f 5993 5997 5942
f 6012 5995 5994
f 5994 5995 5944
f 5994 5944 5998
f 5943 5994 5998
f 5943 5998 5997
f 5997 5998 5949
