# this file was generated by MTVT
v -0.070000 -0.310000 -0.402390
v -0.050000 -0.310000 -0.403064
v -0.030000 -0.310000 -0.402804
v -0.010000 -0.310000 -0.401658
v -0.110000 -0.290000 -0.400137
v -0.090000 -0.290000 -0.402212
v -0.070000 -0.290000 -0.402525
v -0.050000 -0.290000 -0.403087
v -0.030000 -0.290000 -0.403523
v -0.010000 -0.290000 -0.404061
v 0.010000 -0.290000 -0.404144
v 0.030000 -0.290000 -0.404035
v 0.050000 -0.290000 -0.403444
v -0.270000 -0.270000 -0.400302
v -0.250000 -0.270000 -0.400924
v -0.230000 -0.270000 -0.400757
v -0.110000 -0.270000 -0.402167
v -0.090000 -0.270000 -0.402576
v -0.070000 -0.270000 -0.402367
v -0.050000 -0.270000 -0.401350
v 0.010000 -0.270000 -0.401315
v 0.030000 -0.270000 -0.403112
v 0.052454 -0.272454 -0.405070
v 0.070011 -0.269989 -0.405199
v 0.089936 -0.266889 -0.405360
v 0.109951 -0.266905 -0.405239
v 0.130020 -0.266744 -0.404635
v 0.150000 -0.270000 -0.401894
v -0.290000 -0.250000 -0.400902
v -0.270000 -0.250000 -0.401966
v -0.250000 -0.250000 -0.402017
v -0.230000 -0.250000 -0.402088
v -0.210000 -0.250000 -0.402013
v -0.190000 -0.250000 -0.401800
v -0.170000 -0.250000 -0.401056
v -0.150000 -0.250000 -0.401040
v -0.130000 -0.250000 -0.402649
v -0.110000 -0.250000 -0.402967
v -0.090000 -0.250000 -0.400304
v 0.090000 -0.250000 -0.403386
v 0.109951 -0.253050 -0.405366
v 0.131115 -0.251045 -0.405681
v 0.149957 -0.250036 -0.405997
v 0.168997 -0.249062 -0.406017
v 0.187614 -0.247614 -0.404870
v -0.290000 -0.230000 -0.401576
v -0.270000 -0.230000 -0.401876
v -0.250000 -0.230000 -0.402059
v -0.230000 -0.230000 -0.401694
v -0.210000 -0.230000 -0.401744
v -0.190000 -0.230000 -0.401765
v -0.170000 -0.230000 -0.402432
v -0.150000 -0.230000 -0.402827
v -0.130000 -0.230000 -0.403108
v -0.110000 -0.230000 -0.400764
v 0.149905 -0.233046 -0.405025
v 0.171132 -0.230996 -0.405729
v 0.188961 -0.228761 -0.405405
v 0.210000 -0.230000 -0.403446
v -0.290000 -0.210000 -0.401702
v -0.270000 -0.210000 -0.401731
v -0.250000 -0.210000 -0.401633
v -0.230000 -0.210000 -0.401581
v -0.210000 -0.210000 -0.401488
v -0.190000 -0.210000 -0.401655
v -0.170000 -0.210000 -0.402207
v -0.150000 -0.210000 -0.402858
v -0.130000 -0.210000 -0.402889
v 0.170000 -0.210000 -0.400883
v 0.190087 -0.213197 -0.405206
v 0.210000 -0.210000 -0.404205
v -0.310000 -0.190000 -0.400038
v -0.290000 -0.190000 -0.401849
v -0.270000 -0.190000 -0.401834
v -0.250000 -0.190000 -0.401782
v -0.230000 -0.190000 -0.401813
v -0.210000 -0.190000 -0.401659
v -0.190000 -0.190000 -0.401604
v -0.170000 -0.190000 -0.402254
v -0.150000 -0.190000 -0.403211
v -0.130000 -0.190000 -0.402880
v 0.190000 -0.190000 -0.404112
v 0.210000 -0.190000 -0.403540
v 0.230000 -0.190000 -0.400129
v -0.290000 -0.170000 -0.401815
v -0.270000 -0.170000 -0.402334
v -0.250000 -0.170000 -0.402314
v -0.230000 -0.170000 -0.402128
v -0.210000 -0.170000 -0.403517
v -0.190000 -0.170000 -0.404628
v -0.170000 -0.170000 -0.404316
v -0.150000 -0.170000 -0.403649
v -0.130000 -0.170000 -0.403807
v 0.190000 -0.170000 -0.404039
v 0.210000 -0.170000 -0.403688
v 0.230000 -0.170000 -0.401605
v -0.290000 -0.150000 -0.401755
v -0.270000 -0.150000 -0.402659
v -0.250000 -0.150000 -0.403250
v -0.230000 -0.150000 -0.404769
v -0.210000 -0.150000 -0.404482
v -0.190000 -0.150000 -0.404076
v -0.170000 -0.150000 -0.403485
v -0.130000 -0.150000 -0.402397
v -0.110000 -0.150000 -0.402408
v 0.170000 -0.150000 -0.403883
v 0.190000 -0.150000 -0.404326
v 0.210000 -0.150000 -0.403958
v 0.230000 -0.150000 -0.402883
v -0.270000 -0.130000 -0.403332
v -0.250000 -0.130000 -0.404602
v -0.231132 -0.131261 -0.405303
v -0.210000 -0.130000 -0.403054
v -0.190000 -0.130000 -0.401898
v -0.170000 -0.130000 -0.400582
v -0.110000 -0.130000 -0.404689
v 0.150000 -0.130000 -0.404228
v 0.170000 -0.130000 -0.404211
v 0.190000 -0.130000 -0.405172
v 0.210000 -0.130000 -0.403940
v 0.230000 -0.130000 -0.403755
v 0.250000 -0.130000 -0.402158
v -0.270000 -0.110000 -0.404045
v -0.250163 -0.110186 -0.405399
v -0.229654 -0.110035 -0.405849
v -0.210000 -0.110000 -0.402939
v -0.190000 -0.110000 -0.400989
v -0.110000 -0.110000 -0.405041
v 0.132253 -0.107747 -0.405279
v 0.147598 -0.107598 -0.404825
v 0.170000 -0.110000 -0.402127
v 0.190000 -0.110000 -0.400405
v 0.250000 -0.110000 -0.403188
v 0.270000 -0.110000 -0.401710
v -0.290000 -0.090000 -0.402747
v -0.270000 -0.090000 -0.404209
v -0.250143 -0.089828 -0.405393
v -0.232244 -0.092244 -0.405046
v -0.210000 -0.090000 -0.401066
v -0.107576 -0.087576 -0.405205
v 0.110000 -0.090000 -0.402416
v 0.129820 -0.090114 -0.406044
v 0.147502 -0.087502 -0.404424
v 0.170000 -0.090000 -0.401251
v 0.270000 -0.090000 -0.403566
v 0.290000 -0.090000 -0.400952
v -0.310000 -0.070000 -0.401609
v -0.290000 -0.070000 -0.403202
v -0.270000 -0.070000 -0.404110
v -0.247505 -0.072495 -0.405008
v -0.230000 -0.070000 -0.403617
v -0.109985 -0.070015 -0.405240
v 0.110000 -0.070000 -0.403436
v 0.130040 -0.069849 -0.405937
v 0.150000 -0.070000 -0.403299
v 0.170000 -0.070000 -0.400790
v 0.270000 -0.070000 -0.404583
v 0.290000 -0.070000 -0.402661
v -0.330000 -0.050000 -0.401089
v -0.310000 -0.050000 -0.402601
v -0.290000 -0.050000 -0.403475
v -0.270000 -0.050000 -0.404110
v -0.250000 -0.050000 -0.405030
v -0.230000 -0.050000 -0.402462
v -0.130000 -0.050000 -0.403971
v -0.110000 -0.050000 -0.403461
v 0.110000 -0.050000 -0.403011
v 0.126762 -0.049953 -0.405133
v 0.150000 -0.050000 -0.402016
v 0.170000 -0.050000 -0.400027
v 0.250000 -0.050000 -0.402378
v 0.270000 -0.050000 -0.404408
v 0.290000 -0.050000 -0.402371
v -0.330000 -0.030000 -0.402215
v -0.310000 -0.030000 -0.403080
v -0.290000 -0.030000 -0.403650
v -0.270000 -0.030000 -0.404142
v -0.250000 -0.030000 -0.404716
v -0.230000 -0.030000 -0.404736
v -0.210000 -0.030000 -0.403086
v -0.190000 -0.030000 -0.400973
v -0.170000 -0.030000 -0.403084
v -0.150000 -0.030000 -0.404723
v -0.130000 -0.030000 -0.404758
v 0.110000 -0.030000 -0.400895
v 0.127539 -0.032461 -0.404982
v 0.250000 -0.030000 -0.404759
v 0.270000 -0.030000 -0.402806
v 0.290000 -0.030000 -0.400265
v -0.330000 -0.010000 -0.402713
v -0.310000 -0.010000 -0.403550
v -0.290000 -0.010000 -0.403793
v -0.270000 -0.010000 -0.403831
v -0.250000 -0.010000 -0.403968
v -0.230000 -0.010000 -0.404278
v -0.210000 -0.010000 -0.404634
v -0.190000 -0.010000 -0.404739
v -0.170000 -0.010000 -0.404779
v -0.150000 -0.010000 -0.404687
v 0.130000 -0.010000 -0.404372
v 0.150000 -0.010000 -0.403992
v 0.170000 -0.010000 -0.400380
v 0.230000 -0.010000 -0.403581
v 0.250000 -0.010000 -0.402522
v -0.330000 0.010000 -0.402889
v -0.310000 0.010000 -0.403701
v -0.290000 0.010000 -0.403735
v -0.270000 0.010000 -0.403948
v -0.250000 0.010000 -0.403895
v -0.230000 0.010000 -0.403932
v -0.210000 0.010000 -0.403744
v -0.190000 0.010000 -0.403589
v -0.170000 0.010000 -0.403576
v -0.150000 0.010000 -0.401702
v 0.150000 0.010000 -0.404222
v 0.170000 0.010000 -0.404752
v 0.190000 0.010000 -0.404780
v 0.210000 0.010000 -0.403816
v 0.230000 0.010000 -0.401870
v -0.330000 0.030000 -0.401767
v -0.310000 0.030000 -0.403119
v -0.290000 0.030000 -0.403700
v -0.270000 0.030000 -0.403871
v -0.250000 0.030000 -0.404016
v -0.230000 0.030000 -0.403840
v -0.210000 0.030000 -0.403630
v -0.190000 0.030000 -0.403325
v -0.170000 0.030000 -0.402418
v 0.150000 0.030000 -0.400627
v 0.170000 0.030000 -0.403531
v 0.190000 0.030000 -0.403534
v 0.210000 0.030000 -0.401951
v -0.310000 0.050000 -0.400750
v -0.290000 0.050000 -0.402950
v -0.270000 0.050000 -0.403414
v -0.250000 0.050000 -0.403808
v -0.230000 0.050000 -0.403696
v -0.210000 0.050000 -0.403441
v -0.190000 0.050000 -0.403240
v -0.170000 0.050000 -0.401037
v 0.170000 0.050000 -0.401876
v 0.190000 0.050000 -0.402782
v 0.210000 0.050000 -0.400131
v -0.250000 0.070000 -0.402510
v -0.230000 0.070000 -0.403091
v -0.210000 0.070000 -0.403192
v -0.190000 0.070000 -0.402752
v -0.170000 0.070000 -0.401221
v 0.190000 0.070000 -0.402293
v -0.190000 0.090000 -0.402594
v -0.170000 0.090000 -0.401896
v 0.170000 0.090000 -0.400944
v 0.190000 0.090000 -0.401952
v -0.190000 0.110000 -0.401192
v -0.170000 0.110000 -0.401939
v 0.150000 0.110000 -0.401198
v 0.170000 0.110000 -0.402315
v 0.190000 0.110000 -0.401383
v -0.170000 0.130000 -0.401950
v -0.150000 0.130000 -0.401514
v 0.070000 0.130000 -0.400762
v 0.090000 0.130000 -0.401488
v 0.110000 0.130000 -0.402232
v 0.130000 0.130000 -0.402439
v 0.150000 0.130000 -0.402196
v 0.170000 0.130000 -0.401166
v -0.170000 0.150000 -0.401971
v -0.150000 0.150000 -0.401707
v -0.130000 0.150000 -0.401808
v -0.110000 0.150000 -0.400852
v -0.090000 0.150000 -0.400567
v -0.070000 0.150000 -0.400955
v -0.050000 0.150000 -0.401169
v -0.030000 0.150000 -0.402022
v -0.010000 0.150000 -0.402307
v 0.010000 0.150000 -0.402376
v 0.030000 0.150000 -0.402343
v 0.050000 0.150000 -0.402531
v 0.070000 0.150000 -0.402346
v 0.090000 0.150000 -0.401647
v 0.110000 0.150000 -0.401076
v -0.150000 0.170000 -0.401917
v -0.130000 0.170000 -0.402094
v -0.110000 0.170000 -0.402294
v -0.090000 0.170000 -0.402557
v -0.070000 0.170000 -0.402827
v -0.050000 0.170000 -0.402937
v -0.030000 0.170000 -0.402705
v -0.010000 0.170000 -0.400486
v -0.130000 0.190000 -0.401434
v -0.110000 0.190000 -0.401842
v -0.090000 0.190000 -0.401962
v -0.095573 -0.315573 -0.395573
v -0.077956 -0.319368 -0.399043
v -0.059976 -0.320119 -0.400715
v -0.040017 -0.320150 -0.400880
v -0.021629 -0.319108 -0.399375
v 0.000905 -0.316252 -0.396252
v -0.115457 -0.295457 -0.395457
v -0.100461 -0.300468 -0.400185
v -0.079915 -0.299934 -0.402308
v -0.059931 -0.299994 -0.402824
v -0.039983 -0.299958 -0.403387
v -0.019992 -0.299841 -0.403636
v -0.000088 -0.301205 -0.402751
v 0.019956 -0.300172 -0.401658
v 0.039588 -0.299757 -0.399785
v 0.060287 -0.296401 -0.398593
v -0.276078 -0.276078 -0.396077
v -0.260039 -0.278635 -0.397039
v -0.239984 -0.278665 -0.397176
v -0.219916 -0.278226 -0.394951
v -0.204503 -0.275497 -0.395497
v -0.119534 -0.279561 -0.399711
v -0.099933 -0.279937 -0.402084
v -0.079995 -0.279989 -0.402447
v -0.059994 -0.280073 -0.402746
v -0.040032 -0.278983 -0.402245
v -0.019965 -0.279278 -0.402218
v 0.000082 -0.278953 -0.402927
v 0.020075 -0.280179 -0.404036
v 0.040128 -0.279946 -0.404638
v 0.059789 -0.282843 -0.404546
v 0.079936 -0.280710 -0.403477
v 0.100429 -0.280594 -0.401122
v 0.120024 -0.280013 -0.400015
v 0.140148 -0.276220 -0.398513
v 0.158123 -0.273135 -0.398123
v -0.297579 -0.257579 -0.397579
v -0.280678 -0.260384 -0.400805
v -0.259985 -0.261411 -0.401634
v -0.239998 -0.261428 -0.401654
v -0.220031 -0.261149 -0.401594
v -0.200034 -0.260323 -0.400835
v -0.181297 -0.259410 -0.399522
v -0.159989 -0.258634 -0.395864
v -0.139366 -0.259502 -0.399524
v -0.119910 -0.259861 -0.402470
v -0.100069 -0.260025 -0.402744
v -0.078719 -0.259698 -0.400715
v -0.060442 -0.261036 -0.398894
v -0.039771 -0.262339 -0.395602
v -0.019990 -0.262970 -0.394396
v -0.000200 -0.262591 -0.395016
v 0.019937 -0.262182 -0.398626
v 0.038722 -0.259525 -0.400176
v 0.060098 -0.259592 -0.402684
v 0.080264 -0.257227 -0.404462
v 0.097626 -0.257626 -0.405095
v 0.120000 -0.260000 -0.405795
v 0.142381 -0.262381 -0.405211
v 0.159793 -0.262926 -0.404768
v 0.179753 -0.260576 -0.402821
v 0.198774 -0.259814 -0.398903
v -0.300053 -0.240175 -0.400162
v -0.279962 -0.239988 -0.401734
v -0.259990 -0.240002 -0.402078
v -0.240012 -0.240014 -0.402039
v -0.220001 -0.240025 -0.401881
v -0.200007 -0.240012 -0.401931
v -0.179991 -0.239954 -0.402161
v -0.159980 -0.241348 -0.401726
v -0.139923 -0.239904 -0.402822
v -0.120068 -0.240051 -0.402939
v -0.099901 -0.239889 -0.400223
v -0.081976 -0.241976 -0.394435
v 0.079792 -0.243366 -0.397459
v 0.099489 -0.240024 -0.400732
v 0.120160 -0.239509 -0.403202
v 0.137957 -0.237957 -0.404783
v 0.160000 -0.240000 -0.406123
v 0.180000 -0.240000 -0.405803
v 0.199580 -0.239757 -0.404111
v 0.219195 -0.238072 -0.398859
v -0.316813 -0.220259 -0.396813
v -0.300620 -0.219985 -0.400826
v -0.279989 -0.220001 -0.401909
v -0.259996 -0.220021 -0.401806
v -0.240015 -0.220019 -0.401730
v -0.220001 -0.220012 -0.401567
v -0.199994 -0.220012 -0.401661
v -0.179953 -0.220013 -0.401869
v -0.159945 -0.220009 -0.402694
v -0.139979 -0.220009 -0.403068
v -0.119469 -0.220095 -0.401318
v -0.101844 -0.221844 -0.394637
v 0.139786 -0.223405 -0.397261
v 0.159153 -0.219807 -0.401676
v 0.177895 -0.217895 -0.404848
v 0.202996 -0.219919 -0.404644
v 0.220261 -0.219936 -0.401405
v -0.317594 -0.200033 -0.397594
v -0.300934 -0.199991 -0.401069
v -0.280000 -0.199991 -0.401787
v -0.260005 -0.199991 -0.401714
v -0.240001 -0.199987 -0.401671
v -0.220008 -0.199987 -0.401563
v -0.199996 -0.199995 -0.401547
v -0.179956 -0.199999 -0.401832
v -0.159916 -0.199978 -0.402629
v -0.140020 -0.199985 -0.403007
v -0.120049 -0.199937 -0.399526
v 0.164635 -0.204635 -0.395365
v 0.179557 -0.200201 -0.402241
v 0.199857 -0.200150 -0.404470
v 0.220770 -0.200003 -0.402089
v 0.237315 -0.200252 -0.395103
v -0.317191 -0.179833 -0.397191
v -0.300739 -0.180015 -0.400931
v -0.279981 -0.179980 -0.401966
v -0.260003 -0.179956 -0.402165
v -0.240006 -0.179966 -0.401890
v -0.219935 -0.179898 -0.401994
v -0.199921 -0.179725 -0.402415
v -0.180000 -0.179674 -0.402811
v -0.160004 -0.179829 -0.403101
v -0.140013 -0.179901 -0.403465
v -0.119747 -0.179922 -0.401246
v 0.179906 -0.179981 -0.400945
v 0.199921 -0.180002 -0.404034
v 0.221451 -0.179955 -0.402346
v 0.238520 -0.180103 -0.397383
v -0.300145 -0.158804 -0.400456
v -0.279940 -0.159986 -0.402259
v -0.259967 -0.159931 -0.402651
v -0.239895 -0.159773 -0.402839
v -0.219934 -0.159735 -0.403916
v -0.199927 -0.159982 -0.404826
v -0.180070 -0.160112 -0.404859
v -0.160243 -0.160231 -0.403692
v -0.139857 -0.158716 -0.402448
v -0.118618 -0.159878 -0.402837
v -0.102019 -0.160318 -0.396076
v 0.161084 -0.158969 -0.398912
v 0.180261 -0.159755 -0.403675
v 0.199942 -0.159956 -0.404078
v 0.219822 -0.159924 -0.403185
v 0.239886 -0.159729 -0.399427
v -0.299065 -0.140758 -0.398742
v -0.279859 -0.139985 -0.402404
v -0.259863 -0.139852 -0.403594
v -0.241016 -0.141067 -0.404650
v -0.219048 -0.141310 -0.404444
v -0.200087 -0.140242 -0.403143
v -0.180072 -0.140245 -0.402094
v -0.160232 -0.140126 -0.399870
v -0.140052 -0.139895 -0.396825
v -0.121384 -0.140064 -0.402870
v -0.100061 -0.139678 -0.399795
v 0.140262 -0.139786 -0.399783
v 0.160211 -0.139736 -0.403819
v 0.180123 -0.139891 -0.404509
v 0.199866 -0.139904 -0.404519
v 0.219898 -0.139930 -0.403892
v 0.239771 -0.139835 -0.402444
v 0.257718 -0.139623 -0.398045
v 0.280000 -0.140000 -0.390463
v -0.296778 -0.119866 -0.396778
v -0.281281 -0.119953 -0.402387
v -0.260962 -0.121078 -0.404415
v -0.242417 -0.122417 -0.405053
v -0.219314 -0.121252 -0.404289
v -0.200142 -0.120037 -0.402338
v -0.180064 -0.120043 -0.401180
v -0.161127 -0.119956 -0.399394
v -0.139953 -0.119756 -0.397197
v -0.120896 -0.120011 -0.401665
v -0.099794 -0.119927 -0.402174
v 0.120107 -0.119870 -0.399887
v 0.140152 -0.119675 -0.404397
v 0.159826 -0.120116 -0.403877
v 0.180012 -0.120408 -0.402918
v 0.199857 -0.120476 -0.402355
v 0.220000 -0.119612 -0.400581
v 0.240093 -0.120155 -0.403149
v 0.261130 -0.121129 -0.401315
v 0.279526 -0.119623 -0.397644
v 0.300000 -0.120000 -0.392346
v -0.299039 -0.098418 -0.397958
v -0.279740 -0.099914 -0.403253
v -0.263128 -0.099978 -0.404849
v -0.240000 -0.100000 -0.406594
v -0.219427 -0.099103 -0.403572
v -0.198623 -0.098853 -0.400514
v -0.179971 -0.101172 -0.399421
v -0.159718 -0.099860 -0.397670
v -0.139855 -0.099739 -0.396258
v -0.120609 -0.099995 -0.401483
v -0.099028 -0.099906 -0.403533
v -0.083063 -0.100180 -0.394029
v 0.103916 -0.100320 -0.396952
v 0.119459 -0.100993 -0.404064
v 0.142479 -0.097521 -0.405417
v 0.159729 -0.100073 -0.402350
v 0.181238 -0.100022 -0.400599
v 0.200064 -0.101125 -0.399068
v 0.220152 -0.099902 -0.396895
v 0.241018 -0.101081 -0.398162
v 0.260073 -0.100034 -0.403371
v 0.280852 -0.100983 -0.401030
v 0.299633 -0.099344 -0.397220
v 0.320000 -0.100000 -0.390905
v -0.319759 -0.079397 -0.395784
v -0.301408 -0.079921 -0.401717
v -0.279831 -0.079983 -0.403688
v -0.261026 -0.078796 -0.404651
v -0.236894 -0.080131 -0.404780
v -0.220362 -0.080113 -0.402318
v -0.200904 -0.079893 -0.399144
v -0.179854 -0.079579 -0.397007
v -0.160967 -0.080814 -0.395600
v -0.140000 -0.080000 -0.392544
v -0.120066 -0.079972 -0.400907
v -0.096347 -0.080110 -0.403064
v 0.101322 -0.080022 -0.399156
v 0.116969 -0.079904 -0.404872
v 0.142377 -0.077623 -0.405376
v 0.159775 -0.080050 -0.401965
v 0.180399 -0.078974 -0.400113
v 0.200036 -0.080010 -0.399058
v 0.220166 -0.080099 -0.397768
v 0.239944 -0.080018 -0.396144
v 0.259071 -0.079976 -0.402113
v 0.279729 -0.079843 -0.403296
v 0.300110 -0.080228 -0.400187
v 0.317197 -0.080405 -0.395406
v -0.337645 -0.057645 -0.397645
v -0.320739 -0.060988 -0.400964
v -0.299868 -0.059937 -0.402796
v -0.279885 -0.059982 -0.403848
v -0.259834 -0.059998 -0.404546
v -0.240284 -0.060061 -0.404623
v -0.220146 -0.059902 -0.399624
v -0.199652 -0.062689 -0.395620
v -0.180000 -0.060000 -0.392819
v -0.160000 -0.060000 -0.393116
v -0.138562 -0.056655 -0.397561
v -0.120900 -0.058469 -0.404479
v -0.099523 -0.058984 -0.400561
v 0.101063 -0.059995 -0.399354
v 0.116970 -0.060050 -0.404806
v 0.140730 -0.058901 -0.404266
v 0.159845 -0.060069 -0.401635
v 0.179521 -0.059995 -0.399770
v 0.200003 -0.060003 -0.399219
v 0.220034 -0.060046 -0.399090
v 0.241130 -0.060201 -0.398305
v 0.260413 -0.059836 -0.403813
v 0.279716 -0.060027 -0.403726
v 0.300939 -0.060012 -0.401113
v 0.318375 -0.059977 -0.397364
v -0.355053 -0.035053 -0.395053
v -0.340152 -0.040399 -0.400412
v -0.319895 -0.039932 -0.402357
v -0.299908 -0.039960 -0.403254
v -0.279913 -0.039985 -0.403945
v -0.259865 -0.040028 -0.404502
v -0.240172 -0.039884 -0.404644
v -0.219121 -0.039723 -0.401845
v -0.200859 -0.037849 -0.396903
v -0.180119 -0.036176 -0.397338
v -0.159957 -0.040007 -0.399801
v -0.139682 -0.039652 -0.404435
v -0.120358 -0.040237 -0.404467
v -0.104098 -0.040901 -0.396701
v 0.102516 -0.039905 -0.398220
v 0.117260 -0.040149 -0.404419
v 0.139555 -0.040090 -0.402412
v 0.159301 -0.040840 -0.399494
v 0.179999 -0.039934 -0.398772
v 0.199986 -0.039981 -0.399066
v 0.221456 -0.039990 -0.399294
v 0.240197 -0.041070 -0.401058
v 0.259962 -0.039977 -0.404364
v 0.279764 -0.040190 -0.402716
v 0.299984 -0.040036 -0.399984
v 0.318105 -0.041895 -0.395263
v -0.355682 -0.020023 -0.395682
v -0.340626 -0.019969 -0.401431
v -0.319901 -0.019944 -0.402972
v -0.299944 -0.019958 -0.403550
v -0.279959 -0.020014 -0.403910
v -0.259939 -0.020090 -0.404153
v -0.239971 -0.020107 -0.404355
v -0.220066 -0.019954 -0.404630
v -0.200060 -0.019746 -0.404221
v -0.179895 -0.019760 -0.404430
v -0.159936 -0.019938 -0.404771
v -0.140209 -0.020220 -0.404364
v -0.120175 -0.020245 -0.399752
v 0.104202 -0.024202 -0.395797
v 0.119363 -0.020167 -0.402708
v 0.139653 -0.019802 -0.403455
v 0.159286 -0.019419 -0.399161
v 0.180073 -0.018742 -0.397875
v 0.200038 -0.018207 -0.397752
v 0.220585 -0.019291 -0.399218
v 0.240225 -0.019965 -0.403268
v 0.259740 -0.020281 -0.402902
v 0.279940 -0.020063 -0.399932
v 0.299256 -0.020604 -0.396136
v -0.355787 -0.004213 -0.395787
v -0.340672 -0.000010 -0.401582
v -0.319893 0.000021 -0.403364
v -0.299980 0.000007 -0.403763
v -0.279981 0.000005 -0.403837
v -0.259993 0.000003 -0.403824
v -0.239971 -0.000034 -0.403934
v -0.219983 -0.000104 -0.404220
v -0.200001 -0.000172 -0.404116
v -0.179997 -0.000198 -0.404190
v -0.160097 -0.000282 -0.404087
v -0.139841 0.000395 -0.400850
v 0.120758 -0.001676 -0.398345
v 0.140192 -0.000233 -0.404270
v 0.159833 0.000251 -0.404033
v 0.179979 0.000539 -0.404023
v 0.199916 0.000431 -0.402878
v 0.220061 0.000093 -0.403153
v 0.239847 -0.000218 -0.402012
v 0.258104 -0.001369 -0.398777
v 0.278023 -0.001977 -0.394798
v -0.340344 0.020931 -0.400363
v -0.319876 0.019906 -0.403008
v -0.299959 0.019958 -0.403688
v -0.279970 0.019992 -0.403780
v -0.259993 0.020004 -0.403992
v -0.240011 0.020002 -0.403961
v -0.220030 0.019984 -0.403683
v -0.200032 0.019973 -0.403589
v -0.180053 0.019912 -0.403253
v -0.159206 0.019852 -0.401599
v -0.142658 0.020646 -0.395087
v 0.139843 0.020196 -0.400125
v 0.160168 0.019720 -0.403785
v 0.180002 0.019795 -0.404256
v 0.199827 0.019782 -0.403837
v 0.221437 0.019868 -0.401511
v 0.239731 0.017719 -0.398086
v -0.338319 0.038319 -0.398319
v -0.321079 0.040786 -0.401156
v -0.299880 0.039861 -0.403127
v -0.279959 0.039919 -0.403524
v -0.259960 0.039950 -0.403902
v -0.240022 0.039973 -0.403909
v -0.220034 0.039976 -0.403586
v -0.200035 0.039981 -0.403506
v -0.180146 0.039942 -0.402761
v -0.160972 0.038424 -0.399123
v 0.144260 0.035740 -0.395740
v 0.159668 0.040701 -0.401002
v 0.180042 0.039862 -0.403027
v 0.199819 0.039887 -0.402467
v 0.219083 0.038689 -0.399346
v -0.317351 0.057351 -0.397351
v -0.299625 0.059599 -0.399507
v -0.279908 0.060750 -0.402044
v -0.259948 0.059843 -0.403225
v -0.239976 0.059878 -0.403449
v -0.220013 0.059943 -0.403452
v -0.200040 0.059954 -0.403237
v -0.178480 0.059981 -0.402022
v -0.161263 0.059986 -0.397578
v 0.161739 0.060203 -0.396490
v 0.178755 0.059930 -0.401896
v 0.201104 0.059970 -0.401187
v 0.218622 0.060056 -0.397316
v -0.260304 0.076727 -0.398926
v -0.240089 0.080310 -0.399862
v -0.219902 0.080532 -0.402044
v -0.199991 0.079921 -0.402875
v -0.180090 0.080012 -0.402347
v -0.161156 0.080463 -0.398888
v 0.162414 0.079851 -0.395046
v 0.179084 0.080018 -0.401789
v 0.200479 0.079990 -0.400794
v 0.217691 0.080027 -0.395021
v -0.200264 0.100608 -0.400407
v -0.180027 0.099966 -0.402285
v -0.159832 0.098976 -0.400454
v -0.144606 0.104606 -0.395394
v 0.139540 0.102570 -0.394763
v 0.159587 0.099600 -0.399905
v 0.179983 0.100014 -0.402261
v 0.200066 0.100227 -0.400148
v 0.215670 0.095670 -0.395670
v -0.196788 0.121125 -0.396788
v -0.181345 0.119954 -0.401585
v -0.160076 0.120047 -0.401606
v -0.141596 0.121751 -0.399145
v 0.044258 0.124258 -0.395742
v 0.059866 0.121920 -0.395962
v 0.079969 0.123318 -0.398346
v 0.102278 0.120272 -0.398832
v 0.120023 0.119841 -0.400779
v 0.140064 0.119062 -0.401791
v 0.159989 0.119978 -0.402222
v 0.181083 0.120997 -0.401063
v 0.200019 0.119137 -0.397107
v -0.180879 0.140606 -0.400351
v -0.160025 0.140007 -0.401785
v -0.140056 0.140074 -0.401388
v -0.120094 0.139894 -0.399210
v -0.099972 0.141654 -0.396857
v -0.080012 0.141821 -0.396285
v -0.060012 0.141683 -0.396514
v -0.040044 0.143098 -0.398294
v -0.019071 0.139960 -0.398671
v 0.000081 0.139938 -0.399832
v 0.020012 0.139787 -0.400854
v 0.040022 0.139454 -0.401329
v 0.060023 0.138898 -0.401752
v 0.079994 0.140059 -0.402112
v 0.100014 0.139973 -0.402353
v 0.119964 0.141237 -0.401859
v 0.139969 0.140417 -0.401243
v 0.159962 0.139990 -0.399949
v 0.180287 0.138449 -0.397264
v -0.177656 0.157838 -0.399489
v -0.159977 0.159973 -0.401870
v -0.139988 0.160020 -0.402035
v -0.120013 0.160053 -0.402089
v -0.099993 0.158778 -0.401755
v -0.079972 0.158811 -0.401930
v -0.059984 0.158696 -0.402061
v -0.039988 0.160094 -0.402675
v -0.020069 0.159988 -0.402948
v -0.000035 0.160988 -0.402181
v 0.019951 0.160616 -0.401772
v 0.039994 0.160092 -0.400715
v 0.060371 0.160106 -0.399988
v 0.080015 0.157868 -0.399084
v 0.100026 0.156796 -0.398159
v 0.120206 0.158147 -0.395824
v 0.135028 0.155028 -0.395028
v -0.175539 0.175539 -0.395539
v -0.160226 0.180259 -0.400149
v -0.139956 0.179924 -0.401658
v -0.119977 0.179957 -0.401959
v -0.099976 0.179961 -0.402200
v -0.080079 0.179848 -0.402519
v -0.060022 0.180182 -0.400882
v -0.039555 0.180197 -0.399971
v -0.019910 0.177230 -0.398170
v 0.000430 0.175775 -0.395775
v -0.155330 0.195330 -0.395330
v -0.140335 0.195482 -0.398809
v -0.120001 0.199563 -0.399777
v -0.099999 0.198563 -0.399148
v -0.079715 0.195419 -0.398581
v -0.088150 -0.324431 -0.388150
v -0.070648 -0.331518 -0.390116
v -0.050073 -0.332791 -0.390361
v -0.030533 -0.329504 -0.389463
v -0.010000 -0.321980 -0.390000
v -0.107975 -0.307985 -0.389452
v -0.090000 -0.310000 -0.399965
v 0.011823 -0.313114 -0.391353
v 0.028641 -0.308443 -0.390244
v 0.050000 -0.303078 -0.390000
v -0.267818 -0.283857 -0.387818
v -0.250058 -0.286290 -0.388014
v -0.231868 -0.284680 -0.388132
v -0.210000 -0.280177 -0.390000
v -0.126170 -0.285617 -0.388718
v 0.071626 -0.294164 -0.394851
v 0.090564 -0.291073 -0.390327
v 0.108298 -0.286103 -0.388298
v 0.130000 -0.281972 -0.390000
v -0.290348 -0.270147 -0.390461
v -0.210000 -0.270000 -0.399526
v -0.189479 -0.272853 -0.391537
v -0.171381 -0.267571 -0.388536
v -0.150000 -0.261660 -0.390000
v -0.134411 -0.271295 -0.394006
v -0.030000 -0.270000 -0.398958
v -0.010000 -0.270000 -0.398980
v 0.150000 -0.279230 -0.390000
v 0.170901 -0.273927 -0.392494
v 0.190384 -0.271119 -0.390216
v 0.208263 -0.264453 -0.388263
v -0.308921 -0.249199 -0.390661
v -0.070348 -0.246442 -0.392598
v -0.050829 -0.250143 -0.389360
v -0.029931 -0.253082 -0.387315
v -0.010021 -0.253311 -0.387077
v 0.009940 -0.252377 -0.387724
v 0.031166 -0.250841 -0.389132
v 0.050176 -0.247533 -0.392445
v 0.067598 -0.247598 -0.397268
v 0.212499 -0.252499 -0.397321
v 0.228545 -0.247748 -0.388362
v -0.314391 -0.231533 -0.394218
v -0.088884 -0.228877 -0.391491
v -0.071663 -0.231663 -0.384708
v 0.069600 -0.234075 -0.386107
v 0.090941 -0.230351 -0.390018
v 0.110179 -0.227243 -0.392666
v 0.127593 -0.227593 -0.397367
v 0.233007 -0.229801 -0.392622
v -0.321175 -0.210000 -0.390000
v -0.310000 -0.210000 -0.399684
v -0.106869 -0.210380 -0.392300
v -0.091753 -0.211753 -0.384732
v 0.131262 -0.214185 -0.385837
v 0.151200 -0.210779 -0.389677
v 0.232283 -0.212283 -0.396243
v 0.246314 -0.210211 -0.386688
v -0.322185 -0.190000 -0.390000
v -0.108050 -0.189869 -0.391721
v -0.090000 -0.190000 -0.380179
v 0.167790 -0.190120 -0.392176
v 0.249835 -0.188584 -0.389194
v -0.314621 -0.168353 -0.394549
v -0.107753 -0.172247 -0.396425
v -0.094344 -0.168714 -0.386454
v 0.152771 -0.167289 -0.387697
v 0.168021 -0.171979 -0.395947
v 0.250711 -0.170691 -0.391882
v 0.267793 -0.167793 -0.383740
v -0.311089 -0.149840 -0.389595
v -0.150000 -0.150000 -0.399737
v -0.090284 -0.147917 -0.388614
v -0.070000 -0.150000 -0.380225
v 0.130739 -0.147780 -0.387988
v 0.147986 -0.152014 -0.396172
v 0.252247 -0.152247 -0.396197
v 0.270059 -0.150055 -0.389512
v 0.288082 -0.148082 -0.384635
v -0.299575 -0.130000 -0.390000
v -0.290000 -0.130000 -0.399531
v -0.150000 -0.130000 -0.398526
v -0.130000 -0.130000 -0.398922
v -0.088336 -0.129902 -0.391448
v -0.070000 -0.130000 -0.381200
v 0.110872 -0.128695 -0.387842
v 0.127579 -0.132421 -0.397246
v 0.272127 -0.132127 -0.395635
v 0.290541 -0.130122 -0.391346
v 0.309303 -0.129642 -0.386811
v 0.330000 -0.130000 -0.380652
v -0.296667 -0.112349 -0.387651
v -0.290000 -0.110000 -0.399003
v -0.170000 -0.110000 -0.399440
v -0.150000 -0.110000 -0.396750
v -0.130000 -0.110000 -0.396586
v -0.085794 -0.111286 -0.393855
v -0.070000 -0.110000 -0.381783
v 0.092137 -0.107863 -0.383706
v 0.105606 -0.111234 -0.393808
v 0.210000 -0.110000 -0.398267
v 0.230000 -0.110000 -0.398445
v 0.292487 -0.112487 -0.396200
v 0.310542 -0.110750 -0.391658
v 0.329645 -0.109023 -0.386154
v -0.312230 -0.092271 -0.391043
v -0.190000 -0.090000 -0.399125
v -0.170000 -0.090000 -0.398070
v -0.147919 -0.087919 -0.394764
v -0.131838 -0.088162 -0.394328
v -0.087627 -0.087627 -0.397241
v -0.074466 -0.091497 -0.386215
v 0.091554 -0.090120 -0.388493
v 0.190000 -0.090000 -0.399633
v 0.210000 -0.090000 -0.398246
v 0.230000 -0.090000 -0.396130
v 0.250000 -0.090000 -0.399131
v 0.311933 -0.091933 -0.394802
v 0.329918 -0.089657 -0.389582
v 0.350000 -0.090000 -0.381685
v -0.332115 -0.070682 -0.391372
v -0.210000 -0.070000 -0.399224
v -0.187751 -0.067751 -0.395213
v -0.169968 -0.067322 -0.394254
v -0.150019 -0.069962 -0.392567
v -0.132888 -0.069572 -0.394883
v -0.087875 -0.070183 -0.392063
v -0.070000 -0.070000 -0.380506
v 0.088968 -0.069930 -0.388824
v 0.190000 -0.070000 -0.399398
v 0.210000 -0.070000 -0.398914
v 0.230000 -0.070000 -0.397531
v 0.250000 -0.070000 -0.397700
v 0.310000 -0.070000 -0.399190
v 0.330311 -0.069740 -0.392502
v 0.347035 -0.070173 -0.384873
v -0.350627 -0.050119 -0.389525
v -0.207612 -0.052387 -0.394873
v -0.190125 -0.049756 -0.392406
v -0.170899 -0.050374 -0.392859
v -0.152142 -0.052142 -0.395374
v -0.090340 -0.052136 -0.388222
v 0.090803 -0.049964 -0.389215
v 0.190000 -0.050000 -0.399088
v 0.210000 -0.050000 -0.399371
v 0.230000 -0.050000 -0.399233
v 0.310000 -0.050000 -0.398870
v 0.330204 -0.050263 -0.391952
v 0.347016 -0.049782 -0.384895
v -0.358668 -0.030000 -0.390000
v -0.350000 -0.030000 -0.398452
v -0.106339 -0.030581 -0.393389
v -0.092468 -0.032468 -0.383037
v 0.093673 -0.029558 -0.386323
v 0.150000 -0.030000 -0.399418
v 0.170000 -0.030000 -0.397891
v 0.190000 -0.030000 -0.398519
v 0.210000 -0.030000 -0.398959
v 0.230000 -0.030000 -0.399393
v 0.312782 -0.030487 -0.394588
v 0.329838 -0.030823 -0.388897
v 0.350000 -0.030000 -0.381158
v -0.358134 -0.010000 -0.390000
v -0.350000 -0.010000 -0.398866
v -0.127625 -0.007625 -0.397357
v -0.112569 -0.011494 -0.387772
v 0.108435 -0.009116 -0.391560
v 0.190000 -0.010000 -0.398494
v 0.210000 -0.010000 -0.397623
v 0.270000 -0.010000 -0.399321
v 0.289546 -0.007533 -0.394078
v 0.309956 -0.010020 -0.389787
v 0.327996 -0.012004 -0.384760
v -0.352425 0.011880 -0.391620
v -0.129778 0.010342 -0.390077
v 0.114503 0.008731 -0.385719
v 0.127993 0.012007 -0.396363
v 0.251190 0.014494 -0.393396
v 0.270296 0.009772 -0.390911
v 0.290225 0.006750 -0.387861
v 0.310000 0.010000 -0.380774
v -0.345006 0.027636 -0.387636
v -0.146432 0.030977 -0.392869
v -0.132250 0.027750 -0.382821
v 0.132330 0.029243 -0.387663
v 0.231858 0.031858 -0.395447
v 0.245519 0.028807 -0.386264
v -0.330112 0.049982 -0.389933
v -0.149850 0.048667 -0.388722
v 0.149810 0.050437 -0.390201
v 0.230037 0.048832 -0.388709
v -0.310000 0.060596 -0.390000
v -0.289442 0.068713 -0.389839
v -0.272258 0.073915 -0.392375
v -0.150536 0.070754 -0.389491
v 0.153980 0.070067 -0.386053
v 0.170000 0.070000 -0.399416
v 0.210000 0.070000 -0.399180
v 0.226327 0.070214 -0.385884
v -0.250000 0.083699 -0.390000
v -0.228782 0.088717 -0.389952
v -0.211175 0.092571 -0.391544
v -0.147302 0.090259 -0.392443
v 0.150355 0.090400 -0.389299
v 0.210000 0.090000 -0.398876
v 0.220295 0.090000 -0.390000
v -0.201118 0.110000 -0.390000
v -0.150000 0.110000 -0.399196
v -0.130509 0.110668 -0.388946
v 0.052298 0.116781 -0.387702
v 0.069844 0.112873 -0.386862
v 0.089955 0.111217 -0.388709
v 0.108385 0.109144 -0.390075
v 0.128787 0.106204 -0.393528
v 0.211814 0.111388 -0.391751
v -0.192796 0.130166 -0.390080
v -0.127617 0.127617 -0.396548
v -0.109175 0.129671 -0.390188
v -0.089902 0.132636 -0.387266
v -0.069989 0.133228 -0.386429
v -0.050072 0.132878 -0.386803
v -0.030059 0.131300 -0.388559
v -0.011313 0.129331 -0.390020
v 0.010110 0.127719 -0.392345
v 0.030236 0.125859 -0.394055
v 0.050000 0.130000 -0.399200
v 0.192001 0.132001 -0.395802
v 0.206559 0.129155 -0.386492
v -0.188602 0.147221 -0.389489
v 0.130000 0.159981 -0.390000
v 0.130000 0.150000 -0.398724
v 0.149823 0.153401 -0.393377
v 0.171533 0.150366 -0.390860
v 0.188631 0.144642 -0.388631
v -0.178894 0.170000 -0.390000
v -0.170000 0.170000 -0.399449
v 0.011571 0.173919 -0.394290
v 0.030502 0.172193 -0.390989
v 0.050152 0.169735 -0.390236
v 0.070034 0.168816 -0.387854
v 0.090097 0.167189 -0.388501
v 0.110236 0.165806 -0.387663
v -0.165612 0.186182 -0.388621
v -0.151815 0.195037 -0.388185
v -0.150000 0.190000 -0.397293
v -0.068581 0.193997 -0.394117
v -0.050352 0.192510 -0.390074
v -0.031156 0.189118 -0.387859
v -0.012256 0.183670 -0.387744
v -0.127616 0.204810 -0.387616
v -0.110029 0.205837 -0.387312
v -0.090000 0.202693 -0.390000
v -0.080000 -0.330963 -0.380000
v -0.060000 -0.334934 -0.380000
v -0.040000 -0.333536 -0.380000
v -0.097577 -0.317881 -0.380046
v -0.017536 -0.326174 -0.382464
v -0.000089 -0.319444 -0.380046
v 0.020000 -0.312823 -0.380000
v -0.118487 -0.298241 -0.380070
v 0.043172 -0.305208 -0.379980
v 0.060064 -0.300167 -0.380217
v 0.077114 -0.295218 -0.379947
v -0.279980 -0.280215 -0.379934
v -0.260000 -0.288360 -0.380000
v -0.240000 -0.289224 -0.380000
v -0.220698 -0.283630 -0.379901
v -0.200674 -0.277780 -0.379868
v -0.180000 -0.272124 -0.380000
v -0.135651 -0.275240 -0.380061
v 0.100000 -0.288183 -0.380000
v 0.119388 -0.283893 -0.380001
v 0.140582 -0.280466 -0.380502
v 0.160312 -0.277685 -0.380114
v 0.177767 -0.274965 -0.377767
v 0.200000 -0.270500 -0.380000
v -0.301267 -0.260275 -0.379368
v -0.157841 -0.263565 -0.380098
v -0.144499 -0.264499 -0.380167
v 0.220890 -0.260309 -0.381122
v -0.315330 -0.237157 -0.379731
v -0.060439 -0.235897 -0.382884
v -0.040726 -0.240035 -0.378825
v -0.019961 -0.240188 -0.377597
v 0.000015 -0.240144 -0.377444
v 0.020021 -0.240001 -0.377481
v 0.039260 -0.240020 -0.380555
v 0.058289 -0.238289 -0.385641
v 0.240352 -0.241120 -0.380904
v -0.320971 -0.220581 -0.380131
v -0.078700 -0.218130 -0.381463
v -0.059743 -0.219892 -0.376302
v -0.039881 -0.220119 -0.375806
v -0.019936 -0.220225 -0.375454
v 0.000019 -0.217030 -0.375466
v 0.020036 -0.216872 -0.375204
v 0.041200 -0.218703 -0.375000
v 0.059842 -0.221253 -0.376341
v 0.079883 -0.220174 -0.377846
v 0.098429 -0.218406 -0.381034
v 0.120416 -0.217214 -0.385461
v 0.242307 -0.222307 -0.387079
v 0.253261 -0.217952 -0.377952
v -0.321888 -0.199961 -0.380553
v -0.097883 -0.200353 -0.383528
v -0.081067 -0.200012 -0.378492
v -0.059918 -0.200113 -0.377306
v -0.039979 -0.200149 -0.376869
v -0.019956 -0.200159 -0.376701
v 0.000022 -0.200167 -0.376400
v 0.020031 -0.200179 -0.376287
v 0.040030 -0.200192 -0.375990
v 0.060042 -0.200181 -0.375901
v 0.080011 -0.200116 -0.375567
v 0.099992 -0.199933 -0.375348
v 0.119935 -0.201246 -0.376208
v 0.141005 -0.200391 -0.377766
v 0.158668 -0.198668 -0.384856
v 0.258810 -0.198606 -0.378828
v -0.320975 -0.179466 -0.380383
v -0.097308 -0.179661 -0.385131
v -0.080203 -0.179018 -0.379681
v -0.059967 -0.180069 -0.378480
v -0.039968 -0.180072 -0.378035
v -0.019975 -0.180069 -0.377677
v 0.000014 -0.180088 -0.377461
v 0.020019 -0.180093 -0.377382
v 0.040029 -0.180096 -0.377093
v 0.060030 -0.180118 -0.376805
v 0.080061 -0.180144 -0.376567
v 0.100117 -0.180154 -0.375861
v 0.118800 -0.178972 -0.375345
v 0.139586 -0.180256 -0.376134
v 0.155905 -0.179505 -0.383046
v 0.262955 -0.179701 -0.382309
v 0.277996 -0.177996 -0.373125
v -0.315229 -0.161798 -0.381798
v -0.078831 -0.159651 -0.381134
v -0.059980 -0.160024 -0.379169
v -0.039971 -0.160028 -0.378893
v -0.019984 -0.160041 -0.378274
v 0.000013 -0.160035 -0.378044
v 0.020005 -0.160044 -0.378002
v 0.040023 -0.160060 -0.377887
v 0.060020 -0.160056 -0.377581
v 0.080039 -0.160059 -0.377401
v 0.100045 -0.160142 -0.376798
v 0.119886 -0.158901 -0.377455
v 0.138084 -0.161351 -0.382244
v 0.260000 -0.160000 -0.389976
v 0.281152 -0.160874 -0.381301
v 0.300441 -0.157537 -0.375343
v -0.300012 -0.140312 -0.380242
v -0.078288 -0.139934 -0.382992
v -0.060087 -0.139468 -0.379927
v -0.039985 -0.140011 -0.379375
v -0.019986 -0.140018 -0.378995
v 0.000010 -0.140026 -0.378611
v 0.020004 -0.140022 -0.378460
v 0.040019 -0.140013 -0.378196
v 0.060022 -0.140020 -0.378039
v 0.080005 -0.140048 -0.377856
v 0.100843 -0.138986 -0.378584
v 0.118688 -0.141312 -0.384600
v 0.299668 -0.144341 -0.383207
v 0.320003 -0.139998 -0.380019
v 0.338158 -0.138158 -0.374976
v -0.295004 -0.124996 -0.384996
v -0.289457 -0.120000 -0.380000
v -0.077883 -0.119925 -0.384003
v -0.058442 -0.119992 -0.380387
v -0.039991 -0.120000 -0.379503
v -0.019982 -0.120000 -0.378982
v 0.000003 -0.119999 -0.378777
v 0.020003 -0.120009 -0.378880
v 0.040023 -0.120015 -0.378481
v 0.060008 -0.120016 -0.378290
v 0.081132 -0.120049 -0.378593
v 0.098244 -0.119668 -0.383285
v 0.322133 -0.122133 -0.385547
v 0.340000 -0.119993 -0.379982
v 0.357540 -0.117540 -0.373463
v -0.300368 -0.102033 -0.378593
v -0.075117 -0.104883 -0.384883
v -0.060004 -0.100068 -0.379992
v -0.039990 -0.099989 -0.379393
v -0.019982 -0.099984 -0.378800
v 0.000011 -0.099978 -0.378552
v 0.019995 -0.099968 -0.378648
v 0.040025 -0.099969 -0.378370
v 0.059982 -0.099994 -0.378384
v 0.080252 -0.100033 -0.379193
v 0.341979 -0.099769 -0.383361
v 0.356119 -0.100183 -0.377558
v -0.322282 -0.082262 -0.378186
v -0.076993 -0.080322 -0.385804
v -0.060078 -0.079996 -0.379865
v -0.039966 -0.079979 -0.378706
v -0.019991 -0.079968 -0.378463
v 0.000022 -0.079972 -0.378185
v 0.020002 -0.079968 -0.378117
v 0.040021 -0.079959 -0.377869
v 0.059966 -0.079950 -0.377903
v 0.079688 -0.081051 -0.380392
v 0.342299 -0.082299 -0.385906
v 0.360091 -0.080115 -0.378183
v -0.339994 -0.060453 -0.379550
v -0.078607 -0.060124 -0.382501
v -0.060918 -0.059954 -0.379111
v -0.039950 -0.059932 -0.378027
v -0.019992 -0.059939 -0.377838
v 0.000021 -0.059935 -0.377626
v 0.020017 -0.059927 -0.377469
v 0.040019 -0.059921 -0.377290
v 0.059969 -0.059928 -0.377229
v 0.079970 -0.059179 -0.380469
v 0.340000 -0.060000 -0.388760
v 0.360152 -0.059980 -0.378730
v -0.357580 -0.038458 -0.379893
v -0.080150 -0.040520 -0.379526
v -0.059966 -0.039895 -0.377637
v -0.039965 -0.039917 -0.377363
v -0.019988 -0.039924 -0.377097
v 0.000027 -0.039918 -0.376989
v 0.020036 -0.039901 -0.376702
v 0.040023 -0.039887 -0.376626
v 0.059983 -0.039856 -0.376398
v 0.080182 -0.039897 -0.378648
v 0.342162 -0.037838 -0.385511
v 0.359310 -0.040647 -0.378414
v -0.358990 -0.019863 -0.379798
v -0.098672 -0.018165 -0.381605
v -0.079851 -0.019788 -0.377062
v -0.059977 -0.019850 -0.376555
v -0.040014 -0.019889 -0.376544
v -0.019974 -0.019916 -0.376533
v 0.000038 -0.019896 -0.376251
v 0.020050 -0.019888 -0.376062
v 0.040038 -0.019874 -0.375704
v 0.060023 -0.019847 -0.375560
v 0.081173 -0.019767 -0.376769
v 0.098416 -0.018416 -0.385954
v 0.320000 -0.020000 -0.389589
v 0.341440 -0.017975 -0.381749
v 0.357458 -0.019533 -0.375718
v -0.357230 -0.000600 -0.380398
v -0.118380 0.001620 -0.385374
v -0.100862 0.000289 -0.377588
v -0.079996 0.000205 -0.375709
v -0.059995 0.000102 -0.375683
v -0.040037 0.000101 -0.375845
v -0.019957 0.000122 -0.375823
v 0.000023 0.000103 -0.375649
v 0.020101 0.000131 -0.375365
v 0.040037 -0.003246 -0.375057
v 0.060000 -0.000000 -0.374642
v 0.082363 -0.002363 -0.374880
v 0.100613 -0.001010 -0.379111
v 0.302445 0.002445 -0.386612
v 0.321957 0.001126 -0.381713
v 0.339374 -0.000328 -0.376818
v -0.344500 0.021473 -0.378527
v -0.120285 0.019328 -0.378045
v -0.102232 0.017768 -0.375025
v -0.077561 0.017561 -0.374989
v -0.060038 0.020094 -0.375260
v -0.039979 0.020109 -0.375324
v -0.019965 0.016831 -0.375180
v 0.000004 0.016729 -0.375014
v 0.020000 0.020000 -0.374336
v 0.040000 0.020000 -0.373923
v 0.060000 0.020000 -0.373464
v 0.080000 0.020000 -0.373212
v 0.102276 0.017724 -0.374400
v 0.119621 0.020738 -0.381014
v 0.259670 0.024128 -0.383665
v 0.282197 0.020233 -0.381375
v 0.300121 0.018378 -0.378674
v 0.317858 0.017858 -0.373383
v -0.338268 0.037448 -0.379691
v -0.138725 0.041137 -0.380940
v -0.122175 0.037825 -0.374807
v -0.100000 0.040000 -0.373851
v -0.080000 0.040000 -0.374537
v -0.060000 0.040000 -0.374672
v -0.040000 0.040000 -0.374468
v -0.020000 0.040000 -0.373953
v 0.000000 0.040000 -0.373596
v 0.020000 0.040000 -0.373217
v 0.040000 0.040000 -0.373033
v 0.060000 0.040000 -0.372592
v 0.080000 0.040000 -0.372197
v 0.100000 0.040000 -0.371752
v 0.121957 0.038043 -0.374836
v 0.136688 0.040746 -0.383075
v 0.241958 0.041386 -0.380239
v 0.255763 0.035763 -0.375763
v -0.317611 0.055954 -0.379575
v -0.301371 0.061549 -0.378225
v -0.139885 0.060047 -0.377262
v -0.120000 0.060000 -0.373170
v -0.100000 0.060000 -0.373131
v -0.080000 0.060000 -0.373801
v -0.060000 0.060000 -0.373761
v -0.040000 0.060000 -0.373441
v -0.020000 0.060000 -0.373125
v 0.000000 0.060000 -0.372540
v 0.020000 0.060000 -0.372279
v 0.040000 0.060000 -0.372125
v 0.060000 0.060000 -0.371716
v 0.080000 0.060000 -0.371183
v 0.100000 0.060000 -0.370820
v 0.120000 0.060000 -0.371064
v 0.140974 0.057645 -0.377626
v 0.236367 0.060346 -0.375804
v -0.280000 0.070307 -0.380000
v -0.258369 0.078184 -0.380360
v -0.240755 0.084013 -0.379295
v -0.220000 0.087338 -0.380000
v -0.140261 0.078524 -0.381235
v -0.120000 0.080000 -0.372727
v -0.100000 0.080000 -0.372269
v -0.080000 0.080000 -0.372615
v -0.060000 0.080000 -0.372735
v -0.040000 0.080000 -0.372398
v -0.020000 0.080000 -0.372069
v 0.000000 0.080000 -0.371653
v 0.020000 0.080000 -0.371347
v 0.040000 0.080000 -0.371225
v 0.060000 0.080000 -0.370962
v 0.080000 0.080000 -0.370796
v 0.100000 0.080000 -0.370736
v 0.120000 0.080000 -0.372277
v 0.140169 0.080432 -0.377820
v 0.226527 0.082307 -0.382307
v -0.201277 0.100748 -0.378806
v -0.137920 0.097920 -0.386932
v -0.121546 0.101984 -0.377347
v -0.100000 0.100000 -0.371418
v -0.080000 0.100000 -0.371303
v -0.060000 0.100000 -0.371509
v -0.040000 0.100000 -0.371622
v -0.020000 0.100000 -0.371613
v 0.000000 0.100000 -0.371490
v 0.020000 0.100000 -0.371407
v 0.040000 0.100000 -0.372046
v 0.061505 0.104500 -0.376140
v 0.079879 0.103288 -0.376868
v 0.099907 0.102004 -0.378057
v 0.118913 0.099047 -0.380820
v 0.135585 0.095585 -0.384415
v 0.222503 0.099805 -0.383207
v -0.196167 0.117627 -0.379506
v -0.118410 0.118410 -0.385447
v -0.101547 0.120611 -0.378295
v -0.079887 0.123886 -0.376434
v -0.060016 0.124149 -0.376185
v -0.040114 0.123639 -0.376573
v -0.020115 0.121998 -0.378078
v 0.000063 0.120355 -0.380051
v 0.020084 0.118222 -0.381717
v 0.040220 0.116153 -0.384088
v 0.218526 0.118566 -0.379573
v -0.190698 0.140000 -0.380000
v 0.200870 0.140778 -0.381040
v -0.180900 0.159878 -0.381072
v 0.100000 0.169073 -0.380000
v 0.122272 0.165588 -0.382272
v 0.139700 0.162157 -0.380620
v 0.159455 0.158441 -0.380629
v 0.177866 0.154572 -0.377866
v -0.175496 0.175496 -0.384504
v -0.164693 0.184025 -0.378637
v -0.020000 0.188255 -0.380000
v 0.000931 0.181861 -0.380423
v 0.020520 0.177285 -0.380614
v 0.040275 0.175125 -0.376961
v 0.060000 0.172369 -0.380000
v 0.080000 0.170821 -0.380000
v -0.139152 0.198972 -0.380290
v -0.119568 0.204395 -0.377339
v -0.099107 0.204546 -0.378886
v -0.079569 0.200576 -0.380717
v -0.060596 0.196593 -0.379091
v -0.040000 0.192917 -0.380000
v -0.088114 -0.324561 -0.371886
v -0.070770 -0.332306 -0.368914
v -0.050123 -0.334501 -0.370150
v -0.029724 -0.330775 -0.370010
v -0.012983 -0.324982 -0.370019
v -0.109345 -0.309379 -0.369970
v 0.013192 -0.315367 -0.369987
v 0.029877 -0.309532 -0.370005
v 0.050000 -0.303295 -0.370000
v -0.268167 -0.285389 -0.371833
v -0.250033 -0.289217 -0.369837
v -0.232333 -0.286361 -0.369606
v -0.126382 -0.285869 -0.369791
v 0.070000 -0.297207 -0.370000
v 0.090319 -0.290704 -0.369029
v 0.107635 -0.286227 -0.369914
v 0.130000 -0.282075 -0.370000
v -0.289643 -0.270265 -0.370859
v -0.210000 -0.278484 -0.370000
v -0.187601 -0.272365 -0.369523
v -0.170181 -0.266697 -0.370920
v -0.150000 -0.260727 -0.370000
v -0.136927 -0.272344 -0.367656
v 0.150000 -0.279494 -0.370000
v 0.170000 -0.276880 -0.370000
v 0.189544 -0.273927 -0.369738
v 0.210045 -0.268989 -0.370404
v -0.307435 -0.246484 -0.369628
v 0.232167 -0.256523 -0.372167
v 0.243482 -0.248170 -0.368170
v -0.314758 -0.231693 -0.368307
v -0.050000 -0.230000 -0.376719
v -0.030000 -0.230000 -0.375024
v -0.007510 -0.227510 -0.374821
v 0.009948 -0.226801 -0.374691
v 0.029943 -0.227025 -0.374359
v 0.050000 -0.230000 -0.377175
v 0.252207 -0.231258 -0.372444
v -0.319757 -0.210000 -0.370000
v -0.070000 -0.210000 -0.377332
v -0.050000 -0.210000 -0.376412
v -0.030000 -0.210000 -0.376232
v -0.010000 -0.210000 -0.375918
v 0.010000 -0.210000 -0.375772
v 0.030000 -0.210000 -0.375533
v 0.050000 -0.210000 -0.375372
v 0.070000 -0.210000 -0.375196
v 0.090000 -0.210000 -0.375610
v 0.110000 -0.210000 -0.377592
v 0.266483 -0.208914 -0.365740
v -0.318518 -0.190000 -0.370000
v -0.070000 -0.190000 -0.378195
v -0.050000 -0.190000 -0.377596
v -0.030000 -0.190000 -0.377431
v -0.010000 -0.190000 -0.377085
v 0.010000 -0.190000 -0.376919
v 0.030000 -0.190000 -0.376761
v 0.050000 -0.190000 -0.376537
v 0.070000 -0.190000 -0.376197
v 0.090000 -0.190000 -0.375778
v 0.110000 -0.190000 -0.375129
v 0.127509 -0.187509 -0.374883
v 0.150000 -0.190000 -0.377484
v 0.270749 -0.191799 -0.370932
v -0.313264 -0.167677 -0.369601
v -0.070000 -0.170000 -0.379269
v -0.050000 -0.170000 -0.378775
v -0.030000 -0.170000 -0.378084
v -0.010000 -0.170000 -0.377905
v 0.010000 -0.170000 -0.377808
v 0.030000 -0.170000 -0.377601
v 0.050000 -0.170000 -0.377336
v 0.070000 -0.170000 -0.377236
v 0.090000 -0.170000 -0.376796
v 0.110000 -0.170000 -0.376003
v 0.130000 -0.170000 -0.376052
v 0.291106 -0.170785 -0.370609
v 0.306080 -0.166080 -0.366080
v -0.304116 -0.151742 -0.371742
v -0.050000 -0.150000 -0.379351
v -0.030000 -0.150000 -0.378742
v -0.010000 -0.150000 -0.378442
v 0.010000 -0.150000 -0.378192
v 0.030000 -0.150000 -0.378306
v 0.050000 -0.150000 -0.378029
v 0.070000 -0.150000 -0.377699
v 0.090000 -0.150000 -0.377417
v 0.110000 -0.150000 -0.377659
v 0.311368 -0.154677 -0.373884
v 0.331585 -0.150723 -0.371404
v 0.350662 -0.147783 -0.366332
v -0.287825 -0.131328 -0.371178
v -0.050000 -0.130000 -0.379740
v -0.030000 -0.130000 -0.379204
v -0.010000 -0.130000 -0.378839
v 0.010000 -0.130000 -0.378721
v 0.030000 -0.130000 -0.378481
v 0.050000 -0.130000 -0.378222
v 0.070000 -0.130000 -0.378010
v 0.090000 -0.130000 -0.378256
v 0.351481 -0.131893 -0.371917
v 0.368420 -0.128420 -0.365573
v -0.288305 -0.109366 -0.371955
v -0.050000 -0.110000 -0.379656
v -0.030000 -0.110000 -0.379274
v -0.010000 -0.110000 -0.378762
v 0.010000 -0.110000 -0.378739
v 0.030000 -0.110000 -0.378863
v 0.050000 -0.110000 -0.378353
v 0.070000 -0.110000 -0.378346
v 0.350000 -0.110000 -0.378262
v 0.370061 -0.109832 -0.369654
v 0.390000 -0.110000 -0.360204
v -0.309181 -0.089606 -0.371280
v -0.050000 -0.090000 -0.379252
v -0.030000 -0.090000 -0.378790
v -0.010000 -0.090000 -0.378546
v 0.010000 -0.090000 -0.378194
v 0.030000 -0.090000 -0.378259
v 0.050000 -0.090000 -0.377994
v 0.070000 -0.090000 -0.378549
v 0.371191 -0.090801 -0.372234
v 0.386958 -0.090245 -0.364771
v -0.329014 -0.069620 -0.371096
v -0.050000 -0.070000 -0.379132
v -0.030000 -0.070000 -0.378186
v -0.010000 -0.070000 -0.378127
v 0.010000 -0.070000 -0.377857
v 0.030000 -0.070000 -0.377763
v 0.050000 -0.070000 -0.377530
v 0.070000 -0.070000 -0.377806
v 0.373387 -0.069995 -0.372239
v 0.387568 -0.070013 -0.365819
v -0.347645 -0.047289 -0.369621
v -0.070000 -0.050000 -0.378596
v -0.050000 -0.050000 -0.377968
v -0.030000 -0.050000 -0.377519
v -0.010000 -0.050000 -0.377396
v 0.010000 -0.050000 -0.377215
v 0.030000 -0.050000 -0.376984
v 0.050000 -0.050000 -0.376859
v 0.070000 -0.050000 -0.377159
v 0.373071 -0.050031 -0.372089
v 0.387267 -0.049870 -0.365270
v -0.355299 -0.030069 -0.367059
v -0.070000 -0.030000 -0.377236
v -0.050000 -0.030000 -0.377072
v -0.030000 -0.030000 -0.376834
v -0.010000 -0.030000 -0.376759
v 0.010000 -0.030000 -0.376499
v 0.030000 -0.030000 -0.376197
v 0.050000 -0.030000 -0.376001
v 0.070000 -0.030000 -0.375991
v 0.369753 -0.029350 -0.371622
v 0.390000 -0.030000 -0.360811
v -0.352327 -0.010092 -0.366725
v -0.090000 -0.010000 -0.376799
v -0.070000 -0.010000 -0.376137
v -0.050000 -0.010000 -0.375962
v -0.030000 -0.010000 -0.376340
v -0.010000 -0.010000 -0.376053
v 0.010000 -0.010000 -0.375806
v 0.030000 -0.010000 -0.375487
v 0.052474 -0.007526 -0.375096
v 0.069976 -0.006797 -0.374877
v 0.090000 -0.010000 -0.376964
v 0.351773 -0.008227 -0.374950
v 0.368560 -0.010600 -0.367386
v -0.349373 0.009412 -0.370652
v -0.110000 0.010000 -0.377552
v -0.089947 0.013233 -0.374902
v -0.070000 0.010000 -0.375404
v -0.050000 0.010000 -0.375496
v -0.030000 0.010000 -0.375582
v -0.010000 0.010000 -0.375352
v 0.012427 0.012427 -0.375090
v 0.031142 0.011013 -0.374538
v 0.049940 0.009817 -0.374249
v 0.069969 0.009805 -0.374027
v 0.089014 0.010773 -0.373701
v 0.329716 0.013521 -0.372948
v 0.348618 0.009053 -0.368364
v -0.334958 0.031685 -0.368315
v -0.108920 0.030968 -0.374223
v -0.089910 0.029914 -0.374496
v -0.071194 0.031150 -0.374771
v -0.050030 0.033234 -0.374937
v -0.028822 0.031042 -0.374716
v -0.010046 0.029795 -0.374390
v 0.009926 0.029807 -0.374031
v 0.029954 0.029853 -0.373562
v 0.049941 0.029884 -0.373320
v 0.069964 0.029892 -0.372833
v 0.089990 0.029863 -0.372519
v 0.109333 0.030744 -0.373251
v 0.269709 0.032858 -0.372936
v 0.289282 0.029395 -0.370112
v 0.310165 0.027083 -0.366918
v 0.325309 0.025309 -0.365309
v -0.326271 0.046212 -0.369403
v -0.311766 0.054931 -0.368234
v -0.127381 0.049898 -0.374039
v -0.110013 0.049893 -0.373359
v -0.089896 0.049888 -0.373824
v -0.069991 0.049862 -0.374311
v -0.050041 0.049842 -0.374034
v -0.030064 0.049860 -0.373702
v -0.010061 0.049876 -0.373311
v 0.009961 0.049884 -0.372860
v 0.029982 0.049902 -0.372651
v 0.049959 0.049915 -0.372372
v 0.069965 0.049927 -0.371910
v 0.089977 0.049944 -0.371413
v 0.110080 0.049886 -0.371321
v 0.127761 0.049726 -0.373692
v 0.249348 0.049206 -0.368419
v -0.288041 0.064760 -0.371959
v -0.270004 0.070483 -0.370030
v -0.252268 0.076335 -0.367732
v -0.127734 0.069953 -0.373544
v -0.110026 0.069930 -0.372623
v -0.089936 0.069876 -0.373096
v -0.069996 0.069857 -0.373287
v -0.050042 0.069870 -0.373187
v -0.030036 0.069882 -0.372862
v -0.010047 0.069909 -0.372276
v 0.009978 0.069928 -0.371966
v 0.029991 0.069938 -0.371651
v 0.049979 0.069950 -0.371484
v 0.069983 0.069973 -0.371183
v 0.089992 0.069991 -0.370944
v 0.110025 0.070017 -0.370558
v 0.129802 0.068981 -0.373123
v 0.235772 0.071965 -0.371965
v -0.227702 0.084583 -0.372298
v -0.208885 0.088086 -0.371970
v -0.127744 0.087744 -0.376041
v -0.110301 0.090192 -0.372344
v -0.089989 0.089920 -0.371785
v -0.069988 0.089898 -0.371969
v -0.050012 0.089918 -0.372015
v -0.030014 0.089951 -0.371957
v -0.010018 0.089980 -0.371525
v 0.009991 0.089997 -0.371268
v 0.030019 0.090028 -0.371115
v 0.050017 0.090056 -0.370673
v 0.070049 0.090129 -0.370700
v 0.090109 0.090303 -0.370909
v 0.108891 0.089950 -0.373243
v 0.127709 0.087709 -0.376370
v 0.231923 0.090744 -0.370592
v -0.194713 0.111729 -0.368271
v -0.108288 0.108288 -0.374482
v -0.090325 0.110571 -0.372042
v -0.070012 0.110198 -0.371422
v -0.049966 0.110235 -0.371773
v -0.029731 0.110572 -0.372489
v -0.011031 0.110051 -0.372572
v 0.009995 0.108336 -0.372857
v 0.030080 0.107659 -0.374361
v 0.050122 0.106912 -0.376230
v 0.228777 0.108128 -0.369578
v -0.189521 0.129888 -0.370141
v 0.216598 0.131888 -0.371888
v 0.225579 0.125579 -0.365579
v -0.185029 0.148312 -0.371688
v 0.170000 0.157986 -0.370000
v 0.191266 0.151742 -0.371433
v 0.208243 0.143450 -0.368243
v -0.170436 0.171269 -0.368728
v 0.030000 0.177681 -0.370000
v 0.052113 0.174857 -0.372113
v 0.069729 0.173477 -0.369707
v 0.091218 0.170851 -0.370826
v 0.110221 0.168374 -0.369964
v 0.127021 0.165336 -0.369883
v 0.150000 0.161051 -0.370000
v -0.149984 0.190319 -0.369953
v -0.130000 0.199444 -0.370000
v -0.070000 0.198029 -0.370000
v -0.046884 0.194911 -0.369786
v -0.028897 0.191676 -0.369865
v -0.010315 0.187244 -0.369270
v 0.010000 0.181767 -0.370000
v -0.110000 0.204214 -0.370000
v -0.090000 0.202218 -0.370000
v -0.060000 -0.333167 -0.360000
v -0.040000 -0.333268 -0.360000
v -0.098331 -0.315120 -0.361669
v -0.081738 -0.322785 -0.358196
v -0.020000 -0.327495 -0.360000
v 0.000050 -0.320243 -0.360738
v 0.020000 -0.312956 -0.360000
v -0.116722 -0.296159 -0.359455
v 0.043059 -0.305180 -0.360195
v 0.060003 -0.300007 -0.359996
v 0.077641 -0.294404 -0.362359
v -0.275785 -0.276775 -0.359441
v -0.260822 -0.283392 -0.357684
v -0.240171 -0.284502 -0.357373
v -0.219989 -0.280092 -0.359992
v -0.202308 -0.274118 -0.362308
v -0.126343 -0.281940 -0.358060
v 0.100000 -0.287371 -0.360000
v 0.119652 -0.283433 -0.360103
v 0.140675 -0.280548 -0.359969
v 0.160270 -0.277856 -0.359957
v 0.177353 -0.275946 -0.359894
v 0.200000 -0.273172 -0.360000
v -0.297790 -0.257219 -0.359668
v -0.180000 -0.267790 -0.360000
v -0.160311 -0.261077 -0.359546
v -0.141136 -0.262500 -0.358399
v 0.222883 -0.265121 -0.359778
v 0.236114 -0.256771 -0.360200
v -0.305518 -0.241854 -0.358146
v 0.256943 -0.236041 -0.360647
v -0.315806 -0.220425 -0.362577
v 0.263419 -0.219558 -0.363998
v -0.315622 -0.199840 -0.362541
v 0.278235 -0.199174 -0.358048
v -0.314414 -0.182246 -0.362246
v 0.284075 -0.184075 -0.364075
v 0.298892 -0.177475 -0.357017
v -0.302538 -0.157047 -0.358854
v 0.319792 -0.164198 -0.364211
v 0.342252 -0.160772 -0.362073
v 0.360491 -0.156548 -0.357510
v -0.295354 -0.144646 -0.364646
v -0.283988 -0.138921 -0.356084
v 0.362663 -0.139347 -0.364534
v 0.377967 -0.139458 -0.356954
v -0.277123 -0.121865 -0.362977
v -0.260000 -0.120000 -0.350186
v 0.380921 -0.121688 -0.361497
v 0.397959 -0.117959 -0.354349
v -0.295567 -0.095567 -0.364433
v -0.281874 -0.101595 -0.358797
v 0.382061 -0.102061 -0.365503
v 0.399110 -0.099121 -0.357764
v -0.316135 -0.076200 -0.360893
v -0.301118 -0.083978 -0.355903
v 0.380000 -0.080000 -0.369000
v 0.400194 -0.080087 -0.359122
v -0.335511 -0.055511 -0.364489
v -0.326164 -0.061754 -0.358246
v 0.380000 -0.060000 -0.369138
v 0.400177 -0.059920 -0.359313
v -0.344043 -0.044097 -0.358841
v 0.382367 -0.037633 -0.366374
v 0.399270 -0.040903 -0.357740
v -0.349774 -0.020000 -0.360000
v 0.382432 -0.018296 -0.361841
v 0.397959 -0.022041 -0.354100
v -0.346305 0.002194 -0.357806
v 0.361718 0.001718 -0.365323
v 0.378673 -0.001811 -0.356823
v -0.337813 0.018670 -0.361453
v 0.341726 0.022263 -0.362205
v 0.359187 0.016386 -0.357020
v -0.322563 0.040716 -0.357299
v 0.261118 0.043938 -0.364071
v 0.279588 0.039612 -0.359890
v 0.300193 0.037023 -0.356292
v 0.317591 0.032963 -0.357591
v -0.300518 0.056621 -0.361981
v -0.281901 0.061858 -0.358827
v -0.260000 0.069922 -0.360000
v 0.246435 0.061919 -0.361919
v 0.255598 0.055598 -0.355598
v -0.238166 0.078645 -0.361072
v -0.219661 0.082120 -0.359524
v -0.204593 0.084593 -0.355407
v 0.240282 0.080449 -0.360081
v -0.196617 0.098313 -0.361983
v 0.238049 0.100133 -0.357489
v -0.185815 0.122016 -0.357984
v 0.233630 0.117844 -0.357844
v -0.181854 0.141541 -0.358963
v 0.220128 0.140149 -0.360151
v -0.173359 0.158103 -0.361897
v -0.164245 0.164245 -0.355755
v 0.100000 0.169419 -0.360000
v 0.120000 0.165818 -0.360000
v 0.139686 0.163170 -0.359806
v 0.161156 0.160628 -0.360963
v 0.180322 0.158864 -0.359984
v 0.198239 0.154903 -0.358239
v -0.158192 0.178035 -0.360419
v 0.002753 0.184595 -0.359939
v 0.020128 0.180119 -0.360180
v 0.040260 0.176990 -0.360060
v 0.056937 0.175328 -0.360079
v 0.080000 0.172743 -0.360000
v -0.137837 0.193621 -0.362163
v -0.120123 0.200356 -0.359875
v -0.100102 0.202224 -0.358779
v -0.080430 0.199566 -0.361190
v -0.059686 0.196572 -0.359949
v -0.040000 0.194601 -0.360000
v -0.020000 0.190886 -0.360000
v -0.068757 -0.325785 -0.351243
v -0.050870 -0.331311 -0.349657
v -0.030343 -0.329659 -0.350720
v -0.012333 -0.324196 -0.352333
v -0.106395 -0.306395 -0.353605
v -0.091650 -0.312319 -0.348574
v 0.012523 -0.314345 -0.350358
v 0.028746 -0.308497 -0.350258
v 0.050000 -0.301052 -0.350000
v -0.250000 -0.281590 -0.350000
v -0.112155 -0.292748 -0.347496
v 0.070738 -0.294205 -0.349067
v 0.089425 -0.288815 -0.349185
v 0.109032 -0.285979 -0.347056
v 0.128352 -0.286012 -0.345460
v 0.150000 -0.280266 -0.350000
v -0.288379 -0.263834 -0.351621
v -0.271469 -0.272720 -0.346743
v -0.227546 -0.277080 -0.347546
v -0.208283 -0.271222 -0.349293
v -0.190761 -0.267739 -0.351581
v -0.172490 -0.263455 -0.352490
v -0.131402 -0.270628 -0.349029
v 0.170000 -0.276142 -0.350000
v 0.189487 -0.273477 -0.350232
v 0.210135 -0.270362 -0.350801
v 0.230000 -0.261807 -0.350000
v -0.295747 -0.251921 -0.348079
v -0.147566 -0.255294 -0.347566
v 0.248773 -0.248890 -0.350019
v -0.307999 -0.229502 -0.351123
v 0.267471 -0.226740 -0.350521
v -0.311552 -0.211453 -0.349948
v 0.275934 -0.211773 -0.351773
v 0.285056 -0.205056 -0.345056
v -0.309457 -0.191098 -0.350240
v 0.290347 -0.190570 -0.350660
v -0.306630 -0.169444 -0.354324
v 0.311249 -0.173542 -0.354326
v 0.329976 -0.173239 -0.353503
v 0.351994 -0.170564 -0.352041
v 0.369130 -0.166011 -0.347145
v -0.289367 -0.150697 -0.350243
v 0.371499 -0.151499 -0.354571
v 0.388283 -0.148311 -0.347542
v -0.269158 -0.130934 -0.350228
v 0.393952 -0.129653 -0.352812
v 0.408496 -0.128496 -0.345528
v -0.268166 -0.107730 -0.353597
v -0.253929 -0.111099 -0.347255
v 0.409909 -0.110073 -0.350365
v -0.289051 -0.088242 -0.351765
v -0.271656 -0.091656 -0.344658
v 0.412052 -0.089960 -0.351635
v -0.310631 -0.070495 -0.349551
v 0.412776 -0.069992 -0.352243
v 0.430000 -0.070000 -0.340043
v -0.330570 -0.050590 -0.349248
v 0.411884 -0.050064 -0.351561
v -0.346749 -0.030181 -0.353812
v 0.409885 -0.031026 -0.349368
v -0.344888 -0.009897 -0.352808
v 0.392817 -0.008792 -0.352178
v 0.408165 -0.011835 -0.344306
v -0.332727 0.011356 -0.347329
v 0.371123 0.010896 -0.352012
v 0.388061 0.008061 -0.343897
v -0.326468 0.029021 -0.354132
v -0.312319 0.032319 -0.342745
v 0.310000 0.039214 -0.350000
v 0.329782 0.033286 -0.353803
v 0.350190 0.030075 -0.350109
v 0.365024 0.025024 -0.345024
v -0.310610 0.046619 -0.353749
v -0.292027 0.052144 -0.349300
v 0.269642 0.049763 -0.349746
v 0.290304 0.044830 -0.347082
v -0.267681 0.063118 -0.352319
v -0.249047 0.069043 -0.350478
v -0.229373 0.074523 -0.347376
v 0.250970 0.070866 -0.350991
v -0.210000 0.081252 -0.350000
v -0.191820 0.092468 -0.349440
v 0.247120 0.090259 -0.347019
v -0.187349 0.110357 -0.353534
v 0.240410 0.110000 -0.350000
v -0.179077 0.130000 -0.350000
v 0.232231 0.131559 -0.351382
v -0.170648 0.151123 -0.348893
v 0.211498 0.152336 -0.351598
v 0.226069 0.146069 -0.346069
v -0.152275 0.170602 -0.347656
v 0.030000 0.177992 -0.350000
v 0.050000 0.176227 -0.350000
v 0.069675 0.174311 -0.352790
v 0.090577 0.171037 -0.349667
v 0.110199 0.168193 -0.349434
v 0.129188 0.166654 -0.347616
v 0.149980 0.165227 -0.347186
v 0.170061 0.165367 -0.347276
v 0.190000 0.161594 -0.350000
v -0.145348 0.185348 -0.354652
v -0.131150 0.191812 -0.348873
v -0.110000 0.199486 -0.350000
v -0.090000 0.199957 -0.350000
v -0.070000 0.197215 -0.350000
v -0.048887 0.194770 -0.349032
v -0.030336 0.192823 -0.350199
v -0.010952 0.188247 -0.349939
v 0.010000 0.182439 -0.350000
v -0.078009 -0.314189 -0.341991
v -0.060812 -0.321053 -0.339614
v -0.040000 -0.328168 -0.340000
v -0.017939 -0.322180 -0.338647
v 0.000599 -0.316401 -0.342147
v -0.099983 -0.299986 -0.340014
v 0.021951 -0.305696 -0.338049
v 0.039984 -0.300486 -0.340231
v 0.057197 -0.295345 -0.339489
v 0.080000 -0.290482 -0.340000
v 0.119797 -0.295366 -0.335766
v 0.140187 -0.295823 -0.336270
v -0.258327 -0.274950 -0.341673
v -0.239862 -0.276986 -0.343777
v -0.119224 -0.278661 -0.341479
v 0.100000 -0.288166 -0.340000
v 0.139613 -0.284574 -0.344574
v 0.161037 -0.281262 -0.342542
v 0.178084 -0.276713 -0.338078
v -0.281595 -0.261309 -0.338488
v -0.218569 -0.264492 -0.335419
v -0.200123 -0.261850 -0.337970
v -0.179939 -0.260209 -0.340056
v -0.159490 -0.256402 -0.342253
v -0.136305 -0.256784 -0.341088
v 0.200000 -0.269898 -0.340000
v 0.224172 -0.262946 -0.340262
v 0.237579 -0.255662 -0.339702
v -0.298629 -0.238696 -0.341839
v 0.260091 -0.239476 -0.339688
v -0.302294 -0.219874 -0.337556
v 0.279548 -0.219349 -0.338651
v -0.302914 -0.200085 -0.336917
v 0.293997 -0.198182 -0.338182
v -0.299868 -0.180139 -0.340120
v 0.301820 -0.186756 -0.341820
v 0.320633 -0.181360 -0.340270
v 0.340016 -0.182026 -0.342337
v 0.361061 -0.180582 -0.340222
v 0.378047 -0.178047 -0.333098
v -0.295478 -0.164523 -0.344522
v -0.280834 -0.159170 -0.338641
v 0.381306 -0.162791 -0.342321
v 0.399091 -0.155773 -0.336829
v -0.275524 -0.144476 -0.344476
v -0.260865 -0.139150 -0.338546
v 0.404237 -0.139456 -0.343344
v 0.418373 -0.138373 -0.334444
v -0.255086 -0.124914 -0.344914
v -0.242104 -0.120305 -0.338070
v 0.420288 -0.120879 -0.340859
v -0.257992 -0.098665 -0.342574
v -0.241274 -0.101274 -0.335843
v 0.423525 -0.099883 -0.342987
v 0.437522 -0.097522 -0.332732
v -0.295770 -0.075770 -0.344230
v -0.280038 -0.080026 -0.339996
v -0.262136 -0.082136 -0.333223
v 0.424585 -0.079951 -0.343888
v 0.437063 -0.080053 -0.334431
v -0.319051 -0.056097 -0.343957
v -0.301463 -0.062826 -0.337591
v 0.424213 -0.060102 -0.343711
v 0.437668 -0.062332 -0.333095
v -0.335903 -0.038923 -0.344153
v -0.321826 -0.041827 -0.334364
v 0.422350 -0.040122 -0.342143
v -0.337379 -0.019992 -0.342863
v 0.419970 -0.020882 -0.339325
v -0.336386 -0.000971 -0.343481
v -0.322011 0.002010 -0.334104
v 0.401123 0.001039 -0.341766
v 0.415557 -0.004443 -0.335557
v -0.319500 0.019091 -0.341196
v -0.302460 0.022460 -0.332998
v 0.379593 0.019711 -0.339934
v 0.395427 0.015427 -0.335427
v -0.298931 0.039646 -0.341245
v -0.281148 0.044093 -0.336333
v 0.301996 0.045349 -0.341996
v 0.319885 0.042101 -0.342747
v 0.340000 0.040001 -0.340000
v 0.358386 0.034664 -0.338386
v -0.275458 0.055458 -0.344542
v -0.258594 0.058554 -0.340472
v -0.239462 0.063370 -0.335593
v 0.261834 0.061834 -0.346288
v 0.276626 0.057074 -0.336938
v -0.218357 0.075349 -0.341643
v -0.200016 0.080017 -0.339986
v 0.260034 0.080179 -0.340164
v -0.181476 0.101470 -0.339522
v 0.244709 0.104709 -0.344709
v 0.256089 0.098908 -0.336743
v -0.177180 0.120248 -0.343485
v 0.241502 0.121208 -0.340848
v -0.172548 0.137522 -0.342478
v -0.164725 0.144725 -0.335274
v 0.234358 0.138029 -0.338029
v -0.157877 0.157803 -0.342262
v -0.144781 0.164781 -0.335219
v 0.140000 0.168719 -0.340000
v 0.160000 0.168278 -0.340000
v 0.182468 0.166220 -0.342467
v 0.201095 0.161334 -0.341214
v 0.218062 0.154457 -0.338062
v -0.139174 0.179232 -0.340816
v -0.020000 0.189182 -0.340000
v 0.002034 0.184742 -0.342034
v 0.019817 0.181444 -0.340883
v 0.039550 0.180565 -0.339874
v 0.059906 0.180060 -0.339933
v 0.079382 0.178020 -0.339387
v 0.100139 0.176258 -0.335970
v 0.117541 0.173199 -0.337541
v -0.117839 0.193462 -0.342161
v -0.100063 0.196702 -0.341864
v -0.079783 0.196213 -0.342232
v -0.062286 0.194535 -0.342286
v -0.040000 0.192349 -0.340000
v -0.047543 -0.322597 -0.332457
v -0.032383 -0.322936 -0.332383
v -0.086191 -0.306191 -0.333809
v -0.070521 -0.310078 -0.329624
v -0.052239 -0.312239 -0.322769
v -0.027522 -0.312478 -0.322728
v -0.007954 -0.312065 -0.329385
v 0.010360 -0.307273 -0.333561
v 0.109848 -0.305705 -0.326109
v 0.129993 -0.306997 -0.327072
v 0.148010 -0.303023 -0.328010
v -0.105576 -0.285576 -0.334424
v -0.092591 -0.290961 -0.327732
v 0.030000 -0.298606 -0.330000
v 0.050000 -0.296031 -0.330000
v 0.069592 -0.294905 -0.332724
v 0.089994 -0.294856 -0.332337
v 0.105831 -0.294169 -0.334169
v 0.151936 -0.291936 -0.336050
v 0.168995 -0.289358 -0.329652
v -0.266259 -0.266259 -0.333740
v -0.250018 -0.267336 -0.332554
v -0.229766 -0.266263 -0.333707
v -0.125154 -0.265154 -0.334846
v -0.110950 -0.273023 -0.327161
v 0.189519 -0.273595 -0.332118
v 0.208338 -0.268100 -0.329454
v -0.286159 -0.249132 -0.333598
v -0.269646 -0.254486 -0.326337
v -0.227511 -0.252489 -0.323064
v -0.210189 -0.253223 -0.326937
v -0.190013 -0.252018 -0.327710
v -0.169342 -0.251653 -0.329140
v -0.150030 -0.250207 -0.329990
v -0.130024 -0.251421 -0.329269
v 0.232411 -0.256208 -0.327589
v 0.247016 -0.247670 -0.329936
v -0.290905 -0.231944 -0.329467
v 0.271179 -0.231018 -0.331385
v -0.292744 -0.209983 -0.327649
v 0.291184 -0.210586 -0.330723
v -0.290526 -0.189424 -0.330404
v 0.309935 -0.189148 -0.329950
v 0.331015 -0.187000 -0.330046
v 0.350034 -0.190080 -0.329998
v 0.370266 -0.188170 -0.327826
v -0.288155 -0.171845 -0.335734
v -0.271294 -0.168614 -0.328111
v 0.390974 -0.170751 -0.330452
v 0.405199 -0.165199 -0.325199
v -0.268155 -0.151845 -0.335800
v -0.252677 -0.148828 -0.327855
v 0.410891 -0.151050 -0.331879
v -0.245655 -0.131140 -0.333848
v -0.233793 -0.126207 -0.326207
v 0.429756 -0.129627 -0.330045
v -0.230816 -0.110002 -0.329043
v 0.433964 -0.109778 -0.333524
v 0.445234 -0.105234 -0.325234
v -0.248802 -0.089293 -0.331640
v -0.233943 -0.093943 -0.326057
v 0.430000 -0.090000 -0.339322
v 0.445941 -0.090091 -0.326156
v -0.288309 -0.068309 -0.335303
v -0.270728 -0.070377 -0.329206
v 0.446266 -0.069931 -0.326460
v -0.308521 -0.048923 -0.331743
v -0.289600 -0.053989 -0.326979
v 0.434213 -0.050216 -0.333897
v 0.447672 -0.052328 -0.322775
v -0.326067 -0.030287 -0.333107
v -0.312561 -0.029709 -0.325522
v 0.431822 -0.030107 -0.331726
v -0.326029 -0.009752 -0.333084
v -0.312439 -0.010311 -0.325790
v 0.428386 -0.011647 -0.328491
v -0.309322 0.009106 -0.330935
v -0.292033 0.012033 -0.324287
v 0.409887 0.009889 -0.329972
v -0.289335 0.029414 -0.330884
v -0.272166 0.032166 -0.322911
v 0.369513 0.033382 -0.333666
v 0.389071 0.028541 -0.328601
v -0.270426 0.046568 -0.333222
v -0.251392 0.052155 -0.327225
v 0.290561 0.052867 -0.331587
v 0.309205 0.048612 -0.329315
v 0.328933 0.046927 -0.329951
v 0.347746 0.043944 -0.327746
v -0.229053 0.067126 -0.334229
v -0.211989 0.072328 -0.329748
v 0.273575 0.069640 -0.333376
v -0.187669 0.082864 -0.332331
v -0.174326 0.091298 -0.325443
v 0.270234 0.090352 -0.329932
v -0.170173 0.110759 -0.329677
v 0.253442 0.111543 -0.332973
v 0.268436 0.108436 -0.324942
v -0.166861 0.130216 -0.333305
v -0.150000 0.130000 -0.320086
v 0.246574 0.128986 -0.326573
v -0.151536 0.151686 -0.328885
v 0.228263 0.148263 -0.328160
v -0.131284 0.171172 -0.327780
v 0.129767 0.175230 -0.332640
v 0.149957 0.171608 -0.332375
v 0.170837 0.171320 -0.329981
v 0.190637 0.167848 -0.329644
v 0.210000 0.160167 -0.330000
v -0.125073 0.185073 -0.334927
v -0.110164 0.187968 -0.332120
v -0.090004 0.189691 -0.330371
v -0.069538 0.189210 -0.330036
v -0.050228 0.189263 -0.329984
v -0.030005 0.188961 -0.329535
v -0.009910 0.188707 -0.329641
v 0.010392 0.188678 -0.330436
v 0.030941 0.189132 -0.330211
v 0.049225 0.191242 -0.329694
v 0.070464 0.190094 -0.330102
v 0.090146 0.187446 -0.327510
v 0.110140 0.185746 -0.325813
v -0.040028 -0.315705 -0.324059
v 0.099834 -0.315452 -0.315603
v 0.119962 -0.316624 -0.316234
v 0.138083 -0.314306 -0.318083
v -0.079123 -0.297618 -0.321927
v -0.059764 -0.303392 -0.316894
v -0.040104 -0.302925 -0.314740
v -0.020171 -0.302801 -0.317359
v -0.000771 -0.299702 -0.320236
v 0.021000 -0.299253 -0.320051
v 0.039207 -0.301227 -0.319485
v 0.060108 -0.302230 -0.322945
v 0.080122 -0.303936 -0.323878
v 0.097571 -0.302429 -0.326982
v 0.161043 -0.302028 -0.322104
v 0.176093 -0.296093 -0.316093
v -0.097131 -0.277486 -0.322275
v -0.081685 -0.281685 -0.314504
v 0.181738 -0.286419 -0.321738
v 0.198361 -0.277492 -0.318882
v -0.258063 -0.258063 -0.325579
v -0.239901 -0.255611 -0.323551
v -0.117294 -0.258967 -0.322595
v -0.104545 -0.264545 -0.315455
v 0.221194 -0.262644 -0.320476
v 0.237764 -0.253572 -0.317764
v -0.277952 -0.240541 -0.323497
v -0.261837 -0.241329 -0.318339
v -0.240078 -0.242416 -0.315667
v -0.220053 -0.242841 -0.317656
v -0.199912 -0.242896 -0.316597
v -0.179652 -0.245239 -0.317036
v -0.160000 -0.247352 -0.320000
v -0.140237 -0.244143 -0.317442
v -0.124276 -0.244276 -0.315724
v 0.260109 -0.239677 -0.319983
v -0.280197 -0.220198 -0.321048
v -0.263127 -0.219953 -0.314704
v 0.284401 -0.223810 -0.321242
v 0.295999 -0.215999 -0.315999
v -0.279013 -0.200619 -0.321793
v -0.262843 -0.200213 -0.315152
v 0.302537 -0.202774 -0.320976
v 0.340000 -0.191707 -0.320000
v 0.359774 -0.195405 -0.317084
v -0.277890 -0.182110 -0.326029
v -0.260732 -0.178874 -0.318781
v 0.320000 -0.189555 -0.320000
v 0.381965 -0.186590 -0.321965
v 0.399392 -0.177732 -0.317563
v -0.258300 -0.161700 -0.325204
v -0.244162 -0.158988 -0.315920
v 0.418762 -0.158646 -0.318865
v -0.239193 -0.141610 -0.321065
v 0.424861 -0.144861 -0.324861
v 0.437048 -0.139216 -0.316867
v -0.225984 -0.117870 -0.317870
v 0.442387 -0.121742 -0.322253
v -0.224007 -0.099564 -0.317661
v 0.455730 -0.100143 -0.315556
v -0.255132 -0.075132 -0.324868
v -0.240527 -0.080464 -0.319786
v 0.456650 -0.080029 -0.316498
v -0.278215 -0.058215 -0.325248
v -0.260978 -0.060921 -0.318272
v 0.456046 -0.059865 -0.315920
v -0.299327 -0.039533 -0.323633
v -0.281465 -0.041232 -0.318464
v 0.443702 -0.040234 -0.323448
v -0.320000 -0.020000 -0.328038
v -0.300056 -0.019971 -0.319786
v -0.282485 -0.022485 -0.313670
v 0.440427 -0.018761 -0.320399
v -0.298099 -0.000523 -0.322479
v -0.282280 -0.000384 -0.315953
v 0.421740 0.001740 -0.326182
v 0.433258 -0.001744 -0.318256
v -0.279360 0.018874 -0.321162
v 0.401152 0.024293 -0.324061
v 0.417162 0.017171 -0.317192
v -0.259812 0.039903 -0.320174
v 0.320000 0.049528 -0.320000
v 0.340000 0.048400 -0.320000
v 0.359719 0.042760 -0.323802
v 0.380108 0.040148 -0.320037
v 0.396027 0.036027 -0.316027
v -0.237524 0.055550 -0.319441
v -0.224466 0.063303 -0.320496
v 0.284713 0.064713 -0.324713
v 0.297648 0.058135 -0.317312
v -0.197804 0.074254 -0.322196
v -0.179890 0.079667 -0.320150
v 0.282122 0.079841 -0.322176
v -0.160825 0.101915 -0.318286
v -0.140000 0.100000 -0.310011
v 0.279209 0.098915 -0.319192
v -0.157266 0.120157 -0.322014
v -0.141869 0.121869 -0.315215
v 0.261269 0.121220 -0.322220
v 0.275568 0.115568 -0.315568
v -0.157875 0.137875 -0.326761
v -0.140152 0.140396 -0.318546
v -0.120000 0.140000 -0.312007
v 0.239972 0.139993 -0.319973
v 0.255357 0.135357 -0.315357
v -0.138476 0.158476 -0.325337
v -0.121492 0.161299 -0.318295
v -0.100000 0.160000 -0.311103
v 0.201986 0.165409 -0.321986
v 0.217254 0.157883 -0.318353
v -0.118044 0.178044 -0.326173
v -0.100104 0.178316 -0.321351
v -0.080645 0.181023 -0.320770
v -0.059599 0.182137 -0.318690
v -0.040000 0.186928 -0.320000
v 0.121509 0.184823 -0.324818
v 0.140633 0.181906 -0.320530
v 0.157616 0.178366 -0.319729
v 0.180382 0.176759 -0.315813
v -0.020000 0.190511 -0.320000
v -0.000229 0.197101 -0.316210
v 0.019976 0.198670 -0.318266
v 0.039983 0.199098 -0.318765
v 0.060444 0.198725 -0.320989
v 0.080066 0.198309 -0.317600
v 0.100181 0.195448 -0.317716
v 0.115226 0.195226 -0.315226
v 0.089842 -0.325438 -0.305398
v 0.110168 -0.324054 -0.306900
v 0.127523 -0.323368 -0.307523
v 0.014736 -0.305264 -0.305264
v 0.031340 -0.309231 -0.309022
v 0.049096 -0.312223 -0.310346
v 0.070130 -0.313271 -0.313267
v 0.087767 -0.312233 -0.316860
v 0.149613 -0.313592 -0.314234
v 0.168463 -0.307582 -0.308929
v -0.068749 -0.289511 -0.310824
v -0.049732 -0.289858 -0.307898
v -0.030757 -0.290295 -0.307852
v -0.011543 -0.294086 -0.308457
v 0.010000 -0.299559 -0.310000
v 0.190041 -0.290013 -0.310039
v -0.089270 -0.269540 -0.310958
v -0.072050 -0.272050 -0.304403
v 0.211406 -0.274864 -0.311406
v 0.227241 -0.267966 -0.308051
v -0.250000 -0.250000 -0.319766
v -0.167655 -0.244574 -0.312345
v -0.152429 -0.244327 -0.312429
v -0.130000 -0.240881 -0.310000
v -0.109625 -0.249574 -0.310716
v 0.249691 -0.249879 -0.309588
v -0.270000 -0.230000 -0.317503
v -0.250457 -0.230591 -0.312579
v -0.230313 -0.229801 -0.309332
v -0.209714 -0.232289 -0.307320
v -0.190000 -0.239847 -0.310000
v 0.271876 -0.235338 -0.311876
v 0.287232 -0.227715 -0.308506
v -0.270000 -0.210000 -0.317209
v -0.249838 -0.209996 -0.310436
v -0.232681 -0.209701 -0.305073
v 0.307964 -0.207696 -0.307190
v -0.270000 -0.190000 -0.319872
v -0.250208 -0.189544 -0.311985
v 0.314706 -0.194706 -0.314706
v 0.330440 -0.191461 -0.311845
v 0.347253 -0.194508 -0.309871
v 0.372320 -0.195798 -0.312320
v 0.390082 -0.190224 -0.310083
v -0.246131 -0.169562 -0.313633
v 0.412306 -0.172210 -0.310690
v -0.234511 -0.150390 -0.307426
v 0.432511 -0.151198 -0.311008
v -0.228752 -0.130163 -0.310160
v 0.450048 -0.130106 -0.310071
v -0.220741 -0.110000 -0.310000
v 0.454569 -0.111458 -0.314746
v -0.227795 -0.087296 -0.312799
v 0.464160 -0.090132 -0.306938
v -0.246982 -0.067012 -0.310867
v -0.234352 -0.074352 -0.305648
v 0.464585 -0.069927 -0.307139
v -0.266082 -0.048903 -0.313437
v -0.254459 -0.054459 -0.305541
v 0.457417 -0.047579 -0.312421
v -0.290000 -0.030000 -0.317456
v -0.271011 -0.030709 -0.309093
v 0.452875 -0.030219 -0.312864
v -0.287545 -0.012455 -0.315983
v -0.272459 -0.010041 -0.307381
v 0.448478 -0.011097 -0.308204
v -0.269694 0.008904 -0.310427
v 0.430415 0.010526 -0.310542
v -0.265597 0.025597 -0.314403
v -0.256803 0.032042 -0.307958
v 0.410385 0.030238 -0.310430
v -0.248320 0.043801 -0.311680
v -0.234522 0.053454 -0.308801
v 0.310249 0.053134 -0.310762
v 0.329955 0.050681 -0.310668
v 0.350230 0.050109 -0.310048
v 0.369484 0.048407 -0.308326
v 0.387726 0.043641 -0.307726
v -0.208652 0.068366 -0.312011
v -0.192136 0.073499 -0.310316
v 0.293151 0.069404 -0.313381
v -0.167942 0.083991 -0.312058
v -0.150246 0.090533 -0.309646
v -0.131884 0.091884 -0.304770
v 0.289586 0.089483 -0.309952
v -0.147180 0.110438 -0.314706
v -0.130153 0.110516 -0.309104
v -0.110000 0.110000 -0.301261
v 0.284628 0.108299 -0.308299
v -0.128074 0.129474 -0.312221
v -0.112073 0.129654 -0.306444
v 0.269834 0.129809 -0.309872
v -0.127580 0.147580 -0.316209
v -0.109863 0.149650 -0.311105
v -0.091916 0.151916 -0.303446
v 0.231700 0.152636 -0.311556
v 0.250562 0.146982 -0.306511
v -0.107569 0.167569 -0.316774
v -0.090213 0.167237 -0.312025
v -0.073505 0.171527 -0.309507
v 0.191686 0.175359 -0.311686
v 0.208292 0.167372 -0.308330
v -0.047123 0.184868 -0.310217
v -0.031129 0.191320 -0.310217
v -0.012341 0.196530 -0.312341
v 0.110000 0.199244 -0.310000
v 0.130484 0.192490 -0.311427
v 0.148101 0.188285 -0.307675
v 0.170448 0.185160 -0.307262
v 0.012344 0.203984 -0.307656
v 0.029989 0.204703 -0.306960
v 0.050094 0.204909 -0.306969
v 0.070000 0.202930 -0.310000
v 0.090000 0.201476 -0.310000
v 0.100000 -0.330865 -0.300000
v 0.022337 -0.313213 -0.297663
v 0.039823 -0.318246 -0.297249
v 0.058224 -0.321279 -0.300506
v 0.078655 -0.324187 -0.304255
v 0.120000 -0.327591 -0.300000
v 0.139709 -0.323338 -0.304245
v 0.158901 -0.318786 -0.299184
v 0.000014 -0.299816 -0.299995
v 0.182495 -0.302177 -0.302528
v 0.197957 -0.293190 -0.297957
v -0.060267 -0.277607 -0.303942
v -0.038988 -0.278508 -0.300601
v -0.020000 -0.289074 -0.300000
v 0.204561 -0.284561 -0.304561
v 0.220997 -0.280521 -0.300398
v 0.235663 -0.275663 -0.295663
v -0.097730 -0.257730 -0.307235
v -0.079068 -0.259534 -0.300636
v -0.060567 -0.261873 -0.297219
v 0.240590 -0.262461 -0.302486
v 0.255360 -0.255360 -0.295360
v -0.197801 -0.233697 -0.302199
v -0.179751 -0.239655 -0.300077
v -0.160002 -0.242626 -0.300236
v -0.139416 -0.240901 -0.300086
v -0.120650 -0.237386 -0.301965
v -0.100729 -0.240732 -0.300261
v -0.082109 -0.242109 -0.294341
v 0.261607 -0.245568 -0.301607
v 0.278409 -0.237568 -0.298356
v -0.240000 -0.220000 -0.309278
v -0.219042 -0.219221 -0.300856
v 0.300842 -0.220900 -0.301382
v -0.235381 -0.198598 -0.303800
v -0.224027 -0.204027 -0.295973
v 0.320055 -0.199782 -0.299983
v 0.340000 -0.193087 -0.300000
v 0.359572 -0.196755 -0.299917
v 0.379432 -0.197553 -0.299419
v -0.236778 -0.180008 -0.303370
v 0.402119 -0.186756 -0.302118
v 0.416474 -0.176738 -0.299087
v -0.234814 -0.162003 -0.302003
v 0.424963 -0.164963 -0.304963
v 0.438156 -0.158008 -0.297928
v -0.229679 -0.140000 -0.300000
v 0.444294 -0.144294 -0.304294
v 0.454200 -0.138420 -0.298420
v -0.222480 -0.119897 -0.299214
v 0.461874 -0.121370 -0.302116
v -0.218775 -0.100377 -0.300812
v 0.466443 -0.102308 -0.302308
v -0.224798 -0.082625 -0.300613
v 0.469644 -0.080000 -0.300000
v -0.243046 -0.063029 -0.299087
v 0.466881 -0.057513 -0.302487
v -0.260473 -0.040321 -0.299636
v 0.463135 -0.040200 -0.303613
v -0.265689 -0.022095 -0.297906
v 0.459434 -0.020552 -0.299727
v -0.265307 0.002064 -0.297936
v 0.442646 0.003091 -0.303170
v -0.260252 0.019875 -0.300079
v 0.424447 0.024010 -0.301190
v 0.436276 0.016276 -0.296276
v -0.243865 0.043857 -0.300350
v 0.380000 0.049169 -0.300000
v 0.399864 0.040892 -0.299985
v -0.219747 0.061416 -0.300226
v -0.200000 0.069288 -0.300000
v 0.306438 0.061743 -0.301744
v 0.318049 0.054593 -0.298050
v 0.340000 0.051362 -0.300000
v 0.360000 0.051905 -0.300000
v -0.179900 0.076919 -0.301025
v -0.161420 0.080976 -0.299907
v -0.140013 0.081520 -0.297288
v -0.119502 0.082277 -0.294834
v 0.299323 0.079352 -0.299773
v -0.118618 0.098153 -0.301914
v -0.104245 0.099330 -0.295755
v 0.294230 0.097986 -0.297987
v -0.117646 0.117646 -0.306078
v -0.101150 0.121102 -0.299019
v 0.282453 0.121505 -0.301512
v -0.098505 0.139354 -0.302933
v 0.263025 0.142664 -0.301128
v 0.275761 0.135761 -0.295761
v -0.079651 0.159852 -0.300451
v 0.221567 0.165125 -0.301567
v 0.238883 0.159732 -0.299332
v -0.059852 0.178904 -0.300541
v 0.181803 0.184862 -0.301803
v 0.198819 0.178492 -0.298912
v -0.037521 0.192862 -0.297521
v -0.019861 0.200414 -0.299846
v 0.000359 0.204764 -0.302687
v 0.020000 0.208029 -0.300000
v 0.040000 0.208324 -0.300000
v 0.062481 0.206052 -0.302481
v 0.079897 0.204839 -0.302913
v 0.100681 0.202997 -0.302463
v 0.120196 0.200457 -0.300184
v 0.137831 0.194466 -0.297831
v 0.160000 0.190853 -0.300000
v 0.051654 -0.325559 -0.288346
v 0.069725 -0.331072 -0.290022
v 0.090177 -0.335366 -0.293033
v 0.110387 -0.331968 -0.291394
v 0.130626 -0.331025 -0.290388
v 0.149149 -0.325687 -0.289269
v -0.008048 -0.303427 -0.288048
v 0.010008 -0.309991 -0.289992
v 0.030000 -0.318917 -0.290000
v 0.172318 -0.317245 -0.292318
v 0.186733 -0.306973 -0.290620
v -0.025968 -0.285996 -0.290179
v -0.014507 -0.294507 -0.294507
v 0.211760 -0.291525 -0.290505
v 0.230734 -0.287247 -0.286750
v -0.045563 -0.267822 -0.291771
v 0.247704 -0.269079 -0.288841
v -0.170000 -0.241168 -0.290000
v -0.150000 -0.241970 -0.290000
v -0.090000 -0.250000 -0.299709
v -0.068514 -0.246819 -0.292372
v -0.051880 -0.256590 -0.288120
v 0.268987 -0.249682 -0.289060
v -0.205835 -0.225836 -0.294164
v -0.192998 -0.232325 -0.290232
v -0.130000 -0.237922 -0.290000
v -0.110903 -0.231758 -0.289845
v -0.090228 -0.230131 -0.290169
v -0.073286 -0.233286 -0.286714
v 0.293705 -0.232925 -0.290918
v 0.306280 -0.226280 -0.286280
v -0.213328 -0.213891 -0.288927
v 0.313495 -0.213995 -0.291008
v -0.227812 -0.189623 -0.291361
v 0.332753 -0.194955 -0.289827
v 0.349165 -0.194054 -0.288765
v 0.370000 -0.197819 -0.290000
v 0.392226 -0.195690 -0.292226
v 0.409131 -0.187648 -0.289253
v -0.230434 -0.170437 -0.289515
v 0.430738 -0.170469 -0.290991
v -0.230135 -0.149909 -0.289542
v 0.450440 -0.150760 -0.290898
v -0.226151 -0.132311 -0.289849
v 0.466877 -0.129554 -0.287820
v -0.218749 -0.110000 -0.290000
v 0.471663 -0.111987 -0.290860
v -0.217853 -0.090000 -0.290000
v 0.472700 -0.089937 -0.293544
v -0.231670 -0.071738 -0.290101
v 0.472962 -0.070046 -0.293898
v -0.251076 -0.050386 -0.289689
v 0.471925 -0.049437 -0.291092
v -0.260632 -0.030000 -0.290000
v 0.468555 -0.031785 -0.288875
v -0.264794 -0.009958 -0.293246
v 0.456634 -0.007794 -0.292206
v -0.261151 0.010000 -0.290000
v 0.447468 0.007090 -0.290433
v -0.251553 0.030538 -0.289459
v 0.412460 0.037108 -0.292459
v 0.428140 0.028335 -0.288387
v -0.232366 0.052117 -0.290026
v 0.330428 0.052583 -0.290713
v 0.350021 0.051387 -0.288792
v 0.369925 0.052172 -0.290009
v 0.388057 0.048416 -0.289561
v -0.207865 0.066278 -0.290081
v -0.191583 0.072600 -0.290931
v -0.170000 0.078863 -0.290000
v -0.150000 0.079130 -0.290000
v -0.130000 0.077657 -0.290000
v 0.309963 0.069883 -0.289901
v -0.107386 0.086957 -0.292516
v 0.303191 0.087642 -0.287642
v -0.094439 0.111511 -0.288489
v 0.291666 0.111229 -0.291450
v -0.089799 0.129049 -0.290677
v 0.284262 0.128064 -0.288064
v -0.083694 0.147599 -0.292401
v 0.251807 0.156258 -0.291807
v 0.265391 0.146170 -0.288663
v -0.069804 0.170037 -0.289850
v 0.212105 0.176169 -0.292105
v 0.230987 0.171246 -0.290417
v 0.245712 0.165712 -0.285712
v -0.048541 0.188852 -0.288451
v -0.030000 0.199543 -0.290000
v 0.130000 0.198324 -0.290000
v 0.149765 0.195307 -0.293084
v 0.171722 0.191710 -0.291345
v 0.189368 0.186111 -0.289338
v -0.008647 0.209103 -0.289416
v 0.009239 0.211945 -0.290912
v 0.030022 0.212241 -0.293003
v 0.049945 0.211862 -0.292653
v 0.070189 0.210332 -0.289996
v 0.090405 0.206739 -0.290377
v 0.110000 0.203207 -0.290000
v 0.060000 -0.330908 -0.280000
v 0.080562 -0.336811 -0.279218
v 0.099958 -0.340054 -0.279483
v 0.117680 -0.334370 -0.277680
v 0.140000 -0.330083 -0.280000
v 0.002469 -0.313537 -0.277531
v 0.021416 -0.318378 -0.278156
v 0.040570 -0.324368 -0.282667
v 0.162054 -0.324989 -0.282054
v 0.179689 -0.319066 -0.278601
v -0.017936 -0.297954 -0.280227
v 0.201016 -0.301270 -0.280976
v 0.220426 -0.296796 -0.278083
v -0.036643 -0.276109 -0.280141
v 0.241974 -0.281985 -0.280926
v -0.046570 -0.262473 -0.277527
v 0.260559 -0.261962 -0.281219
v 0.275349 -0.255349 -0.275349
v -0.179630 -0.238389 -0.280005
v -0.159873 -0.243183 -0.279675
v -0.139568 -0.240955 -0.279875
v -0.122388 -0.235917 -0.280175
v -0.062000 -0.242130 -0.280437
v 0.281861 -0.246293 -0.281861
v 0.297670 -0.238075 -0.279002
v -0.203112 -0.223106 -0.280230
v -0.100000 -0.227826 -0.280000
v -0.080000 -0.226438 -0.280000
v 0.317667 -0.219177 -0.278490
v -0.219701 -0.200077 -0.279990
v 0.324878 -0.204878 -0.284878
v 0.336240 -0.196910 -0.278896
v 0.361933 -0.195528 -0.281933
v 0.379913 -0.197315 -0.279800
v 0.397421 -0.195835 -0.279993
v -0.227092 -0.180000 -0.280000
v 0.421813 -0.181429 -0.281297
v 0.435365 -0.175365 -0.275365
v -0.229551 -0.160000 -0.280000
v 0.444535 -0.164522 -0.281346
v 0.455388 -0.155388 -0.275388
v -0.227611 -0.140000 -0.280000
v 0.462151 -0.142527 -0.281420
v -0.222415 -0.118972 -0.279724
v 0.475604 -0.118308 -0.278308
v -0.217975 -0.099893 -0.279292
v 0.477909 -0.100233 -0.279750
v -0.222072 -0.083654 -0.279786
v 0.479299 -0.080022 -0.279954
v -0.241409 -0.059606 -0.279082
v 0.478287 -0.059732 -0.279937
v -0.255495 -0.037385 -0.279712
v 0.475407 -0.041770 -0.278230
v -0.260087 -0.020045 -0.280016
v 0.465868 -0.017915 -0.282085
v -0.261153 0.000707 -0.280164
v 0.457870 -0.002772 -0.280260
v -0.256464 0.017948 -0.279816
v 0.440575 0.020729 -0.281546
v -0.242447 0.042625 -0.279987
v 0.402869 0.044855 -0.279676
v 0.418993 0.037779 -0.279238
v -0.220330 0.061035 -0.280375
v 0.322461 0.062680 -0.280739
v 0.340000 0.051063 -0.280000
v 0.360000 0.050664 -0.280000
v 0.380000 0.050613 -0.280000
v -0.200000 0.070702 -0.280000
v -0.180625 0.077434 -0.280387
v -0.159996 0.079777 -0.280095
v -0.139758 0.077389 -0.279978
v -0.120085 0.075462 -0.279902
v -0.103796 0.084167 -0.280244
v 0.313446 0.077958 -0.277958
v -0.097072 0.099876 -0.282590
v 0.300579 0.100378 -0.280521
v -0.090208 0.120000 -0.280000
v 0.290552 0.120000 -0.280000
v -0.085047 0.143054 -0.279951
v 0.277134 0.137221 -0.280030
v -0.078268 0.157457 -0.280011
v 0.256462 0.156301 -0.280377
v -0.060154 0.182104 -0.280899
v 0.201764 0.184810 -0.281764
v 0.221435 0.181382 -0.280756
v 0.238563 0.175376 -0.278563
v -0.039230 0.197994 -0.278159
v -0.022276 0.206609 -0.282276
v 0.102219 0.205028 -0.282219
v 0.119476 0.202536 -0.279433
v 0.139990 0.200391 -0.280128
v 0.158806 0.199609 -0.279786
v 0.177977 0.194544 -0.277977
v -0.000267 0.217531 -0.276364
v 0.019813 0.218196 -0.280114
v 0.039792 0.220211 -0.280027
v 0.058982 0.216762 -0.280023
v 0.080000 0.211733 -0.280000
v 0.031858 -0.326895 -0.268050
v 0.049759 -0.331156 -0.270025
v 0.068049 -0.334658 -0.271951
v 0.090000 -0.338692 -0.270000
v 0.110000 -0.338005 -0.270000
v 0.130552 -0.332471 -0.270417
v 0.149251 -0.329248 -0.269563
v 0.167752 -0.326519 -0.270309
v -0.010183 -0.309027 -0.268894
v 0.010000 -0.317335 -0.270000
v 0.191777 -0.311463 -0.271612
v 0.210000 -0.301877 -0.270000
v -0.028690 -0.288519 -0.270064
v 0.234372 -0.293471 -0.271197
v 0.246022 -0.286022 -0.266022
v -0.043594 -0.267623 -0.267623
v 0.251794 -0.276594 -0.271794
v 0.265627 -0.266303 -0.268864
v -0.167586 -0.244219 -0.267586
v -0.149794 -0.245173 -0.266927
v -0.130000 -0.240330 -0.270000
v -0.053088 -0.253750 -0.269964
v 0.289403 -0.248761 -0.268916
v -0.192279 -0.232078 -0.269987
v -0.108634 -0.231836 -0.270544
v -0.089587 -0.225775 -0.270124
v -0.069985 -0.230006 -0.269978
v 0.310657 -0.232257 -0.271549
v -0.211233 -0.211419 -0.270039
v 0.330127 -0.209657 -0.269610
v -0.223938 -0.187532 -0.272468
v 0.350559 -0.192720 -0.271068
v 0.369079 -0.194440 -0.269253
v 0.390000 -0.196710 -0.270000
v 0.409999 -0.191106 -0.271046
v 0.430000 -0.180040 -0.270000
v -0.228091 -0.170252 -0.269951
v 0.447371 -0.167373 -0.270290
v -0.229268 -0.149967 -0.269164
v 0.463292 -0.147752 -0.267752
v -0.227540 -0.130536 -0.267950
v 0.472873 -0.131679 -0.270671
v -0.226131 -0.109945 -0.265883
v 0.480201 -0.110000 -0.270000
v -0.225702 -0.090083 -0.265798
v 0.482523 -0.090000 -0.270000
v -0.231781 -0.072433 -0.270566
v 0.484118 -0.072480 -0.267520
v -0.249390 -0.049667 -0.270726
v 0.480411 -0.050000 -0.270000
v -0.256985 -0.030000 -0.270000
v 0.474171 -0.030563 -0.272511
v -0.260469 -0.010000 -0.270000
v 0.467592 -0.013533 -0.270326
v -0.258399 0.010000 -0.270000
v 0.452017 0.010610 -0.272189
v -0.250453 0.029962 -0.270024
v 0.432146 0.031857 -0.269888
v -0.233606 0.053511 -0.269750
v 0.334366 0.054366 -0.274366
v 0.349490 0.047628 -0.269541
v 0.369930 0.048010 -0.270788
v 0.390158 0.046992 -0.269467
v 0.410000 0.043369 -0.270000
v -0.209977 0.070188 -0.270058
v -0.192112 0.075438 -0.272112
v -0.150000 0.079454 -0.270000
v -0.130000 0.076553 -0.270000
v -0.110000 0.078756 -0.270000
v 0.327625 0.069246 -0.267210
v -0.170000 0.080601 -0.270000
v -0.100468 0.090000 -0.270000
v 0.310851 0.090486 -0.270526
v -0.093295 0.109153 -0.269711
v 0.296278 0.112190 -0.272190
v -0.089428 0.129514 -0.268838
v 0.286789 0.126271 -0.270013
v -0.082603 0.150000 -0.270000
v 0.267062 0.146949 -0.270166
v -0.071966 0.170445 -0.270817
v 0.250066 0.169887 -0.269856
v -0.052372 0.192191 -0.269677
v 0.170000 0.199267 -0.270000
v 0.190297 0.192259 -0.272191
v 0.209403 0.188407 -0.270499
v 0.227508 0.183884 -0.267508
v -0.029124 0.208477 -0.268804
v -0.012011 0.215747 -0.272011
v 0.072376 0.215909 -0.272376
v 0.090647 0.211460 -0.270559
v 0.109409 0.207884 -0.268410
v 0.127914 0.204584 -0.267914
v 0.150000 0.203230 -0.270000
v 0.010000 0.221773 -0.270000
v 0.030000 0.223426 -0.270000
v 0.050000 0.221542 -0.270000
v 0.041670 -0.335169 -0.258330
v 0.060562 -0.338384 -0.258949
v 0.079836 -0.336582 -0.260284
v 0.099991 -0.339696 -0.259885
v 0.120448 -0.338104 -0.259992
v 0.138185 -0.335039 -0.258185
v 0.001199 -0.318607 -0.258679
v 0.019567 -0.323578 -0.260599
v 0.160000 -0.329052 -0.260000
v 0.179722 -0.322190 -0.259922
v -0.021071 -0.299913 -0.261535
v 0.202389 -0.306432 -0.262389
v 0.220619 -0.301688 -0.260930
v 0.237491 -0.295355 -0.260422
v -0.037547 -0.276994 -0.260026
v 0.256783 -0.276894 -0.260383
v -0.049097 -0.260000 -0.260000
v 0.280248 -0.259972 -0.260322
v -0.179929 -0.240705 -0.260886
v -0.160000 -0.246881 -0.260000
v -0.138144 -0.244621 -0.261856
v -0.120056 -0.238932 -0.259763
v -0.100000 -0.230463 -0.260000
v -0.061364 -0.241647 -0.259979
v 0.304143 -0.243098 -0.261029
v 0.318269 -0.233515 -0.258269
v -0.202194 -0.222327 -0.260000
v -0.080000 -0.225806 -0.260000
v 0.326122 -0.221884 -0.261884
v -0.217685 -0.200470 -0.259976
v 0.340667 -0.200696 -0.260505
v 0.360000 -0.190060 -0.260000
v 0.382287 -0.194656 -0.262287
v 0.397869 -0.195288 -0.262131
v -0.225227 -0.183182 -0.259948
v 0.422951 -0.185162 -0.259778
v 0.437280 -0.177970 -0.260113
v -0.229700 -0.160000 -0.260000
v 0.458072 -0.157755 -0.260155
v -0.230061 -0.140000 -0.260000
v 0.473025 -0.137614 -0.257614
v -0.236068 -0.118802 -0.256721
v 0.480739 -0.120162 -0.260310
v -0.260000 -0.100000 -0.250375
v -0.238849 -0.099244 -0.257745
v 0.484066 -0.099787 -0.262444
v -0.260000 -0.080000 -0.252727
v -0.239664 -0.079397 -0.259654
v 0.485784 -0.082397 -0.262397
v -0.257605 -0.057605 -0.253710
v -0.245676 -0.061527 -0.261527
v 0.484937 -0.060262 -0.262896
v -0.257686 -0.039545 -0.258819
v 0.481527 -0.039670 -0.260183
v -0.261057 -0.020900 -0.259521
v 0.475657 -0.022620 -0.260711
v -0.260401 0.000197 -0.259936
v 0.461981 0.000741 -0.262237
v -0.255699 0.017497 -0.260050
v 0.444226 0.024056 -0.259790
v -0.243592 0.044261 -0.259724
v 0.361149 0.042821 -0.258851
v 0.380090 0.042450 -0.256624
v 0.400986 0.043714 -0.259410
v 0.419902 0.039129 -0.260057
v -0.235697 0.055697 -0.255697
v -0.224098 0.063578 -0.259691
v 0.338976 0.059493 -0.259280
v -0.199617 0.076892 -0.259343
v -0.180690 0.080819 -0.260818
v -0.160117 0.081446 -0.259851
v -0.141023 0.079352 -0.259307
v -0.119120 0.078161 -0.258795
v -0.104357 0.084357 -0.259559
v 0.322458 0.082891 -0.260838
v -0.098012 0.098553 -0.259428
v 0.304220 0.104220 -0.264220
v 0.313247 0.098106 -0.258106
v -0.092315 0.120000 -0.260000
v 0.295969 0.115567 -0.260292
v -0.085982 0.142494 -0.262494
v 0.278357 0.138215 -0.258194
v -0.078053 0.160089 -0.260318
v 0.260569 0.160129 -0.260643
v -0.063863 0.184582 -0.261309
v 0.222320 0.185770 -0.257680
v 0.239661 0.178629 -0.259306
v -0.056140 0.196140 -0.256140
v -0.043713 0.202971 -0.260930
v 0.120000 0.209799 -0.260000
v 0.140989 0.204098 -0.260972
v 0.161366 0.201933 -0.259975
v 0.180779 0.196996 -0.260190
v 0.200000 0.192380 -0.260000
v -0.018947 0.218773 -0.259104
v 0.000268 0.223991 -0.262259
v 0.020137 0.225058 -0.263027
v 0.040919 0.224036 -0.260806
v 0.060567 0.220561 -0.260477
v 0.079627 0.218106 -0.258076
v 0.097546 0.213753 -0.257546
v 0.050000 -0.342142 -0.250000
v 0.070000 -0.340958 -0.250000
v 0.090000 -0.340134 -0.250000
v 0.109903 -0.345247 -0.247317
v 0.127839 -0.343888 -0.247839
v 0.011443 -0.325781 -0.248557
v 0.028101 -0.333082 -0.251780
v 0.149522 -0.334267 -0.252465
v 0.166956 -0.328126 -0.250153
v -0.012578 -0.312579 -0.249833
v 0.194077 -0.312792 -0.249822
v 0.207849 -0.306458 -0.250291
v 0.230000 -0.300772 -0.250000
v -0.029189 -0.290415 -0.249278
v 0.248454 -0.288558 -0.250086
v -0.044498 -0.267003 -0.250070
v 0.270475 -0.271286 -0.251186
v -0.168107 -0.246935 -0.250274
v -0.149962 -0.249235 -0.249671
v -0.130601 -0.245848 -0.249193
v -0.053509 -0.254197 -0.249933
v 0.294156 -0.253316 -0.249721
v 0.307328 -0.245292 -0.250570
v -0.192727 -0.232617 -0.249957
v -0.107845 -0.235887 -0.252155
v -0.089100 -0.229360 -0.249546
v -0.070642 -0.231289 -0.249903
v 0.327667 -0.227329 -0.250338
v -0.211143 -0.211325 -0.249986
v 0.336991 -0.212333 -0.252333
v -0.224359 -0.187805 -0.247805
v 0.351504 -0.193082 -0.249976
v 0.368691 -0.187997 -0.250438
v 0.388880 -0.191375 -0.249807
v 0.409836 -0.189882 -0.250241
v 0.430000 -0.182635 -0.250000
v -0.229776 -0.169750 -0.249911
v 0.449996 -0.170017 -0.249171
v -0.233047 -0.151183 -0.249782
v 0.467892 -0.147477 -0.250163
v -0.247821 -0.129639 -0.246984
v -0.234279 -0.129310 -0.254279
v 0.479045 -0.130000 -0.250000
v -0.269320 -0.109145 -0.245692
v -0.250132 -0.110353 -0.250840
v 0.485667 -0.107211 -0.250497
v -0.287739 -0.087739 -0.244609
v -0.269738 -0.090077 -0.249440
v -0.252250 -0.089803 -0.253679
v 0.488832 -0.090123 -0.248717
v -0.287091 -0.069861 -0.245311
v -0.269951 -0.069992 -0.249864
v -0.252998 -0.070016 -0.255227
v 0.489923 -0.069998 -0.249926
v -0.290000 -0.050000 -0.242262
v -0.269903 -0.049803 -0.248357
v 0.487793 -0.050485 -0.249699
v -0.269637 -0.030701 -0.248247
v 0.481920 -0.030000 -0.250000
v -0.266591 -0.009706 -0.246374
v 0.471568 -0.009351 -0.251864
v -0.259467 0.010000 -0.250000
v 0.455980 0.013105 -0.249895
v -0.251875 0.031213 -0.250503
v 0.370000 0.038297 -0.250000
v 0.431718 0.032971 -0.249101
v 0.450000 0.020006 -0.250000
v -0.243981 0.048022 -0.248022
v 0.349570 0.049063 -0.249547
v 0.390000 0.040132 -0.250000
v 0.410000 0.040080 -0.250000
v -0.228031 0.063938 -0.248031
v -0.214093 0.073322 -0.249677
v -0.130000 0.079584 -0.250000
v 0.335854 0.071828 -0.251828
v -0.190000 0.082164 -0.250000
v -0.170000 0.083685 -0.250000
v -0.150000 0.081165 -0.250000
v -0.106371 0.086194 -0.248730
v 0.327468 0.086691 -0.249231
v -0.095286 0.112191 -0.252191
v 0.308159 0.109619 -0.248562
v -0.090976 0.130171 -0.249831
v 0.289347 0.129099 -0.248072
v -0.084614 0.146878 -0.250133
v 0.271349 0.150237 -0.251406
v -0.074244 0.172540 -0.249551
v 0.250465 0.172055 -0.249123
v -0.066889 0.185949 -0.250347
v 0.170000 0.199525 -0.250000
v 0.192337 0.193816 -0.250087
v 0.209765 0.189326 -0.249911
v 0.230000 0.181931 -0.250000
v -0.046251 0.206844 -0.250556
v -0.031825 0.215584 -0.251825
v 0.090000 0.217800 -0.250000
v 0.109777 0.214352 -0.252584
v 0.129750 0.209012 -0.249148
v 0.150000 0.203687 -0.250000
v -0.009531 0.227750 -0.248391
v 0.010075 0.230494 -0.250045
v 0.030227 0.227970 -0.249266
v 0.050144 0.224968 -0.246966
v 0.070000 0.222118 -0.250000
v 0.022443 -0.335877 -0.240768
v 0.038015 -0.342220 -0.241710
v 0.059883 -0.345362 -0.243081
v 0.079967 -0.342407 -0.243776
v 0.097651 -0.346658 -0.242349
v 0.120000 -0.349447 -0.240000
v 0.140674 -0.343234 -0.242069
v 0.156170 -0.337335 -0.240569
v -0.001701 -0.323297 -0.240764
v 0.180631 -0.321862 -0.240654
v 0.197690 -0.313539 -0.237690
v -0.021989 -0.302386 -0.239914
v 0.220258 -0.303596 -0.241208
v 0.236496 -0.297827 -0.239929
v -0.038100 -0.277648 -0.240038
v 0.260187 -0.279527 -0.240154
v -0.160000 -0.250651 -0.240000
v -0.140000 -0.251366 -0.240000
v -0.050090 -0.260000 -0.240000
v 0.284491 -0.264023 -0.241306
v 0.297805 -0.253838 -0.237805
v -0.180707 -0.242237 -0.240840
v -0.117652 -0.244056 -0.239578
v -0.104087 -0.237179 -0.240270
v -0.062547 -0.242760 -0.239922
v 0.319921 -0.240178 -0.239996
v -0.202592 -0.222777 -0.239949
v -0.080000 -0.229459 -0.240000
v 0.338124 -0.219489 -0.237745
v -0.218958 -0.200313 -0.239735
v 0.346754 -0.202286 -0.242286
v -0.228828 -0.180000 -0.240000
v 0.361697 -0.185233 -0.238303
v 0.380127 -0.182478 -0.236930
v 0.397515 -0.186594 -0.237515
v 0.420805 -0.184630 -0.239017
v 0.437567 -0.178392 -0.239917
v -0.239290 -0.158388 -0.238153
v 0.460609 -0.160014 -0.240962
v -0.277668 -0.137668 -0.233698
v -0.258733 -0.139122 -0.238761
v -0.241324 -0.141324 -0.244435
v 0.476268 -0.137911 -0.240163
v -0.298043 -0.118043 -0.234910
v -0.279890 -0.119872 -0.239501
v -0.261725 -0.121725 -0.244587
v 0.482902 -0.122202 -0.240853
v -0.317513 -0.097513 -0.233608
v -0.299773 -0.099097 -0.239043
v -0.282525 -0.099611 -0.244165
v 0.488825 -0.100000 -0.240000
v -0.317419 -0.080080 -0.235733
v -0.300500 -0.079945 -0.241421
v -0.280000 -0.080000 -0.247442
v 0.491318 -0.080000 -0.240000
v -0.317816 -0.062184 -0.234549
v -0.300156 -0.059458 -0.240562
v -0.282262 -0.057738 -0.245425
v 0.491417 -0.060000 -0.240000
v -0.320000 -0.040000 -0.230461
v -0.298042 -0.040542 -0.237903
v -0.281812 -0.040259 -0.243011
v 0.486079 -0.037598 -0.242403
v -0.297822 -0.022178 -0.234542
v -0.279983 -0.020403 -0.239386
v 0.479959 -0.019989 -0.240005
v -0.276243 -0.001026 -0.237348
v -0.264047 0.004047 -0.244047
v 0.463090 0.003469 -0.240104
v -0.259550 0.019840 -0.239924
v 0.444501 0.024092 -0.240204
v -0.250733 0.040000 -0.240000
v 0.359251 0.039444 -0.239851
v 0.379845 0.034872 -0.242779
v 0.399980 0.037375 -0.243863
v 0.418320 0.035704 -0.241680
v -0.238097 0.058073 -0.240151
v 0.346222 0.062166 -0.242166
v -0.218076 0.074190 -0.238076
v -0.201297 0.081641 -0.241857
v -0.179850 0.085178 -0.243111
v -0.160269 0.084101 -0.242544
v -0.139943 0.082977 -0.239167
v -0.120941 0.083264 -0.240126
v 0.338034 0.077534 -0.240344
v -0.101047 0.101053 -0.241418
v 0.320226 0.100636 -0.241124
v -0.096170 0.119594 -0.239108
v 0.301601 0.121533 -0.240999
v -0.088302 0.140000 -0.240000
v 0.282235 0.142415 -0.239871
v -0.081171 0.160113 -0.240928
v 0.262625 0.162429 -0.240000
v -0.074892 0.178139 -0.238140
v 0.222235 0.183675 -0.240098
v 0.236749 0.178060 -0.239945
v -0.060409 0.200436 -0.240906
v 0.142329 0.205236 -0.242329
v 0.160623 0.201193 -0.239923
v 0.180687 0.196361 -0.240023
v 0.200000 0.191231 -0.240000
v -0.038992 0.217779 -0.237936
v -0.021908 0.225567 -0.241908
v 0.040000 0.228121 -0.240000
v 0.062330 0.225789 -0.242330
v 0.080966 0.223669 -0.240271
v 0.099905 0.219870 -0.239958
v 0.117691 0.216268 -0.240545
v 0.002066 0.234983 -0.237934
v 0.017980 0.235060 -0.237980
v 0.032488 -0.344001 -0.227512
v 0.049774 -0.348801 -0.230240
v 0.071104 -0.349507 -0.229363
v 0.090086 -0.350768 -0.230181
v 0.110006 -0.352399 -0.230907
v 0.130540 -0.350983 -0.230400
v 0.148327 -0.345702 -0.228327
v -0.005170 -0.325170 -0.225170
v 0.008991 -0.332045 -0.231868
v 0.170802 -0.332060 -0.232239
v 0.187516 -0.322728 -0.227516
v -0.014133 -0.314532 -0.231429
v 0.210186 -0.310319 -0.230431
v -0.030979 -0.290152 -0.230440
v 0.230000 -0.299760 -0.230000
v 0.248866 -0.289087 -0.229970
v -0.046648 -0.266034 -0.230136
v 0.274107 -0.273188 -0.229944
v 0.287039 -0.264355 -0.230270
v -0.170001 -0.250019 -0.230016
v -0.151178 -0.254200 -0.230538
v -0.129604 -0.251700 -0.230640
v -0.112011 -0.244281 -0.227989
v -0.056446 -0.252305 -0.232305
v 0.309698 -0.248996 -0.229596
v -0.193465 -0.233383 -0.229906
v -0.089550 -0.233653 -0.230861
v -0.072514 -0.234658 -0.229600
v 0.331194 -0.231258 -0.231585
v -0.212287 -0.212498 -0.229819
v 0.348226 -0.207628 -0.230236
v -0.229160 -0.188894 -0.228811
v 0.356171 -0.192107 -0.232107
v 0.390000 -0.180422 -0.230000
v 0.407828 -0.184553 -0.232172
v -0.267614 -0.167614 -0.223713
v -0.248767 -0.168923 -0.228456
v -0.233931 -0.173931 -0.233931
v 0.372369 -0.176365 -0.227631
v 0.430000 -0.179760 -0.230000
v 0.450632 -0.169327 -0.229510
v -0.290522 -0.147419 -0.225644
v -0.270001 -0.149925 -0.230326
v -0.251658 -0.151659 -0.234651
v 0.469450 -0.150305 -0.230441
v -0.308101 -0.128127 -0.228090
v -0.290498 -0.131903 -0.232419
v -0.270000 -0.130000 -0.238860
v 0.480944 -0.130000 -0.230000
v -0.327773 -0.110447 -0.226269
v -0.312020 -0.110490 -0.232334
v -0.290000 -0.110000 -0.239504
v 0.487270 -0.110616 -0.230171
v -0.330073 -0.089275 -0.229648
v -0.310000 -0.090000 -0.237570
v 0.491154 -0.091153 -0.229942
v -0.330011 -0.069134 -0.230596
v -0.310000 -0.070000 -0.238366
v 0.492512 -0.070015 -0.229925
v -0.329993 -0.049670 -0.228150
v -0.312746 -0.050310 -0.234579
v 0.490404 -0.049775 -0.229885
v -0.327452 -0.029542 -0.225714
v -0.310304 -0.029130 -0.231521
v -0.290000 -0.030000 -0.238386
v 0.485246 -0.032891 -0.229962
v -0.308367 -0.010458 -0.228043
v -0.290544 -0.009086 -0.234066
v 0.472091 -0.007759 -0.230040
v -0.307536 0.007536 -0.223433
v -0.289773 0.009789 -0.229322
v -0.272560 0.009336 -0.234603
v 0.452731 0.012868 -0.230274
v -0.290000 0.030000 -0.220876
v -0.268907 0.026989 -0.227935
v -0.254835 0.034835 -0.234835
v 0.370010 0.029972 -0.229676
v 0.389941 0.028642 -0.231648
v 0.410057 0.030102 -0.230021
v 0.429511 0.028490 -0.230864
v -0.248810 0.048470 -0.228879
v 0.354463 0.051647 -0.231647
v -0.230105 0.068681 -0.228269
v 0.347679 0.068927 -0.229234
v -0.210000 0.081319 -0.230000
v -0.190419 0.087923 -0.229409
v -0.169904 0.088818 -0.229711
v -0.150904 0.087133 -0.227906
v -0.130076 0.088004 -0.227065
v -0.112167 0.091433 -0.230710
v 0.331327 0.090172 -0.231526
v -0.101539 0.110000 -0.230000
v 0.313735 0.114136 -0.229684
v -0.093663 0.132188 -0.229582
v 0.293134 0.132841 -0.229855
v 0.305198 0.125198 -0.225198
v -0.087880 0.148178 -0.229486
v 0.273034 0.152896 -0.230061
v -0.080314 0.170000 -0.230000
v 0.249767 0.170719 -0.229983
v -0.071459 0.190719 -0.231497
v 0.192762 0.194324 -0.229545
v 0.209657 0.188880 -0.229271
v 0.230000 0.180661 -0.230000
v -0.051774 0.211599 -0.231492
v 0.131259 0.212023 -0.230575
v 0.149102 0.205583 -0.229226
v 0.170000 0.200094 -0.230000
v -0.028682 0.227850 -0.228013
v -0.009457 0.234231 -0.232579
v 0.010000 0.238077 -0.230000
v 0.030798 0.234235 -0.230587
v 0.049929 0.230773 -0.230163
v 0.070112 0.230144 -0.230042
v 0.090489 0.226132 -0.227614
v 0.110000 0.221090 -0.230000
v 0.060000 -0.350515 -0.220000
v 0.080000 -0.351604 -0.220000
v 0.100000 -0.353837 -0.220000
v 0.120000 -0.353639 -0.220000
v 0.020029 -0.338703 -0.220130
v 0.037610 -0.345803 -0.217610
v 0.140000 -0.349781 -0.220000
v 0.160168 -0.342163 -0.221202
v -0.015997 -0.315658 -0.220315
v 0.000000 -0.329810 -0.220000
v 0.180000 -0.329835 -0.220000
v 0.199414 -0.320810 -0.219465
v -0.025654 -0.301945 -0.221945
v 0.221915 -0.305421 -0.221915
v 0.235676 -0.296499 -0.220056
v -0.039200 -0.280381 -0.220178
v 0.259935 -0.280130 -0.220105
v 0.280000 -0.270261 -0.220000
v -0.158061 -0.255566 -0.218061
v -0.140971 -0.256343 -0.219382
v -0.120000 -0.250739 -0.220000
v -0.054790 -0.257210 -0.220289
v 0.297184 -0.257577 -0.220109
v -0.183504 -0.243104 -0.219856
v -0.099985 -0.239496 -0.219773
v -0.080095 -0.235111 -0.217120
v -0.064479 -0.244487 -0.219781
v 0.322629 -0.242336 -0.219918
v -0.215279 -0.215279 -0.215279
v -0.204009 -0.223956 -0.221239
v 0.342265 -0.220489 -0.220910
v -0.260000 -0.200000 -0.210066
v -0.240305 -0.195751 -0.216832
v -0.224074 -0.203224 -0.220875
v 0.357285 -0.196001 -0.220252
v -0.280471 -0.177734 -0.216153
v -0.260089 -0.179926 -0.220421
v -0.241528 -0.181528 -0.224714
v 0.364588 -0.182142 -0.219858
v 0.382326 -0.173477 -0.222326
v 0.399844 -0.177985 -0.222508
v 0.420088 -0.178589 -0.222205
v 0.437942 -0.174251 -0.222058
v -0.298357 -0.158961 -0.218627
v -0.280570 -0.161872 -0.222382
v -0.260000 -0.160000 -0.228628
v 0.460370 -0.159677 -0.220254
v -0.319520 -0.139546 -0.219462
v -0.301775 -0.141775 -0.224853
v 0.477485 -0.136435 -0.219909
v -0.339208 -0.117951 -0.218359
v -0.321936 -0.121936 -0.225257
v 0.484124 -0.122413 -0.220045
v -0.340758 -0.100673 -0.221916
v 0.490508 -0.100000 -0.220000
v -0.343051 -0.079947 -0.222718
v 0.492534 -0.080000 -0.220000
v -0.343223 -0.060046 -0.222726
v 0.491940 -0.060000 -0.220000
v -0.340534 -0.038261 -0.221378
v 0.485836 -0.037698 -0.217698
v -0.336860 -0.019702 -0.217718
v -0.321730 -0.018270 -0.224729
v 0.478766 -0.019679 -0.219759
v -0.320167 0.000076 -0.219520
v -0.300000 -0.000000 -0.228573
v 0.460249 0.001690 -0.217826
v -0.318622 0.018622 -0.215882
v -0.301801 0.021374 -0.221927
v -0.282459 0.022459 -0.226493
v 0.381078 0.021431 -0.219365
v 0.399237 0.021510 -0.219976
v 0.420001 0.021808 -0.217882
v 0.438826 0.018772 -0.220729
v -0.295521 0.035521 -0.215521
v -0.280146 0.037352 -0.217847
v -0.261133 0.040810 -0.221996
v 0.361941 0.043133 -0.219738
v -0.241395 0.060056 -0.221793
v 0.355968 0.057569 -0.220604
v -0.219395 0.078078 -0.219211
v -0.202412 0.086297 -0.222412
v 0.341359 0.081491 -0.221828
v -0.180000 0.092288 -0.220000
v -0.160000 0.090914 -0.220000
v -0.140000 0.090579 -0.220000
v -0.115497 0.096102 -0.218571
v -0.104989 0.104989 -0.224989
v 0.323375 0.103991 -0.219771
v -0.101244 0.119908 -0.220168
v 0.300000 0.129430 -0.220000
v 0.313527 0.117942 -0.217942
v -0.094612 0.137979 -0.217979
v 0.282726 0.142522 -0.220090
v -0.084746 0.161856 -0.221856
v 0.260832 0.160744 -0.220043
v -0.080174 0.180006 -0.220037
v 0.222091 0.185545 -0.222091
v 0.237527 0.178230 -0.220106
v -0.064089 0.204177 -0.221304
v 0.161978 0.205296 -0.221978
v 0.180057 0.200202 -0.220101
v 0.198319 0.195712 -0.218319
v -0.042835 0.222433 -0.219720
v 0.101953 0.224757 -0.221953
v 0.120059 0.220516 -0.220268
v 0.137621 0.213269 -0.217621
v -0.017243 0.235475 -0.220562
v 0.001277 0.239377 -0.219831
v 0.020377 0.240582 -0.220285
v 0.040445 0.235887 -0.217458
v 0.060000 0.233687 -0.220000
v 0.080000 0.230671 -0.220000
v 0.030000 -0.342021 -0.210000
v 0.049668 -0.348247 -0.209863
v 0.068602 -0.351080 -0.209986
v 0.090158 -0.353575 -0.209964
v 0.109845 -0.352967 -0.210194
v 0.130532 -0.350776 -0.208823
v 0.147873 -0.346523 -0.209827
v -0.007491 -0.328164 -0.208339
v 0.008138 -0.334424 -0.211862
v 0.172293 -0.336344 -0.212293
v 0.189869 -0.329754 -0.209567
v -0.027009 -0.306280 -0.210386
v 0.214336 -0.313544 -0.209650
v 0.227208 -0.304779 -0.210489
v -0.035322 -0.291793 -0.211793
v 0.247767 -0.288034 -0.210021
v -0.049400 -0.269734 -0.209381
v 0.273830 -0.272770 -0.210102
v 0.287357 -0.265200 -0.209855
v -0.170077 -0.252251 -0.209782
v -0.150000 -0.257586 -0.210000
v -0.127812 -0.255395 -0.212188
v -0.111058 -0.248032 -0.209368
v -0.065884 -0.245603 -0.208601
v 0.309898 -0.250382 -0.210660
v -0.206959 -0.227148 -0.208412
v -0.192344 -0.237112 -0.212344
v -0.090000 -0.237949 -0.210000
v 0.333515 -0.233550 -0.209943
v -0.267713 -0.207713 -0.203080
v -0.250158 -0.207078 -0.207693
v -0.230490 -0.210105 -0.210394
v 0.351141 -0.210330 -0.211727
v -0.288008 -0.189027 -0.208233
v -0.270681 -0.191187 -0.212348
v -0.252220 -0.192220 -0.216068
v 0.361410 -0.190000 -0.210000
v -0.309608 -0.169677 -0.209545
v -0.291885 -0.171885 -0.215181
v 0.373585 -0.172411 -0.210195
v 0.388938 -0.167538 -0.210848
v 0.409197 -0.171541 -0.210451
v 0.430071 -0.170646 -0.210167
v 0.448361 -0.165036 -0.211639
v -0.329615 -0.149483 -0.209295
v -0.312293 -0.152293 -0.216590
v 0.467977 -0.147778 -0.209768
v -0.346814 -0.130478 -0.207137
v -0.332199 -0.132199 -0.216579
v 0.479763 -0.130000 -0.210000
v -0.351961 -0.111792 -0.211804
v 0.487458 -0.110831 -0.209529
v -0.353781 -0.090024 -0.213588
v 0.491061 -0.091246 -0.208858
v -0.353739 -0.069938 -0.213671
v 0.491529 -0.070053 -0.208678
v -0.353947 -0.050099 -0.213653
v 0.488290 -0.051086 -0.209664
v -0.350342 -0.028217 -0.211517
v 0.481579 -0.030000 -0.210000
v -0.347008 -0.009661 -0.207524
v -0.332107 -0.007893 -0.216075
v 0.470443 -0.009225 -0.208407
v -0.330964 0.011463 -0.210143
v 0.389375 0.012147 -0.207278
v 0.410088 0.012770 -0.207013
v 0.429890 0.012824 -0.206848
v 0.447474 0.008345 -0.211169
v -0.326341 0.026341 -0.206341
v -0.311658 0.030919 -0.212235
v 0.370226 0.030046 -0.209878
v -0.290291 0.047020 -0.207205
v -0.270780 0.050375 -0.209940
v -0.251499 0.055097 -0.211499
v 0.363705 0.047579 -0.207579
v -0.232319 0.071944 -0.209685
v 0.351526 0.070644 -0.212044
v -0.206217 0.087509 -0.210287
v -0.190935 0.093741 -0.210379
v -0.170089 0.094913 -0.212817
v -0.150022 0.093896 -0.212294
v -0.129803 0.094882 -0.212845
v 0.333958 0.094230 -0.209577
v -0.109664 0.108986 -0.208647
v 0.323451 0.107804 -0.207804
v -0.100079 0.130000 -0.210000
v 0.294149 0.133166 -0.210000
v 0.307510 0.125126 -0.210084
v -0.091200 0.151240 -0.211547
v 0.271233 0.151143 -0.209998
v -0.086577 0.169250 -0.209540
v 0.249978 0.170734 -0.210361
v -0.076668 0.192262 -0.212262
v 0.190000 0.199758 -0.210000
v 0.211799 0.192443 -0.210688
v 0.227531 0.185780 -0.210372
v -0.065686 0.205596 -0.210285
v -0.054839 0.214839 -0.214839
v 0.130000 0.219020 -0.210000
v 0.150646 0.211513 -0.210515
v 0.169675 0.206315 -0.209029
v -0.047853 0.223039 -0.207853
v -0.031696 0.232931 -0.210558
v 0.030000 0.239971 -0.210000
v 0.053105 0.234913 -0.210013
v 0.069665 0.232963 -0.210036
v 0.089326 0.229015 -0.210046
v 0.107436 0.226125 -0.210205
v -0.010000 0.240400 -0.210000
v 0.007529 0.244388 -0.207529
v 0.080000 -0.352903 -0.200000
v 0.100000 -0.353347 -0.200000
v 0.120000 -0.350262 -0.200000
v 0.002385 -0.336134 -0.200517
v 0.020864 -0.338081 -0.200214
v 0.037330 -0.344323 -0.199991
v 0.060000 -0.349404 -0.200000
v 0.140000 -0.347496 -0.200000
v 0.160754 -0.342803 -0.199877
v 0.177892 -0.336479 -0.200293
v -0.020701 -0.320885 -0.201601
v 0.204091 -0.323264 -0.199738
v 0.218149 -0.314571 -0.198149
v -0.037249 -0.296427 -0.200408
v 0.240155 -0.298572 -0.198597
v -0.045266 -0.281754 -0.201754
v 0.259825 -0.279922 -0.199441
v -0.159571 -0.256889 -0.199148
v -0.139923 -0.258471 -0.200115
v -0.122794 -0.255303 -0.200209
v -0.059159 -0.259612 -0.199022
v 0.282452 -0.266662 -0.197548
v 0.297491 -0.258075 -0.199970
v -0.199035 -0.238182 -0.198641
v -0.182429 -0.246792 -0.202429
v -0.097811 -0.243745 -0.199613
v -0.080130 -0.239749 -0.199865
v 0.322731 -0.242359 -0.200036
v -0.275202 -0.215202 -0.195202
v -0.260186 -0.217478 -0.197755
v -0.240635 -0.220020 -0.200419
v -0.219490 -0.222719 -0.203073
v 0.342855 -0.223119 -0.199994
v -0.298382 -0.199361 -0.198406
v -0.279730 -0.203118 -0.202615
v 0.358043 -0.200379 -0.200237
v -0.319837 -0.179833 -0.199769
v -0.302278 -0.182278 -0.206579
v 0.365687 -0.182161 -0.202161
v -0.339295 -0.158587 -0.198323
v -0.322283 -0.162283 -0.206882
v 0.380986 -0.163106 -0.199014
v 0.399719 -0.160577 -0.199992
v 0.420022 -0.162466 -0.197339
v 0.441120 -0.161219 -0.199511
v 0.458165 -0.153615 -0.201835
v -0.358027 -0.138027 -0.193682
v -0.344034 -0.141049 -0.203458
v 0.464370 -0.144370 -0.195630
v 0.472678 -0.137665 -0.202335
v -0.360229 -0.120536 -0.200174
v 0.481264 -0.120860 -0.198948
v -0.363518 -0.099921 -0.203692
v 0.488590 -0.100000 -0.200000
v -0.363315 -0.080003 -0.203339
v 0.490630 -0.080000 -0.200000
v -0.364259 -0.059937 -0.204272
v 0.488840 -0.060000 -0.200000
v -0.363372 -0.040176 -0.203284
v 0.481846 -0.038378 -0.198196
v -0.360079 -0.019235 -0.200722
v 0.475894 -0.022419 -0.199437
v -0.355997 -0.001039 -0.196432
v -0.341943 0.001943 -0.206038
v 0.399793 0.003121 -0.196686
v 0.420060 0.003800 -0.196126
v 0.439826 0.002972 -0.196754
v 0.456675 -0.002366 -0.199314
v -0.339647 0.019166 -0.198677
v 0.377522 0.019158 -0.199021
v -0.318694 0.039169 -0.199134
v -0.302074 0.042074 -0.206993
v 0.368051 0.040000 -0.200000
v -0.298830 0.055811 -0.196130
v -0.278406 0.060057 -0.198893
v -0.259843 0.061885 -0.201810
v -0.244951 0.064951 -0.204951
v 0.360687 0.059891 -0.200142
v -0.238767 0.075987 -0.195969
v -0.220942 0.081729 -0.201924
v 0.347000 0.082312 -0.202312
v -0.198527 0.095823 -0.198527
v -0.180154 0.100375 -0.199996
v -0.158720 0.100432 -0.199973
v -0.139562 0.099554 -0.199970
v -0.121267 0.102208 -0.200949
v 0.336372 0.096102 -0.198864
v -0.105797 0.122097 -0.202097
v 0.300000 0.129964 -0.200000
v 0.317005 0.117005 -0.200075
v -0.098509 0.140017 -0.199664
v 0.282515 0.142336 -0.199800
v -0.093613 0.157535 -0.197535
v 0.260804 0.160785 -0.199952
v -0.085897 0.182145 -0.202145
v 0.240371 0.181158 -0.201678
v -0.076563 0.196125 -0.200239
v 0.180300 0.203609 -0.198608
v 0.199545 0.198602 -0.198905
v 0.220000 0.190722 -0.200000
v -0.058052 0.218085 -0.198598
v 0.100000 0.227003 -0.200000
v 0.120964 0.222564 -0.200158
v 0.138086 0.216919 -0.200004
v 0.160000 0.210240 -0.200000
v -0.038184 0.234362 -0.198184
v -0.021078 0.241204 -0.201054
v -0.002055 0.245308 -0.202055
v 0.020469 0.243152 -0.200832
v 0.038992 0.237928 -0.200033
v 0.060000 0.233721 -0.200000
v 0.080000 0.230001 -0.200000
v 0.010000 -0.340462 -0.190000
v 0.032323 -0.343673 -0.187677
v 0.050787 -0.348818 -0.189630
v 0.069091 -0.353137 -0.190164
v 0.090050 -0.354254 -0.192686
v 0.109603 -0.352014 -0.189770
v 0.128605 -0.348900 -0.190048
v 0.149419 -0.346691 -0.189198
v 0.170000 -0.341420 -0.190000
v -0.025083 -0.325083 -0.185083
v -0.011417 -0.332995 -0.190744
v 0.191025 -0.332038 -0.190687
v 0.207694 -0.323613 -0.187694
v -0.032137 -0.310963 -0.191959
v 0.229771 -0.309376 -0.189276
v -0.047032 -0.286122 -0.190399
v 0.250785 -0.290822 -0.191065
v -0.054925 -0.271705 -0.191705
v 0.272490 -0.272017 -0.190006
v 0.290000 -0.261481 -0.190000
v -0.188841 -0.248507 -0.188817
v -0.171723 -0.254474 -0.191723
v -0.150000 -0.258971 -0.190000
v -0.130000 -0.258207 -0.190000
v -0.109125 -0.251433 -0.192017
v -0.092212 -0.244396 -0.187788
v -0.069315 -0.249401 -0.188512
v 0.309719 -0.251303 -0.190041
v -0.270347 -0.226430 -0.186469
v -0.249124 -0.228881 -0.190635
v -0.230770 -0.230197 -0.189923
v -0.211519 -0.234814 -0.191519
v 0.333177 -0.233119 -0.190048
v -0.308426 -0.207891 -0.188180
v -0.289759 -0.212525 -0.192345
v 0.351730 -0.211992 -0.189994
v -0.329566 -0.189566 -0.189331
v -0.312269 -0.192269 -0.196883
v 0.364907 -0.187054 -0.190308
v -0.349071 -0.168088 -0.188007
v -0.332165 -0.172165 -0.196589
v 0.372569 -0.173359 -0.189858
v -0.367673 -0.147673 -0.182872
v -0.353020 -0.149669 -0.192580
v 0.390400 -0.151257 -0.187305
v 0.410109 -0.151864 -0.188257
v 0.429958 -0.152960 -0.187036
v 0.450571 -0.150209 -0.189600
v -0.367764 -0.130183 -0.187928
v 0.470554 -0.130988 -0.188987
v -0.371100 -0.111480 -0.191167
v 0.483601 -0.107698 -0.192302
v -0.373229 -0.089952 -0.193283
v 0.487244 -0.088891 -0.189743
v -0.373706 -0.069931 -0.193702
v 0.487677 -0.069895 -0.191400
v -0.373869 -0.050047 -0.194102
v 0.484580 -0.052073 -0.192073
v -0.372444 -0.030144 -0.192441
v 0.473029 -0.028981 -0.186385
v -0.369137 -0.010953 -0.190325
v 0.394588 -0.005412 -0.185412
v 0.410028 -0.006419 -0.186436
v 0.429989 -0.005948 -0.186087
v 0.451467 -0.008119 -0.188098
v 0.468529 -0.016460 -0.191471
v -0.352256 0.010898 -0.192143
v 0.385956 0.005533 -0.189786
v -0.345991 0.025991 -0.185991
v -0.332893 0.032921 -0.193014
v 0.373129 0.031916 -0.189636
v -0.326080 0.046080 -0.186080
v -0.310911 0.052110 -0.192010
v 0.368130 0.048381 -0.189482
v -0.288395 0.069799 -0.188994
v -0.269926 0.071574 -0.191349
v -0.249685 0.074189 -0.193918
v 0.356129 0.072222 -0.192222
v -0.247741 0.087741 -0.183247
v -0.230172 0.087075 -0.186815
v -0.211620 0.092107 -0.191773
v 0.347016 0.086564 -0.190179
v -0.187871 0.104233 -0.187871
v -0.170034 0.107641 -0.186659
v -0.149796 0.105173 -0.187243
v -0.130326 0.105797 -0.187596
v -0.116448 0.111520 -0.191520
v 0.327285 0.107268 -0.190090
v -0.106892 0.125719 -0.190309
v 0.292009 0.136432 -0.192009
v 0.305857 0.126513 -0.190010
v -0.097934 0.150000 -0.190000
v 0.273869 0.153481 -0.189668
v 0.285388 0.145388 -0.185388
v -0.091657 0.171469 -0.191788
v 0.252676 0.172655 -0.189895
v -0.085534 0.187568 -0.190312
v 0.212838 0.194837 -0.189743
v 0.230216 0.188280 -0.190290
v -0.069276 0.209779 -0.189396
v 0.130000 0.218548 -0.190000
v 0.151724 0.212440 -0.190895
v 0.169487 0.206603 -0.188992
v 0.190000 0.202800 -0.190000
v -0.050056 0.230018 -0.190084
v 0.052345 0.235173 -0.192345
v 0.071205 0.232251 -0.189678
v 0.090373 0.227608 -0.189911
v 0.107844 0.225005 -0.192156
v -0.027851 0.244000 -0.187851
v -0.010552 0.247825 -0.190738
v 0.010393 0.247506 -0.190460
v 0.030000 0.241122 -0.190000
v 0.059619 -0.356576 -0.178007
v 0.079849 -0.358446 -0.180006
v 0.099225 -0.356210 -0.179491
v 0.120000 -0.350828 -0.180000
v -0.017782 -0.333217 -0.177782
v -0.000390 -0.341191 -0.180694
v 0.019670 -0.341271 -0.181616
v 0.040000 -0.349334 -0.180000
v 0.140000 -0.349342 -0.180000
v 0.162157 -0.345402 -0.182157
v 0.179969 -0.338293 -0.180289
v -0.033076 -0.317739 -0.177739
v 0.200000 -0.329163 -0.180000
v 0.219277 -0.318476 -0.177850
v -0.041861 -0.300944 -0.181852
v 0.243827 -0.303460 -0.179569
v 0.255108 -0.295108 -0.175108
v -0.055319 -0.277330 -0.180535
v 0.262516 -0.282744 -0.179699
v -0.179355 -0.256699 -0.179533
v -0.160063 -0.259452 -0.179506
v -0.139992 -0.259600 -0.179161
v -0.119175 -0.257270 -0.180477
v -0.062924 -0.263925 -0.179655
v 0.282269 -0.266089 -0.182269
v 0.297035 -0.257864 -0.180050
v -0.275313 -0.235313 -0.175313
v -0.260111 -0.237367 -0.177043
v -0.239996 -0.238091 -0.177723
v -0.218499 -0.238332 -0.179241
v -0.201874 -0.245620 -0.181874
v -0.100000 -0.249233 -0.180000
v -0.082179 -0.245050 -0.182179
v 0.322872 -0.242642 -0.179894
v -0.318882 -0.215699 -0.176022
v -0.301294 -0.220523 -0.180442
v -0.281289 -0.224303 -0.184286
v 0.342546 -0.222689 -0.180007
v -0.338652 -0.198884 -0.177822
v -0.321839 -0.201839 -0.185893
v 0.359675 -0.200106 -0.179436
v -0.356600 -0.180568 -0.177129
v -0.341947 -0.181947 -0.186057
v 0.370258 -0.180000 -0.180000
v -0.362280 -0.161778 -0.181949
v 0.381289 -0.160377 -0.179445
v -0.377227 -0.140203 -0.177457
v 0.400206 -0.140141 -0.180673
v 0.419353 -0.140666 -0.178126
v 0.441644 -0.141564 -0.178578
v 0.459293 -0.136978 -0.182906
v -0.380628 -0.121188 -0.179817
v 0.462005 -0.122005 -0.173626
v 0.473118 -0.118019 -0.181981
v -0.382861 -0.099894 -0.182614
v 0.479369 -0.099062 -0.179924
v -0.396750 -0.079989 -0.173756
v -0.384012 -0.079974 -0.183587
v 0.482133 -0.079033 -0.179672
v -0.383432 -0.060052 -0.183422
v 0.480293 -0.059211 -0.179664
v -0.382735 -0.040060 -0.182927
v 0.475566 -0.039361 -0.182323
v -0.379610 -0.018990 -0.180752
v 0.402041 -0.013782 -0.177959
v 0.420000 -0.016755 -0.177146
v 0.439910 -0.017053 -0.177416
v 0.459522 -0.020162 -0.180534
v -0.376218 -0.001133 -0.175813
v -0.364909 0.004909 -0.184909
v 0.388689 -0.000000 -0.180000
v -0.358984 0.018558 -0.179106
v 0.379192 0.019922 -0.179403
v -0.340283 0.040280 -0.180074
v 0.374211 0.037696 -0.177696
v -0.319660 0.059694 -0.179877
v -0.304962 0.064962 -0.184962
v 0.362793 0.063709 -0.179886
v -0.298104 0.079351 -0.178038
v -0.279877 0.082649 -0.182106
v -0.259827 0.084458 -0.183806
v 0.354798 0.077134 -0.180159
v -0.275041 0.095041 -0.175041
v -0.260114 0.097127 -0.174161
v -0.239974 0.095944 -0.175640
v -0.220137 0.096865 -0.175903
v -0.200897 0.101017 -0.181018
v -0.180000 0.109590 -0.180000
v -0.140000 0.107721 -0.180000
v 0.337272 0.097257 -0.179922
v -0.160000 0.110314 -0.180000
v -0.116613 0.116596 -0.180540
v 0.317298 0.117456 -0.180000
v -0.103787 0.140520 -0.180729
v 0.295947 0.135971 -0.180313
v -0.098335 0.159475 -0.179425
v 0.264155 0.163667 -0.179738
v 0.278000 0.153891 -0.178000
v -0.091134 0.180000 -0.180000
v 0.242456 0.182109 -0.180014
v -0.079929 0.200178 -0.180235
v 0.160000 0.209900 -0.180000
v 0.182370 0.205607 -0.182370
v 0.200248 0.201801 -0.179698
v 0.217656 0.194308 -0.177656
v -0.063578 0.223581 -0.179469
v 0.102488 0.225220 -0.182488
v 0.120792 0.221366 -0.179796
v 0.140549 0.217669 -0.179183
v -0.040498 0.240916 -0.180811
v -0.020000 0.248907 -0.180000
v 0.022228 0.245858 -0.182228
v 0.039975 0.239919 -0.179960
v 0.059272 0.236768 -0.179455
v 0.080000 0.231846 -0.180000
v 0.000000 0.250432 -0.180000
v 0.072423 -0.363973 -0.167577
v 0.087524 -0.363732 -0.167524
v -0.010000 -0.340119 -0.170000
v 0.009652 -0.345103 -0.167026
v 0.029861 -0.348939 -0.170066
v 0.047924 -0.355803 -0.172076
v 0.111979 -0.355157 -0.171979
v 0.129935 -0.351147 -0.171387
v 0.150456 -0.350820 -0.170609
v 0.167319 -0.345407 -0.170367
v -0.027523 -0.327529 -0.170199
v 0.192681 -0.334485 -0.169635
v 0.205866 -0.326909 -0.170146
v -0.043000 -0.307624 -0.167624
v 0.234080 -0.313140 -0.169588
v 0.248218 -0.304227 -0.168217
v -0.050883 -0.290465 -0.170981
v 0.263341 -0.287849 -0.167849
v -0.170000 -0.261441 -0.170000
v -0.150000 -0.260390 -0.170000
v -0.130000 -0.260497 -0.170000
v -0.064437 -0.268076 -0.168076
v 0.271861 -0.276524 -0.171861
v 0.286215 -0.266927 -0.170368
v -0.267821 -0.243539 -0.167821
v -0.250041 -0.246451 -0.165872
v -0.230017 -0.246649 -0.166391
v -0.208708 -0.248482 -0.169254
v -0.191844 -0.255226 -0.171844
v -0.107449 -0.254391 -0.169765
v -0.089737 -0.248683 -0.169080
v -0.072120 -0.254748 -0.169504
v 0.310633 -0.251832 -0.170684
v -0.308383 -0.228452 -0.168368
v -0.289756 -0.232249 -0.172352
v 0.333822 -0.234014 -0.169759
v -0.348438 -0.208438 -0.164337
v -0.331245 -0.212306 -0.172197
v 0.351854 -0.212062 -0.169988
v -0.368163 -0.188163 -0.163264
v -0.352780 -0.192975 -0.172219
v 0.367874 -0.187141 -0.170111
v -0.370396 -0.171206 -0.171477
v 0.375752 -0.172165 -0.172165
v -0.385954 -0.150403 -0.165814
v -0.374943 -0.154943 -0.174943
v 0.387824 -0.146690 -0.169946
v -0.390385 -0.128807 -0.168892
v 0.393536 -0.133536 -0.166464
v 0.408085 -0.126891 -0.172136
v 0.430073 -0.129997 -0.169950
v 0.449455 -0.129456 -0.171635
v -0.393012 -0.109801 -0.172820
v 0.411939 -0.111939 -0.165026
v 0.430000 -0.110000 -0.161829
v 0.452191 -0.112191 -0.164128
v 0.467494 -0.110286 -0.172160
v -0.403707 -0.090193 -0.166879
v -0.392318 -0.092318 -0.176597
v 0.469570 -0.090896 -0.168343
v -0.403893 -0.069912 -0.167035
v -0.392268 -0.067732 -0.176625
v 0.469505 -0.070190 -0.167966
v -0.393365 -0.050147 -0.173121
v 0.430000 -0.050000 -0.162087
v 0.452294 -0.047706 -0.164076
v 0.468912 -0.051676 -0.170839
v -0.390648 -0.029267 -0.170661
v 0.411126 -0.029421 -0.167915
v 0.430037 -0.030020 -0.169091
v 0.448329 -0.030259 -0.170593
v 0.465239 -0.034761 -0.174761
v -0.386888 -0.009675 -0.166782
v 0.393001 -0.006376 -0.169986
v -0.372326 0.011483 -0.172394
v 0.385337 0.007293 -0.170220
v -0.366351 0.030357 -0.167058
v -0.351968 0.031968 -0.176808
v 0.378033 0.030000 -0.170000
v -0.348599 0.048989 -0.167971
v -0.331886 0.051886 -0.176779
v 0.370948 0.050030 -0.170865
v -0.329218 0.067492 -0.167877
v -0.311780 0.071780 -0.175938
v 0.359816 0.070000 -0.170000
v -0.308880 0.085660 -0.165997
v -0.291121 0.091731 -0.171672
v -0.270000 0.090000 -0.178891
v 0.346584 0.086509 -0.169830
v -0.267620 0.102828 -0.167620
v -0.252343 0.103285 -0.167657
v -0.230000 0.100186 -0.170000
v -0.210000 0.101425 -0.170000
v -0.190094 0.109021 -0.169938
v -0.169939 0.114520 -0.172524
v -0.149208 0.112362 -0.171295
v -0.130577 0.112932 -0.171853
v 0.326959 0.106776 -0.169871
v -0.111294 0.130811 -0.171222
v 0.307118 0.127154 -0.170112
v -0.105139 0.148177 -0.168177
v 0.287913 0.147982 -0.170139
v -0.095975 0.172254 -0.172254
v 0.254083 0.173497 -0.169925
v 0.267752 0.163520 -0.167752
v -0.090162 0.189959 -0.169997
v 0.210000 0.197955 -0.170000
v 0.230402 0.188590 -0.169683
v -0.076783 0.212184 -0.172183
v 0.152213 0.216211 -0.172213
v 0.170365 0.211044 -0.170301
v 0.187990 0.206878 -0.170227
v -0.066353 0.226344 -0.169024
v -0.052195 0.236867 -0.172195
v 0.072352 0.235653 -0.172352
v 0.090368 0.230662 -0.170586
v 0.109203 0.226528 -0.169555
v 0.127598 0.224054 -0.167598
v -0.029535 0.249257 -0.169964
v -0.009960 0.251160 -0.171406
v 0.010688 0.250721 -0.170831
v 0.029629 0.247139 -0.169370
v 0.050000 0.240175 -0.170000
v 0.040615 -0.355957 -0.159063
v 0.058304 -0.361935 -0.162063
v 0.080000 -0.367011 -0.160000
v 0.101463 -0.361876 -0.161854
v 0.117095 -0.355077 -0.160381
v 0.140000 -0.353449 -0.160000
v 0.160000 -0.350147 -0.160000
v -0.019188 -0.338090 -0.157913
v -0.001992 -0.344970 -0.161992
v 0.020000 -0.349676 -0.160000
v 0.180015 -0.340516 -0.160594
v 0.198007 -0.334347 -0.158007
v -0.038818 -0.319755 -0.159045
v 0.221305 -0.321935 -0.160440
v 0.238222 -0.314714 -0.158222
v -0.049880 -0.300000 -0.160000
v 0.257895 -0.297811 -0.160188
v -0.060278 -0.280149 -0.160293
v 0.276760 -0.277058 -0.160375
v -0.260000 -0.250877 -0.160000
v -0.237730 -0.253331 -0.157730
v -0.220086 -0.256881 -0.156545
v -0.199420 -0.257888 -0.158393
v -0.181105 -0.261730 -0.160973
v -0.160180 -0.262826 -0.159611
v -0.140077 -0.261380 -0.159880
v -0.120222 -0.259886 -0.159390
v -0.102492 -0.253777 -0.157508
v -0.076022 -0.256133 -0.158600
v 0.300487 -0.261303 -0.161424
v -0.317925 -0.233123 -0.157925
v -0.299254 -0.240014 -0.159598
v -0.279676 -0.243705 -0.163956
v 0.324753 -0.244060 -0.161426
v 0.335696 -0.235696 -0.155696
v -0.340100 -0.220059 -0.160059
v -0.324488 -0.224488 -0.164488
v 0.343335 -0.223934 -0.159813
v -0.360787 -0.200891 -0.160598
v 0.361362 -0.199557 -0.159824
v -0.378320 -0.178655 -0.159810
v 0.374574 -0.176913 -0.160160
v -0.383622 -0.161106 -0.163777
v 0.382165 -0.161093 -0.160806
v -0.396945 -0.140255 -0.156471
v 0.390498 -0.140000 -0.160000
v -0.400649 -0.120756 -0.160222
v 0.399198 -0.119437 -0.160628
v 0.422329 -0.117671 -0.166113
v 0.440093 -0.117497 -0.164143
v -0.403836 -0.101332 -0.164281
v 0.404135 -0.099388 -0.155865
v 0.420762 -0.099184 -0.160685
v 0.440634 -0.100450 -0.159344
v 0.458114 -0.100272 -0.163201
v -0.409658 -0.080000 -0.160000
v 0.419779 -0.079977 -0.158285
v 0.439941 -0.080015 -0.157903
v 0.456711 -0.079991 -0.161445
v -0.404642 -0.058399 -0.164713
v 0.421103 -0.060569 -0.160296
v 0.440357 -0.059753 -0.159670
v 0.458106 -0.059744 -0.163147
v -0.403138 -0.040206 -0.163053
v 0.403965 -0.040405 -0.156035
v 0.417565 -0.041958 -0.163326
v 0.440077 -0.042504 -0.164090
v 0.460000 -0.040000 -0.169635
v -0.399485 -0.021168 -0.159958
v 0.399668 -0.020444 -0.160629
v -0.395800 -0.004200 -0.155800
v -0.386864 0.002044 -0.162044
v 0.390181 -0.000000 -0.160000
v -0.380504 0.021674 -0.161483
v 0.381984 0.021782 -0.160542
v -0.376441 0.040654 -0.156861
v -0.361877 0.041877 -0.165736
v 0.376592 0.037952 -0.160169
v -0.358960 0.055918 -0.156155
v -0.342629 0.062370 -0.161849
v 0.363229 0.063935 -0.160075
v -0.338091 0.078091 -0.153124
v -0.321417 0.080688 -0.162129
v 0.344996 0.084996 -0.155004
v 0.353252 0.077806 -0.162194
v -0.298732 0.098494 -0.159690
v -0.279711 0.103467 -0.163988
v -0.260000 0.109063 -0.160000
v -0.240144 0.105752 -0.163182
v -0.219996 0.104512 -0.162637
v -0.202276 0.106009 -0.162276
v 0.335520 0.095388 -0.161465
v -0.179707 0.117121 -0.159415
v -0.159789 0.118853 -0.159655
v -0.140098 0.117068 -0.158305
v -0.122405 0.121712 -0.161122
v 0.317275 0.116969 -0.159965
v -0.113096 0.137552 -0.157552
v 0.298668 0.138603 -0.160086
v -0.103759 0.160727 -0.160511
v 0.277721 0.158063 -0.160090
v -0.098669 0.178732 -0.158717
v 0.240429 0.180991 -0.158101
v 0.260000 0.170099 -0.160000
v -0.086814 0.202367 -0.162367
v 0.180000 0.209139 -0.160000
v 0.200071 0.201318 -0.159071
v 0.217516 0.193581 -0.162484
v -0.078428 0.218137 -0.158611
v 0.120000 0.227506 -0.160000
v 0.140712 0.223687 -0.160676
v 0.158716 0.217757 -0.159230
v -0.057333 0.237754 -0.160260
v -0.042367 0.246659 -0.162367
v 0.041838 0.244652 -0.161838
v 0.059895 0.239781 -0.159821
v 0.079251 0.235595 -0.158914
v 0.100000 0.231550 -0.160000
v -0.020000 0.252741 -0.160000
v 0.000000 0.253370 -0.160000
v 0.020000 0.251234 -0.160000
v 0.050000 -0.360077 -0.150000
v 0.070276 -0.366467 -0.151282
v 0.090458 -0.367228 -0.150332
v 0.110000 -0.360814 -0.150000
v -0.007599 -0.345997 -0.150451
v 0.009636 -0.350871 -0.150231
v 0.028222 -0.354443 -0.151778
v 0.129626 -0.353752 -0.149842
v 0.149743 -0.352975 -0.150033
v 0.166356 -0.347944 -0.150018
v -0.031796 -0.331612 -0.151560
v 0.190000 -0.339925 -0.150000
v 0.209940 -0.330611 -0.150097
v 0.227746 -0.323664 -0.147746
v -0.049634 -0.309747 -0.149731
v 0.248217 -0.308427 -0.150092
v -0.056973 -0.292343 -0.152343
v 0.269452 -0.289591 -0.148544
v -0.230000 -0.260385 -0.150000
v -0.212416 -0.263664 -0.147584
v -0.190000 -0.262070 -0.150000
v -0.167994 -0.265573 -0.147994
v -0.152365 -0.264342 -0.147635
v -0.130000 -0.261319 -0.150000
v -0.070661 -0.270361 -0.150573
v 0.291083 -0.272199 -0.151987
v 0.305239 -0.265239 -0.145239
v -0.308347 -0.244750 -0.148347
v -0.290861 -0.250889 -0.150314
v -0.269820 -0.254087 -0.154675
v -0.250003 -0.255849 -0.153223
v -0.110000 -0.257558 -0.150000
v -0.090850 -0.252979 -0.150456
v 0.314552 -0.254269 -0.151284
v 0.326916 -0.244056 -0.150247
v -0.348457 -0.224374 -0.148457
v -0.331554 -0.231912 -0.150796
v 0.342885 -0.227501 -0.147501
v -0.367705 -0.207516 -0.147268
v -0.354435 -0.214435 -0.154435
v 0.352528 -0.213060 -0.149908
v -0.385608 -0.185608 -0.145608
v -0.376563 -0.191892 -0.151892
v 0.367995 -0.189635 -0.149022
v -0.390027 -0.170889 -0.150684
v 0.378767 -0.170000 -0.150000
v -0.396725 -0.152206 -0.152206
v 0.387508 -0.149697 -0.150180
v -0.406543 -0.130240 -0.145967
v 0.393924 -0.132372 -0.149848
v -0.410111 -0.110010 -0.149968
v 0.399856 -0.110000 -0.150000
v -0.412462 -0.089894 -0.153330
v 0.406427 -0.088644 -0.153689
v 0.430000 -0.090000 -0.158256
v 0.450000 -0.090000 -0.159305
v -0.413125 -0.070000 -0.154041
v 0.406571 -0.069938 -0.153565
v 0.430000 -0.070000 -0.158520
v 0.450000 -0.070000 -0.159525
v -0.412931 -0.050082 -0.153471
v 0.406115 -0.051537 -0.154472
v -0.411247 -0.028298 -0.151339
v 0.400446 -0.030000 -0.150000
v -0.407555 -0.009557 -0.147500
v 0.394261 -0.007454 -0.149824
v -0.393168 0.009778 -0.153294
v 0.388082 0.009704 -0.150355
v -0.390478 0.031054 -0.150520
v 0.380586 0.030000 -0.150000
v -0.385369 0.045369 -0.145369
v -0.370887 0.052385 -0.152336
v 0.371274 0.049803 -0.149958
v -0.350502 0.070424 -0.150348
v 0.354147 0.074431 -0.150206
v -0.329037 0.089447 -0.149570
v -0.314397 0.094397 -0.154397
v 0.334409 0.094706 -0.150054
v -0.308271 0.103964 -0.148271
v -0.289817 0.109872 -0.149948
v -0.269886 0.112424 -0.153101
v -0.250078 0.112780 -0.153485
v -0.229292 0.111550 -0.150316
v -0.210020 0.110217 -0.149941
v -0.191376 0.113760 -0.151376
v -0.150000 0.119660 -0.150000
v 0.324630 0.107195 -0.150004
v -0.170000 0.122054 -0.150000
v -0.125545 0.126026 -0.148592
v 0.308981 0.128818 -0.150040
v -0.110729 0.150114 -0.150083
v 0.289069 0.149133 -0.149999
v -0.105817 0.168432 -0.148432
v 0.252430 0.174274 -0.150103
v 0.265692 0.166673 -0.149993
v -0.095107 0.191855 -0.151855
v 0.213865 0.192660 -0.150241
v 0.227697 0.185961 -0.149658
v -0.088476 0.209146 -0.148511
v 0.172420 0.211692 -0.150057
v 0.187939 0.204617 -0.152061
v -0.070591 0.230459 -0.151452
v 0.070000 0.238670 -0.150000
v 0.091906 0.234412 -0.151906
v 0.109736 0.231701 -0.150951
v 0.128652 0.228117 -0.150265
v 0.147526 0.224087 -0.147526
v -0.046143 0.247555 -0.150219
v -0.029651 0.253441 -0.149678
v -0.010004 0.254527 -0.149679
v 0.009698 0.253582 -0.149835
v 0.029919 0.249881 -0.149057
v 0.047354 0.245783 -0.150381
v 0.000000 -0.350821 -0.140000
v 0.020698 -0.356222 -0.139315
v 0.040304 -0.359644 -0.139760
v 0.060653 -0.363402 -0.140179
v 0.080000 -0.367740 -0.140000
v 0.102858 -0.364871 -0.140011
v 0.116681 -0.357585 -0.140074
v 0.140000 -0.352856 -0.140000
v 0.160000 -0.350392 -0.140000
v -0.038182 -0.333642 -0.138182
v -0.021738 -0.342857 -0.140459
v 0.179201 -0.343300 -0.140149
v 0.198156 -0.338141 -0.139404
v -0.046871 -0.322150 -0.142150
v 0.220000 -0.329565 -0.140000
v 0.237457 -0.317869 -0.140064
v -0.059442 -0.299602 -0.139568
v 0.260231 -0.301767 -0.142190
v -0.067266 -0.282367 -0.142367
v 0.281862 -0.281574 -0.141489
v 0.300000 -0.270386 -0.140000
v -0.298360 -0.255254 -0.138360
v -0.280108 -0.260578 -0.139937
v -0.259985 -0.262449 -0.143139
v -0.239866 -0.262539 -0.143239
v -0.222333 -0.266068 -0.142333
v -0.200149 -0.264713 -0.142784
v -0.180949 -0.264195 -0.140725
v -0.160000 -0.267228 -0.140000
v -0.139337 -0.263187 -0.140689
v -0.119741 -0.260403 -0.139971
v -0.100837 -0.256124 -0.139147
v -0.081348 -0.260967 -0.140598
v 0.316359 -0.256398 -0.140324
v -0.340629 -0.236868 -0.135938
v -0.321999 -0.242440 -0.141218
v 0.336447 -0.236250 -0.140048
v -0.360619 -0.220471 -0.140790
v 0.348968 -0.220000 -0.140000
v -0.379911 -0.199685 -0.139648
v 0.361289 -0.201595 -0.139963
v -0.396360 -0.178871 -0.135785
v 0.374968 -0.177158 -0.140008
v -0.401228 -0.161114 -0.140309
v 0.382336 -0.163264 -0.139978
v -0.406679 -0.142235 -0.142235
v 0.392182 -0.140000 -0.140000
v -0.416319 -0.120226 -0.135958
v 0.397851 -0.120421 -0.140107
v -0.418143 -0.099322 -0.139388
v 0.400391 -0.100562 -0.140044
v -0.418693 -0.080075 -0.140054
v 0.401870 -0.079940 -0.140279
v -0.419534 -0.058828 -0.140034
v 0.401923 -0.060090 -0.140236
v -0.420925 -0.038895 -0.139694
v 0.400664 -0.039185 -0.140054
v -0.418648 -0.020595 -0.139838
v 0.397693 -0.019556 -0.140028
v -0.415463 -0.004537 -0.135463
v -0.403836 0.001103 -0.143958
v 0.392633 -0.000000 -0.140000
v -0.401878 0.022018 -0.140531
v 0.384909 0.022843 -0.139819
v -0.395817 0.038813 -0.138813
v 0.377895 0.037014 -0.140044
v -0.377443 0.057643 -0.138644
v -0.364248 0.064248 -0.144248
v 0.362002 0.062312 -0.140065
v -0.357261 0.077367 -0.136874
v -0.343843 0.083843 -0.143843
v 0.343952 0.084167 -0.139984
v -0.338304 0.093631 -0.138304
v -0.321631 0.102338 -0.140927
v 0.332872 0.097600 -0.137600
v -0.298071 0.114625 -0.138071
v -0.279342 0.117986 -0.138748
v -0.260982 0.121370 -0.139887
v -0.239772 0.120278 -0.139930
v -0.219932 0.118400 -0.137875
v -0.199109 0.117410 -0.138413
v -0.180630 0.121204 -0.140808
v -0.160238 0.123486 -0.139409
v -0.139508 0.121997 -0.140400
v 0.317787 0.117363 -0.140083
v -0.117953 0.139013 -0.139426
v 0.300089 0.139914 -0.139914
v -0.110773 0.160000 -0.140000
v 0.260000 0.169372 -0.140000
v 0.277520 0.157896 -0.139936
v -0.103993 0.180446 -0.140868
v 0.222430 0.186257 -0.137570
v 0.239951 0.178322 -0.139789
v -0.096912 0.197755 -0.139354
v 0.182855 0.204865 -0.140208
v 0.198825 0.198077 -0.140705
v -0.082690 0.222798 -0.139771
v 0.140000 0.226641 -0.140000
v 0.159999 0.220048 -0.139898
v -0.059598 0.241161 -0.140419
v 0.040000 0.248737 -0.140000
v 0.060474 0.243698 -0.140808
v 0.079449 0.238978 -0.139079
v 0.097016 0.235390 -0.140314
v 0.120000 0.231174 -0.140000
v -0.040000 0.252275 -0.140000
v -0.022475 0.255173 -0.137525
v 0.000000 0.254830 -0.140000
v 0.020000 0.252301 -0.140000
v 0.030000 -0.360151 -0.130000
v 0.050000 -0.362171 -0.130000
v 0.072037 -0.365215 -0.132037
v 0.090203 -0.366492 -0.132289
v 0.110000 -0.361481 -0.130000
v -0.028542 -0.345453 -0.128542
v -0.010428 -0.351455 -0.130310
v 0.008139 -0.354469 -0.131861
v 0.129219 -0.353141 -0.129940
v 0.150286 -0.350414 -0.130043
v 0.167689 -0.346161 -0.129697
v 0.190000 -0.340884 -0.130000
v -0.049061 -0.329785 -0.129219
v 0.214119 -0.332935 -0.129997
v 0.227532 -0.325509 -0.130029
v -0.057164 -0.312458 -0.132458
v 0.249679 -0.311130 -0.130704
v -0.069089 -0.289422 -0.129085
v 0.272853 -0.292805 -0.129879
v -0.290000 -0.261181 -0.130000
v -0.269275 -0.267153 -0.129848
v -0.249996 -0.269337 -0.130057
v -0.229454 -0.269429 -0.129912
v -0.209020 -0.271512 -0.130471
v -0.192345 -0.266254 -0.130594
v -0.170632 -0.266340 -0.129989
v -0.149644 -0.267314 -0.130378
v -0.132355 -0.264264 -0.127645
v -0.077179 -0.272455 -0.132455
v 0.292385 -0.276703 -0.132384
v 0.306695 -0.267151 -0.130103
v -0.328450 -0.247874 -0.127266
v -0.309504 -0.252791 -0.133678
v -0.110000 -0.258660 -0.130000
v -0.090000 -0.258840 -0.130000
v 0.327369 -0.247221 -0.130120
v -0.365714 -0.225714 -0.125714
v -0.352878 -0.232490 -0.131270
v 0.344261 -0.226962 -0.130051
v -0.385283 -0.205283 -0.125283
v -0.373666 -0.213846 -0.131039
v 0.353746 -0.214406 -0.129882
v -0.392058 -0.191203 -0.130837
v 0.368643 -0.190310 -0.130202
v -0.407660 -0.170315 -0.127522
v 0.379037 -0.170000 -0.130000
v -0.411118 -0.151452 -0.131365
v 0.388883 -0.149930 -0.130061
v -0.416786 -0.132212 -0.132212
v 0.395130 -0.133096 -0.129885
v -0.426887 -0.110173 -0.126694
v 0.399424 -0.110000 -0.130000
v -0.427498 -0.089965 -0.127358
v 0.400531 -0.090000 -0.130000
v -0.427203 -0.070023 -0.126977
v 0.401510 -0.070000 -0.130000
v -0.428309 -0.050057 -0.128050
v 0.400961 -0.050000 -0.130000
v -0.428266 -0.029889 -0.127587
v 0.399385 -0.030000 -0.130000
v -0.423759 -0.012090 -0.127910
v 0.394997 -0.006914 -0.129859
v -0.411292 0.011471 -0.130559
v 0.390576 0.010149 -0.130809
v -0.406900 0.028952 -0.128951
v 0.382151 0.030000 -0.130000
v -0.390260 0.050343 -0.130664
v 0.370534 0.049827 -0.129978
v -0.370021 0.070012 -0.130036
v 0.353478 0.073945 -0.129791
v -0.350239 0.090180 -0.130309
v 0.342923 0.087722 -0.127722
v -0.326382 0.107663 -0.129261
v -0.310647 0.113507 -0.132308
v -0.290000 0.119605 -0.130000
v 0.327338 0.106972 -0.130183
v -0.268291 0.125573 -0.128291
v -0.250016 0.127986 -0.126809
v -0.229765 0.126023 -0.127709
v -0.210000 0.121899 -0.130000
v -0.190000 0.121653 -0.130000
v -0.170057 0.126363 -0.127742
v -0.149978 0.125562 -0.127364
v -0.129381 0.128899 -0.128774
v 0.310314 0.129635 -0.128248
v -0.114389 0.152733 -0.129642
v 0.288188 0.148413 -0.129925
v -0.110779 0.170245 -0.130441
v 0.252744 0.171943 -0.130085
v 0.266912 0.164338 -0.129792
v -0.103809 0.187520 -0.127520
v 0.210435 0.191772 -0.130854
v 0.230000 0.181877 -0.130000
v -0.092720 0.213241 -0.129827
v 0.172181 0.211737 -0.129975
v 0.190000 0.201593 -0.130000
v -0.073476 0.232996 -0.129883
v 0.090000 0.237570 -0.130000
v 0.109421 0.233481 -0.129997
v 0.129388 0.228841 -0.129899
v 0.147631 0.224546 -0.132369
v -0.049374 0.248292 -0.129153
v -0.030770 0.254403 -0.128776
v -0.010217 0.254648 -0.130200
v 0.009754 0.252842 -0.130201
v 0.030327 0.250244 -0.130010
v 0.050403 0.247323 -0.130270
v 0.067754 0.244697 -0.127754
v -0.018148 -0.354870 -0.118148
v 0.000948 -0.357214 -0.119679
v 0.020743 -0.358676 -0.120151
v 0.040175 -0.363366 -0.119796
v 0.060009 -0.362433 -0.120117
v 0.080218 -0.363528 -0.120649
v 0.101122 -0.361953 -0.120362
v 0.119819 -0.357302 -0.119082
v 0.140000 -0.350814 -0.120000
v -0.040827 -0.341942 -0.121539
v 0.160000 -0.346918 -0.120000
v 0.180355 -0.340570 -0.119019
v 0.199572 -0.336865 -0.120658
v -0.059431 -0.319643 -0.119093
v 0.220000 -0.329780 -0.120000
v 0.238216 -0.318592 -0.119979
v -0.065993 -0.302149 -0.122149
v 0.263526 -0.303264 -0.119973
v -0.257752 -0.274281 -0.117752
v -0.239766 -0.274794 -0.116954
v -0.220000 -0.273682 -0.120000
v -0.200000 -0.272197 -0.120000
v -0.078055 -0.278952 -0.119485
v 0.283971 -0.283547 -0.119999
v 0.297617 -0.273744 -0.122383
v -0.319441 -0.257426 -0.118550
v -0.302249 -0.261967 -0.121131
v -0.282217 -0.265692 -0.122217
v -0.180290 -0.264137 -0.120290
v -0.160000 -0.267737 -0.120000
v -0.140000 -0.267393 -0.120000
v -0.117707 -0.262017 -0.120457
v -0.099054 -0.258052 -0.120201
v -0.084463 -0.264463 -0.124463
v 0.318273 -0.258330 -0.120028
v -0.356020 -0.237018 -0.119113
v -0.341546 -0.244804 -0.121546
v 0.336652 -0.236260 -0.119948
v -0.378019 -0.217974 -0.119092
v 0.350251 -0.220000 -0.120000
v -0.398201 -0.197870 -0.117906
v 0.362289 -0.202868 -0.119927
v -0.415777 -0.175777 -0.115777
v -0.406832 -0.181956 -0.121956
v 0.375614 -0.177503 -0.120127
v -0.418223 -0.157652 -0.119712
v 0.382834 -0.163936 -0.119931
v -0.421979 -0.140608 -0.120737
v 0.393242 -0.140000 -0.120000
v -0.432709 -0.117646 -0.117646
v -0.424847 -0.124847 -0.124847
v 0.397944 -0.120287 -0.119934
v -0.437133 -0.100088 -0.116326
v 0.399719 -0.098979 -0.121337
v -0.436949 -0.079975 -0.116406
v 0.400561 -0.079977 -0.118452
v -0.436802 -0.059989 -0.115861
v 0.401197 -0.060008 -0.120021
v -0.435491 -0.039665 -0.117399
v 0.400321 -0.039450 -0.120000
v -0.430161 -0.020000 -0.120000
v 0.397943 -0.019671 -0.120015
v -0.421094 0.000901 -0.120825
v 0.393875 -0.000000 -0.120000
v -0.415264 0.018246 -0.118246
v 0.385556 0.023185 -0.120059
v -0.402061 0.040694 -0.122004
v 0.378170 0.037474 -0.120006
v -0.382796 0.062753 -0.119661
v 0.362455 0.063166 -0.119767
v -0.363561 0.083808 -0.119482
v 0.353907 0.078044 -0.118044
v -0.355098 0.095098 -0.115098
v -0.340883 0.102095 -0.121642
v 0.338704 0.098535 -0.118922
v -0.318350 0.115580 -0.118350
v -0.300230 0.120600 -0.120169
v -0.279456 0.124472 -0.122751
v -0.260000 0.129935 -0.120000
v -0.217515 0.126405 -0.122485
v -0.200032 0.124882 -0.122831
v -0.182489 0.126501 -0.122489
v -0.160000 0.128430 -0.120000
v -0.140000 0.128337 -0.120000
v 0.320177 0.120017 -0.120262
v -0.240000 0.130506 -0.120000
v -0.119652 0.139779 -0.119641
v 0.298783 0.138956 -0.119923
v -0.115129 0.157972 -0.117972
v 0.262237 0.165846 -0.117763
v 0.276031 0.156573 -0.119893
v -0.107506 0.180000 -0.120000
v 0.223050 0.185416 -0.120013
v 0.238930 0.177681 -0.120927
v -0.100554 0.200096 -0.120457
v 0.182306 0.206057 -0.122306
v 0.200387 0.198195 -0.120177
v -0.084647 0.224637 -0.119960
v 0.142689 0.224274 -0.120254
v 0.160159 0.218650 -0.119900
v -0.061835 0.241439 -0.119928
v 0.040000 0.248224 -0.120000
v 0.060000 0.247196 -0.120000
v 0.080586 0.241946 -0.119845
v 0.097551 0.236001 -0.120125
v 0.120000 0.230291 -0.120000
v -0.040000 0.252408 -0.120000
v -0.020000 0.254900 -0.120000
v 0.000000 0.252787 -0.120000
v 0.020000 0.251115 -0.120000
v 0.030000 -0.362344 -0.110000
v 0.050000 -0.363782 -0.110000
v 0.070000 -0.360871 -0.110000
v 0.090000 -0.361250 -0.110000
v -0.030766 -0.351385 -0.111430
v -0.010000 -0.359853 -0.110000
v 0.010000 -0.358143 -0.110000
v 0.110000 -0.359878 -0.110000
v 0.131801 -0.354478 -0.111801
v 0.149880 -0.349760 -0.110881
v 0.166881 -0.344614 -0.110130
v -0.053539 -0.333960 -0.109819
v 0.191928 -0.335017 -0.108072
v 0.210080 -0.330805 -0.109870
v 0.227797 -0.323922 -0.112203
v -0.067739 -0.306578 -0.110246
v 0.249666 -0.312249 -0.110241
v -0.074026 -0.292304 -0.109685
v 0.273490 -0.293488 -0.110003
v -0.310355 -0.267543 -0.106273
v -0.288971 -0.268672 -0.109801
v -0.269501 -0.271906 -0.111018
v -0.250000 -0.278571 -0.110000
v -0.227541 -0.275712 -0.112459
v -0.210121 -0.274570 -0.112878
v -0.190031 -0.269830 -0.109938
v -0.170134 -0.265088 -0.109866
v -0.150251 -0.267800 -0.110003
v -0.129674 -0.268857 -0.109559
v -0.110000 -0.261424 -0.110000
v -0.087126 -0.266976 -0.110219
v 0.293029 -0.275735 -0.110278
v 0.306627 -0.267285 -0.109915
v -0.346714 -0.247448 -0.110473
v -0.331786 -0.255402 -0.111786
v 0.327873 -0.247585 -0.109973
v -0.370582 -0.230335 -0.110902
v 0.345619 -0.225361 -0.109983
v -0.391090 -0.211145 -0.111638
v 0.356076 -0.213257 -0.109955
v -0.410307 -0.190699 -0.110727
v 0.370136 -0.189983 -0.110333
v -0.423795 -0.167861 -0.107861
v 0.380473 -0.170000 -0.110000
v -0.427577 -0.150105 -0.106195
v 0.389317 -0.149871 -0.110034
v -0.431263 -0.131363 -0.110792
v 0.394839 -0.132972 -0.110117
v -0.439708 -0.110000 -0.110000
v 0.398263 -0.110000 -0.110000
v -0.441776 -0.090000 -0.110000
v 0.399509 -0.090000 -0.110000
v -0.441409 -0.070000 -0.110000
v 0.400666 -0.070000 -0.110000
v -0.440413 -0.050000 -0.110000
v 0.400900 -0.050000 -0.110000
v -0.435486 -0.027941 -0.112059
v 0.399497 -0.030000 -0.110000
v -0.428839 -0.009903 -0.109797
v 0.395040 -0.006931 -0.110210
v -0.420709 0.010000 -0.110000
v 0.390021 0.010005 -0.109956
v -0.411395 0.030767 -0.111541
v 0.381884 0.030000 -0.110000
v -0.405029 0.045029 -0.105029
v -0.396566 0.052030 -0.112030
v 0.371812 0.050598 -0.110737
v -0.385391 0.065419 -0.108718
v -0.373917 0.073917 -0.113917
v 0.363460 0.067660 -0.107660
v -0.366544 0.086126 -0.109004
v 0.350116 0.089902 -0.109908
v -0.347815 0.103271 -0.107815
v -0.331033 0.111811 -0.111869
v 0.331881 0.110243 -0.111859
v -0.310000 0.120422 -0.110000
v -0.289207 0.126022 -0.109345
v -0.270126 0.130627 -0.110055
v -0.249943 0.133847 -0.112167
v -0.230111 0.132420 -0.113630
v -0.209439 0.131445 -0.110638
v -0.190077 0.130922 -0.110063
v -0.169951 0.131504 -0.110634
v -0.149830 0.131215 -0.110101
v -0.131382 0.134540 -0.111382
v 0.309949 0.130109 -0.109859
v -0.119499 0.150000 -0.110000
v 0.286200 0.146435 -0.109837
v -0.111028 0.170175 -0.109978
v 0.249807 0.171657 -0.110126
v 0.270000 0.160216 -0.110000
v -0.104283 0.187561 -0.112439
v 0.210837 0.192250 -0.109084
v 0.230000 0.181628 -0.110000
v -0.093249 0.213815 -0.110113
v 0.170870 0.211778 -0.109320
v 0.187579 0.204131 -0.112421
v -0.074591 0.234227 -0.109913
v 0.090000 0.238991 -0.110000
v 0.111548 0.231957 -0.110722
v 0.129584 0.226162 -0.111060
v 0.150000 0.221488 -0.110000
v -0.049911 0.247997 -0.110213
v -0.029602 0.254359 -0.110001
v -0.010104 0.254240 -0.109722
v 0.009789 0.253683 -0.109534
v 0.030000 0.250000 -0.110000
v 0.050123 0.247802 -0.110023
v 0.067565 0.246158 -0.109990
v -0.020807 -0.358158 -0.100150
v -0.000213 -0.360058 -0.099936
v 0.020007 -0.360043 -0.099906
v 0.040102 -0.363125 -0.100201
v 0.059917 -0.360659 -0.100065
v 0.080013 -0.360281 -0.100014
v 0.099977 -0.360849 -0.099990
v 0.118922 -0.359572 -0.100066
v 0.137422 -0.355883 -0.100472
v -0.044690 -0.344333 -0.099981
v 0.160000 -0.348465 -0.100000
v 0.180086 -0.338966 -0.098469
v 0.200000 -0.330158 -0.100000
v -0.062117 -0.320807 -0.100879
v 0.221844 -0.322100 -0.097993
v 0.237878 -0.316509 -0.099589
v -0.072206 -0.300000 -0.100000
v 0.262584 -0.302311 -0.100113
v -0.300000 -0.272580 -0.100000
v -0.280000 -0.271708 -0.100000
v -0.259825 -0.277053 -0.099140
v -0.239938 -0.280838 -0.100406
v -0.219883 -0.277877 -0.099081
v -0.200819 -0.275645 -0.099175
v -0.140000 -0.272254 -0.100000
v -0.081535 -0.279740 -0.100753
v 0.283506 -0.283480 -0.099976
v -0.336770 -0.257573 -0.100383
v -0.321786 -0.265203 -0.101786
v -0.180000 -0.267502 -0.100000
v -0.162413 -0.265227 -0.102413
v -0.117615 -0.266449 -0.102385
v -0.099882 -0.260286 -0.100074
v 0.300000 -0.269784 -0.100000
v 0.317841 -0.257998 -0.099996
v -0.360847 -0.242141 -0.101921
v 0.336222 -0.235854 -0.100012
v -0.395641 -0.215801 -0.098854
v -0.381833 -0.226129 -0.101833
v 0.350388 -0.220000 -0.100000
v -0.415197 -0.195197 -0.095197
v -0.406721 -0.202016 -0.102016
v 0.362905 -0.203567 -0.099997
v -0.421593 -0.181005 -0.101188
v 0.377500 -0.176517 -0.100029
v -0.429713 -0.160000 -0.100000
v 0.384587 -0.162666 -0.099944
v -0.433864 -0.137777 -0.097777
v 0.392361 -0.140000 -0.100000
v -0.440657 -0.120148 -0.100126
v 0.396225 -0.120378 -0.099759
v -0.444439 -0.099801 -0.102639
v 0.397983 -0.100114 -0.099853
v -0.445242 -0.080024 -0.103091
v 0.399232 -0.080038 -0.099949
v -0.444094 -0.060141 -0.102482
v 0.400318 -0.061061 -0.099131
v -0.441714 -0.039301 -0.100625
v 0.400035 -0.039950 -0.099897
v -0.435752 -0.022513 -0.100382
v 0.396961 -0.019411 -0.099675
v -0.425533 0.002118 -0.102118
v 0.391753 -0.000000 -0.100000
v -0.420403 0.020329 -0.100329
v 0.384684 0.022889 -0.099861
v -0.413176 0.037846 -0.097846
v 0.378118 0.040000 -0.100368
v -0.398147 0.057961 -0.098275
v 0.369078 0.060000 -0.100000
v -0.378321 0.078250 -0.098851
v 0.359816 0.079930 -0.099596
v -0.359826 0.098884 -0.098935
v 0.343296 0.103562 -0.099764
v -0.340000 0.110934 -0.100000
v -0.319951 0.119459 -0.099640
v -0.301870 0.124682 -0.101870
v 0.323037 0.122549 -0.099855
v -0.280000 0.130370 -0.100000
v -0.259470 0.137504 -0.099750
v -0.239710 0.140312 -0.100074
v -0.219685 0.138372 -0.099916
v -0.199751 0.136482 -0.097936
v -0.179993 0.135000 -0.097049
v -0.160089 0.135626 -0.097391
v -0.138581 0.138106 -0.098731
v -0.124545 0.144544 -0.104545
v 0.296278 0.136815 -0.099881
v -0.116925 0.156335 -0.100085
v 0.264088 0.163364 -0.100104
v 0.277760 0.153099 -0.102240
v -0.105309 0.183191 -0.100040
v 0.222863 0.185061 -0.100073
v 0.236758 0.177660 -0.099967
v -0.099727 0.200091 -0.100414
v 0.182692 0.204634 -0.100341
v 0.197076 0.198064 -0.099893
v -0.083916 0.224312 -0.100133
v 0.120000 0.228590 -0.100000
v 0.140856 0.222193 -0.100187
v 0.158038 0.216628 -0.099733
v -0.063086 0.242403 -0.100017
v 0.040000 0.248995 -0.100000
v 0.060000 0.247108 -0.100000
v 0.079282 0.243454 -0.099869
v 0.099482 0.237440 -0.100204
v -0.040000 0.251889 -0.100000
v -0.017681 0.255269 -0.097681
v -0.000068 0.255729 -0.097183
v 0.017631 0.254797 -0.097631
v -0.010000 -0.360289 -0.090000
v 0.030000 -0.361144 -0.090000
v 0.050000 -0.361536 -0.090000
v 0.090000 -0.360963 -0.090000
v 0.110000 -0.361012 -0.090000
v -0.031071 -0.352452 -0.089140
v 0.010000 -0.357779 -0.090000
v 0.070000 -0.358882 -0.090000
v 0.130000 -0.359296 -0.090000
v 0.152188 -0.352862 -0.090857
v 0.168003 -0.346566 -0.090186
v -0.053477 -0.333965 -0.090160
v 0.192556 -0.331806 -0.090067
v 0.207096 -0.324917 -0.089639
v -0.067933 -0.309283 -0.090908
v 0.232019 -0.315342 -0.087981
v 0.250359 -0.308598 -0.090568
v -0.250000 -0.281295 -0.090000
v -0.230000 -0.281746 -0.090000
v -0.075535 -0.293137 -0.090047
v 0.273430 -0.293120 -0.090004
v -0.326047 -0.267314 -0.090389
v -0.310762 -0.273688 -0.090566
v -0.290127 -0.274470 -0.092714
v -0.271727 -0.273951 -0.091727
v -0.210000 -0.279950 -0.090000
v -0.187403 -0.274469 -0.089517
v -0.170983 -0.267619 -0.090301
v -0.150398 -0.270453 -0.090608
v -0.129011 -0.272456 -0.089901
v -0.112721 -0.265219 -0.090156
v -0.089188 -0.269546 -0.087973
v 0.293153 -0.272493 -0.090047
v 0.307615 -0.265659 -0.090001
v -0.367663 -0.242907 -0.087663
v -0.350868 -0.252047 -0.092150
v 0.327763 -0.247494 -0.090050
v -0.387455 -0.227720 -0.090353
v -0.374986 -0.234986 -0.094986
v 0.345542 -0.225206 -0.089997
v -0.407656 -0.207399 -0.090290
v 0.355905 -0.213145 -0.090089
v -0.420287 -0.190000 -0.090000
v 0.370380 -0.189949 -0.089397
v -0.430526 -0.170094 -0.090159
v 0.381103 -0.170000 -0.090000
v -0.433736 -0.150965 -0.090478
v 0.389131 -0.149701 -0.089956
v -0.439828 -0.130000 -0.090000
v 0.393974 -0.130650 -0.088929
v -0.445770 -0.109072 -0.089164
v 0.396373 -0.110000 -0.090000
v -0.448122 -0.090088 -0.088617
v 0.397835 -0.090000 -0.090000
v -0.447898 -0.069862 -0.089050
v 0.399103 -0.070000 -0.090000
v -0.445870 -0.051108 -0.089339
v 0.399888 -0.050000 -0.090000
v -0.441331 -0.030000 -0.090000
v 0.398096 -0.030000 -0.090000
v -0.433965 -0.010689 -0.092336
v 0.393401 -0.009609 -0.088951
v -0.429315 0.010253 -0.090411
v 0.388602 0.009189 -0.090094
v -0.424289 0.028186 -0.088186
v 0.384326 0.027663 -0.087663
v -0.407745 0.049315 -0.089268
v 0.374113 0.052387 -0.089775
v -0.390626 0.070695 -0.091478
v 0.367852 0.066723 -0.090140
v -0.372098 0.090506 -0.091791
v 0.352906 0.093413 -0.089919
v -0.349625 0.109267 -0.089770
v -0.332444 0.116336 -0.092444
v 0.334670 0.114504 -0.089932
v -0.307006 0.125213 -0.090254
v -0.289663 0.129023 -0.090086
v -0.272851 0.134961 -0.089748
v -0.190000 0.138136 -0.090000
v -0.170000 0.137769 -0.090000
v -0.150000 0.138984 -0.090000
v 0.310071 0.128871 -0.089980
v -0.250000 0.141886 -0.090000
v -0.230000 0.142436 -0.090000
v -0.210000 0.140963 -0.090000
v -0.128856 0.147568 -0.089375
v 0.274457 0.154105 -0.090208
v 0.287604 0.142976 -0.092396
v -0.109342 0.170056 -0.091032
v 0.249945 0.170457 -0.089764
v -0.102629 0.190000 -0.090000
v 0.190000 0.199832 -0.090000
v 0.209865 0.191006 -0.090080
v 0.230000 0.180855 -0.090000
v -0.090979 0.210366 -0.088795
v 0.150000 0.218008 -0.090000
v 0.170070 0.208884 -0.090810
v -0.074142 0.234009 -0.090137
v 0.112999 0.232063 -0.090033
v 0.127078 0.225191 -0.089782
v -0.048293 0.247905 -0.090688
v -0.029628 0.253244 -0.090286
v -0.012232 0.255040 -0.087768
v 0.012482 0.255532 -0.087518
v 0.029591 0.252431 -0.090011
v 0.048630 0.248316 -0.090018
v 0.069381 0.246020 -0.088804
v 0.090000 0.241919 -0.090000
v -0.017682 -0.356325 -0.079438
v -0.000081 -0.358255 -0.079768
v 0.019948 -0.359160 -0.079942
v 0.038873 -0.360364 -0.079517
v 0.058813 -0.359735 -0.081097
v 0.079999 -0.359834 -0.081351
v 0.100005 -0.359788 -0.080689
v 0.120024 -0.359685 -0.079943
v 0.139654 -0.356728 -0.080848
v 0.160000 -0.350807 -0.080000
v -0.042968 -0.342810 -0.080235
v 0.179845 -0.341274 -0.080015
v -0.060336 -0.319895 -0.079925
v 0.202135 -0.325737 -0.077865
v 0.218179 -0.317384 -0.080578
v 0.240000 -0.310413 -0.080000
v -0.071670 -0.300000 -0.080000
v 0.260350 -0.301018 -0.079587
v -0.317950 -0.274711 -0.077950
v -0.300134 -0.278052 -0.078873
v -0.279844 -0.276854 -0.080605
v -0.259122 -0.278550 -0.080195
v -0.239777 -0.282917 -0.079849
v -0.220041 -0.283723 -0.079550
v -0.199539 -0.281252 -0.080632
v -0.182077 -0.274629 -0.077923
v -0.140000 -0.273615 -0.080000
v -0.081342 -0.281745 -0.080027
v 0.283082 -0.283161 -0.080096
v -0.360000 -0.250296 -0.080000
v -0.340517 -0.261370 -0.081668
v -0.160000 -0.267554 -0.080000
v -0.120000 -0.269780 -0.080000
v -0.102026 -0.264209 -0.082026
v 0.300000 -0.269279 -0.080000
v 0.319108 -0.259229 -0.080031
v -0.379677 -0.238219 -0.077640
v 0.336991 -0.236524 -0.080086
v -0.400106 -0.220123 -0.080380
v 0.349832 -0.220000 -0.080000
v -0.417714 -0.197159 -0.080155
v 0.362444 -0.202959 -0.080070
v -0.426410 -0.182378 -0.082378
v 0.377032 -0.175815 -0.079862
v -0.436042 -0.158480 -0.078480
v 0.383888 -0.162262 -0.080179
v -0.440819 -0.140875 -0.080510
v 0.391594 -0.140000 -0.080000
v -0.445032 -0.121921 -0.081921
v 0.395163 -0.117757 -0.082243
v -0.448286 -0.100000 -0.080000
v 0.396282 -0.100217 -0.079763
v -0.449473 -0.080000 -0.080000
v 0.397659 -0.080125 -0.079853
v -0.448452 -0.060000 -0.080000
v 0.398964 -0.060041 -0.079941
v -0.446157 -0.037663 -0.082337
v 0.398632 -0.039906 -0.079942
v -0.442669 -0.020232 -0.083708
v 0.396089 -0.022432 -0.079914
v -0.439373 -0.000746 -0.079631
v 0.391672 -0.000000 -0.080000
v -0.434085 0.017890 -0.077890
v 0.387387 0.020000 -0.080000
v -0.418869 0.040211 -0.078254
v 0.380356 0.040043 -0.080569
v -0.401970 0.062325 -0.079875
v 0.372006 0.060000 -0.080000
v -0.383593 0.083793 -0.079687
v 0.362253 0.079631 -0.079852
v -0.375035 0.095035 -0.075035
v -0.363594 0.103015 -0.079850
v 0.344399 0.104641 -0.080040
v -0.337317 0.115508 -0.080048
v -0.320536 0.122132 -0.079925
v -0.300000 0.127378 -0.080000
v 0.323067 0.122421 -0.080115
v -0.277534 0.133851 -0.077534
v -0.260258 0.140640 -0.080845
v -0.239929 0.142728 -0.079968
v -0.220021 0.143123 -0.079844
v -0.200037 0.142089 -0.081030
v -0.180051 0.140872 -0.080322
v -0.159964 0.140690 -0.080339
v -0.142463 0.144119 -0.079662
v 0.283035 0.145714 -0.080114
v 0.295722 0.136471 -0.080015
v -0.117855 0.157752 -0.080121
v 0.260608 0.161568 -0.077886
v -0.102284 0.181532 -0.078039
v 0.223991 0.182922 -0.080151
v 0.237309 0.175328 -0.079599
v -0.095630 0.197431 -0.079291
v 0.181500 0.202364 -0.079045
v 0.198036 0.196574 -0.080020
v -0.082399 0.220926 -0.079228
v 0.122090 0.225576 -0.077910
v 0.139955 0.219829 -0.080199
v 0.157541 0.213629 -0.082459
v -0.059886 0.241470 -0.079461
v -0.040000 0.249044 -0.080000
v 0.060000 0.246972 -0.080000
v 0.080623 0.243841 -0.079081
v 0.098925 0.238245 -0.080615
v -0.020000 0.252844 -0.080000
v -0.000069 0.255472 -0.082959
v 0.020000 0.253754 -0.080000
v 0.040000 0.250114 -0.080000
v -0.029188 -0.348782 -0.071425
v -0.009437 -0.354418 -0.067316
v 0.010000 -0.357613 -0.070000
v 0.030000 -0.357745 -0.070000
v 0.050000 -0.359886 -0.070000
v 0.070000 -0.359184 -0.070000
v 0.090000 -0.357934 -0.070000
v 0.110000 -0.357332 -0.070000
v 0.129712 -0.355014 -0.067037
v 0.150541 -0.351642 -0.069627
v 0.167548 -0.346045 -0.069491
v -0.050327 -0.330640 -0.068844
v 0.193013 -0.332584 -0.069990
v -0.065582 -0.307472 -0.069554
v 0.210000 -0.319889 -0.070000
v 0.229898 -0.309660 -0.070084
v 0.247482 -0.305922 -0.069512
v -0.290000 -0.280896 -0.070000
v -0.250000 -0.280988 -0.070000
v -0.230000 -0.284581 -0.070000
v -0.210000 -0.284788 -0.070000
v -0.073027 -0.294142 -0.070192
v 0.272468 -0.292321 -0.070111
v -0.329937 -0.270612 -0.070346
v -0.310000 -0.278679 -0.070000
v -0.270000 -0.278859 -0.070000
v -0.190000 -0.279056 -0.070000
v -0.170215 -0.269146 -0.069981
v -0.150641 -0.270253 -0.069298
v -0.130210 -0.272524 -0.070039
v -0.109926 -0.269055 -0.069776
v -0.091785 -0.273044 -0.069407
v 0.291957 -0.273741 -0.069909
v 0.306429 -0.267758 -0.070071
v -0.367826 -0.248319 -0.070160
v -0.352399 -0.256649 -0.072399
v 0.329102 -0.248964 -0.070021
v -0.391109 -0.231076 -0.071569
v 0.344512 -0.227038 -0.070041
v -0.410039 -0.209981 -0.070014
v 0.353785 -0.214454 -0.070052
v -0.425278 -0.187366 -0.070202
v 0.368177 -0.190376 -0.069630
v -0.432898 -0.171925 -0.070768
v 0.378688 -0.170000 -0.070000
v -0.444658 -0.148199 -0.068199
v 0.388011 -0.148064 -0.070613
v -0.449541 -0.129899 -0.070187
v 0.392791 -0.129664 -0.070215
v -0.452055 -0.110888 -0.071060
v 0.394628 -0.111033 -0.068988
v -0.451948 -0.089947 -0.071127
v 0.396243 -0.090000 -0.070000
v -0.453374 -0.070037 -0.071829
v 0.397598 -0.070000 -0.070000
v -0.452271 -0.049016 -0.071176
v 0.398632 -0.050000 -0.070000
v -0.451936 -0.029394 -0.071083
v 0.397175 -0.030000 -0.070000
v -0.448170 -0.012002 -0.069862
v 0.394160 -0.009413 -0.071141
v -0.439670 0.010000 -0.070000
v 0.390610 0.010318 -0.070957
v -0.429812 0.030032 -0.069660
v 0.385503 0.027282 -0.070017
v -0.410673 0.050794 -0.071308
v 0.375434 0.053167 -0.069934
v -0.394195 0.074606 -0.069866
v 0.368527 0.067880 -0.070003
v -0.383051 0.087716 -0.067716
v -0.370000 0.099601 -0.070000
v 0.352676 0.093099 -0.070121
v -0.350004 0.110084 -0.070133
v -0.330000 0.118316 -0.070000
v 0.334000 0.113652 -0.070179
v -0.307442 0.125961 -0.069916
v -0.289655 0.128942 -0.069966
v -0.272440 0.136193 -0.067560
v 0.310445 0.128286 -0.069630
v -0.250000 0.142134 -0.070000
v -0.230000 0.142978 -0.070000
v -0.210000 0.143591 -0.070000
v -0.190000 0.143910 -0.070000
v -0.170000 0.142418 -0.070000
v -0.147680 0.144319 -0.067680
v -0.129999 0.149145 -0.069714
v 0.272654 0.152192 -0.070086
v 0.290000 0.140181 -0.070000
v -0.107413 0.167475 -0.069768
v 0.231816 0.175344 -0.068184
v 0.246223 0.167082 -0.069634
v -0.094412 0.189290 -0.067400
v 0.209950 0.189834 -0.070733
v -0.087377 0.206216 -0.069625
v 0.152634 0.214384 -0.070109
v 0.167102 0.208144 -0.069958
v 0.190000 0.200116 -0.070000
v -0.070977 0.230652 -0.068228
v 0.090000 0.238952 -0.070000
v 0.110014 0.229892 -0.070053
v 0.130000 0.221062 -0.070000
v -0.047982 0.244759 -0.072018
v -0.029231 0.248864 -0.070456
v -0.009780 0.251997 -0.069193
v 0.009864 0.252546 -0.068811
v 0.030726 0.251051 -0.069528
v 0.048994 0.246360 -0.070310
v 0.067665 0.244384 -0.072335
v 0.001996 -0.355353 -0.061996
v 0.019892 -0.357356 -0.059693
v 0.039808 -0.357627 -0.059813
v 0.060020 -0.359078 -0.059917
v 0.080253 -0.357279 -0.059690
v 0.098832 -0.355763 -0.060643
v 0.117688 -0.354441 -0.062312
v 0.140000 -0.350521 -0.060000
v -0.037973 -0.338278 -0.061251
v -0.022163 -0.346251 -0.057837
v 0.159543 -0.344718 -0.057222
v 0.180001 -0.340199 -0.059958
v -0.057207 -0.316299 -0.060882
v 0.204368 -0.323906 -0.060004
v 0.215255 -0.315255 -0.064745
v -0.065393 -0.301803 -0.058197
v 0.222402 -0.307090 -0.057598
v 0.239839 -0.304494 -0.057280
v 0.260322 -0.299152 -0.060490
v -0.318080 -0.276787 -0.060058
v -0.301079 -0.281817 -0.059837
v -0.280165 -0.282317 -0.061378
v -0.260000 -0.280010 -0.060020
v -0.239840 -0.282552 -0.060112
v -0.219980 -0.283989 -0.060420
v -0.199553 -0.281405 -0.059092
v -0.182155 -0.274267 -0.062155
v -0.140000 -0.272553 -0.060000
v -0.120000 -0.271084 -0.060000
v -0.100084 -0.275009 -0.056934
v -0.080581 -0.280390 -0.058954
v 0.282081 -0.281841 -0.060040
v 0.300000 -0.270670 -0.060000
v -0.355934 -0.257217 -0.060175
v -0.342058 -0.263682 -0.059892
v -0.160000 -0.267013 -0.060000
v 0.319683 -0.259720 -0.059990
v -0.380270 -0.241973 -0.060876
v 0.337807 -0.237373 -0.060000
v -0.401430 -0.221556 -0.059998
v 0.349656 -0.220000 -0.060000
v -0.418784 -0.198523 -0.060014
v 0.361371 -0.200520 -0.059480
v -0.430820 -0.180000 -0.060000
v 0.373565 -0.177598 -0.062402
v -0.441370 -0.160786 -0.061333
v 0.381753 -0.159957 -0.060310
v -0.453522 -0.137640 -0.057640
v 0.389186 -0.140000 -0.060000
v -0.458173 -0.120152 -0.056902
v 0.392985 -0.120000 -0.060000
v -0.457881 -0.099991 -0.060267
v 0.395071 -0.097710 -0.062290
v -0.458911 -0.080177 -0.060109
v 0.396277 -0.080236 -0.059805
v -0.459107 -0.059865 -0.059889
v 0.397677 -0.060102 -0.059899
v -0.457055 -0.038649 -0.060150
v 0.397783 -0.039900 -0.059941
v -0.454944 -0.022076 -0.057924
v 0.395851 -0.019495 -0.059947
v -0.444288 0.002403 -0.059918
v 0.393098 -0.000000 -0.060000
v -0.437858 0.016829 -0.060066
v 0.387793 0.020000 -0.060000
v -0.421245 0.041310 -0.059921
v 0.380161 0.040030 -0.059856
v -0.403005 0.063530 -0.060024
v 0.372418 0.060000 -0.060000
v -0.390502 0.080000 -0.060000
v 0.359945 0.079990 -0.060127
v -0.377116 0.094283 -0.060012
v -0.364065 0.103141 -0.060034
v 0.342658 0.102787 -0.060214
v -0.337759 0.114398 -0.062241
v -0.320166 0.121016 -0.059045
v -0.300000 0.126601 -0.060000
v 0.320281 0.121088 -0.058598
v -0.280000 0.131952 -0.060000
v -0.260225 0.140829 -0.059942
v -0.239893 0.143589 -0.059694
v -0.220063 0.143431 -0.059834
v -0.199813 0.144438 -0.059854
v -0.180182 0.144281 -0.062725
v -0.161004 0.143578 -0.060524
v -0.140000 0.148900 -0.060000
v 0.284220 0.143473 -0.060097
v 0.296967 0.134661 -0.059753
v -0.119758 0.159609 -0.059863
v 0.241959 0.165711 -0.058041
v 0.258966 0.157898 -0.060685
v -0.097230 0.176554 -0.060944
v 0.219340 0.180836 -0.060579
v -0.085216 0.201851 -0.058149
v 0.180496 0.202616 -0.060236
v 0.197424 0.195490 -0.059671
v -0.078315 0.217859 -0.061527
v 0.120174 0.222821 -0.059162
v 0.139057 0.218012 -0.059849
v 0.160000 0.211023 -0.060000
v -0.057593 0.235880 -0.059192
v -0.041956 0.241945 -0.058578
v -0.022231 0.245809 -0.057769
v 0.020000 0.249944 -0.060000
v 0.039568 0.243753 -0.057737
v 0.060701 0.240794 -0.059832
v 0.079583 0.238279 -0.061466
v 0.097554 0.233282 -0.062446
v 0.000000 0.250712 -0.060000
v -0.009229 -0.349208 -0.050731
v 0.009070 -0.354166 -0.049392
v 0.027639 -0.355268 -0.047639
v 0.050000 -0.357886 -0.050000
v 0.070000 -0.357410 -0.050000
v 0.089725 -0.354212 -0.047346
v 0.109814 -0.351893 -0.048956
v 0.129185 -0.348637 -0.050123
v 0.148165 -0.344952 -0.051835
v -0.046370 -0.326370 -0.053630
v -0.034400 -0.333736 -0.048852
v 0.170000 -0.338916 -0.050000
v 0.190600 -0.330942 -0.049164
v -0.052584 -0.313061 -0.048781
v 0.214202 -0.313984 -0.050234
v 0.230000 -0.302978 -0.050000
v 0.250000 -0.301319 -0.050000
v -0.290000 -0.284363 -0.050000
v -0.270000 -0.281960 -0.050000
v -0.250000 -0.282220 -0.050000
v -0.230000 -0.281656 -0.050000
v -0.210000 -0.281228 -0.050000
v -0.070015 -0.290009 -0.049953
v 0.270140 -0.290692 -0.048788
v -0.350000 -0.260867 -0.050000
v -0.329983 -0.270166 -0.049891
v -0.310000 -0.279632 -0.050000
v -0.187601 -0.274062 -0.050324
v -0.170827 -0.268398 -0.049974
v -0.149308 -0.269160 -0.049991
v -0.130781 -0.272728 -0.050623
v -0.112010 -0.275174 -0.052010
v -0.090000 -0.276725 -0.050000
v 0.292310 -0.274238 -0.050050
v 0.306009 -0.267036 -0.049805
v -0.369855 -0.250419 -0.050271
v 0.328451 -0.248342 -0.049913
v -0.392026 -0.232080 -0.050026
v 0.344407 -0.226921 -0.049827
v -0.410820 -0.209560 -0.049967
v 0.352940 -0.213755 -0.050087
v -0.427451 -0.186978 -0.050086
v 0.367362 -0.186327 -0.049886
v -0.437219 -0.172469 -0.052469
v 0.374579 -0.172638 -0.050194
v -0.451187 -0.149817 -0.050041
v 0.385520 -0.147342 -0.049788
v -0.458777 -0.130000 -0.050000
v 0.390187 -0.130111 -0.049746
v -0.462487 -0.110000 -0.050000
v 0.392891 -0.109778 -0.050254
v -0.462531 -0.090000 -0.050000
v 0.394581 -0.090998 -0.049005
v -0.463474 -0.070000 -0.050000
v 0.396510 -0.070000 -0.050000
v -0.461021 -0.050000 -0.050000
v 0.397585 -0.050000 -0.050000
v -0.457904 -0.030000 -0.050000
v 0.396867 -0.030000 -0.050000
v -0.450184 -0.009985 -0.050175
v 0.393778 -0.009363 -0.049094
v -0.440909 0.010000 -0.050000
v 0.390041 0.010014 -0.049968
v -0.431741 0.030444 -0.050676
v 0.383651 0.027519 -0.052481
v -0.412339 0.052364 -0.049878
v 0.374598 0.052671 -0.050287
v -0.395475 0.072947 -0.050076
v 0.367014 0.066209 -0.049716
v -0.385729 0.085403 -0.049994
v -0.370000 0.099380 -0.050000
v 0.349390 0.089855 -0.050672
v -0.349712 0.108496 -0.049819
v -0.332470 0.114106 -0.050299
v 0.330481 0.110394 -0.048936
v -0.307647 0.124535 -0.052353
v -0.289288 0.127719 -0.049859
v -0.272836 0.135094 -0.050170
v 0.291970 0.135915 -0.048030
v 0.306744 0.127491 -0.049770
v -0.247627 0.144707 -0.047627
v -0.232223 0.145239 -0.047777
v -0.210000 0.143717 -0.050000
v -0.186869 0.145341 -0.050183
v -0.171508 0.145807 -0.049364
v -0.149981 0.149870 -0.049921
v -0.132063 0.155528 -0.052063
v 0.250000 0.159152 -0.050000
v 0.269894 0.150666 -0.049922
v -0.107574 0.163721 -0.052426
v -0.092279 0.172959 -0.049183
v 0.230242 0.169742 -0.049763
v -0.087471 0.190379 -0.053643
v 0.191911 0.195622 -0.048089
v 0.206130 0.186810 -0.050967
v -0.072502 0.213108 -0.047021
v 0.130000 0.218657 -0.050000
v 0.152081 0.212826 -0.049286
v 0.167338 0.205593 -0.049461
v -0.066472 0.226472 -0.053528
v -0.051248 0.232339 -0.047139
v 0.050000 0.239326 -0.050000
v 0.072087 0.235079 -0.047913
v 0.090362 0.231710 -0.049577
v 0.107518 0.225872 -0.049565
v -0.030000 0.240895 -0.050000
v -0.010302 0.246018 -0.052356
v 0.010042 0.246951 -0.051772
v 0.028091 0.244877 -0.051909
v 0.020000 -0.352742 -0.040000
v 0.039776 -0.354989 -0.043045
v 0.060039 -0.355956 -0.042473
v 0.077763 -0.354683 -0.042237
v 0.100000 -0.351405 -0.040000
v -0.019286 -0.338912 -0.040622
v -0.002052 -0.346038 -0.037948
v 0.120000 -0.347926 -0.040000
v 0.141542 -0.341544 -0.038919
v 0.160202 -0.337468 -0.043526
v 0.177584 -0.333182 -0.042416
v -0.040559 -0.320733 -0.039190
v 0.200673 -0.321306 -0.039071
v -0.058180 -0.299148 -0.041006
v 0.221892 -0.303480 -0.040289
v 0.240364 -0.300474 -0.039579
v 0.257845 -0.296290 -0.039640
v -0.318069 -0.274753 -0.041931
v -0.300355 -0.280996 -0.039361
v -0.280001 -0.284029 -0.040036
v -0.260107 -0.284066 -0.039852
v -0.238710 -0.281055 -0.039076
v -0.220028 -0.278786 -0.040729
v -0.200220 -0.276726 -0.040975
v -0.180000 -0.270212 -0.040000
v -0.140000 -0.272072 -0.040000
v -0.120547 -0.276989 -0.040467
v -0.100006 -0.278043 -0.040230
v -0.079708 -0.278856 -0.038638
v 0.280186 -0.281457 -0.038170
v -0.357227 -0.258433 -0.040014
v -0.342083 -0.263411 -0.039939
v -0.160000 -0.266937 -0.040000
v 0.302226 -0.266519 -0.037774
v 0.316572 -0.256938 -0.039668
v -0.381587 -0.241504 -0.040035
v 0.336347 -0.235847 -0.039718
v -0.400751 -0.220811 -0.040024
v 0.346005 -0.222077 -0.037923
v -0.418942 -0.198813 -0.040017
v 0.359016 -0.200264 -0.040696
v -0.436919 -0.176431 -0.040187
v 0.369651 -0.180000 -0.040000
v -0.446409 -0.162279 -0.042279
v 0.379539 -0.160022 -0.040538
v -0.458499 -0.138739 -0.039560
v 0.385932 -0.142474 -0.037526
v -0.463750 -0.119577 -0.039558
v 0.390447 -0.120000 -0.040000
v -0.464884 -0.099984 -0.042990
v 0.392677 -0.100000 -0.040000
v -0.464941 -0.079924 -0.043066
v 0.395102 -0.077762 -0.042238
v -0.463316 -0.060375 -0.039968
v 0.396109 -0.058953 -0.040641
v -0.459397 -0.040324 -0.039901
v 0.396308 -0.039898 -0.039535
v -0.454114 -0.022271 -0.042271
v 0.394986 -0.022215 -0.042215
v -0.443238 0.000206 -0.038973
v 0.390611 -0.000000 -0.040000
v -0.437772 0.019619 -0.040280
v 0.383621 0.020288 -0.039092
v -0.423765 0.043885 -0.039838
v 0.377430 0.037755 -0.040498
v -0.403340 0.063465 -0.039873
v 0.365972 0.061928 -0.038072
v -0.389988 0.080000 -0.040000
v 0.344747 0.084747 -0.035253
v 0.356088 0.075742 -0.041144
v -0.377712 0.093170 -0.042288
v -0.361299 0.102573 -0.039149
v 0.337980 0.097776 -0.041348
v -0.340000 0.110394 -0.040000
v -0.318839 0.118251 -0.040578
v -0.302859 0.124565 -0.040226
v 0.302300 0.126605 -0.037700
v 0.316935 0.117321 -0.039572
v -0.280000 0.130165 -0.040000
v -0.260185 0.141563 -0.040005
v -0.240000 0.146280 -0.040000
v -0.220310 0.144408 -0.040005
v -0.199793 0.144069 -0.040192
v -0.182420 0.145332 -0.037580
v 0.280586 0.141239 -0.038808
v -0.160000 0.150142 -0.040000
v -0.137075 0.155386 -0.039910
v -0.118761 0.158742 -0.039913
v -0.100246 0.161603 -0.037753
v 0.224959 0.164959 -0.035041
v 0.240023 0.160031 -0.039975
v 0.257580 0.153319 -0.042420
v -0.082059 0.182059 -0.039194
v 0.202580 0.182299 -0.039165
v 0.217861 0.173133 -0.042139
v -0.077387 0.200454 -0.043191
v 0.161561 0.204624 -0.038439
v 0.178754 0.198471 -0.041549
v -0.060283 0.220273 -0.039745
v 0.101871 0.225051 -0.038129
v 0.119910 0.219197 -0.040371
v 0.138090 0.215297 -0.041910
v -0.038213 0.234730 -0.041787
v -0.019302 0.238367 -0.040489
v -0.000855 0.240723 -0.040127
v 0.020578 0.240617 -0.040066
v 0.039379 0.238128 -0.041430
v 0.060368 0.235517 -0.042728
v 0.080000 0.231574 -0.040000
v 0.009720 -0.347123 -0.033917
v 0.030307 -0.349385 -0.030160
v 0.048678 -0.350411 -0.030026
v 0.069933 -0.350916 -0.030007
v 0.089105 -0.349479 -0.030020
v 0.108957 -0.346840 -0.029975
v 0.127632 -0.343681 -0.032368
v -0.027146 -0.327516 -0.032680
v -0.011001 -0.333293 -0.026566
v 0.150560 -0.332533 -0.028666
v 0.167987 -0.328359 -0.030514
v 0.187908 -0.323566 -0.032092
v -0.043968 -0.308406 -0.031594
v -0.032036 -0.312036 -0.023442
v 0.209354 -0.309732 -0.031059
v -0.290000 -0.282069 -0.030000
v -0.270000 -0.284084 -0.030000
v -0.250000 -0.282646 -0.030000
v -0.067672 -0.283559 -0.032328
v -0.052167 -0.292562 -0.027924
v 0.230000 -0.299419 -0.030000
v 0.252158 -0.295710 -0.027842
v 0.267809 -0.288363 -0.029831
v -0.350000 -0.261481 -0.030000
v -0.329111 -0.266999 -0.029903
v -0.312280 -0.273835 -0.030513
v -0.230000 -0.277152 -0.030000
v -0.210000 -0.278520 -0.030000
v -0.189934 -0.273314 -0.031174
v -0.170936 -0.268478 -0.029941
v -0.149391 -0.268318 -0.029894
v -0.132706 -0.274603 -0.030084
v -0.110000 -0.279412 -0.030000
v -0.090000 -0.278695 -0.030000
v 0.290593 -0.271799 -0.028151
v -0.369979 -0.250048 -0.029970
v 0.311970 -0.256199 -0.028030
v 0.325420 -0.245385 -0.031296
v -0.390493 -0.230515 -0.028738
v 0.336046 -0.231947 -0.028053
v -0.409942 -0.210029 -0.030000
v 0.351186 -0.210433 -0.028725
v -0.428582 -0.188457 -0.030048
v 0.364220 -0.187848 -0.032152
v -0.444945 -0.167222 -0.030157
v 0.372492 -0.171193 -0.029156
v -0.452889 -0.153875 -0.029919
v 0.382529 -0.150000 -0.030000
v -0.462803 -0.130000 -0.030000
v 0.387215 -0.130469 -0.029514
v -0.465673 -0.109037 -0.028778
v 0.390009 -0.110014 -0.029993
v -0.466004 -0.089924 -0.029859
v 0.391779 -0.089859 -0.028703
v -0.464743 -0.072460 -0.032460
v 0.393768 -0.069787 -0.030569
v -0.460370 -0.050000 -0.030000
v 0.394143 -0.049936 -0.027435
v -0.452756 -0.025860 -0.030226
v 0.393805 -0.029077 -0.029400
v -0.446621 -0.011911 -0.029860
v 0.390376 -0.009775 -0.029796
v -0.440430 0.010000 -0.030000
v 0.385879 0.007479 -0.029443
v -0.432376 0.032961 -0.030048
v 0.375442 0.031998 -0.028002
v -0.414515 0.054495 -0.029893
v 0.369602 0.049702 -0.030372
v -0.396177 0.073136 -0.029881
v 0.351759 0.071864 -0.028816
v -0.385394 0.085419 -0.029972
v -0.373105 0.095549 -0.030188
v 0.333278 0.093803 -0.029060
v -0.348060 0.106764 -0.029822
v -0.330247 0.111626 -0.030300
v 0.314188 0.113727 -0.028916
v 0.326239 0.106239 -0.033761
v -0.310000 0.121359 -0.030000
v -0.289448 0.126192 -0.030988
v -0.273828 0.132576 -0.030119
v 0.290344 0.130746 -0.029247
v -0.247668 0.144855 -0.032332
v -0.232118 0.145561 -0.032118
v -0.210000 0.143086 -0.030000
v -0.190000 0.143795 -0.030000
v -0.169224 0.148775 -0.029974
v -0.149601 0.152805 -0.030140
v -0.132338 0.155344 -0.027662
v -0.110000 0.158473 -0.030000
v 0.250516 0.150579 -0.029478
v 0.268197 0.144759 -0.031803
v -0.085601 0.166249 -0.031347
v -0.074599 0.174599 -0.025401
v 0.209217 0.169619 -0.030583
v 0.230000 0.160243 -0.030000
v -0.070408 0.190790 -0.029709
v 0.170980 0.192995 -0.026522
v 0.189014 0.187745 -0.032608
v -0.066063 0.206063 -0.033937
v -0.052753 0.212744 -0.027837
v 0.112474 0.216931 -0.027526
v 0.130528 0.212052 -0.028822
v 0.148061 0.208076 -0.031397
v -0.046019 0.226019 -0.033981
v -0.028636 0.228960 -0.029701
v -0.009946 0.231662 -0.028225
v 0.010045 0.232390 -0.027399
v 0.029954 0.232493 -0.027140
v 0.049669 0.231863 -0.030274
v 0.069483 0.229014 -0.029706
v 0.090457 0.226189 -0.032259
v -0.000469 -0.336151 -0.023987
v 0.021469 -0.339075 -0.020955
v 0.040078 -0.341770 -0.018129
v 0.060032 -0.342538 -0.017228
v 0.079975 -0.342480 -0.017217
v 0.099955 -0.341922 -0.017717
v 0.120402 -0.339957 -0.019716
v 0.138195 -0.334445 -0.021805
v -0.019331 -0.319371 -0.019656
v -0.002309 -0.322309 -0.013133
v 0.159685 -0.322079 -0.017709
v 0.178375 -0.318749 -0.021459
v 0.195289 -0.315289 -0.024711
v -0.039453 -0.299098 -0.021423
v -0.022452 -0.302452 -0.012658
v 0.202184 -0.306874 -0.017816
v 0.219958 -0.299880 -0.020109
v 0.239337 -0.296941 -0.020585
v -0.299398 -0.275896 -0.020632
v -0.280561 -0.280779 -0.019821
v -0.259111 -0.281006 -0.019804
v -0.239780 -0.276936 -0.019425
v -0.220327 -0.277514 -0.019830
v -0.199147 -0.277115 -0.019967
v -0.180000 -0.270822 -0.020000
v -0.140000 -0.270791 -0.020000
v -0.119611 -0.277275 -0.020700
v -0.099910 -0.279955 -0.020000
v -0.079963 -0.281327 -0.018592
v -0.060079 -0.280363 -0.019486
v 0.260000 -0.289777 -0.020000
v 0.277223 -0.277569 -0.019611
v -0.356561 -0.257703 -0.019885
v -0.340539 -0.263929 -0.018939
v -0.320000 -0.267679 -0.020000
v -0.160000 -0.265494 -0.020000
v 0.300523 -0.261477 -0.018510
v -0.380019 -0.240006 -0.019935
v 0.323053 -0.243051 -0.020372
v -0.399310 -0.220330 -0.021374
v 0.340901 -0.220323 -0.019143
v -0.419133 -0.200633 -0.019248
v 0.357052 -0.196073 -0.019685
v -0.438097 -0.177767 -0.020014
v 0.364481 -0.182543 -0.020386
v -0.449950 -0.160000 -0.020000
v 0.376877 -0.158145 -0.019628
v -0.459753 -0.139941 -0.020000
v 0.382376 -0.142432 -0.019580
v -0.464160 -0.120840 -0.018991
v 0.385786 -0.122396 -0.017604
v -0.464966 -0.099900 -0.016792
v 0.389074 -0.100000 -0.020000
v -0.464403 -0.079049 -0.019023
v 0.390828 -0.080000 -0.020000
v -0.461070 -0.059211 -0.020066
v 0.392061 -0.060000 -0.020000
v -0.456693 -0.039099 -0.019882
v 0.392657 -0.040000 -0.020000
v -0.449784 -0.020000 -0.020000
v 0.390121 -0.020000 -0.020000
v -0.442810 -0.000866 -0.019766
v 0.384328 0.001647 -0.018353
v -0.438259 0.018153 -0.020660
v 0.378615 0.018867 -0.021528
v -0.423234 0.043658 -0.020193
v 0.367087 0.042431 -0.017569
v -0.404685 0.064786 -0.020014
v 0.357866 0.059309 -0.021591
v -0.390473 0.080000 -0.020000
v -0.382480 0.087258 -0.017520
v 0.339868 0.079657 -0.020544
v -0.359984 0.100463 -0.019582
v -0.340000 0.107909 -0.020000
v 0.320335 0.100227 -0.019437
v -0.317777 0.116088 -0.019810
v -0.301077 0.123035 -0.020267
v -0.280000 0.127848 -0.020000
v 0.300112 0.120076 -0.019824
v -0.260037 0.140568 -0.019352
v -0.239784 0.144279 -0.020292
v -0.220167 0.143846 -0.020022
v -0.199986 0.143408 -0.019896
v -0.183010 0.144756 -0.019984
v 0.261769 0.142379 -0.019617
v 0.278373 0.135180 -0.021627
v -0.160000 0.150446 -0.020000
v -0.140000 0.153058 -0.020000
v -0.119004 0.155854 -0.020676
v -0.098954 0.158218 -0.019680
v -0.080388 0.162872 -0.017527
v 0.200924 0.163424 -0.016209
v 0.218989 0.159039 -0.020500
v 0.237637 0.153158 -0.022363
v -0.060848 0.181584 -0.018203
v 0.181554 0.180855 -0.019185
v 0.195587 0.175587 -0.024413
v -0.055836 0.200542 -0.023233
v -0.039357 0.202581 -0.015674
v 0.141580 0.202096 -0.017822
v 0.160542 0.196297 -0.024338
v -0.040541 0.215933 -0.023155
v -0.020893 0.220190 -0.019309
v 0.000058 0.222116 -0.018021
v 0.020043 0.223219 -0.016845
v 0.039953 0.222961 -0.016965
v 0.059947 0.222176 -0.017685
v 0.081508 0.220915 -0.019794
v 0.100195 0.218328 -0.022339
v 0.120000 0.210209 -0.020000
v 0.009778 -0.327119 -0.012326
v 0.030503 -0.330012 -0.010386
v 0.050078 -0.332637 -0.007458
v 0.070024 -0.333265 -0.006829
v 0.090000 -0.333267 -0.006736
v 0.109869 -0.332446 -0.007535
v 0.129269 -0.329441 -0.010586
v 0.145966 -0.325966 -0.014034
v -0.009880 -0.309864 -0.009467
v 0.007922 -0.312078 -0.004280
v 0.151253 -0.314438 -0.005951
v 0.172229 -0.311628 -0.009610
v 0.189587 -0.308106 -0.010956
v 0.210000 -0.300453 -0.010000
v -0.090000 -0.281427 -0.010000
v -0.047519 -0.282770 -0.012481
v -0.029905 -0.289628 -0.009862
v -0.012371 -0.292371 -0.003120
v 0.232185 -0.295311 -0.007815
v 0.250073 -0.291138 -0.009789
v 0.265042 -0.285042 -0.014958
v -0.327911 -0.265327 -0.012089
v -0.309413 -0.268511 -0.010629
v -0.289736 -0.273718 -0.007887
v -0.270048 -0.275137 -0.007122
v -0.249976 -0.274194 -0.007549
v -0.229645 -0.274293 -0.007232
v -0.210000 -0.278863 -0.010000
v -0.189777 -0.272829 -0.009185
v -0.171168 -0.267694 -0.009895
v -0.150344 -0.265726 -0.009644
v -0.130391 -0.271493 -0.009550
v -0.112408 -0.276173 -0.007592
v -0.070000 -0.278516 -0.010000
v 0.271761 -0.275994 -0.008239
v 0.286128 -0.266888 -0.009450
v -0.367841 -0.248144 -0.009847
v -0.350000 -0.259515 -0.010000
v 0.309995 -0.250000 -0.010008
v -0.388670 -0.228728 -0.009942
v 0.330024 -0.230055 -0.009909
v -0.409581 -0.210645 -0.009758
v 0.346663 -0.206070 -0.009564
v -0.429167 -0.189075 -0.009988
v 0.355722 -0.191957 -0.008043
v -0.445169 -0.167338 -0.009899
v 0.368773 -0.169261 -0.011527
v -0.452943 -0.153977 -0.010066
v 0.375700 -0.152065 -0.007935
v -0.461951 -0.130000 -0.010000
v 0.382361 -0.130000 -0.010000
v -0.463982 -0.110000 -0.010000
v 0.385973 -0.110229 -0.012464
v -0.464706 -0.090000 -0.010000
v 0.387260 -0.090281 -0.009333
v -0.462723 -0.070000 -0.010000
v 0.389171 -0.070054 -0.010458
v -0.460181 -0.050000 -0.010000
v 0.389995 -0.050000 -0.010002
v -0.452877 -0.028250 -0.009894
v 0.389161 -0.029869 -0.010309
v -0.447705 -0.011650 -0.009119
v 0.385723 -0.009475 -0.012649
v -0.440231 0.010000 -0.010000
v 0.378961 0.010000 -0.010000
v -0.430900 0.029748 -0.009514
v 0.370914 0.029888 -0.009774
v -0.413252 0.053594 -0.010235
v 0.357018 0.052382 -0.007618
v -0.394268 0.074316 -0.010228
v 0.346972 0.066561 -0.009826
v -0.372857 0.092311 -0.010167
v 0.328217 0.088291 -0.011411
v -0.347838 0.104621 -0.012162
v -0.329934 0.109648 -0.010666
v -0.310000 0.118651 -0.010000
v 0.307421 0.107487 -0.011387
v -0.287704 0.124535 -0.012296
v -0.272225 0.131568 -0.010037
v 0.274450 0.133407 -0.010423
v 0.288418 0.124718 -0.011582
v -0.250000 0.142066 -0.010000
v -0.230000 0.144036 -0.010000
v -0.210000 0.144351 -0.010000
v -0.190000 0.143951 -0.010000
v -0.170505 0.146571 -0.009591
v -0.149589 0.149708 -0.010257
v -0.129771 0.151792 -0.009053
v -0.109800 0.154069 -0.007495
v -0.090000 0.157237 -0.010000
v 0.209679 0.154767 -0.007251
v 0.229958 0.151237 -0.009783
v 0.248160 0.145033 -0.011840
v -0.068812 0.166506 -0.014080
v -0.050664 0.171604 -0.008908
v -0.030000 0.170000 -0.000717
v 0.169701 0.173053 -0.007397
v 0.188611 0.167802 -0.012182
v -0.047400 0.190688 -0.014380
v -0.031337 0.191195 -0.008647
v -0.012259 0.192259 -0.004214
v 0.110000 0.190000 -0.000047
v 0.129751 0.193733 -0.006798
v 0.149206 0.189764 -0.010814
v 0.165148 0.185148 -0.014852
v -0.028395 0.208395 -0.014439
v -0.009670 0.210439 -0.011130
v 0.009348 0.210635 -0.008153
v 0.030019 0.212777 -0.007531
v 0.049963 0.212324 -0.007917
v 0.069969 0.211912 -0.008218
v 0.091486 0.210464 -0.009695
v 0.110198 0.207552 -0.012527
v 0.125236 0.205236 -0.014764
v 0.019681 -0.315883 -0.002913
v 0.039354 -0.320457 -0.000202
v 0.060030 -0.322129 0.001841
v 0.080016 -0.322430 0.002100
v 0.099962 -0.322500 0.002160
v 0.119986 -0.319999 -0.000009
v 0.140357 -0.316214 -0.003278
v 0.001121 -0.299242 -0.001090
v 0.020487 -0.302317 0.003921
v 0.142142 -0.302142 0.006259
v 0.160126 -0.305092 0.002751
v 0.179868 -0.304351 0.002574
v 0.200222 -0.300898 0.000280
v 0.219307 -0.296428 -0.000706
v 0.240000 -0.291357 0.000000
v -0.280000 -0.271884 0.000000
v -0.260000 -0.271739 0.000000
v -0.240000 -0.271987 0.000000
v -0.218157 -0.275476 -0.001843
v -0.201821 -0.275452 -0.001821
v -0.120000 -0.271511 0.000000
v -0.099410 -0.277777 -0.000157
v -0.079832 -0.277308 0.000577
v -0.060427 -0.276989 0.000265
v -0.041998 -0.281498 0.000292
v -0.019970 -0.282210 0.003282
v -0.004269 -0.284269 0.004269
v 0.260827 -0.280107 0.001011
v -0.357690 -0.253193 -0.002310
v -0.340151 -0.260550 0.000203
v -0.320785 -0.263974 0.000720
v -0.300000 -0.268136 0.000000
v -0.180000 -0.268906 0.000000
v -0.158155 -0.264210 0.001845
v -0.142025 -0.264926 0.002025
v 0.281432 -0.264364 0.001432
v 0.295725 -0.256609 0.000509
v -0.377066 -0.237296 0.000251
v 0.317763 -0.237756 -0.001450
v -0.398985 -0.219063 0.000058
v 0.336417 -0.215541 -0.001142
v -0.419238 -0.199206 0.000047
v 0.345334 -0.201713 0.001713
v -0.437447 -0.176977 0.000126
v 0.359664 -0.179802 -0.000370
v -0.446858 -0.162489 0.002489
v 0.369198 -0.160000 0.000000
v -0.458111 -0.139356 0.000325
v 0.377325 -0.139344 -0.002196
v -0.462473 -0.119734 -0.000107
v 0.380311 -0.120242 0.000042
v -0.464550 -0.099805 0.000022
v 0.382562 -0.100742 0.001952
v -0.464506 -0.079110 -0.001126
v 0.384639 -0.079812 0.002787
v -0.462325 -0.060233 0.000053
v 0.386904 -0.060000 0.000000
v -0.458017 -0.040802 -0.000072
v 0.385892 -0.037585 0.002415
v -0.451465 -0.020000 0.000000
v 0.383768 -0.019048 0.000408
v -0.442442 0.001410 0.000876
v 0.379571 -0.000164 -0.000113
v -0.435575 0.017460 0.000315
v 0.374099 0.017764 -0.002236
v -0.420675 0.039973 0.001364
v 0.362199 0.040967 0.000663
v -0.402120 0.062224 -0.000226
v 0.350200 0.060000 0.000000
v -0.382509 0.082370 -0.000243
v 0.336752 0.076597 0.000130
v -0.358778 0.097872 -0.000660
v -0.342716 0.104539 -0.000423
v 0.301961 0.106319 0.001961
v 0.315440 0.095981 0.000226
v -0.317614 0.113548 -0.002386
v -0.299744 0.118742 -0.000366
v -0.282387 0.124114 -0.000379
v 0.283697 0.123375 -0.000497
v 0.295245 0.115245 -0.004755
v -0.258333 0.137652 -0.000807
v -0.239646 0.142771 -0.000107
v -0.221160 0.144904 -0.001197
v -0.200172 0.144536 -0.000018
v -0.180985 0.143523 0.000748
v -0.159783 0.145025 0.003070
v -0.140000 0.147581 0.000000
v 0.242839 0.144761 -0.000439
v 0.258732 0.138168 -0.002081
v -0.120000 0.150971 0.000000
v -0.097519 0.154043 -0.002481
v -0.079356 0.156843 -0.000489
v -0.060898 0.160646 0.000645
v -0.039910 0.163921 0.001733
v -0.023968 0.163968 0.003968
v 0.142247 0.162247 0.006179
v 0.159814 0.162497 0.001904
v 0.178417 0.159777 -0.001186
v 0.198046 0.154742 -0.001954
v 0.220000 0.150524 0.000000
v -0.037646 0.177646 -0.006190
v -0.019188 0.179819 -0.001835
v -0.000478 0.181763 0.001994
v 0.017757 0.182243 0.005677
v 0.040000 0.180000 0.009138
v 0.060000 0.180000 0.009997
v 0.080000 0.180000 0.009486
v 0.102187 0.182187 0.005937
v 0.120676 0.181202 0.002281
v 0.138823 0.179550 -0.000812
v 0.157865 0.177865 -0.006577
v -0.020000 0.200000 -0.008646
v -0.000353 0.197817 -0.003670
v 0.019858 0.200136 -0.000802
v 0.038853 0.199959 0.000364
v 0.059399 0.200044 -0.000136
v 0.080309 0.200511 -0.001059
v 0.100151 0.197335 -0.002049
v 0.117742 0.197742 -0.006819
v 0.031933 -0.308067 0.004698
v 0.050693 -0.309301 0.008278
v 0.069969 -0.310102 0.009123
v 0.089992 -0.310051 0.009367
v 0.109406 -0.309213 0.008442
v 0.130329 -0.307192 0.005006
v 0.170000 -0.302092 0.010000
v 0.190000 -0.301175 0.010000
v 0.010688 -0.288698 0.007095
v 0.028376 -0.290452 0.011455
v 0.050269 -0.292951 0.015140
v 0.069991 -0.293227 0.015357
v 0.089994 -0.293176 0.015332
v 0.109780 -0.292828 0.014899
v 0.129973 -0.293638 0.012869
v 0.147828 -0.296685 0.012172
v 0.212105 -0.295340 0.012105
v 0.230240 -0.290986 0.010144
v 0.248140 -0.284124 0.008140
v -0.307918 -0.265142 0.007918
v -0.290211 -0.268181 0.009129
v -0.269347 -0.269758 0.009878
v -0.250011 -0.270897 0.010751
v -0.230382 -0.269626 0.009812
v -0.209996 -0.272161 0.010354
v -0.190950 -0.268880 0.009319
v -0.170669 -0.266056 0.009137
v -0.150000 -0.261846 0.010000
v -0.130510 -0.266140 0.007617
v -0.110122 -0.270761 0.009909
v -0.089999 -0.273942 0.012255
v -0.069475 -0.274085 0.012650
v -0.050000 -0.279766 0.010000
v -0.030000 -0.279999 0.010000
v -0.010000 -0.279411 0.010000
v 0.269444 -0.268682 0.008950
v -0.365378 -0.245378 0.005378
v -0.351077 -0.251787 0.011546
v -0.330000 -0.259942 0.010000
v 0.292725 -0.252223 0.013083
v 0.305688 -0.245688 0.005688
v -0.386460 -0.226836 0.010250
v -0.372308 -0.237265 0.012308
v 0.313888 -0.233871 0.011050
v 0.325691 -0.225691 0.005691
v -0.407862 -0.207895 0.010203
v 0.333388 -0.213831 0.009557
v -0.427416 -0.187193 0.010200
v 0.349888 -0.189953 0.009892
v -0.440610 -0.170000 0.010000
v 0.363000 -0.167517 0.007517
v -0.451455 -0.150764 0.012070
v 0.369205 -0.149892 0.010043
v -0.459614 -0.130000 0.010000
v 0.373610 -0.129713 0.012120
v -0.463643 -0.110000 0.010000
v 0.378047 -0.110000 0.010000
v -0.465103 -0.087515 0.007515
v 0.381045 -0.090000 0.010000
v -0.463513 -0.070000 0.010000
v 0.383980 -0.067508 0.007508
v -0.460413 -0.050000 0.010000
v 0.384773 -0.049999 0.006871
v -0.453662 -0.029828 0.011074
v 0.382357 -0.030000 0.010000
v -0.447698 -0.013712 0.010259
v 0.379082 -0.010000 0.010000
v -0.435942 0.012263 0.012263
v 0.372126 0.011818 0.011979
v -0.428459 0.027889 0.010056
v 0.366207 0.027702 0.010612
v -0.410178 0.049620 0.009371
v 0.352746 0.053424 0.009826
v -0.390107 0.070084 0.010384
v 0.343284 0.067762 0.007762
v -0.369790 0.089284 0.009120
v -0.352452 0.096847 0.012452
v 0.312112 0.096184 0.012112
v 0.325646 0.085940 0.010243
v -0.329294 0.105694 0.009163
v -0.311358 0.112041 0.010575
v -0.290000 0.119068 0.010000
v 0.290517 0.111803 0.012089
v -0.270071 0.129218 0.009525
v -0.252125 0.135976 0.012125
v 0.252417 0.136924 0.012417
v 0.269382 0.128726 0.008884
v -0.230000 0.144081 0.010000
v -0.212479 0.144921 0.007521
v -0.190000 0.143141 0.010000
v -0.170000 0.142380 0.010000
v -0.147799 0.144814 0.007799
v -0.130461 0.146721 0.010587
v -0.109867 0.149935 0.009961
v -0.089630 0.151980 0.009559
v -0.072201 0.155281 0.012201
v -0.050000 0.159163 0.010000
v 0.129708 0.152519 0.015807
v 0.149915 0.151645 0.011534
v 0.170404 0.150622 0.009881
v 0.189620 0.151127 0.009867
v 0.208643 0.149390 0.009742
v 0.229468 0.146934 0.009412
v -0.030000 0.160192 0.010000
v -0.010261 0.166035 0.006256
v 0.011090 0.170054 0.008571
v 0.029342 0.170778 0.011654
v 0.050048 0.173541 0.012323
v 0.069981 0.173876 0.012586
v 0.090925 0.171321 0.012528
v 0.109983 0.170003 0.009970
v 0.130254 0.166080 0.007166
v 0.150000 0.170000 0.000589
v 0.010000 0.190000 0.001457
v 0.029777 0.187326 0.005555
v 0.049947 0.187879 0.006335
v 0.070049 0.187765 0.006093
v 0.090206 0.187167 0.005051
v 0.040000 -0.300000 0.010190
v 0.060000 -0.300000 0.013097
v 0.080000 -0.300000 0.013115
v 0.100000 -0.300000 0.013046
v 0.120000 -0.300000 0.010500
v 0.159748 -0.297058 0.016233
v 0.180964 -0.298406 0.019862
v 0.200383 -0.296711 0.018025
v 0.220000 -0.290239 0.020000
v -0.080000 -0.270513 0.020000
v -0.058355 -0.275847 0.018355
v -0.040139 -0.278206 0.018977
v -0.019827 -0.276614 0.020645
v -0.000070 -0.276985 0.019532
v 0.019828 -0.277943 0.020005
v 0.039941 -0.280026 0.020036
v 0.059989 -0.281358 0.021810
v 0.080004 -0.280658 0.021280
v 0.100003 -0.281163 0.022023
v 0.120023 -0.281444 0.021573
v 0.138949 -0.283483 0.023811
v 0.240711 -0.281022 0.020553
v 0.255444 -0.275444 0.015444
v -0.338092 -0.254724 0.018092
v -0.320070 -0.260187 0.020069
v -0.300975 -0.264638 0.020898
v -0.280000 -0.267520 0.020000
v -0.260000 -0.269564 0.020000
v -0.237512 -0.266352 0.022488
v -0.219967 -0.265339 0.023068
v -0.199978 -0.265025 0.022938
v -0.180009 -0.264775 0.022945
v -0.160319 -0.261433 0.020800
v -0.140123 -0.259874 0.019969
v -0.120690 -0.262411 0.021349
v -0.102458 -0.267095 0.022458
v 0.262155 -0.267037 0.022155
v 0.278572 -0.257574 0.018464
v -0.360782 -0.241636 0.021721
v 0.300368 -0.240168 0.020473
v -0.395792 -0.216031 0.018806
v -0.382202 -0.226689 0.022202
v 0.320919 -0.220887 0.021805
v -0.415985 -0.195966 0.020367
v -0.404997 -0.204997 0.024997
v 0.339271 -0.199732 0.019332
v -0.433040 -0.177742 0.017741
v -0.424959 -0.184959 0.024959
v 0.354096 -0.178000 0.018000
v -0.442662 -0.163276 0.019778
v 0.361266 -0.160949 0.021379
v -0.455528 -0.138271 0.018271
v 0.368365 -0.140000 0.020000
v -0.460446 -0.120248 0.020246
v 0.373638 -0.117535 0.017535
v -0.463278 -0.099833 0.019569
v 0.376368 -0.100239 0.017861
v -0.462800 -0.080178 0.019591
v 0.378208 -0.080224 0.019874
v -0.460522 -0.059612 0.020355
v 0.379610 -0.060019 0.019965
v -0.456309 -0.042242 0.020411
v 0.379331 -0.039968 0.019925
v -0.445902 -0.017743 0.022257
v 0.378130 -0.020574 0.018458
v -0.440154 -0.000004 0.020062
v 0.374839 -0.001973 0.018027
v -0.431434 0.020000 0.020000
v 0.364478 0.021561 0.021561
v -0.418866 0.038807 0.020085
v 0.358185 0.038782 0.018113
v -0.398757 0.058753 0.018373
v 0.343205 0.063651 0.019697
v -0.378376 0.078564 0.018500
v 0.324402 0.084104 0.021322
v 0.335272 0.075272 0.015272
v -0.360000 0.090449 0.020000
v -0.340110 0.099072 0.020042
v -0.321999 0.105208 0.021999
v 0.300515 0.101917 0.022170
v -0.298019 0.116615 0.019893
v -0.281794 0.121928 0.020619
v -0.260000 0.129500 0.020000
v 0.262135 0.126757 0.022135
v 0.277797 0.118241 0.018691
v -0.240217 0.139308 0.020141
v -0.219885 0.143343 0.019554
v -0.200143 0.142936 0.019687
v -0.180042 0.141299 0.019877
v -0.159956 0.140814 0.020826
v -0.140604 0.142468 0.022337
v -0.122289 0.145557 0.022289
v -0.100000 0.148482 0.020000
v 0.141854 0.145379 0.021854
v 0.160049 0.142207 0.023606
v 0.177847 0.145679 0.022153
v 0.200000 0.148142 0.020000
v 0.219658 0.144808 0.022858
v 0.240236 0.139938 0.020227
v -0.080000 0.152182 0.020000
v -0.059189 0.156230 0.019287
v -0.040042 0.157803 0.018882
v -0.019972 0.158048 0.019457
v 0.000097 0.157409 0.019716
v 0.019706 0.157601 0.019846
v 0.040611 0.160077 0.019783
v 0.061082 0.160378 0.020429
v 0.079628 0.159807 0.019093
v 0.100187 0.157775 0.017891
v 0.118415 0.155480 0.015738
v 0.149536 -0.286240 0.025995
v 0.169996 -0.290030 0.029987
v 0.191743 -0.290958 0.030130
v 0.210132 -0.288681 0.028150
v 0.227719 -0.282820 0.027719
v -0.310000 -0.260381 0.030000
v -0.287810 -0.264744 0.027810
v -0.270165 -0.266775 0.028017
v -0.249826 -0.266940 0.028110
v -0.230000 -0.262010 0.030000
v -0.210000 -0.261724 0.030000
v -0.190000 -0.262749 0.030000
v -0.170000 -0.262666 0.030000
v -0.110000 -0.260588 0.030000
v -0.090132 -0.267333 0.026127
v -0.069604 -0.268543 0.029994
v -0.050697 -0.272566 0.031765
v -0.030025 -0.274144 0.032438
v -0.009982 -0.273456 0.032123
v 0.010202 -0.273759 0.032371
v 0.027683 -0.275147 0.032317
v 0.050000 -0.276440 0.030000
v 0.070000 -0.276760 0.030000
v 0.090000 -0.277479 0.030000
v 0.110000 -0.277687 0.030000
v 0.129984 -0.274726 0.032696
v 0.234670 -0.274670 0.034670
v 0.249750 -0.270027 0.029780
v -0.348507 -0.245634 0.028507
v -0.331417 -0.251716 0.031278
v -0.148072 -0.254848 0.031927
v -0.129764 -0.254901 0.032817
v 0.271091 -0.252448 0.032972
v 0.288406 -0.244412 0.028406
v -0.370789 -0.232205 0.030722
v 0.294914 -0.234914 0.034914
v 0.308031 -0.228250 0.028844
v -0.393983 -0.213874 0.029627
v 0.328287 -0.208089 0.028821
v -0.413985 -0.193983 0.031197
v 0.334982 -0.194982 0.034982
v 0.343645 -0.188015 0.028015
v -0.432829 -0.173204 0.029719
v 0.352806 -0.173557 0.029660
v -0.447889 -0.148533 0.029520
v 0.363988 -0.147659 0.027659
v -0.454308 -0.130739 0.030692
v 0.367521 -0.129316 0.028107
v -0.460027 -0.110000 0.030000
v 0.369906 -0.109906 0.029991
v -0.461124 -0.090000 0.030000
v 0.372167 -0.090716 0.031343
v -0.459746 -0.070000 0.030000
v 0.373895 -0.069889 0.032266
v -0.455019 -0.048103 0.031897
v 0.374498 -0.050002 0.032614
v -0.448243 -0.030122 0.029516
v 0.373923 -0.030102 0.032294
v -0.441556 -0.010000 0.030000
v 0.371867 -0.009336 0.030029
v -0.432479 0.011590 0.030704
v 0.366218 0.010633 0.027797
v -0.424875 0.028355 0.028355
v 0.353115 0.031029 0.034260
v -0.407121 0.047082 0.030260
v 0.348321 0.048809 0.028637
v -0.386694 0.066965 0.030337
v -0.374728 0.074728 0.034728
v 0.331978 0.072104 0.031516
v -0.367734 0.082911 0.027734
v -0.350629 0.090985 0.030904
v 0.310416 0.091546 0.031390
v -0.330000 0.100281 0.030000
v -0.309919 0.110893 0.030582
v 0.271944 0.115945 0.031944
v 0.287317 0.107948 0.030381
v -0.290000 0.120210 0.030000
v -0.267930 0.124933 0.027930
v -0.250366 0.130430 0.030401
v -0.230000 0.139049 0.030000
v -0.150000 0.139716 0.030000
v 0.150000 0.139849 0.030000
v 0.231293 0.134027 0.034376
v 0.249359 0.129200 0.029755
v -0.210000 0.141331 0.030000
v -0.190000 0.140952 0.030000
v -0.170000 0.140238 0.030000
v -0.130000 0.141985 0.030000
v -0.110221 0.145887 0.027453
v -0.089293 0.148774 0.028804
v -0.069537 0.153217 0.029629
v -0.049868 0.154948 0.033113
v -0.027751 0.155242 0.032249
v -0.010084 0.154391 0.032668
v 0.010241 0.153972 0.032562
v 0.030000 0.157324 0.030000
v 0.052326 0.155638 0.032326
v 0.069850 0.152862 0.031747
v 0.090474 0.150772 0.029994
v 0.110249 0.148464 0.029764
v 0.130385 0.145302 0.027143
v 0.170000 0.140126 0.030000
v 0.189850 0.144896 0.027114
v 0.207811 0.144236 0.027811
v -0.040000 -0.270915 0.040000
v -0.020000 -0.271169 0.040000
v 0.000000 -0.271282 0.040000
v 0.020000 -0.273588 0.040000
v 0.041181 -0.275066 0.038821
v 0.059783 -0.276254 0.039961
v 0.079966 -0.277628 0.039938
v 0.100496 -0.277051 0.040507
v 0.117576 -0.273662 0.037576
v 0.142312 -0.273120 0.037688
v 0.159816 -0.278123 0.038173
v 0.178465 -0.280867 0.040867
v 0.201056 -0.280714 0.039871
v 0.220214 -0.278059 0.037832
v -0.317990 -0.254303 0.037990
v -0.299546 -0.258638 0.039124
v -0.280972 -0.260848 0.039978
v -0.259958 -0.262589 0.040088
v -0.239720 -0.260462 0.040009
v -0.220794 -0.257582 0.038574
v -0.199453 -0.258010 0.038495
v -0.180083 -0.260803 0.040281
v -0.160410 -0.256848 0.039365
v -0.140000 -0.250323 0.040000
v -0.117928 -0.254156 0.037928
v -0.098016 -0.258900 0.039491
v -0.080509 -0.261353 0.040534
v -0.059418 -0.264676 0.042718
v 0.241097 -0.263661 0.044032
v 0.257259 -0.257937 0.037584
v -0.358176 -0.236913 0.040353
v -0.342435 -0.242748 0.040363
v 0.281175 -0.242146 0.040310
v -0.382063 -0.221941 0.039864
v 0.302126 -0.226628 0.042126
v 0.315860 -0.215677 0.038870
v -0.402329 -0.202295 0.039800
v 0.326096 -0.201847 0.041847
v -0.421588 -0.181680 0.041803
v 0.342021 -0.182281 0.041551
v -0.438879 -0.159386 0.038863
v 0.355925 -0.159394 0.039389
v -0.445407 -0.141882 0.041882
v 0.361124 -0.140490 0.040079
v -0.455298 -0.118260 0.038260
v 0.363831 -0.119761 0.042265
v -0.458292 -0.099393 0.038526
v 0.366230 -0.102461 0.042461
v -0.458058 -0.079864 0.039292
v 0.369637 -0.080000 0.040000
v -0.456147 -0.059630 0.037623
v 0.371091 -0.060000 0.040000
v -0.449344 -0.040000 0.040000
v 0.371074 -0.040000 0.040000
v -0.441308 -0.018753 0.041758
v 0.369534 -0.020000 0.040000
v -0.436094 -0.002333 0.040489
v 0.362133 0.001806 0.040984
v -0.423510 0.024121 0.039535
v 0.356464 0.020506 0.035585
v -0.413068 0.037938 0.037938
v -0.404355 0.044355 0.044355
v 0.344630 0.039426 0.042611
v -0.395525 0.055721 0.038757
v -0.381936 0.066155 0.041936
v 0.338079 0.058855 0.038494
v -0.360845 0.081615 0.041323
v 0.320059 0.080044 0.040094
v -0.337991 0.094354 0.037991
v -0.320922 0.101887 0.041713
v 0.281694 0.105292 0.041694
v 0.296610 0.097317 0.040609
v -0.297667 0.116097 0.040396
v -0.280612 0.121016 0.040602
v -0.260787 0.123786 0.040738
v 0.239739 0.122474 0.042501
v 0.258450 0.118377 0.037976
v -0.237618 0.133243 0.037618
v -0.220138 0.137868 0.036379
v -0.200277 0.138210 0.039578
v -0.180052 0.139128 0.038848
v -0.159793 0.137564 0.040513
v -0.140056 0.136472 0.040851
v -0.119957 0.139919 0.039990
v -0.100636 0.143214 0.042428
v -0.080000 0.149614 0.040000
v 0.100000 0.147571 0.040000
v 0.120864 0.143805 0.040624
v 0.140400 0.140580 0.040288
v 0.159148 0.136795 0.039457
v 0.179890 0.137375 0.036637
v 0.199999 0.138047 0.037712
v 0.220300 0.136500 0.035982
v -0.060000 0.153031 0.040000
v -0.037516 0.154504 0.037516
v -0.020000 0.152405 0.040000
v 0.000000 0.151661 0.040000
v 0.022220 0.154664 0.037780
v 0.040102 0.155508 0.037230
v 0.060000 0.152305 0.040000
v 0.080000 0.150502 0.040000
v -0.048306 -0.265330 0.048306
v -0.029320 -0.268097 0.048726
v -0.010093 -0.268404 0.049431
v 0.009765 -0.270128 0.050089
v 0.030184 -0.273138 0.049727
v 0.047813 -0.274961 0.052187
v 0.070000 -0.277722 0.050000
v 0.090000 -0.277611 0.050000
v 0.110365 -0.272502 0.050564
v 0.128936 -0.268236 0.049403
v 0.149887 -0.267012 0.046543
v 0.171147 -0.270141 0.049402
v 0.189989 -0.271026 0.051020
v 0.209022 -0.270099 0.049704
v 0.230422 -0.266711 0.046485
v -0.328308 -0.245118 0.048308
v -0.309991 -0.250837 0.049792
v -0.289891 -0.252738 0.053642
v -0.269822 -0.255142 0.052874
v -0.250043 -0.255850 0.053277
v -0.230276 -0.253760 0.052202
v -0.209912 -0.251800 0.050051
v -0.192059 -0.255391 0.052059
v -0.167934 -0.255608 0.052066
v -0.150863 -0.248987 0.049126
v -0.130078 -0.247221 0.046202
v -0.109920 -0.249303 0.050178
v -0.089833 -0.252877 0.053764
v -0.072272 -0.256192 0.052272
v 0.251160 -0.251439 0.050761
v 0.268268 -0.245309 0.048268
v -0.369869 -0.230629 0.049980
v -0.350000 -0.237264 0.050000
v 0.291781 -0.231547 0.051714
v -0.391089 -0.211100 0.049973
v 0.312303 -0.212401 0.051651
v -0.410558 -0.190010 0.051002
v 0.330186 -0.190847 0.051281
v -0.428556 -0.169521 0.048540
v 0.347840 -0.168559 0.048237
v -0.436251 -0.152185 0.052185
v 0.352756 -0.149737 0.053830
v -0.446838 -0.129300 0.047881
v 0.358927 -0.130000 0.050000
v -0.451546 -0.110471 0.050040
v 0.362018 -0.110000 0.050000
v -0.453514 -0.089915 0.052016
v 0.365312 -0.090179 0.047293
v -0.452470 -0.069227 0.051669
v 0.367494 -0.070073 0.046276
v -0.449300 -0.050359 0.049918
v 0.367864 -0.050000 0.046882
v -0.444398 -0.032180 0.047820
v 0.367403 -0.029911 0.046249
v -0.434983 -0.008172 0.051828
v 0.363207 -0.012287 0.047713
v -0.428439 0.008947 0.048266
v 0.350811 0.010718 0.050438
v -0.412523 0.032712 0.049682
v 0.345185 0.028313 0.048313
v -0.393159 0.053074 0.049601
v 0.334860 0.051594 0.051594
v -0.370245 0.070583 0.050506
v 0.314431 0.074431 0.054431
v 0.326619 0.066052 0.049113
v -0.348323 0.084996 0.048323
v -0.331456 0.092140 0.051733
v 0.291205 0.092538 0.053088
v 0.308346 0.084112 0.048346
v -0.306475 0.107200 0.050588
v -0.291747 0.114933 0.051747
v 0.231903 0.116377 0.051903
v 0.251767 0.111519 0.050363
v 0.270412 0.107486 0.046836
v -0.270000 0.120661 0.050000
v -0.248047 0.124774 0.048047
v -0.229521 0.129273 0.050080
v -0.210755 0.131922 0.051060
v -0.189769 0.133953 0.052297
v -0.169919 0.135158 0.053074
v -0.150138 0.133677 0.052334
v -0.129893 0.133648 0.052275
v -0.110000 0.137896 0.050000
v 0.130000 0.139796 0.050000
v 0.152446 0.135911 0.052446
v 0.169771 0.133197 0.049283
v 0.189491 0.128892 0.050173
v 0.210134 0.127565 0.047534
v 0.225366 0.125366 0.045366
v -0.088162 0.145079 0.048162
v -0.070389 0.148805 0.049963
v -0.049907 0.150301 0.050040
v -0.030006 0.149370 0.049840
v -0.009865 0.148627 0.049659
v 0.009970 0.148324 0.049654
v 0.029032 0.150734 0.050075
v 0.050840 0.150321 0.050169
v 0.070049 0.149255 0.049353
v 0.089403 0.147263 0.049514
v 0.107649 0.144152 0.047649
v 0.020000 -0.270750 0.060000
v 0.040000 -0.272782 0.060000
v 0.059735 -0.276340 0.057583
v 0.078767 -0.276228 0.059646
v 0.097805 -0.274707 0.057805
v -0.260000 -0.251708 0.060000
v -0.240000 -0.251686 0.060000
v -0.200000 -0.250479 0.060000
v -0.180055 -0.254404 0.056738
v -0.080000 -0.250471 0.060000
v -0.060296 -0.257314 0.056281
v -0.040398 -0.261192 0.059850
v -0.019864 -0.262649 0.063983
v -0.002024 -0.264865 0.062024
v 0.120000 -0.269056 0.060000
v 0.142325 -0.263545 0.059507
v 0.159889 -0.259787 0.060019
v 0.180288 -0.259965 0.059948
v 0.201785 -0.260805 0.060957
v 0.219303 -0.258202 0.059707
v 0.237876 -0.253597 0.057876
v -0.359340 -0.236863 0.062131
v -0.340167 -0.237912 0.060094
v -0.322361 -0.242157 0.060223
v -0.302286 -0.246140 0.062286
v -0.280000 -0.249850 0.060000
v -0.220000 -0.248234 0.060000
v -0.157739 -0.246664 0.062261
v -0.140339 -0.241175 0.059762
v -0.120497 -0.241535 0.060792
v -0.101970 -0.245495 0.061970
v 0.260617 -0.243234 0.062311
v 0.278879 -0.238089 0.057936
v -0.381953 -0.222093 0.059359
v 0.300412 -0.220493 0.060971
v -0.400041 -0.199899 0.059762
v 0.318761 -0.199632 0.059005
v -0.418016 -0.177626 0.060165
v 0.336771 -0.175976 0.060597
v -0.429400 -0.160000 0.060000
v 0.344737 -0.161596 0.061596
v -0.438443 -0.138486 0.058712
v 0.353643 -0.137675 0.057675
v -0.443803 -0.119433 0.062347
v 0.357494 -0.120155 0.056248
v -0.448892 -0.100000 0.060000
v 0.358442 -0.099298 0.059542
v -0.450209 -0.080000 0.060000
v 0.359783 -0.079402 0.060059
v -0.445964 -0.057644 0.062356
v 0.360769 -0.059965 0.059838
v -0.442899 -0.039388 0.060472
v 0.360266 -0.039726 0.059930
v -0.437946 -0.022057 0.059572
v 0.357905 -0.020828 0.059499
v -0.426289 0.002127 0.062127
v 0.353169 -0.002313 0.057687
v -0.418564 0.019397 0.058737
v 0.341741 0.021600 0.061113
v -0.400272 0.040318 0.060699
v 0.336903 0.040438 0.055904
v -0.379346 0.060191 0.059118
v 0.320938 0.061314 0.061370
v -0.358306 0.074747 0.058306
v -0.341466 0.082266 0.061777
v 0.300695 0.080358 0.060706
v -0.318469 0.095413 0.058469
v -0.303893 0.102751 0.060843
v 0.242247 0.106403 0.062247
v 0.261718 0.101743 0.060648
v 0.279130 0.097231 0.056227
v -0.280438 0.116058 0.057645
v -0.259573 0.119560 0.059784
v -0.240493 0.122426 0.060410
v -0.222464 0.125928 0.062464
v -0.200000 0.128884 0.060000
v 0.180000 0.128143 0.060000
v 0.201526 0.121668 0.061523
v 0.219352 0.116628 0.058153
v -0.180000 0.131766 0.060000
v -0.160000 0.133076 0.060000
v -0.140000 0.131886 0.060000
v -0.117508 0.133936 0.057508
v -0.100382 0.136235 0.057910
v -0.081108 0.140934 0.060356
v -0.059877 0.142905 0.063616
v -0.039890 0.144680 0.062715
v -0.020031 0.145038 0.062974
v -0.000181 0.142573 0.063514
v 0.020178 0.142643 0.063446
v 0.037602 0.146117 0.062398
v 0.060000 0.148124 0.060000
v 0.082476 0.145797 0.062476
v 0.100872 0.141900 0.060642
v 0.119405 0.137873 0.058222
v 0.140243 0.135689 0.057419
v 0.160000 0.132659 0.060000
v -0.390000 -0.270000 0.079928
v -0.370000 -0.270000 0.079805
v -0.010000 -0.261203 0.070000
v 0.009524 -0.266202 0.067667
v 0.030472 -0.269429 0.069683
v 0.050299 -0.272232 0.070682
v 0.068994 -0.272854 0.071859
v 0.089786 -0.272350 0.070931
v 0.110034 -0.270035 0.070034
v 0.129801 -0.266593 0.068879
v 0.150000 -0.260033 0.070000
v -0.387812 -0.247812 0.075112
v -0.370077 -0.245882 0.073134
v -0.352346 -0.247654 0.076237
v -0.310000 -0.241470 0.070000
v -0.290190 -0.244839 0.067078
v -0.270088 -0.246895 0.066091
v -0.250023 -0.247603 0.067020
v -0.229829 -0.247265 0.066110
v -0.210201 -0.245554 0.067492
v -0.190060 -0.248334 0.067651
v -0.169796 -0.247787 0.067128
v -0.090324 -0.244662 0.067041
v -0.070157 -0.247865 0.067264
v -0.052065 -0.251883 0.070851
v -0.032340 -0.256426 0.072340
v 0.169479 -0.253337 0.072161
v 0.190034 -0.252422 0.073674
v 0.209871 -0.251892 0.072645
v 0.228457 -0.248869 0.069558
v 0.248048 -0.244407 0.068048
v -0.410000 -0.230000 0.079409
v -0.389491 -0.229165 0.070799
v -0.373594 -0.233594 0.066406
v -0.350000 -0.239779 0.070000
v -0.330000 -0.237977 0.070000
v -0.150000 -0.239605 0.070000
v -0.130005 -0.234972 0.072940
v -0.110000 -0.239314 0.070000
v 0.271069 -0.233197 0.074219
v 0.286367 -0.227036 0.070756
v -0.394555 -0.211352 0.068648
v 0.307000 -0.206736 0.070468
v -0.408754 -0.189353 0.071031
v 0.314586 -0.194586 0.074586
v 0.323553 -0.188102 0.068102
v -0.423623 -0.166695 0.070019
v 0.332069 -0.172688 0.072989
v -0.432171 -0.149880 0.069919
v 0.345260 -0.150546 0.067263
v -0.438629 -0.130000 0.070000
v 0.348989 -0.128006 0.069671
v -0.445510 -0.107274 0.070178
v 0.351826 -0.109642 0.069528
v -0.447376 -0.090062 0.068698
v 0.351750 -0.089962 0.072167
v -0.445887 -0.070810 0.069151
v 0.352369 -0.069979 0.072885
v -0.442311 -0.050000 0.070000
v 0.352296 -0.050028 0.072774
v -0.436244 -0.027653 0.072347
v 0.351534 -0.030056 0.071914
v -0.429597 -0.010285 0.069586
v 0.349142 -0.011340 0.069686
v -0.416563 0.012216 0.072216
v 0.343631 0.007844 0.067844
v -0.407745 0.027480 0.068447
v 0.332335 0.031865 0.071342
v -0.387893 0.047972 0.068645
v 0.326716 0.049006 0.065797
v -0.368084 0.063983 0.068084
v -0.351364 0.072287 0.071862
v 0.307797 0.067888 0.069231
v -0.328579 0.085783 0.068579
v -0.313528 0.092481 0.069537
v 0.250000 0.099777 0.070000
v 0.271262 0.091511 0.070651
v 0.288241 0.084121 0.068241
v -0.288584 0.108082 0.068568
v -0.270789 0.114144 0.070548
v -0.250000 0.119097 0.070000
v 0.211674 0.114508 0.071674
v 0.228853 0.108672 0.068913
v -0.230000 0.123167 0.070000
v -0.210176 0.125732 0.067353
v -0.190149 0.127131 0.065913
v -0.170418 0.128244 0.070328
v -0.148835 0.129629 0.069884
v -0.128656 0.130383 0.070123
v -0.109814 0.129236 0.070073
v -0.091339 0.130298 0.070061
v -0.069719 0.133357 0.073605
v 0.010000 0.137512 0.070000
v 0.111920 0.134794 0.071920
v 0.129730 0.133001 0.069302
v 0.151475 0.131517 0.069756
v 0.170311 0.128422 0.068977
v 0.187712 0.124237 0.067712
v -0.050000 0.140014 0.070000
v -0.030000 0.141924 0.070000
v -0.010000 0.141165 0.070000
v 0.030000 0.141186 0.070000
v 0.049893 0.146327 0.067728
v 0.070151 0.146826 0.067940
v 0.090000 0.142775 0.070000
v -0.400538 -0.277206 0.084793
v -0.379009 -0.278500 0.082302
v -0.359721 -0.277803 0.083573
v -0.340000 -0.280000 0.088494
v -0.417235 -0.260463 0.084385
v -0.400028 -0.260027 0.079952
v -0.379915 -0.259495 0.076880
v -0.359265 -0.260481 0.079017
v -0.340300 -0.257655 0.082332
v -0.040000 -0.250337 0.080000
v -0.020264 -0.256121 0.077764
v 0.000170 -0.258934 0.080143
v 0.019192 -0.262973 0.081767
v 0.037625 -0.266112 0.082375
v 0.060000 -0.269701 0.080000
v 0.080000 -0.269663 0.080000
v 0.100000 -0.269139 0.080000
v 0.120000 -0.267873 0.080000
v 0.140626 -0.262435 0.079673
v 0.157498 -0.255761 0.080243
v -0.440000 -0.240000 0.088361
v -0.419035 -0.240078 0.082518
v -0.400345 -0.240816 0.077007
v -0.380000 -0.240000 0.071899
v -0.340447 -0.242695 0.077305
v -0.319466 -0.240245 0.080005
v -0.299857 -0.238816 0.080780
v -0.280610 -0.238329 0.079210
v -0.260012 -0.238824 0.078595
v -0.239996 -0.238878 0.078703
v -0.220006 -0.238866 0.078446
v -0.200014 -0.239574 0.080303
v -0.179843 -0.239461 0.080432
v -0.159831 -0.238488 0.078046
v -0.142312 -0.233681 0.077688
v -0.117662 -0.233395 0.077662
v -0.100144 -0.237035 0.076319
v -0.080071 -0.238324 0.078028
v -0.061749 -0.241364 0.080318
v 0.180000 -0.249579 0.080000
v 0.200000 -0.249864 0.080000
v 0.219507 -0.244174 0.082406
v 0.239551 -0.239635 0.079822
v 0.260559 -0.235069 0.077249
v -0.417968 -0.220830 0.082777
v -0.402151 -0.220060 0.076087
v 0.280927 -0.222040 0.082397
v 0.295749 -0.215749 0.075749
v -0.415535 -0.199994 0.083669
v -0.403937 -0.203937 0.076063
v 0.303562 -0.203912 0.081069
v -0.418436 -0.178937 0.080859
v 0.321600 -0.180759 0.081036
v -0.429322 -0.160000 0.080000
v 0.336753 -0.160566 0.075838
v -0.438161 -0.138127 0.081266
v 0.340588 -0.139992 0.079749
v -0.443506 -0.119456 0.077836
v 0.342284 -0.119895 0.082819
v -0.447390 -0.100000 0.080000
v 0.343302 -0.099947 0.083994
v -0.447425 -0.080000 0.080000
v 0.345171 -0.079933 0.082793
v -0.443557 -0.060346 0.077643
v 0.345427 -0.060018 0.082913
v -0.439236 -0.040539 0.079633
v 0.343811 -0.040038 0.084540
v -0.431085 -0.020000 0.080000
v 0.342705 -0.020160 0.083252
v -0.421321 -0.000713 0.079402
v 0.339318 -0.000800 0.079762
v -0.403191 0.023574 0.080914
v 0.333981 0.017965 0.077965
v -0.395850 0.035850 0.075850
v -0.383942 0.043828 0.081059
v 0.321971 0.041260 0.081041
v -0.375416 0.055416 0.075416
v -0.361046 0.062092 0.081713
v 0.302765 0.062631 0.082994
v 0.315578 0.055578 0.075578
v -0.338633 0.075922 0.078633
v -0.324100 0.082936 0.079455
v 0.262361 0.087233 0.082361
v 0.280768 0.080092 0.080620
v 0.295000 0.075000 0.075000
v -0.298941 0.097806 0.078032
v -0.281951 0.105492 0.081951
v 0.222495 0.106772 0.082495
v 0.239924 0.100510 0.079984
v 0.255020 0.095020 0.075020
v -0.258179 0.115385 0.078179
v -0.239462 0.119332 0.079516
v -0.219856 0.121974 0.080580
v -0.200012 0.121677 0.080202
v -0.180439 0.121169 0.080478
v -0.159879 0.122465 0.083163
v -0.139849 0.124785 0.082767
v -0.120177 0.125036 0.082843
v -0.100083 0.121651 0.082551
v -0.079866 0.122513 0.083185
v -0.064797 0.124797 0.084797
v 0.160000 0.128798 0.080000
v 0.180530 0.123882 0.080900
v 0.198297 0.117945 0.079486
v -0.057754 0.133058 0.077754
v -0.040133 0.137123 0.076281
v -0.019946 0.137811 0.077068
v 0.000324 0.134901 0.077159
v 0.019665 0.134503 0.077053
v 0.040967 0.139291 0.079684
v 0.060118 0.142881 0.080122
v 0.080755 0.141656 0.080088
v 0.100594 0.136360 0.077806
v 0.120000 0.131612 0.080000
v 0.140000 0.131759 0.080000
v -0.367638 -0.307638 0.096686
v -0.352279 -0.307721 0.096149
v -0.410289 -0.285808 0.093602
v -0.390067 -0.289986 0.089893
v -0.369205 -0.290946 0.088045
v -0.349586 -0.290193 0.088985
v -0.331572 -0.288428 0.094512
v -0.447628 -0.267628 0.097220
v -0.430050 -0.270042 0.090227
v -0.411633 -0.271633 0.085750
v -0.347698 -0.272301 0.084234
v -0.330040 -0.270103 0.089580
v 0.030000 -0.261114 0.090000
v 0.049821 -0.265624 0.087436
v 0.069975 -0.265974 0.087700
v 0.090010 -0.267011 0.088186
v 0.108832 -0.266530 0.089846
v 0.127765 -0.264330 0.087765
v -0.446791 -0.250117 0.091960
v -0.430390 -0.251019 0.086281
v -0.410000 -0.250000 0.080937
v -0.328304 -0.251696 0.085169
v -0.313108 -0.249054 0.092450
v -0.045280 -0.245280 0.085280
v -0.029263 -0.247987 0.089306
v -0.011770 -0.251080 0.090428
v 0.010457 -0.254877 0.092755
v 0.152276 -0.255955 0.092276
v 0.169959 -0.249668 0.089811
v 0.190009 -0.246475 0.087940
v 0.208013 -0.244588 0.088013
v -0.447083 -0.229917 0.091803
v -0.432239 -0.230153 0.086243
v -0.288048 -0.234458 0.091951
v -0.270027 -0.232609 0.088822
v -0.249990 -0.231182 0.089902
v -0.230010 -0.231185 0.089449
v -0.210684 -0.231168 0.089864
v -0.190003 -0.230663 0.090696
v -0.169002 -0.230496 0.089928
v -0.150904 -0.228159 0.089797
v -0.129947 -0.227181 0.086315
v -0.110089 -0.227469 0.087073
v -0.089039 -0.228134 0.089982
v -0.071190 -0.230605 0.089996
v -0.051206 -0.234133 0.094465
v 0.232039 -0.235586 0.092039
v 0.249636 -0.230903 0.089498
v 0.268225 -0.224382 0.088225
v -0.447983 -0.212017 0.095473
v -0.430134 -0.209162 0.088991
v -0.410000 -0.210000 0.080658
v 0.290716 -0.210359 0.090769
v -0.429234 -0.190656 0.091738
v 0.309991 -0.189920 0.089905
v -0.430184 -0.171983 0.088354
v 0.325082 -0.168499 0.088499
v -0.445244 -0.145244 0.094756
v -0.437105 -0.152254 0.087746
v 0.331095 -0.151129 0.090404
v -0.447631 -0.129291 0.090602
v 0.333355 -0.129841 0.094078
v -0.451338 -0.111808 0.088128
v 0.336724 -0.112404 0.092404
v -0.452395 -0.090013 0.086420
v 0.339599 -0.090000 0.090000
v -0.450762 -0.068742 0.088758
v 0.340397 -0.070000 0.090000
v -0.447552 -0.050724 0.090776
v 0.340164 -0.050000 0.090000
v -0.436399 -0.027732 0.087732
v 0.339413 -0.030000 0.090000
v -0.428320 -0.012201 0.091694
v 0.332966 -0.010232 0.093654
v -0.410277 0.009404 0.089472
v 0.329357 0.009252 0.089746
v -0.390015 0.030022 0.090090
v 0.323826 0.028039 0.088039
v -0.370878 0.050384 0.091299
v 0.309911 0.049811 0.089832
v -0.345716 0.066848 0.090557
v -0.332570 0.074338 0.089252
v 0.271766 0.075880 0.091766
v 0.288680 0.068070 0.089499
v -0.308835 0.087707 0.087819
v -0.292182 0.096469 0.092182
v 0.250289 0.090531 0.090426
v -0.268215 0.108110 0.088465
v -0.250662 0.112699 0.091772
v -0.232336 0.116057 0.092336
v -0.210000 0.118577 0.090000
v -0.190182 0.114841 0.092794
v -0.169824 0.115109 0.092838
v -0.150000 0.119804 0.090000
v -0.110000 0.119838 0.090000
v -0.090000 0.118048 0.090000
v -0.070000 0.119411 0.090000
v 0.192458 0.116819 0.092458
v 0.210339 0.109113 0.090249
v 0.230000 0.101307 0.090000
v -0.130000 0.121635 0.090000
v -0.050202 0.126957 0.086820
v -0.029108 0.128173 0.089911
v -0.010107 0.128335 0.090478
v 0.010051 0.128014 0.087294
v 0.031726 0.128370 0.089809
v 0.050213 0.132834 0.093035
v 0.069947 0.134000 0.094223
v 0.090774 0.132563 0.090955
v 0.109931 0.130401 0.090094
v 0.129991 0.131297 0.090848
v 0.149359 0.129422 0.089368
v 0.168207 0.125674 0.088207
v -0.375522 -0.315522 0.104478
v -0.360062 -0.316880 0.102934
v -0.341689 -0.318311 0.105602
v -0.420204 -0.293708 0.103124
v -0.400206 -0.297029 0.103472
v -0.381543 -0.302414 0.097989
v -0.360000 -0.300000 0.091511
v -0.337922 -0.301790 0.097346
v -0.321502 -0.298498 0.105151
v -0.440921 -0.280837 0.099791
v -0.422204 -0.282204 0.093758
v -0.319649 -0.281059 0.098957
v -0.458623 -0.260153 0.101187
v -0.440000 -0.260000 0.090923
v -0.317984 -0.262016 0.094120
v -0.304295 -0.258843 0.104319
v 0.021887 -0.254614 0.098113
v 0.040537 -0.258435 0.099253
v 0.060075 -0.259960 0.100004
v 0.080143 -0.261505 0.100017
v 0.099006 -0.262622 0.101374
v 0.120652 -0.260948 0.100017
v 0.139455 -0.257796 0.097892
v 0.160000 -0.250747 0.100000
v -0.459625 -0.241169 0.098808
v -0.298508 -0.243157 0.099922
v -0.282427 -0.233508 0.102427
v -0.038403 -0.238384 0.098250
v -0.019835 -0.241898 0.102316
v -0.002111 -0.245944 0.102111
v 0.180653 -0.242823 0.101982
v 0.199897 -0.239822 0.100022
v 0.220326 -0.237316 0.096072
v -0.460074 -0.220653 0.100268
v -0.440000 -0.220000 0.090375
v -0.260000 -0.228405 0.100000
v -0.238354 -0.224344 0.101646
v -0.220060 -0.222034 0.102563
v -0.200030 -0.221488 0.101611
v -0.179993 -0.221086 0.101176
v -0.160005 -0.221197 0.101410
v -0.139907 -0.220234 0.099898
v -0.119997 -0.218357 0.098107
v -0.098844 -0.219432 0.099997
v -0.079963 -0.221110 0.101270
v -0.059690 -0.222906 0.103031
v 0.242437 -0.227118 0.102438
v 0.260006 -0.219999 0.100005
v 0.277849 -0.213000 0.097849
v -0.457465 -0.199430 0.104672
v -0.444147 -0.200346 0.097019
v 0.284398 -0.204398 0.104398
v 0.297931 -0.197833 0.097552
v -0.440185 -0.180866 0.098255
v 0.306860 -0.182008 0.102008
v 0.315684 -0.175684 0.095684
v -0.443177 -0.159783 0.096884
v 0.319961 -0.161181 0.100897
v -0.457244 -0.140253 0.102410
v 0.325954 -0.142056 0.102056
v -0.460246 -0.121755 0.098513
v 0.330646 -0.120000 0.100000
v -0.463255 -0.099948 0.097035
v 0.334302 -0.100084 0.096915
v -0.462645 -0.080106 0.097511
v 0.336174 -0.080047 0.095458
v -0.459973 -0.060071 0.099999
v 0.336316 -0.059985 0.095634
v -0.453319 -0.041948 0.101948
v -0.444403 -0.035597 0.095597
v 0.334763 -0.039928 0.097152
v -0.439703 -0.020936 0.101134
v 0.333009 -0.022487 0.097513
v -0.419618 0.000763 0.099149
v 0.323383 -0.000352 0.103949
v -0.399541 0.018433 0.100529
v 0.318873 0.018917 0.099741
v -0.378649 0.038686 0.098948
v 0.302440 0.042742 0.102331
v 0.315180 0.035180 0.095180
v -0.358588 0.055443 0.098588
v -0.344174 0.062755 0.100907
v 0.281286 0.060600 0.102188
v 0.296351 0.056351 0.096351
v -0.318596 0.077660 0.098152
v -0.301886 0.085911 0.101886
v 0.259998 0.080001 0.099998
v -0.278982 0.098854 0.099277
v -0.259631 0.103449 0.104420
v 0.202386 0.107298 0.102386
v 0.220487 0.100545 0.100369
v 0.238091 0.094248 0.098091
v -0.240000 0.110919 0.100000
v -0.220103 0.114908 0.097085
v -0.202347 0.113606 0.097653
v -0.180000 0.110038 0.100000
v -0.157734 0.113622 0.097734
v -0.140098 0.117159 0.096284
v -0.119924 0.117303 0.096480
v -0.099880 0.115427 0.097387
v -0.080002 0.114780 0.097056
v -0.060149 0.115943 0.095719
v -0.040120 0.118455 0.098401
v -0.021829 0.121004 0.101176
v 0.000875 0.122289 0.100650
v 0.020182 0.118919 0.100368
v 0.040117 0.121492 0.101519
v 0.060080 0.123844 0.103546
v 0.079907 0.123543 0.103445
v 0.100337 0.123414 0.104425
v 0.120000 0.129294 0.100000
v 0.140000 0.128427 0.100000
v 0.160636 0.122729 0.101595
v 0.178257 0.118354 0.098999
v -0.368141 -0.324400 0.111859
v -0.349934 -0.326942 0.113684
v -0.390572 -0.310324 0.109564
v -0.328581 -0.311388 0.107408
v -0.314940 -0.305060 0.114940
v -0.449507 -0.287857 0.112252
v -0.431247 -0.293924 0.105972
v -0.410000 -0.299875 0.110000
v -0.311203 -0.288825 0.109894
v -0.464645 -0.268498 0.111502
v -0.454670 -0.274670 0.105330
v -0.306544 -0.269596 0.106485
v -0.470393 -0.250400 0.109978
v -0.290725 -0.248649 0.112312
v 0.009694 -0.246571 0.105720
v 0.030012 -0.249761 0.110091
v 0.050099 -0.252558 0.113256
v 0.070135 -0.253133 0.114269
v 0.087505 -0.256586 0.112495
v 0.112393 -0.256337 0.112393
v 0.129800 -0.252844 0.113759
v 0.150024 -0.249855 0.110060
v 0.168032 -0.244479 0.108032
v -0.471607 -0.229147 0.110078
v -0.267865 -0.231752 0.108997
v -0.250118 -0.227836 0.110482
v -0.048136 -0.223444 0.108136
v -0.031444 -0.231754 0.110371
v -0.012409 -0.237065 0.112409
v 0.191986 -0.235211 0.111986
v 0.210798 -0.232631 0.111591
v 0.229456 -0.229607 0.109712
v -0.469386 -0.211572 0.110653
v -0.230000 -0.218881 0.110000
v -0.210227 -0.213133 0.114062
v -0.190011 -0.211756 0.111849
v -0.169942 -0.212352 0.112582
v -0.150061 -0.212576 0.112976
v -0.129896 -0.210192 0.109990
v -0.109933 -0.210125 0.109909
v -0.089947 -0.211774 0.111928
v -0.069940 -0.212526 0.112680
v -0.054314 -0.214314 0.114314
v 0.252294 -0.217093 0.112294
v 0.269219 -0.208854 0.109520
v -0.466151 -0.193849 0.113849
v -0.454261 -0.188830 0.106634
v 0.291333 -0.191334 0.111089
v -0.453200 -0.169895 0.107129
v 0.309016 -0.169218 0.109698
v -0.466664 -0.150278 0.113056
v -0.452377 -0.152377 0.102664
v 0.313800 -0.151195 0.114273
v -0.470209 -0.131313 0.108821
v 0.324296 -0.130251 0.106963
v -0.473492 -0.109894 0.106554
v 0.326940 -0.110073 0.106434
v -0.473606 -0.090080 0.106271
v 0.327522 -0.090032 0.107085
v -0.471765 -0.067975 0.109619
v 0.327886 -0.070009 0.107516
v -0.467419 -0.049614 0.113290
v 0.327846 -0.049988 0.107442
v -0.451381 -0.029241 0.109364
v 0.327398 -0.029927 0.106943
v -0.432775 -0.006904 0.109226
v 0.323895 -0.012030 0.107970
v -0.425631 0.005631 0.114369
v -0.413396 0.012925 0.110514
v 0.311900 0.011607 0.111996
v -0.389490 0.028702 0.111250
v 0.294817 0.034817 0.114817
v 0.306751 0.030579 0.106804
v -0.368065 0.044059 0.108065
v -0.353699 0.053033 0.109497
v 0.274106 0.054106 0.114106
v 0.289359 0.048012 0.108198
v -0.328702 0.067678 0.106794
v -0.310953 0.073062 0.114021
v 0.254466 0.074466 0.114466
v 0.267656 0.067568 0.107376
v -0.288723 0.088421 0.109291
v -0.269546 0.093585 0.114250
v 0.212432 0.097189 0.112432
v 0.230786 0.090998 0.110523
v 0.247943 0.083212 0.107943
v -0.248068 0.104496 0.108068
v -0.230092 0.108081 0.107448
v -0.209949 0.108517 0.108039
v -0.189916 0.107230 0.106158
v -0.170074 0.107244 0.106235
v -0.150086 0.108255 0.107844
v -0.130005 0.109417 0.109296
v -0.109991 0.108855 0.108613
v -0.089979 0.108961 0.108629
v -0.069898 0.107283 0.106783
v -0.050131 0.107621 0.107411
v -0.031745 0.110321 0.110571
v -0.009976 0.113042 0.113068
v 0.009936 0.111707 0.111981
v 0.030008 0.111426 0.111745
v 0.050042 0.112071 0.112155
v 0.070044 0.113197 0.113181
v 0.088767 0.113651 0.114325
v 0.169709 0.112228 0.112752
v 0.188185 0.108418 0.109267
v 0.111955 0.124620 0.108045
v 0.130089 0.126094 0.107743
v 0.147593 0.123212 0.107593
v -0.360000 -0.330729 0.120000
v -0.340000 -0.330001 0.120000
v -0.398129 -0.313494 0.121871
v -0.381840 -0.322848 0.118410
v -0.335035 -0.324965 0.115035
v -0.320887 -0.319061 0.121521
v -0.439971 -0.300563 0.120054
v -0.419924 -0.303509 0.115664
v -0.404703 -0.304703 0.115297
v -0.306267 -0.298015 0.121985
v -0.462060 -0.280942 0.118830
v -0.299741 -0.279950 0.120099
v -0.475881 -0.260623 0.122394
v -0.293771 -0.261935 0.118065
v -0.284960 -0.255040 0.124960
v 0.080000 -0.251615 0.120000
v 0.100035 -0.254676 0.116979
v 0.120000 -0.251132 0.120000
v -0.478314 -0.239049 0.120218
v -0.279286 -0.242692 0.117137
v -0.261804 -0.238022 0.120603
v -0.000207 -0.236979 0.116307
v 0.018802 -0.241104 0.120517
v 0.040261 -0.244934 0.122720
v 0.060000 -0.249027 0.120000
v 0.139677 -0.243710 0.124347
v 0.160916 -0.240798 0.120473
v 0.180525 -0.235897 0.117580
v 0.200000 -0.230748 0.120000
v -0.478708 -0.219941 0.122171
v -0.239035 -0.222584 0.119106
v -0.222388 -0.213442 0.117612
v -0.039464 -0.219900 0.119636
v -0.022111 -0.226717 0.122111
v 0.222003 -0.225502 0.122003
v 0.239893 -0.220263 0.119887
v -0.475000 -0.199499 0.122755
v -0.200425 -0.203024 0.124082
v -0.179929 -0.202463 0.122511
v -0.159923 -0.203713 0.123947
v -0.140127 -0.203113 0.123682
v -0.120009 -0.201720 0.122310
v -0.099999 -0.202218 0.122453
v -0.079953 -0.202627 0.122646
v -0.061261 -0.203813 0.124548
v 0.260961 -0.203318 0.124221
v 0.276787 -0.197156 0.117304
v -0.463920 -0.180175 0.116090
v 0.283885 -0.183885 0.123885
v 0.296336 -0.179092 0.116390
v -0.473201 -0.157977 0.122023
v -0.462308 -0.162308 0.113043
v 0.302205 -0.161517 0.122277
v -0.478580 -0.138330 0.119979
v 0.315842 -0.140283 0.115437
v -0.481977 -0.119901 0.117704
v 0.317472 -0.120085 0.117219
v -0.482303 -0.100025 0.117156
v 0.318393 -0.100030 0.118213
v -0.481192 -0.079256 0.119967
v 0.318953 -0.080013 0.118826
v -0.476906 -0.059460 0.121864
v 0.319243 -0.060001 0.119151
v -0.463603 -0.038833 0.115660
v 0.318898 -0.039978 0.118783
v -0.456215 -0.024204 0.121050
v -0.444547 -0.015453 0.115453
v 0.317681 -0.019882 0.117534
v -0.437383 -0.002802 0.121403
v 0.304488 0.001302 0.124172
v 0.315643 -0.004357 0.115643
v -0.418444 0.015009 0.121556
v -0.404398 0.023505 0.120472
v 0.300016 0.020029 0.120010
v -0.378846 0.038350 0.121678
v -0.362283 0.045496 0.117717
v 0.280989 0.041038 0.120631
v -0.339772 0.057032 0.117486
v -0.322584 0.063064 0.120245
v 0.261293 0.061287 0.121254
v -0.300539 0.076824 0.116236
v -0.281587 0.082183 0.122423
v 0.222241 0.087039 0.122241
v 0.239357 0.079944 0.119597
v -0.258345 0.094946 0.118345
v -0.238421 0.099153 0.119766
v -0.219882 0.102125 0.119605
v -0.200237 0.101950 0.119939
v -0.180011 0.102366 0.120456
v -0.159903 0.100820 0.119865
v -0.139598 0.101390 0.119250
v -0.120866 0.099618 0.120247
v -0.100004 0.099428 0.119427
v -0.079977 0.099132 0.119082
v -0.059999 0.098533 0.118282
v -0.038201 0.099177 0.119154
v -0.019917 0.101367 0.121203
v 0.000067 0.103101 0.123110
v 0.020030 0.103408 0.123898
v 0.039995 0.103348 0.124060
v 0.060016 0.103556 0.124253
v 0.080166 0.104096 0.124513
v 0.179760 0.102782 0.123840
v 0.199106 0.099162 0.119566
v 0.099481 0.114896 0.117278
v 0.119957 0.118925 0.118702
v 0.140113 0.118453 0.118071
v 0.157847 0.113359 0.117847
v -0.388477 -0.325363 0.131523
v -0.371937 -0.332182 0.128336
v -0.350021 -0.334925 0.127179
v -0.330081 -0.331569 0.129977
v -0.429781 -0.309112 0.131506
v -0.409965 -0.309851 0.130086
v -0.308933 -0.310564 0.129233
v -0.463209 -0.288022 0.131978
v -0.452062 -0.296587 0.127938
v -0.298799 -0.290000 0.130000
v -0.472661 -0.273250 0.128351
v -0.289910 -0.269378 0.130679
v -0.482235 -0.250000 0.130000
v -0.270800 -0.249998 0.130616
v 0.052380 -0.243482 0.127620
v 0.069781 -0.245671 0.127617
v 0.089958 -0.248067 0.127541
v 0.110069 -0.247981 0.127416
v 0.128089 -0.244227 0.128089
v -0.482800 -0.230000 0.130000
v -0.246254 -0.233583 0.128953
v -0.234744 -0.225256 0.134744
v -0.010274 -0.227047 0.126664
v 0.008713 -0.231216 0.130443
v 0.027702 -0.236621 0.132298
v 0.152295 -0.236223 0.132295
v 0.170704 -0.232706 0.131776
v 0.188420 -0.228716 0.129119
v 0.210384 -0.225062 0.127255
v -0.480931 -0.210000 0.130000
v -0.227708 -0.216663 0.127708
v -0.213983 -0.206725 0.130034
v -0.048441 -0.207699 0.127400
v -0.029554 -0.213218 0.133202
v 0.232112 -0.216382 0.132112
v 0.249311 -0.208823 0.129407
v -0.473138 -0.188836 0.125773
v -0.190505 -0.192942 0.133077
v -0.169850 -0.193308 0.133254
v -0.152286 -0.196794 0.132286
v -0.130000 -0.198015 0.130000
v -0.110190 -0.193884 0.134272
v -0.090049 -0.192442 0.132338
v -0.069674 -0.193629 0.133523
v 0.270022 -0.190025 0.130020
v -0.473026 -0.169765 0.126572
v 0.289702 -0.169532 0.129871
v -0.483980 -0.147910 0.132090
v 0.294718 -0.151387 0.134501
v 0.305652 -0.145652 0.125652
v -0.487508 -0.129129 0.131900
v 0.307303 -0.130115 0.127207
v -0.487795 -0.110038 0.130715
v 0.308582 -0.110039 0.128532
v -0.486174 -0.091011 0.130365
v 0.309416 -0.090009 0.129389
v -0.482661 -0.070000 0.130000
v 0.309806 -0.070001 0.129798
v -0.474627 -0.047368 0.130385
v 0.309652 -0.049996 0.129645
v -0.467261 -0.033589 0.129670
v 0.308616 -0.029939 0.128646
v -0.449963 -0.010673 0.130996
v 0.292344 -0.007656 0.137268
v 0.306124 -0.009701 0.126349
v -0.429611 0.010141 0.130514
v 0.290425 0.011764 0.131931
v -0.405607 0.026737 0.131129
v -0.392793 0.034981 0.130535
v 0.271723 0.031723 0.135962
v 0.286007 0.029034 0.126547
v -0.369472 0.046013 0.130790
v -0.350635 0.052033 0.129994
v -0.330000 0.056978 0.130000
v 0.252035 0.052035 0.136816
v 0.267541 0.047348 0.127563
v -0.308272 0.065000 0.128272
v -0.290752 0.070844 0.130282
v -0.274971 0.074971 0.134971
v 0.231288 0.072109 0.131972
v 0.249137 0.066565 0.126714
v -0.268099 0.083795 0.128099
v -0.249296 0.089439 0.129935
v -0.229847 0.092465 0.132866
v -0.209783 0.095126 0.132915
v -0.190000 0.098627 0.130000
v -0.167736 0.096066 0.132264
v -0.150176 0.092188 0.132838
v -0.128741 0.089709 0.130860
v -0.109996 0.088446 0.128549
v -0.090006 0.089018 0.129102
v -0.070008 0.089246 0.129270
v -0.049996 0.089419 0.129402
v -0.028020 0.090126 0.128834
v -0.009904 0.091339 0.131157
v 0.010147 0.093797 0.133606
v 0.028422 0.094547 0.134855
v 0.050000 0.099700 0.130000
v 0.070000 0.099609 0.130000
v 0.191034 0.093164 0.133826
v 0.208419 0.088145 0.129448
v 0.092023 0.103325 0.127977
v 0.109890 0.108333 0.128355
v 0.130001 0.109797 0.129799
v 0.150169 0.108085 0.127874
v 0.167743 0.103601 0.127743
v -0.377704 -0.333967 0.142296
v -0.360233 -0.338280 0.139628
v -0.340319 -0.337605 0.140530
v -0.420000 -0.311739 0.140000
v -0.399740 -0.319017 0.141219
v -0.315577 -0.324378 0.140215
v -0.456616 -0.296905 0.139750
v -0.442368 -0.306464 0.137632
v -0.299603 -0.299985 0.139919
v -0.474369 -0.278066 0.141934
v -0.293296 -0.282455 0.137545
v -0.482108 -0.260577 0.139093
v -0.279106 -0.260822 0.139593
v -0.484807 -0.239964 0.137055
v -0.257620 -0.247221 0.137619
v -0.243493 -0.236614 0.139553
v 0.039827 -0.236467 0.135726
v 0.059919 -0.237933 0.137484
v 0.080893 -0.238426 0.140127
v 0.099754 -0.239641 0.140114
v 0.120125 -0.238239 0.138050
v 0.140298 -0.234293 0.136997
v 0.160000 -0.231200 0.140000
v -0.484165 -0.219012 0.139207
v -0.223567 -0.216530 0.139631
v -0.018868 -0.215907 0.135903
v -0.000197 -0.220063 0.140080
v 0.018749 -0.224043 0.144140
v 0.179582 -0.223609 0.144510
v 0.200231 -0.220241 0.140055
v 0.220275 -0.216480 0.135997
v -0.481318 -0.200183 0.139381
v -0.203102 -0.196540 0.140174
v -0.140020 -0.193834 0.136705
v -0.122494 -0.192910 0.137506
v -0.056287 -0.196287 0.136287
v -0.039890 -0.199925 0.140017
v -0.022096 -0.202096 0.146568
v 0.241570 -0.202694 0.142680
v 0.258501 -0.193700 0.138501
v -0.479072 -0.180455 0.140437
v -0.195786 -0.184214 0.144214
v -0.180019 -0.182255 0.142245
v -0.159740 -0.184033 0.143881
v -0.100215 -0.182674 0.142463
v -0.079969 -0.181231 0.141047
v -0.059561 -0.184314 0.143542
v 0.264172 -0.181090 0.143745
v 0.278096 -0.178096 0.133153
v -0.482893 -0.160551 0.138181
v 0.280504 -0.161442 0.141849
v -0.489476 -0.140000 0.140000
v 0.296242 -0.140236 0.136377
v -0.491014 -0.120000 0.140000
v 0.297911 -0.120065 0.137964
v -0.490207 -0.100000 0.140000
v 0.299038 -0.100022 0.139061
v -0.485623 -0.077638 0.137638
v 0.299758 -0.080003 0.139761
v -0.481321 -0.059718 0.139104
v 0.299748 -0.059997 0.139754
v -0.473961 -0.042398 0.142398
v 0.298868 -0.039957 0.138932
v -0.461422 -0.020355 0.139674
v 0.296635 -0.019779 0.136928
v -0.443238 0.003337 0.140545
v 0.282723 -0.000239 0.142385
v -0.420275 0.020623 0.139354
v 0.278221 0.018602 0.138430
v -0.398232 0.034743 0.141768
v -0.383874 0.042855 0.140247
v 0.259711 0.039689 0.140008
v -0.360000 0.051413 0.140000
v -0.339234 0.055575 0.141150
v -0.320154 0.058441 0.138884
v -0.301404 0.060760 0.141023
v -0.282077 0.066480 0.142077
v 0.221604 0.061604 0.145470
v 0.238776 0.059581 0.138535
v -0.258438 0.078608 0.138526
v -0.239810 0.082192 0.142288
v -0.222320 0.086908 0.142320
v -0.140295 0.082646 0.143291
v -0.121144 0.079050 0.139863
v -0.099997 0.077755 0.138052
v -0.080004 0.077704 0.138072
v -0.060039 0.078336 0.138598
v -0.040005 0.079460 0.139490
v -0.019082 0.080077 0.138312
v -0.000676 0.079582 0.141022
v 0.020228 0.083617 0.143137
v 0.201091 0.081573 0.141595
v 0.218965 0.075644 0.136219
v -0.197709 0.093783 0.137709
v -0.179884 0.094785 0.137068
v -0.160000 0.090358 0.140000
v 0.039861 0.094060 0.136978
v 0.060037 0.094713 0.137206
v 0.080043 0.093793 0.136869
v 0.099807 0.096280 0.136492
v 0.119937 0.098284 0.138449
v 0.140011 0.098888 0.138906
v 0.160074 0.098114 0.137786
v 0.180527 0.094889 0.137238
v -0.350000 -0.340472 0.150000
v -0.389590 -0.328873 0.151718
v -0.370000 -0.337935 0.150000
v -0.326210 -0.333008 0.149995
v -0.447364 -0.305235 0.149932
v -0.430570 -0.311527 0.150175
v -0.412632 -0.314174 0.150454
v -0.306469 -0.314181 0.149991
v -0.467827 -0.287666 0.149952
v -0.292314 -0.286683 0.149841
v -0.480344 -0.270000 0.150000
v -0.284883 -0.272594 0.150280
v -0.485974 -0.247275 0.149977
v -0.267644 -0.256971 0.147643
v -0.252080 -0.248277 0.149802
v -0.485651 -0.229791 0.150002
v -0.231220 -0.228770 0.149868
v 0.029688 -0.225982 0.145852
v 0.049933 -0.228283 0.148120
v 0.071018 -0.229500 0.150122
v 0.090004 -0.230964 0.151025
v 0.109879 -0.230217 0.149816
v 0.130122 -0.227679 0.147445
v 0.149978 -0.227256 0.146555
v 0.168260 -0.224983 0.148260
v -0.484145 -0.210000 0.150000
v -0.211866 -0.207833 0.149916
v -0.010288 -0.206948 0.147364
v 0.008143 -0.210452 0.151811
v 0.189605 -0.213819 0.154212
v 0.208326 -0.208046 0.149731
v 0.227972 -0.207972 0.143179
v -0.481054 -0.190000 0.150000
v -0.200808 -0.190000 0.150000
v -0.148602 -0.185382 0.145363
v -0.129950 -0.186520 0.146218
v -0.114858 -0.185142 0.145142
v -0.048415 -0.188415 0.145090
v -0.030914 -0.190432 0.150937
v -0.012277 -0.192277 0.156683
v 0.229737 -0.194710 0.154098
v 0.249434 -0.189612 0.149162
v -0.485319 -0.168236 0.151764
v -0.188316 -0.175324 0.151684
v -0.169934 -0.172210 0.152018
v -0.152142 -0.172142 0.156601
v -0.110337 -0.173498 0.153118
v -0.090264 -0.170392 0.148730
v -0.069724 -0.170221 0.148615
v -0.049580 -0.173981 0.152949
v 0.254872 -0.174872 0.154872
v 0.267914 -0.168654 0.148115
v -0.490816 -0.150394 0.149691
v -0.070000 -0.150000 0.157578
v 0.273162 -0.149745 0.152818
v 0.285041 -0.145041 0.145041
v -0.492991 -0.129927 0.150403
v 0.286548 -0.130156 0.146818
v -0.492790 -0.110151 0.150287
v 0.288029 -0.110055 0.148143
v -0.490428 -0.089701 0.149628
v 0.289035 -0.090019 0.149097
v -0.486034 -0.072466 0.149762
v 0.289465 -0.069999 0.149502
v -0.477797 -0.050000 0.150000
v 0.288882 -0.049969 0.148971
v -0.468683 -0.031871 0.150021
v 0.286974 -0.029823 0.147282
v -0.455250 -0.007113 0.150395
v 0.273116 -0.010244 0.152745
v 0.285143 -0.014857 0.145143
v -0.446358 0.006029 0.151016
v -0.432227 0.016802 0.147773
v 0.269740 0.008851 0.148975
v -0.410359 0.029260 0.150065
v 0.250689 0.030786 0.151183
v 0.265179 0.025179 0.145179
v -0.390000 0.041678 0.150000
v -0.369995 0.049985 0.150066
v -0.352620 0.054247 0.150142
v -0.330000 0.057563 0.150000
v -0.310000 0.058020 0.150000
v -0.090054 0.054642 0.153798
v -0.070011 0.052849 0.155085
v -0.052239 0.052239 0.155876
v 0.230701 0.050562 0.150021
v 0.245464 0.045464 0.145464
v -0.290000 0.060072 0.150000
v -0.270319 0.067002 0.146604
v -0.250934 0.069983 0.150406
v -0.229618 0.074093 0.154065
v -0.128358 0.072010 0.152236
v -0.109827 0.067225 0.147416
v -0.089958 0.067320 0.145047
v -0.070051 0.065729 0.146494
v -0.050118 0.066993 0.147669
v -0.029998 0.068441 0.148661
v -0.009980 0.067685 0.147916
v 0.011182 0.069643 0.149073
v 0.030236 0.073142 0.152586
v 0.191127 0.074069 0.153531
v 0.208717 0.069480 0.148219
v -0.210191 0.086678 0.146012
v -0.190031 0.087883 0.147477
v -0.169893 0.087551 0.146967
v -0.152174 0.083662 0.147826
v 0.034718 0.085282 0.145282
v 0.049893 0.086368 0.146390
v 0.070117 0.086507 0.146280
v 0.089997 0.085450 0.145418
v 0.109848 0.086233 0.146545
v 0.129931 0.088243 0.148350
v 0.149998 0.089264 0.149260
v 0.170120 0.088139 0.148106
v 0.185635 0.085635 0.145635
v -0.377386 -0.335615 0.160017
v -0.360006 -0.339934 0.160002
v -0.339412 -0.338142 0.160254
v -0.419079 -0.317417 0.164213
v -0.403653 -0.322173 0.159282
v -0.315766 -0.324196 0.159787
v -0.457241 -0.297526 0.160077
v -0.440000 -0.308826 0.160000
v -0.298837 -0.299881 0.161036
v -0.475503 -0.277530 0.160174
v -0.288173 -0.280000 0.160000
v -0.483122 -0.260973 0.159755
v -0.276934 -0.266299 0.160195
v -0.262943 -0.257726 0.159833
v -0.485141 -0.240031 0.163229
v -0.239833 -0.240053 0.160015
v -0.484184 -0.219044 0.160885
v -0.220672 -0.219270 0.159984
v 0.024988 -0.215012 0.155012
v 0.039800 -0.217150 0.157339
v 0.060694 -0.219786 0.159791
v 0.080008 -0.221122 0.161084
v 0.101829 -0.220483 0.160460
v 0.120025 -0.219318 0.159278
v 0.139989 -0.218780 0.158559
v 0.160043 -0.218799 0.158664
v 0.178301 -0.214370 0.158301
v -0.482659 -0.200155 0.159948
v -0.204714 -0.197377 0.159957
v 0.001416 -0.197904 0.158325
v 0.020306 -0.203286 0.162903
v 0.201395 -0.200514 0.161843
v 0.218119 -0.198119 0.154100
v -0.483149 -0.180458 0.159145
v -0.197040 -0.183737 0.160064
v -0.140161 -0.175865 0.156241
v -0.122086 -0.177914 0.153491
v -0.038232 -0.178231 0.154883
v -0.019774 -0.179637 0.160942
v -0.002156 -0.182156 0.166397
v 0.221175 -0.184358 0.163686
v 0.239945 -0.179967 0.159942
v -0.490167 -0.160000 0.160000
v -0.179460 -0.161774 0.162841
v -0.159849 -0.162043 0.161723
v -0.139848 -0.163031 0.165542
v -0.120242 -0.163876 0.163166
v -0.100886 -0.159651 0.159143
v -0.079770 -0.156979 0.154574
v -0.059333 -0.157948 0.157192
v -0.041642 -0.161135 0.161521
v -0.020000 -0.160000 0.169770
v 0.240000 -0.160000 0.169549
v 0.259742 -0.159315 0.159288
v -0.494084 -0.140000 0.160000
v -0.100000 -0.140000 0.169923
v -0.080139 -0.142282 0.161677
v -0.059525 -0.142243 0.163749
v 0.263833 -0.139760 0.163390
v 0.277584 -0.137584 0.152716
v -0.494515 -0.120000 0.160000
v 0.260000 -0.120000 0.169760
v 0.276519 -0.120141 0.156823
v -0.492630 -0.100000 0.160000
v 0.277716 -0.100044 0.157941
v -0.488755 -0.080000 0.160000
v 0.278335 -0.080012 0.158524
v -0.482734 -0.059628 0.160085
v 0.278248 -0.059974 0.158458
v -0.474251 -0.043178 0.159933
v 0.260000 -0.040000 0.169652
v 0.276884 -0.039849 0.157278
v -0.462183 -0.020171 0.159754
v 0.263682 -0.020227 0.163259
v 0.277622 -0.022378 0.152823
v -0.453911 -0.002467 0.162467
v 0.259737 -0.000349 0.160158
v -0.437219 0.017766 0.159797
v -0.422069 0.025504 0.157931
v -0.080000 0.020000 0.168857
v -0.060000 0.020000 0.168817
v 0.241078 0.021291 0.161844
v 0.257918 0.017918 0.153485
v -0.397548 0.038211 0.159955
v -0.382417 0.045964 0.157583
v -0.100476 0.043388 0.162817
v -0.080148 0.039950 0.161841
v -0.059892 0.039961 0.161550
v -0.039822 0.043424 0.162429
v -0.019856 0.043140 0.165543
v 0.000000 0.040000 0.168843
v 0.221472 0.041048 0.162037
v 0.238194 0.038194 0.154216
v -0.360000 0.052986 0.160000
v -0.340385 0.056693 0.159969
v -0.320026 0.058075 0.160001
v -0.300014 0.057630 0.160112
v -0.279866 0.058370 0.159675
v -0.258814 0.058771 0.160418
v -0.239847 0.061619 0.161546
v -0.224696 0.064696 0.164696
v -0.135323 0.064677 0.164677
v -0.120901 0.059517 0.159698
v -0.102189 0.057811 0.153310
v -0.080000 0.060000 0.150300
v -0.060000 0.060000 0.150667
v -0.040296 0.057242 0.155120
v -0.020024 0.056622 0.157248
v 0.000020 0.056343 0.156784
v 0.021693 0.059443 0.158362
v 0.040385 0.063457 0.163200
v 0.100000 0.060000 0.169984
v 0.179625 0.062698 0.164774
v 0.199997 0.059996 0.160009
v 0.215026 0.055026 0.155026
v -0.218832 0.076017 0.155942
v -0.200058 0.078360 0.158262
v -0.179998 0.078813 0.158733
v -0.159904 0.078155 0.157915
v -0.142023 0.073463 0.157977
v 0.042412 0.077588 0.152756
v 0.059904 0.076704 0.156694
v 0.080133 0.076285 0.156034
v 0.099976 0.075228 0.155359
v 0.119832 0.076531 0.156766
v 0.139962 0.078378 0.158555
v 0.160054 0.078083 0.158386
v 0.180365 0.075485 0.156147
v -0.409502 -0.327169 0.172027
v -0.390969 -0.332430 0.170456
v -0.370000 -0.337673 0.170000
v -0.350000 -0.338817 0.170000
v -0.329164 -0.331732 0.171701
v -0.446906 -0.304188 0.170168
v -0.431774 -0.313045 0.169210
v -0.308434 -0.311793 0.171740
v -0.466822 -0.286547 0.170226
v -0.292724 -0.286541 0.170156
v -0.476439 -0.272328 0.172328
v -0.283709 -0.273049 0.169835
v -0.270000 -0.262103 0.170000
v -0.483918 -0.250000 0.170000
v -0.249861 -0.250022 0.170119
v -0.483735 -0.230000 0.170000
v -0.230498 -0.230389 0.169557
v -0.482249 -0.210000 0.170000
v -0.211825 -0.207843 0.170028
v 0.032228 -0.207772 0.163165
v 0.049847 -0.207327 0.167744
v 0.070525 -0.210158 0.169131
v 0.090073 -0.210201 0.169717
v 0.109807 -0.210141 0.169756
v 0.130001 -0.209638 0.169633
v 0.150011 -0.209470 0.169489
v 0.170169 -0.207590 0.167700
v 0.185314 -0.205314 0.165314
v -0.482474 -0.190000 0.170000
v -0.199946 -0.190000 0.170000
v 0.011391 -0.189260 0.168559
v 0.030224 -0.193372 0.172748
v 0.050000 -0.190000 0.179661
v 0.189654 -0.194112 0.173767
v 0.208838 -0.187668 0.167889
v -0.487494 -0.169153 0.169863
v -0.189482 -0.170196 0.171291
v -0.130000 -0.170000 0.161185
v -0.027639 -0.167639 0.163441
v -0.009501 -0.169595 0.169391
v 0.007915 -0.172085 0.176229
v 0.214534 -0.174534 0.174534
v 0.229409 -0.169491 0.169215
v 0.247538 -0.167538 0.162567
v -0.492969 -0.149614 0.169991
v -0.169532 -0.150079 0.169569
v -0.149618 -0.149606 0.171616
v -0.129136 -0.150915 0.172236
v -0.111391 -0.149481 0.169006
v -0.092425 -0.147575 0.162920
v -0.048055 -0.148055 0.164825
v -0.030033 -0.150045 0.169591
v -0.012372 -0.152372 0.177015
v 0.232109 -0.152109 0.175865
v 0.249872 -0.149739 0.169780
v -0.494914 -0.129948 0.169976
v -0.107684 -0.132316 0.176444
v -0.088141 -0.130699 0.171237
v -0.070224 -0.130040 0.167769
v -0.051551 -0.130712 0.170949
v -0.032424 -0.132424 0.176929
v 0.253348 -0.129853 0.172709
v 0.267642 -0.127642 0.162942
v -0.493693 -0.110334 0.169898
v -0.090000 -0.110000 0.179845
v -0.070000 -0.110000 0.176421
v -0.050000 -0.110000 0.179039
v 0.252927 -0.109867 0.175280
v 0.265845 -0.110090 0.166485
v -0.490228 -0.089814 0.170425
v 0.252494 -0.092494 0.176617
v 0.266591 -0.090036 0.167118
v -0.486549 -0.072150 0.170113
v 0.250000 -0.070000 0.178605
v 0.266869 -0.069986 0.167361
v -0.478710 -0.050000 0.170000
v 0.253035 -0.050185 0.175506
v 0.265992 -0.049878 0.166650
v -0.467767 -0.032822 0.170005
v -0.070000 -0.030000 0.179694
v 0.253299 -0.030136 0.172726
v 0.267584 -0.032416 0.162881
v -0.455838 -0.007623 0.172377
v -0.090000 -0.010000 0.178822
v -0.070000 -0.010000 0.176234
v -0.050000 -0.010000 0.178539
v 0.250138 -0.009584 0.170401
v -0.448113 0.007583 0.170013
v -0.089457 0.010662 0.173449
v -0.069979 0.010390 0.170979
v -0.050777 0.010390 0.173172
v -0.032386 0.012386 0.175933
v 0.231486 0.011705 0.172328
v 0.248235 0.008235 0.164463
v -0.426985 0.024764 0.169794
v -0.410838 0.032010 0.169157
v -0.108365 0.031720 0.172794
v -0.092088 0.028437 0.167968
v -0.069993 0.027716 0.166163
v -0.049166 0.027933 0.167354
v -0.030206 0.030018 0.170287
v -0.010770 0.031258 0.172351
v 0.008764 0.034395 0.173405
v 0.211635 0.031175 0.171953
v 0.228506 0.028506 0.165356
v -0.386941 0.044592 0.169878
v -0.370190 0.050588 0.170024
v -0.352931 0.054639 0.170091
v -0.330000 0.057702 0.170000
v -0.310000 0.057843 0.170000
v -0.290000 0.057069 0.170000
v -0.270513 0.053730 0.172304
v -0.250030 0.051133 0.171565
v -0.229740 0.053116 0.172975
v -0.128352 0.050694 0.171923
v -0.111438 0.048562 0.165107
v -0.030000 0.050000 0.160804
v -0.007646 0.047646 0.163587
v 0.009785 0.047202 0.164560
v 0.030168 0.049894 0.169997
v 0.047848 0.052152 0.176654
v 0.110045 0.054882 0.174453
v 0.152472 0.052472 0.177371
v 0.169773 0.053491 0.172852
v 0.189291 0.049744 0.169420
v 0.208006 0.048006 0.163727
v -0.210215 0.067128 0.167302
v -0.190019 0.068879 0.168906
v -0.169984 0.068854 0.168869
v -0.149804 0.067425 0.167477
v 0.051284 0.065637 0.165834
v 0.070000 0.067677 0.167537
v 0.090190 0.065903 0.165784
v 0.109869 0.066923 0.163889
v 0.129923 0.066447 0.166741
v 0.150071 0.066378 0.166901
v 0.167872 0.067872 0.164108
v -0.398116 -0.335339 0.181884
v -0.379177 -0.337065 0.180712
v -0.359728 -0.337170 0.180450
v -0.341910 -0.334981 0.178090
v -0.423547 -0.323123 0.180275
v -0.319653 -0.320224 0.180619
v -0.455350 -0.295479 0.178632
v -0.442365 -0.306954 0.182365
v -0.301977 -0.299317 0.179362
v -0.466829 -0.282192 0.182192
v -0.292926 -0.282377 0.182377
v -0.479005 -0.259801 0.180072
v -0.277385 -0.265191 0.179688
v -0.263671 -0.257229 0.180257
v -0.481757 -0.240002 0.180707
v -0.240852 -0.239138 0.180078
v -0.480941 -0.220048 0.180567
v -0.221497 -0.218434 0.180066
v -0.480680 -0.199967 0.180720
v -0.204630 -0.197453 0.180093
v 0.042466 -0.197534 0.172852
v 0.059805 -0.196589 0.177134
v 0.079962 -0.198898 0.179035
v 0.099999 -0.199403 0.179477
v 0.120010 -0.199242 0.179352
v 0.140018 -0.198561 0.178788
v 0.160089 -0.197572 0.177900
v 0.178037 -0.198037 0.173851
v -0.483836 -0.182340 0.179898
v -0.196870 -0.184256 0.179928
v 0.021824 -0.179103 0.178337
v 0.039235 -0.181128 0.182512
v 0.057677 -0.182323 0.186646
v 0.179731 -0.184425 0.183716
v 0.199834 -0.179817 0.180295
v -0.490191 -0.160000 0.180000
v -0.184170 -0.157565 0.180438
v 0.000465 -0.159593 0.179426
v 0.017985 -0.162015 0.185727
v 0.200000 -0.160000 0.189705
v 0.219645 -0.159374 0.179383
v -0.494031 -0.140000 0.180000
v -0.177616 -0.142623 0.182384
v -0.161982 -0.137208 0.177901
v -0.139265 -0.139464 0.178403
v -0.119779 -0.136611 0.177776
v -0.040000 -0.140000 0.170503
v -0.019786 -0.139752 0.179729
v -0.002167 -0.142167 0.186007
v 0.222525 -0.139475 0.184366
v 0.238521 -0.139484 0.177880
v -0.494239 -0.120000 0.180000
v -0.157762 -0.122238 0.185714
v -0.139969 -0.123163 0.185411
v -0.120306 -0.122317 0.183935
v -0.100003 -0.120014 0.179810
v -0.079676 -0.117164 0.175081
v -0.060261 -0.116957 0.174714
v -0.040065 -0.119939 0.178807
v -0.021862 -0.121862 0.184974
v 0.239822 -0.120706 0.181352
v -0.491023 -0.100000 0.180000
v -0.097422 -0.099664 0.184301
v -0.080217 -0.099456 0.179636
v -0.059717 -0.099550 0.179615
v -0.040469 -0.100922 0.183893
v 0.242595 -0.099960 0.181967
v 0.260000 -0.100000 0.171333
v -0.487500 -0.080000 0.180000
v -0.100000 -0.080000 0.188030
v -0.080308 -0.079884 0.182026
v -0.059656 -0.079852 0.182442
v -0.040000 -0.080000 0.187244
v 0.243188 -0.079986 0.182417
v 0.256873 -0.080037 0.174266
v -0.482098 -0.059625 0.179782
v -0.100000 -0.060000 0.188098
v -0.080336 -0.060062 0.182313
v -0.059630 -0.060089 0.182776
v -0.040000 -0.060000 0.187076
v 0.242932 -0.060039 0.182223
v 0.257621 -0.062379 0.173525
v -0.473905 -0.042292 0.177708
v -0.097600 -0.037600 0.185933
v -0.080143 -0.038615 0.180993
v -0.059802 -0.040116 0.181654
v -0.043021 -0.040209 0.184922
v 0.240545 -0.039260 0.181808
v -0.460200 -0.020026 0.180225
v -0.097645 -0.020280 0.184069
v -0.080660 -0.019831 0.178844
v -0.059237 -0.021078 0.179159
v -0.039395 -0.020546 0.183035
v -0.020000 -0.020000 0.187423
v 0.240584 -0.020045 0.178941
v -0.452008 -0.000000 0.180000
v -0.120000 -0.000000 0.189284
v -0.100000 0.000083 0.180502
v -0.079769 -0.003006 0.175010
v -0.060239 -0.002838 0.175345
v -0.040333 -0.000928 0.178146
v -0.021022 0.000427 0.181523
v -0.002062 0.002062 0.185342
v 0.221566 0.001878 0.182354
v 0.238346 -0.001654 0.175032
v -0.437761 0.018014 0.180029
v -0.420000 0.028788 0.180000
v -0.118503 0.022027 0.182080
v -0.101636 0.018364 0.175376
v -0.040000 0.020000 0.172019
v -0.020290 0.017788 0.176342
v 0.000357 0.019955 0.179048
v 0.020439 0.024080 0.182995
v 0.201554 0.021041 0.181837
v 0.218537 0.018537 0.175611
v -0.400209 0.037646 0.179769
v -0.380000 0.048319 0.180000
v -0.260000 0.048535 0.180000
v -0.240281 0.043810 0.182158
v -0.219798 0.044021 0.183727
v -0.200000 0.040000 0.189219
v -0.180000 0.040000 0.189990
v -0.157696 0.042304 0.186071
v -0.138106 0.041041 0.181737
v -0.119137 0.037736 0.176279
v 0.019423 0.037422 0.175164
v 0.038778 0.040587 0.181256
v 0.057838 0.042162 0.185903
v 0.080000 0.040000 0.189173
v 0.099798 0.044141 0.183610
v 0.120100 0.043910 0.183231
v 0.140007 0.043030 0.185566
v 0.159804 0.043435 0.182934
v 0.179364 0.039828 0.179437
v 0.197881 0.037881 0.173712
v -0.357553 0.054423 0.182447
v -0.340260 0.056742 0.179903
v -0.319980 0.057595 0.180049
v -0.299781 0.056952 0.180222
v -0.282155 0.055066 0.177845
v -0.217740 0.057740 0.172898
v -0.200136 0.057208 0.177584
v -0.180005 0.058429 0.178639
v -0.159879 0.057261 0.177781
v -0.142194 0.057806 0.173077
v 0.059767 0.056697 0.177116
v 0.080140 0.057104 0.177286
v 0.095403 0.055403 0.175403
v 0.122236 0.057764 0.173329
v 0.140056 0.055572 0.176036
v 0.160000 0.060000 0.170475
v -0.430000 -0.320218 0.190000
v -0.411525 -0.332672 0.189230
v -0.390000 -0.338523 0.190000
v -0.370000 -0.336943 0.190000
v -0.348219 -0.332132 0.191905
v -0.331406 -0.325344 0.188594
v -0.440182 -0.310000 0.190000
v -0.434951 -0.314951 0.185049
v -0.312800 -0.306934 0.190515
v -0.453825 -0.294083 0.189727
v -0.303135 -0.292197 0.192197
v -0.470686 -0.270428 0.190626
v -0.288787 -0.271325 0.190763
v -0.476356 -0.252418 0.192418
v -0.267959 -0.255949 0.192041
v -0.253267 -0.247153 0.190397
v -0.478831 -0.230000 0.190000
v -0.232798 -0.227269 0.190234
v -0.478670 -0.210000 0.190000
v -0.212845 -0.206815 0.190193
v -0.481120 -0.190000 0.190000
v -0.203130 -0.192451 0.192451
v 0.069795 -0.185999 0.186830
v 0.089989 -0.187565 0.188099
v 0.110033 -0.187143 0.187710
v 0.130040 -0.186427 0.187068
v 0.150045 -0.186147 0.186796
v 0.167854 -0.187854 0.183815
v -0.486347 -0.169548 0.189117
v -0.191598 -0.170137 0.190412
v 0.029688 -0.166212 0.187492
v 0.048632 -0.170589 0.191127
v 0.070249 -0.172680 0.194718
v 0.090000 -0.170000 0.197770
v 0.110000 -0.170000 0.198257
v 0.132494 -0.172494 0.196451
v 0.149890 -0.173129 0.195599
v 0.169822 -0.173504 0.192712
v 0.189524 -0.169721 0.189605
v 0.207671 -0.167671 0.182719
v -0.490796 -0.150554 0.190473
v -0.184487 -0.152082 0.192082
v 0.011190 -0.148787 0.188783
v 0.029261 -0.150633 0.194027
v 0.050000 -0.150000 0.199930
v 0.191940 -0.151940 0.195191
v 0.209413 -0.148772 0.189036
v -0.493023 -0.129986 0.189608
v -0.170927 -0.126344 0.186947
v -0.150000 -0.130000 0.182014
v -0.130000 -0.130000 0.182518
v -0.008195 -0.129596 0.187986
v 0.009457 -0.130752 0.193739
v 0.030000 -0.130000 0.199692
v 0.211528 -0.130776 0.192660
v 0.228176 -0.128176 0.185097
v -0.491056 -0.108816 0.190698
v -0.168349 -0.111651 0.196341
v -0.148942 -0.110025 0.190375
v -0.129928 -0.109711 0.189374
v -0.110755 -0.109333 0.185934
v -0.027524 -0.110441 0.185930
v -0.010497 -0.111082 0.191725
v 0.010000 -0.110000 0.198052
v 0.212289 -0.112289 0.195928
v 0.229264 -0.109271 0.188144
v -0.488072 -0.089717 0.190264
v -0.147582 -0.092418 0.195835
v -0.129221 -0.090673 0.193537
v -0.110036 -0.089886 0.189938
v -0.092243 -0.087757 0.184478
v -0.070000 -0.090000 0.180262
v -0.047616 -0.087616 0.184285
v -0.029664 -0.090152 0.189007
v -0.012425 -0.089845 0.193983
v 0.010000 -0.090000 0.199892
v 0.210000 -0.090000 0.198208
v 0.230118 -0.090054 0.189137
v -0.484636 -0.072248 0.187752
v -0.130000 -0.070000 0.196728
v -0.109540 -0.069928 0.191398
v -0.092663 -0.069996 0.185582
v -0.070000 -0.070000 0.181655
v -0.047210 -0.069983 0.185504
v -0.030032 -0.069985 0.190060
v -0.012618 -0.070056 0.194264
v 0.010000 -0.070000 0.199873
v 0.210000 -0.070000 0.199186
v 0.230078 -0.069987 0.189533
v -0.475249 -0.046993 0.189761
v -0.130000 -0.050000 0.197610
v -0.109689 -0.050025 0.191372
v -0.092977 -0.049877 0.185047
v -0.070000 -0.050000 0.181200
v -0.047697 -0.052303 0.184711
v -0.029549 -0.049945 0.189153
v -0.010392 -0.048854 0.193845
v 0.010000 -0.050000 0.199016
v 0.210000 -0.050000 0.198490
v 0.230318 -0.049778 0.188315
v -0.467496 -0.033297 0.190100
v -0.127604 -0.027604 0.195704
v -0.109930 -0.029588 0.190371
v -0.090000 -0.030000 0.182603
v -0.050000 -0.030000 0.182280
v -0.029595 -0.030672 0.187126
v -0.010830 -0.029036 0.191461
v 0.007625 -0.027625 0.195806
v 0.212959 -0.030263 0.195144
v 0.227149 -0.029892 0.187966
v -0.454395 -0.007433 0.189782
v -0.150000 -0.010000 0.198900
v -0.129559 -0.008946 0.194043
v -0.111573 -0.010594 0.187962
v -0.027507 -0.012493 0.183812
v -0.009452 -0.010390 0.187358
v 0.009177 -0.009382 0.191938
v 0.030000 -0.010000 0.197664
v 0.211012 -0.008513 0.191532
v 0.227937 -0.012063 0.184243
v -0.447187 0.006344 0.190167
v -0.170000 0.010000 0.197763
v -0.150362 0.012594 0.194221
v -0.129947 0.010088 0.190247
v -0.112187 0.007813 0.183977
v -0.010000 0.010000 0.180750
v 0.010827 0.009604 0.186256
v 0.029468 0.010258 0.191498
v 0.047849 0.012151 0.195453
v 0.172467 0.012467 0.196680
v 0.191416 0.010969 0.191523
v 0.208533 0.008533 0.185631
v -0.427431 0.025313 0.189990
v -0.413439 0.032331 0.190032
v -0.228027 0.035750 0.191973
v -0.210007 0.033426 0.192990
v -0.189992 0.034043 0.192834
v -0.170344 0.030502 0.192437
v -0.150513 0.029845 0.189101
v -0.131795 0.028205 0.185263
v 0.031715 0.028285 0.185158
v 0.050161 0.030075 0.189460
v 0.069230 0.031488 0.192359
v 0.089929 0.032832 0.192096
v 0.109962 0.029508 0.191804
v 0.129045 0.030561 0.192167
v 0.150769 0.030792 0.192018
v 0.168702 0.029631 0.189185
v 0.187908 0.027908 0.183723
v -0.387375 0.045382 0.189980
v -0.370617 0.051913 0.190087
v -0.350000 0.056448 0.190000
v -0.330000 0.057533 0.190000
v -0.310000 0.057028 0.190000
v -0.287274 0.054328 0.189593
v -0.270103 0.049635 0.189826
v -0.252305 0.043965 0.187695
v -0.207658 0.047658 0.183193
v -0.190107 0.047625 0.185695
v -0.169776 0.047436 0.185461
v -0.150000 0.050000 0.180535
v 0.069830 0.047162 0.184972
v 0.087751 0.047751 0.183322
v 0.130000 0.050000 0.180220
v -0.400800 -0.336992 0.200206
v -0.379814 -0.338464 0.200135
v -0.362386 -0.334210 0.197614
v -0.435346 -0.315243 0.200093
v -0.423113 -0.325912 0.199897
v -0.336515 -0.322949 0.199440
v -0.324351 -0.315649 0.195649
v -0.445502 -0.302952 0.199886
v -0.316761 -0.303615 0.200961
v -0.460576 -0.280248 0.200646
v -0.300045 -0.280235 0.200262
v -0.471184 -0.260000 0.200000
v -0.281039 -0.259746 0.198734
v -0.475823 -0.240119 0.197503
v -0.255693 -0.243678 0.201160
v -0.241993 -0.233417 0.198007
v -0.476526 -0.220004 0.197899
v -0.235296 -0.224704 0.204704
v -0.223920 -0.216061 0.198857
v -0.477129 -0.200394 0.200685
v -0.212788 -0.202318 0.202318
v -0.481158 -0.180752 0.200391
v -0.198856 -0.180643 0.201197
v 0.082473 -0.177527 0.193521
v 0.099972 -0.176886 0.194406
v 0.120050 -0.176811 0.194168
v 0.140000 -0.180000 0.191423
v 0.160000 -0.180000 0.190371
v -0.485428 -0.162157 0.202157
v -0.189434 -0.160000 0.200000
v 0.041862 -0.158138 0.194981
v 0.061026 -0.159992 0.198716
v 0.080065 -0.160192 0.201113
v 0.100110 -0.160297 0.202084
v 0.120063 -0.160231 0.202720
v 0.139871 -0.160165 0.202375
v 0.160408 -0.160052 0.200555
v 0.179254 -0.159663 0.196600
v -0.490234 -0.140000 0.200000
v -0.181337 -0.138911 0.198643
v 0.021776 -0.138224 0.195488
v 0.039952 -0.140044 0.200105
v 0.059074 -0.140725 0.204287
v 0.080000 -0.140000 0.206826
v 0.100000 -0.140000 0.207903
v 0.120000 -0.140000 0.209073
v 0.140000 -0.140000 0.208963
v 0.162462 -0.142462 0.205956
v 0.181674 -0.141826 0.201673
v 0.197887 -0.140451 0.196511
v -0.490332 -0.120000 0.200000
v -0.175193 -0.120919 0.200762
v 0.002180 -0.117820 0.194595
v 0.020322 -0.119228 0.199224
v 0.039384 -0.120849 0.203855
v 0.060000 -0.120000 0.207655
v 0.182413 -0.122413 0.206031
v 0.200019 -0.120162 0.200239
v 0.220000 -0.120000 0.190931
v -0.487847 -0.100000 0.200000
v -0.161714 -0.099639 0.197235
v -0.140000 -0.100000 0.192837
v -0.120000 -0.100000 0.190313
v -0.020000 -0.100000 0.190667
v 0.000351 -0.099026 0.196598
v 0.019170 -0.099889 0.201669
v 0.040000 -0.100000 0.206359
v 0.060000 -0.100000 0.209363
v 0.180000 -0.100000 0.209285
v 0.200161 -0.099897 0.201784
v 0.216966 -0.100097 0.194770
v -0.484192 -0.079182 0.200856
v -0.158715 -0.081703 0.201501
v -0.139594 -0.080418 0.197149
v -0.122450 -0.077550 0.194301
v -0.020000 -0.080000 0.192602
v 0.001111 -0.080023 0.197788
v 0.020529 -0.080027 0.202797
v 0.040000 -0.080000 0.207032
v 0.201374 -0.080865 0.202349
v 0.217409 -0.080080 0.195542
v -0.479177 -0.060193 0.199361
v -0.157943 -0.059937 0.203441
v -0.140270 -0.060016 0.199606
v -0.122772 -0.060096 0.195514
v -0.020000 -0.060000 0.192093
v -0.000638 -0.059871 0.196874
v 0.019016 -0.060077 0.201599
v 0.037539 -0.057539 0.205569
v 0.060000 -0.060000 0.209687
v 0.180000 -0.060000 0.209914
v 0.201528 -0.059057 0.202602
v 0.217409 -0.059933 0.195500
v -0.469998 -0.040000 0.200000
v -0.159668 -0.039046 0.203176
v -0.140395 -0.039977 0.199511
v -0.122864 -0.039887 0.195313
v -0.020000 -0.040000 0.190864
v 0.002340 -0.039786 0.196247
v 0.019746 -0.039513 0.200401
v 0.037307 -0.040205 0.204342
v 0.060000 -0.040000 0.208394
v 0.180000 -0.040000 0.208611
v 0.200191 -0.040165 0.201863
v 0.217740 -0.042260 0.194165
v -0.458421 -0.020775 0.199494
v -0.177792 -0.017792 0.206170
v -0.158764 -0.020169 0.201422
v -0.139582 -0.019781 0.197806
v -0.120000 -0.020000 0.192584
v 0.000000 -0.020000 0.192267
v 0.020389 -0.020484 0.197662
v 0.038952 -0.018997 0.201549
v 0.057901 -0.017901 0.204985
v 0.080000 -0.020000 0.208834
v 0.160000 -0.020000 0.209913
v 0.181987 -0.018013 0.205011
v 0.200011 -0.020491 0.199359
v 0.220000 -0.020000 0.190119
v -0.446877 0.002350 0.202351
v -0.179751 0.001759 0.201348
v -0.161118 -0.001121 0.198923
v -0.142680 0.000496 0.195829
v 0.022467 -0.002467 0.193676
v 0.040546 -0.000388 0.197447
v 0.059222 0.000429 0.201005
v 0.078928 0.000414 0.203825
v 0.100097 0.002943 0.204943
v 0.117536 0.002464 0.205980
v 0.139885 0.003184 0.205391
v 0.159745 0.002170 0.203660
v 0.180004 0.000001 0.200014
v 0.198148 -0.001852 0.194839
v -0.436314 0.016262 0.200383
v -0.420000 0.029175 0.200000
v -0.218163 0.025809 0.201837
v -0.199627 0.020122 0.200217
v -0.180799 0.019769 0.197096
v -0.162192 0.017808 0.194739
v -0.140000 0.020000 0.190087
v 0.040000 0.020000 0.191021
v 0.059673 0.017598 0.196046
v 0.079928 0.019641 0.197792
v 0.099209 0.019053 0.198079
v 0.119988 0.017865 0.198492
v 0.139996 0.020269 0.197867
v 0.160180 0.016362 0.197637
v 0.180000 0.020000 0.190914
v -0.399136 0.037980 0.199319
v -0.380000 0.048689 0.200000
v -0.257828 0.042954 0.200805
v -0.240361 0.037345 0.197461
v -0.357007 0.055333 0.200094
v -0.340160 0.057894 0.200035
v -0.319897 0.057425 0.200035
v -0.300806 0.055581 0.198837
v -0.280000 0.050682 0.200000
v -0.410920 -0.331582 0.211645
v -0.390000 -0.337707 0.210000
v -0.369363 -0.334343 0.210933
v -0.351880 -0.327132 0.209280
v -0.434282 -0.314319 0.211368
v -0.329371 -0.310607 0.211560
v -0.451075 -0.290449 0.211513
v -0.311080 -0.289505 0.209194
v -0.464801 -0.268165 0.208165
v -0.296333 -0.268040 0.208040
v -0.469817 -0.249728 0.209980
v -0.288021 -0.256950 0.211979
v -0.270930 -0.248612 0.209042
v -0.471640 -0.229926 0.210381
v -0.247579 -0.232233 0.211651
v -0.472421 -0.210779 0.211598
v -0.226271 -0.213746 0.209546
v -0.475134 -0.192009 0.212009
v -0.208187 -0.190866 0.211551
v -0.481034 -0.170000 0.210000
v -0.195180 -0.168138 0.208138
v -0.486065 -0.150341 0.207612
v -0.188561 -0.150098 0.210073
v 0.072378 -0.147622 0.204444
v 0.089882 -0.147291 0.205590
v 0.109904 -0.147891 0.206567
v 0.130009 -0.148194 0.207055
v 0.150195 -0.147580 0.206055
v 0.170000 -0.150000 0.202501
v -0.487572 -0.130151 0.209453
v -0.181238 -0.130000 0.210000
v 0.052029 -0.127971 0.205298
v 0.069762 -0.130324 0.207618
v 0.089971 -0.129386 0.209470
v 0.108626 -0.130306 0.210417
v 0.130015 -0.130848 0.211226
v 0.150509 -0.130238 0.210380
v 0.170569 -0.130586 0.207324
v 0.190000 -0.130000 0.201991
v -0.486834 -0.109814 0.208079
v -0.175541 -0.107939 0.207939
v 0.032493 -0.107507 0.204258
v 0.049567 -0.110281 0.206954
v 0.069897 -0.110138 0.210083
v 0.090177 -0.109806 0.212278
v 0.110212 -0.109589 0.214097
v 0.130055 -0.112716 0.214310
v 0.149737 -0.109625 0.214037
v 0.170399 -0.110808 0.210727
v 0.187600 -0.110196 0.206030
v -0.484834 -0.092171 0.207829
v -0.172091 -0.090155 0.207863
v 0.032842 -0.090084 0.205492
v 0.049795 -0.090048 0.208375
v 0.068641 -0.089963 0.211044
v 0.090291 -0.089873 0.213751
v 0.107537 -0.092463 0.215283
v 0.130000 -0.090000 0.216539
v 0.152453 -0.092453 0.215319
v 0.171056 -0.089919 0.212196
v 0.188209 -0.090064 0.206985
v -0.480362 -0.070000 0.210000
v -0.169621 -0.070201 0.208967
v -0.150000 -0.070000 0.200797
v 0.032952 -0.069894 0.205279
v 0.049776 -0.069950 0.208340
v 0.068509 -0.070019 0.211293
v 0.090323 -0.070036 0.214117
v 0.110000 -0.070000 0.215851
v 0.130000 -0.070000 0.216928
v 0.150000 -0.070000 0.216063
v 0.169501 -0.070040 0.213032
v 0.189286 -0.070046 0.207239
v -0.472611 -0.048464 0.210761
v -0.169767 -0.049893 0.208205
v -0.150000 -0.050000 0.201659
v 0.030000 -0.050000 0.203548
v 0.049617 -0.049851 0.207362
v 0.069465 -0.048934 0.210472
v 0.090292 -0.050165 0.213295
v 0.106848 -0.050170 0.214858
v 0.130000 -0.050000 0.215978
v 0.153043 -0.050201 0.214759
v 0.170913 -0.050101 0.211640
v 0.188143 -0.049907 0.206946
v -0.464459 -0.033034 0.210185
v -0.185687 -0.025687 0.214313
v -0.173849 -0.029690 0.206909
v -0.150000 -0.030000 0.200600
v 0.030000 -0.030000 0.201605
v 0.050751 -0.030936 0.205848
v 0.071204 -0.029888 0.209052
v 0.090119 -0.028632 0.211321
v 0.110184 -0.030326 0.213519
v 0.129965 -0.030404 0.213964
v 0.149782 -0.030336 0.212895
v 0.169932 -0.030113 0.209931
v 0.187205 -0.029707 0.205429
v -0.451291 -0.010321 0.210715
v -0.189990 -0.009519 0.210598
v -0.170000 -0.010000 0.201968
v 0.050000 -0.010000 0.201869
v 0.069660 -0.012602 0.205865
v 0.089790 -0.009512 0.207770
v 0.109986 -0.010169 0.209738
v 0.129454 -0.009967 0.210082
v 0.150124 -0.010645 0.208893
v 0.169083 -0.010528 0.206019
v 0.190000 -0.010000 0.200448
v -0.433728 0.013859 0.211123
v -0.207396 0.012200 0.210641
v -0.192341 0.007659 0.203521
v 0.070000 0.010000 0.200067
v 0.090000 0.010000 0.201843
v 0.110000 0.010000 0.202386
v 0.127543 0.007543 0.203964
v 0.150000 0.010000 0.201937
v -0.425016 0.025016 0.205016
v -0.409920 0.030886 0.210141
v -0.250000 0.038546 0.210000
v -0.230005 0.030054 0.210032
v -0.387623 0.043115 0.207623
v -0.370127 0.050579 0.210452
v -0.352036 0.054968 0.212036
v -0.330000 0.057781 0.210000
v -0.310000 0.056391 0.210000
v -0.289096 0.051996 0.209847
v -0.271879 0.046835 0.210135
v -0.397741 -0.334279 0.217741
v -0.381970 -0.335447 0.218030
v -0.420734 -0.321800 0.221546
v -0.357744 -0.326321 0.222256
v -0.341959 -0.318416 0.218521
v -0.441527 -0.301763 0.221565
v -0.321548 -0.298194 0.218727
v -0.455882 -0.277631 0.220469
v -0.307436 -0.277558 0.217558
v -0.463089 -0.262393 0.220558
v -0.298426 -0.261710 0.221452
v -0.467767 -0.240000 0.220000
v -0.278113 -0.245726 0.221887
v -0.260944 -0.238242 0.218767
v -0.468235 -0.220000 0.220000
v -0.239552 -0.220330 0.220774
v -0.470366 -0.200000 0.220000
v -0.219735 -0.200495 0.220722
v -0.475629 -0.180424 0.217421
v -0.204450 -0.178529 0.218529
v -0.479119 -0.159627 0.220173
v -0.198324 -0.161422 0.221107
v -0.481958 -0.140657 0.220913
v -0.186966 -0.137543 0.217543
v -0.482731 -0.119034 0.221384
v -0.182269 -0.120175 0.216733
v 0.080000 -0.120000 0.210100
v 0.100000 -0.120000 0.211806
v 0.120000 -0.120000 0.212801
v 0.140000 -0.120000 0.213229
v 0.160000 -0.120000 0.211397
v -0.481621 -0.100182 0.220168
v -0.181692 -0.100245 0.220498
v 0.080000 -0.100000 0.212080
v 0.100000 -0.100000 0.214165
v 0.121085 -0.099126 0.215717
v 0.138892 -0.099122 0.215662
v 0.160000 -0.100000 0.214005
v -0.479827 -0.080234 0.219959
v -0.180141 -0.079991 0.220061
v 0.060000 -0.080000 0.210044
v 0.080000 -0.080000 0.213037
v 0.103109 -0.080032 0.215218
v 0.119852 -0.080044 0.216370
v 0.140123 -0.080051 0.216585
v 0.156903 -0.080046 0.215186
v 0.180000 -0.080000 0.210243
v -0.476067 -0.061559 0.218441
v -0.181096 -0.060545 0.220018
v 0.080000 -0.060000 0.212649
v 0.102337 -0.062337 0.215087
v 0.119845 -0.059865 0.216136
v 0.140137 -0.059853 0.216294
v 0.157639 -0.062361 0.214906
v -0.466217 -0.037572 0.222428
v -0.183045 -0.039743 0.216845
v 0.080000 -0.040000 0.211303
v 0.100000 -0.040000 0.213668
v 0.119869 -0.043172 0.215155
v 0.140129 -0.043171 0.215149
v 0.160000 -0.040000 0.212992
v -0.457956 -0.022643 0.220016
v -0.194097 -0.018102 0.221898
v 0.100000 -0.020000 0.211037
v 0.120000 -0.020000 0.212456
v 0.140000 -0.020000 0.211866
v -0.440113 0.000708 0.221483
v -0.201709 -0.000785 0.218901
v -0.420457 0.021137 0.221028
v -0.219894 0.020086 0.220286
v -0.397837 0.033887 0.217837
v -0.383311 0.042576 0.219762
v -0.280000 0.048707 0.220000
v -0.259873 0.041110 0.220816
v -0.242186 0.034422 0.217814
v -0.360000 0.051309 0.220000
v -0.340243 0.055706 0.217276
v -0.321067 0.056043 0.219388
v -0.302466 0.054360 0.217534
v -0.408647 -0.325876 0.228647
v -0.390453 -0.330756 0.230070
v -0.370941 -0.328865 0.230051
v -0.430144 -0.310086 0.230231
v -0.350000 -0.319876 0.230000
v -0.333134 -0.306905 0.230215
v -0.447380 -0.288809 0.229208
v -0.317125 -0.287575 0.227575
v -0.455432 -0.271945 0.231945
v -0.308040 -0.270745 0.230653
v -0.465064 -0.247906 0.227906
v -0.290978 -0.249597 0.228730
v -0.465952 -0.230021 0.227492
v -0.268925 -0.233375 0.234336
v -0.253678 -0.227136 0.229199
v -0.465954 -0.210155 0.227592
v -0.232222 -0.207777 0.228844
v -0.467663 -0.190149 0.229866
v -0.215300 -0.188393 0.228393
v -0.471135 -0.171779 0.230514
v -0.207988 -0.171570 0.231091
v -0.472937 -0.149854 0.234074
v -0.196176 -0.147913 0.227913
v -0.476355 -0.132300 0.232301
v -0.191240 -0.127916 0.229585
v -0.477881 -0.110000 0.230000
v -0.188517 -0.110613 0.230462
v -0.475200 -0.090187 0.232945
v -0.188117 -0.089989 0.232629
v -0.472762 -0.069206 0.231730
v -0.188432 -0.070049 0.232217
v -0.469151 -0.050295 0.229686
v -0.190218 -0.050116 0.230077
v -0.461692 -0.030000 0.230000
v -0.192839 -0.029660 0.226546
v -0.448226 -0.011876 0.230172
v -0.204068 -0.007968 0.232032
v -0.428776 0.010114 0.228891
v -0.211946 0.007630 0.228332
v -0.405555 0.026442 0.230273
v -0.392623 0.034729 0.229692
v -0.247864 0.033662 0.229530
v -0.233998 0.027156 0.230553
v -0.369828 0.046746 0.229051
v -0.350894 0.051492 0.229784
v -0.331156 0.054193 0.230658
v -0.310359 0.053522 0.229544
v -0.290109 0.049844 0.229812
v -0.272010 0.044908 0.227990
v -0.418370 -0.314515 0.238370
v -0.401821 -0.322165 0.241208
v -0.380066 -0.324861 0.242707
v -0.359332 -0.320862 0.240717
v -0.342366 -0.312761 0.237634
v -0.436830 -0.296608 0.240537
v -0.335046 -0.304954 0.244954
v -0.326815 -0.297804 0.237804
v -0.446440 -0.282161 0.242161
v -0.317032 -0.283671 0.239840
v -0.459228 -0.259200 0.239089
v -0.302070 -0.257330 0.240100
v -0.463814 -0.239755 0.239563
v -0.295191 -0.244809 0.244809
v -0.281702 -0.237154 0.238398
v -0.464066 -0.220066 0.239627
v -0.258699 -0.222229 0.241152
v -0.244661 -0.215339 0.235339
v -0.463068 -0.201093 0.240377
v -0.236543 -0.203465 0.240939
v -0.224675 -0.195325 0.235325
v -0.463297 -0.179932 0.241910
v -0.218801 -0.180823 0.240605
v -0.465953 -0.162155 0.242155
v -0.206245 -0.157991 0.237991
v -0.470828 -0.140000 0.240000
v -0.201024 -0.138709 0.239653
v -0.474433 -0.120023 0.236779
v -0.197756 -0.119809 0.242946
v -0.473735 -0.102459 0.237541
v -0.194170 -0.102184 0.242184
v -0.470265 -0.080000 0.240000
v -0.192105 -0.080000 0.240000
v -0.465899 -0.057803 0.242197
v -0.195296 -0.060299 0.242726
v -0.461691 -0.038573 0.241156
v -0.198546 -0.038082 0.241135
v -0.454126 -0.021802 0.238198
v -0.202101 -0.020365 0.238505
v -0.436479 -0.003590 0.240356
v -0.214404 0.001754 0.241754
v -0.415668 0.016051 0.240429
v -0.402070 0.026029 0.242070
v -0.236247 0.022642 0.240864
v -0.221673 0.013460 0.238327
v -0.380019 0.039933 0.239988
v -0.360000 0.047841 0.240000
v -0.277299 0.044397 0.239611
v -0.261361 0.037843 0.239306
v -0.340000 0.052262 0.240000
v -0.320000 0.053136 0.240000
v -0.300000 0.050112 0.240000
v -0.390000 -0.320487 0.250000
v -0.425112 -0.305112 0.245112
v -0.410949 -0.311554 0.250850
v -0.370000 -0.319876 0.250000
v -0.348973 -0.311663 0.251409
v -0.432408 -0.292539 0.253191
v -0.326068 -0.294219 0.249773
v -0.451052 -0.269647 0.249847
v -0.309736 -0.269937 0.250724
v -0.459672 -0.250000 0.250000
v -0.299056 -0.250000 0.250000
v -0.463387 -0.230000 0.250000
v -0.286342 -0.233121 0.250859
v -0.271696 -0.224570 0.248304
v -0.462778 -0.210000 0.250000
v -0.250395 -0.209818 0.249467
v -0.460314 -0.190000 0.250000
v -0.230105 -0.189256 0.249139
v -0.460681 -0.170000 0.250000
v -0.225154 -0.174846 0.254846
v -0.217235 -0.167674 0.247674
v -0.465905 -0.149222 0.249143
v -0.211245 -0.148672 0.249505
v -0.469457 -0.130060 0.249771
v -0.207152 -0.129669 0.254081
v -0.469975 -0.109998 0.251167
v -0.199578 -0.110000 0.250000
v -0.467932 -0.090508 0.248432
v -0.195433 -0.090084 0.246803
v -0.464970 -0.069739 0.247172
v -0.195736 -0.072361 0.247639
v -0.459948 -0.050000 0.250000
v -0.199695 -0.050000 0.250000
v -0.451706 -0.028868 0.251160
v -0.204621 -0.027928 0.252072
v -0.445122 -0.014878 0.245122
v -0.434228 -0.005708 0.251293
v -0.210625 -0.010432 0.249454
v -0.425370 0.005370 0.245370
v -0.413859 0.013573 0.251102
v -0.229554 0.012030 0.251715
v -0.390517 0.031803 0.250710
v -0.250388 0.028855 0.248656
v -0.367589 0.043676 0.247589
v -0.349188 0.048854 0.248919
v -0.329919 0.052118 0.249800
v -0.309426 0.050728 0.251173
v -0.290382 0.046630 0.249073
v -0.270000 0.040174 0.250000
v -0.397887 -0.313634 0.257887
v -0.379979 -0.317196 0.256333
v -0.362156 -0.314012 0.257844
v -0.419316 -0.299758 0.259263
v -0.339138 -0.301850 0.261713
v -0.440131 -0.279679 0.259618
v -0.318214 -0.282051 0.259928
v -0.454259 -0.257945 0.257945
v -0.302610 -0.256328 0.259996
v -0.460301 -0.240130 0.260185
v -0.295388 -0.242606 0.260011
v -0.462743 -0.219972 0.259832
v -0.277352 -0.222183 0.259696
v -0.262107 -0.213529 0.257893
v -0.461491 -0.200100 0.259991
v -0.242512 -0.197403 0.258347
v -0.459349 -0.181114 0.259899
v -0.230221 -0.180000 0.260000
v -0.461077 -0.161310 0.259995
v -0.221278 -0.158755 0.259307
v -0.467085 -0.140000 0.260000
v -0.215760 -0.141439 0.261439
v -0.469823 -0.120000 0.260000
v -0.205714 -0.117913 0.257913
v -0.467100 -0.100000 0.260000
v -0.201883 -0.099461 0.258823
v -0.461111 -0.079646 0.260808
v -0.199820 -0.079687 0.260061
v -0.457111 -0.060779 0.258324
v -0.200811 -0.059923 0.259674
v -0.453230 -0.042360 0.257640
v -0.203605 -0.040747 0.259362
v -0.441787 -0.019092 0.261685
v -0.209737 -0.020000 0.260000
v -0.421625 0.001561 0.261386
v -0.221645 -0.000257 0.258549
v -0.402400 0.022290 0.259896
v -0.241342 0.018659 0.258664
v -0.376530 0.037969 0.260062
v -0.360368 0.043659 0.261002
v -0.340000 0.049180 0.260000
v -0.300000 0.047963 0.260000
v -0.279602 0.041674 0.260971
v -0.262771 0.035234 0.260455
v -0.320000 0.050777 0.260000
v -0.405224 -0.305224 0.265224
v -0.390121 -0.308613 0.268340
v -0.370842 -0.308423 0.269963
v -0.351656 -0.305265 0.268344
v -0.425943 -0.286437 0.269056
v -0.411081 -0.293802 0.274238
v -0.329582 -0.291399 0.271393
v -0.443671 -0.268169 0.268169
v -0.434390 -0.274390 0.274390
v -0.310756 -0.269941 0.269613
v -0.452312 -0.251435 0.271842
v -0.298947 -0.250000 0.270000
v -0.460334 -0.230000 0.270000
v -0.287491 -0.232818 0.270255
v -0.462145 -0.210000 0.270000
v -0.265933 -0.213511 0.269845
v -0.252143 -0.203198 0.267857
v -0.461058 -0.190000 0.270000
v -0.242558 -0.192461 0.272461
v -0.234881 -0.185119 0.265119
v -0.461861 -0.170000 0.270000
v -0.228880 -0.169918 0.270481
v -0.465531 -0.149197 0.271023
v -0.224447 -0.152184 0.272184
v -0.469997 -0.129804 0.270002
v -0.214136 -0.130683 0.267516
v -0.470045 -0.109979 0.270008
v -0.208774 -0.110345 0.270138
v -0.464856 -0.092982 0.269874
v -0.205383 -0.089607 0.272783
v -0.453996 -0.068493 0.271507
v -0.202351 -0.070000 0.270000
v -0.448793 -0.050130 0.270177
v -0.204819 -0.047692 0.272308
v -0.444827 -0.031926 0.268074
v -0.208245 -0.029570 0.269771
v -0.430376 -0.009597 0.270781
v -0.215154 -0.012696 0.270145
v -0.410341 0.010059 0.270484
v -0.232943 0.007006 0.270133
v -0.389783 0.031207 0.271063
v -0.370000 0.039947 0.270000
v -0.268326 0.034653 0.271674
v -0.253620 0.027086 0.270451
v -0.347886 0.046472 0.270005
v -0.330022 0.049662 0.269701
v -0.309830 0.048859 0.270894
v -0.293112 0.044736 0.270204
v -0.400400 -0.297832 0.277655
v -0.382022 -0.301476 0.280062
v -0.359958 -0.300940 0.279650
v -0.341369 -0.295934 0.278631
v -0.420871 -0.280515 0.280742
v -0.319534 -0.279711 0.279901
v -0.440682 -0.261015 0.281162
v -0.302861 -0.256512 0.280047
v -0.455567 -0.238392 0.278392
v -0.292714 -0.242331 0.277669
v -0.284246 -0.235754 0.284246
v -0.459551 -0.219455 0.279768
v -0.276099 -0.224309 0.278798
v -0.461234 -0.199913 0.281594
v -0.255491 -0.204357 0.279935
v -0.463849 -0.180910 0.279290
v -0.237188 -0.183353 0.279850
v -0.465228 -0.162147 0.277853
v -0.227770 -0.160000 0.280000
v -0.469569 -0.140000 0.280000
v -0.222203 -0.138115 0.278271
v -0.473706 -0.120000 0.280000
v -0.215857 -0.120742 0.280518
v -0.469460 -0.100000 0.280000
v -0.209671 -0.100000 0.280000
v -0.458579 -0.080643 0.279471
v -0.205087 -0.077851 0.277851
v -0.446430 -0.057620 0.282380
v -0.204371 -0.059774 0.277201
v -0.441129 -0.038833 0.280838
v -0.206541 -0.040000 0.280000
v -0.435479 -0.021301 0.278699
v -0.211676 -0.020000 0.280000
v -0.417279 -0.003009 0.280327
v -0.223254 -0.003451 0.279967
v -0.400331 0.020727 0.281748
v -0.256946 0.022360 0.283177
v -0.241834 0.014226 0.278166
v -0.377882 0.036356 0.280128
v -0.361926 0.042589 0.279147
v -0.340000 0.049616 0.280000
v -0.297542 0.045788 0.282458
v -0.281452 0.037731 0.279442
v -0.320000 0.051340 0.280000
v -0.320000 0.060000 0.289743
v -0.408192 -0.283337 0.288192
v -0.391208 -0.291309 0.290139
v -0.369989 -0.292682 0.293018
v -0.348574 -0.291377 0.290517
v -0.331422 -0.285481 0.288578
v -0.427855 -0.268100 0.288005
v -0.413821 -0.273821 0.293821
v -0.312401 -0.267433 0.290204
v -0.444830 -0.248547 0.288547
v -0.434784 -0.254784 0.294784
v -0.294366 -0.245709 0.289904
v -0.451953 -0.231661 0.291107
v -0.273051 -0.226380 0.289657
v -0.458437 -0.210000 0.290000
v -0.264229 -0.212872 0.290278
v -0.254853 -0.205147 0.294853
v -0.463300 -0.190000 0.290000
v -0.245827 -0.194688 0.288473
v -0.468594 -0.170221 0.289767
v -0.232439 -0.169037 0.290234
v -0.469867 -0.149906 0.290109
v -0.227209 -0.149500 0.289530
v -0.473968 -0.129610 0.290250
v -0.224742 -0.132152 0.292152
v -0.474307 -0.110436 0.290156
v -0.214629 -0.108298 0.288298
v -0.466945 -0.094076 0.289900
v -0.210426 -0.089817 0.289907
v -0.451720 -0.069824 0.289080
v -0.206196 -0.069586 0.289747
v -0.440726 -0.050000 0.290000
v -0.205302 -0.051444 0.288957
v -0.431572 -0.029056 0.291349
v -0.207542 -0.027814 0.288544
v -0.425253 -0.014747 0.285253
v -0.416784 -0.007743 0.292257
v -0.212640 -0.011356 0.291254
v -0.407701 0.007099 0.290172
v -0.247950 0.013109 0.290552
v -0.232788 0.004810 0.290185
v -0.388303 0.028610 0.290135
v -0.370000 0.039374 0.290000
v -0.271449 0.027233 0.288165
v -0.350554 0.050804 0.289548
v -0.329777 0.054136 0.285864
v -0.308274 0.053373 0.288545
v -0.291886 0.043854 0.291886
v -0.330147 0.066075 0.293019
v -0.312172 0.067828 0.295744
v -0.398226 -0.279445 0.299251
v -0.379843 -0.282971 0.303102
v -0.360069 -0.283540 0.303854
v -0.338841 -0.281329 0.300511
v -0.321864 -0.273694 0.298136
v -0.421129 -0.260858 0.300729
v -0.315278 -0.264722 0.304722
v -0.304401 -0.255623 0.298598
v -0.440554 -0.240931 0.300722
v -0.282029 -0.238257 0.299916
v -0.453525 -0.217685 0.297685
v -0.263792 -0.215598 0.301418
v -0.458767 -0.198925 0.299784
v -0.246024 -0.196886 0.299936
v -0.465005 -0.182886 0.299703
v -0.237706 -0.181561 0.300710
v -0.471518 -0.160000 0.300000
v -0.231765 -0.160000 0.300000
v -0.472957 -0.140000 0.300000
v -0.227335 -0.140000 0.300000
v -0.475125 -0.120000 0.300000
v -0.222749 -0.120578 0.298787
v -0.470923 -0.100000 0.300000
v -0.217337 -0.102394 0.300456
v -0.458765 -0.079678 0.300128
v -0.210324 -0.080000 0.300000
v -0.443594 -0.055672 0.300076
v -0.203929 -0.058492 0.301508
v -0.434993 -0.042730 0.300149
v -0.200111 -0.039902 0.300039
v -0.422056 -0.019228 0.300679
v -0.199946 -0.020126 0.300612
v -0.410099 -0.000000 0.300000
v -0.240000 0.007747 0.300000
v -0.220393 -0.000554 0.300374
v -0.202404 -0.002404 0.307189
v -0.397091 0.017039 0.300264
v -0.275577 0.024088 0.301120
v -0.261680 0.015288 0.298320
v -0.376876 0.033969 0.300042
v -0.366843 0.042053 0.297947
v -0.286060 0.037816 0.297816
v -0.357581 0.058800 0.302213
v -0.342019 0.062019 0.293929
v -0.299197 0.061174 0.299489
v -0.340043 0.080068 0.299764
v -0.319594 0.080206 0.299130
v -0.301505 0.078495 0.305326
v -0.337867 0.097867 0.305195
v -0.322072 0.097928 0.304946
v -0.408850 -0.265517 0.305690
v -0.391530 -0.270188 0.311735
v -0.369899 -0.274101 0.314091
v -0.350142 -0.273705 0.313888
v -0.329412 -0.270791 0.310350
v -0.427426 -0.247557 0.307811
v -0.411721 -0.251721 0.316072
v -0.305557 -0.254004 0.309699
v -0.292176 -0.244404 0.307824
v -0.445816 -0.225816 0.305816
v -0.436761 -0.231914 0.311914
v -0.270363 -0.229569 0.309982
v -0.450175 -0.210379 0.310305
v -0.254374 -0.205411 0.310067
v -0.457054 -0.192440 0.312440
v -0.243651 -0.192280 0.312280
v -0.469104 -0.168994 0.309749
v -0.234847 -0.167045 0.310176
v -0.473159 -0.149744 0.310015
v -0.230270 -0.149819 0.310678
v -0.474189 -0.129816 0.309965
v -0.226428 -0.132286 0.309990
v -0.472525 -0.108762 0.309889
v -0.221205 -0.110000 0.310000
v -0.466770 -0.090188 0.311017
v -0.214084 -0.087657 0.310031
v -0.453608 -0.065676 0.308792
v -0.207675 -0.071647 0.309300
v -0.442931 -0.052285 0.312285
v -0.192520 -0.049236 0.313382
v -0.427891 -0.032709 0.310044
v -0.188223 -0.031597 0.308512
v -0.413195 -0.006132 0.309872
v -0.189052 -0.008856 0.308694
v -0.170000 -0.010000 0.318420
v -0.402940 0.007747 0.307747
v -0.394640 0.014640 0.314640
v -0.267150 0.015109 0.309526
v -0.250227 0.009585 0.309623
v -0.230841 0.006834 0.310575
v -0.209948 0.006397 0.313883
v -0.192174 0.007826 0.316416
v -0.385284 0.025262 0.308515
v -0.284392 0.033144 0.309930
v -0.368677 0.049049 0.310833
v -0.290555 0.050099 0.310222
v -0.365062 0.065062 0.314938
v -0.354850 0.071614 0.305445
v -0.293265 0.070162 0.311781
v -0.350631 0.092011 0.308492
v -0.330000 0.090000 0.301920
v -0.307926 0.090522 0.306573
v -0.294950 0.085050 0.314950
v -0.346687 0.110166 0.311737
v -0.329977 0.111255 0.307954
v -0.311272 0.108552 0.311438
v -0.347749 0.127749 0.317042
v -0.330116 0.130883 0.313240
v -0.312086 0.127914 0.315810
v -0.330000 0.150000 0.317708
v -0.398758 -0.258416 0.318538
v -0.379830 -0.262681 0.322447
v -0.359973 -0.264255 0.324003
v -0.340144 -0.263320 0.323391
v -0.320861 -0.260002 0.319360
v -0.419989 -0.239990 0.319997
v -0.297107 -0.245267 0.319636
v -0.282230 -0.238446 0.320153
v -0.439046 -0.219371 0.319752
v -0.262353 -0.216966 0.319881
v -0.446977 -0.202224 0.322224
v -0.251000 -0.200000 0.320000
v -0.460197 -0.180093 0.320098
v -0.239917 -0.180005 0.320679
v -0.469717 -0.160000 0.320000
v -0.233411 -0.160000 0.320000
v -0.473927 -0.140000 0.320000
v -0.227515 -0.140000 0.320000
v -0.474069 -0.120000 0.320000
v -0.223090 -0.120604 0.319865
v -0.470778 -0.100000 0.320000
v -0.218348 -0.100834 0.320043
v -0.462782 -0.076272 0.320090
v -0.209944 -0.080000 0.320000
v -0.453965 -0.063231 0.319927
v -0.198100 -0.060739 0.318371
v -0.436040 -0.044197 0.319930
v -0.179790 -0.040415 0.319663
v -0.419714 -0.020097 0.319406
v -0.176965 -0.019840 0.314321
v -0.163904 -0.020335 0.323368
v -0.403494 0.003701 0.319707
v -0.240000 0.009050 0.320000
v -0.179504 0.002247 0.316996
v -0.164205 0.000228 0.322867
v -0.386533 0.022336 0.317664
v -0.279244 0.020884 0.320448
v -0.260000 0.010282 0.320000
v -0.220000 0.010662 0.320000
v -0.200235 0.014336 0.322914
v -0.179757 0.017098 0.325930
v -0.378197 0.038642 0.320325
v -0.287270 0.040000 0.320000
v -0.370156 0.060000 0.320000
v -0.289343 0.060000 0.320000
v -0.362076 0.079796 0.317521
v -0.291565 0.080000 0.320000
v -0.359533 0.099345 0.319961
v -0.297902 0.099780 0.317749
v -0.356558 0.120235 0.323517
v -0.340000 0.120000 0.311219
v -0.320000 0.120000 0.310906
v -0.300827 0.118954 0.320797
v -0.341139 0.141866 0.318272
v -0.317924 0.140382 0.317471
v -0.302732 0.140451 0.325571
v -0.339795 0.159181 0.323343
v -0.320282 0.158287 0.321658
v -0.340000 0.180000 0.327248
v -0.320000 0.180000 0.327921
v -0.405431 -0.245431 0.325431
v -0.389383 -0.249907 0.329542
v -0.369908 -0.252537 0.332168
v -0.349983 -0.253422 0.333075
v -0.330114 -0.252580 0.332546
v -0.311669 -0.248242 0.329375
v -0.428132 -0.228132 0.323229
v -0.411482 -0.231053 0.332143
v -0.287570 -0.236915 0.332430
v -0.271065 -0.229087 0.330140
v -0.431169 -0.211589 0.332570
v -0.255710 -0.206802 0.329971
v -0.448943 -0.189208 0.329716
v -0.247720 -0.193012 0.329930
v -0.465346 -0.165346 0.325346
v -0.456993 -0.172127 0.332127
v -0.235023 -0.166995 0.329848
v -0.469297 -0.149062 0.329396
v -0.229570 -0.150203 0.330465
v -0.472420 -0.129920 0.330559
v -0.225740 -0.132592 0.329924
v -0.472046 -0.110167 0.330762
v -0.220781 -0.110000 0.330000
v -0.468751 -0.091394 0.329672
v -0.212948 -0.086258 0.330091
v -0.456180 -0.068024 0.331976
v -0.203899 -0.073032 0.330146
v -0.194961 -0.065039 0.334961
v -0.445615 -0.054790 0.328522
v -0.185630 -0.054104 0.328815
v -0.173905 -0.046095 0.333905
v -0.427496 -0.032838 0.330059
v -0.166941 -0.033091 0.327247
v -0.153896 -0.026104 0.333896
v -0.409820 -0.010050 0.329796
v -0.150042 -0.009951 0.330132
v -0.392182 0.012804 0.329827
v -0.270790 0.009879 0.329264
v -0.249543 0.009573 0.330038
v -0.230411 0.011915 0.327964
v -0.212248 0.016022 0.327752
v -0.167943 0.012057 0.324248
v -0.149815 0.010347 0.330960
v -0.384574 0.026718 0.329993
v -0.287121 0.030659 0.330568
v -0.190000 0.020438 0.330000
v -0.169982 0.023611 0.333144
v -0.376087 0.052356 0.327644
v -0.288077 0.049969 0.329949
v -0.372389 0.069784 0.329579
v -0.288644 0.069971 0.328977
v -0.369446 0.089153 0.330521
v -0.289921 0.090116 0.329974
v -0.366098 0.110282 0.332076
v -0.292250 0.109170 0.331709
v -0.357111 0.132325 0.327675
v -0.294765 0.130189 0.332564
v -0.352581 0.149834 0.327639
v -0.305897 0.151247 0.326482
v -0.349929 0.170679 0.329498
v -0.330047 0.172996 0.324982
v -0.310213 0.170267 0.328776
v -0.350406 0.189105 0.331995
v -0.330629 0.190596 0.329231
v -0.312093 0.190361 0.333817
v -0.347306 0.210412 0.334803
v -0.330772 0.209496 0.333134
v -0.330000 0.230000 0.337877
v -0.398125 -0.238125 0.334128
v -0.378630 -0.239865 0.339317
v -0.360784 -0.240223 0.341666
v -0.339990 -0.242198 0.341893
v -0.318210 -0.241187 0.341119
v -0.299782 -0.238171 0.337526
v -0.419175 -0.216195 0.337312
v -0.401634 -0.222790 0.342167
v -0.277807 -0.226893 0.342193
v -0.263143 -0.216848 0.339138
v -0.435764 -0.199031 0.336398
v -0.421547 -0.201547 0.344659
v -0.253380 -0.202385 0.342385
v -0.440818 -0.181826 0.342263
v -0.240482 -0.180120 0.340078
v -0.458535 -0.158763 0.338448
v -0.232251 -0.160000 0.340000
v -0.462673 -0.139768 0.342747
v -0.228559 -0.140000 0.340000
v -0.464532 -0.121612 0.344645
v -0.224404 -0.120482 0.337246
v -0.464203 -0.100205 0.344388
v -0.220548 -0.100015 0.339602
v -0.460322 -0.080044 0.339941
v -0.215413 -0.084587 0.344587
v -0.209863 -0.080000 0.340000
v -0.200000 -0.070406 0.340000
v -0.442437 -0.057154 0.341052
v -0.183836 -0.056471 0.339665
v -0.433650 -0.042157 0.337843
v -0.160495 -0.037943 0.341763
v -0.417139 -0.023009 0.340596
v -0.140776 -0.019213 0.341792
v -0.398605 -0.000356 0.338829
v -0.278829 0.003763 0.344168
v -0.261896 0.004863 0.341895
v -0.135973 0.000080 0.337057
v -0.121845 0.001845 0.345106
v -0.385627 0.022338 0.342338
v -0.286720 0.017647 0.337647
v -0.240000 0.012043 0.340000
v -0.219590 0.018609 0.340633
v -0.200745 0.022764 0.338258
v -0.182327 0.026558 0.337673
v -0.158520 0.024752 0.335698
v -0.139212 0.020659 0.339077
v -0.122097 0.017903 0.345572
v -0.379885 0.039968 0.340758
v -0.289531 0.040000 0.340000
v -0.375606 0.057197 0.340169
v -0.288148 0.060000 0.340000
v -0.374266 0.080000 0.340000
v -0.287681 0.080000 0.340000
v -0.372481 0.100000 0.340000
v -0.288580 0.100000 0.340000
v -0.367184 0.122457 0.337543
v -0.290267 0.120000 0.340000
v -0.363302 0.139860 0.336454
v -0.293610 0.142400 0.337600
v -0.362812 0.160965 0.339203
v -0.297107 0.159806 0.336863
v -0.361940 0.179720 0.340131
v -0.299749 0.179956 0.340148
v -0.359259 0.198648 0.340328
v -0.340000 0.200000 0.330830
v -0.317866 0.202134 0.334225
v -0.303889 0.200385 0.343848
v -0.354511 0.220357 0.342428
v -0.339880 0.222696 0.335483
v -0.320039 0.220356 0.339054
v -0.339732 0.240591 0.339183
v -0.322125 0.240375 0.343885
v -0.338271 0.258271 0.344306
v -0.388032 -0.228032 0.344236
v -0.370093 -0.227873 0.348404
v -0.350185 -0.230409 0.348890
v -0.329957 -0.229945 0.350268
v -0.310449 -0.230018 0.349178
v -0.289747 -0.227147 0.347100
v -0.409448 -0.208012 0.347025
v -0.392058 -0.211206 0.351986
v -0.372434 -0.212434 0.356423
v -0.350000 -0.210000 0.359855
v -0.290000 -0.210000 0.358957
v -0.268392 -0.212571 0.350784
v -0.427109 -0.188379 0.347944
v -0.409308 -0.192581 0.354278
v -0.249426 -0.191320 0.351288
v -0.448036 -0.168036 0.343293
v -0.431588 -0.170603 0.352696
v -0.236894 -0.167515 0.347515
v -0.449963 -0.149824 0.349864
v -0.430000 -0.150000 0.359529
v -0.232937 -0.150230 0.348297
v -0.453074 -0.129879 0.352515
v -0.230742 -0.128782 0.349761
v -0.465281 -0.114719 0.345281
v -0.453925 -0.110020 0.353159
v -0.228182 -0.110568 0.350694
v -0.451941 -0.088181 0.351634
v -0.223610 -0.092059 0.352059
v -0.446854 -0.069375 0.346699
v -0.432393 -0.067607 0.356773
v -0.207278 -0.075363 0.349768
v -0.194448 -0.066291 0.350012
v -0.430704 -0.048838 0.350810
v -0.170164 -0.049252 0.350290
v -0.425396 -0.034604 0.345396
v -0.412731 -0.028964 0.352334
v -0.148309 -0.031481 0.349163
v -0.406027 -0.013973 0.346027
v -0.394440 -0.008749 0.354022
v -0.270000 -0.000322 0.350000
v -0.127073 -0.010881 0.347457
v -0.113951 -0.006049 0.353951
v -0.388086 0.008578 0.348385
v -0.290329 0.009188 0.348737
v -0.248809 0.008283 0.349484
v -0.232953 0.015148 0.350036
v -0.130000 0.010000 0.340254
v -0.110213 0.010342 0.350781
v -0.382715 0.030000 0.350000
v -0.291987 0.029990 0.346381
v -0.208474 0.025866 0.351526
v -0.190714 0.030639 0.349609
v -0.169822 0.033742 0.345584
v -0.150113 0.034507 0.345544
v -0.128083 0.030979 0.348229
v -0.110545 0.029432 0.353964
v -0.376192 0.050000 0.350000
v -0.290785 0.050652 0.349432
v -0.373439 0.070824 0.349175
v -0.288471 0.070099 0.351536
v -0.372732 0.089653 0.349989
v -0.287126 0.090099 0.350164
v -0.372173 0.109900 0.348497
v -0.286980 0.109996 0.350442
v -0.370944 0.129947 0.350369
v -0.288087 0.129950 0.349417
v -0.368308 0.148640 0.349799
v -0.288928 0.149954 0.349836
v -0.366320 0.167973 0.352026
v -0.290593 0.168458 0.350360
v -0.363547 0.190000 0.350000
v -0.293897 0.190317 0.352133
v -0.360286 0.210000 0.350000
v -0.306182 0.211188 0.346217
v -0.353705 0.231550 0.345604
v -0.309849 0.230411 0.349857
v -0.351164 0.251513 0.349035
v -0.327825 0.252175 0.344165
v -0.313993 0.250295 0.353865
v -0.346349 0.271149 0.353651
v -0.330647 0.270187 0.348865
v -0.330000 0.290000 0.357476
v -0.380000 -0.220000 0.351131
v -0.360172 -0.217428 0.355488
v -0.340032 -0.215995 0.357315
v -0.319983 -0.216054 0.357419
v -0.299906 -0.217741 0.355966
v -0.282350 -0.217650 0.352682
v -0.398472 -0.198472 0.355817
v -0.380098 -0.200022 0.360209
v -0.360765 -0.201557 0.362355
v -0.339962 -0.202102 0.363592
v -0.320034 -0.202051 0.363493
v -0.299096 -0.201835 0.362699
v -0.279317 -0.200137 0.361083
v -0.262255 -0.200898 0.355763
v -0.417363 -0.180693 0.355651
v -0.400370 -0.180316 0.361742
v -0.382237 -0.182237 0.365662
v -0.360000 -0.180000 0.369855
v -0.300000 -0.180000 0.369868
v -0.280000 -0.180000 0.367200
v -0.258827 -0.181893 0.361697
v -0.244362 -0.175638 0.355638
v -0.437832 -0.157832 0.353861
v -0.420085 -0.160283 0.360818
v -0.402476 -0.162477 0.366347
v -0.257603 -0.162397 0.366028
v -0.241903 -0.160117 0.358159
v -0.438759 -0.139376 0.358054
v -0.422586 -0.139681 0.364313
v -0.239537 -0.140075 0.359912
v -0.440007 -0.119127 0.360085
v -0.420000 -0.120000 0.367128
v -0.238356 -0.119947 0.361570
v -0.440015 -0.099967 0.359774
v -0.420000 -0.100000 0.367208
v -0.236514 -0.099633 0.363213
v -0.438460 -0.080813 0.357349
v -0.422465 -0.080302 0.364138
v -0.220063 -0.079938 0.359918
v -0.420006 -0.059728 0.360876
v -0.400000 -0.060000 0.367922
v -0.200000 -0.068874 0.360000
v -0.182337 -0.058138 0.360104
v -0.418469 -0.041531 0.354925
v -0.401415 -0.037971 0.361972
v -0.156879 -0.042492 0.360185
v -0.142155 -0.033190 0.362155
v -0.398460 -0.020625 0.357048
v -0.382092 -0.017908 0.365659
v -0.297600 -0.017600 0.366131
v -0.282398 -0.017602 0.366766
v -0.135210 -0.024790 0.355210
v -0.121113 -0.017584 0.361480
v -0.382721 -0.000125 0.362719
v -0.299962 0.000702 0.360115
v -0.279963 -0.005819 0.357274
v -0.259899 -0.000165 0.359830
v -0.100331 0.000476 0.360619
v -0.381420 0.019700 0.360019
v -0.300471 0.020745 0.359988
v -0.240000 0.011546 0.360000
v -0.221148 0.022146 0.359312
v -0.096664 0.019983 0.357789
v -0.082718 0.019798 0.364516
v -0.380274 0.040490 0.360240
v -0.297573 0.039212 0.360953
v -0.197897 0.034047 0.362103
v -0.180107 0.039457 0.359763
v -0.159852 0.042851 0.356551
v -0.140049 0.043977 0.355889
v -0.120137 0.042622 0.357675
v -0.101261 0.039124 0.361082
v -0.082305 0.037695 0.366159
v -0.377743 0.060283 0.359373
v -0.293397 0.057515 0.362485
v -0.375275 0.080266 0.362361
v -0.287854 0.080000 0.360000
v -0.370128 0.100000 0.360000
v -0.285340 0.102488 0.362488
v -0.368912 0.120000 0.360000
v -0.284749 0.119898 0.363026
v -0.366064 0.142441 0.362441
v -0.284890 0.140003 0.363036
v -0.364258 0.159791 0.362523
v -0.285564 0.157576 0.362424
v -0.363165 0.179618 0.359335
v -0.288156 0.180000 0.360000
v -0.360236 0.200257 0.359365
v -0.293753 0.202203 0.357797
v -0.357081 0.219368 0.359536
v -0.298736 0.221405 0.359575
v -0.354625 0.237615 0.357616
v -0.302734 0.240254 0.363350
v -0.350424 0.260000 0.360000
v -0.315613 0.261461 0.355631
v -0.341041 0.282884 0.358818
v -0.318620 0.280606 0.357327
v -0.336822 0.296822 0.363178
v -0.320736 0.296179 0.362102
v -0.330000 -0.210000 0.360417
v -0.310000 -0.210000 0.360013
v -0.390000 -0.190000 0.361415
v -0.370291 -0.187648 0.366140
v -0.350169 -0.189339 0.367703
v -0.329988 -0.189561 0.368375
v -0.309903 -0.189292 0.367734
v -0.289766 -0.187843 0.366495
v -0.272483 -0.187517 0.363913
v -0.410000 -0.170000 0.361879
v -0.389565 -0.169677 0.367902
v -0.371019 -0.170509 0.371027
v -0.349772 -0.169355 0.373424
v -0.329992 -0.172143 0.373510
v -0.310224 -0.169366 0.373418
v -0.289121 -0.170535 0.370965
v -0.269412 -0.170595 0.367183
v -0.250000 -0.170000 0.361073
v -0.409641 -0.149188 0.366795
v -0.390837 -0.151190 0.371379
v -0.370993 -0.150946 0.374680
v -0.350000 -0.150000 0.376998
v -0.330000 -0.150000 0.377577
v -0.310000 -0.150000 0.376971
v -0.289021 -0.150942 0.374691
v -0.269472 -0.150895 0.371025
v -0.252211 -0.150252 0.366239
v -0.427591 -0.127591 0.364190
v -0.409699 -0.130064 0.369363
v -0.390590 -0.130997 0.373852
v -0.370000 -0.130000 0.376937
v -0.350000 -0.130000 0.378722
v -0.330000 -0.130000 0.378738
v -0.310000 -0.130000 0.378018
v -0.290000 -0.130000 0.376700
v -0.270556 -0.129821 0.373714
v -0.251089 -0.129161 0.368077
v -0.426943 -0.110002 0.364905
v -0.410119 -0.109856 0.370290
v -0.392766 -0.110004 0.374479
v -0.370000 -0.110000 0.377782
v -0.350000 -0.110000 0.378825
v -0.330000 -0.110000 0.378899
v -0.310000 -0.110000 0.378133
v -0.290000 -0.110000 0.376843
v -0.267398 -0.109884 0.374139
v -0.250007 -0.109606 0.369460
v -0.427534 -0.092466 0.363953
v -0.409761 -0.089941 0.369483
v -0.390539 -0.088954 0.373901
v -0.370000 -0.090000 0.377470
v -0.350000 -0.090000 0.378765
v -0.330000 -0.090000 0.378326
v -0.310000 -0.090000 0.377496
v -0.290000 -0.090000 0.376725
v -0.267785 -0.092215 0.374853
v -0.249327 -0.089660 0.372042
v -0.231137 -0.085693 0.365801
v -0.409682 -0.070839 0.366834
v -0.391010 -0.070181 0.371879
v -0.372320 -0.067680 0.375254
v -0.350000 -0.070000 0.377590
v -0.330000 -0.070000 0.377100
v -0.310000 -0.070000 0.375804
v -0.290000 -0.070000 0.375638
v -0.270000 -0.070000 0.376238
v -0.250000 -0.070000 0.379171
v -0.228006 -0.071994 0.376908
v -0.210634 -0.070746 0.369367
v -0.192473 -0.062783 0.367527
v -0.407583 -0.052417 0.363714
v -0.389725 -0.050678 0.369088
v -0.370588 -0.049075 0.373787
v -0.350000 -0.050000 0.376065
v -0.327756 -0.047756 0.374932
v -0.310195 -0.050365 0.373721
v -0.289678 -0.050282 0.373843
v -0.270000 -0.050000 0.379301
v -0.170332 -0.049076 0.369704
v -0.150000 -0.040462 0.370000
v -0.387490 -0.029668 0.365706
v -0.370593 -0.030049 0.371857
v -0.350000 -0.030000 0.375988
v -0.327441 -0.030119 0.374051
v -0.310095 -0.029104 0.370852
v -0.289951 -0.029916 0.370343
v -0.272224 -0.027776 0.377060
v -0.130474 -0.029009 0.370234
v -0.370729 -0.010519 0.371553
v -0.350000 -0.010000 0.379752
v -0.327793 -0.012207 0.375509
v -0.311287 -0.010489 0.368324
v -0.290000 -0.010000 0.360824
v -0.269024 -0.011913 0.369296
v -0.107014 -0.012433 0.369157
v -0.091698 -0.003467 0.371698
v -0.373200 0.010179 0.373340
v -0.311128 0.011582 0.368979
v -0.245623 0.006166 0.370289
v -0.232917 0.015403 0.369845
v -0.088156 0.008156 0.364357
v -0.071189 0.011550 0.372720
v -0.376392 0.027567 0.372433
v -0.308058 0.030237 0.372136
v -0.209866 0.030363 0.370000
v -0.090000 0.030000 0.361370
v -0.069894 0.029838 0.369404
v -0.050000 0.030000 0.377505
v -0.379523 0.050000 0.370000
v -0.299463 0.050000 0.370000
v -0.190000 0.040698 0.370000
v -0.168334 0.048636 0.370900
v -0.150772 0.052360 0.369009
v -0.129986 0.053221 0.366559
v -0.110102 0.052672 0.367493
v -0.090010 0.049965 0.369927
v -0.069453 0.047520 0.374209
v -0.380352 0.070000 0.370000
v -0.291644 0.072134 0.369787
v -0.376411 0.092170 0.367830
v -0.287898 0.090251 0.371196
v -0.371301 0.111513 0.370310
v -0.284909 0.107761 0.372239
v -0.367307 0.130342 0.371038
v -0.283450 0.130000 0.370000
v -0.362804 0.150000 0.370000
v -0.283461 0.150000 0.370000
v -0.360605 0.170000 0.370000
v -0.285165 0.169817 0.367015
v -0.358468 0.190000 0.370000
v -0.287072 0.190796 0.367808
v -0.354940 0.212084 0.372084
v -0.289631 0.210196 0.369976
v -0.353126 0.229558 0.369332
v -0.293981 0.230410 0.372266
v -0.350184 0.250198 0.370193
v -0.303230 0.252319 0.367681
v -0.346737 0.270697 0.370146
v -0.307925 0.269867 0.367510
v -0.342451 0.290000 0.370000
v -0.309690 0.290425 0.369937
v -0.329763 0.310017 0.369666
v -0.312028 0.310727 0.374041
v -0.340000 -0.180000 0.371207
v -0.320000 -0.180000 0.371272
v -0.380000 -0.160000 0.371952
v -0.357846 -0.157846 0.375153
v -0.338845 -0.159514 0.376175
v -0.321165 -0.159504 0.376126
v -0.302154 -0.157846 0.375162
v -0.280000 -0.160000 0.371723
v -0.400000 -0.140000 0.370917
v -0.377884 -0.137884 0.375305
v -0.360238 -0.140233 0.377077
v -0.340025 -0.140104 0.378345
v -0.319948 -0.140090 0.378118
v -0.299782 -0.140187 0.376973
v -0.282163 -0.137837 0.375226
v -0.260000 -0.140000 0.370254
v -0.400000 -0.120000 0.372676
v -0.380449 -0.120157 0.376243
v -0.360106 -0.120040 0.378220
v -0.340002 -0.120006 0.379010
v -0.319957 -0.120008 0.378595
v -0.299865 -0.120014 0.377453
v -0.280715 -0.118814 0.375831
v -0.260000 -0.120000 0.372057
v -0.400000 -0.100000 0.372675
v -0.380473 -0.099875 0.376397
v -0.360074 -0.099986 0.378590
v -0.339991 -0.099985 0.378858
v -0.319945 -0.099958 0.378301
v -0.299894 -0.099964 0.377487
v -0.279687 -0.100064 0.376018
v -0.260000 -0.100000 0.373185
v -0.400000 -0.080000 0.370883
v -0.377213 -0.079802 0.375621
v -0.360155 -0.079859 0.377732
v -0.339964 -0.079905 0.378141
v -0.319875 -0.079830 0.377233
v -0.299939 -0.079800 0.376466
v -0.279926 -0.079991 0.375994
v -0.261306 -0.079181 0.375719
v -0.239865 -0.075348 0.376063
v -0.380000 -0.060000 0.373118
v -0.360333 -0.059709 0.375928
v -0.339915 -0.059777 0.376656
v -0.321011 -0.060916 0.375697
v -0.299977 -0.063268 0.374893
v -0.279201 -0.061241 0.375982
v -0.260657 -0.060628 0.380551
v -0.239713 -0.062932 0.385726
v -0.220000 -0.068897 0.380000
v -0.198753 -0.061761 0.381576
v -0.182319 -0.052848 0.377681
v -0.380000 -0.040000 0.370337
v -0.356952 -0.039986 0.375246
v -0.339792 -0.039896 0.375654
v -0.320000 -0.040000 0.373341
v -0.300000 -0.040000 0.371827
v -0.275671 -0.039926 0.376598
v -0.262804 -0.039839 0.385664
v -0.159686 -0.039814 0.380310
v -0.141531 -0.036160 0.378469
v -0.357298 -0.020340 0.375560
v -0.339700 -0.020312 0.376919
v -0.320000 -0.020000 0.371949
v -0.262499 -0.018701 0.382691
v -0.117343 -0.024891 0.380418
v -0.101424 -0.016891 0.381863
v -0.359980 -0.000017 0.380133
v -0.339386 -0.000791 0.382105
v -0.322664 -0.000434 0.375206
v -0.255781 -0.004219 0.375781
v -0.244328 0.003984 0.381241
v -0.078382 -0.000926 0.378691
v -0.063714 0.003714 0.383714
v -0.364300 0.018709 0.383902
v -0.319995 0.019992 0.379999
v -0.222664 0.022310 0.379964
v -0.056676 0.018587 0.377607
v -0.041469 0.021469 0.385977
v -0.376272 0.039801 0.377839
v -0.313209 0.037953 0.382047
v -0.304650 0.044650 0.375350
v -0.198482 0.038873 0.379908
v -0.182430 0.046693 0.377570
v -0.057366 0.039696 0.375444
v -0.039787 0.039847 0.382003
v -0.379632 0.060315 0.380104
v -0.300361 0.060322 0.379805
v -0.160603 0.056316 0.382235
v -0.141130 0.060885 0.379599
v -0.119960 0.062390 0.377318
v -0.100059 0.062495 0.377513
v -0.079097 0.060134 0.379438
v -0.059813 0.057188 0.381954
v -0.042324 0.057676 0.386457
v -0.381746 0.080116 0.379031
v -0.294565 0.078056 0.381944
v -0.382015 0.100001 0.379692
v -0.287552 0.100000 0.380000
v -0.378778 0.118422 0.381673
v -0.283717 0.120842 0.379031
v -0.365803 0.142207 0.377793
v -0.282396 0.139916 0.379925
v -0.361004 0.161673 0.379759
v -0.282391 0.160050 0.379760
v -0.358691 0.180139 0.380033
v -0.283416 0.180204 0.379479
v -0.355801 0.199256 0.378920
v -0.284104 0.200214 0.382593
v -0.352266 0.220000 0.380000
v -0.288191 0.220000 0.380000
v -0.349639 0.240000 0.380000
v -0.294477 0.242025 0.377975
v -0.346904 0.260000 0.380000
v -0.298972 0.261492 0.379513
v -0.343524 0.280604 0.380806
v -0.302302 0.279182 0.381044
v -0.338854 0.300409 0.379355
v -0.304683 0.300202 0.382685
v -0.320040 0.322088 0.377989
v -0.227693 -0.063128 0.387693
v -0.212473 -0.063204 0.387527
v -0.250450 -0.050444 0.390720
v -0.234791 -0.054791 0.394791
v -0.185817 -0.053430 0.389814
v -0.173093 -0.044047 0.390068
v -0.254844 -0.031579 0.394909
v -0.150132 -0.029848 0.389902
v -0.129656 -0.028364 0.389067
v -0.110000 -0.022500 0.390000
v -0.251157 -0.009378 0.390684
v -0.088737 -0.011972 0.390422
v -0.070000 -0.003390 0.390000
v -0.350214 0.012746 0.388001
v -0.331880 0.011880 0.384467
v -0.232486 0.012404 0.389825
v -0.049422 0.009627 0.390013
v -0.366558 0.029624 0.386737
v -0.349726 0.027136 0.395280
v -0.329054 0.028839 0.391663
v -0.209323 0.031471 0.391045
v -0.029299 0.028984 0.389306
v -0.372192 0.047985 0.390962
v -0.311911 0.051490 0.389523
v -0.186157 0.047168 0.389859
v -0.172502 0.054375 0.390276
v -0.050000 0.050000 0.380990
v -0.028234 0.051553 0.388319
v -0.012113 0.050105 0.393745
v -0.379708 0.070000 0.390000
v -0.306411 0.068861 0.394203
v -0.148201 0.064953 0.391799
v -0.129700 0.069341 0.389751
v -0.110806 0.071819 0.389668
v -0.090016 0.071722 0.388181
v -0.068473 0.070027 0.389124
v -0.049910 0.068300 0.391378
v -0.029651 0.067378 0.394720
v -0.010000 0.070000 0.399733
v -0.383545 0.090000 0.390000
v -0.293462 0.089577 0.388005
v -0.384821 0.112418 0.392418
v -0.288438 0.109283 0.390310
v -0.376996 0.132126 0.387874
v -0.284553 0.127773 0.392226
v -0.369248 0.149870 0.389900
v -0.281919 0.150000 0.390000
v -0.363611 0.167702 0.392298
v -0.281641 0.170000 0.390000
v -0.357508 0.190000 0.390000
v -0.282122 0.190000 0.390000
v -0.354110 0.210715 0.388972
v -0.284738 0.212202 0.387798
v -0.350577 0.230521 0.390034
v -0.287600 0.229648 0.389169
v -0.347300 0.250342 0.390087
v -0.291466 0.249521 0.390140
v -0.344717 0.267683 0.387683
v -0.294538 0.270320 0.392634
v -0.340187 0.290000 0.390000
v -0.299741 0.290000 0.390000
v -0.334868 0.312923 0.389982
v -0.303657 0.312381 0.387619
v -0.328100 0.329261 0.390225
v -0.308777 0.331436 0.387652
v -0.220130 -0.056717 0.396417
v -0.199515 -0.055519 0.397355
v -0.241031 -0.041113 0.401777
v -0.177604 -0.046578 0.402396
v -0.163917 -0.036389 0.399954
v -0.255039 -0.024961 0.395039
v -0.244830 -0.020087 0.404755
v -0.140678 -0.019056 0.399527
v -0.119987 -0.017756 0.397223
v -0.101492 -0.014236 0.398508
v -0.239996 -0.000063 0.399914
v -0.097912 -0.002088 0.405902
v -0.079326 -0.002829 0.401087
v -0.060191 0.001705 0.398673
v -0.340000 0.020000 0.391752
v -0.220249 0.020361 0.401169
v -0.036550 0.017085 0.401592
v -0.020000 0.028830 0.400000
v -0.358866 0.040888 0.398685
v -0.338392 0.039197 0.401765
v -0.321772 0.041772 0.393553
v -0.198765 0.038940 0.400032
v -0.017825 0.037825 0.393350
v -0.005528 0.041625 0.401625
v -0.373253 0.062087 0.397913
v -0.362232 0.057768 0.407220
v -0.319358 0.058585 0.401931
v -0.180000 0.051558 0.400000
v -0.160726 0.061218 0.398531
v -0.017850 0.062150 0.394356
v 0.000086 0.059779 0.399826
v -0.379794 0.080304 0.399610
v -0.302984 0.079577 0.396482
v -0.137524 0.073215 0.402475
v -0.120189 0.078148 0.403108
v -0.099576 0.079688 0.399871
v -0.079754 0.081477 0.400537
v -0.059908 0.080056 0.400023
v -0.039957 0.078577 0.401320
v -0.019893 0.076971 0.402402
v -0.001950 0.078050 0.405314
v -0.383346 0.100267 0.399679
v -0.297938 0.098112 0.400898
v -0.384804 0.119902 0.400098
v -0.288975 0.120000 0.400000
v -0.382456 0.141074 0.399955
v -0.283819 0.139818 0.397606
v -0.376616 0.160550 0.403455
v -0.282889 0.159707 0.400511
v -0.362885 0.179725 0.398416
v -0.281770 0.179956 0.400113
v -0.358633 0.199168 0.400243
v -0.281947 0.200086 0.399943
v -0.354845 0.217923 0.402077
v -0.283563 0.219179 0.400793
v -0.349731 0.240000 0.400000
v -0.286730 0.240000 0.400000
v -0.345115 0.263244 0.400005
v -0.290057 0.260000 0.400000
v -0.341195 0.280775 0.399983
v -0.294474 0.282114 0.397886
v -0.336900 0.300545 0.400182
v -0.297705 0.299892 0.396693
v -0.332456 0.320000 0.400000
v -0.297703 0.319875 0.400189
v -0.321057 0.342309 0.398642
v -0.299457 0.340257 0.400050
v -0.228045 -0.048045 0.403537
v -0.210074 -0.048420 0.408285
v -0.189790 -0.048408 0.407581
v -0.170000 -0.040890 0.410000
v -0.231371 -0.031897 0.412595
v -0.152903 -0.027112 0.409876
v -0.234126 -0.010140 0.414166
v -0.130763 -0.008781 0.409296
v -0.109747 -0.005494 0.406144
v -0.228506 0.008065 0.408835
v -0.106138 0.006138 0.413862
v -0.090075 0.008632 0.411164
v -0.070088 0.010004 0.409965
v -0.049476 0.014182 0.408034
v -0.208677 0.028713 0.410109
v -0.047764 0.027764 0.416594
v -0.028400 0.028021 0.410746
v -0.012027 0.035415 0.407973
v -0.349538 0.050227 0.408848
v -0.330764 0.053543 0.407529
v -0.186114 0.046759 0.410129
v -0.173040 0.055538 0.409893
v 0.007045 0.054459 0.411257
v -0.369259 0.070577 0.410074
v -0.326007 0.068948 0.413333
v -0.313977 0.073977 0.406023
v -0.150339 0.068696 0.409814
v -0.130000 0.078587 0.410000
v 0.011877 0.069837 0.408623
v -0.376008 0.087929 0.412071
v -0.309630 0.088892 0.410666
v -0.107901 0.084555 0.412099
v -0.090129 0.087788 0.413503
v -0.070028 0.088889 0.411543
v -0.049992 0.088774 0.411482
v -0.030004 0.088442 0.411641
v -0.009982 0.088206 0.411596
v 0.010319 0.086169 0.412485
v -0.382852 0.110000 0.410000
v -0.296276 0.112014 0.407986
v -0.386061 0.130024 0.410024
v -0.290599 0.130830 0.409647
v -0.386242 0.149683 0.412308
v -0.287365 0.149215 0.411485
v -0.385162 0.165162 0.414838
v -0.373478 0.170946 0.406471
v -0.284770 0.167901 0.412099
v -0.369110 0.187882 0.411064
v -0.282478 0.190000 0.410000
v -0.359456 0.210000 0.410000
v -0.282490 0.210000 0.410000
v -0.353515 0.230691 0.409379
v -0.284484 0.232428 0.407572
v -0.349209 0.249503 0.410562
v -0.286299 0.249680 0.410394
v -0.344889 0.267862 0.412138
v -0.288745 0.269905 0.409446
v -0.338989 0.290000 0.410000
v -0.290994 0.288904 0.410478
v -0.333803 0.312354 0.409910
v -0.292163 0.309190 0.411861
v -0.328932 0.329754 0.409933
v -0.292842 0.330021 0.411659
v -0.311647 0.353262 0.406539
v -0.295183 0.350558 0.412554
v -0.218603 -0.038603 0.415431
v -0.200644 -0.040674 0.419897
v -0.179685 -0.041235 0.419932
v -0.162600 -0.035567 0.420426
v -0.222671 -0.021789 0.422317
v -0.142040 -0.017794 0.419857
v -0.222578 0.001849 0.422596
v -0.121139 0.002216 0.418510
v -0.215303 0.018608 0.418608
v -0.098703 0.015700 0.421297
v -0.081723 0.020328 0.419277
v -0.059741 0.023768 0.416814
v -0.196448 0.036654 0.420315
v -0.180000 0.049792 0.420000
v -0.055479 0.035479 0.424521
v -0.040157 0.038009 0.421722
v -0.022180 0.040380 0.418080
v -0.004105 0.044105 0.415895
v -0.355293 0.064707 0.415293
v -0.339722 0.064152 0.416850
v -0.162391 0.061940 0.419976
v -0.000365 0.055677 0.424003
v 0.011981 0.060000 0.420000
v 0.020000 0.067624 0.420000
v -0.360688 0.079317 0.421085
v -0.340160 0.077600 0.424371
v -0.322236 0.080883 0.418280
v -0.137847 0.076290 0.419828
v -0.122380 0.082850 0.419349
v -0.100000 0.089075 0.420000
v 0.024022 0.079233 0.417850
v -0.377542 0.099724 0.416320
v -0.316128 0.098886 0.423597
v -0.304754 0.104754 0.415246
v -0.077501 0.093581 0.422499
v -0.060155 0.095352 0.422659
v -0.040083 0.096932 0.423790
v -0.020067 0.098041 0.422195
v -0.000021 0.098731 0.421234
v 0.020201 0.098535 0.421058
v -0.381280 0.119267 0.420112
v -0.300689 0.120688 0.419849
v -0.384681 0.138122 0.421878
v -0.296606 0.140336 0.423915
v -0.388304 0.160000 0.420000
v -0.289515 0.160000 0.420000
v -0.381391 0.181116 0.418575
v -0.284819 0.179836 0.417105
v -0.376344 0.199014 0.423296
v -0.364454 0.204454 0.415546
v -0.283704 0.199994 0.417688
v -0.360384 0.220373 0.419758
v -0.283913 0.221302 0.419410
v -0.355208 0.238218 0.421782
v -0.284267 0.237919 0.417919
v -0.348207 0.260000 0.420000
v -0.286047 0.260000 0.420000
v -0.341956 0.282067 0.419470
v -0.287563 0.280000 0.420000
v -0.336837 0.300666 0.419913
v -0.289002 0.300000 0.420000
v -0.331433 0.320000 0.420000
v -0.289677 0.320000 0.420000
v -0.324196 0.342467 0.419978
v -0.289864 0.340000 0.420000
v -0.316459 0.356524 0.419742
v -0.298663 0.362526 0.417155
v -0.208846 -0.027222 0.428106
v -0.189781 -0.032795 0.433078
v -0.170090 -0.034562 0.432608
v -0.150492 -0.028456 0.430795
v -0.213021 -0.009900 0.432686
v -0.131231 -0.008606 0.431310
v -0.211758 0.011327 0.430665
v -0.111025 0.012478 0.428014
v -0.205612 0.025612 0.425612
v -0.194391 0.034294 0.431280
v -0.088718 0.027992 0.433125
v -0.069724 0.032588 0.427384
v -0.185010 0.045010 0.425010
v -0.173557 0.053141 0.429829
v -0.050418 0.046544 0.433690
v -0.031623 0.050559 0.429454
v -0.011261 0.054245 0.426273
v -0.350000 0.070000 0.420133
v -0.150242 0.069512 0.430135
v -0.005558 0.065558 0.434442
v 0.011202 0.068297 0.430463
v -0.368035 0.091965 0.423089
v -0.349016 0.090061 0.430906
v -0.330182 0.090720 0.428799
v -0.130000 0.081255 0.430000
v -0.110004 0.090020 0.429993
v -0.090984 0.093928 0.429542
v -0.070000 0.097768 0.430000
v -0.050000 0.099960 0.430000
v 0.033125 0.088035 0.427840
v -0.370664 0.108978 0.430372
v -0.327873 0.107873 0.436282
v -0.312342 0.111577 0.427843
v -0.030301 0.104461 0.433004
v -0.010133 0.107750 0.432612
v 0.011261 0.110151 0.430521
v 0.029834 0.109642 0.428873
v -0.377235 0.127523 0.432477
v -0.307506 0.130279 0.432492
v -0.385484 0.149660 0.427229
v -0.296125 0.152022 0.427978
v -0.387944 0.170119 0.429868
v -0.291657 0.169882 0.427671
v -0.387599 0.188951 0.429759
v -0.289463 0.189500 0.429958
v -0.385670 0.205670 0.434330
v -0.372288 0.211067 0.427914
v -0.287461 0.210077 0.430280
v -0.366701 0.228975 0.433541
v -0.286124 0.231296 0.430379
v -0.353624 0.250691 0.429506
v -0.285893 0.249914 0.429623
v -0.347913 0.269361 0.430769
v -0.286240 0.269947 0.429996
v -0.340940 0.290000 0.430000
v -0.287048 0.289935 0.430192
v -0.333976 0.312417 0.430071
v -0.287257 0.310032 0.430322
v -0.328308 0.329553 0.430061
v -0.287552 0.330064 0.428838
v -0.320990 0.350000 0.430000
v -0.287482 0.349156 0.428021
v -0.308567 0.367477 0.429414
v -0.290643 0.368129 0.430248
v -0.199492 -0.019224 0.439009
v -0.181446 -0.024600 0.444662
v -0.160000 -0.029957 0.440000
v -0.138801 -0.020543 0.438515
v -0.202901 0.000057 0.442773
v -0.121067 0.000348 0.441093
v -0.200007 0.020763 0.440676
v -0.102121 0.021955 0.438200
v -0.181849 0.041799 0.441353
v -0.078882 0.038006 0.441887
v -0.061136 0.043662 0.435936
v -0.160139 0.061097 0.441255
v -0.038649 0.058550 0.441737
v -0.019715 0.062717 0.437174
v -0.136185 0.077030 0.440121
v -0.122793 0.085064 0.439883
v -0.000398 0.076329 0.443943
v 0.019257 0.080227 0.439520
v -0.358246 0.101754 0.434729
v -0.339818 0.102985 0.437846
v -0.098329 0.095829 0.441671
v -0.079919 0.099878 0.440051
v -0.060813 0.102676 0.438330
v -0.042092 0.105737 0.437908
v 0.040508 0.099683 0.440399
v -0.361162 0.118686 0.441818
v -0.340265 0.117272 0.444948
v -0.320736 0.121246 0.438523
v -0.017585 0.113051 0.442415
v -0.000214 0.117754 0.442678
v 0.018341 0.121386 0.439999
v 0.041232 0.120318 0.439287
v -0.378550 0.141528 0.438076
v -0.316093 0.138919 0.443313
v -0.304476 0.144476 0.435524
v -0.382559 0.159414 0.441397
v -0.301665 0.159853 0.438173
v -0.388838 0.180000 0.440000
v -0.298226 0.177639 0.440327
v -0.390088 0.200000 0.440000
v -0.296304 0.200239 0.444476
v -0.380803 0.221007 0.439863
v -0.290543 0.220000 0.440000
v -0.375080 0.235080 0.444920
v -0.362261 0.241241 0.437390
v -0.288809 0.240000 0.440000
v -0.357213 0.259051 0.443996
v -0.287269 0.260000 0.440000
v -0.345309 0.282041 0.437959
v -0.286398 0.280000 0.440000
v -0.339442 0.299878 0.440322
v -0.286377 0.300000 0.440000
v -0.331990 0.320000 0.440000
v -0.285690 0.320000 0.440000
v -0.323552 0.342102 0.439949
v -0.284396 0.339738 0.442795
v -0.317704 0.356397 0.440050
v -0.283513 0.358709 0.440150
v -0.298586 0.376573 0.441414
v -0.284441 0.375559 0.444441
v -0.170126 -0.026258 0.445693
v -0.151865 -0.025130 0.448135
v -0.190295 -0.010327 0.449881
v -0.127227 -0.012812 0.450119
v -0.192650 0.009983 0.452504
v -0.110719 0.010261 0.450694
v -0.188091 0.028655 0.449290
v -0.092315 0.032139 0.450034
v -0.169713 0.049998 0.449445
v -0.069358 0.047931 0.450632
v -0.052176 0.056727 0.447824
v -0.147515 0.067905 0.450218
v -0.130000 0.079455 0.450000
v -0.029267 0.069162 0.450327
v -0.011160 0.073687 0.445888
v -0.109981 0.091582 0.450045
v -0.090000 0.099645 0.450000
v 0.011524 0.088236 0.451988
v 0.029255 0.092576 0.446691
v -0.350000 0.110000 0.441828
v -0.070741 0.105984 0.452563
v -0.050163 0.110567 0.450067
v -0.029795 0.112834 0.446350
v -0.010000 0.119722 0.450000
v 0.044977 0.112078 0.452078
v -0.368204 0.131796 0.444013
v -0.349194 0.129966 0.451305
v -0.330198 0.131206 0.448369
v 0.011077 0.128763 0.451495
v 0.030245 0.133276 0.446848
v 0.050099 0.130002 0.449955
v -0.371135 0.148301 0.450595
v -0.328257 0.148257 0.455147
v -0.314241 0.149554 0.446307
v -0.383320 0.172261 0.447739
v -0.309466 0.168821 0.450272
v -0.388674 0.192245 0.449873
v -0.306011 0.190321 0.454163
v -0.391068 0.210022 0.450217
v -0.296188 0.212170 0.447830
v -0.388388 0.227749 0.450827
v -0.292590 0.229900 0.446146
v -0.369310 0.249275 0.450373
v -0.291639 0.250628 0.448920
v -0.353219 0.272498 0.449651
v -0.289416 0.269182 0.450136
v -0.346927 0.289708 0.452619
v -0.287575 0.290112 0.451372
v -0.336003 0.312335 0.447665
v -0.285809 0.310250 0.449995
v -0.329181 0.329950 0.450818
v -0.284698 0.327507 0.447507
v -0.320127 0.350000 0.450000
v -0.282169 0.350000 0.450000
v -0.310215 0.370013 0.449517
v -0.280707 0.370000 0.450000
v -0.290000 0.380258 0.450000
v -0.175294 -0.015294 0.455294
v -0.160149 -0.017690 0.457693
v -0.139532 -0.018193 0.456425
v -0.179692 0.000252 0.460504
v -0.116656 -0.003468 0.460199
v -0.181196 0.021173 0.461113
v -0.100308 0.020115 0.460292
v -0.175050 0.038589 0.458589
v -0.081634 0.041523 0.460004
v -0.156300 0.056461 0.460587
v -0.144607 0.064607 0.464607
v -0.058073 0.058496 0.459777
v -0.042348 0.067056 0.457652
v -0.137544 0.072562 0.457544
v -0.122704 0.082226 0.459840
v -0.019795 0.079729 0.460175
v -0.002163 0.086774 0.457837
v -0.096077 0.097412 0.460045
v -0.081994 0.103466 0.460040
v 0.021247 0.100014 0.460904
v 0.035844 0.104156 0.455844
v -0.060000 0.111650 0.460000
v -0.039455 0.117887 0.461901
v -0.021886 0.121409 0.459195
v -0.002368 0.127108 0.457632
v 0.043611 0.115826 0.461159
v -0.358352 0.141648 0.455123
v -0.339697 0.143583 0.457579
v 0.020220 0.139951 0.460149
v 0.040171 0.143086 0.453707
v 0.050984 0.140000 0.460000
v -0.375339 0.164661 0.455339
v -0.361277 0.158555 0.461877
v -0.340306 0.157779 0.463869
v -0.323761 0.159584 0.457283
v 0.040000 0.150105 0.460000
v -0.378708 0.181186 0.460075
v -0.319328 0.178058 0.461874
v -0.383161 0.198922 0.463666
v -0.317621 0.197621 0.467159
v -0.306326 0.201911 0.458089
v -0.391517 0.220000 0.460000
v -0.301780 0.219895 0.457942
v -0.384038 0.241246 0.455871
v -0.299344 0.239686 0.459747
v -0.377391 0.257535 0.461940
v -0.363285 0.263285 0.456715
v -0.297567 0.260205 0.462942
v -0.357597 0.278912 0.462741
v -0.293285 0.277520 0.462480
v -0.342945 0.304090 0.460420
v -0.287725 0.300000 0.460000
v -0.335991 0.317683 0.459598
v -0.284764 0.323089 0.459957
v -0.324190 0.342435 0.460166
v -0.282615 0.339711 0.459924
v -0.317536 0.356368 0.459960
v -0.279910 0.360392 0.459895
v -0.299204 0.380201 0.459900
v -0.280343 0.379657 0.461122
v -0.167712 -0.007712 0.463083
v -0.150122 -0.008721 0.468904
v -0.130946 -0.010023 0.470264
v -0.169971 0.010424 0.469140
v -0.106097 0.005827 0.470275
v -0.170044 0.029828 0.469659
v -0.090317 0.029296 0.468790
v -0.165168 0.045168 0.465168
v -0.152381 0.052290 0.472501
v -0.070502 0.050299 0.469898
v -0.131970 0.071739 0.471294
v -0.047559 0.068069 0.469794
v -0.032306 0.076767 0.467694
v -0.109729 0.089017 0.468211
v -0.090000 0.099500 0.470000
v -0.009466 0.090499 0.470539
v 0.005023 0.094977 0.465023
v -0.070073 0.109158 0.470056
v -0.052410 0.116249 0.467590
v 0.012232 0.103038 0.472232
v 0.029537 0.110775 0.469582
v -0.028235 0.125255 0.471765
v -0.010370 0.130372 0.469757
v 0.005102 0.134898 0.465102
v 0.050030 0.129969 0.470042
v -0.350000 0.150000 0.461669
v 0.012062 0.143324 0.472062
v 0.028709 0.151886 0.469164
v 0.051701 0.151077 0.467817
v -0.368171 0.171829 0.464158
v -0.349914 0.169936 0.470279
v -0.332374 0.169268 0.466066
v -0.370467 0.189195 0.470923
v -0.350000 0.190000 0.477450
v -0.329143 0.188495 0.471410
v -0.384780 0.209437 0.467333
v -0.372450 0.207550 0.477230
v -0.327657 0.207657 0.476539
v -0.313119 0.209766 0.467183
v -0.390042 0.229573 0.469768
v -0.309958 0.229880 0.470016
v -0.390267 0.250458 0.470081
v -0.307487 0.250208 0.472618
v -0.386074 0.266074 0.473926
v -0.371064 0.270872 0.468000
v -0.299679 0.270000 0.470000
v -0.352773 0.293629 0.469205
v -0.293523 0.291037 0.469933
v -0.345173 0.308396 0.471604
v -0.288831 0.309279 0.470343
v -0.331767 0.330905 0.469489
v -0.284904 0.327890 0.472110
v -0.323371 0.347577 0.472423
v -0.280892 0.350000 0.470000
v -0.310883 0.369692 0.470151
v -0.278112 0.370000 0.470000
v -0.290000 0.385933 0.470000
v -0.157669 0.002331 0.473046
v -0.138656 0.000728 0.479447
v -0.119035 -0.001050 0.480509
v -0.158364 0.019881 0.478738
v -0.140000 0.020000 0.489513
v -0.095863 0.015375 0.478674
v -0.157262 0.040538 0.477223
v -0.079104 0.038916 0.478553
v -0.139924 0.059945 0.479896
v -0.060082 0.059815 0.479866
v -0.119415 0.078110 0.478144
v -0.036629 0.077277 0.479790
v -0.022113 0.086198 0.477887
v -0.097779 0.093675 0.477779
v -0.082628 0.101960 0.479883
v -0.000021 0.100038 0.479969
v -0.057368 0.115505 0.479891
v -0.041705 0.122308 0.479356
v 0.021973 0.113865 0.481973
v 0.037231 0.122515 0.478894
v -0.017585 0.133197 0.482415
v -0.000301 0.140460 0.479677
v 0.050497 0.140000 0.480000
v 0.024083 0.156945 0.480925
v 0.040383 0.163519 0.475960
v 0.053121 0.157588 0.477588
v -0.357522 0.182478 0.473505
v -0.342417 0.182417 0.474011
v -0.360207 0.199902 0.479581
v -0.339710 0.200105 0.479166
v -0.378492 0.220877 0.478824
v -0.362071 0.217929 0.485478
v -0.339158 0.219289 0.484263
v -0.323668 0.219758 0.477398
v -0.383353 0.238938 0.483414
v -0.319844 0.239349 0.480480
v -0.391257 0.260000 0.480000
v -0.316042 0.258829 0.483645
v -0.304880 0.264880 0.475120
v -0.379368 0.279703 0.480095
v -0.364584 0.284584 0.475416
v -0.301445 0.281539 0.478264
v -0.358474 0.298436 0.481535
v -0.297606 0.300348 0.482987
v -0.341206 0.320602 0.478880
v -0.289023 0.320000 0.480000
v -0.329474 0.340000 0.480000
v -0.282980 0.340510 0.479257
v -0.317913 0.359512 0.480909
v -0.279888 0.359874 0.480226
v -0.300301 0.381749 0.479264
v -0.278981 0.381173 0.479279
v -0.147512 0.012488 0.482754
v -0.128917 0.010039 0.489124
v -0.108171 0.008141 0.490872
v -0.092139 0.016079 0.487861
v -0.146691 0.029921 0.487343
v -0.132174 0.027826 0.496086
v -0.082878 0.027719 0.487719
v -0.074827 0.034827 0.494827
v -0.145531 0.045531 0.485531
v -0.134115 0.049641 0.493733
v -0.068074 0.047707 0.490288
v -0.126041 0.065790 0.489000
v -0.111868 0.076627 0.491868
v -0.048834 0.068898 0.490033
v -0.105772 0.085772 0.485772
v -0.092586 0.092136 0.491632
v -0.025676 0.086411 0.489803
v -0.012853 0.095248 0.490335
v -0.069466 0.108230 0.489298
v -0.050000 0.119455 0.490000
v 0.009997 0.110007 0.489993
v -0.030063 0.129433 0.491208
v -0.010000 0.139826 0.490000
v 0.033363 0.126952 0.490928
v 0.045174 0.134826 0.485174
v 0.009489 0.151168 0.489072
v 0.051543 0.149771 0.490595
v 0.030084 0.167206 0.492394
v 0.049728 0.170684 0.489721
v -0.352450 0.212450 0.484420
v -0.369830 0.231108 0.488400
v -0.350505 0.229931 0.490511
v -0.331719 0.231719 0.485164
v -0.385426 0.249517 0.487764
v -0.372050 0.247950 0.496174
v -0.350000 0.250000 0.499565
v -0.329847 0.249688 0.490294
v -0.389847 0.270011 0.490011
v -0.327935 0.267935 0.496375
v -0.313827 0.269575 0.486412
v -0.386287 0.286287 0.493713
v -0.373052 0.292488 0.487748
v -0.309068 0.287944 0.490936
v -0.365571 0.305571 0.494429
v -0.352121 0.312170 0.487475
v -0.295869 0.311952 0.488048
v -0.342973 0.327874 0.492126
v -0.334658 0.334658 0.485342
v -0.289247 0.329914 0.490058
v -0.327673 0.347148 0.489763
v -0.283778 0.347551 0.492449
v -0.311481 0.371628 0.490068
v -0.278958 0.370000 0.490000
v -0.290930 0.386737 0.488791
v -0.118967 0.020633 0.498975
v -0.097525 0.017407 0.501092
v -0.082712 0.024929 0.500295
v -0.137593 0.037593 0.493552
v -0.123353 0.040009 0.502573
v -0.066565 0.042091 0.502091
v -0.120158 0.060261 0.500149
v -0.057105 0.056616 0.500395
v -0.100541 0.080565 0.500768
v -0.037533 0.077676 0.500064
v -0.079673 0.098914 0.498668
v -0.017787 0.093706 0.502213
v -0.004034 0.103425 0.500206
v -0.057786 0.113837 0.497786
v -0.043676 0.122916 0.499944
v 0.019920 0.120289 0.499731
v -0.017564 0.138094 0.499840
v -0.002352 0.146994 0.497648
v 0.040247 0.139433 0.500919
v 0.018182 0.161575 0.498673
v 0.052657 0.160000 0.500000
v 0.040196 0.175750 0.502999
v -0.360116 0.243594 0.497407
v -0.342320 0.242320 0.493525
v -0.379134 0.260254 0.499383
v -0.359960 0.257620 0.504336
v -0.340166 0.260154 0.500302
v -0.386554 0.277616 0.502384
v -0.337696 0.277696 0.507154
v -0.321883 0.280983 0.498419
v -0.380839 0.300077 0.499837
v -0.315857 0.298852 0.504034
v -0.304255 0.304255 0.495745
v -0.358874 0.317888 0.500706
v -0.299827 0.319101 0.500770
v -0.339226 0.339015 0.501691
v -0.289104 0.340000 0.500000
v -0.321319 0.360341 0.498067
v -0.281767 0.360336 0.499640
v -0.302465 0.382181 0.500089
v -0.280037 0.380004 0.500001
v -0.108646 0.030265 0.507966
v -0.089859 0.026498 0.513270
v -0.072879 0.032306 0.510280
v -0.109844 0.049619 0.510827
v -0.055628 0.051808 0.511808
v -0.106341 0.069043 0.506168
v -0.092069 0.072069 0.516935
v -0.046499 0.065734 0.508901
v -0.086876 0.086701 0.509181
v -0.074653 0.094653 0.514653
v -0.026384 0.086570 0.510065
v -0.068101 0.103784 0.508101
v -0.054450 0.113839 0.509708
v -0.007521 0.102760 0.512479
v 0.006193 0.113404 0.510229
v -0.029698 0.130838 0.510790
v 0.028438 0.131555 0.508769
v -0.006410 0.146977 0.509826
v 0.007754 0.156876 0.507754
v 0.045327 0.152606 0.510651
v 0.027128 0.172462 0.510205
v 0.051652 0.169719 0.510929
v -0.369945 0.270087 0.509791
v -0.350177 0.270375 0.509273
v -0.386178 0.288613 0.508613
v -0.350000 0.290000 0.519948
v -0.330448 0.290471 0.510020
v -0.373292 0.313217 0.506869
v -0.312043 0.311268 0.509503
v -0.365865 0.325865 0.514135
v -0.352553 0.330678 0.508689
v -0.305618 0.325618 0.514382
v -0.297166 0.332232 0.507768
v -0.331876 0.351937 0.508430
v -0.288714 0.350075 0.509904
v -0.313662 0.373684 0.510191
v -0.283539 0.367501 0.512499
v -0.292493 0.384451 0.507507
v -0.096096 0.039586 0.517223
v -0.080702 0.038108 0.523342
v -0.062446 0.041832 0.520379
v -0.097107 0.060209 0.517547
v -0.080000 0.060000 0.529133
v -0.043498 0.064059 0.519552
v -0.080717 0.081277 0.520891
v -0.033607 0.077980 0.517980
v -0.062066 0.101967 0.520891
v -0.015595 0.095725 0.520060
v -0.040052 0.121493 0.521503
v 0.002366 0.112707 0.522366
v 0.015706 0.124156 0.520315
v -0.018385 0.138576 0.520018
v 0.033952 0.141808 0.518192
v 0.004011 0.156343 0.519831
v 0.017597 0.167211 0.517597
v 0.042983 0.155940 0.521035
v 0.040526 0.180755 0.519379
v -0.377969 0.282031 0.513475
v -0.359921 0.282716 0.517909
v -0.344995 0.284995 0.515005
v -0.380907 0.299250 0.520075
v -0.357693 0.297693 0.526580
v -0.339145 0.299464 0.521165
v -0.324509 0.304509 0.515491
v -0.378708 0.317455 0.520559
v -0.319050 0.318934 0.522047
v -0.356562 0.337119 0.520887
v -0.344041 0.344041 0.515959
v -0.299999 0.340006 0.519995
v -0.335482 0.355487 0.521307
v -0.322121 0.366931 0.517879
v -0.289145 0.360000 0.520000
v -0.299417 0.381758 0.520425
v -0.283786 0.376214 0.516214
v -0.087748 0.052252 0.524106
v -0.071661 0.048452 0.532221
v -0.051907 0.051355 0.530629
v -0.085026 0.065026 0.525026
v -0.073126 0.069863 0.532667
v -0.032734 0.073185 0.529658
v -0.067767 0.088928 0.527614
v -0.025273 0.085273 0.525273
v -0.017343 0.092382 0.532382
v -0.049134 0.109536 0.528552
v -0.005599 0.105480 0.529999
v -0.028579 0.128613 0.530130
v 0.014278 0.125759 0.531348
v 0.025069 0.134931 0.525069
v -0.007196 0.147371 0.530031
v 0.033292 0.146339 0.529617
v 0.014379 0.166042 0.529942
v 0.026892 0.175675 0.530123
v 0.044415 0.167909 0.527909
v -0.367500 0.292500 0.523275
v -0.369923 0.309909 0.531156
v -0.348053 0.309316 0.532022
v -0.330932 0.313894 0.526839
v -0.369534 0.327881 0.529828
v -0.328264 0.328264 0.535600
v -0.312863 0.332938 0.527432
v -0.347411 0.347548 0.530171
v -0.306159 0.348917 0.533515
v -0.294680 0.354680 0.525320
v -0.325359 0.366309 0.528579
v -0.310754 0.373908 0.532355
v -0.292580 0.370565 0.527686
v -0.060689 0.059159 0.541041
v -0.041913 0.060488 0.539829
v -0.059813 0.080104 0.540538
v -0.022318 0.082716 0.539830
v -0.055744 0.095744 0.535744
v -0.046327 0.101779 0.541779
v -0.007284 0.102468 0.542468
v -0.036636 0.116000 0.539012
v 0.003854 0.115909 0.539978
v -0.016892 0.136822 0.540248
v 0.022755 0.136995 0.539797
v 0.003699 0.156469 0.540109
v 0.037771 0.160698 0.539089
v 0.020000 0.170828 0.540000
v 0.037700 0.177700 0.538065
v -0.357883 0.319011 0.536592
v -0.339668 0.323154 0.537716
v -0.354952 0.338912 0.538912
v -0.341010 0.338970 0.544046
v -0.320514 0.340664 0.539345
v -0.335803 0.356331 0.539114
v -0.319572 0.361076 0.541667
v -0.302680 0.360010 0.535367
v -0.051011 0.068989 0.547868
v -0.030551 0.071826 0.549449
v -0.047463 0.090353 0.547395
v -0.012743 0.093063 0.550037
v -0.032428 0.111398 0.551249
v -0.000441 0.110000 0.550000
v -0.025456 0.125456 0.545456
v -0.016955 0.132103 0.552103
v 0.012818 0.126837 0.549929
v -0.005823 0.145672 0.548724
v 0.005286 0.154714 0.554714
v 0.027556 0.149641 0.547062
v 0.012228 0.163144 0.547772
v 0.029828 0.169550 0.550692
v -0.350000 0.330000 0.542381
v -0.332165 0.347835 0.545052
v -0.038751 0.081249 0.556551
v -0.021023 0.083681 0.558977
v -0.036075 0.098870 0.555724
v -0.022346 0.102346 0.566554
v -0.004060 0.104434 0.558658
v -0.020155 0.120705 0.560638
v 0.005155 0.117275 0.559948
v -0.002514 0.142612 0.560969
v 0.018019 0.139778 0.557980
v 0.020011 0.158862 0.560262
v -0.027987 0.092013 0.564750
v -0.014023 0.094023 0.565977
v -0.009377 0.108702 0.571325
v -0.008352 0.128315 0.567070
v 0.010001 0.130316 0.569939
v 0.008066 0.148066 0.565529
v 0.000000 0.120000 0.570615
f 752 294 295
f 296 753 295
f 297 754 296
f 757 293 300
f 757 294 293
f 757 301 294
f 301 757 300
f 1 294 301
f 1 295 294
f 295 1 302
f 302 1 301
f 302 2 295
f 295 2 296
f 296 2 303
f 303 2 302
f 303 3 296
f 3 297 296
f 3 304 297
f 304 3 303
f 4 297 304
f 4 298 297
f 4 305 298
f 305 4 304
f 758 298 305
f 306 758 305
f 307 759 306
f 5 299 314
f 5 300 299
f 300 5 315
f 5 314 315
f 315 6 300
f 300 6 301
f 301 6 316
f 316 6 315
f 316 7 301
f 301 7 302
f 302 7 317
f 317 7 316
f 317 8 302
f 302 8 303
f 303 8 318
f 318 8 317
f 318 9 303
f 303 9 304
f 304 9 319
f 319 9 318
f 319 10 304
f 304 10 305
f 305 10 320
f 320 10 319
f 320 11 305
f 305 11 306
f 306 11 321
f 321 11 320
f 321 12 306
f 12 307 306
f 12 322 307
f 322 12 321
f 23 323 322
f 13 307 322
f 13 308 307
f 13 323 308
f 323 13 322
f 323 24 324
f 766 308 323
f 324 766 323
f 325 767 324
f 14 309 330
f 14 310 309
f 14 331 310
f 331 14 330
f 15 310 331
f 15 311 310
f 15 332 311
f 332 15 331
f 16 311 332
f 16 312 311
f 16 333 312
f 333 16 332
f 771 312 333
f 771 313 312
f 771 334 313
f 334 771 333
f 772 334 335
f 775 338 314
f 775 337 338
f 17 314 338
f 17 315 314
f 315 17 339
f 339 17 338
f 339 18 315
f 315 18 316
f 316 18 340
f 340 18 339
f 340 19 316
f 316 19 317
f 19 341 317
f 19 340 341
f 20 317 341
f 317 20 318
f 20 342 318
f 20 341 342
f 776 318 342
f 318 776 319
f 776 343 319
f 776 342 343
f 777 319 343
f 319 777 320
f 777 344 320
f 777 343 344
f 21 320 344
f 320 21 321
f 21 345 321
f 21 344 345
f 22 321 345
f 321 22 322
f 322 22 346
f 22 345 346
f 24 323 23
f 24 23 347
f 346 23 322
f 347 23 346
f 348 25 24
f 24 25 324
f 348 24 347
f 349 26 25
f 25 26 325
f 349 25 348
f 324 25 325
f 350 27 26
f 26 27 326
f 41 350 26
f 349 41 26
f 325 26 326
f 351 327 27
f 42 351 27
f 350 42 27
f 27 327 326
f 351 43 352
f 28 327 351
f 28 328 327
f 28 352 328
f 352 28 351
f 352 44 353
f 328 352 779
f 353 779 352
f 780 353 354
f 29 329 355
f 29 330 329
f 330 29 356
f 356 29 355
f 356 30 330
f 330 30 331
f 331 30 357
f 357 30 356
f 357 31 331
f 331 31 332
f 332 31 358
f 358 31 357
f 358 32 332
f 332 32 333
f 333 32 359
f 359 32 358
f 359 33 333
f 333 33 334
f 334 33 360
f 360 33 359
f 360 34 334
f 34 335 334
f 34 361 335
f 361 34 360
f 35 335 361
f 35 336 335
f 35 362 336
f 362 35 361
f 36 336 362
f 36 337 336
f 36 363 337
f 363 36 362
f 37 337 363
f 37 338 337
f 338 37 364
f 364 37 363
f 364 38 338
f 338 38 339
f 339 38 365
f 365 38 364
f 365 39 339
f 339 39 340
f 39 366 340
f 39 365 366
f 783 341 340
f 346 789 347
f 347 790 348
f 790 367 348
f 41 349 368
f 40 348 367
f 348 40 349
f 349 40 368
f 40 367 368
f 42 350 41
f 42 41 369
f 369 41 368
f 43 351 42
f 370 43 42
f 370 42 369
f 44 352 43
f 371 44 43
f 56 371 43
f 370 56 43
f 372 45 44
f 44 45 353
f 57 372 44
f 371 57 44
f 372 58 45
f 45 58 373
f 45 354 353
f 45 373 354
f 791 354 373
f 791 373 374
f 355 793 376
f 793 375 376
f 376 46 355
f 355 46 356
f 356 46 377
f 377 46 376
f 377 47 356
f 356 47 357
f 357 47 378
f 378 47 377
f 378 48 357
f 357 48 358
f 358 48 379
f 379 48 378
f 379 49 358
f 358 49 359
f 359 49 380
f 380 49 379
f 380 50 359
f 359 50 360
f 360 50 381
f 381 50 380
f 381 51 360
f 360 51 361
f 361 51 382
f 382 51 381
f 382 52 361
f 361 52 362
f 362 52 383
f 383 52 382
f 383 53 362
f 362 53 363
f 363 53 384
f 384 53 383
f 384 54 363
f 363 54 364
f 364 54 385
f 385 54 384
f 385 55 364
f 364 55 365
f 55 386 365
f 55 385 386
f 368 798 369
f 387 56 370
f 369 799 370
f 799 387 370
f 57 371 56
f 57 56 388
f 56 387 388
f 58 372 57
f 389 58 57
f 389 57 388
f 58 390 373
f 70 390 58
f 389 70 58
f 390 59 373
f 59 374 373
f 59 391 374
f 391 59 390
f 800 374 391
f 802 375 392
f 802 376 375
f 376 802 393
f 802 392 393
f 393 60 376
f 376 60 377
f 377 60 394
f 394 60 393
f 394 61 377
f 377 61 378
f 378 61 395
f 395 61 394
f 395 62 378
f 378 62 379
f 379 62 396
f 396 62 395
f 396 63 379
f 379 63 380
f 380 63 397
f 397 63 396
f 397 64 380
f 380 64 381
f 381 64 398
f 398 64 397
f 398 65 381
f 381 65 382
f 382 65 399
f 399 65 398
f 399 66 382
f 382 66 383
f 383 66 400
f 400 66 399
f 400 67 383
f 383 67 384
f 384 67 401
f 401 67 400
f 401 68 384
f 384 68 385
f 68 402 385
f 68 401 402
f 803 385 402
f 70 389 404
f 69 388 403
f 388 69 389
f 389 69 404
f 69 403 404
f 390 70 405
f 405 70 404
f 405 71 390
f 390 71 391
f 391 71 406
f 406 71 405
f 406 807 391
f 807 406 407
f 72 392 408
f 72 393 392
f 393 72 409
f 72 408 409
f 409 73 393
f 393 73 394
f 394 73 410
f 410 73 409
f 410 74 394
f 394 74 395
f 395 74 411
f 411 74 410
f 411 75 395
f 395 75 396
f 396 75 412
f 412 75 411
f 412 76 396
f 396 76 397
f 397 76 413
f 413 76 412
f 413 77 397
f 397 77 398
f 398 77 414
f 414 77 413
f 414 78 398
f 398 78 399
f 399 78 415
f 415 78 414
f 415 79 399
f 399 79 400
f 400 79 416
f 416 79 415
f 416 80 400
f 400 80 401
f 401 80 417
f 417 80 416
f 417 81 401
f 81 402 401
f 81 418 402
f 418 81 417
f 810 402 418
f 404 812 419
f 419 82 404
f 404 82 405
f 405 82 420
f 420 82 419
f 420 83 405
f 405 83 406
f 406 83 421
f 421 83 420
f 421 84 406
f 84 407 406
f 84 422 407
f 84 421 422
f 814 409 408
f 409 814 423
f 423 85 409
f 409 85 410
f 410 85 424
f 424 85 423
f 424 86 410
f 410 86 411
f 411 86 425
f 425 86 424
f 425 87 411
f 411 87 412
f 412 87 426
f 426 87 425
f 426 88 412
f 412 88 413
f 413 88 427
f 427 88 426
f 427 89 413
f 413 89 414
f 414 89 428
f 428 89 427
f 428 90 414
f 414 90 415
f 415 90 429
f 429 90 428
f 429 91 415
f 415 91 416
f 416 91 430
f 430 91 429
f 430 92 416
f 416 92 417
f 417 92 431
f 431 92 430
f 431 93 417
f 417 93 418
f 418 93 432
f 432 93 431
f 432 815 418
f 815 432 433
f 419 818 435
f 818 434 435
f 435 94 419
f 419 94 420
f 420 94 436
f 436 94 435
f 436 95 420
f 420 95 421
f 421 95 437
f 437 95 436
f 437 96 421
f 96 422 421
f 96 438 422
f 96 437 438
f 821 439 423
f 97 423 439
f 423 97 424
f 424 97 440
f 97 439 440
f 440 98 424
f 424 98 425
f 425 98 441
f 441 98 440
f 441 99 425
f 425 99 426
f 426 99 442
f 442 99 441
f 442 112 443
f 442 100 426
f 426 100 427
f 427 100 443
f 443 100 442
f 443 101 427
f 427 101 428
f 428 101 444
f 444 101 443
f 444 102 428
f 428 102 429
f 429 102 445
f 445 102 444
f 445 103 429
f 429 103 430
f 103 446 430
f 103 445 446
f 822 430 446
f 430 822 431
f 822 447 431
f 822 446 447
f 104 431 447
f 431 104 432
f 432 104 448
f 104 447 448
f 448 105 432
f 105 433 432
f 105 449 433
f 105 448 449
f 826 451 434
f 826 450 451
f 106 434 451
f 106 435 434
f 435 106 452
f 452 106 451
f 452 107 435
f 435 107 436
f 436 107 453
f 453 107 452
f 453 108 436
f 436 108 437
f 437 108 454
f 454 108 453
f 454 109 437
f 109 438 437
f 109 455 438
f 455 109 454
f 827 438 455
f 827 455 456
f 831 439 458
f 831 440 439
f 440 831 459
f 831 458 459
f 459 110 440
f 440 110 441
f 441 110 460
f 460 110 459
f 461 112 442
f 460 124 461
f 460 111 441
f 441 111 442
f 442 111 461
f 461 111 460
f 443 112 462
f 461 125 112
f 112 125 462
f 462 113 443
f 443 113 444
f 444 113 463
f 463 113 462
f 463 114 444
f 444 114 445
f 445 114 464
f 464 114 463
f 464 115 445
f 115 446 445
f 115 465 446
f 115 464 465
f 832 446 465
f 832 447 446
f 832 466 447
f 832 465 466
f 833 447 466
f 833 448 447
f 448 833 467
f 833 466 467
f 467 116 448
f 116 449 448
f 116 468 449
f 468 116 467
f 834 449 468
f 837 470 450
f 837 469 470
f 117 450 470
f 117 451 450
f 451 117 471
f 471 117 470
f 471 118 451
f 451 118 452
f 452 118 472
f 472 118 471
f 472 119 452
f 452 119 453
f 453 119 473
f 473 119 472
f 473 120 453
f 453 120 454
f 454 120 474
f 474 120 473
f 474 121 454
f 454 121 455
f 455 121 475
f 475 121 474
f 475 122 455
f 122 456 455
f 122 476 456
f 476 122 475
f 838 456 476
f 838 476 477
f 843 458 479
f 843 459 458
f 459 843 480
f 843 479 480
f 481 124 460
f 480 123 459
f 459 123 460
f 460 123 481
f 481 123 480
f 125 461 124
f 482 125 124
f 137 482 124
f 481 137 124
f 462 125 483
f 482 138 125
f 483 125 138
f 483 126 462
f 462 126 463
f 463 126 484
f 484 126 483
f 484 127 463
f 463 127 464
f 127 485 464
f 127 484 485
f 844 464 485
f 844 465 464
f 844 486 465
f 844 485 486
f 845 465 486
f 845 466 465
f 845 487 466
f 845 486 487
f 846 466 487
f 846 467 466
f 467 846 488
f 846 487 488
f 488 128 467
f 467 128 468
f 468 128 489
f 489 128 488
f 489 847 468
f 847 489 490
f 850 492 469
f 850 491 492
f 493 130 129
f 129 130 470
f 142 493 129
f 492 142 129
f 129 469 492
f 129 470 469
f 130 493 494
f 470 130 471
f 471 130 494
f 494 131 471
f 471 131 472
f 472 131 495
f 495 131 494
f 495 132 472
f 472 132 473
f 132 496 473
f 132 495 496
f 851 473 496
f 473 851 474
f 851 497 474
f 851 496 497
f 852 474 497
f 474 852 475
f 852 498 475
f 852 497 498
f 133 475 498
f 475 133 476
f 476 133 499
f 133 498 499
f 499 134 476
f 134 477 476
f 134 500 477
f 500 134 499
f 853 477 500
f 853 500 501
f 856 504 479
f 856 503 504
f 135 479 504
f 135 480 479
f 480 135 505
f 505 135 504
f 506 137 481
f 505 136 480
f 480 136 481
f 481 136 506
f 506 136 505
f 138 482 137
f 138 137 507
f 150 507 137
f 150 137 506
f 483 138 508
f 508 138 507
f 508 139 483
f 483 139 484
f 139 509 484
f 139 508 509
f 857 484 509
f 857 485 484
f 857 510 485
f 857 509 510
f 858 485 510
f 858 486 485
f 858 511 486
f 858 510 511
f 859 486 511
f 859 487 486
f 860 488 487
f 488 860 513
f 140 514 489
f 152 514 140
f 152 140 513
f 513 140 488
f 488 140 489
f 514 861 489
f 861 490 489
f 516 142 492
f 141 491 515
f 141 492 491
f 492 141 516
f 141 515 516
f 517 143 142
f 493 142 143
f 154 517 142
f 516 154 142
f 143 517 518
f 493 143 494
f 494 143 518
f 518 144 494
f 494 144 495
f 495 144 519
f 519 144 518
f 519 864 495
f 864 496 495
f 864 520 496
f 864 519 520
f 865 496 520
f 865 497 496
f 865 521 497
f 865 520 521
f 866 497 521
f 866 498 497
f 866 522 498
f 866 521 522
f 867 498 522
f 867 499 498
f 499 867 523
f 867 522 523
f 523 145 499
f 499 145 500
f 500 145 524
f 524 145 523
f 524 146 500
f 146 501 500
f 146 525 501
f 525 146 524
f 868 501 525
f 868 525 526
f 871 528 503
f 147 503 528
f 147 504 503
f 504 147 529
f 529 147 528
f 529 148 504
f 504 148 505
f 505 148 530
f 530 148 529
f 530 149 505
f 505 149 506
f 506 149 531
f 531 149 530
f 507 150 532
f 531 150 506
f 532 150 531
f 532 151 507
f 507 151 508
f 151 533 508
f 151 532 533
f 872 508 533
f 872 509 508
f 872 534 509
f 872 533 534
f 873 509 534
f 873 510 509
f 874 511 510
f 538 152 513
f 513 876 538
f 537 538 876
f 514 152 539
f 152 538 539
f 539 877 514
f 541 154 516
f 153 515 540
f 153 516 515
f 516 153 541
f 153 540 541
f 517 154 542
f 541 168 154
f 542 154 168
f 542 155 517
f 517 155 518
f 518 155 543
f 543 155 542
f 543 156 518
f 518 156 519
f 156 544 519
f 156 543 544
f 880 519 544
f 880 520 519
f 880 545 520
f 880 544 545
f 881 520 545
f 881 521 520
f 881 546 521
f 881 545 546
f 882 521 546
f 882 522 521
f 882 547 522
f 882 546 547
f 883 522 547
f 883 523 522
f 523 883 548
f 883 547 548
f 548 157 523
f 523 157 524
f 524 157 549
f 549 157 548
f 549 158 524
f 524 158 525
f 525 158 550
f 550 158 549
f 550 884 525
f 884 526 525
f 884 551 526
f 884 550 551
f 159 527 553
f 159 528 527
f 528 159 554
f 554 159 553
f 554 160 528
f 528 160 529
f 529 160 555
f 555 160 554
f 555 161 529
f 529 161 530
f 530 161 556
f 556 161 555
f 556 162 530
f 530 162 531
f 531 162 557
f 557 162 556
f 557 163 531
f 531 163 532
f 532 163 558
f 558 163 557
f 558 164 532
f 164 533 532
f 164 559 533
f 559 164 558
f 888 533 559
f 888 559 560
f 891 563 537
f 891 562 563
f 165 537 563
f 165 538 537
f 538 165 564
f 564 165 563
f 564 166 538
f 538 166 539
f 166 565 539
f 166 564 565
f 567 168 541
f 167 540 566
f 167 541 540
f 541 167 567
f 167 566 567
f 567 186 168
f 168 186 568
f 542 168 568
f 568 169 542
f 542 169 543
f 169 569 543
f 169 568 569
f 170 543 569
f 170 544 543
f 170 570 544
f 170 569 570
f 894 544 570
f 894 545 544
f 894 571 545
f 894 570 571
f 895 545 571
f 895 546 545
f 895 572 546
f 895 571 572
f 896 546 572
f 896 547 546
f 896 573 547
f 896 572 573
f 171 547 573
f 171 548 547
f 548 171 574
f 574 171 573
f 574 172 548
f 548 172 549
f 549 172 575
f 575 172 574
f 575 173 549
f 549 173 550
f 173 576 550
f 173 575 576
f 897 550 576
f 897 551 550
f 897 577 551
f 897 576 577
f 901 552 578
f 901 553 552
f 553 901 579
f 901 578 579
f 579 174 553
f 553 174 554
f 554 174 580
f 580 174 579
f 580 175 554
f 554 175 555
f 555 175 581
f 581 175 580
f 581 176 555
f 555 176 556
f 556 176 582
f 582 176 581
f 582 177 556
f 556 177 557
f 557 177 583
f 583 177 582
f 583 178 557
f 557 178 558
f 558 178 584
f 584 178 583
f 584 179 558
f 558 179 559
f 559 179 585
f 585 179 584
f 585 180 559
f 180 560 559
f 180 586 560
f 586 180 585
f 181 560 586
f 181 561 560
f 181 587 561
f 587 181 586
f 182 561 587
f 182 562 561
f 182 588 562
f 588 182 587
f 183 562 588
f 183 563 562
f 563 183 589
f 589 183 588
f 589 184 563
f 563 184 564
f 184 590 564
f 184 589 590
f 902 564 590
f 565 564 902
f 186 567 592
f 185 566 591
f 185 567 566
f 567 185 592
f 185 591 592
f 568 186 593
f 593 186 592
f 593 905 568
f 905 569 568
f 905 594 569
f 905 593 594
f 906 569 594
f 906 570 569
f 906 595 570
f 906 594 595
f 907 570 595
f 907 571 570
f 907 596 571
f 907 595 596
f 908 571 596
f 908 572 571
f 908 597 572
f 908 596 597
f 909 572 597
f 909 573 572
f 573 909 598
f 909 597 598
f 598 187 573
f 573 187 574
f 574 187 599
f 599 187 598
f 599 188 574
f 574 188 575
f 188 600 575
f 188 599 600
f 189 575 600
f 189 576 575
f 189 601 576
f 189 600 601
f 910 576 601
f 914 578 602
f 914 579 578
f 579 914 603
f 914 602 603
f 603 190 579
f 579 190 580
f 580 190 604
f 604 190 603
f 604 191 580
f 580 191 581
f 581 191 605
f 605 191 604
f 605 192 581
f 581 192 582
f 582 192 606
f 606 192 605
f 606 193 582
f 582 193 583
f 583 193 607
f 607 193 606
f 607 194 583
f 583 194 584
f 584 194 608
f 608 194 607
f 608 195 584
f 584 195 585
f 585 195 609
f 609 195 608
f 609 196 585
f 585 196 586
f 586 196 610
f 610 196 609
f 610 197 586
f 586 197 587
f 587 197 611
f 611 197 610
f 611 198 587
f 587 198 588
f 588 198 612
f 612 198 611
f 612 199 588
f 588 199 589
f 589 199 613
f 613 199 612
f 613 915 589
f 915 590 589
f 917 614 592
f 200 592 614
f 592 200 593
f 593 200 615
f 200 614 615
f 615 201 593
f 201 594 593
f 201 616 594
f 616 201 615
f 202 594 616
f 202 595 594
f 202 617 595
f 617 202 616
f 918 595 617
f 918 596 595
f 918 618 596
f 618 918 617
f 919 596 618
f 919 597 596
f 919 619 597
f 619 919 618
f 203 597 619
f 203 598 597
f 598 203 620
f 620 203 619
f 620 204 598
f 598 204 599
f 204 621 599
f 204 620 621
f 920 599 621
f 920 600 599
f 920 622 600
f 920 621 622
f 921 601 600
f 603 924 623
f 623 205 603
f 603 205 604
f 604 205 624
f 624 205 623
f 624 206 604
f 604 206 605
f 605 206 625
f 625 206 624
f 625 207 605
f 605 207 606
f 606 207 626
f 626 207 625
f 626 208 606
f 606 208 607
f 607 208 627
f 627 208 626
f 627 209 607
f 607 209 608
f 608 209 628
f 628 209 627
f 628 210 608
f 608 210 609
f 609 210 629
f 629 210 628
f 629 211 609
f 609 211 610
f 610 211 630
f 630 211 629
f 630 212 610
f 610 212 611
f 611 212 631
f 631 212 630
f 631 213 611
f 611 213 612
f 612 213 632
f 632 213 631
f 632 214 612
f 612 214 613
f 214 633 613
f 214 632 633
f 927 615 614
f 615 927 634
f 634 215 615
f 615 215 616
f 616 215 635
f 635 215 634
f 635 216 616
f 616 216 617
f 617 216 636
f 636 216 635
f 636 217 617
f 617 217 618
f 618 217 637
f 637 217 636
f 637 218 618
f 618 218 619
f 619 218 638
f 638 218 637
f 638 219 619
f 619 219 620
f 219 639 620
f 219 638 639
f 928 620 639
f 928 621 620
f 220 623 640
f 623 220 624
f 624 220 641
f 220 640 641
f 641 221 624
f 624 221 625
f 625 221 642
f 642 221 641
f 642 222 625
f 625 222 626
f 626 222 643
f 643 222 642
f 643 223 626
f 626 223 627
f 627 223 644
f 644 223 643
f 644 224 627
f 627 224 628
f 628 224 645
f 645 224 644
f 645 225 628
f 628 225 629
f 629 225 646
f 646 225 645
f 646 226 629
f 629 226 630
f 630 226 647
f 647 226 646
f 647 227 630
f 630 227 631
f 631 227 648
f 648 227 647
f 648 228 631
f 631 228 632
f 228 649 632
f 228 648 649
f 933 632 649
f 933 633 632
f 229 634 650
f 634 229 635
f 635 229 651
f 229 650 651
f 651 230 635
f 635 230 636
f 636 230 652
f 652 230 651
f 652 231 636
f 636 231 637
f 637 231 653
f 653 231 652
f 653 232 637
f 637 232 638
f 232 654 638
f 232 653 654
f 936 638 654
f 936 639 638
f 233 641 655
f 641 233 642
f 233 656 642
f 233 655 656
f 234 642 656
f 642 234 643
f 643 234 657
f 234 656 657
f 657 235 643
f 643 235 644
f 644 235 658
f 658 235 657
f 658 236 644
f 644 236 645
f 645 236 659
f 659 236 658
f 659 237 645
f 645 237 646
f 646 237 660
f 660 237 659
f 660 238 646
f 646 238 647
f 647 238 661
f 661 238 660
f 661 239 647
f 647 239 648
f 648 239 662
f 662 239 661
f 662 240 648
f 240 649 648
f 240 663 649
f 240 662 663
f 241 651 664
f 651 241 652
f 652 241 665
f 241 664 665
f 665 242 652
f 652 242 653
f 653 242 666
f 666 242 665
f 666 243 653
f 243 654 653
f 243 667 654
f 243 666 667
f 656 943 657
f 657 944 658
f 944 668 658
f 244 658 668
f 658 244 659
f 659 244 669
f 244 668 669
f 669 245 659
f 659 245 660
f 660 245 670
f 670 245 669
f 670 246 660
f 660 246 661
f 661 246 671
f 671 246 670
f 671 247 661
f 661 247 662
f 662 247 672
f 672 247 671
f 672 248 662
f 248 663 662
f 248 673 663
f 248 672 673
f 947 664 674
f 947 665 664
f 665 947 675
f 947 674 675
f 675 249 665
f 665 249 666
f 666 249 676
f 676 249 675
f 676 948 666
f 948 667 666
f 948 677 667
f 948 676 677
f 951 670 669
f 670 952 671
f 671 952 678
f 678 250 671
f 671 250 672
f 672 250 679
f 679 250 678
f 679 251 672
f 251 673 672
f 251 680 673
f 680 251 679
f 953 673 680
f 252 674 683
f 252 675 674
f 675 252 684
f 684 252 683
f 684 253 675
f 675 253 676
f 676 253 685
f 685 253 684
f 685 955 676
f 955 677 676
f 955 686 677
f 955 685 686
f 254 678 687
f 678 254 679
f 679 254 688
f 254 687 688
f 688 255 679
f 679 255 680
f 680 255 689
f 689 255 688
f 689 958 680
f 958 681 680
f 958 690 681
f 958 689 690
f 963 694 695
f 964 696 682
f 696 964 695
f 256 682 696
f 256 683 682
f 683 256 697
f 697 256 696
f 697 257 683
f 683 257 684
f 684 257 698
f 698 257 697
f 698 258 684
f 684 258 685
f 258 699 685
f 258 698 699
f 965 685 699
f 966 688 687
f 688 966 700
f 700 259 688
f 688 259 689
f 689 259 701
f 701 259 700
f 701 260 689
f 260 690 689
f 260 702 690
f 702 260 701
f 967 690 702
f 967 702 703
f 973 708 709
f 974 709 710
f 711 975 710
f 976 691 711
f 976 692 691
f 976 712 692
f 712 976 711
f 261 692 712
f 261 693 692
f 261 713 693
f 713 261 712
f 262 693 713
f 262 694 693
f 262 714 694
f 714 262 713
f 263 694 714
f 263 695 694
f 695 263 715
f 715 263 714
f 715 264 695
f 695 264 696
f 696 264 716
f 716 264 715
f 716 265 696
f 696 265 697
f 265 717 697
f 265 716 717
f 266 697 717
f 697 266 698
f 266 718 698
f 266 717 718
f 977 698 718
f 977 699 698
f 267 700 719
f 700 267 701
f 701 267 720
f 267 719 720
f 720 268 701
f 701 268 702
f 702 268 721
f 721 268 720
f 721 269 702
f 269 703 702
f 269 722 703
f 722 269 721
f 270 703 722
f 270 704 703
f 270 723 704
f 723 270 722
f 271 704 723
f 271 705 704
f 271 724 705
f 724 271 723
f 272 705 724
f 272 706 705
f 272 725 706
f 725 272 724
f 273 706 725
f 273 707 706
f 273 726 707
f 726 273 725
f 274 707 726
f 274 708 707
f 274 727 708
f 727 274 726
f 275 708 727
f 275 709 708
f 275 728 709
f 728 275 727
f 276 709 728
f 276 710 709
f 710 276 729
f 729 276 728
f 729 277 710
f 710 277 711
f 711 277 730
f 730 277 729
f 730 278 711
f 711 278 712
f 712 278 731
f 731 278 730
f 731 279 712
f 712 279 713
f 279 732 713
f 279 731 732
f 280 713 732
f 713 280 714
f 280 733 714
f 280 732 733
f 281 714 733
f 714 281 715
f 281 734 715
f 281 733 734
f 981 715 734
f 715 981 716
f 981 735 716
f 981 734 735
f 982 717 716
f 986 719 736
f 986 720 719
f 720 986 737
f 986 736 737
f 737 282 720
f 720 282 721
f 721 282 738
f 738 282 737
f 738 283 721
f 721 283 722
f 722 283 739
f 739 283 738
f 739 284 722
f 722 284 723
f 723 284 740
f 740 284 739
f 740 285 723
f 723 285 724
f 724 285 741
f 741 285 740
f 741 286 724
f 724 286 725
f 725 286 742
f 742 286 741
f 742 287 725
f 725 287 726
f 726 287 743
f 743 287 742
f 743 288 726
f 726 288 727
f 288 744 727
f 288 743 744
f 289 727 744
f 727 289 728
f 289 745 728
f 289 744 745
f 987 728 745
f 728 987 729
f 729 988 730
f 730 989 731
f 995 737 746
f 737 995 738
f 995 747 738
f 995 746 747
f 290 738 747
f 738 290 739
f 290 748 739
f 290 747 748
f 291 739 748
f 739 291 740
f 291 749 740
f 291 748 749
f 292 740 749
f 740 292 741
f 292 750 741
f 292 749 750
f 996 741 750
f 741 996 742
f 742 997 743
f 752 751 294
f 1003 751 752
f 751 293 294
f 751 1006 293
f 1003 1336 751
f 1336 1006 751
f 752 295 753
f 1004 752 753
f 1003 752 1337
f 752 1004 1337
f 296 754 753
f 1005 753 754
f 1004 753 1338
f 753 1005 1338
f 297 1007 754
f 1005 754 1339
f 1007 1339 754
f 755 298 1008
f 755 297 298
f 755 1007 297
f 755 1008 1007
f 1008 1340 1007
f 758 1008 298
f 756 293 1006
f 756 300 293
f 756 299 300
f 756 1010 299
f 1006 1341 756
f 1341 1010 756
f 306 759 758
f 1009 758 759
f 758 1342 1008
f 758 1009 1342
f 307 1011 759
f 1343 1009 759
f 1011 1343 759
f 760 308 1012
f 760 307 308
f 760 1011 307
f 1011 760 1012
f 766 1012 308
f 766 1013 1012
f 310 762 761
f 762 1015 761
f 761 309 310
f 761 1014 309
f 1015 1345 761
f 761 1345 1014
f 311 763 762
f 763 1016 762
f 762 310 311
f 1346 1015 762
f 1016 1346 762
f 763 312 1017
f 763 311 312
f 1347 1016 763
f 1347 763 1017
f 764 313 1018
f 764 312 313
f 764 1017 312
f 764 1018 1017
f 765 299 1010
f 765 314 299
f 765 775 314
f 765 1020 775
f 1010 1348 765
f 1348 1020 765
f 766 767 1013
f 766 324 767
f 767 325 768
f 1021 767 768
f 1013 767 1350
f 767 1021 1350
f 1022 768 326
f 326 768 325
f 1351 1021 768
f 1351 768 1022
f 769 327 1023
f 769 326 327
f 326 769 1022
f 1022 769 1023
f 778 328 1024
f 778 327 328
f 778 1023 327
f 778 1024 1023
f 1014 770 309
f 770 330 309
f 330 770 329
f 770 1027 329
f 1027 770 1353
f 1014 1353 770
f 313 772 1018
f 313 334 772
f 773 772 335
f 1019 772 773
f 772 1355 1018
f 772 1019 1355
f 336 1028 773
f 773 335 336
f 1356 1019 773
f 1028 1356 773
f 775 1029 337
f 775 1020 1029
f 774 337 1029
f 774 336 337
f 774 1028 336
f 1028 774 1029
f 784 342 341
f 785 343 342
f 786 344 343
f 787 345 344
f 788 346 345
f 328 779 1024
f 779 353 780
f 1025 779 780
f 779 1025 1024
f 780 354 781
f 1026 780 781
f 1025 780 1361
f 780 1026 1361
f 781 791 1030
f 781 354 791
f 1362 1026 781
f 1030 1362 781
f 1027 782 329
f 355 329 782
f 355 782 793
f 782 1031 793
f 1363 782 1027
f 1363 1031 782
f 340 366 783
f 366 365 794
f 784 341 783
f 1032 784 783
f 366 795 783
f 783 795 1032
f 785 342 784
f 1033 785 784
f 1032 1033 784
f 786 343 785
f 1034 786 785
f 785 1033 1034
f 787 344 786
f 1035 787 786
f 786 1034 1035
f 788 345 787
f 1036 788 787
f 787 1035 1036
f 788 789 346
f 788 1037 789
f 788 1036 1037
f 347 789 790
f 789 1038 790
f 789 1037 1038
f 796 367 790
f 1038 796 790
f 368 367 797
f 792 1030 791
f 792 791 374
f 792 800 1039
f 792 374 800
f 792 1364 1030
f 792 1039 1364
f 793 1040 375
f 793 1031 1040
f 365 386 794
f 386 385 803
f 366 794 795
f 794 1041 795
f 386 804 794
f 794 804 1041
f 795 1042 1032
f 795 1041 1042
f 1367 1032 1042
f 1367 1033 1032
f 1367 1043 1033
f 1367 1042 1043
f 1368 1033 1043
f 1368 1034 1033
f 1368 1044 1034
f 1368 1043 1044
f 1369 1034 1044
f 1369 1035 1034
f 1370 1036 1035
f 1371 1037 1036
f 1048 796 1038
f 1372 1037 1047
f 1037 1372 1038
f 1372 1048 1038
f 1372 1047 1048
f 797 367 796
f 1049 797 796
f 796 1048 1049
f 368 797 798
f 1050 798 797
f 1050 797 1049
f 369 798 799
f 798 1051 799
f 798 1050 1051
f 805 387 799
f 805 799 1051
f 388 387 806
f 800 1052 1039
f 1052 800 807
f 800 391 807
f 808 1053 1052
f 1052 1373 1039
f 1053 1373 1052
f 801 375 1040
f 801 392 375
f 801 1054 392
f 1054 801 1040
f 386 803 804
f 803 1055 804
f 1055 803 810
f 810 803 402
f 804 1056 1041
f 804 1055 1056
f 1375 1041 1056
f 1375 1042 1041
f 1375 1057 1042
f 1375 1056 1057
f 1376 1042 1057
f 1376 1043 1042
f 1376 1058 1043
f 1376 1057 1058
f 1377 1043 1058
f 1377 1044 1043
f 1377 1059 1044
f 1377 1058 1059
f 1378 1044 1059
f 1378 1045 1044
f 1378 1060 1045
f 1378 1059 1060
f 1379 1045 1060
f 1379 1046 1045
f 1379 1061 1046
f 1379 1060 1061
f 1380 1046 1061
f 1380 1047 1046
f 1380 1062 1047
f 1380 1061 1062
f 1381 1047 1062
f 1381 1048 1047
f 1381 1063 1048
f 1381 1062 1063
f 1382 1048 1063
f 1382 1049 1048
f 1382 1064 1049
f 1382 1063 1064
f 1383 1049 1064
f 1383 1050 1049
f 1383 1065 1050
f 1383 1064 1065
f 1384 1050 1065
f 1050 1384 1051
f 1384 1066 1051
f 1384 1065 1066
f 806 387 805
f 1067 806 805
f 805 1051 1066
f 805 1066 1067
f 388 806 403
f 1068 403 806
f 1067 1068 806
f 404 403 812
f 403 1068 812
f 1052 807 808
f 808 807 407
f 407 813 808
f 813 1069 808
f 808 1069 1053
f 809 392 1054
f 809 408 392
f 809 1070 408
f 1070 809 1054
f 810 1071 1055
f 1071 810 815
f 810 418 815
f 1071 811 1055
f 811 1056 1055
f 811 1072 1056
f 811 1071 1072
f 1387 1056 1072
f 1387 1057 1056
f 1387 1073 1057
f 1387 1072 1073
f 1388 1057 1073
f 1388 1058 1057
f 1388 1074 1058
f 1388 1073 1074
f 1389 1058 1074
f 1389 1059 1058
f 1389 1075 1059
f 1389 1074 1075
f 1390 1059 1075
f 1390 1060 1059
f 1390 1076 1060
f 1390 1075 1076
f 1391 1060 1076
f 1391 1061 1060
f 1391 1077 1061
f 1391 1076 1077
f 1392 1061 1077
f 1392 1062 1061
f 1392 1078 1062
f 1392 1077 1078
f 1393 1062 1078
f 1393 1063 1062
f 1393 1079 1063
f 1393 1078 1079
f 1394 1063 1079
f 1394 1064 1063
f 1394 1080 1064
f 1394 1079 1080
f 1395 1064 1080
f 1395 1065 1064
f 1395 1081 1065
f 1395 1080 1081
f 1396 1065 1081
f 1396 1066 1065
f 1396 1082 1066
f 1396 1081 1082
f 1397 1067 1066
f 1397 1083 1067
f 1084 812 1068
f 1398 1067 1083
f 1398 1068 1067
f 1068 1398 1084
f 1398 1083 1084
f 419 812 818
f 812 1084 818
f 813 407 422
f 1085 1069 813
f 1085 813 819
f 422 819 813
f 1069 1085 1399
f 814 408 1070
f 814 1070 1087
f 423 814 821
f 1087 821 814
f 1087 1070 1400
f 816 1071 815
f 816 815 433
f 433 823 816
f 816 823 1088
f 816 1072 1071
f 816 1088 1072
f 1401 1072 1088
f 1401 1073 1072
f 1401 1089 1073
f 1401 1088 1089
f 1402 1073 1089
f 1402 1074 1073
f 1402 1090 1074
f 1402 1089 1090
f 1403 1074 1090
f 1403 1075 1074
f 1403 1091 1075
f 1403 1090 1091
f 1404 1075 1091
f 1404 1076 1075
f 1404 1092 1076
f 1404 1091 1092
f 1405 1076 1092
f 1405 1077 1076
f 1405 1093 1077
f 1405 1092 1093
f 1406 1077 1093
f 1406 1078 1077
f 1406 1094 1078
f 1406 1093 1094
f 1407 1078 1094
f 1407 1079 1078
f 1407 1095 1079
f 1407 1094 1095
f 1408 1079 1095
f 1408 1080 1079
f 1408 1096 1080
f 1408 1095 1096
f 1409 1080 1096
f 1409 1081 1080
f 1409 1097 1081
f 1409 1096 1097
f 1410 1081 1097
f 1410 1082 1081
f 1410 1098 1082
f 1410 1097 1098
f 1411 1082 1098
f 1411 1083 1082
f 1411 1099 1083
f 1411 1098 1099
f 817 818 1084
f 817 434 818
f 817 826 434
f 817 1099 826
f 817 1083 1099
f 817 1084 1083
f 819 422 438
f 1100 820 819
f 819 820 1085
f 1100 819 827
f 827 819 438
f 1100 828 820
f 820 828 1101
f 820 1086 1085
f 820 1101 1086
f 821 1103 439
f 1087 1414 821
f 821 1414 1103
f 823 433 449
f 823 1104 1088
f 1104 823 834
f 823 449 834
f 1104 824 1088
f 824 1089 1088
f 824 1105 1089
f 824 1104 1105
f 1415 1089 1105
f 1415 1090 1089
f 1415 1106 1090
f 1415 1105 1106
f 1416 1090 1106
f 1416 1091 1090
f 1416 1107 1091
f 1416 1106 1107
f 1417 1091 1107
f 1417 1092 1091
f 1417 1108 1092
f 1417 1107 1108
f 1418 1092 1108
f 1418 1093 1092
f 1418 1109 1093
f 1418 1108 1109
f 1419 1093 1109
f 1419 1094 1093
f 1419 1110 1094
f 1419 1109 1110
f 1420 1094 1110
f 1420 1095 1094
f 1420 1111 1095
f 1420 1110 1111
f 1421 1095 1111
f 1421 1096 1095
f 1421 1112 1096
f 1421 1111 1112
f 1422 1096 1112
f 1422 1097 1096
f 1422 1113 1097
f 1422 1112 1113
f 825 1098 1114
f 1113 836 1114
f 1423 1097 1113
f 1423 1098 1097
f 1423 1114 1098
f 1423 1113 1114
f 825 826 1099
f 825 450 826
f 825 837 450
f 1114 837 825
f 825 1099 1098
f 1100 827 828
f 828 827 456
f 457 829 828
f 1101 828 829
f 457 828 838
f 828 456 838
f 457 839 829
f 829 839 1115
f 829 1102 1101
f 829 1115 1102
f 1115 840 1116
f 1424 1102 1115
f 1116 1424 1115
f 830 439 1103
f 830 458 439
f 830 1118 458
f 830 1103 1118
f 1118 842 458
f 1118 1119 842
f 1427 1118 1103
f 1119 1118 1427
f 834 1120 1104
f 1120 834 847
f 834 468 847
f 1120 835 1104
f 835 1105 1104
f 835 1121 1105
f 1121 835 1120
f 1428 1105 1121
f 1428 1106 1105
f 1428 1122 1106
f 1428 1121 1122
f 1429 1106 1122
f 1429 1107 1106
f 1429 1123 1107
f 1429 1122 1123
f 1430 1107 1123
f 1430 1108 1107
f 1430 1124 1108
f 1430 1123 1124
f 1431 1108 1124
f 1431 1109 1108
f 1431 1125 1109
f 1431 1124 1125
f 1432 1109 1125
f 1432 1110 1109
f 1432 1126 1110
f 1432 1125 1126
f 1433 1110 1126
f 1433 1111 1110
f 1433 1127 1111
f 1433 1126 1127
f 1434 1111 1127
f 1434 1112 1111
f 1434 1128 1112
f 1434 1127 1128
f 836 1113 1129
f 1435 1112 1128
f 1435 1113 1112
f 1435 1129 1113
f 1435 1128 1129
f 1114 836 837
f 836 469 837
f 836 850 469
f 1129 850 836
f 457 838 839
f 477 839 838
f 1115 839 840
f 478 840 839
f 478 839 853
f 853 839 477
f 840 1130 1116
f 1130 840 854
f 478 854 840
f 855 1131 1130
f 1130 841 1116
f 841 1117 1116
f 841 1131 1117
f 841 1130 1131
f 842 479 458
f 842 1133 479
f 856 479 1133
f 1438 1133 842
f 1119 1438 842
f 847 490 1134
f 847 1134 1120
f 490 862 1134
f 862 1135 1134
f 1134 848 1120
f 1120 848 1121
f 848 1135 1121
f 848 1134 1135
f 1439 1121 1135
f 1439 1122 1121
f 1439 1136 1122
f 1439 1135 1136
f 1440 1122 1136
f 1440 1123 1122
f 1440 1137 1123
f 1440 1136 1137
f 1441 1123 1137
f 1441 1124 1123
f 1441 1138 1124
f 1441 1137 1138
f 1442 1124 1138
f 1442 1125 1124
f 1442 1139 1125
f 1442 1138 1139
f 1443 1125 1139
f 1443 1126 1125
f 1443 1140 1126
f 1443 1139 1140
f 1444 1126 1140
f 1444 1127 1126
f 1444 1141 1127
f 1444 1140 1141
f 1445 1127 1141
f 1445 1128 1127
f 1445 1142 1128
f 1445 1141 1142
f 850 849 491
f 849 850 1129
f 863 491 849
f 1142 863 849
f 849 1128 1142
f 849 1129 1128
f 478 853 854
f 501 854 853
f 1130 854 855
f 502 855 854
f 502 854 868
f 868 854 501
f 1143 1131 855
f 869 1143 855
f 502 869 855
f 1446 1131 1143
f 1446 1132 1131
f 1446 1144 1132
f 1446 1143 1144
f 856 1145 503
f 871 503 1145
f 1145 856 1449
f 1133 1449 856
f 859 860 487
f 859 512 860
f 512 859 875
f 511 875 859
f 513 860 876
f 860 512 876
f 862 490 861
f 862 861 1146
f 1146 861 877
f 861 514 877
f 862 1147 1135
f 862 1146 1147
f 1450 1135 1147
f 1450 1136 1135
f 1450 1148 1136
f 1450 1147 1148
f 1451 1136 1148
f 1451 1137 1136
f 1451 1149 1137
f 1451 1148 1149
f 1452 1137 1149
f 1452 1138 1137
f 1452 1150 1138
f 1452 1149 1150
f 1453 1138 1150
f 1453 1139 1138
f 1453 1151 1139
f 1453 1150 1151
f 1454 1139 1151
f 1454 1140 1139
f 1454 1152 1140
f 1454 1151 1152
f 1455 1140 1152
f 1455 1141 1140
f 1455 1153 1141
f 1455 1152 1153
f 1456 1141 1153
f 1456 1142 1141
f 1456 1154 1142
f 1456 1153 1154
f 863 515 491
f 879 515 863
f 1154 879 863
f 863 1142 1154
f 502 868 869
f 869 868 526
f 1143 869 1155
f 1155 869 885
f 526 885 869
f 886 1156 1155
f 1155 870 1143
f 870 1144 1143
f 870 1156 1144
f 870 1155 1156
f 528 871 527
f 871 1157 527
f 1459 1157 871
f 1145 1459 871
f 888 534 533
f 873 874 510
f 873 535 874
f 535 873 889
f 534 889 873
f 874 875 511
f 874 536 875
f 536 874 890
f 874 535 890
f 512 875 876
f 875 537 876
f 537 875 891
f 875 536 891
f 877 1158 1146
f 1158 877 892
f 892 877 539
f 1158 878 1146
f 878 1147 1146
f 878 1159 1147
f 878 1158 1159
f 1460 1147 1159
f 1460 1148 1147
f 1460 1160 1148
f 1460 1159 1160
f 1461 1148 1160
f 1461 1149 1148
f 1461 1161 1149
f 1461 1160 1161
f 1462 1149 1161
f 1462 1150 1149
f 1462 1162 1150
f 1462 1161 1162
f 1463 1150 1162
f 1463 1151 1150
f 1463 1163 1151
f 1463 1162 1163
f 1464 1151 1163
f 1464 1152 1151
f 1464 1164 1152
f 1464 1163 1164
f 1465 1152 1164
f 1465 1153 1152
f 1465 1165 1153
f 1465 1164 1165
f 1166 879 1154
f 1466 1153 1165
f 1466 1154 1153
f 1154 1466 1166
f 1466 1165 1166
f 879 540 515
f 893 540 879
f 893 879 1166
f 551 885 526
f 1155 885 886
f 1167 886 885
f 1167 885 898
f 885 551 898
f 1167 899 886
f 899 1168 886
f 886 1168 1156
f 1467 1156 1168
f 1157 887 527
f 887 553 527
f 553 887 552
f 552 887 1169
f 887 1157 1469
f 1169 887 1469
f 534 888 889
f 560 889 888
f 535 889 890
f 889 561 890
f 561 889 560
f 536 890 891
f 891 890 562
f 890 561 562
f 892 539 565
f 1170 1158 892
f 565 903 892
f 903 1170 892
f 1470 1158 1170
f 1470 1159 1158
f 1470 1171 1159
f 1470 1170 1171
f 1471 1159 1171
f 1471 1160 1159
f 1471 1172 1160
f 1471 1171 1172
f 1472 1160 1172
f 1472 1161 1160
f 1472 1173 1161
f 1472 1172 1173
f 1473 1161 1173
f 1473 1162 1161
f 1473 1174 1162
f 1473 1173 1174
f 1474 1162 1174
f 1474 1163 1162
f 1474 1175 1163
f 1474 1174 1175
f 1475 1163 1175
f 1475 1164 1163
f 1475 1176 1164
f 1475 1175 1176
f 1476 1164 1176
f 1476 1165 1164
f 1476 1177 1165
f 1476 1176 1177
f 1477 1165 1177
f 1477 1166 1165
f 1477 1178 1166
f 1477 1177 1178
f 893 566 540
f 904 566 893
f 1178 904 893
f 893 1166 1178
f 577 898 551
f 910 577 576
f 1167 898 899
f 1179 899 898
f 1179 898 911
f 577 911 898
f 1179 1180 899
f 899 1180 1168
f 1478 1168 1180
f 900 552 1169
f 900 578 552
f 900 1181 578
f 900 1169 1181
f 565 902 903
f 902 1182 903
f 916 1182 902
f 916 902 590
f 903 1183 1170
f 903 1182 1183
f 1481 1170 1183
f 1481 1171 1170
f 1481 1184 1171
f 1481 1183 1184
f 1482 1171 1184
f 1482 1172 1171
f 1482 1185 1172
f 1482 1184 1185
f 1483 1172 1185
f 1483 1173 1172
f 1483 1186 1173
f 1483 1185 1186
f 1484 1173 1186
f 1484 1174 1173
f 1484 1187 1174
f 1484 1186 1187
f 1485 1174 1187
f 1485 1175 1174
f 1485 1188 1175
f 1485 1187 1188
f 1486 1175 1188
f 1486 1176 1175
f 1486 1189 1176
f 1486 1188 1189
f 1487 1176 1189
f 1487 1177 1176
f 1487 1190 1177
f 1487 1189 1190
f 1488 1177 1190
f 1488 1178 1177
f 1488 1191 1178
f 1488 1190 1191
f 904 591 566
f 1192 591 904
f 1191 1192 904
f 904 1178 1191
f 592 591 917
f 591 1192 917
f 577 910 911
f 1193 911 910
f 1193 910 922
f 922 910 601
f 1179 911 1194
f 1193 923 911
f 1194 911 923
f 1194 912 1179
f 912 1180 1179
f 912 1195 1180
f 912 1194 1195
f 913 578 1181
f 913 602 578
f 913 1196 602
f 913 1181 1196
f 603 602 924
f 924 602 1196
f 916 590 915
f 1197 916 915
f 1197 915 925
f 915 613 925
f 1197 1198 916
f 916 1198 1182
f 1492 1182 1198
f 1492 1183 1182
f 1492 1199 1183
f 1492 1198 1199
f 1493 1183 1199
f 1493 1184 1183
f 1493 1200 1184
f 1493 1199 1200
f 1494 1184 1200
f 1494 1185 1184
f 1494 1201 1185
f 1494 1200 1201
f 1495 1185 1201
f 1495 1186 1185
f 1495 1202 1186
f 1495 1201 1202
f 1496 1186 1202
f 1496 1187 1186
f 1496 1203 1187
f 1496 1202 1203
f 1497 1187 1203
f 1497 1188 1187
f 1497 1204 1188
f 1497 1203 1204
f 1498 1188 1204
f 1498 1189 1188
f 1498 1205 1189
f 1498 1204 1205
f 1499 1189 1205
f 1499 1190 1189
f 1500 1191 1190
f 917 1192 1208
f 1501 1191 1207
f 1501 1192 1191
f 1501 1208 1192
f 1501 1207 1208
f 917 926 614
f 917 1208 926
f 622 921 600
f 621 929 622
f 922 601 921
f 1209 922 921
f 1209 921 930
f 622 930 921
f 923 1193 922
f 923 922 1210
f 1210 922 1209
f 923 1211 1194
f 923 1210 1211
f 1502 1194 1211
f 1502 1195 1194
f 924 932 623
f 1212 932 924
f 1504 924 1196
f 1212 924 1504
f 613 633 925
f 1213 1197 925
f 633 934 925
f 1213 925 934
f 1505 1197 1213
f 1505 1198 1197
f 1505 1214 1198
f 1505 1213 1214
f 1506 1199 1198
f 1507 1199 1215
f 1507 1200 1199
f 1507 1216 1200
f 1507 1215 1216
f 1508 1200 1216
f 1508 1201 1200
f 1508 1217 1201
f 1508 1216 1217
f 1509 1201 1217
f 1509 1202 1201
f 1509 1218 1202
f 1509 1217 1218
f 1510 1202 1218
f 1510 1203 1202
f 1510 1219 1203
f 1510 1218 1219
f 1511 1203 1219
f 1511 1204 1203
f 926 927 614
f 926 1225 927
f 926 1208 1224
f 926 1224 1225
f 935 634 927
f 935 927 1225
f 928 929 621
f 928 1226 929
f 928 639 937
f 928 937 1226
f 622 929 930
f 929 1227 930
f 929 1226 1227
f 1228 1209 930
f 930 1227 1228
f 931 1209 1228
f 1209 931 1210
f 931 1229 1210
f 931 1228 1229
f 1516 1211 1210
f 932 640 623
f 932 1230 640
f 1212 1230 932
f 641 640 938
f 1230 938 640
f 933 934 633
f 933 1231 934
f 1231 933 939
f 939 933 649
f 934 1232 1213
f 934 1231 1232
f 1522 1217 1216
f 935 650 634
f 1245 650 935
f 935 1225 1244
f 1245 935 1244
f 651 650 940
f 650 1245 940
f 937 639 936
f 937 936 1246
f 1246 936 941
f 941 936 654
f 937 1247 1226
f 937 1246 1247
f 1226 1531 1227
f 641 938 655
f 655 938 1248
f 1230 1535 938
f 1248 938 1535
f 942 1249 656
f 942 656 655
f 942 655 1248
f 942 1248 1249
f 939 649 663
f 663 945 939
f 945 1250 939
f 1231 939 1250
f 1537 1231 1250
f 1264 940 1245
f 1550 1264 1245
f 651 940 664
f 664 940 946
f 1264 946 940
f 941 654 667
f 667 949 941
f 949 1265 941
f 1246 941 1265
f 943 656 1249
f 657 943 944
f 1266 944 943
f 1552 943 1249
f 1552 1266 943
f 944 1267 668
f 944 1266 1553
f 944 1553 1267
f 950 1268 669
f 950 669 668
f 950 668 1267
f 950 1267 1268
f 945 663 673
f 945 953 1270
f 945 673 953
f 945 1270 1250
f 1555 1250 1270
f 946 674 664
f 954 674 946
f 1284 954 946
f 946 1264 1284
f 949 667 677
f 677 1285 949
f 949 1569 1265
f 1285 1569 949
f 1268 951 669
f 670 951 952
f 1269 952 951
f 1570 951 1268
f 1570 1269 951
f 952 1286 678
f 1269 1571 952
f 1571 1286 952
f 953 1287 1270
f 1287 953 681
f 953 680 681
f 959 1288 1287
f 1287 1572 1270
f 1572 1287 1288
f 682 954 1301
f 954 1284 1301
f 964 682 1301
f 1300 964 1301
f 1585 1301 1284
f 1301 1585 1300
f 954 683 674
f 954 682 683
f 956 1285 677
f 956 677 686
f 956 686 1302
f 956 1302 1285
f 1302 686 965
f 686 685 965
f 1302 1586 1285
f 1286 957 678
f 957 687 678
f 957 1303 687
f 957 1286 1303
f 1303 966 687
f 1287 681 959
f 959 681 690
f 1304 1288 959
f 1304 959 967
f 959 690 967
f 1305 1304 968
f 1588 1288 1304
f 1588 1304 1305
f 974 1311 1310
f 1594 1310 1311
f 1311 975 1312
f 1312 1595 1311
f 692 961 960
f 961 1297 960
f 960 691 692
f 960 1312 691
f 1297 1596 960
f 960 1596 1312
f 693 962 961
f 962 1298 961
f 961 692 693
f 961 1298 1297
f 963 962 694
f 1299 962 963
f 962 693 694
f 962 1299 1298
f 1300 963 964
f 963 695 964
f 963 1300 1299
f 965 1313 1302
f 965 699 978
f 965 978 1313
f 1313 1597 1302
f 979 700 966
f 1314 979 966
f 1303 1598 966
f 1314 966 1598
f 1304 967 968
f 968 967 703
f 704 969 968
f 1305 968 969
f 704 968 703
f 705 970 969
f 970 1306 969
f 969 704 705
f 969 1306 1305
f 706 971 970
f 971 1307 970
f 970 705 706
f 970 1307 1306
f 707 972 971
f 972 1308 971
f 971 706 707
f 971 1308 1307
f 973 972 708
f 1309 972 973
f 972 707 708
f 972 1309 1308
f 973 974 1310
f 974 973 709
f 1309 973 1310
f 1311 974 975
f 974 710 975
f 1312 975 691
f 975 711 691
f 983 718 717
f 978 699 977
f 978 977 1315
f 984 1315 977
f 984 977 718
f 978 1599 1313
f 978 1315 1599
f 979 719 700
f 979 1316 719
f 1314 1601 979
f 979 1601 1316
f 990 732 731
f 991 733 732
f 992 734 733
f 716 735 982
f 735 1319 982
f 980 1319 735
f 980 735 734
f 980 734 1318
f 980 1318 1319
f 982 983 717
f 983 982 1320
f 982 1319 1320
f 718 983 984
f 1321 984 983
f 1321 983 1320
f 1321 1603 984
f 984 1603 1315
f 985 719 1316
f 985 736 719
f 985 1322 736
f 985 1316 1322
f 993 737 736
f 993 736 1322
f 1323 993 1322
f 1322 1316 1605
f 1323 1322 1605
f 998 744 743
f 999 1325 745
f 999 745 744
f 729 987 988
f 988 987 1326
f 987 745 1325
f 987 1325 1326
f 730 988 989
f 1327 989 988
f 1327 988 1326
f 731 989 990
f 1328 990 989
f 1328 989 1607
f 989 1327 1607
f 991 732 990
f 1329 991 990
f 1328 1608 990
f 1329 990 1608
f 992 733 991
f 1317 992 991
f 1329 1609 991
f 1317 991 1609
f 1318 734 992
f 1317 1610 992
f 1610 1318 992
f 1318 1611 1319
f 993 746 737
f 993 994 746
f 1323 994 993
f 994 1330 747
f 994 747 746
f 994 1323 1613
f 994 1613 1330
f 1000 748 747
f 1000 747 1330
f 1001 749 748
f 1002 1333 750
f 1002 750 749
f 1002 749 1332
f 1002 1332 1333
f 742 996 997
f 1334 997 996
f 996 750 1333
f 996 1333 1334
f 998 743 997
f 1335 998 997
f 1335 997 1616
f 1616 997 1334
f 999 744 998
f 1324 999 998
f 1335 1617 998
f 1324 998 1617
f 1324 1618 999
f 999 1618 1325
f 1001 748 1000
f 1331 1001 1000
f 1330 1331 1000
f 1332 749 1001
f 1332 1001 1331
f 1003 1337 1336
f 1336 1337 1625
f 1336 1624 1006
f 1336 1625 1624
f 1337 1004 1338
f 1622 1337 1338
f 1622 1737 1337
f 1337 1737 1625
f 1338 1005 1339
f 1623 1338 1339
f 1622 1338 1738
f 1338 1623 1738
f 1007 1340 1339
f 1626 1339 1340
f 1623 1339 1739
f 1626 1739 1339
f 1340 1008 1627
f 1740 1626 1340
f 1740 1340 1627
f 1342 1627 1008
f 1341 1006 1624
f 1341 1629 1010
f 1624 1741 1341
f 1741 1629 1341
f 1624 1625 1742
f 1009 1343 1342
f 1628 1342 1343
f 1627 1342 1743
f 1342 1628 1743
f 1630 1343 1011
f 1744 1628 1343
f 1630 1744 1343
f 1631 1344 1012
f 1012 1344 1011
f 1011 1344 1630
f 1630 1344 1631
f 1349 1013 1632
f 1349 1012 1013
f 1012 1349 1631
f 1349 1632 1631
f 1015 1346 1345
f 1345 1346 1634
f 1345 1633 1014
f 1345 1634 1633
f 1016 1347 1346
f 1347 1635 1346
f 1634 1346 1635
f 1636 1347 1017
f 1635 1347 1636
f 1354 1018 1637
f 1354 1017 1018
f 1017 1354 1636
f 1354 1637 1636
f 1348 1010 1629
f 1348 1358 1020
f 1638 1358 1348
f 1629 1638 1348
f 1013 1350 1632
f 1631 1632 1748
f 1021 1351 1350
f 1639 1350 1351
f 1632 1350 1749
f 1639 1749 1350
f 1640 1351 1022
f 1750 1639 1351
f 1750 1351 1640
f 1641 1352 1023
f 1023 1352 1022
f 1022 1352 1640
f 1640 1352 1641
f 1359 1024 1642
f 1359 1023 1024
f 1023 1359 1641
f 1359 1642 1641
f 1360 1025 1643
f 1360 1024 1025
f 1360 1642 1024
f 1360 1643 1642
f 1014 1633 1353
f 1027 1353 1645
f 1633 1753 1353
f 1753 1645 1353
f 1355 1637 1018
f 1636 1637 1756
f 1019 1356 1355
f 1646 1355 1356
f 1637 1355 1757
f 1646 1757 1355
f 1356 1028 1647
f 1758 1646 1356
f 1758 1356 1647
f 1358 1029 1020
f 1029 1358 1648
f 1648 1357 1029
f 1029 1357 1028
f 1028 1357 1647
f 1647 1357 1648
f 1648 1358 1759
f 1358 1638 1759
f 1025 1361 1643
f 1026 1362 1361
f 1644 1361 1362
f 1643 1361 1761
f 1361 1644 1761
f 1649 1362 1030
f 1644 1362 1762
f 1649 1762 1362
f 1030 1364 1649
f 1364 1650 1649
f 1363 1027 1645
f 1363 1366 1031
f 1651 1366 1363
f 1645 1651 1363
f 1365 1650 1364
f 1365 1364 1039
f 1039 1373 1365
f 1373 1652 1365
f 1766 1650 1365
f 1652 1766 1365
f 1366 1040 1031
f 1366 1653 1040
f 1767 1653 1366
f 1651 1767 1366
f 1369 1370 1035
f 1369 1045 1370
f 1045 1369 1044
f 1370 1371 1036
f 1370 1046 1371
f 1046 1370 1045
f 1037 1371 1047
f 1047 1371 1046
f 1373 1654 1652
f 1654 1373 1053
f 1768 1652 1654
f 1374 1040 1653
f 1040 1374 1054
f 1374 1655 1054
f 1374 1653 1655
f 1653 1769 1655
f 1385 1654 1053
f 1385 1053 1069
f 1069 1399 1385
f 1656 1385 1399
f 1385 1770 1654
f 1385 1656 1770
f 1386 1054 1655
f 1054 1386 1070
f 1386 1657 1070
f 1386 1655 1657
f 1070 1657 1400
f 1772 1657 1655
f 1082 1397 1066
f 1397 1082 1083
f 1086 1658 1399
f 1656 1399 1658
f 1399 1085 1086
f 1086 1412 1658
f 1659 1658 1412
f 1656 1658 1773
f 1659 1773 1658
f 1400 1660 1414
f 1087 1400 1414
f 1657 1774 1400
f 1660 1400 1774
f 1086 1101 1412
f 1102 1413 1412
f 1659 1412 1413
f 1412 1101 1102
f 1424 1413 1102
f 1413 1424 1661
f 1775 1659 1413
f 1661 1775 1413
f 1661 1425 1662
f 1662 1776 1661
f 1414 1664 1103
f 1414 1660 1664
f 1427 1103 1664
f 1665 1427 1664
f 1660 1779 1664
f 1665 1664 1779
f 1661 1424 1425
f 1424 1116 1425
f 1117 1426 1425
f 1425 1426 1662
f 1425 1116 1117
f 1666 1663 1426
f 1666 1426 1436
f 1117 1436 1426
f 1426 1663 1662
f 1780 1663 1666
f 1780 1666 1667
f 1668 1438 1427
f 1438 1119 1427
f 1665 1668 1427
f 1436 1117 1131
f 1132 1437 1436
f 1436 1437 1666
f 1132 1436 1131
f 1132 1447 1437
f 1437 1447 1670
f 1437 1667 1666
f 1437 1670 1667
f 1783 1667 1670
f 1438 1668 1673
f 1438 1672 1133
f 1438 1673 1672
f 1785 1673 1668
f 1447 1132 1144
f 1670 1447 1674
f 1674 1447 1457
f 1144 1457 1447
f 1458 1675 1674
f 1674 1448 1670
f 1448 1671 1670
f 1448 1675 1671
f 1448 1674 1675
f 1133 1672 1449
f 1677 1449 1672
f 1145 1449 1676
f 1677 1676 1449
f 1677 1672 1788
f 1788 1672 1673
f 1457 1144 1156
f 1674 1457 1458
f 1678 1458 1457
f 1678 1457 1467
f 1467 1457 1156
f 1678 1468 1458
f 1468 1679 1458
f 1458 1679 1675
f 1790 1675 1679
f 1145 1676 1459
f 1459 1680 1157
f 1681 1680 1459
f 1676 1681 1459
f 1678 1467 1468
f 1682 1468 1467
f 1682 1467 1478
f 1478 1467 1168
f 1682 1479 1468
f 1479 1683 1468
f 1468 1683 1679
f 1792 1679 1683
f 1469 1157 1680
f 1684 1469 1680
f 1469 1480 1169
f 1684 1480 1469
f 1684 1680 1794
f 1680 1681 1794
f 1682 1478 1479
f 1685 1479 1478
f 1685 1478 1489
f 1180 1489 1478
f 1685 1686 1479
f 1479 1686 1683
f 1795 1683 1686
f 1480 1181 1169
f 1480 1491 1181
f 1480 1687 1491
f 1684 1796 1480
f 1687 1480 1796
f 1195 1489 1180
f 1489 1688 1685
f 1688 1489 1503
f 1195 1503 1489
f 1688 1490 1685
f 1490 1686 1685
f 1490 1689 1686
f 1490 1688 1689
f 1491 1196 1181
f 1504 1196 1491
f 1690 1504 1491
f 1687 1798 1491
f 1690 1491 1798
f 1512 1205 1204
f 1499 1500 1190
f 1499 1206 1500
f 1206 1499 1513
f 1205 1513 1499
f 1500 1207 1191
f 1207 1500 1514
f 1500 1206 1514
f 1207 1515 1208
f 1503 1195 1502
f 1691 1503 1502
f 1691 1502 1517
f 1517 1502 1211
f 1691 1692 1503
f 1688 1503 1692
f 1799 1688 1692
f 1693 1212 1504
f 1690 1693 1504
f 1214 1506 1198
f 1519 1214 1213
f 1506 1215 1199
f 1215 1506 1520
f 1506 1214 1520
f 1215 1521 1216
f 1523 1218 1217
f 1218 1524 1219
f 1511 1512 1204
f 1511 1220 1512
f 1220 1511 1525
f 1219 1525 1511
f 1205 1512 1513
f 1512 1221 1513
f 1221 1512 1526
f 1512 1220 1526
f 1206 1513 1514
f 1513 1222 1514
f 1222 1513 1527
f 1513 1221 1527
f 1207 1514 1515
f 1514 1223 1515
f 1223 1514 1528
f 1514 1222 1528
f 1515 1224 1208
f 1224 1515 1529
f 1515 1223 1529
f 1225 1224 1530
f 1227 1532 1228
f 1210 1229 1516
f 1533 1229 1228
f 1517 1211 1516
f 1694 1517 1516
f 1229 1534 1516
f 1516 1534 1694
f 1695 1691 1517
f 1694 1695 1517
f 1695 1802 1691
f 1692 1691 1802
f 1518 1212 1693
f 1518 1230 1212
f 1535 1230 1518
f 1696 1535 1518
f 1804 1518 1693
f 1804 1696 1518
f 1232 1519 1213
f 1232 1231 1537
f 1214 1519 1520
f 1519 1233 1520
f 1233 1519 1538
f 1519 1232 1538
f 1215 1520 1521
f 1520 1234 1521
f 1234 1520 1539
f 1520 1233 1539
f 1521 1522 1216
f 1521 1235 1522
f 1235 1521 1540
f 1521 1234 1540
f 1522 1523 1217
f 1522 1236 1523
f 1236 1522 1541
f 1522 1235 1541
f 1218 1523 1524
f 1523 1237 1524
f 1237 1523 1542
f 1523 1236 1542
f 1219 1524 1525
f 1524 1238 1525
f 1238 1524 1543
f 1524 1237 1543
f 1220 1525 1526
f 1525 1239 1526
f 1239 1525 1544
f 1525 1238 1544
f 1221 1526 1527
f 1526 1240 1527
f 1240 1526 1545
f 1526 1239 1545
f 1222 1527 1528
f 1527 1241 1528
f 1241 1527 1546
f 1527 1240 1546
f 1223 1528 1529
f 1528 1242 1529
f 1242 1528 1547
f 1528 1241 1547
f 1224 1529 1530
f 1529 1243 1530
f 1243 1529 1548
f 1529 1242 1548
f 1225 1530 1244
f 1244 1530 1549
f 1530 1243 1549
f 1245 1244 1550
f 1226 1247 1531
f 1247 1697 1531
f 1697 1247 1551
f 1551 1247 1246
f 1227 1531 1532
f 1532 1531 1698
f 1531 1697 1698
f 1533 1228 1532
f 1699 1533 1532
f 1532 1698 1699
f 1534 1229 1533
f 1700 1534 1533
f 1533 1699 1700
f 1700 1807 1534
f 1534 1807 1694
f 1535 1536 1248
f 1696 1536 1535
f 1536 1701 1249
f 1536 1249 1248
f 1696 1810 1536
f 1810 1701 1536
f 1552 1249 1701
f 1552 1701 1702
f 1702 1701 1811
f 1232 1537 1538
f 1537 1251 1538
f 1251 1537 1555
f 1555 1537 1250
f 1233 1538 1539
f 1538 1252 1539
f 1252 1538 1556
f 1538 1251 1556
f 1234 1539 1540
f 1539 1253 1540
f 1253 1539 1557
f 1539 1252 1557
f 1235 1540 1541
f 1540 1254 1541
f 1254 1540 1558
f 1540 1253 1558
f 1236 1541 1542
f 1541 1255 1542
f 1255 1541 1559
f 1541 1254 1559
f 1237 1542 1543
f 1542 1256 1543
f 1256 1542 1560
f 1542 1255 1560
f 1238 1543 1544
f 1543 1257 1544
f 1257 1543 1561
f 1543 1256 1561
f 1239 1544 1545
f 1544 1258 1545
f 1258 1544 1562
f 1544 1257 1562
f 1240 1545 1546
f 1545 1259 1546
f 1259 1545 1563
f 1545 1258 1563
f 1241 1546 1547
f 1546 1260 1547
f 1260 1546 1564
f 1546 1259 1564
f 1242 1547 1548
f 1547 1261 1548
f 1261 1547 1565
f 1547 1260 1565
f 1243 1548 1549
f 1548 1262 1549
f 1262 1548 1566
f 1548 1261 1566
f 1244 1549 1550
f 1549 1263 1550
f 1263 1549 1567
f 1549 1262 1567
f 1550 1568 1264
f 1550 1263 1568
f 1551 1246 1265
f 1265 1704 1551
f 1697 1551 1705
f 1704 1705 1551
f 1812 1698 1697
f 1702 1553 1552
f 1266 1552 1553
f 1267 1553 1554
f 1553 1703 1554
f 1553 1702 1814
f 1703 1553 1814
f 1554 1706 1268
f 1554 1268 1267
f 1703 1815 1554
f 1815 1706 1554
f 1570 1268 1706
f 1570 1706 1707
f 1251 1555 1556
f 1555 1271 1556
f 1271 1555 1572
f 1555 1270 1572
f 1252 1556 1557
f 1556 1272 1557
f 1272 1556 1573
f 1556 1271 1573
f 1253 1557 1558
f 1557 1273 1558
f 1273 1557 1574
f 1557 1272 1574
f 1254 1558 1559
f 1558 1274 1559
f 1274 1558 1575
f 1558 1273 1575
f 1255 1559 1560
f 1559 1275 1560
f 1275 1559 1576
f 1559 1274 1576
f 1256 1560 1561
f 1560 1276 1561
f 1276 1560 1577
f 1560 1275 1577
f 1257 1561 1562
f 1561 1277 1562
f 1277 1561 1578
f 1561 1276 1578
f 1258 1562 1563
f 1562 1278 1563
f 1278 1562 1579
f 1562 1277 1579
f 1259 1563 1564
f 1563 1279 1564
f 1279 1563 1580
f 1563 1278 1580
f 1260 1564 1565
f 1564 1280 1565
f 1280 1564 1581
f 1564 1279 1581
f 1261 1565 1566
f 1565 1281 1566
f 1281 1565 1582
f 1565 1280 1582
f 1262 1566 1567
f 1566 1282 1567
f 1282 1566 1583
f 1566 1281 1583
f 1263 1567 1568
f 1567 1283 1568
f 1283 1567 1584
f 1567 1282 1584
f 1264 1568 1284
f 1568 1585 1284
f 1568 1283 1585
f 1569 1704 1265
f 1569 1709 1704
f 1709 1569 1586
f 1569 1285 1586
f 1709 1817 1704
f 1571 1570 1707
f 1571 1269 1570
f 1571 1710 1286
f 1708 1571 1707
f 1708 1710 1571
f 1271 1572 1573
f 1288 1573 1572
f 1272 1573 1574
f 1573 1289 1574
f 1289 1573 1588
f 1588 1573 1288
f 1273 1574 1575
f 1574 1290 1575
f 1290 1574 1589
f 1574 1289 1589
f 1274 1575 1576
f 1575 1291 1576
f 1291 1575 1590
f 1575 1290 1590
f 1275 1576 1577
f 1576 1292 1577
f 1292 1576 1591
f 1576 1291 1591
f 1276 1577 1578
f 1577 1293 1578
f 1293 1577 1592
f 1577 1292 1592
f 1277 1578 1579
f 1578 1294 1579
f 1294 1578 1593
f 1578 1293 1593
f 1278 1579 1580
f 1579 1295 1580
f 1295 1579 1594
f 1579 1294 1594
f 1279 1580 1581
f 1580 1296 1581
f 1296 1580 1595
f 1580 1295 1595
f 1280 1581 1582
f 1581 1297 1582
f 1297 1581 1596
f 1581 1296 1596
f 1281 1582 1583
f 1582 1298 1583
f 1298 1582 1297
f 1282 1583 1584
f 1583 1299 1584
f 1299 1583 1298
f 1283 1584 1585
f 1584 1300 1585
f 1300 1584 1299
f 1302 1597 1586
f 1711 1586 1597
f 1709 1586 1711
f 1587 1286 1710
f 1587 1303 1286
f 1598 1303 1587
f 1712 1598 1587
f 1821 1587 1710
f 1712 1587 1821
f 1289 1588 1589
f 1305 1589 1588
f 1290 1589 1590
f 1589 1306 1590
f 1306 1589 1305
f 1291 1590 1591
f 1590 1307 1591
f 1307 1590 1306
f 1292 1591 1592
f 1591 1308 1592
f 1308 1591 1307
f 1293 1592 1593
f 1592 1309 1593
f 1309 1592 1308
f 1294 1593 1594
f 1594 1593 1310
f 1593 1309 1310
f 1295 1594 1595
f 1594 1311 1595
f 1296 1595 1596
f 1595 1312 1596
f 1313 1600 1597
f 1600 1713 1597
f 1597 1713 1711
f 1601 1598 1714
f 1601 1314 1598
f 1714 1598 1712
f 1599 1600 1313
f 1599 1715 1600
f 1604 1715 1599
f 1604 1599 1315
f 1715 1824 1600
f 1713 1600 1824
f 1601 1716 1316
f 1601 1714 1716
f 1316 1716 1605
f 1716 1714 1825
f 1611 1720 1319
f 1612 1721 1320
f 1612 1320 1319
f 1612 1319 1720
f 1612 1720 1721
f 1603 1321 1722
f 1602 1722 1321
f 1602 1321 1320
f 1602 1320 1721
f 1602 1721 1722
f 1603 1604 1315
f 1723 1604 1603
f 1723 1603 1722
f 1723 1826 1604
f 1604 1826 1715
f 1724 1323 1605
f 1716 1717 1605
f 1724 1605 1717
f 1619 1726 1326
f 1619 1326 1325
f 1619 1325 1725
f 1619 1725 1726
f 1606 1727 1327
f 1606 1327 1326
f 1606 1326 1726
f 1606 1726 1727
f 1328 1607 1608
f 1728 1608 1607
f 1607 1327 1727
f 1607 1727 1728
f 1329 1608 1609
f 1608 1729 1609
f 1608 1728 1831
f 1729 1608 1831
f 1317 1609 1610
f 1718 1610 1609
f 1609 1729 1832
f 1718 1609 1832
f 1611 1318 1610
f 1719 1611 1610
f 1718 1833 1610
f 1833 1719 1610
f 1719 1834 1611
f 1611 1834 1720
f 1724 1613 1323
f 1330 1613 1730
f 1724 1838 1613
f 1730 1613 1838
f 1614 1731 1331
f 1614 1331 1330
f 1614 1330 1730
f 1614 1730 1731
f 1731 1730 1839
f 1620 1732 1332
f 1620 1332 1331
f 1620 1331 1731
f 1620 1731 1732
f 1621 1733 1333
f 1621 1333 1332
f 1621 1332 1732
f 1621 1732 1733
f 1615 1734 1334
f 1615 1334 1333
f 1615 1333 1733
f 1615 1733 1734
f 1335 1616 1617
f 1616 1735 1617
f 1616 1334 1734
f 1735 1616 1843
f 1843 1616 1734
f 1324 1617 1618
f 1736 1618 1617
f 1617 1735 1844
f 1736 1617 1844
f 1618 1725 1325
f 1736 1845 1618
f 1845 1725 1618
f 1622 1738 1737
f 1737 1738 1848
f 1737 1847 1625
f 1737 1848 1847
f 1623 1739 1738
f 1849 1738 1739
f 1849 1967 1738
f 1738 1967 1848
f 1626 1740 1739
f 1850 1739 1740
f 1968 1849 1739
f 1968 1739 1850
f 1740 1627 1851
f 1740 1851 1850
f 1743 1851 1627
f 1624 1742 1741
f 1742 1852 1741
f 1747 1741 1852
f 1747 1629 1741
f 1742 1625 1847
f 1847 1969 1742
f 1742 1969 1852
f 1847 1848 1970
f 1850 1851 1973
f 1628 1744 1743
f 1853 1743 1744
f 1974 1851 1743
f 1853 1974 1743
f 1744 1630 1854
f 1853 1744 1854
f 1745 1631 1855
f 1631 1745 1630
f 1630 1745 1854
f 1745 1855 1854
f 1754 1633 1634
f 1746 1635 1860
f 1635 1746 1634
f 1746 1859 1634
f 1746 1860 1859
f 1636 1755 1635
f 1755 1860 1635
f 1747 1638 1629
f 1747 1861 1638
f 1759 1638 1861
f 1747 1852 1978
f 1747 1978 1861
f 1855 1631 1748
f 1632 1749 1748
f 1856 1748 1749
f 1855 1748 1982
f 1748 1856 1982
f 1639 1750 1749
f 1750 1862 1749
f 1856 1749 1983
f 1862 1983 1749
f 1751 1750 1640
f 1751 1857 1750
f 1862 1750 1984
f 1750 1857 1984
f 1863 1751 1641
f 1641 1751 1640
f 1751 1858 1857
f 1751 1863 1858
f 1752 1642 1864
f 1752 1641 1642
f 1641 1752 1863
f 1863 1752 1864
f 1985 1858 1863
f 1864 1985 1863
f 1760 1643 1865
f 1760 1642 1643
f 1760 1864 1642
f 1760 1865 1864
f 1754 1753 1633
f 1753 1754 1866
f 1753 1764 1645
f 1753 1866 1764
f 1754 1634 1859
f 1859 1987 1754
f 1754 1987 1866
f 1988 1859 1860
f 1755 1636 1756
f 1867 1755 1756
f 1989 1860 1755
f 1867 1989 1755
f 1637 1757 1756
f 1868 1756 1757
f 1756 1868 1867
f 1646 1758 1757
f 1757 1758 1869
f 1868 1757 1869
f 1758 1647 1870
f 1758 1870 1869
f 1648 1765 1647
f 1765 1870 1647
f 1648 1759 1871
f 1759 1861 1990
f 1871 1759 1990
f 1643 1761 1865
f 1761 1644 1762
f 1872 1761 1762
f 1865 1761 1992
f 1761 1872 1992
f 1762 1649 1873
f 1872 1762 1993
f 1873 1993 1762
f 1763 1650 1874
f 1763 1649 1650
f 1649 1763 1873
f 1763 1874 1873
f 1764 1651 1645
f 1764 1875 1651
f 1875 1767 1651
f 1994 1875 1764
f 1994 1764 1866
f 1869 1870 1999
f 1765 1648 1871
f 1765 2000 1870
f 1765 1871 2000
f 1766 1874 1650
f 1766 1652 1876
f 2003 1874 1766
f 1876 2003 1766
f 1653 1767 1769
f 1877 1769 1767
f 1875 1877 1767
f 1768 1876 1652
f 1768 1770 1878
f 1654 1770 1768
f 2005 1876 1768
f 2005 1768 1878
f 1655 1769 1772
f 1879 1772 1769
f 1769 1877 1879
f 1770 1656 1771
f 1770 1771 1878
f 1656 1773 1771
f 1880 1771 1773
f 2007 1878 1771
f 1880 2007 1771
f 1881 1774 1772
f 1774 1657 1772
f 1879 1881 1772
f 1659 1882 1773
f 1773 1882 1880
f 1775 1882 1659
f 1882 1775 1883
f 1883 2009 1882
f 1883 1776 1884
f 1884 2010 1883
f 1884 1777 1885
f 1885 2011 1884
f 1660 1774 1887
f 1774 1881 1887
f 1660 1887 1779
f 1888 1779 1887
f 2013 1887 1881
f 2013 1888 1887
f 1883 1775 1776
f 1775 1661 1776
f 1884 1776 1777
f 1776 1662 1777
f 1663 1778 1777
f 1777 1778 1885
f 1777 1662 1663
f 1778 1780 1889
f 1778 1663 1780
f 1778 1886 1885
f 1778 1889 1886
f 1665 1779 1891
f 1888 1891 1779
f 1665 1891 1782
f 1892 1782 1891
f 2017 1891 1888
f 2017 1892 1891
f 1889 1780 1781
f 1781 1780 1667
f 1893 1890 1781
f 1893 1781 1783
f 1781 1667 1783
f 1889 1781 1890
f 1890 1893 2019
f 1782 1668 1665
f 1669 1782 1895
f 1892 1895 1782
f 1669 1785 1782
f 1785 1668 1782
f 1669 1895 1786
f 1895 1896 1786
f 2020 1895 1892
f 2020 1896 1895
f 1671 1784 1783
f 1783 1784 1893
f 1783 1670 1671
f 1671 1787 1784
f 1784 1787 1897
f 1784 1894 1893
f 1784 1897 1894
f 1669 1786 1785
f 1786 1898 1785
f 1785 1789 1673
f 1785 1898 1789
f 1786 1896 1899
f 1786 1899 1898
f 1675 1787 1671
f 1787 1900 1897
f 1900 1787 1790
f 1790 1787 1675
f 1900 2024 1897
f 1676 1677 1791
f 1788 1673 1789
f 1788 1789 1903
f 1677 1788 1902
f 1788 1903 1902
f 1789 1898 1904
f 1789 1904 1903
f 1790 1905 1900
f 1905 1790 1792
f 1792 1790 1679
f 1905 2028 1900
f 2028 1901 1900
f 2028 1906 1901
f 2028 1905 1906
f 1676 1791 1681
f 1907 1681 1791
f 1907 1794 1681
f 1791 1677 1902
f 1908 1791 1902
f 1791 1908 1907
f 2030 1908 1902
f 2030 1902 1903
f 1792 1909 1905
f 1909 1792 1795
f 1795 1792 1683
f 1909 1793 1905
f 1793 1906 1905
f 1793 1910 1906
f 1793 1909 1910
f 1911 1684 1794
f 1911 1796 1684
f 1907 1912 1794
f 1911 1794 1912
f 1908 2033 1907
f 1795 1913 1909
f 1913 1795 1797
f 1797 1795 1686
f 1913 2035 1909
f 1796 1911 1914
f 1914 1798 1796
f 1798 1687 1796
f 2037 1914 1911
f 1797 1686 1689
f 1689 1688 1799
f 1915 1913 1797
f 1689 1800 1797
f 1800 1915 1797
f 2039 1913 1915
f 1798 1914 1916
f 1916 1690 1798
f 2040 1916 1914
f 1689 1799 1800
f 1799 1918 1800
f 1799 1692 1803
f 1799 1803 1918
f 1800 1919 1915
f 1800 1918 1919
f 1916 1801 1690
f 1801 1693 1690
f 1801 1920 1804
f 1801 1804 1693
f 1916 1917 1801
f 1801 1917 1920
f 1695 1694 1808
f 1692 1802 1803
f 1802 1922 1803
f 1695 1809 1802
f 1802 1809 1922
f 1803 1923 1918
f 1803 1922 1923
f 1804 1805 1696
f 1804 1920 1805
f 1696 1805 1810
f 1810 1805 1924
f 1805 1920 1921
f 1805 1921 1924
f 1813 1699 1698
f 1700 1927 1807
f 1806 1927 1700
f 1806 1700 1699
f 1806 1699 1926
f 1806 1926 1927
f 1694 1807 1808
f 1807 1928 1808
f 1807 1927 1928
f 1695 1808 1809
f 1929 1809 1808
f 1808 1928 1929
f 1929 2048 1809
f 2048 1922 1809
f 1811 1810 1924
f 1701 1810 1811
f 1702 1811 1930
f 1811 1925 1930
f 1811 1924 1925
f 1814 1702 1930
f 1814 1930 1931
f 1925 2050 1930
f 2050 1931 1930
f 1697 1705 1812
f 1933 1812 1705
f 1933 1705 1817
f 1705 1704 1817
f 1813 1698 1812
f 1934 1813 1812
f 1933 1934 1812
f 1926 1699 1813
f 1934 2052 1813
f 1926 1813 2052
f 1926 2053 1927
f 1927 2054 1928
f 1931 1815 1814
f 1815 1703 1814
f 1815 1816 1706
f 1932 1816 1815
f 1931 1932 1815
f 1707 1816 1935
f 1816 1707 1706
f 2056 1816 1932
f 1935 1816 2056
f 1818 1936 1708
f 1818 1708 1707
f 1818 1707 1935
f 1818 1935 1936
f 1936 1935 2057
f 1817 1937 1933
f 1817 1709 1820
f 1817 1820 1937
f 1937 2058 1933
f 1934 1933 2058
f 1936 1819 1708
f 1710 1708 1819
f 1819 1938 1821
f 1710 1819 1821
f 1819 1936 2059
f 1819 2059 1938
f 1820 1709 1711
f 1711 1939 1820
f 1939 1940 1820
f 1820 1940 1937
f 1821 1938 1941
f 1941 1712 1821
f 1941 1938 2062
f 1822 1939 1711
f 1822 1711 1713
f 1822 1713 1942
f 1822 1942 1939
f 1942 1713 1824
f 1942 2063 1939
f 1940 1939 2063
f 1823 1712 1941
f 1712 1823 1714
f 1823 1943 1714
f 1823 1941 1943
f 1714 1943 1825
f 2065 1943 1941
f 1824 1715 1827
f 1945 1824 1827
f 1942 1824 1945
f 1946 1717 1825
f 1716 1825 1717
f 1943 1944 1825
f 1946 1825 1944
f 1835 1721 1720
f 1836 1722 1721
f 1723 1951 1826
f 1837 1951 1723
f 1837 1723 1722
f 1837 1722 1950
f 1837 1950 1951
f 1826 1827 1715
f 1952 1827 1826
f 1826 1951 1952
f 1952 2069 1827
f 2069 1945 1827
f 1946 1828 1717
f 1828 1724 1717
f 1828 1953 1838
f 1828 1838 1724
f 1946 1947 1828
f 1828 1947 1953
f 1846 1956 1726
f 1846 1726 1725
f 1846 1725 1955
f 1846 1955 1956
f 1829 1957 1727
f 1829 1727 1726
f 1829 1726 1956
f 1829 1956 1957
f 1831 1728 1958
f 1830 1958 1728
f 1830 1728 1727
f 1830 1727 1957
f 1830 1957 1958
f 1729 1831 1832
f 1959 1832 1831
f 1831 1958 1959
f 1718 1832 1833
f 1960 1833 1832
f 1960 1832 1959
f 1834 1719 1833
f 1961 1834 1833
f 1833 1960 1961
f 1834 1835 1720
f 1948 1835 1834
f 1961 2071 1834
f 1948 1834 2071
f 1835 1836 1721
f 1949 1836 1835
f 1948 2072 1835
f 1949 1835 2072
f 1950 1722 1836
f 1949 2073 1836
f 1950 1836 2073
f 1950 2074 1951
f 1839 1838 1953
f 1730 1838 1839
f 1731 1839 1962
f 1839 1953 2076
f 1962 1839 2076
f 1840 1963 1732
f 1840 1732 1731
f 1840 1731 1962
f 1840 1962 1963
f 2077 1963 1962
f 1841 1964 1733
f 1841 1733 1732
f 1841 1732 1963
f 1841 1963 1964
f 2078 1964 1963
f 1965 1843 1734
f 1842 1965 1734
f 1842 1734 1733
f 1842 1733 1964
f 1842 1964 1965
f 2079 1965 1964
f 1735 1843 1844
f 1843 1966 1844
f 1965 2080 1843
f 1966 1843 2080
f 1736 1844 1845
f 1954 1845 1844
f 1966 2081 1844
f 1954 1844 2081
f 1725 1845 1955
f 1954 2082 1845
f 2082 1955 1845
f 1955 2083 1956
f 1956 2084 1957
f 2085 1958 1957
f 1849 1968 1967
f 1968 2089 1967
f 1967 1971 1848
f 1967 2089 1971
f 1968 1850 1972
f 1968 1972 2089
f 1847 1970 1969
f 2093 1969 1970
f 1979 1969 2093
f 1979 1852 1969
f 1970 1848 1971
f 2094 1970 1971
f 2093 1970 2094
f 1971 2089 2095
f 1971 2095 2094
f 1972 1850 1973
f 2096 1972 1973
f 1972 2095 2089
f 1972 2096 2095
f 1851 1974 1973
f 1973 1974 2097
f 1973 2097 2096
f 1853 2098 1974
f 1974 2098 2097
f 2099 1980 1854
f 1854 1980 1853
f 1980 2098 1853
f 1980 2099 2098
f 1981 1855 2100
f 1981 1854 1855
f 1854 1981 2099
f 2099 1981 2100
f 2100 2221 2099
f 2100 1982 2101
f 2101 2222 2100
f 1975 2090 2102
f 2101 1983 2102
f 2223 2102 2090
f 2102 2223 2101
f 1857 1976 1975
f 1976 2091 1975
f 1975 1984 1857
f 2102 1984 1975
f 1975 2091 2090
f 1858 1977 1976
f 1977 2092 1976
f 1976 1857 1858
f 1976 2092 2091
f 1977 1985 2103
f 1977 1858 1985
f 2092 1977 2224
f 2103 2224 1977
f 1979 1978 1852
f 2105 1978 1979
f 2105 1991 1978
f 1991 1861 1978
f 1979 2093 2106
f 2105 1979 2106
f 2100 1855 1982
f 2101 1982 1983
f 1982 1856 1983
f 2102 1983 1984
f 1983 1862 1984
f 2103 1985 1986
f 1864 1986 1985
f 1865 2107 1986
f 1864 1865 1986
f 2103 1986 2104
f 2107 2104 1986
f 1865 1992 2107
f 1992 2108 2107
f 2108 2231 2107
f 1859 1988 1987
f 1988 2109 1987
f 2109 1995 1987
f 1987 1995 1866
f 1860 1989 1988
f 1989 2110 1988
f 1988 2110 2109
f 1867 1996 1989
f 1989 1996 2110
f 1868 1997 1867
f 1869 1998 1868
f 1991 1990 1861
f 1991 2111 1990
f 2111 2001 1990
f 1871 1990 2001
f 2105 2112 1991
f 1991 2112 2111
f 1993 2108 1992
f 1872 1993 1992
f 1993 1873 2113
f 1993 2234 2108
f 1993 2113 2234
f 2002 1873 1874
f 1873 2002 2113
f 1994 1866 1995
f 1994 1995 2115
f 2115 2004 1994
f 1875 1994 2004
f 2116 1995 2109
f 1995 2116 2115
f 2236 2116 2109
f 2236 2109 2110
f 2236 2110 2117
f 2236 2117 2116
f 1996 1867 1997
f 2118 1996 1997
f 1996 2117 2110
f 1996 2118 2117
f 1997 1868 1998
f 2119 1997 1998
f 1997 2119 2118
f 1998 1869 1999
f 2120 1998 1999
f 1998 2120 2119
f 1999 1870 2000
f 2121 1999 2000
f 2121 2237 1999
f 1999 2237 2120
f 2000 1871 2001
f 2122 2000 2001
f 2121 2000 2238
f 2000 2122 2238
f 2111 2123 2001
f 2001 2123 2122
f 2003 2002 1874
f 2114 2002 2003
f 2113 2002 2114
f 2003 1876 2124
f 2241 2114 2003
f 2124 2241 2003
f 2005 2124 1876
f 1875 2004 1877
f 2004 2115 2125
f 1877 2004 2006
f 2006 2004 2125
f 2242 2125 2115
f 2242 2115 2116
f 2242 2116 2126
f 2242 2126 2125
f 2005 1878 2127
f 2005 2247 2124
f 2005 2127 2247
f 2007 2127 1878
f 1877 2006 1879
f 1879 2006 2008
f 2129 2008 2006
f 2006 2125 2129
f 2249 2129 2125
f 2249 2125 2126
f 2249 2126 2130
f 2249 2130 2129
f 2131 2007 1880
f 2127 2007 2128
f 2007 2131 2128
f 1881 1879 2008
f 2134 2008 2129
f 2134 2013 2008
f 1881 2008 2013
f 2134 2135 2014
f 2253 2134 2129
f 2253 2129 2130
f 2253 2130 2135
f 2253 2135 2134
f 2131 1880 2009
f 1882 2009 1880
f 2010 2009 1883
f 2010 2136 2009
f 2131 2009 2255
f 2136 2255 2009
f 1884 2011 2010
f 2132 2010 2011
f 2136 2010 2256
f 2132 2256 2010
f 2011 1885 2012
f 2133 2011 2012
f 2132 2011 2257
f 2257 2011 2133
f 1886 2137 2012
f 2012 1885 1886
f 2012 2258 2133
f 2137 2258 2012
f 1886 2015 2137
f 2138 2137 2015
f 2138 2259 2137
f 2134 2014 2013
f 2013 2014 1888
f 2014 2135 2139
f 2139 2017 2014
f 2014 2017 1888
f 2139 2140 2018
f 2260 2139 2135
f 2140 2139 2260
f 1886 1889 2015
f 1890 2016 2015
f 2138 2015 2016
f 2015 1889 1890
f 1890 2019 2016
f 2019 2141 2016
f 2261 2138 2016
f 2261 2016 2141
f 2139 2018 2017
f 2017 2018 1892
f 2018 2142 2020
f 2018 2020 1892
f 2018 2140 2142
f 1894 2143 2019
f 2019 2143 2141
f 2019 1893 1894
f 1894 2022 2143
f 2022 2144 2143
f 2263 2141 2143
f 2144 2263 2143
f 2020 2021 1896
f 2020 2142 2021
f 1896 2021 2023
f 2021 2145 2023
f 2264 2021 2142
f 2145 2021 2264
f 1897 2022 1894
f 2146 2022 2024
f 1897 2024 2022
f 2146 2144 2022
f 1896 2023 1899
f 2026 1898 1899
f 1899 2023 2027
f 2023 2147 2027
f 2023 2145 2147
f 1901 2025 2024
f 2024 2025 2146
f 2024 1900 1901
f 1901 2029 2025
f 2029 2148 2025
f 2025 2267 2146
f 2267 2025 2148
f 1898 2026 1904
f 1904 2031 1903
f 1899 2027 2026
f 2026 2027 2150
f 1904 2026 2149
f 2026 2150 2149
f 2268 2150 2027
f 2268 2027 2147
f 2029 1901 1906
f 1906 2032 2029
f 2032 2151 2029
f 2029 2151 2148
f 1903 2031 2030
f 2152 2030 2031
f 2152 2034 2030
f 2030 2034 1908
f 2031 1904 2149
f 2153 2031 2149
f 2031 2153 2152
f 2270 2153 2149
f 2270 2149 2150
f 2032 1906 1910
f 1910 1909 2035
f 1910 2036 2032
f 2036 2154 2032
f 2032 2154 2151
f 1907 2033 1912
f 2037 1911 1912
f 1908 2034 2033
f 2033 2034 2155
f 1912 2033 2038
f 2033 2155 2038
f 2156 2034 2152
f 2034 2156 2155
f 2273 2156 2152
f 2273 2152 2153
f 1910 2035 2036
f 2035 2157 2036
f 2157 2035 2039
f 2035 1913 2039
f 2036 2275 2154
f 2036 2157 2275
f 1912 2038 2037
f 2158 2037 2038
f 2158 2040 2037
f 2040 1914 2037
f 2158 2038 2041
f 2038 2159 2041
f 2038 2155 2159
f 2276 2159 2155
f 2276 2155 2156
f 2276 2156 2160
f 2276 2160 2159
f 2039 2161 2157
f 2042 2161 2039
f 2042 2039 1915
f 2161 2278 2157
f 2158 2041 2040
f 1917 2040 2041
f 1917 1916 2040
f 1917 2041 2043
f 2043 2041 2162
f 2041 2159 2162
f 2279 2162 2159
f 2279 2163 2162
f 2042 1915 1919
f 2164 2042 1919
f 2164 1919 2045
f 1918 2045 1919
f 2164 2165 2042
f 2042 2165 2161
f 2043 1920 1917
f 1921 2043 2044
f 2043 2162 2044
f 1921 1920 2043
f 1921 2044 2046
f 2046 2044 2166
f 2044 2162 2163
f 2044 2163 2166
f 1918 1923 2045
f 2167 2045 1923
f 2167 1923 2049
f 2049 1923 1922
f 2168 2164 2045
f 2167 2168 2045
f 2168 2283 2164
f 2165 2164 2283
f 2046 1924 1921
f 1925 2046 2047
f 2046 2166 2047
f 1925 1924 2046
f 1925 2047 2050
f 2050 2047 2169
f 2047 2166 2284
f 2047 2284 2169
f 1929 2172 2048
f 2055 2172 1929
f 2055 1929 1928
f 2049 1922 2048
f 2049 2048 2173
f 2048 2172 2173
f 2167 2049 2174
f 2049 2173 2174
f 2168 2167 2286
f 2051 2050 2169
f 2051 1931 2050
f 1932 2051 2175
f 2051 1932 1931
f 2051 2169 2287
f 2175 2051 2287
f 2056 1932 2175
f 2056 2175 2176
f 1926 2052 2053
f 2178 2053 2052
f 1934 2177 2052
f 2178 2052 2177
f 2054 1927 2053
f 2170 2054 2053
f 2178 2289 2053
f 2170 2053 2289
f 2054 2055 1928
f 2171 2055 2054
f 2170 2290 2054
f 2171 2054 2290
f 2171 2291 2055
f 2055 2291 2172
f 2172 2292 2173
f 2176 2057 2056
f 1935 2056 2057
f 1936 2057 2179
f 2176 2294 2057
f 2179 2057 2294
f 2059 1936 2179
f 2059 2179 2180
f 2179 2295 2180
f 1934 2058 2177
f 2058 2181 2177
f 2181 2058 2061
f 2058 1937 2061
f 2181 2296 2177
f 2178 2177 2296
f 2060 2059 2180
f 2059 2060 1938
f 1938 2060 2062
f 2060 2182 2062
f 2060 2180 2297
f 2060 2297 2182
f 1937 1940 2061
f 2184 2181 2061
f 1940 2064 2061
f 2184 2061 2064
f 2184 2300 2181
f 2062 2182 2185
f 2185 2065 2062
f 1941 2062 2065
f 2301 2185 2182
f 1940 2063 2064
f 2063 2187 2064
f 2063 1942 2067
f 2063 2067 2187
f 2064 2188 2184
f 2064 2187 2188
f 2065 2185 2189
f 2189 1944 2065
f 1944 1943 2065
f 2189 2190 2068
f 2066 2189 2185
f 2066 2185 2186
f 2066 2186 2190
f 2066 2190 2189
f 2067 1942 1945
f 2067 1945 2192
f 2069 2192 1945
f 2067 2193 2187
f 2067 2192 2193
f 2189 2068 1944
f 1946 1944 2068
f 2068 2190 2194
f 2194 1947 2068
f 1946 2068 1947
f 2194 2195 2070
f 2308 2194 2190
f 2308 2195 2194
f 2069 1952 2198
f 2075 2198 1952
f 2075 1952 1951
f 2075 1951 2197
f 2075 2197 2198
f 2198 2311 2069
f 2069 2311 2192
f 2194 2070 1947
f 2070 1953 1947
f 2070 2195 2199
f 2199 2076 2070
f 2070 2076 1953
f 2077 2199 2200
f 2313 2199 2195
f 2313 2200 2199
f 2078 2200 2201
f 2314 2201 2200
f 2086 1959 1958
f 2087 1960 1959
f 1961 2204 2071
f 2204 1961 2088
f 2088 1961 1960
f 1948 2071 2072
f 2071 2205 2072
f 2071 2204 2205
f 1949 2072 2073
f 2206 2073 2072
f 2072 2205 2206
f 1950 2073 2074
f 2207 2074 2073
f 2207 2073 2206
f 1951 2074 2197
f 2197 2074 2316
f 2074 2207 2316
f 2317 2198 2197
f 2199 2077 2076
f 2077 1962 2076
f 2200 2078 2077
f 2078 1963 2077
f 2079 2078 2201
f 2079 1964 2078
f 2080 1965 2079
f 2202 2080 2079
f 2202 2079 2201
f 2081 1966 2080
f 2203 2081 2080
f 2318 2080 2202
f 2318 2203 2080
f 2082 1954 2081
f 2208 2082 2081
f 2203 2319 2081
f 2208 2081 2319
f 2083 1955 2082
f 2209 2083 2082
f 2208 2320 2082
f 2082 2320 2209
f 2084 1956 2083
f 2210 2084 2083
f 2083 2209 2210
f 2084 2085 1957
f 2211 2085 2084
f 2084 2210 2211
f 2085 2086 1958
f 2086 2085 2212
f 2085 2211 2212
f 1959 2086 2087
f 2213 2087 2086
f 2213 2086 2212
f 2088 1960 2087
f 2214 2088 2087
f 2087 2213 2214
f 2204 2088 2215
f 2088 2214 2215
f 2204 2322 2205
f 2333 2222 2334
f 2334 2437 2333
f 2090 2217 2216
f 2217 2330 2216
f 2216 2223 2090
f 2334 2223 2216
f 2334 2216 2438
f 2330 2438 2216
f 2091 2218 2217
f 2218 2335 2217
f 2217 2090 2091
f 2330 2217 2439
f 2335 2439 2217
f 2218 2092 2336
f 2218 2091 2092
f 2335 2218 2440
f 2336 2440 2218
f 2224 2337 2336
f 2337 2441 2336
f 2226 2093 2094
f 2095 2227 2094
f 2096 2228 2095
f 2229 2097 2338
f 2229 2096 2097
f 2098 2220 2219
f 2220 2331 2219
f 2230 2098 2219
f 2230 2097 2098
f 2230 2338 2097
f 2230 2219 2338
f 2331 2443 2219
f 2443 2338 2219
f 2220 2099 2221
f 2332 2220 2221
f 2220 2098 2099
f 2220 2332 2331
f 2333 2221 2222
f 2221 2100 2222
f 2221 2333 2332
f 2334 2222 2223
f 2222 2101 2223
f 2336 2092 2224
f 2225 2337 2224
f 2103 2225 2224
f 2339 2225 2104
f 2103 2104 2225
f 2225 2445 2337
f 2339 2445 2225
f 2093 2226 2106
f 2232 2105 2106
f 2094 2227 2226
f 2341 2226 2227
f 2106 2226 2233
f 2226 2341 2233
f 2227 2095 2228
f 2342 2227 2228
f 2341 2227 2342
f 2228 2096 2229
f 2343 2228 2229
f 2343 2447 2228
f 2342 2228 2447
f 2343 2229 2448
f 2448 2229 2338
f 2339 2104 2231
f 2104 2107 2231
f 2108 2344 2231
f 2340 2231 2344
f 2339 2231 2340
f 2234 2344 2108
f 2344 2234 2345
f 2340 2344 2449
f 2345 2449 2344
f 2105 2232 2112
f 2232 2347 2112
f 2347 2240 2112
f 2240 2111 2112
f 2106 2233 2232
f 2232 2233 2348
f 2232 2348 2347
f 2233 2341 2349
f 2233 2349 2348
f 2451 2349 2341
f 2451 2341 2342
f 2235 2345 2234
f 2235 2234 2113
f 2235 2114 2350
f 2235 2113 2114
f 2235 2346 2345
f 2235 2350 2346
f 2117 2243 2116
f 2118 2244 2117
f 2119 2245 2118
f 2246 2120 2353
f 2120 2246 2119
f 2246 2352 2119
f 2246 2353 2352
f 2121 2238 2237
f 2237 2238 2354
f 2237 2353 2120
f 2237 2354 2353
f 2355 2238 2122
f 2354 2238 2355
f 2111 2240 2123
f 2240 2356 2123
f 2239 2123 2356
f 2123 2239 2122
f 2122 2239 2355
f 2239 2356 2355
f 2240 2347 2357
f 2240 2357 2356
f 2455 2357 2347
f 2455 2347 2348
f 2455 2348 2358
f 2455 2358 2357
f 2456 2348 2349
f 2350 2114 2241
f 2124 2359 2241
f 2350 2241 2351
f 2359 2351 2241
f 2247 2359 2124
f 2247 2360 2359
f 2360 2458 2359
f 2116 2243 2126
f 2117 2244 2243
f 2361 2243 2244
f 2361 2250 2243
f 2250 2126 2243
f 2244 2118 2245
f 2362 2244 2245
f 2361 2244 2251
f 2251 2244 2362
f 2245 2119 2352
f 2352 2459 2245
f 2245 2459 2362
f 2460 2352 2353
f 2356 2357 2462
f 2248 2360 2247
f 2127 2248 2247
f 2248 2128 2363
f 2127 2128 2248
f 2248 2465 2360
f 2248 2363 2465
f 2126 2250 2130
f 2361 2251 2250
f 2364 2250 2251
f 2364 2254 2250
f 2254 2130 2250
f 2251 2362 2365
f 2364 2251 2365
f 2252 2363 2128
f 2252 2128 2131
f 2252 2255 2366
f 2252 2131 2255
f 2252 2468 2363
f 2252 2366 2468
f 2257 2133 2368
f 2258 2368 2133
f 2258 2369 2368
f 2130 2254 2135
f 2254 2364 2370
f 2370 2260 2254
f 2135 2254 2260
f 2469 2370 2364
f 2255 2256 2366
f 2255 2136 2256
f 2256 2132 2257
f 2367 2256 2257
f 2256 2470 2366
f 2256 2367 2470
f 2367 2257 2471
f 2471 2257 2368
f 2258 2259 2369
f 2258 2137 2259
f 2138 2371 2259
f 2369 2259 2473
f 2259 2371 2473
f 2261 2371 2138
f 2372 2371 2261
f 2372 2474 2371
f 2140 2260 2373
f 2260 2370 2373
f 2140 2373 2262
f 2370 2475 2373
f 2261 2141 2374
f 2372 2261 2374
f 2263 2374 2141
f 2375 2374 2263
f 2372 2374 2476
f 2375 2476 2374
f 2262 2142 2140
f 2264 2142 2262
f 2376 2264 2262
f 2262 2373 2477
f 2376 2262 2477
f 2144 2377 2263
f 2375 2263 2377
f 2144 2265 2377
f 2378 2377 2265
f 2375 2377 2478
f 2378 2478 2377
f 2145 2264 2379
f 2376 2479 2264
f 2379 2264 2479
f 2144 2146 2265
f 2380 2265 2267
f 2265 2146 2267
f 2265 2380 2378
f 2379 2266 2145
f 2145 2266 2147
f 2266 2381 2147
f 2266 2379 2381
f 2267 2148 2382
f 2267 2382 2380
f 2148 2269 2382
f 2382 2482 2380
f 2268 2147 2381
f 2268 2381 2383
f 2268 2271 2150
f 2268 2383 2271
f 2269 2148 2151
f 2151 2272 2269
f 2272 2384 2269
f 2382 2269 2484
f 2384 2484 2269
f 2270 2150 2271
f 2385 2270 2271
f 2270 2274 2153
f 2385 2274 2270
f 2385 2271 2485
f 2271 2383 2485
f 2272 2151 2154
f 2154 2386 2272
f 2384 2272 2486
f 2386 2486 2272
f 2273 2153 2274
f 2273 2274 2387
f 2387 2277 2273
f 2273 2277 2156
f 2387 2274 2487
f 2274 2385 2487
f 2275 2386 2154
f 2275 2388 2386
f 2388 2275 2278
f 2275 2157 2278
f 2388 2488 2386
f 2156 2277 2160
f 2160 2279 2159
f 2160 2277 2280
f 2277 2389 2280
f 2277 2387 2389
f 2278 2390 2388
f 2281 2390 2278
f 2281 2278 2161
f 2390 2490 2388
f 2160 2280 2279
f 2279 2280 2163
f 2163 2280 2282
f 2391 2282 2280
f 2389 2491 2280
f 2391 2280 2491
f 2281 2161 2165
f 2392 2281 2165
f 2392 2165 2283
f 2281 2492 2390
f 2392 2492 2281
f 2282 2166 2163
f 2284 2282 2393
f 2284 2166 2282
f 2282 2391 2393
f 2168 2394 2283
f 2392 2283 2395
f 2283 2394 2395
f 2393 2285 2284
f 2285 2169 2284
f 2287 2169 2285
f 2287 2285 2396
f 2285 2393 2495
f 2396 2285 2495
f 2167 2174 2286
f 2174 2398 2286
f 2293 2398 2174
f 2293 2174 2173
f 2168 2286 2394
f 2394 2286 2496
f 2286 2398 2496
f 2396 2288 2287
f 2288 2175 2287
f 2288 2399 2176
f 2288 2176 2175
f 2288 2396 2498
f 2399 2288 2498
f 2170 2289 2290
f 2289 2402 2290
f 2178 2401 2289
f 2289 2401 2402
f 2171 2290 2291
f 2290 2403 2291
f 2290 2402 2499
f 2403 2290 2499
f 2172 2291 2292
f 2404 2292 2291
f 2291 2403 2500
f 2404 2291 2500
f 2292 2293 2173
f 2397 2293 2292
f 2404 2501 2292
f 2397 2292 2501
f 2397 2502 2293
f 2293 2502 2398
f 2294 2176 2399
f 2179 2294 2295
f 2400 2295 2294
f 2503 2294 2399
f 2503 2400 2294
f 2295 2405 2180
f 2295 2400 2504
f 2295 2504 2405
f 2297 2180 2405
f 2297 2405 2406
f 2178 2296 2401
f 2296 2409 2401
f 2300 2409 2296
f 2181 2300 2296
f 2409 2508 2401
f 2406 2298 2297
f 2297 2298 2182
f 2183 2298 2299
f 2298 2407 2299
f 2183 2301 2298
f 2298 2301 2182
f 2298 2406 2407
f 2183 2299 2302
f 2410 2302 2299
f 2299 2407 2408
f 2299 2408 2410
f 2509 2410 2408
f 2509 2411 2410
f 2184 2304 2300
f 2304 2412 2300
f 2300 2412 2409
f 2183 2302 2301
f 2186 2301 2302
f 2186 2185 2301
f 2413 2302 2410
f 2413 2305 2302
f 2186 2302 2305
f 2413 2414 2306
f 2303 2413 2410
f 2303 2410 2411
f 2303 2411 2414
f 2303 2414 2413
f 2304 2184 2188
f 2304 2188 2415
f 2415 2188 2307
f 2187 2307 2188
f 2415 2512 2304
f 2412 2304 2512
f 2186 2305 2190
f 2413 2306 2305
f 2191 2305 2306
f 2191 2308 2305
f 2305 2308 2190
f 2191 2306 2309
f 2309 2306 2416
f 2306 2414 2416
f 2414 2513 2416
f 2187 2193 2307
f 2417 2307 2193
f 2417 2193 2312
f 2312 2193 2192
f 2415 2307 2418
f 2417 2418 2307
f 2191 2309 2308
f 2308 2309 2195
f 2196 2309 2310
f 2309 2416 2310
f 2196 2313 2309
f 2195 2309 2313
f 2196 2310 2314
f 2314 2310 2419
f 2310 2416 2515
f 2310 2515 2419
f 2311 2312 2192
f 2311 2421 2312
f 2198 2420 2311
f 2311 2420 2421
f 2417 2312 2516
f 2312 2421 2516
f 2196 2314 2313
f 2314 2200 2313
f 2315 2314 2419
f 2314 2315 2201
f 2315 2422 2202
f 2315 2202 2201
f 2518 2315 2419
f 2518 2422 2315
f 2318 2202 2422
f 2323 2206 2205
f 2324 2207 2206
f 2197 2316 2317
f 2317 2316 2424
f 2316 2207 2423
f 2316 2423 2424
f 2420 2198 2317
f 2420 2317 2519
f 2317 2424 2519
f 2520 2421 2420
f 2203 2318 2319
f 2425 2319 2318
f 2422 2522 2318
f 2522 2425 2318
f 2208 2319 2320
f 2319 2426 2320
f 2426 2319 2425
f 2320 2427 2209
f 2320 2426 2427
f 2325 2210 2209
f 2325 2209 2427
f 2326 2211 2210
f 2327 2212 2211
f 2328 2431 2213
f 2328 2213 2212
f 2328 2212 2430
f 2328 2430 2431
f 2329 2432 2214
f 2329 2214 2213
f 2329 2213 2431
f 2329 2431 2432
f 2204 2215 2322
f 2215 2433 2322
f 2321 2433 2215
f 2321 2215 2214
f 2321 2214 2432
f 2321 2432 2433
f 2323 2205 2322
f 2434 2323 2322
f 2322 2433 2434
f 2324 2206 2323
f 2435 2324 2323
f 2434 2525 2323
f 2435 2323 2525
f 2423 2207 2324
f 2435 2526 2324
f 2423 2324 2526
f 2527 2424 2423
f 2528 2427 2426
f 2326 2210 2325
f 2428 2326 2325
f 2427 2529 2325
f 2428 2325 2529
f 2327 2211 2326
f 2429 2327 2326
f 2428 2530 2326
f 2429 2326 2530
f 2430 2212 2327
f 2429 2531 2327
f 2430 2327 2531
f 2430 2532 2431
f 2431 2533 2432
f 2438 2537 2536
f 2444 2332 2542
f 2444 2331 2332
f 2444 2541 2331
f 2444 2542 2541
f 2633 2541 2542
f 2333 2437 2436
f 2535 2436 2437
f 2436 2332 2333
f 2436 2542 2332
f 2535 2634 2436
f 2436 2634 2542
f 2536 2437 2438
f 2437 2334 2438
f 2535 2437 2635
f 2635 2437 2536
f 2537 2438 2439
f 2438 2330 2439
f 2439 2335 2440
f 2538 2439 2440
f 2537 2439 2538
f 2336 2441 2440
f 2539 2440 2441
f 2538 2440 2638
f 2440 2539 2638
f 2337 2543 2441
f 2639 2539 2441
f 2543 2639 2441
f 2445 2543 2337
f 2445 2544 2543
f 2544 2640 2543
f 2338 2443 2442
f 2443 2540 2442
f 2442 2448 2338
f 2442 2545 2448
f 2540 2641 2442
f 2641 2545 2442
f 2443 2331 2541
f 2443 2541 2540
f 2446 2544 2445
f 2339 2446 2445
f 2446 2340 2546
f 2339 2340 2446
f 2643 2544 2446
f 2546 2643 2446
f 2447 2448 2545
f 2343 2448 2447
f 2447 2548 2342
f 2545 2645 2447
f 2645 2548 2447
f 2546 2340 2449
f 2449 2345 2450
f 2547 2449 2450
f 2546 2449 2547
f 2549 2450 2346
f 2450 2345 2346
f 2450 2646 2547
f 2549 2646 2450
f 2451 2342 2548
f 2451 2457 2349
f 2550 2457 2451
f 2548 2550 2451
f 2549 2346 2452
f 2350 2452 2346
f 2452 2351 2551
f 2350 2351 2452
f 2549 2452 2649
f 2452 2551 2649
f 2460 2353 2553
f 2554 2453 2354
f 2453 2353 2354
f 2453 2553 2353
f 2453 2554 2553
f 2555 2454 2355
f 2355 2454 2354
f 2354 2454 2554
f 2554 2454 2555
f 2461 2356 2556
f 2461 2355 2356
f 2355 2461 2555
f 2461 2556 2555
f 2348 2456 2358
f 2358 2463 2357
f 2456 2349 2457
f 2456 2457 2557
f 2358 2456 2464
f 2456 2557 2464
f 2557 2457 2654
f 2457 2550 2654
f 2551 2351 2458
f 2359 2458 2351
f 2360 2558 2458
f 2551 2458 2552
f 2558 2552 2458
f 2465 2558 2360
f 2465 2559 2558
f 2559 2655 2558
f 2352 2460 2459
f 2459 2460 2560
f 2560 2467 2459
f 2467 2362 2459
f 2560 2460 2656
f 2656 2460 2553
f 2356 2462 2556
f 2357 2463 2462
f 2561 2462 2463
f 2556 2462 2657
f 2462 2561 2657
f 2358 2464 2463
f 2562 2463 2464
f 2658 2561 2463
f 2562 2658 2463
f 2562 2464 2659
f 2557 2659 2464
f 2465 2363 2466
f 2465 2466 2559
f 2363 2468 2466
f 2468 2563 2466
f 2559 2466 2660
f 2660 2466 2563
f 2467 2365 2362
f 2467 2564 2365
f 2564 2469 2365
f 2469 2364 2365
f 2467 2661 2564
f 2467 2560 2661
f 2468 2366 2565
f 2468 2565 2563
f 2470 2565 2366
f 2566 2565 2470
f 2662 2563 2565
f 2566 2662 2565
f 2472 2369 2568
f 2472 2368 2369
f 2472 2567 2368
f 2472 2568 2567
f 2473 2568 2369
f 2473 2569 2568
f 2370 2469 2475
f 2570 2475 2469
f 2564 2663 2469
f 2663 2570 2469
f 2470 2367 2471
f 2566 2470 2471
f 2567 2471 2368
f 2566 2471 2664
f 2471 2567 2664
f 2665 2567 2568
f 2474 2569 2473
f 2371 2474 2473
f 2571 2474 2372
f 2569 2474 2667
f 2571 2667 2474
f 2373 2475 2477
f 2475 2573 2477
f 2570 2669 2475
f 2573 2475 2669
f 2571 2372 2476
f 2375 2574 2476
f 2571 2476 2572
f 2476 2574 2572
f 2375 2478 2574
f 2376 2477 2479
f 2576 2479 2477
f 2573 2671 2477
f 2576 2477 2671
f 2577 2478 2378
f 2574 2478 2575
f 2478 2577 2575
f 2379 2479 2578
f 2576 2673 2479
f 2479 2673 2578
f 2577 2378 2480
f 2380 2480 2378
f 2380 2482 2480
f 2579 2480 2482
f 2577 2480 2674
f 2579 2674 2480
f 2578 2481 2379
f 2481 2381 2379
f 2481 2580 2381
f 2481 2578 2580
f 2482 2484 2581
f 2482 2382 2484
f 2579 2482 2581
f 2483 2381 2580
f 2483 2383 2381
f 2383 2483 2582
f 2483 2580 2582
f 2582 2485 2383
f 2484 2583 2581
f 2484 2486 2583
f 2484 2384 2486
f 2385 2485 2584
f 2584 2487 2385
f 2584 2485 2679
f 2485 2582 2679
f 2486 2585 2583
f 2486 2488 2585
f 2486 2386 2488
f 2387 2487 2586
f 2681 2487 2584
f 2586 2487 2681
f 2388 2490 2488
f 2587 2488 2490
f 2488 2587 2585
f 2489 2387 2586
f 2387 2489 2389
f 2389 2489 2588
f 2489 2586 2588
f 2491 2389 2588
f 2390 2589 2490
f 2587 2490 2684
f 2589 2684 2490
f 2590 2491 2588
f 2391 2491 2590
f 2492 2589 2390
f 2492 2591 2589
f 2494 2591 2492
f 2392 2494 2492
f 2591 2686 2589
f 2590 2493 2391
f 2391 2493 2393
f 2493 2592 2393
f 2493 2590 2592
f 2393 2592 2495
f 2392 2395 2494
f 2494 2395 2593
f 2497 2593 2395
f 2394 2497 2395
f 2593 2688 2494
f 2591 2494 2688
f 2495 2594 2396
f 2495 2592 2689
f 2594 2495 2689
f 2394 2496 2497
f 2497 2496 2596
f 2496 2398 2595
f 2496 2595 2596
f 2497 2690 2593
f 2497 2596 2690
f 2594 2498 2396
f 2498 2597 2399
f 2498 2594 2691
f 2597 2498 2691
f 2503 2399 2597
f 2402 2598 2499
f 2598 2402 2508
f 2401 2508 2402
f 2403 2499 2500
f 2499 2599 2500
f 2599 2499 2692
f 2499 2598 2692
f 2404 2500 2501
f 2500 2600 2501
f 2599 2693 2500
f 2600 2500 2693
f 2397 2501 2502
f 2601 2502 2501
f 2600 2694 2501
f 2601 2501 2694
f 2502 2595 2398
f 2601 2695 2502
f 2695 2595 2502
f 2400 2503 2504
f 2602 2504 2503
f 2597 2697 2503
f 2602 2503 2697
f 2405 2504 2603
f 2504 2602 2698
f 2504 2698 2603
f 2505 2604 2406
f 2505 2406 2405
f 2505 2405 2603
f 2505 2603 2604
f 2506 2605 2407
f 2506 2407 2406
f 2506 2406 2604
f 2506 2604 2605
f 2507 2606 2408
f 2507 2408 2407
f 2507 2407 2605
f 2507 2605 2606
f 2509 2408 2606
f 2509 2606 2607
f 2409 2510 2508
f 2510 2608 2508
f 2598 2508 2608
f 2509 2609 2411
f 2509 2607 2609
f 2510 2409 2412
f 2510 2412 2610
f 2610 2412 2512
f 2610 2705 2510
f 2608 2510 2705
f 2511 2411 2609
f 2411 2511 2414
f 2414 2511 2513
f 2611 2513 2511
f 2609 2706 2511
f 2611 2511 2706
f 2512 2415 2514
f 2612 2512 2514
f 2610 2512 2707
f 2512 2612 2707
f 2515 2513 2613
f 2515 2416 2513
f 2611 2708 2513
f 2708 2613 2513
f 2514 2415 2418
f 2514 2418 2614
f 2517 2614 2418
f 2517 2418 2417
f 2614 2709 2514
f 2709 2612 2514
f 2515 2615 2419
f 2515 2613 2615
f 2518 2419 2615
f 2517 2417 2516
f 2517 2516 2616
f 2516 2421 2521
f 2516 2521 2616
f 2616 2711 2517
f 2711 2614 2517
f 2617 2422 2518
f 2615 2712 2518
f 2617 2518 2712
f 2522 2422 2617
f 2420 2519 2520
f 2519 2619 2520
f 2519 2424 2618
f 2519 2618 2619
f 2520 2521 2421
f 2620 2521 2520
f 2520 2619 2620
f 2620 2713 2521
f 2713 2616 2521
f 2522 2621 2425
f 2522 2617 2714
f 2522 2714 2621
f 2523 2622 2426
f 2523 2426 2425
f 2523 2425 2621
f 2523 2621 2622
f 2534 2624 2433
f 2534 2433 2432
f 2534 2432 2623
f 2534 2623 2624
f 2434 2625 2525
f 2524 2625 2434
f 2524 2434 2433
f 2524 2433 2624
f 2524 2624 2625
f 2435 2525 2526
f 2526 2525 2626
f 2525 2625 2626
f 2423 2526 2527
f 2627 2527 2526
f 2627 2526 2626
f 2618 2424 2527
f 2627 2716 2527
f 2618 2527 2716
f 2618 2717 2619
f 2622 2528 2426
f 2621 2719 2622
f 2427 2528 2529
f 2628 2529 2528
f 2622 2720 2528
f 2528 2720 2628
f 2428 2529 2530
f 2530 2529 2629
f 2529 2628 2629
f 2429 2530 2531
f 2530 2630 2531
f 2530 2629 2630
f 2430 2531 2532
f 2631 2532 2531
f 2531 2630 2631
f 2431 2532 2533
f 2632 2533 2532
f 2632 2532 2721
f 2721 2532 2631
f 2432 2533 2623
f 2632 2722 2533
f 2623 2533 2722
f 2623 2723 2624
f 2635 2536 2731
f 2635 2731 2730
f 2636 2537 2732
f 2636 2536 2537
f 2636 2731 2536
f 2636 2732 2731
f 2637 2538 2733
f 2637 2537 2538
f 2637 2732 2537
f 2637 2733 2732
f 2642 2541 2736
f 2642 2540 2541
f 2642 2735 2540
f 2642 2736 2735
f 2542 2634 2633
f 2729 2633 2634
f 2633 2736 2541
f 2633 2836 2736
f 2729 2836 2633
f 2730 2634 2635
f 2634 2535 2635
f 2729 2634 2730
f 2538 2638 2733
f 2539 2639 2638
f 2734 2638 2639
f 2638 2734 2733
f 2543 2640 2639
f 2640 2737 2639
f 2734 2639 2837
f 2737 2837 2639
f 2640 2544 2738
f 2838 2737 2640
f 2838 2640 2738
f 2643 2738 2544
f 2641 2540 2735
f 2739 2545 2641
f 2739 2641 2839
f 2641 2735 2839
f 2643 2546 2740
f 2738 2643 2840
f 2643 2740 2840
f 2644 2547 2741
f 2644 2546 2547
f 2546 2644 2740
f 2740 2644 2741
f 2841 2740 2741
f 2646 2741 2547
f 2646 2742 2741
f 2645 2545 2739
f 2645 2743 2548
f 2739 2843 2645
f 2843 2743 2645
f 2646 2549 2647
f 2646 2647 2742
f 2549 2649 2647
f 2649 2744 2647
f 2844 2742 2647
f 2744 2844 2647
f 2648 2548 2743
f 2648 2550 2548
f 2648 2654 2550
f 2745 2654 2648
f 2743 2845 2648
f 2845 2745 2648
f 2650 2744 2649
f 2650 2649 2551
f 2650 2552 2746
f 2650 2551 2552
f 2744 2650 2846
f 2746 2846 2650
f 2656 2553 2747
f 2652 2651 2554
f 2652 2748 2651
f 2651 2553 2554
f 2651 2747 2553
f 2748 2847 2651
f 2651 2847 2747
f 2749 2652 2555
f 2555 2652 2554
f 2848 2748 2652
f 2749 2848 2652
f 2653 2556 2750
f 2653 2555 2556
f 2555 2653 2749
f 2653 2750 2749
f 2750 2849 2749
f 2557 2654 2752
f 2752 2659 2557
f 2752 2654 2850
f 2654 2745 2850
f 2655 2746 2552
f 2558 2655 2552
f 2559 2753 2655
f 2655 2851 2746
f 2753 2851 2655
f 2559 2660 2753
f 2560 2656 2755
f 2755 2661 2560
f 2755 2656 2853
f 2656 2747 2853
f 2556 2657 2750
f 2561 2658 2657
f 2751 2657 2658
f 2657 2854 2750
f 2657 2751 2854
f 2562 2659 2658
f 2659 2756 2658
f 2855 2751 2658
f 2756 2855 2658
f 2756 2659 2856
f 2752 2856 2659
f 2660 2563 2757
f 2754 2660 2757
f 2753 2660 2754
f 2563 2662 2757
f 2857 2754 2757
f 2661 2758 2564
f 2661 2858 2758
f 2661 2755 2858
f 2759 2662 2566
f 2757 2662 2859
f 2759 2859 2662
f 2666 2569 2762
f 2666 2568 2569
f 2666 2761 2568
f 2666 2762 2761
f 2663 2564 2758
f 2663 2758 2763
f 2763 2669 2663
f 2669 2570 2663
f 2759 2566 2664
f 2664 2567 2665
f 2760 2664 2665
f 2759 2664 2861
f 2664 2760 2861
f 2761 2665 2568
f 2760 2665 2862
f 2761 2862 2665
f 2569 2667 2762
f 2762 2863 2761
f 2667 2571 2764
f 2762 2667 2864
f 2764 2864 2667
f 2668 2572 2765
f 2668 2571 2572
f 2571 2668 2764
f 2668 2765 2764
f 2671 2573 2669
f 2766 2671 2669
f 2763 2866 2669
f 2866 2766 2669
f 2670 2765 2572
f 2574 2670 2572
f 2670 2575 2767
f 2574 2575 2670
f 2765 2670 2867
f 2767 2867 2670
f 2673 2576 2671
f 2768 2673 2671
f 2766 2868 2671
f 2768 2671 2868
f 2672 2767 2575
f 2672 2575 2577
f 2577 2674 2672
f 2769 2672 2674
f 2869 2767 2672
f 2769 2869 2672
f 2673 2675 2578
f 2770 2675 2673
f 2768 2871 2673
f 2770 2673 2871
f 2771 2674 2579
f 2674 2771 2769
f 2675 2580 2578
f 2677 2580 2675
f 2773 2677 2675
f 2675 2770 2773
f 2676 2771 2579
f 2676 2579 2581
f 2676 2581 2774
f 2676 2774 2771
f 2774 2875 2771
f 2878 2776 2773
f 2677 2582 2580
f 2677 2679 2582
f 2679 2677 2776
f 2677 2773 2776
f 2678 2774 2581
f 2678 2581 2583
f 2678 2583 2777
f 2678 2777 2774
f 2583 2680 2777
f 2777 2879 2774
f 2584 2679 2779
f 2679 2776 2779
f 2779 2681 2584
f 2882 2779 2776
f 2680 2583 2585
f 2680 2585 2780
f 2780 2883 2680
f 2883 2777 2680
f 2681 2781 2586
f 2681 2778 2781
f 2779 2778 2681
f 2682 2780 2585
f 2682 2585 2587
f 2682 2587 2782
f 2682 2782 2780
f 2782 2587 2684
f 2886 2780 2782
f 2683 2586 2781
f 2683 2588 2586
f 2588 2683 2783
f 2683 2781 2783
f 2684 2784 2782
f 2686 2784 2684
f 2589 2686 2684
f 2783 2685 2588
f 2588 2685 2590
f 2590 2685 2785
f 2785 2685 2783
f 2686 2591 2786
f 2786 2591 2688
f 2786 2890 2686
f 2784 2686 2890
f 2785 2687 2590
f 2687 2592 2590
f 2687 2787 2592
f 2687 2785 2787
f 2787 2689 2592
f 2688 2593 2788
f 2786 2688 2892
f 2688 2788 2892
f 2689 2789 2594
f 2689 2787 2893
f 2789 2689 2893
f 2696 2793 2596
f 2696 2596 2595
f 2696 2595 2792
f 2696 2792 2793
f 2690 2788 2593
f 2690 2596 2793
f 2788 2690 2895
f 2895 2690 2793
f 2789 2691 2594
f 2691 2795 2597
f 2691 2789 2794
f 2795 2691 2794
f 2599 2692 2693
f 2693 2692 2796
f 2702 2796 2692
f 2702 2692 2598
f 2694 2600 2693
f 2790 2694 2693
f 2796 2898 2693
f 2898 2790 2693
f 2695 2601 2694
f 2791 2695 2694
f 2791 2694 2790
f 2595 2695 2792
f 2792 2695 2791
f 2795 2697 2597
f 2602 2697 2698
f 2698 2697 2797
f 2697 2795 2902
f 2797 2697 2902
f 2698 2798 2603
f 2698 2797 2798
f 2703 2799 2604
f 2703 2604 2603
f 2703 2603 2798
f 2703 2798 2799
f 2699 2800 2605
f 2699 2605 2604
f 2699 2604 2799
f 2699 2799 2800
f 2700 2801 2606
f 2700 2606 2605
f 2700 2605 2800
f 2700 2800 2801
f 2701 2802 2607
f 2701 2607 2606
f 2701 2606 2801
f 2701 2801 2802
f 2702 2598 2608
f 2803 2702 2608
f 2803 2608 2705
f 2702 2904 2796
f 2803 2904 2702
f 2802 2704 2607
f 2704 2609 2607
f 2704 2804 2609
f 2704 2802 2804
f 2804 2706 2609
f 2705 2610 2805
f 2806 2705 2805
f 2803 2705 2806
f 2611 2706 2708
f 2807 2708 2706
f 2910 2706 2804
f 2807 2706 2910
f 2707 2805 2610
f 2707 2808 2805
f 2709 2808 2707
f 2612 2709 2707
f 2808 2911 2805
f 2911 2806 2805
f 2613 2708 2809
f 2807 2912 2708
f 2809 2708 2912
f 2709 2614 2810
f 2711 2810 2614
f 2810 2913 2709
f 2913 2808 2709
f 2809 2710 2613
f 2710 2615 2613
f 2710 2811 2615
f 2710 2809 2811
f 2914 2811 2809
f 2712 2615 2811
f 2711 2616 2812
f 2812 2616 2713
f 2812 2915 2711
f 2810 2711 2915
f 2712 2813 2617
f 2916 2712 2811
f 2813 2712 2916
f 2713 2620 2815
f 2718 2815 2620
f 2718 2620 2619
f 2812 2713 2917
f 2713 2815 2917
f 2813 2714 2617
f 2714 2817 2621
f 2714 2813 2816
f 2817 2714 2816
f 2724 2819 2625
f 2724 2625 2624
f 2725 2820 2626
f 2725 2626 2625
f 2725 2625 2819
f 2725 2819 2820
f 2716 2627 2821
f 2715 2821 2627
f 2715 2627 2626
f 2715 2626 2820
f 2715 2820 2821
f 2618 2716 2717
f 2822 2717 2716
f 2822 2716 2920
f 2920 2716 2821
f 2619 2717 2718
f 2814 2718 2717
f 2822 2921 2717
f 2921 2814 2717
f 2814 2815 2718
f 2719 2621 2817
f 2622 2719 2720
f 2719 2823 2720
f 2817 2924 2719
f 2719 2924 2823
f 2720 2824 2628
f 2720 2823 2824
f 2726 2825 2629
f 2726 2629 2628
f 2726 2628 2824
f 2726 2824 2825
f 2727 2826 2630
f 2727 2630 2629
f 2727 2629 2825
f 2727 2825 2826
f 2728 2827 2631
f 2728 2631 2630
f 2728 2630 2826
f 2728 2826 2827
f 2632 2721 2722
f 2828 2722 2721
f 2721 2631 2827
f 2721 2827 2828
f 2623 2722 2723
f 2829 2723 2722
f 2829 2722 2828
f 2723 2724 2624
f 2818 2724 2723
f 2829 2926 2723
f 2818 2723 2926
f 2818 2927 2724
f 2724 2927 2819
f 2823 2929 2824
f 2824 2930 2825
f 2825 2931 2826
f 2836 2935 2934
f 2830 2730 2936
f 2830 2729 2730
f 2830 2935 2729
f 2935 2830 2936
f 2936 3045 2935
f 2831 2731 2937
f 2831 2730 2731
f 2831 2936 2730
f 2936 2831 2937
f 2937 3046 2936
f 2732 2833 2938
f 2832 2732 2938
f 2832 2731 2732
f 2832 2937 2731
f 2937 2832 2938
f 2938 3047 2937
f 2733 2834 2833
f 2834 2939 2833
f 2833 2732 2733
f 2938 2833 3048
f 2939 3048 2833
f 2834 2734 2940
f 2834 2733 2734
f 2939 2834 3049
f 2940 3049 2834
f 2837 2941 2940
f 2839 2735 2942
f 2736 2836 2835
f 2836 2934 2835
f 2835 2735 2736
f 2835 2942 2735
f 2934 3052 2835
f 2835 3052 2942
f 2935 2836 2729
f 2940 2734 2837
f 2838 2941 2837
f 2737 2838 2837
f 2943 2838 2738
f 2941 2838 3053
f 2943 3053 2838
f 2738 2840 2943
f 2739 2839 2945
f 2945 2843 2739
f 2945 2839 3055
f 2839 2942 3055
f 2740 2841 2840
f 2944 2840 2841
f 2943 2840 2944
f 2946 2841 2741
f 2944 2841 3056
f 2946 3056 2841
f 2842 2742 2947
f 2842 2741 2742
f 2741 2842 2946
f 2842 2947 2946
f 2843 2948 2743
f 2945 3057 2843
f 2948 2843 3057
f 2844 2947 2742
f 2844 2744 2949
f 3059 2947 2844
f 2949 3059 2844
f 2845 2743 2948
f 2745 2845 2850
f 2952 2850 2845
f 2948 3060 2845
f 3060 2952 2845
f 2744 2846 2949
f 2846 2746 2953
f 2846 3061 2949
f 2846 2953 3061
f 2746 2851 2953
f 2955 2853 2747
f 2748 2848 2847
f 2848 2950 2847
f 2747 2847 2955
f 2950 3063 2847
f 2847 3063 2955
f 2749 2849 2848
f 2849 2951 2848
f 2950 2848 3064
f 2951 3064 2848
f 2750 2956 2849
f 2951 2849 3065
f 2956 3065 2849
f 2854 2956 2750
f 2854 2957 2956
f 2752 2850 2958
f 2958 2856 2752
f 2958 2850 3067
f 2850 2952 3067
f 2753 2852 2851
f 2954 2851 2852
f 2953 2851 2954
f 2852 2754 2959
f 2753 2754 2852
f 3068 2954 2852
f 3068 2852 2959
f 2755 2853 2960
f 2960 2858 2755
f 2960 2853 3069
f 2853 2955 3069
f 2855 2957 2854
f 2751 2855 2854
f 2756 2856 2855
f 2961 2855 2856
f 2957 2855 3070
f 2961 3070 2855
f 2961 2856 3071
f 2856 2958 3071
f 2857 2959 2754
f 2857 2859 2962
f 2757 2859 2857
f 2857 3072 2959
f 3072 2857 2962
f 2858 2963 2758
f 2858 3073 2963
f 2858 2960 3073
f 2859 2759 2964
f 2859 2964 2962
f 2759 2861 2964
f 3074 2962 2964
f 2860 2758 2963
f 2860 2763 2758
f 2860 2866 2763
f 2965 2866 2860
f 2963 3075 2860
f 3075 2965 2860
f 2760 2862 2861
f 2966 2861 2862
f 2964 2861 3076
f 2861 2966 3076
f 2761 2863 2862
f 2967 2862 2863
f 2966 2862 2967
f 2762 2864 2863
f 2968 2863 2864
f 2863 2968 2967
f 2969 2864 2764
f 3078 2968 2864
f 3078 2864 2969
f 2865 2765 2970
f 2865 2764 2765
f 2764 2865 2969
f 2865 2970 2969
f 2766 2866 2868
f 2971 2868 2866
f 2866 3081 2971
f 2965 3081 2866
f 2765 2867 2970
f 2972 2867 2767
f 2970 2867 3084
f 2972 3084 2867
f 2971 2975 2868
f 2974 2870 2975
f 3087 2975 2971
f 3087 2974 2975
f 2768 2868 2871
f 2868 2975 2871
f 2869 2972 2767
f 2869 2769 2976
f 2869 3088 2972
f 2976 3088 2869
f 2870 2974 2979
f 2978 2873 2979
f 3091 2973 2978
f 3091 2974 2973
f 3091 2979 2974
f 3091 2978 2979
f 2975 2870 2871
f 2770 2871 2870
f 2770 2870 2874
f 2979 2874 2870
f 2872 2976 2769
f 2872 2769 2771
f 2872 2771 2980
f 2872 2980 2976
f 2873 2978 2983
f 3095 2977 2982
f 3095 2978 2977
f 3095 2983 2978
f 3095 2982 2983
f 2979 2873 2874
f 2772 2874 2873
f 2877 2772 2873
f 2983 2877 2873
f 2770 2874 2773
f 2773 2874 2878
f 2874 2772 2878
f 2875 2980 2771
f 2774 2879 2875
f 2879 2984 2875
f 2875 3096 2980
f 2984 3096 2875
f 3098 2981 2985
f 3098 2982 2981
f 3098 2986 2982
f 3098 2985 2986
f 2987 2877 2876
f 2876 2877 2983
f 2880 2987 2876
f 2880 2876 2986
f 2876 2982 2986
f 2876 2983 2982
f 2772 2877 2878
f 2775 2878 2877
f 2881 2775 2877
f 2987 2881 2877
f 2878 2882 2776
f 2878 2775 2882
f 2777 2883 2879
f 2883 2988 2879
f 2984 2879 3099
f 2988 3099 2879
f 3101 2985 2989
f 3101 2986 2985
f 2986 3101 2990
f 3101 2989 2990
f 2881 2987 2880
f 2991 2881 2880
f 2991 2880 2990
f 2990 2880 2986
f 2775 2881 2882
f 2778 2882 2881
f 2885 2778 2881
f 2991 2885 2881
f 2779 2882 2778
f 2780 2886 2883
f 2886 2992 2883
f 2988 2883 3102
f 2992 3102 2883
f 3104 2994 2990
f 2995 2885 2991
f 2884 2990 2994
f 2990 2884 2991
f 2991 2884 2995
f 2884 2994 2995
f 2885 2781 2778
f 2887 2781 2885
f 2995 2887 2885
f 2996 2886 2782
f 2992 2886 3105
f 2996 3105 2886
f 2998 2887 2995
f 3108 2994 2997
f 3108 2995 2994
f 3108 2998 2995
f 3108 2997 2998
f 2887 2783 2781
f 2887 2889 2783
f 2998 2889 2887
f 2888 2996 2782
f 2888 2782 2784
f 2888 2784 2999
f 2888 2999 2996
f 2784 2890 2999
f 2999 3109 2996
f 2783 2889 2785
f 2889 3001 2785
f 3000 3001 2889
f 2889 2998 3000
f 2890 2786 3002
f 2890 3112 2999
f 2890 3002 3112
f 3001 2891 2785
f 2891 2787 2785
f 2891 3003 2787
f 2891 3001 3003
f 3000 3115 3001
f 3115 3003 3001
f 2893 2787 3003
f 2892 3002 2786
f 2896 2892 2788
f 2896 2788 3004
f 2896 3004 2892
f 3002 2892 3116
f 2892 3004 3116
f 2893 2897 2789
f 3005 2897 2893
f 3119 2893 3003
f 3005 2893 3119
f 2894 3007 2791
f 2894 2791 2790
f 2894 2790 3006
f 2894 3006 3007
f 3120 3007 3006
f 2899 3008 2792
f 2899 2792 2791
f 2899 2791 3007
f 2899 3007 3008
f 3121 3008 3007
f 3009 2895 2793
f 2900 3009 2793
f 2900 2793 2792
f 2900 2792 3008
f 2900 3008 3009
f 3008 3122 3009
f 2895 3004 2788
f 3009 3123 2895
f 3004 2895 3123
f 2897 2794 2789
f 2897 3010 2794
f 3005 3124 2897
f 3124 3010 2897
f 2901 2795 2794
f 2901 2794 3010
f 3006 2790 2898
f 2796 3011 2898
f 2898 3125 3006
f 3011 3125 2898
f 2901 2902 2795
f 3012 2902 2901
f 3010 3126 2901
f 3126 3012 2901
f 2902 3013 2797
f 3013 2902 3012
f 2905 3014 2798
f 2905 2798 2797
f 2905 2797 3013
f 2905 3013 3014
f 2906 3015 2799
f 2906 2799 2798
f 2906 2798 3014
f 2906 3014 3015
f 2907 3016 2800
f 2907 2800 2799
f 2907 2799 3015
f 2907 3015 3016
f 2903 3017 2801
f 2903 2801 2800
f 2903 2800 3016
f 2903 3016 3017
f 2908 2802 2801
f 2908 2801 3017
f 2904 3011 2796
f 2904 3018 3011
f 2909 3018 2904
f 2909 2904 2803
f 3018 3127 3011
f 3013 3129 3014
f 3014 3130 3015
f 3015 3131 3016
f 2908 2804 2802
f 2908 3019 2804
f 3017 3133 2908
f 2908 3133 3019
f 2909 2803 2806
f 2909 2806 3020
f 2911 3020 2806
f 3020 3134 2909
f 3018 2909 3134
f 2910 2804 3019
f 2910 3019 3021
f 2807 2910 2912
f 3021 2912 2910
f 3022 2911 2808
f 3022 2808 2913
f 2911 3136 3020
f 3022 3136 2911
f 2809 2912 2914
f 3023 2914 2912
f 3137 2912 3021
f 3023 2912 3137
f 2810 3024 2913
f 3022 2913 3138
f 3024 3138 2913
f 2914 3025 2811
f 3023 3140 2914
f 2914 3140 3025
f 2810 2915 3024
f 2915 2812 3026
f 3024 2915 3141
f 2915 3026 3141
f 2916 2811 3025
f 2813 2916 2918
f 3027 2918 2916
f 2916 3025 3027
f 3029 2917 2815
f 2922 3029 2815
f 2922 2815 2814
f 2922 2814 3028
f 2922 3028 3029
f 2917 3026 2812
f 2917 3029 3143
f 3026 2917 3143
f 2813 2918 2816
f 2918 3030 2816
f 3027 3144 2918
f 2918 3144 3030
f 2817 2816 2923
f 2923 2816 3030
f 2928 3032 2820
f 2928 2820 2819
f 2928 2819 3031
f 2928 3031 3032
f 2919 3033 2821
f 2919 2821 2820
f 2919 2820 3032
f 2919 3032 3033
f 2822 2920 2921
f 3034 2921 2920
f 2920 2821 3033
f 3034 2920 3145
f 3145 2920 3033
f 2814 2921 3028
f 3034 3146 2921
f 3146 3028 2921
f 2817 2923 2924
f 2923 3035 2924
f 3030 3148 2923
f 3148 3035 2923
f 2924 3036 2823
f 2924 3035 3036
f 2932 2827 2826
f 2933 3039 2828
f 2933 2828 2827
f 2933 2827 3038
f 2933 3038 3039
f 2926 2829 3040
f 2925 3040 2829
f 2925 2829 2828
f 2925 2828 3039
f 2925 3039 3040
f 2818 2926 2927
f 2927 2926 3041
f 2926 3040 3041
f 2819 2927 3031
f 3041 3149 2927
f 3031 2927 3149
f 3031 3150 3032
f 2929 2823 3036
f 3035 3152 3036
f 2824 2929 2930
f 3042 2930 2929
f 3036 3153 2929
f 3042 2929 3153
f 2825 2930 2931
f 3043 2931 2930
f 3043 2930 3042
f 2826 2931 2932
f 3037 2932 2931
f 3043 3155 2931
f 3037 2931 3155
f 2932 3038 2827
f 3037 3156 2932
f 3038 2932 3156
f 3038 3157 3039
f 2935 3045 3044
f 3045 3165 3044
f 3044 2934 2935
f 3044 3164 2934
f 3165 3164 3044
f 2936 3046 3045
f 3046 3160 3045
f 3274 3165 3045
f 3160 3274 3045
f 2937 3047 3046
f 3161 3046 3047
f 3160 3046 3275
f 3161 3275 3046
f 3047 2938 3048
f 3162 3047 3048
f 3161 3047 3276
f 3047 3162 3276
f 3048 2939 3049
f 3163 3048 3049
f 3162 3048 3277
f 3048 3163 3277
f 3049 2940 3050
f 3166 3049 3050
f 3163 3049 3278
f 3049 3166 3278
f 3050 2941 3167
f 3050 2940 2941
f 3279 3166 3050
f 3279 3050 3167
f 2942 3052 3051
f 3169 3051 3052
f 3051 3055 2942
f 3055 3051 3168
f 3169 3280 3051
f 3280 3168 3051
f 3052 2934 3164
f 3169 3052 3281
f 3281 3052 3164
f 3167 2941 3053
f 3053 2943 3054
f 3170 3053 3054
f 3167 3053 3282
f 3053 3170 3282
f 3054 2944 3171
f 3054 2943 2944
f 3283 3170 3054
f 3283 3054 3171
f 2945 3055 3172
f 3055 3168 3172
f 3172 3057 2945
f 3168 3284 3172
f 3171 2944 3056
f 3056 2946 3173
f 3171 3056 3285
f 3056 3173 3285
f 3058 2947 3174
f 3058 2946 2947
f 2946 3058 3173
f 3058 3174 3173
f 3174 3286 3173
f 2948 3057 3175
f 3057 3287 3175
f 3057 3172 3287
f 3059 3174 2947
f 3059 2949 3176
f 3288 3174 3059
f 3288 3059 3176
f 3061 3176 2949
f 3060 2948 3175
f 2952 3060 3067
f 3060 3181 3067
f 3175 3289 3060
f 3289 3181 3060
f 2953 3062 3061
f 3177 3061 3062
f 3176 3061 3290
f 3061 3177 3290
f 3062 2954 3182
f 2953 2954 3062
f 3291 3177 3062
f 3182 3291 3062
f 2955 3063 3183
f 3183 3069 2955
f 3063 2950 3064
f 3178 3063 3064
f 3183 3063 3292
f 3063 3178 3292
f 3064 3065 3179
f 3064 2951 3065
f 3178 3064 3179
f 3065 2956 3066
f 3180 3065 3066
f 3179 3065 3294
f 3065 3180 3294
f 3066 2957 3184
f 3066 2956 2957
f 3295 3180 3066
f 3184 3295 3066
f 2958 3067 3186
f 3067 3181 3186
f 3186 3071 2958
f 3068 3182 2954
f 3187 3068 2959
f 3182 3068 3297
f 3187 3297 3068
f 2959 3072 3187
f 2960 3069 3189
f 3189 3073 2960
f 3189 3069 3299
f 3069 3183 3299
f 2957 3070 3184
f 3070 2961 3071
f 3185 3070 3071
f 3070 3185 3184
f 3071 3186 3185
f 3072 2962 3190
f 3187 3072 3301
f 3072 3190 3301
f 3073 3193 2963
f 3075 2963 3193
f 3193 3073 3188
f 3073 3189 3188
f 3074 3190 2962
f 3074 3076 3194
f 2964 3076 3074
f 3074 3305 3190
f 3194 3305 3074
f 3075 3192 3197
f 3080 3197 3196
f 3308 3197 3192
f 3197 3308 3196
f 2965 3075 3081
f 3197 3081 3075
f 3193 3192 3075
f 3076 2966 3198
f 3076 3198 3194
f 2967 3082 2966
f 2966 3082 3198
f 3078 3200 2968
f 3077 2968 3200
f 2968 3077 2967
f 3077 3199 2967
f 3077 3200 3199
f 3078 2969 3201
f 3078 3201 3200
f 3083 2970 3202
f 3083 2969 2970
f 3083 3201 2969
f 3083 3202 3201
f 3311 3204 3195
f 3311 3203 3204
f 3205 3080 3079
f 3079 3080 3196
f 3205 3079 3086
f 3204 3086 3079
f 3079 3195 3204
f 3079 3196 3195
f 3197 3080 3081
f 3080 2971 3081
f 3080 3087 2971
f 3205 3087 3080
f 3082 2967 3199
f 3198 3082 3312
f 3082 3199 3312
f 3313 3199 3200
f 3201 3314 3200
f 3084 3202 2970
f 3202 3315 3201
f 3206 3084 2972
f 3316 3202 3084
f 3316 3084 3206
f 2972 3088 3206
f 3085 3203 3208
f 3207 3089 3208
f 3318 3208 3203
f 3318 3207 3208
f 2973 3086 3085
f 3085 3086 3204
f 2973 3085 3090
f 3208 3090 3085
f 3085 3204 3203
f 3205 3086 3087
f 3087 3086 2974
f 2974 3086 2973
f 3088 2976 3209
f 3088 3319 3206
f 3209 3319 3088
f 3089 3207 3211
f 3210 3093 3211
f 3321 3211 3207
f 3321 3210 3211
f 3208 3089 3090
f 2977 3090 3089
f 2977 3089 3094
f 3211 3094 3089
f 2973 3090 2978
f 3090 2977 2978
f 3092 3209 2976
f 3092 2976 2980
f 3092 2980 3212
f 3092 3212 3209
f 2980 3096 3212
f 3323 3213 3210
f 3211 3093 3094
f 2981 3094 3093
f 3097 2981 3093
f 3213 3097 3093
f 3093 3210 3213
f 2977 3094 2982
f 3094 2981 2982
f 2984 3099 3096
f 3214 3096 3099
f 3324 3212 3096
f 3214 3324 3096
f 3215 3097 3213
f 3213 3325 3215
f 3097 2985 2981
f 2985 3097 3100
f 3215 3100 3097
f 3099 2988 3102
f 3216 3099 3102
f 3214 3099 3326
f 3099 3216 3326
f 3217 3100 3215
f 3215 3327 3217
f 2985 3100 2989
f 2989 3100 3103
f 3217 3103 3100
f 2990 2989 3104
f 3102 2992 3105
f 3218 3102 3105
f 3216 3102 3328
f 3102 3218 3328
f 3219 3103 3217
f 3217 3329 3219
f 2989 3103 3104
f 2993 3104 3103
f 3106 2993 3103
f 3106 3103 3219
f 3104 3107 2994
f 3104 2993 3107
f 2996 3109 3105
f 3220 3105 3109
f 3218 3105 3330
f 3220 3330 3105
f 2993 3106 3107
f 3222 3107 3106
f 3221 3222 3106
f 3106 3219 3221
f 2994 3107 2997
f 2997 3107 3110
f 3222 3110 3107
f 2997 3111 2998
f 3109 2999 3223
f 3223 3220 3109
f 3224 3110 3222
f 3334 3222 3221
f 3334 3224 3222
f 2997 3110 3111
f 3225 3111 3110
f 3113 3225 3110
f 3224 3113 3110
f 3111 3000 2998
f 3000 3111 3114
f 3225 3114 3111
f 3112 3223 2999
f 3112 3002 3226
f 3112 3335 3223
f 3112 3226 3335
f 3114 3225 3113
f 3228 3114 3113
f 3113 3224 3227
f 3113 3227 3228
f 3000 3114 3115
f 3229 3115 3114
f 3229 3114 3228
f 3118 3003 3115
f 3229 3118 3115
f 3121 3230 3231
f 3116 3226 3002
f 3116 3004 3233
f 3340 3226 3116
f 3340 3116 3233
f 3235 3118 3229
f 3117 3228 3234
f 3228 3117 3229
f 3117 3235 3229
f 3117 3234 3235
f 3118 3119 3003
f 3118 3236 3119
f 3118 3235 3236
f 3005 3119 3124
f 3124 3119 3236
f 3121 3120 3230
f 3121 3007 3120
f 3006 3237 3120
f 3230 3120 3343
f 3237 3343 3120
f 3231 3122 3121
f 3008 3121 3122
f 3009 3122 3123
f 3232 3123 3122
f 3122 3231 3232
f 3233 3004 3123
f 3232 3233 3123
f 3124 3238 3010
f 3124 3236 3346
f 3124 3346 3238
f 3238 3126 3010
f 3125 3237 3006
f 3125 3239 3237
f 3127 3239 3125
f 3011 3127 3125
f 3126 3240 3012
f 3238 3348 3126
f 3126 3348 3240
f 3128 3241 3013
f 3128 3013 3012
f 3128 3012 3240
f 3128 3240 3241
f 3132 3017 3016
f 3242 3127 3018
f 3242 3018 3134
f 3239 3127 3349
f 3242 3349 3127
f 3241 3129 3013
f 3240 3350 3241
f 3130 3014 3129
f 3243 3130 3129
f 3241 3351 3129
f 3243 3129 3351
f 3131 3015 3130
f 3244 3131 3130
f 3243 3352 3130
f 3244 3130 3352
f 3131 3132 3016
f 3245 3132 3131
f 3244 3353 3131
f 3245 3131 3353
f 3132 3133 3017
f 3246 3133 3132
f 3245 3354 3132
f 3246 3132 3354
f 3133 3247 3019
f 3246 3247 3133
f 3134 3020 3248
f 3242 3134 3355
f 3134 3248 3355
f 3247 3135 3019
f 3135 3021 3019
f 3135 3249 3021
f 3249 3135 3247
f 3246 3356 3247
f 3247 3356 3249
f 3136 3248 3020
f 3136 3022 3139
f 3251 3136 3139
f 3248 3136 3251
f 3137 3021 3249
f 3023 3137 3140
f 3252 3140 3137
f 3137 3249 3252
f 3138 3139 3022
f 3250 3139 3138
f 3138 3024 3253
f 3250 3138 3359
f 3138 3253 3359
f 3250 3360 3139
f 3360 3251 3139
f 3140 3254 3025
f 3252 3361 3140
f 3254 3140 3361
f 3141 3253 3024
f 3141 3026 3255
f 3253 3141 3362
f 3141 3255 3362
f 3254 3142 3025
f 3142 3027 3025
f 3142 3256 3027
f 3256 3142 3254
f 3254 3363 3256
f 3027 3256 3144
f 3258 3143 3029
f 3147 3258 3029
f 3147 3029 3028
f 3147 3028 3257
f 3147 3257 3258
f 3143 3255 3026
f 3143 3258 3364
f 3255 3143 3364
f 3144 3259 3030
f 3144 3256 3365
f 3259 3144 3365
f 3151 3261 3033
f 3151 3033 3032
f 3151 3032 3260
f 3151 3260 3261
f 3034 3145 3146
f 3262 3146 3145
f 3145 3033 3261
f 3145 3261 3262
f 3028 3146 3257
f 3262 3367 3146
f 3257 3146 3367
f 3368 3258 3257
f 3259 3148 3030
f 3148 3263 3035
f 3148 3259 3370
f 3263 3148 3370
f 3158 3040 3039
f 3041 3265 3149
f 3159 3265 3041
f 3159 3041 3040
f 3159 3040 3264
f 3159 3264 3265
f 3031 3149 3150
f 3266 3150 3149
f 3149 3265 3266
f 3150 3260 3032
f 3266 3372 3150
f 3260 3150 3372
f 3260 3373 3261
f 3152 3035 3263
f 3036 3152 3153
f 3152 3267 3153
f 3263 3375 3152
f 3267 3152 3375
f 3042 3153 3268
f 3153 3267 3268
f 3043 3269 3155
f 3154 3269 3043
f 3154 3043 3042
f 3154 3042 3268
f 3154 3268 3269
f 3037 3155 3156
f 3155 3270 3156
f 3155 3269 3270
f 3038 3156 3157
f 3156 3271 3157
f 3271 3156 3377
f 3377 3156 3270
f 3157 3158 3039
f 3272 3158 3157
f 3157 3271 3378
f 3272 3157 3378
f 3264 3040 3158
f 3272 3379 3158
f 3379 3264 3158
f 3264 3380 3265
f 3281 3164 3387
f 3281 3387 3386
f 3165 3274 3388
f 3388 3273 3165
f 3273 3164 3165
f 3273 3387 3164
f 3273 3388 3387
f 3160 3275 3274
f 3389 3274 3275
f 3497 3388 3274
f 3389 3497 3274
f 3275 3161 3276
f 3383 3275 3276
f 3389 3275 3498
f 3275 3383 3498
f 3276 3162 3277
f 3384 3276 3277
f 3383 3276 3499
f 3276 3384 3499
f 3277 3163 3278
f 3385 3277 3278
f 3384 3277 3500
f 3277 3385 3500
f 3166 3279 3278
f 3390 3278 3279
f 3385 3278 3501
f 3390 3501 3278
f 3391 3279 3167
f 3502 3390 3279
f 3502 3279 3391
f 3167 3282 3391
f 3282 3392 3391
f 3280 3281 3386
f 3169 3281 3280
f 3280 3393 3168
f 3280 3505 3393
f 3386 3505 3280
f 3283 3392 3282
f 3170 3283 3282
f 3394 3283 3171
f 3392 3283 3506
f 3394 3506 3283
f 3171 3285 3394
f 3284 3168 3393
f 3172 3284 3287
f 3284 3396 3287
f 3393 3508 3284
f 3396 3284 3508
f 3173 3286 3285
f 3395 3285 3286
f 3394 3285 3395
f 3286 3174 3397
f 3509 3395 3286
f 3397 3509 3286
f 3287 3398 3175
f 3287 3396 3398
f 3289 3175 3398
f 3396 3510 3398
f 3288 3397 3174
f 3288 3176 3399
f 3511 3397 3288
f 3511 3288 3399
f 3290 3399 3176
f 3293 3179 3401
f 3293 3178 3179
f 3293 3400 3178
f 3293 3401 3400
f 3294 3401 3179
f 3294 3402 3401
f 3289 3403 3181
f 3289 3512 3403
f 3398 3512 3289
f 3177 3291 3290
f 3404 3290 3291
f 3290 3513 3399
f 3290 3404 3513
f 3291 3182 3405
f 3405 3404 3291
f 3183 3292 3407
f 3407 3299 3183
f 3299 3407 3406
f 3515 3406 3407
f 3400 3292 3178
f 3407 3292 3516
f 3516 3292 3400
f 3295 3402 3294
f 3180 3295 3294
f 3184 3408 3295
f 3402 3295 3519
f 3408 3519 3295
f 3300 3185 3409
f 3300 3184 3185
f 3300 3408 3184
f 3300 3409 3408
f 3296 3181 3403
f 3296 3186 3181
f 3296 3185 3186
f 3296 3409 3185
f 3403 3521 3296
f 3521 3409 3296
f 3182 3297 3405
f 3297 3187 3410
f 3405 3297 3522
f 3297 3410 3522
f 3187 3301 3410
f 3413 3304 3414
f 3414 3525 3413
f 3298 3299 3406
f 3189 3299 3298
f 3189 3298 3188
f 3298 3414 3188
f 3298 3526 3414
f 3298 3406 3526
f 3301 3190 3415
f 3410 3301 3527
f 3301 3415 3527
f 3190 3305 3415
f 3416 3306 3417
f 3529 3416 3417
f 3191 3303 3302
f 3303 3412 3302
f 3191 3302 3307
f 3417 3307 3302
f 3302 3411 3417
f 3302 3412 3411
f 3192 3304 3303
f 3303 3304 3413
f 3303 3308 3192
f 3191 3308 3303
f 3303 3413 3412
f 3414 3304 3188
f 3304 3193 3188
f 3193 3304 3192
f 3305 3194 3418
f 3415 3305 3530
f 3530 3305 3418
f 3306 3416 3420
f 3419 3310 3420
f 3532 3420 3416
f 3532 3419 3420
f 3417 3306 3307
f 3195 3307 3306
f 3306 3311 3195
f 3420 3311 3306
f 3191 3307 3308
f 3307 3196 3308
f 3196 3307 3195
f 3309 3418 3194
f 3309 3194 3198
f 3309 3198 3421
f 3309 3421 3418
f 3198 3312 3421
f 3533 3418 3421
f 3310 3419 3423
f 3422 3317 3423
f 3535 3423 3419
f 3535 3422 3423
f 3420 3310 3311
f 3310 3203 3311
f 3310 3318 3203
f 3423 3318 3310
f 3199 3313 3312
f 3424 3312 3313
f 3421 3312 3536
f 3312 3424 3536
f 3200 3314 3313
f 3313 3314 3425
f 3424 3313 3425
f 3314 3201 3315
f 3426 3314 3315
f 3314 3426 3425
f 3202 3316 3315
f 3315 3316 3427
f 3315 3427 3426
f 3316 3206 3428
f 3316 3428 3427
f 3317 3422 3430
f 3538 3430 3422
f 3423 3317 3318
f 3317 3207 3318
f 3317 3321 3207
f 3430 3321 3317
f 3319 3428 3206
f 3427 3428 3542
f 3319 3209 3432
f 3431 3428 3319
f 3432 3431 3319
f 3430 3320 3321
f 3320 3210 3321
f 3323 3210 3320
f 3433 3323 3320
f 3320 3429 3433
f 3430 3429 3320
f 3322 3432 3209
f 3322 3209 3212
f 3322 3212 3434
f 3322 3434 3432
f 3432 3434 3544
f 3212 3324 3434
f 3435 3323 3433
f 3433 3545 3435
f 3213 3323 3325
f 3323 3435 3325
f 3214 3326 3324
f 3436 3324 3326
f 3434 3324 3546
f 3436 3546 3324
f 3437 3325 3435
f 3435 3547 3437
f 3215 3325 3327
f 3325 3437 3327
f 3326 3216 3328
f 3438 3326 3328
f 3436 3326 3548
f 3438 3548 3326
f 3439 3327 3437
f 3437 3549 3439
f 3217 3327 3329
f 3327 3439 3329
f 3218 3330 3328
f 3440 3328 3330
f 3438 3328 3550
f 3440 3550 3328
f 3441 3329 3439
f 3439 3551 3441
f 3219 3329 3331
f 3329 3441 3331
f 3442 3330 3220
f 3552 3330 3442
f 3552 3440 3330
f 3443 3331 3441
f 3441 3553 3443
f 3219 3331 3221
f 3221 3331 3333
f 3331 3443 3333
f 3332 3442 3220
f 3332 3220 3223
f 3332 3223 3444
f 3332 3444 3442
f 3335 3444 3223
f 3333 3334 3221
f 3446 3334 3333
f 3445 3446 3333
f 3333 3443 3445
f 3334 3336 3224
f 3334 3446 3336
f 3226 3450 3335
f 3340 3450 3226
f 3450 3560 3335
f 3444 3335 3560
f 3451 3336 3446
f 3445 3561 3446
f 3561 3451 3446
f 3336 3227 3224
f 3227 3336 3341
f 3451 3341 3336
f 3228 3227 3342
f 3230 3452 3337
f 3452 3230 3343
f 3231 3337 3338
f 3337 3447 3338
f 3337 3231 3230
f 3452 3562 3337
f 3337 3562 3447
f 3232 3338 3339
f 3338 3448 3339
f 3338 3232 3231
f 3338 3447 3448
f 3340 3233 3339
f 3449 3340 3339
f 3339 3233 3232
f 3339 3448 3449
f 3449 3450 3340
f 3227 3341 3342
f 3342 3341 3453
f 3564 3341 3451
f 3564 3453 3341
f 3228 3342 3234
f 3342 3454 3234
f 3342 3453 3454
f 3344 3235 3234
f 3454 3344 3234
f 3236 3235 3345
f 3343 3237 3347
f 3455 3343 3347
f 3452 3343 3565
f 3343 3455 3565
f 3456 3344 3454
f 3567 3454 3453
f 3456 3454 3567
f 3235 3344 3345
f 3457 3345 3344
f 3344 3456 3457
f 3236 3345 3346
f 3345 3458 3346
f 3457 3458 3345
f 3346 3459 3238
f 3346 3458 3459
f 3347 3237 3239
f 3347 3239 3460
f 3460 3239 3349
f 3568 3347 3460
f 3568 3455 3347
f 3570 3458 3457
f 3459 3348 3238
f 3461 3348 3459
f 3458 3571 3459
f 3461 3459 3571
f 3348 3462 3240
f 3462 3348 3461
f 3350 3240 3462
f 3349 3242 3463
f 3460 3349 3572
f 3349 3463 3572
f 3241 3350 3351
f 3464 3351 3350
f 3462 3575 3350
f 3464 3350 3575
f 3243 3351 3352
f 3351 3465 3352
f 3465 3351 3464
f 3244 3352 3353
f 3352 3466 3353
f 3352 3465 3466
f 3245 3353 3354
f 3354 3353 3467
f 3353 3466 3467
f 3354 3468 3246
f 3354 3467 3468
f 3468 3356 3246
f 3355 3463 3242
f 3469 3463 3355
f 3355 3248 3357
f 3469 3355 3357
f 3469 3576 3463
f 3356 3470 3249
f 3468 3581 3356
f 3470 3356 3581
f 3357 3248 3251
f 3357 3251 3472
f 3360 3472 3251
f 3472 3582 3357
f 3582 3469 3357
f 3470 3358 3249
f 3358 3252 3249
f 3358 3473 3252
f 3358 3470 3473
f 3583 3473 3470
f 3361 3252 3473
f 3250 3359 3360
f 3471 3360 3359
f 3359 3253 3474
f 3471 3359 3584
f 3359 3474 3584
f 3471 3585 3360
f 3585 3472 3360
f 3254 3361 3363
f 3475 3363 3361
f 3475 3361 3473
f 3362 3474 3253
f 3362 3255 3476
f 3474 3362 3587
f 3362 3476 3587
f 3363 3477 3256
f 3475 3589 3363
f 3477 3363 3589
f 3258 3478 3364
f 3368 3478 3258
f 3364 3476 3255
f 3476 3364 3590
f 3364 3478 3590
f 3477 3365 3256
f 3365 3477 3479
f 3591 3479 3477
f 3259 3365 3369
f 3369 3365 3479
f 3367 3262 3481
f 3366 3481 3262
f 3366 3262 3261
f 3366 3261 3480
f 3366 3480 3481
f 3257 3367 3368
f 3482 3368 3367
f 3482 3367 3592
f 3592 3367 3481
f 3482 3593 3368
f 3368 3593 3478
f 3259 3369 3370
f 3369 3483 3370
f 3479 3594 3369
f 3594 3483 3369
f 3374 3263 3370
f 3374 3370 3483
f 3380 3485 3265
f 3486 3372 3266
f 3371 3486 3266
f 3371 3266 3265
f 3371 3265 3485
f 3371 3485 3486
f 3260 3372 3373
f 3487 3373 3372
f 3372 3486 3596
f 3487 3372 3596
f 3373 3480 3261
f 3487 3597 3373
f 3480 3373 3597
f 3374 3375 3263
f 3488 3375 3374
f 3483 3599 3374
f 3488 3374 3599
f 3375 3489 3267
f 3489 3375 3488
f 3381 3490 3268
f 3381 3268 3267
f 3381 3267 3489
f 3381 3489 3490
f 3382 3491 3269
f 3382 3269 3268
f 3376 3492 3270
f 3376 3270 3269
f 3376 3269 3491
f 3376 3491 3492
f 3271 3377 3378
f 3377 3493 3378
f 3377 3270 3492
f 3493 3377 3600
f 3600 3377 3492
f 3272 3378 3379
f 3494 3379 3378
f 3378 3493 3601
f 3494 3378 3601
f 3380 3264 3379
f 3484 3380 3379
f 3494 3602 3379
f 3602 3484 3379
f 3484 3603 3380
f 3380 3603 3485
f 3382 3268 3490
f 3489 3605 3490
f 3490 3606 3382
f 3382 3606 3491
f 3499 3610 3609
f 3495 3387 3614
f 3495 3386 3387
f 3495 3613 3386
f 3613 3495 3614
f 3388 3497 3496
f 3497 3615 3496
f 3496 3387 3388
f 3496 3614 3387
f 3615 3728 3496
f 3496 3728 3614
f 3389 3498 3497
f 3608 3497 3498
f 3615 3497 3729
f 3497 3608 3729
f 3498 3499 3609
f 3498 3383 3499
f 3608 3498 3609
f 3499 3500 3610
f 3499 3384 3500
f 3385 3501 3500
f 3611 3500 3501
f 3610 3500 3730
f 3500 3611 3730
f 3390 3502 3501
f 3502 3616 3501
f 3611 3501 3731
f 3616 3731 3501
f 3617 3502 3391
f 3616 3502 3732
f 3617 3732 3502
f 3503 3392 3618
f 3503 3391 3392
f 3391 3503 3617
f 3503 3618 3617
f 3618 3733 3617
f 3393 3505 3504
f 3612 3504 3505
f 3504 3508 3393
f 3619 3508 3504
f 3612 3734 3504
f 3734 3619 3504
f 3613 3505 3386
f 3505 3613 3612
f 3392 3506 3618
f 3506 3394 3507
f 3620 3506 3507
f 3506 3735 3618
f 3506 3620 3735
f 3507 3395 3621
f 3507 3394 3395
f 3736 3620 3507
f 3621 3736 3507
f 3508 3622 3396
f 3622 3508 3619
f 3509 3621 3395
f 3397 3623 3509
f 3509 3738 3621
f 3623 3738 3509
f 3511 3623 3397
f 3510 3396 3622
f 3398 3510 3512
f 3510 3625 3512
f 3622 3740 3510
f 3625 3510 3740
f 3511 3399 3626
f 3623 3511 3624
f 3511 3626 3624
f 3513 3626 3399
f 3516 3400 3628
f 3516 3628 3627
f 3517 3401 3629
f 3517 3400 3401
f 3517 3628 3400
f 3517 3629 3628
f 3518 3402 3630
f 3518 3401 3402
f 3518 3629 3401
f 3518 3630 3629
f 3512 3631 3403
f 3512 3625 3631
f 3521 3403 3631
f 3513 3404 3632
f 3626 3513 3746
f 3513 3632 3746
f 3514 3405 3633
f 3514 3404 3405
f 3404 3514 3632
f 3514 3633 3632
f 3633 3747 3632
f 3406 3515 3638
f 3526 3406 3638
f 3526 3638 3637
f 3751 3637 3638
f 3515 3516 3627
f 3407 3516 3515
f 3638 3515 3752
f 3515 3627 3752
f 3402 3519 3630
f 3519 3408 3520
f 3639 3519 3520
f 3519 3753 3630
f 3519 3639 3753
f 3409 3521 3640
f 3520 3409 3640
f 3520 3408 3409
f 3754 3639 3520
f 3640 3754 3520
f 3640 3521 3755
f 3631 3755 3521
f 3405 3522 3633
f 3522 3410 3641
f 3633 3522 3756
f 3522 3641 3756
f 3410 3527 3641
f 3643 3529 3644
f 3644 3758 3643
f 3412 3524 3523
f 3524 3635 3523
f 3523 3411 3412
f 3644 3411 3523
f 3644 3523 3634
f 3523 3635 3634
f 3413 3525 3524
f 3636 3524 3525
f 3413 3524 3412
f 3524 3636 3635
f 3637 3525 3526
f 3525 3414 3526
f 3636 3525 3637
f 3527 3415 3645
f 3641 3527 3759
f 3527 3645 3759
f 3415 3530 3645
f 3528 3642 3647
f 3646 3531 3647
f 3642 3761 3647
f 3761 3646 3647
f 3528 3529 3643
f 3528 3416 3529
f 3528 3532 3416
f 3647 3532 3528
f 3528 3643 3642
f 3644 3529 3411
f 3529 3417 3411
f 3530 3418 3648
f 3645 3530 3762
f 3762 3530 3648
f 3531 3646 3650
f 3649 3534 3650
f 3764 3650 3646
f 3764 3649 3650
f 3647 3531 3532
f 3531 3419 3532
f 3531 3535 3419
f 3650 3535 3531
f 3533 3648 3418
f 3421 3536 3533
f 3651 3533 3536
f 3765 3648 3533
f 3651 3765 3533
f 3650 3534 3535
f 3534 3422 3535
f 3534 3538 3422
f 3652 3538 3534
f 3652 3534 3649
f 3536 3424 3653
f 3651 3536 3767
f 3536 3653 3767
f 3425 3539 3424
f 3424 3539 3653
f 3426 3540 3425
f 3427 3541 3426
f 3429 3538 3537
f 3537 3538 3652
f 3543 3429 3537
f 3654 3543 3537
f 3537 3769 3654
f 3537 3652 3769
f 3430 3538 3429
f 3539 3425 3540
f 3539 3540 3655
f 3539 3770 3653
f 3539 3655 3770
f 3540 3426 3541
f 3656 3540 3541
f 3540 3656 3655
f 3541 3427 3542
f 3657 3541 3542
f 3541 3657 3656
f 3428 3431 3542
f 3658 3542 3431
f 3657 3542 3658
f 3432 3544 3431
f 3658 3431 3544
f 3543 3433 3429
f 3543 3545 3433
f 3659 3545 3543
f 3543 3654 3659
f 3773 3655 3656
f 3657 3658 3775
f 3544 3434 3661
f 3658 3544 3660
f 3661 3660 3544
f 3662 3545 3659
f 3659 3776 3662
f 3435 3545 3547
f 3545 3662 3547
f 3546 3661 3434
f 3546 3663 3661
f 3780 3661 3663
f 3436 3548 3546
f 3548 3663 3546
f 3665 3547 3662
f 3662 3782 3665
f 3782 3664 3665
f 3437 3547 3549
f 3547 3665 3549
f 3438 3550 3548
f 3666 3548 3550
f 3666 3663 3548
f 3667 3549 3665
f 3785 3665 3664
f 3665 3785 3667
f 3439 3549 3551
f 3549 3667 3551
f 3550 3668 3666
f 3440 3552 3550
f 3550 3552 3668
f 3669 3551 3667
f 3667 3787 3669
f 3441 3551 3553
f 3551 3669 3553
f 3552 3442 3670
f 3552 3670 3668
f 3790 3668 3670
f 3671 3553 3669
f 3669 3791 3671
f 3443 3553 3555
f 3555 3553 3671
f 3554 3670 3442
f 3554 3442 3444
f 3560 3554 3444
f 3560 3675 3554
f 3554 3675 3795
f 3554 3795 3670
f 3443 3555 3445
f 3677 3445 3555
f 3676 3677 3555
f 3555 3671 3676
f 3447 3556 3557
f 3556 3672 3557
f 3562 3556 3447
f 3678 3556 3562
f 3672 3556 3797
f 3556 3678 3797
f 3448 3557 3558
f 3557 3673 3558
f 3557 3448 3447
f 3557 3672 3673
f 3449 3558 3559
f 3558 3674 3559
f 3558 3449 3448
f 3558 3673 3674
f 3559 3675 3560
f 3559 3560 3450
f 3559 3450 3449
f 3559 3674 3675
f 3445 3677 3561
f 3561 3677 3679
f 3676 3798 3677
f 3798 3679 3677
f 3561 3563 3451
f 3561 3679 3563
f 3562 3452 3680
f 3680 3799 3562
f 3799 3678 3562
f 3564 3451 3563
f 3681 3564 3563
f 3801 3563 3679
f 3563 3801 3681
f 3564 3566 3453
f 3564 3681 3566
f 3565 3680 3452
f 3455 3568 3565
f 3682 3565 3568
f 3565 3682 3680
f 3567 3453 3566
f 3567 3566 3683
f 3681 3804 3566
f 3804 3683 3566
f 3456 3567 3684
f 3567 3683 3684
f 3569 3457 3456
f 3685 3568 3460
f 3682 3568 3805
f 3685 3805 3568
f 3569 3456 3684
f 3686 3569 3684
f 3807 3684 3683
f 3807 3686 3684
f 3569 3570 3457
f 3687 3570 3569
f 3686 3687 3569
f 3458 3570 3571
f 3570 3688 3571
f 3570 3687 3688
f 3461 3571 3573
f 3571 3688 3573
f 3574 3462 3461
f 3572 3685 3460
f 3572 3689 3685
f 3576 3689 3572
f 3463 3576 3572
f 3810 3687 3686
f 3811 3687 3690
f 3687 3811 3688
f 3811 3691 3688
f 3811 3690 3691
f 3574 3461 3573
f 3692 3574 3573
f 3573 3688 3691
f 3573 3691 3692
f 3574 3575 3462
f 3693 3575 3574
f 3574 3692 3693
f 3575 3694 3464
f 3694 3575 3693
f 3577 3465 3464
f 3577 3464 3694
f 3578 3466 3465
f 3579 3467 3466
f 3580 3468 3467
f 3576 3469 3697
f 3582 3697 3469
f 3697 3812 3576
f 3812 3689 3576
f 3577 3578 3465
f 3695 3578 3577
f 3694 3817 3577
f 3817 3695 3577
f 3578 3579 3466
f 3698 3579 3578
f 3695 3818 3578
f 3698 3578 3818
f 3580 3467 3579
f 3696 3580 3579
f 3698 3819 3579
f 3696 3579 3819
f 3580 3581 3468
f 3581 3580 3699
f 3696 3820 3580
f 3699 3580 3820
f 3470 3581 3583
f 3583 3581 3699
f 3582 3472 3700
f 3585 3700 3472
f 3700 3821 3582
f 3821 3697 3582
f 3583 3701 3473
f 3699 3822 3583
f 3583 3822 3701
f 3471 3584 3585
f 3585 3584 3702
f 3584 3474 3588
f 3584 3588 3702
f 3702 3823 3585
f 3823 3700 3585
f 3586 3473 3701
f 3586 3475 3473
f 3586 3703 3475
f 3586 3701 3703
f 3589 3475 3703
f 3587 3588 3474
f 3705 3588 3587
f 3587 3476 3704
f 3587 3704 3705
f 3705 3825 3588
f 3825 3702 3588
f 3477 3589 3591
f 3706 3591 3589
f 3826 3589 3703
f 3706 3589 3826
f 3590 3704 3476
f 3590 3478 3707
f 3704 3590 3827
f 3590 3707 3827
f 3591 3708 3479
f 3706 3829 3591
f 3591 3829 3708
f 3594 3479 3708
f 3598 3711 3481
f 3598 3481 3480
f 3598 3480 3710
f 3598 3710 3711
f 3482 3592 3593
f 3712 3593 3592
f 3592 3481 3711
f 3592 3711 3712
f 3478 3593 3707
f 3712 3831 3593
f 3831 3707 3593
f 3713 3483 3594
f 3594 3708 3832
f 3713 3594 3832
f 3603 3715 3485
f 3603 3714 3715
f 3596 3486 3716
f 3595 3716 3486
f 3595 3486 3485
f 3595 3485 3715
f 3595 3715 3716
f 3487 3596 3597
f 3709 3597 3596
f 3709 3596 3833
f 3833 3596 3716
f 3597 3710 3480
f 3709 3834 3597
f 3710 3597 3834
f 3710 3835 3711
f 3483 3713 3599
f 3599 3717 3488
f 3599 3713 3837
f 3717 3599 3837
f 3604 3489 3488
f 3604 3488 3717
f 3607 3720 3492
f 3607 3492 3491
f 3607 3491 3719
f 3607 3719 3720
f 3493 3600 3601
f 3721 3601 3600
f 3600 3492 3720
f 3600 3720 3721
f 3494 3601 3602
f 3722 3602 3601
f 3722 3601 3838
f 3838 3601 3721
f 3603 3602 3714
f 3603 3484 3602
f 3722 3839 3602
f 3714 3602 3839
f 3714 3840 3715
f 3604 3605 3489
f 3718 3605 3604
f 3717 3842 3604
f 3842 3718 3604
f 3606 3490 3605
f 3723 3606 3605
f 3718 3843 3605
f 3723 3605 3843
f 3491 3606 3719
f 3723 3844 3606
f 3719 3606 3844
f 3845 3720 3719
f 3729 3608 3848
f 3729 3848 3847
f 3609 3725 3724
f 3725 3849 3724
f 3724 3608 3609
f 3724 3848 3608
f 3849 3969 3724
f 3724 3969 3848
f 3725 3610 3850
f 3725 3609 3610
f 3970 3849 3725
f 3850 3970 3725
f 3730 3850 3610
f 3730 3851 3850
f 3727 3855 3613
f 3855 3726 3613
f 3726 3612 3613
f 3726 3854 3612
f 3726 3855 3854
f 3972 3854 3855
f 3614 3728 3727
f 3728 3856 3727
f 3614 3727 3613
f 3855 3727 3973
f 3856 3973 3727
f 3728 3729 3847
f 3615 3729 3728
f 3856 3728 3974
f 3728 3847 3974
f 3730 3731 3851
f 3730 3611 3731
f 3731 3616 3732
f 3852 3731 3732
f 3851 3731 3975
f 3731 3852 3975
f 3617 3733 3732
f 3853 3732 3733
f 3852 3732 3976
f 3732 3853 3976
f 3733 3618 3857
f 3977 3853 3733
f 3977 3733 3857
f 3735 3857 3618
f 3734 3612 3854
f 3734 3859 3619
f 3978 3734 3854
f 3978 3859 3734
f 3620 3736 3735
f 3858 3735 3736
f 3857 3735 3858
f 3736 3621 3860
f 3858 3736 3980
f 3860 3980 3736
f 3738 3860 3621
f 3737 3619 3859
f 3737 3622 3619
f 3737 3740 3622
f 3862 3740 3737
f 3859 3982 3737
f 3982 3862 3737
f 3738 3623 3739
f 3861 3738 3739
f 3860 3738 3861
f 3739 3624 3863
f 3739 3623 3624
f 3983 3861 3739
f 3863 3983 3739
f 3740 3864 3625
f 3864 3740 3984
f 3740 3862 3984
f 3741 3863 3624
f 3741 3624 3626
f 3626 3746 3741
f 3746 3865 3741
f 3985 3863 3741
f 3865 3985 3741
f 3752 3627 3870
f 3752 3870 3869
f 3742 3628 3871
f 3742 3627 3628
f 3742 3870 3627
f 3870 3742 3871
f 3743 3629 3872
f 3743 3628 3629
f 3743 3871 3628
f 3871 3743 3872
f 3744 3630 3873
f 3744 3629 3630
f 3744 3872 3629
f 3744 3873 3872
f 3753 3873 3630
f 3745 3625 3864
f 3745 3631 3625
f 3745 3755 3631
f 3875 3755 3745
f 3864 3992 3745
f 3875 3745 3992
f 3747 3865 3746
f 3632 3747 3746
f 3747 3633 3876
f 3865 3747 3993
f 3876 3993 3747
f 3758 3879 3878
f 3996 3878 3879
f 3635 3749 3748
f 3749 3866 3748
f 3748 3634 3635
f 3748 3879 3634
f 3866 3997 3748
f 3748 3997 3879
f 3636 3750 3749
f 3750 3867 3749
f 3749 3635 3636
f 3866 3749 3998
f 3867 3998 3749
f 3637 3751 3750
f 3751 3868 3750
f 3750 3636 3637
f 3750 3868 3867
f 3751 3752 3869
f 3638 3752 3751
f 3751 3869 3868
f 3639 3754 3753
f 3874 3753 3754
f 3753 3874 3873
f 3640 3755 3754
f 3875 3754 3755
f 3874 3754 4000
f 3875 4000 3754
f 3876 3633 3756
f 3756 3641 3880
f 3876 3756 4001
f 3756 3880 4001
f 3641 3759 3880
f 3642 3757 3883
f 3757 3877 3883
f 3642 3883 3761
f 3882 3761 3883
f 3877 4004 3883
f 3883 4004 3882
f 3757 3758 3878
f 3757 3643 3758
f 3757 3642 3643
f 3757 3878 3877
f 3879 3758 3634
f 3758 3644 3634
f 3759 3645 3884
f 3880 3759 3881
f 3759 3884 3881
f 3645 3762 3884
f 3761 3760 3646
f 3760 3761 3882
f 3764 3646 3760
f 3885 3764 3760
f 3760 4007 3885
f 3760 3882 4007
f 3762 3648 3886
f 3884 3762 4008
f 3762 3886 4008
f 3764 3763 3649
f 3763 3764 3885
f 3649 3763 3766
f 3766 3763 3887
f 3763 4010 3887
f 3763 3885 4010
f 3765 3886 3648
f 3765 3767 3888
f 3651 3767 3765
f 3765 4011 3886
f 3888 4011 3765
f 3766 3887 3889
f 3887 4012 3889
f 3766 3652 3649
f 3652 3766 3769
f 3766 3889 3769
f 3767 3653 3890
f 3767 3890 3888
f 3889 3768 3769
f 3768 3654 3769
f 3771 3654 3768
f 3891 3771 3768
f 3768 4014 3891
f 3889 4014 3768
f 3770 3890 3653
f 3770 3655 3772
f 3892 3770 3772
f 3770 4015 3890
f 3892 4015 3770
f 3657 3774 3656
f 3771 3659 3654
f 3771 3776 3659
f 3893 3776 3771
f 3893 3771 3891
f 3773 3772 3655
f 3773 3894 3772
f 3892 3772 4017
f 4017 3772 3894
f 3656 3774 3773
f 3895 3773 3774
f 3895 3777 3773
f 3773 3777 3894
f 3657 3775 3774
f 3896 3774 3775
f 3895 3774 3896
f 3658 3660 3775
f 3660 3779 3775
f 3775 3779 3896
f 3661 3780 3660
f 3897 3776 3893
f 3893 4018 3897
f 3662 3776 3782
f 3776 3897 3782
f 3777 3895 3899
f 3777 3898 3894
f 3777 3899 3898
f 3778 3899 3895
f 3778 3895 3896
f 3778 3896 3900
f 3778 3900 3899
f 3660 3780 3779
f 3780 3901 3779
f 3779 3900 3896
f 3779 3901 3900
f 3783 3780 3663
f 3901 3780 3783
f 3897 3781 3782
f 3781 3664 3782
f 3784 3664 3781
f 3902 3784 3781
f 3897 4020 3781
f 3902 3781 4020
f 4021 3898 3899
f 4021 3899 3903
f 4022 3903 3899
f 4022 3899 3900
f 4022 3900 3904
f 4022 3904 3903
f 3901 3783 3905
f 4023 3904 3900
f 4023 3900 3901
f 4023 3901 3905
f 4023 3905 3904
f 3783 3663 3666
f 3783 3666 3786
f 3905 3783 3786
f 3784 3785 3664
f 3906 3785 3784
f 3902 4024 3784
f 3906 3784 4024
f 3667 3785 3787
f 3785 3906 3787
f 4025 3903 3907
f 4026 3907 3903
f 4026 3903 3904
f 4026 3904 3908
f 4026 3908 3907
f 3905 3786 3909
f 4027 3908 3904
f 4027 3904 3905
f 4027 3905 3909
f 4027 3909 3908
f 3786 3666 3668
f 3790 3786 3668
f 3909 3786 3790
f 3910 3787 3906
f 3906 4028 3910
f 3669 3787 3791
f 3787 3910 3791
f 4029 3907 3912
f 4029 3912 3911
f 3913 3793 3912
f 3788 3912 3907
f 3788 3907 3908
f 3788 3908 3913
f 3788 3913 3912
f 3914 3789 3790
f 3790 3789 3909
f 3914 3794 3789
f 3794 3913 3789
f 3789 3913 3908
f 3789 3908 3909
f 3670 3795 3790
f 3795 3914 3790
f 3791 3910 3915
f 4030 3915 3910
f 3791 3796 3671
f 3791 3915 3796
f 3792 3912 3793
f 3673 3792 3793
f 3792 3673 3672
f 3792 3672 3916
f 3792 3916 3911
f 3912 3792 3911
f 3913 3794 3793
f 3674 3793 3794
f 3793 3674 3673
f 3914 3795 3794
f 3795 3675 3794
f 3675 3674 3794
f 3796 3676 3671
f 3918 3676 3796
f 3796 3915 3917
f 3918 3796 3917
f 3797 3916 3672
f 3678 3799 3797
f 3919 3797 3799
f 3797 4033 3916
f 3797 3919 4033
f 3676 3918 3798
f 3920 3798 3918
f 3918 4034 3920
f 3798 3800 3679
f 3798 3920 3800
f 3799 3680 3921
f 3921 4035 3799
f 4035 3919 3799
f 3800 3801 3679
f 3923 3801 3800
f 3922 3923 3800
f 3800 3920 3922
f 3803 3681 3801
f 3923 3803 3801
f 3802 3921 3680
f 3802 3680 3682
f 3802 3682 3924
f 3802 3924 3921
f 3682 3805 3924
f 3925 3803 3923
f 4039 3923 3922
f 3925 3923 4039
f 3803 3804 3681
f 3926 3804 3803
f 3926 3803 3925
f 3806 3683 3804
f 3926 3806 3804
f 3805 3685 3927
f 3924 3805 4040
f 3805 3927 4040
f 3806 3807 3683
f 3806 3929 3807
f 3926 3928 3806
f 3806 3928 3929
f 3809 3686 3807
f 3809 3807 3929
f 3808 3927 3685
f 3808 3685 3689
f 3808 3689 3931
f 3808 3931 3927
f 3812 3931 3689
f 3927 3931 4042
f 3810 3686 3809
f 3810 3809 3932
f 3809 3929 4044
f 3809 4044 3932
f 3687 3810 3690
f 3810 3933 3690
f 3810 3932 3933
f 3813 3691 3690
f 3813 3690 3933
f 3814 3935 3692
f 3814 3692 3691
f 3815 3936 3693
f 3815 3693 3692
f 3815 3692 3935
f 3815 3935 3936
f 3816 3937 3694
f 3816 3694 3693
f 3816 3693 3936
f 3816 3936 3937
f 3812 3697 3938
f 3821 3938 3697
f 3938 3930 3812
f 3930 3931 3812
f 3932 4047 3933
f 3814 3691 3813
f 3934 3814 3813
f 3933 4048 3813
f 3934 3813 4048
f 3934 4049 3814
f 3814 4049 3935
f 3935 4050 3936
f 3937 3817 3694
f 3936 4051 3937
f 3695 3817 3818
f 3817 3939 3818
f 3937 4052 3817
f 3817 4052 3939
f 3698 3818 3819
f 3819 3818 3940
f 3818 3939 3940
f 3696 3819 3820
f 3819 3941 3820
f 3941 3819 3940
f 3820 3942 3699
f 3942 3820 3941
f 3699 3942 3822
f 3821 3700 3943
f 3823 3943 3700
f 3943 4054 3821
f 4054 3938 3821
f 3822 3824 3701
f 3944 3824 3822
f 3822 3942 3944
f 3823 3702 3945
f 3825 3945 3702
f 3945 4057 3823
f 4057 3943 3823
f 3824 3703 3701
f 3824 3946 3703
f 3944 4058 3824
f 3824 4058 3946
f 3825 3705 3947
f 3828 3947 3705
f 3828 3705 3704
f 3947 4059 3825
f 4059 3945 3825
f 3826 3703 3946
f 3826 3946 3948
f 3706 3826 3829
f 3948 3829 3826
f 3827 3828 3704
f 3950 3828 3827
f 3827 3707 3949
f 3950 3827 4061
f 3827 3949 4061
f 3950 4062 3828
f 4062 3947 3828
f 3829 3951 3708
f 4063 3829 3948
f 3951 3829 4063
f 3835 3953 3711
f 3831 3712 3954
f 3830 3954 3712
f 3830 3712 3711
f 3830 3711 3953
f 3830 3953 3954
f 3954 3953 4064
f 3707 3831 3949
f 3954 4065 3831
f 3949 3831 4065
f 3951 3832 3708
f 3832 3951 3955
f 4066 3955 3951
f 3836 3713 3832
f 3836 3832 3955
f 3841 3957 3716
f 3841 3716 3715
f 3709 3833 3834
f 3958 3834 3833
f 3833 3716 3957
f 3833 3957 3958
f 3710 3834 3835
f 3952 3835 3834
f 3952 3834 4067
f 4067 3834 3958
f 3952 4068 3835
f 3835 4068 3953
f 3836 3837 3713
f 3836 3959 3837
f 3955 4069 3836
f 3959 3836 4069
f 3837 3960 3717
f 3837 3959 3960
f 3846 3962 3721
f 3846 3721 3720
f 3846 3720 3961
f 3846 3961 3962
f 3722 3838 3839
f 3963 3839 3838
f 3838 3721 3962
f 3838 3962 3963
f 3714 3839 3840
f 3964 3840 3839
f 3964 3839 4071
f 4071 3839 3963
f 3840 3841 3715
f 3956 3841 3840
f 3964 4072 3840
f 3956 3840 4072
f 3956 4073 3841
f 3841 4073 3957
f 3960 3842 3717
f 3959 4075 3960
f 3718 3842 3843
f 3965 3843 3842
f 3960 4076 3842
f 3965 3842 4076
f 3723 3843 3844
f 3843 3966 3844
f 3843 3965 4077
f 3966 3843 4077
f 3719 3844 3845
f 3967 3845 3844
f 3844 3966 4078
f 3967 3844 4078
f 3961 3720 3845
f 3967 4079 3845
f 4079 3961 3845
f 4080 3962 3961
f 3974 3847 4083
f 3974 4083 4082
f 3848 3969 4084
f 4084 3968 3848
f 3968 3847 3848
f 3968 4083 3847
f 3968 4084 4083
f 3849 3970 3969
f 3970 4085 3969
f 4085 4192 3969
f 3969 4192 4084
f 4086 3970 3850
f 4193 4085 3970
f 4086 4193 3970
f 3971 3851 4087
f 3971 3850 3851
f 3850 3971 4086
f 3971 4087 4086
f 3978 3854 4091
f 3855 3973 3972
f 4081 3972 3973
f 3972 4091 3854
f 4081 4196 3972
f 3972 4196 4091
f 4082 3973 3974
f 3973 3856 3974
f 4081 3973 4197
f 4197 3973 4082
f 3851 3975 4087
f 3975 3852 3976
f 4088 3975 3976
f 4087 3975 4198
f 3975 4088 4198
f 3853 3977 3976
f 4089 3976 3977
f 4088 3976 4199
f 3976 4089 4199
f 4092 3977 3857
f 4200 4089 3977
f 4200 3977 4092
f 3979 3858 4093
f 3979 3857 3858
f 3857 3979 4092
f 3979 4093 4092
f 3978 4094 3859
f 4090 4094 3978
f 3982 3859 4094
f 4090 4202 4094
f 3978 4091 4090
f 3858 3980 4093
f 3980 3860 3981
f 4095 3980 3981
f 4093 3980 4203
f 3980 4095 4203
f 3981 3861 4096
f 3981 3860 3861
f 4204 4095 3981
f 4096 4204 3981
f 3862 3982 3984
f 3982 4097 3984
f 3982 4205 4097
f 4094 4205 3982
f 3983 4096 3861
f 3983 3863 4098
f 4096 3983 4206
f 4098 4206 3983
f 3864 3984 4099
f 3984 4097 4099
f 4099 3992 3864
f 4097 4207 4099
f 4098 3863 3985
f 4100 3985 3865
f 4098 3985 4208
f 4100 4208 3985
f 4103 3997 4104
f 4104 4210 4103
f 4104 3998 4105
f 4105 4211 4104
f 3868 3987 4106
f 3986 3868 4106
f 3986 3867 3868
f 3986 4105 3867
f 4105 3986 4106
f 4106 4212 4105
f 3987 3869 4107
f 3987 3868 3869
f 4106 3987 4213
f 4107 4213 3987
f 4108 3988 3870
f 3988 3869 3870
f 3988 4107 3869
f 4107 3988 4108
f 4214 4107 4108
f 3990 3989 3871
f 3990 4109 3989
f 3871 3989 3870
f 3870 3989 4108
f 4109 4215 3989
f 3989 4215 4108
f 4110 3990 3872
f 3872 3990 3871
f 4216 4109 3990
f 4110 4216 3990
f 3991 3873 4111
f 3991 3872 3873
f 3872 3991 4110
f 4110 3991 4111
f 3999 3874 4112
f 3999 3873 3874
f 3999 4111 3873
f 3999 4112 4111
f 3992 4113 3875
f 4113 3992 4218
f 3992 4099 4218
f 4100 3865 3993
f 3993 3876 3994
f 4101 3993 3994
f 4100 3993 4219
f 3993 4101 4219
f 3876 4001 3994
f 4001 4114 3994
f 4220 4101 3994
f 4114 4220 3994
f 3996 3995 3878
f 4102 3995 3996
f 3995 3877 3878
f 3995 4116 3877
f 4102 4222 3995
f 3995 4222 4116
f 4103 3996 3997
f 3996 3879 3997
f 3996 4103 4102
f 4104 3997 3998
f 3997 3866 3998
f 4105 3998 3867
f 3874 4000 4112
f 4113 4000 3875
f 4000 4113 4112
f 3880 4002 4001
f 4001 4002 4114
f 4002 3881 4117
f 3880 3881 4002
f 4225 4114 4002
f 4117 4225 4002
f 3882 4004 4003
f 4115 4003 4004
f 4003 4007 3882
f 4003 4118 4007
f 4227 4003 4115
f 4003 4227 4118
f 4116 4004 3877
f 4004 4116 4115
f 4005 4117 3881
f 4005 3881 3884
f 3884 4008 4005
f 4119 4005 4008
f 4228 4117 4005
f 4119 4228 4005
f 4006 4007 4118
f 4006 3885 4007
f 4006 4010 3885
f 4006 4120 4010
f 4006 4230 4120
f 4006 4118 4230
f 4008 3886 4121
f 4119 4008 4231
f 4008 4121 4231
f 4011 4121 3886
f 4010 4009 3887
f 4010 4120 4009
f 3887 4009 4012
f 4122 4012 4009
f 4232 4009 4120
f 4122 4009 4232
f 4011 3888 4123
f 4233 4121 4011
f 4123 4233 4011
f 3889 4012 4014
f 4012 4124 4014
f 4124 4012 4122
f 4013 4123 3888
f 4013 3888 3890
f 4013 3890 4125
f 4013 4125 4123
f 3890 4015 4125
f 4014 4126 3891
f 4126 4014 4124
f 4016 3891 4126
f 4124 4236 4126
f 3892 4017 4015
f 4127 4015 4017
f 4237 4125 4015
f 4127 4237 4015
f 4016 3893 3891
f 4016 4018 3893
f 4128 4018 4016
f 4016 4238 4128
f 4126 4238 4016
f 4017 3894 4129
f 4127 4017 4239
f 4239 4017 4129
f 3897 4018 4020
f 4020 4018 4130
f 4130 4018 4128
f 4019 4129 3894
f 4019 3894 3898
f 4019 3898 4131
f 4019 4131 4129
f 4020 4130 4132
f 3902 4020 4024
f 4024 4020 4132
f 4021 4131 3898
f 4021 4133 4131
f 4025 4021 3903
f 4021 4025 4133
f 4024 4132 4134
f 3906 4024 4028
f 4028 4024 4134
f 4025 4135 4133
f 3907 4029 4025
f 4025 4029 4135
f 4028 4134 4136
f 3910 4028 4030
f 4028 4136 4030
f 4029 3911 4137
f 4029 4137 4135
f 4030 4136 4138
f 4030 4032 3915
f 4030 4138 4032
f 4031 4137 3911
f 4031 3911 3916
f 4031 3916 4139
f 4031 4139 4137
f 4032 3917 3915
f 4141 3917 4032
f 4032 4138 4140
f 4141 4032 4140
f 3918 3917 4034
f 3917 4141 4034
f 4033 4139 3916
f 3919 4035 4033
f 4142 4033 4035
f 4033 4251 4139
f 4033 4142 4251
f 4143 4034 4141
f 4141 4252 4143
f 3920 4034 4036
f 4034 4143 4036
f 4144 4035 3921
f 4142 4035 4253
f 4144 4253 4035
f 3920 4036 3922
f 3922 4036 4038
f 4145 4038 4036
f 4036 4143 4145
f 4037 4144 3921
f 4037 3921 3924
f 4037 3924 4146
f 4037 4146 4144
f 3924 4040 4146
f 4039 3922 4038
f 4039 4038 4147
f 4145 4256 4038
f 4147 4038 4256
f 3925 4039 4148
f 4039 4147 4148
f 3926 3925 4041
f 4040 3927 4149
f 4146 4040 4257
f 4040 4149 4257
f 3925 4148 4041
f 4150 4041 4148
f 4147 4258 4148
f 4150 4148 4258
f 3926 4041 3928
f 3928 4041 4151
f 4150 4151 4041
f 3929 3928 4043
f 4042 4149 3927
f 3931 3930 4042
f 4042 3930 4152
f 4149 4042 4259
f 4042 4152 4259
f 4043 3928 4151
f 4153 4043 4151
f 4150 4260 4151
f 4153 4151 4260
f 3929 4043 4044
f 4154 4044 4043
f 4154 4043 4153
f 4046 3932 4044
f 4046 4044 4154
f 4045 4152 3930
f 3938 4045 3930
f 3938 4054 4045
f 4155 4045 4054
f 4152 4045 4155
f 4047 3932 4046
f 4156 4047 4046
f 4154 4263 4046
f 4156 4046 4263
f 3933 4047 4048
f 4047 4157 4048
f 4047 4156 4157
f 3934 4048 4049
f 4048 4158 4049
f 4048 4157 4158
f 3935 4049 4050
f 4049 4159 4050
f 4049 4158 4159
f 3936 4050 4051
f 4050 4160 4051
f 4050 4159 4160
f 3937 4051 4052
f 4052 4051 4161
f 4161 4051 4160
f 4052 4162 3939
f 4052 4161 4162
f 4055 4163 3940
f 4055 3940 3939
f 4055 3939 4162
f 4055 4162 4163
f 4053 4164 3941
f 4053 3941 3940
f 4053 3940 4163
f 4053 4163 4164
f 4056 3942 3941
f 4056 3941 4164
f 4054 3943 4165
f 4057 4165 3943
f 4165 4265 4054
f 4265 4155 4054
f 4056 3944 3942
f 4056 4166 3944
f 4273 4056 4164
f 4273 4166 4056
f 4166 4058 3944
f 4057 3945 4167
f 4059 4167 3945
f 4274 4057 4167
f 4274 4165 4057
f 4058 4060 3946
f 4168 4060 4058
f 4275 4058 4166
f 4168 4058 4275
f 4059 3947 4170
f 4062 4170 3947
f 4170 4276 4059
f 4059 4276 4167
f 4060 3948 3946
f 4060 4171 3948
f 4168 4277 4060
f 4060 4277 4171
f 4065 4173 3949
f 3950 4061 4062
f 4169 4062 4061
f 4061 3949 4173
f 4169 4061 4278
f 4278 4061 4173
f 4169 4279 4062
f 4279 4170 4062
f 4063 3948 4171
f 4063 4171 4174
f 3951 4063 4066
f 4066 4063 4174
f 4068 4176 3953
f 4068 4175 4176
f 3954 4064 4065
f 4172 4065 4064
f 4064 3953 4176
f 4172 4064 4281
f 4176 4281 4064
f 4172 4173 4065
f 4177 3955 4066
f 4066 4174 4283
f 4177 4066 4283
f 4074 4179 3958
f 4074 3958 3957
f 4067 4175 4068
f 3952 4067 4068
f 4067 3958 4179
f 4175 4067 4284
f 4067 4179 4284
f 3955 4177 4069
f 4069 4180 3959
f 4069 4177 4286
f 4180 4069 4286
f 4075 3959 4180
f 4080 4182 3962
f 4070 4183 3963
f 4070 3963 3962
f 4070 3962 4182
f 4070 4182 4183
f 3964 4071 4072
f 4184 4072 4071
f 4071 3963 4183
f 4071 4183 4184
f 3956 4072 4073
f 4185 4073 4072
f 4072 4184 4288
f 4185 4072 4288
f 3957 4073 4074
f 4178 4074 4073
f 4185 4289 4073
f 4289 4178 4073
f 4178 4290 4074
f 4074 4290 4179
f 3960 4075 4076
f 4186 4076 4075
f 4291 4075 4180
f 4291 4186 4075
f 3965 4076 4077
f 4076 4187 4077
f 4076 4186 4292
f 4187 4076 4292
f 3966 4077 4078
f 4077 4188 4078
f 4077 4187 4293
f 4188 4077 4293
f 3967 4078 4079
f 4189 4079 4078
f 4078 4188 4294
f 4189 4078 4294
f 4080 3961 4079
f 4181 4080 4079
f 4189 4295 4079
f 4181 4079 4295
f 4181 4296 4080
f 4080 4296 4182
f 4197 4082 4300
f 4197 4300 4299
f 4190 4083 4301
f 4190 4082 4083
f 4190 4300 4082
f 4190 4301 4300
f 4302 4191 4084
f 4191 4083 4084
f 4191 4301 4083
f 4301 4191 4302
f 4085 4193 4192
f 4192 4193 4303
f 4084 4192 4302
f 4302 4192 4303
f 4193 4086 4304
f 4303 4193 4304
f 4194 4087 4305
f 4194 4086 4087
f 4086 4194 4304
f 4194 4305 4304
f 4091 4196 4195
f 4298 4195 4196
f 4195 4090 4091
f 4195 4307 4090
f 4298 4412 4195
f 4195 4412 4307
f 4299 4196 4197
f 4196 4081 4197
f 4298 4196 4299
f 4087 4198 4305
f 4198 4088 4199
f 4306 4198 4199
f 4305 4198 4416
f 4198 4306 4416
f 4089 4200 4199
f 4308 4199 4200
f 4306 4199 4417
f 4308 4417 4199
f 4309 4200 4092
f 4418 4308 4200
f 4418 4200 4309
f 4201 4093 4310
f 4201 4092 4093
f 4092 4201 4309
f 4201 4310 4309
f 4203 4310 4093
f 4307 4202 4090
f 4094 4202 4205
f 4202 4311 4205
f 4202 4419 4311
f 4307 4419 4202
f 4095 4204 4203
f 4312 4203 4204
f 4203 4421 4310
f 4203 4312 4421
f 4204 4096 4313
f 4422 4312 4204
f 4313 4422 4204
f 4205 4314 4097
f 4205 4311 4314
f 4207 4097 4314
f 4311 4423 4314
f 4096 4206 4313
f 4206 4098 4315
f 4313 4206 4424
f 4206 4315 4424
f 4098 4208 4315
f 4099 4207 4218
f 4207 4320 4218
f 4207 4425 4320
f 4314 4425 4207
f 4208 4100 4321
f 4315 4208 4426
f 4208 4321 4426
f 4100 4219 4321
f 4219 4322 4321
f 4222 4324 4323
f 4210 4325 4103
f 4325 4209 4103
f 4209 4102 4103
f 4209 4324 4102
f 4324 4209 4325
f 4325 4428 4324
f 4104 4211 4210
f 4211 4316 4210
f 4325 4210 4429
f 4316 4429 4210
f 4105 4212 4211
f 4212 4317 4211
f 4211 4317 4316
f 4106 4213 4212
f 4318 4212 4213
f 4212 4431 4317
f 4318 4431 4212
f 4107 4214 4213
f 4319 4213 4214
f 4318 4213 4432
f 4213 4319 4432
f 4108 4215 4326
f 4326 4214 4108
f 4433 4319 4214
f 4326 4433 4214
f 4109 4216 4215
f 4216 4327 4215
f 4327 4434 4215
f 4326 4215 4434
f 4217 4216 4110
f 4217 4328 4216
f 4435 4327 4216
f 4328 4435 4216
f 4329 4217 4111
f 4111 4217 4110
f 4436 4328 4217
f 4329 4436 4217
f 4223 4112 4330
f 4223 4111 4112
f 4111 4223 4329
f 4223 4330 4329
f 4113 4218 4331
f 4218 4320 4331
f 4331 4224 4113
f 4224 4112 4113
f 4224 4330 4112
f 4224 4331 4330
f 4320 4438 4331
f 4438 4330 4331
f 4220 4322 4219
f 4101 4220 4219
f 4321 4322 4439
f 4220 4114 4332
f 4440 4322 4220
f 4332 4440 4220
f 4115 4221 4334
f 4227 4115 4334
f 4333 4227 4334
f 4441 4333 4334
f 4221 4222 4323
f 4221 4116 4222
f 4221 4115 4116
f 4334 4221 4442
f 4221 4323 4442
f 4324 4222 4102
f 4225 4332 4114
f 4225 4117 4335
f 4443 4332 4225
f 4335 4443 4225
f 4118 4227 4226
f 4333 4226 4227
f 4226 4230 4118
f 4230 4226 4336
f 4333 4444 4226
f 4336 4226 4444
f 4228 4335 4117
f 4119 4231 4228
f 4337 4228 4231
f 4445 4335 4228
f 4337 4445 4228
f 4230 4229 4120
f 4230 4336 4229
f 4232 4120 4229
f 4338 4232 4229
f 4336 4446 4229
f 4338 4229 4446
f 4231 4121 4339
f 4337 4231 4447
f 4231 4339 4447
f 4121 4233 4339
f 4122 4232 4341
f 4338 4341 4232
f 4234 4122 4341
f 4338 4448 4341
f 4233 4123 4342
f 4339 4233 4449
f 4342 4449 4233
f 4234 4124 4122
f 4234 4236 4124
f 4236 4234 4343
f 4234 4340 4343
f 4341 4340 4234
f 4235 4342 4123
f 4235 4123 4125
f 4235 4125 4344
f 4235 4344 4342
f 4125 4237 4344
f 4236 4343 4345
f 4126 4236 4238
f 4236 4345 4238
f 4127 4239 4237
f 4346 4237 4239
f 4453 4344 4237
f 4346 4453 4237
f 4238 4348 4128
f 4348 4238 4345
f 4240 4128 4348
f 4347 4240 4348
f 4345 4454 4348
f 4347 4348 4454
f 4239 4129 4349
f 4346 4239 4455
f 4455 4239 4349
f 4240 4130 4128
f 4242 4130 4240
f 4350 4242 4240
f 4240 4347 4350
f 4241 4349 4129
f 4241 4129 4131
f 4241 4131 4351
f 4241 4351 4349
f 4242 4132 4130
f 4244 4132 4242
f 4352 4244 4242
f 4242 4350 4352
f 4243 4351 4131
f 4243 4131 4133
f 4243 4133 4353
f 4243 4353 4351
f 4244 4134 4132
f 4246 4134 4244
f 4354 4246 4244
f 4244 4352 4354
f 4245 4353 4133
f 4245 4133 4135
f 4245 4135 4355
f 4245 4355 4353
f 4246 4136 4134
f 4246 4248 4136
f 4356 4248 4246
f 4246 4354 4356
f 4247 4355 4135
f 4247 4135 4137
f 4247 4137 4357
f 4247 4357 4355
f 4248 4138 4136
f 4250 4138 4248
f 4358 4250 4248
f 4248 4356 4464
f 4358 4248 4464
f 4249 4357 4137
f 4249 4137 4139
f 4249 4139 4359
f 4249 4359 4357
f 4250 4140 4138
f 4250 4360 4140
f 4358 4466 4250
f 4250 4466 4360
f 4141 4140 4252
f 4140 4360 4252
f 4251 4359 4139
f 4251 4142 4253
f 4361 4251 4253
f 4251 4467 4359
f 4251 4361 4467
f 4252 4254 4143
f 4362 4254 4252
f 4252 4360 4362
f 4253 4144 4363
f 4361 4253 4469
f 4253 4363 4469
f 4254 4145 4143
f 4254 4364 4145
f 4362 4470 4254
f 4254 4470 4364
f 4145 4364 4256
f 4255 4363 4144
f 4255 4144 4146
f 4255 4146 4365
f 4255 4365 4363
f 4146 4257 4365
f 4147 4256 4366
f 4256 4364 4473
f 4366 4256 4473
f 4257 4149 4367
f 4365 4257 4474
f 4257 4367 4474
f 4147 4366 4258
f 4150 4258 4368
f 4258 4366 4476
f 4368 4258 4476
f 4259 4367 4149
f 4259 4152 4261
f 4369 4259 4261
f 4367 4259 4369
f 4150 4368 4260
f 4260 4371 4153
f 4260 4368 4370
f 4371 4260 4370
f 4262 4154 4153
f 4262 4153 4371
f 4261 4152 4155
f 4261 4155 4372
f 4265 4372 4155
f 4372 4479 4261
f 4369 4261 4479
f 4262 4263 4154
f 4373 4263 4262
f 4371 4481 4262
f 4373 4262 4481
f 4263 4374 4156
f 4374 4263 4373
f 4264 4375 4157
f 4264 4157 4156
f 4264 4156 4374
f 4264 4374 4375
f 4266 4158 4157
f 4266 4157 4375
f 4267 4159 4158
f 4268 4160 4159
f 4269 4378 4161
f 4269 4161 4160
f 4269 4160 4377
f 4269 4377 4378
f 4270 4379 4162
f 4270 4162 4161
f 4270 4161 4378
f 4270 4378 4379
f 4271 4163 4162
f 4272 4164 4163
f 4265 4165 4382
f 4382 4165 4274
f 4382 4482 4265
f 4372 4265 4482
f 4484 4375 4374
f 4266 4267 4158
f 4376 4267 4266
f 4375 4485 4266
f 4376 4266 4485
f 4267 4268 4159
f 4383 4268 4267
f 4376 4486 4267
f 4383 4267 4486
f 4377 4160 4268
f 4383 4487 4268
f 4377 4268 4487
f 4377 4488 4378
f 4379 4271 4162
f 4378 4489 4379
f 4271 4272 4163
f 4380 4272 4271
f 4379 4490 4271
f 4380 4271 4490
f 4272 4273 4164
f 4381 4273 4272
f 4380 4491 4272
f 4381 4272 4491
f 4273 4384 4166
f 4381 4492 4273
f 4273 4492 4384
f 4274 4167 4385
f 4276 4385 4167
f 4385 4493 4274
f 4382 4274 4493
f 4275 4166 4384
f 4168 4275 4277
f 4275 4386 4277
f 4386 4275 4384
f 4276 4170 4388
f 4279 4388 4170
f 4388 4495 4276
f 4495 4385 4276
f 4277 4280 4171
f 4389 4280 4277
f 4277 4386 4496
f 4389 4277 4496
f 4282 4391 4173
f 4282 4173 4172
f 4282 4172 4390
f 4282 4390 4391
f 4169 4278 4279
f 4387 4279 4278
f 4278 4173 4391
f 4387 4278 4497
f 4391 4497 4278
f 4387 4388 4279
f 4280 4174 4171
f 4280 4392 4174
f 4389 4499 4280
f 4280 4499 4392
f 4281 4176 4394
f 4285 4394 4176
f 4285 4176 4175
f 4285 4175 4393
f 4285 4393 4394
f 4281 4390 4172
f 4390 4281 4500
f 4500 4281 4394
f 4283 4174 4392
f 4283 4395 4177
f 4283 4392 4502
f 4395 4283 4502
f 4290 4397 4179
f 4290 4396 4397
f 4284 4393 4175
f 4284 4179 4397
f 4393 4284 4503
f 4503 4284 4397
f 4504 4394 4393
f 4395 4286 4177
f 4286 4398 4180
f 4286 4395 4505
f 4398 4286 4505
f 4297 4401 4183
f 4297 4183 4182
f 4402 4288 4184
f 4287 4402 4184
f 4287 4184 4183
f 4287 4183 4401
f 4287 4401 4402
f 4185 4288 4289
f 4403 4289 4288
f 4288 4402 4507
f 4403 4288 4507
f 4290 4289 4396
f 4290 4178 4289
f 4403 4508 4289
f 4508 4396 4289
f 4398 4291 4180
f 4186 4291 4292
f 4404 4292 4291
f 4398 4510 4291
f 4510 4404 4291
f 4292 4293 4187
f 4292 4405 4293
f 4292 4404 4511
f 4405 4292 4511
f 4188 4293 4294
f 4293 4406 4294
f 4293 4405 4512
f 4406 4293 4512
f 4189 4294 4295
f 4294 4407 4295
f 4294 4406 4513
f 4407 4294 4513
f 4181 4295 4296
f 4399 4296 4295
f 4295 4407 4514
f 4399 4295 4514
f 4182 4296 4297
f 4400 4297 4296
f 4399 4515 4296
f 4515 4400 4296
f 4400 4516 4297
f 4297 4516 4401
f 4413 4299 4518
f 4413 4298 4299
f 4413 4517 4298
f 4413 4518 4517
f 4414 4300 4519
f 4414 4299 4300
f 4414 4518 4299
f 4518 4414 4519
f 4520 4408 4301
f 4408 4300 4301
f 4408 4519 4300
f 4519 4408 4520
f 4521 4409 4302
f 4302 4409 4301
f 4301 4409 4520
f 4520 4409 4521
f 4522 4410 4303
f 4303 4410 4302
f 4302 4410 4521
f 4521 4410 4522
f 4523 4411 4304
f 4304 4411 4303
f 4303 4411 4522
f 4522 4411 4523
f 4415 4305 4524
f 4415 4304 4305
f 4304 4415 4523
f 4415 4524 4523
f 4416 4524 4305
f 4416 4525 4524
f 4307 4412 4526
f 4526 4419 4307
f 4412 4298 4517
f 4526 4412 4631
f 4631 4412 4517
f 4417 4525 4416
f 4306 4417 4416
f 4308 4418 4417
f 4418 4527 4417
f 4525 4417 4635
f 4527 4635 4417
f 4418 4309 4528
f 4636 4527 4418
f 4528 4636 4418
f 4420 4309 4310
f 4420 4528 4309
f 4419 4530 4311
f 4530 4419 4637
f 4419 4526 4637
f 4310 4421 4420
f 4529 4420 4421
f 4420 4638 4528
f 4420 4529 4638
f 4312 4422 4421
f 4421 4422 4531
f 4529 4421 4639
f 4421 4531 4639
f 4422 4313 4532
f 4422 4532 4531
f 4423 4311 4530
f 4314 4423 4425
f 4533 4425 4423
f 4530 4640 4423
f 4640 4533 4423
f 4313 4424 4532
f 4424 4315 4534
f 4532 4424 4642
f 4534 4642 4424
f 4315 4426 4534
f 4430 4317 4538
f 4430 4316 4317
f 4430 4537 4316
f 4430 4538 4537
f 4431 4538 4317
f 4431 4539 4538
f 4432 4540 4539
f 4425 4542 4320
f 4542 4425 4645
f 4425 4533 4645
f 4426 4321 4543
f 4534 4426 4646
f 4426 4543 4646
f 4321 4439 4543
f 4323 4427 4545
f 4442 4323 4545
f 4442 4545 4544
f 4647 4544 4545
f 4324 4428 4427
f 4428 4535 4427
f 4427 4323 4324
f 4545 4427 4648
f 4535 4648 4427
f 4325 4429 4428
f 4536 4428 4429
f 4535 4428 4649
f 4536 4649 4428
f 4537 4429 4316
f 4536 4429 4650
f 4650 4429 4537
f 4431 4432 4539
f 4431 4318 4432
f 4433 4540 4432
f 4319 4433 4432
f 4434 4433 4326
f 4434 4546 4433
f 4433 4652 4540
f 4546 4652 4433
f 4327 4435 4434
f 4434 4435 4547
f 4653 4546 4434
f 4547 4653 4434
f 4328 4436 4435
f 4436 4541 4435
f 4547 4435 4654
f 4541 4654 4435
f 4548 4436 4329
f 4541 4436 4655
f 4548 4655 4436
f 4437 4330 4549
f 4437 4329 4330
f 4329 4437 4548
f 4548 4437 4549
f 4656 4548 4549
f 4438 4320 4542
f 4438 4549 4330
f 4657 4438 4542
f 4438 4657 4549
f 4322 4440 4439
f 4550 4439 4440
f 4543 4439 4658
f 4439 4550 4658
f 4440 4332 4551
f 4659 4550 4440
f 4551 4659 4440
f 4441 4442 4544
f 4334 4442 4441
f 4441 4552 4333
f 4544 4661 4441
f 4441 4661 4552
f 4443 4551 4332
f 4443 4335 4553
f 4662 4551 4443
f 4553 4662 4443
f 4336 4444 4555
f 4336 4555 4446
f 4554 4446 4555
f 4663 4554 4555
f 4552 4444 4333
f 4555 4444 4664
f 4444 4552 4664
f 4445 4553 4335
f 4337 4447 4445
f 4556 4445 4447
f 4665 4553 4445
f 4556 4665 4445
f 4338 4446 4558
f 4554 4558 4446
f 4338 4558 4448
f 4554 4666 4558
f 4447 4339 4559
f 4556 4447 4667
f 4447 4559 4667
f 4339 4449 4559
f 4341 4448 4340
f 4448 4560 4340
f 4560 4448 4557
f 4448 4558 4557
f 4561 4449 4342
f 4559 4449 4669
f 4449 4561 4669
f 4450 4340 4560
f 4450 4343 4340
f 4452 4343 4450
f 4562 4452 4450
f 4560 4670 4450
f 4562 4450 4670
f 4451 4561 4342
f 4451 4342 4344
f 4451 4344 4563
f 4451 4563 4561
f 4344 4453 4563
f 4452 4345 4343
f 4452 4454 4345
f 4564 4454 4452
f 4562 4672 4452
f 4564 4452 4672
f 4346 4455 4453
f 4565 4453 4455
f 4673 4563 4453
f 4565 4673 4453
f 4454 4566 4347
f 4566 4454 4564
f 4455 4349 4567
f 4565 4455 4675
f 4675 4455 4567
f 4456 4347 4566
f 4456 4350 4347
f 4456 4568 4350
f 4568 4456 4566
f 4676 4568 4566
f 4457 4567 4349
f 4457 4349 4351
f 4457 4351 4569
f 4457 4569 4567
f 4458 4350 4568
f 4458 4352 4350
f 4458 4570 4352
f 4570 4458 4568
f 4568 4678 4570
f 4459 4569 4351
f 4459 4351 4353
f 4459 4353 4571
f 4459 4571 4569
f 4460 4352 4570
f 4460 4354 4352
f 4460 4572 4354
f 4572 4460 4570
f 4570 4680 4572
f 4461 4571 4353
f 4461 4353 4355
f 4461 4355 4573
f 4461 4573 4571
f 4462 4354 4572
f 4462 4356 4354
f 4462 4574 4356
f 4574 4462 4572
f 4572 4682 4574
f 4463 4573 4355
f 4463 4355 4357
f 4463 4357 4575
f 4463 4575 4573
f 4464 4356 4574
f 4464 4574 4576
f 4358 4464 4466
f 4466 4464 4576
f 4465 4575 4357
f 4465 4357 4359
f 4465 4359 4577
f 4465 4577 4575
f 4360 4466 4578
f 4576 4686 4466
f 4578 4466 4686
f 4467 4577 4359
f 4467 4361 4469
f 4579 4467 4469
f 4467 4687 4577
f 4467 4579 4687
f 4578 4468 4360
f 4468 4362 4360
f 4468 4580 4362
f 4580 4468 4578
f 4578 4688 4580
f 4362 4580 4470
f 4469 4363 4581
f 4579 4469 4689
f 4581 4689 4469
f 4470 4472 4364
f 4582 4472 4470
f 4470 4580 4582
f 4471 4581 4363
f 4471 4363 4365
f 4471 4365 4583
f 4471 4583 4581
f 4365 4474 4583
f 4472 4473 4364
f 4473 4472 4584
f 4582 4692 4472
f 4692 4584 4472
f 4475 4366 4473
f 4475 4473 4584
f 4474 4367 4477
f 4585 4474 4477
f 4474 4693 4583
f 4474 4585 4693
f 4475 4476 4366
f 4475 4586 4476
f 4584 4694 4475
f 4586 4475 4694
f 4478 4368 4476
f 4478 4476 4586
f 4477 4367 4369
f 4477 4369 4587
f 4369 4479 4587
f 4587 4695 4477
f 4695 4585 4477
f 4478 4370 4368
f 4478 4588 4370
f 4586 4696 4478
f 4696 4588 4478
f 4480 4371 4370
f 4480 4370 4588
f 4372 4589 4479
f 4587 4479 4697
f 4479 4589 4697
f 4480 4481 4371
f 4590 4481 4480
f 4588 4698 4480
f 4698 4590 4480
f 4373 4481 4591
f 4481 4590 4699
f 4481 4699 4591
f 4483 4592 4374
f 4483 4374 4373
f 4483 4373 4591
f 4483 4591 4592
f 4372 4482 4589
f 4482 4382 4593
f 4589 4482 4700
f 4482 4593 4700
f 4592 4484 4374
f 4591 4701 4592
f 4375 4484 4485
f 4594 4485 4484
f 4592 4702 4484
f 4702 4594 4484
f 4376 4485 4486
f 4486 4485 4595
f 4485 4594 4703
f 4595 4485 4703
f 4383 4486 4487
f 4486 4596 4487
f 4486 4595 4596
f 4377 4487 4488
f 4488 4487 4597
f 4487 4596 4597
f 4378 4488 4489
f 4488 4598 4489
f 4598 4488 4597
f 4379 4489 4490
f 4489 4599 4490
f 4599 4489 4598
f 4380 4490 4491
f 4490 4600 4491
f 4600 4490 4599
f 4381 4491 4492
f 4492 4491 4601
f 4601 4491 4600
f 4492 4602 4384
f 4492 4601 4602
f 4603 4493 4385
f 4495 4603 4385
f 4493 4593 4382
f 4603 4707 4493
f 4593 4493 4707
f 4494 4384 4602
f 4494 4386 4384
f 4494 4604 4386
f 4494 4602 4604
f 4601 4711 4602
f 4711 4604 4602
f 4604 4496 4386
f 4495 4388 4606
f 4498 4606 4388
f 4498 4388 4387
f 4498 4387 4605
f 4498 4605 4606
f 4606 4605 4712
f 4606 4713 4495
f 4713 4603 4495
f 4496 4607 4499
f 4389 4496 4499
f 4604 4714 4496
f 4607 4496 4714
f 4609 4497 4391
f 4501 4609 4391
f 4501 4391 4390
f 4501 4390 4608
f 4501 4608 4609
f 4497 4605 4387
f 4497 4609 4715
f 4605 4497 4715
f 4499 4610 4392
f 4499 4607 4610
f 4612 4500 4394
f 4504 4612 4394
f 4504 4611 4612
f 4500 4608 4390
f 4500 4612 4718
f 4608 4500 4718
f 4502 4392 4610
f 4502 4613 4395
f 4720 4502 4610
f 4613 4502 4720
f 4616 4503 4397
f 4509 4616 4397
f 4509 4397 4396
f 4509 4396 4615
f 4509 4615 4616
f 4503 4611 4504
f 4393 4503 4504
f 4616 4722 4503
f 4611 4503 4722
f 4613 4505 4395
f 4505 4617 4398
f 4505 4613 4723
f 4617 4505 4723
f 4516 4620 4401
f 4507 4402 4621
f 4506 4621 4402
f 4506 4402 4401
f 4506 4401 4620
f 4506 4620 4621
f 4403 4507 4508
f 4614 4508 4507
f 4614 4507 4724
f 4724 4507 4621
f 4396 4508 4615
f 4614 4725 4508
f 4508 4725 4615
f 4617 4510 4398
f 4404 4510 4511
f 4622 4511 4510
f 4617 4726 4510
f 4726 4622 4510
f 4405 4511 4512
f 4511 4623 4512
f 4511 4622 4727
f 4623 4511 4727
f 4406 4512 4513
f 4512 4624 4513
f 4624 4512 4623
f 4407 4513 4514
f 4513 4625 4514
f 4625 4513 4624
f 4399 4514 4515
f 4618 4515 4514
f 4514 4625 4730
f 4618 4514 4730
f 4516 4400 4515
f 4619 4516 4515
f 4618 4731 4515
f 4731 4619 4515
f 4619 4732 4516
f 4516 4732 4620
f 4626 4518 4735
f 4626 4517 4518
f 4626 4734 4517
f 4626 4735 4734
f 4632 4519 4736
f 4519 4632 4518
f 4632 4735 4518
f 4632 4736 4735
f 4737 4627 4520
f 4520 4627 4519
f 4627 4736 4519
f 4627 4737 4736
f 4628 4521 4738
f 4521 4628 4520
f 4520 4628 4737
f 4628 4738 4737
f 4633 4522 4739
f 4522 4633 4521
f 4633 4738 4521
f 4633 4739 4738
f 4629 4523 4740
f 4523 4629 4522
f 4629 4739 4522
f 4629 4740 4739
f 4630 4524 4741
f 4630 4523 4524
f 4630 4740 4523
f 4630 4741 4740
f 4634 4525 4742
f 4634 4524 4525
f 4634 4741 4524
f 4634 4742 4741
f 4526 4631 4744
f 4744 4637 4526
f 4734 4631 4517
f 4744 4631 4842
f 4734 4842 4631
f 4525 4635 4742
f 4527 4636 4635
f 4743 4635 4636
f 4635 4851 4742
f 4635 4743 4851
f 4636 4528 4745
f 4852 4743 4636
f 4852 4636 4745
f 4638 4745 4528
f 4530 4637 4746
f 4640 4530 4746
f 4746 4637 4853
f 4637 4744 4853
f 4529 4639 4638
f 4747 4638 4639
f 4745 4638 4854
f 4638 4747 4854
f 4639 4531 4748
f 4748 4747 4639
f 4641 4531 4532
f 4641 4748 4531
f 4533 4640 4645
f 4750 4645 4640
f 4855 4640 4746
f 4855 4750 4640
f 4642 4641 4532
f 4749 4641 4642
f 4857 4748 4641
f 4749 4857 4641
f 4751 4642 4534
f 4858 4749 4642
f 4858 4642 4751
f 4534 4646 4751
f 4649 4754 4753
f 4650 4537 4755
f 4650 4755 4754
f 4756 4643 4538
f 4643 4537 4538
f 4643 4755 4537
f 4643 4756 4755
f 4644 4539 4757
f 4644 4538 4539
f 4538 4644 4756
f 4756 4644 4757
f 4651 4540 4758
f 4651 4539 4540
f 4651 4757 4539
f 4757 4651 4758
f 4652 4758 4540
f 4542 4645 4761
f 4761 4657 4542
f 4761 4645 4863
f 4645 4750 4863
f 4646 4543 4762
f 4751 4646 4864
f 4646 4762 4864
f 4543 4658 4762
f 4545 4648 4647
f 4752 4647 4648
f 4647 4764 4544
f 4752 4865 4647
f 4647 4865 4764
f 4648 4649 4753
f 4648 4535 4649
f 4752 4648 4753
f 4649 4650 4754
f 4649 4536 4650
f 4546 4653 4652
f 4759 4652 4653
f 4758 4652 4759
f 4547 4654 4653
f 4765 4653 4654
f 4869 4759 4653
f 4765 4869 4653
f 4654 4541 4655
f 4760 4654 4655
f 4765 4654 4870
f 4654 4760 4870
f 4548 4656 4655
f 4766 4655 4656
f 4760 4655 4871
f 4655 4766 4871
f 4657 4767 4549
f 4767 4656 4549
f 4872 4766 4656
f 4767 4872 4656
f 4767 4657 4873
f 4761 4873 4657
f 4550 4659 4658
f 4768 4658 4659
f 4762 4658 4874
f 4658 4768 4874
f 4659 4551 4769
f 4875 4768 4659
f 4769 4875 4659
f 4552 4661 4660
f 4763 4660 4661
f 4660 4664 4552
f 4660 4770 4664
f 4763 4876 4660
f 4876 4770 4660
f 4764 4661 4544
f 4763 4661 4877
f 4661 4764 4877
f 4662 4769 4551
f 4662 4553 4771
f 4878 4769 4662
f 4771 4878 4662
f 4663 4664 4770
f 4555 4664 4663
f 4663 4772 4554
f 4879 4663 4770
f 4663 4879 4772
f 4665 4771 4553
f 4556 4667 4665
f 4773 4665 4667
f 4880 4771 4665
f 4773 4880 4665
f 4666 4554 4772
f 4558 4666 4557
f 4666 4774 4557
f 4772 4881 4666
f 4774 4666 4881
f 4667 4559 4775
f 4773 4667 4882
f 4667 4775 4882
f 4559 4669 4775
f 4668 4557 4774
f 4668 4560 4557
f 4560 4668 4776
f 4668 4774 4776
f 4776 4670 4560
f 4774 4883 4776
f 4777 4669 4561
f 4775 4669 4884
f 4777 4884 4669
f 4562 4670 4672
f 4670 4778 4672
f 4670 4776 4885
f 4778 4670 4885
f 4671 4777 4561
f 4671 4561 4563
f 4671 4563 4779
f 4671 4779 4777
f 4563 4673 4779
f 4672 4780 4564
f 4780 4672 4778
f 4565 4675 4673
f 4781 4673 4675
f 4888 4779 4673
f 4781 4888 4673
f 4674 4564 4780
f 4674 4566 4564
f 4566 4674 4782
f 4782 4674 4780
f 4782 4676 4566
f 4780 4889 4782
f 4783 4675 4567
f 4781 4675 4890
f 4675 4783 4890
f 4678 4568 4676
f 4784 4678 4676
f 4782 4891 4676
f 4784 4676 4891
f 4677 4783 4567
f 4677 4567 4569
f 4677 4569 4785
f 4677 4785 4783
f 4892 4783 4785
f 4680 4570 4678
f 4786 4680 4678
f 4784 4893 4678
f 4786 4678 4893
f 4679 4785 4569
f 4679 4569 4571
f 4679 4571 4787
f 4679 4787 4785
f 4682 4572 4680
f 4788 4682 4680
f 4786 4895 4680
f 4788 4680 4895
f 4681 4787 4571
f 4681 4571 4573
f 4681 4573 4789
f 4681 4789 4787
f 4682 4790 4574
f 4788 4897 4682
f 4790 4682 4897
f 4683 4789 4573
f 4683 4573 4575
f 4683 4575 4791
f 4683 4791 4789
f 4790 4684 4574
f 4684 4576 4574
f 4684 4792 4576
f 4792 4684 4790
f 4790 4899 4792
f 4576 4792 4686
f 4685 4791 4575
f 4685 4575 4577
f 4685 4577 4793
f 4685 4793 4791
f 4687 4793 4577
f 4686 4792 4794
f 4901 4794 4792
f 4578 4686 4688
f 4688 4686 4794
f 4579 4689 4687
f 4795 4687 4689
f 4793 4687 4902
f 4687 4795 4902
f 4580 4688 4690
f 4796 4690 4688
f 4688 4794 4796
f 4691 4689 4581
f 4691 4797 4689
f 4795 4689 4904
f 4797 4904 4689
f 4690 4582 4580
f 4690 4798 4582
f 4796 4905 4690
f 4905 4798 4690
f 4692 4582 4798
f 4691 4581 4583
f 4691 4583 4799
f 4906 4691 4799
f 4906 4797 4691
f 4800 4584 4692
f 4907 4692 4798
f 4800 4692 4907
f 4693 4799 4583
f 4585 4695 4693
f 4801 4693 4695
f 4799 4693 4908
f 4693 4801 4908
f 4584 4800 4694
f 4586 4694 4802
f 4694 4800 4909
f 4802 4694 4909
f 4695 4587 4803
f 4910 4695 4803
f 4910 4801 4695
f 4586 4802 4696
f 4696 4805 4588
f 4696 4802 4804
f 4805 4696 4804
f 4697 4803 4587
f 4697 4589 4806
f 4803 4697 4913
f 4697 4806 4913
f 4698 4588 4805
f 4590 4698 4699
f 4698 4807 4699
f 4805 4914 4698
f 4807 4698 4914
f 4699 4808 4591
f 4699 4807 4808
f 4701 4591 4808
f 4700 4806 4589
f 4700 4593 4810
f 4806 4700 4916
f 4700 4810 4916
f 4702 4592 4701
f 4809 4702 4701
f 4917 4701 4808
f 4917 4809 4701
f 4594 4702 4703
f 4811 4703 4702
f 4809 4918 4702
f 4918 4811 4702
f 4703 4812 4595
f 4812 4703 4811
f 4708 4813 4596
f 4708 4596 4595
f 4708 4595 4812
f 4708 4812 4813
f 4709 4814 4597
f 4709 4597 4596
f 4709 4596 4813
f 4709 4813 4814
f 4710 4815 4598
f 4710 4598 4597
f 4710 4597 4814
f 4710 4814 4815
f 4704 4816 4599
f 4704 4599 4598
f 4704 4598 4815
f 4704 4815 4816
f 4705 4817 4600
f 4705 4600 4599
f 4705 4599 4816
f 4705 4816 4817
f 4706 4818 4601
f 4706 4601 4600
f 4706 4600 4817
f 4706 4817 4818
f 4707 4603 4820
f 4713 4820 4603
f 4713 4819 4820
f 4593 4707 4810
f 4820 4920 4707
f 4920 4810 4707
f 4711 4601 4818
f 4711 4821 4604
f 4818 4927 4711
f 4927 4821 4711
f 4714 4604 4821
f 4712 4819 4713
f 4606 4712 4713
f 4712 4605 4822
f 4819 4712 4928
f 4712 4822 4928
f 4607 4714 4823
f 4821 4930 4714
f 4823 4714 4930
f 4825 4715 4609
f 4719 4825 4609
f 4719 4609 4608
f 4719 4608 4824
f 4719 4824 4825
f 4715 4822 4605
f 4825 4932 4715
f 4715 4932 4822
f 4823 4716 4607
f 4716 4610 4607
f 4716 4826 4610
f 4716 4823 4826
f 4826 4720 4610
f 4828 4718 4612
f 4717 4828 4612
f 4717 4612 4611
f 4717 4611 4827
f 4717 4827 4828
f 4718 4824 4608
f 4828 4934 4718
f 4824 4718 4934
f 4720 4829 4613
f 4826 4935 4720
f 4720 4935 4829
f 4725 4831 4615
f 4722 4616 4832
f 4721 4832 4616
f 4721 4616 4615
f 4721 4615 4831
f 4721 4831 4832
f 4936 4832 4831
f 4611 4722 4827
f 4832 4937 4722
f 4827 4722 4937
f 4829 4723 4613
f 4723 4833 4617
f 4723 4829 4939
f 4833 4723 4939
f 4733 4837 4621
f 4733 4621 4620
f 4733 4620 4836
f 4733 4836 4837
f 4614 4724 4725
f 4830 4725 4724
f 4724 4621 4837
f 4830 4724 4941
f 4941 4724 4837
f 4830 4831 4725
f 4726 4617 4833
f 4622 4726 4727
f 4834 4727 4726
f 4943 4726 4833
f 4943 4834 4726
f 4623 4727 4728
f 4727 4838 4728
f 4834 4944 4727
f 4838 4727 4944
f 4728 4839 4624
f 4728 4624 4623
f 4728 4838 4945
f 4728 4945 4839
f 4729 4730 4625
f 4729 4840 4730
f 4729 4625 4624
f 4729 4624 4839
f 4840 4729 4946
f 4839 4946 4729
f 4618 4730 4731
f 4841 4731 4730
f 4730 4840 4947
f 4841 4730 4947
f 4732 4619 4731
f 4835 4732 4731
f 4841 4948 4731
f 4948 4835 4731
f 4732 4836 4620
f 4835 4949 4732
f 4836 4732 4949
f 4843 4734 4735
f 4844 4736 4951
f 4844 4735 4736
f 4844 4950 4735
f 4844 4951 4950
f 4845 4737 4952
f 4845 4736 4737
f 4845 4951 4736
f 4845 4952 4951
f 4846 4738 4953
f 4846 4737 4738
f 4846 4952 4737
f 4846 4953 4952
f 4847 4739 4954
f 4847 4738 4739
f 4847 4953 4738
f 4847 4954 4953
f 4848 4740 4955
f 4848 4739 4740
f 4848 4954 4739
f 4848 4955 4954
f 4849 4741 4956
f 4849 4740 4741
f 4849 4955 4740
f 4849 4956 4955
f 4850 4741 4742
f 4842 4958 4744
f 4958 4853 4744
f 4842 4734 4843
f 4959 4842 4843
f 4959 4958 4842
f 4950 4843 4735
f 4959 4843 5059
f 4950 5059 4843
f 5060 4950 4951
f 4850 4956 4741
f 4956 5065 4955
f 4742 4851 4850
f 4957 4850 4851
f 4956 4850 5066
f 4957 5066 4850
f 4743 4852 4851
f 4960 4851 4852
f 4957 4851 5067
f 4851 4960 5067
f 4961 4852 4745
f 4960 4852 4961
f 4745 4854 4961
f 4746 4853 4962
f 4958 5068 4853
f 4962 4853 5068
f 4854 4747 4963
f 4961 4854 5071
f 4854 4963 5071
f 4856 4748 4964
f 4856 4747 4748
f 4747 4856 4963
f 4856 4964 4963
f 4855 4746 4962
f 4750 4855 4863
f 4965 4863 4855
f 4962 4965 4855
f 4857 4964 4748
f 4966 4964 4857
f 4963 4964 5073
f 4964 4966 5073
f 4749 4858 4857
f 4858 4967 4857
f 4966 4857 4967
f 4858 4751 4968
f 4968 4967 4858
f 4864 4968 4751
f 4866 4753 4970
f 4866 4752 4753
f 4866 4969 4752
f 4866 4970 4969
f 4859 4754 4971
f 4859 4753 4754
f 4859 4970 4753
f 4970 4859 4971
f 4867 4755 4972
f 4867 4754 4755
f 4867 4971 4754
f 4971 4867 4972
f 4973 4860 4756
f 4860 4755 4756
f 4860 4972 4755
f 4972 4860 4973
f 4974 4861 4757
f 4757 4861 4756
f 4756 4861 4973
f 4973 4861 4974
f 4975 4862 4758
f 4758 4862 4757
f 4757 4862 4974
f 4974 4862 4975
f 4868 4759 4976
f 4868 4758 4759
f 4758 4868 4975
f 4868 4976 4975
f 4761 4863 4980
f 4980 4873 4761
f 4980 4863 5081
f 4863 4965 5081
f 4864 4762 4981
f 4864 5082 4968
f 4864 4981 5082
f 4762 4874 4981
f 4764 4865 4984
f 4984 4877 4764
f 4877 4984 4983
f 4969 4865 4752
f 4984 4865 5084
f 4865 4969 5084
f 4869 4976 4759
f 4975 4976 5086
f 4765 4870 4869
f 4985 4869 4870
f 5087 4976 4869
f 4985 5087 4869
f 4870 4760 4871
f 4977 4870 4871
f 4985 4870 5088
f 4977 5088 4870
f 4766 4872 4871
f 4978 4871 4872
f 4977 4871 5089
f 4871 4978 5089
f 4767 4873 4872
f 4979 4872 4873
f 4978 4872 5090
f 4872 4979 5090
f 4873 4980 4979
f 4768 4875 4874
f 4982 4874 4875
f 4981 4874 5092
f 4874 4982 5092
f 4875 4769 4986
f 5093 4982 4875
f 4986 5093 4875
f 4879 4770 4987
f 4876 4877 4983
f 4763 4877 4876
f 4876 4987 4770
f 4983 5094 4876
f 4876 5094 4987
f 4878 4986 4769
f 4878 4771 4988
f 5095 4986 4878
f 4988 5095 4878
f 4772 4879 4989
f 4989 4881 4772
f 4989 4879 5096
f 4879 4987 5096
f 4880 4988 4771
f 4773 4882 4880
f 4990 4880 4882
f 5097 4988 4880
f 4990 5097 4880
f 4774 4881 4991
f 4881 4989 5098
f 4991 4881 5098
f 4882 4775 4992
f 4990 4882 5099
f 4882 4992 5099
f 4775 4884 4992
f 4883 4774 4991
f 4776 4883 4885
f 4993 4885 4883
f 4991 5100 4883
f 5100 4993 4883
f 4884 4777 4994
f 4992 4884 5101
f 4994 5101 4884
f 4885 4995 4778
f 4995 4885 5102
f 4885 4993 5102
f 4886 4994 4777
f 4886 4777 4779
f 4886 4779 4996
f 4886 4996 4994
f 4994 4996 5103
f 4779 4888 4996
f 4887 4778 4995
f 4887 4780 4778
f 4887 4889 4780
f 4997 4889 4887
f 4995 5104 4887
f 4997 4887 5104
f 4781 4890 4888
f 4998 4888 4890
f 4888 5105 4996
f 4998 5105 4888
f 4782 4889 4891
f 4999 4891 4889
f 4889 4997 4999
f 4890 4783 4892
f 5000 4890 4892
f 4998 4890 5107
f 4890 5000 5107
f 4784 4891 4893
f 4893 4891 5001
f 4891 4999 5001
f 5002 4892 4785
f 5000 4892 5109
f 4892 5002 5109
f 4893 5001 5003
f 4786 4893 4895
f 4895 4893 5003
f 4894 5002 4785
f 4894 4785 4787
f 4894 4787 5004
f 4894 5004 5002
f 5111 5002 5004
f 4895 5003 5005
f 4788 4895 4897
f 4897 4895 5005
f 4896 5004 4787
f 4896 4787 4789
f 4896 4789 5006
f 4896 5006 5004
f 4790 4897 4899
f 4899 4897 5007
f 5007 4897 5005
f 4898 5006 4789
f 4898 4789 4791
f 4898 4791 5008
f 4898 5008 5006
f 4792 4899 4901
f 5009 4901 4899
f 5009 4899 5007
f 4900 5008 4791
f 4900 4791 4793
f 4900 4793 5010
f 4900 5010 5008
f 4793 4902 5010
f 5011 4794 4901
f 5009 5118 4901
f 5011 4901 5118
f 4902 4795 4904
f 5012 4902 4904
f 4902 5119 5010
f 4902 5012 5119
f 4903 4794 5011
f 4903 4796 4794
f 4903 5013 4796
f 4903 5011 5013
f 4905 4796 5013
f 4797 4906 4904
f 5014 4904 4906
f 5012 4904 5121
f 4904 5014 5121
f 5015 4798 4905
f 5013 5122 4905
f 5015 4905 5122
f 4906 4799 5016
f 5123 4906 5016
f 5123 5014 4906
f 4907 4798 5015
f 4907 5017 4800
f 4907 5015 5124
f 5017 4907 5124
f 4908 5016 4799
f 4801 4910 4908
f 5018 4908 4910
f 5016 4908 5125
f 4908 5018 5125
f 5017 4909 4800
f 4909 4911 4802
f 5019 4911 4909
f 4909 5017 5126
f 5019 4909 5126
f 4910 4803 5020
f 5020 5127 4910
f 5127 5018 4910
f 4911 4804 4802
f 4911 5021 4804
f 5019 5128 4911
f 5128 5021 4911
f 4912 5022 4805
f 4912 4805 4804
f 4912 4804 5021
f 4912 5021 5022
f 4913 5020 4803
f 4913 4806 5023
f 5130 5020 4913
f 5023 5130 4913
f 5022 4914 4805
f 4807 4914 5024
f 5022 5131 4914
f 5024 4914 5131
f 4915 5025 4808
f 4915 4808 4807
f 4915 4807 5024
f 4915 5024 5025
f 5025 5024 5132
f 4917 4808 5025
f 4916 5023 4806
f 4916 4810 5027
f 5023 4916 5133
f 4916 5027 5133
f 4918 4809 4917
f 5026 4918 4917
f 5134 4917 5025
f 5134 5026 4917
f 4918 4919 4811
f 5028 4919 4918
f 5026 5135 4918
f 5135 5028 4918
f 4919 5029 4812
f 4919 4812 4811
f 4919 5028 5136
f 5029 4919 5136
f 4921 5030 4813
f 4921 4813 4812
f 4921 4812 5029
f 4921 5029 5030
f 4922 5031 4814
f 4922 4814 4813
f 4922 4813 5030
f 4922 5030 5031
f 4923 5032 4815
f 4923 4815 4814
f 4923 4814 5031
f 4923 5031 5032
f 4924 5033 4816
f 4924 4816 4815
f 4924 4815 5032
f 4924 5032 5033
f 4925 5034 4817
f 4925 4817 4816
f 4925 4816 5033
f 4925 5033 5034
f 4926 4818 4817
f 4926 4817 5034
f 4920 4820 5037
f 4929 5037 4820
f 4929 4820 4819
f 4929 4819 5036
f 4929 5036 5037
f 4810 4920 5027
f 5037 5138 4920
f 5027 4920 5138
f 5142 5033 5032
f 5033 5143 5034
f 4926 4927 4818
f 5035 4927 4926
f 5034 5144 4926
f 5144 5035 4926
f 4927 5038 4821
f 5035 5145 4927
f 4927 5145 5038
f 4930 4821 5038
f 4932 5040 4822
f 4928 5036 4819
f 4928 4822 5040
f 5036 4928 5147
f 5040 5147 4928
f 4930 5041 4823
f 5038 5148 4930
f 5148 5041 4930
f 4823 5041 4933
f 4932 4825 4931
f 5039 4932 4931
f 4931 4825 4824
f 4931 4824 5042
f 5039 4931 5150
f 5042 5150 4931
f 5039 5040 4932
f 4933 4826 4823
f 4935 4826 4933
f 5043 4935 4933
f 5041 5151 4933
f 5043 4933 5151
f 4937 5044 4827
f 4934 4828 5045
f 4938 5045 4828
f 4938 4828 4827
f 4938 4827 5044
f 4938 5044 5045
f 4824 4934 5042
f 5045 5153 4934
f 4934 5153 5042
f 4935 5046 4829
f 5043 5046 4935
f 4942 5048 4831
f 4942 4831 4830
f 4942 4830 5047
f 4942 5047 5048
f 4832 4936 4937
f 5049 4937 4936
f 4936 4831 5048
f 5049 4936 5156
f 5156 4936 5048
f 5049 5157 4937
f 4937 5157 5044
f 5046 4939 4829
f 4833 4939 5050
f 5046 5158 4939
f 5050 4939 5158
f 4943 4833 5050
f 4943 5050 5051
f 4949 5056 4836
f 4949 5055 5056
f 4941 4837 5057
f 4940 5057 4837
f 4940 4837 4836
f 4940 4836 5056
f 4940 5056 5057
f 5056 5162 5057
f 4830 4941 5047
f 5057 5163 4941
f 5047 4941 5163
f 5051 4944 4943
f 4944 4834 4943
f 4838 4944 4945
f 5052 4945 4944
f 5052 4944 5051
f 4839 4945 4946
f 4945 5058 4946
f 5052 5165 4945
f 5058 4945 5165
f 4840 4946 4947
f 4946 5053 4947
f 5058 5166 4946
f 5053 4946 5166
f 4841 4947 4948
f 5054 4948 4947
f 5053 5167 4947
f 4947 5167 5054
f 4949 4948 5055
f 4949 4835 4948
f 4948 5054 5055
f 5061 4952 5169
f 5061 4951 4952
f 5062 4953 5170
f 5062 4952 4953
f 5062 5169 4952
f 5062 5170 5169
f 5063 4954 5171
f 5063 4953 4954
f 5063 5170 4953
f 5063 5171 5170
f 5064 4954 4955
f 5059 5173 4959
f 5069 4959 5173
f 5069 4958 4959
f 4950 5060 5059
f 5174 5059 5060
f 5174 5173 5059
f 5061 5060 4951
f 5168 5060 5061
f 5174 5060 5277
f 5168 5277 5060
f 5168 5061 5278
f 5278 5061 5169
f 5170 5279 5169
f 5064 5171 4954
f 5171 5280 5170
f 4955 5065 5064
f 5172 5064 5065
f 5171 5064 5281
f 5172 5281 5064
f 4956 5066 5065
f 5175 5065 5066
f 5172 5065 5282
f 5175 5282 5065
f 4957 5067 5066
f 5176 5066 5067
f 5283 5175 5066
f 5283 5066 5176
f 5067 4960 5177
f 5067 5177 5176
f 5070 4961 5178
f 4961 5070 4960
f 5070 5177 4960
f 5070 5178 5177
f 5069 5068 4958
f 5068 5069 5179
f 5179 5072 5068
f 4962 5068 5072
f 5284 5179 5069
f 5284 5069 5173
f 5176 5177 5286
f 5178 4961 5071
f 5287 5177 5178
f 5071 4963 5180
f 5178 5071 5288
f 5071 5180 5288
f 4963 5073 5180
f 4962 5072 4965
f 5072 5181 4965
f 5181 5081 4965
f 5072 5179 5289
f 5072 5289 5181
f 5073 4966 5182
f 5180 5073 5291
f 5182 5291 5073
f 5183 5074 4967
f 4967 5074 4966
f 4966 5074 5182
f 5182 5074 5183
f 5075 4968 5184
f 5075 4967 4968
f 4967 5075 5183
f 5075 5184 5183
f 5186 5085 4970
f 5085 4969 4970
f 5085 5185 4969
f 5085 5186 5185
f 5187 5076 4971
f 4971 5076 4970
f 4970 5076 5186
f 5186 5076 5187
f 5188 5077 4972
f 4972 5077 4971
f 4971 5077 5187
f 5187 5077 5188
f 5189 5078 4973
f 4973 5078 4972
f 4972 5078 5188
f 5188 5078 5189
f 5079 4974 5190
f 4974 5079 4973
f 4973 5079 5189
f 5079 5190 5189
f 5080 4975 5191
f 4975 5080 4974
f 5080 5190 4974
f 5080 5191 5190
f 5086 5191 4975
f 5090 4979 5195
f 5090 5195 5194
f 5091 4980 5196
f 5091 4979 4980
f 5091 5195 4979
f 5091 5196 5195
f 4980 5081 5196
f 5181 5295 5081
f 5196 5081 5295
f 5082 5184 4968
f 5082 4981 5197
f 5184 5082 5299
f 5082 5197 5299
f 4981 5092 5197
f 4984 5084 5199
f 5199 5083 4984
f 5083 4983 4984
f 5083 5198 4983
f 5083 5199 5198
f 5185 5084 4969
f 5199 5084 5301
f 5185 5301 5084
f 5185 5186 5302
f 4976 5087 5086
f 5192 5086 5087
f 5086 5305 5191
f 5086 5192 5305
f 4985 5088 5087
f 5088 5200 5087
f 5306 5192 5087
f 5200 5306 5087
f 4977 5089 5088
f 5193 5088 5089
f 5307 5200 5088
f 5193 5307 5088
f 5089 5090 5194
f 5089 4978 5090
f 5193 5089 5308
f 5308 5089 5194
f 4982 5093 5092
f 5201 5092 5093
f 5197 5092 5311
f 5092 5201 5311
f 5093 4986 5202
f 5202 5201 5093
f 4987 5094 5203
f 5203 5096 4987
f 5198 5094 4983
f 5203 5094 5312
f 5094 5198 5312
f 5095 5202 4986
f 5095 4988 5204
f 5314 5202 5095
f 5204 5314 5095
f 4989 5096 5205
f 5205 5098 4989
f 5205 5096 5315
f 5096 5203 5315
f 5097 5204 4988
f 4990 5099 5097
f 5206 5097 5099
f 5206 5204 5097
f 4991 5098 5207
f 5205 5317 5098
f 5207 5098 5317
f 5099 4992 5208
f 5206 5099 5318
f 5318 5099 5208
f 5100 4991 5207
f 4993 5100 5102
f 5100 5209 5102
f 5207 5319 5100
f 5319 5209 5100
f 5101 5208 4992
f 4994 5103 5101
f 5210 5101 5103
f 5320 5208 5101
f 5210 5320 5101
f 4995 5102 5211
f 5102 5209 5211
f 5211 5104 4995
f 5209 5321 5211
f 5103 4996 5212
f 5210 5103 5322
f 5322 5103 5212
f 4997 5104 5213
f 5213 5104 5323
f 5104 5211 5323
f 5105 5212 4996
f 4998 5107 5105
f 5214 5105 5107
f 5214 5212 5105
f 5106 4997 5213
f 5106 4999 4997
f 5106 5215 4999
f 5106 5213 5215
f 5107 5000 5109
f 5216 5107 5109
f 5214 5107 5326
f 5216 5326 5107
f 5108 4999 5215
f 5108 5001 4999
f 5108 5217 5001
f 5217 5108 5215
f 5327 5217 5215
f 5109 5002 5111
f 5218 5109 5111
f 5216 5109 5328
f 5109 5218 5328
f 5110 5001 5217
f 5110 5003 5001
f 5110 5219 5003
f 5219 5110 5217
f 5217 5329 5219
f 5220 5111 5004
f 5218 5111 5330
f 5111 5220 5330
f 5112 5003 5219
f 5112 5005 5003
f 5112 5221 5005
f 5221 5112 5219
f 5219 5331 5221
f 5113 5220 5004
f 5113 5004 5006
f 5113 5006 5222
f 5113 5222 5220
f 5222 5332 5220
f 5114 5005 5221
f 5114 5007 5005
f 5114 5223 5007
f 5114 5221 5223
f 5115 5222 5006
f 5115 5006 5008
f 5115 5008 5224
f 5115 5224 5222
f 5116 5007 5223
f 5116 5009 5007
f 5116 5225 5009
f 5116 5223 5225
f 5225 5118 5009
f 5335 5225 5223
f 5117 5224 5008
f 5117 5008 5010
f 5117 5010 5226
f 5117 5226 5224
f 5119 5226 5010
f 5226 5336 5224
f 5118 5227 5011
f 5225 5337 5118
f 5118 5337 5227
f 5119 5012 5121
f 5228 5119 5121
f 5226 5119 5338
f 5119 5228 5338
f 5227 5120 5011
f 5120 5013 5011
f 5120 5229 5013
f 5120 5227 5229
f 5122 5013 5229
f 5014 5123 5121
f 5121 5123 5230
f 5121 5230 5340
f 5228 5121 5340
f 5122 5231 5015
f 5341 5122 5229
f 5231 5122 5341
f 5123 5016 5232
f 5123 5232 5230
f 5231 5124 5015
f 5124 5233 5017
f 5124 5231 5343
f 5233 5124 5343
f 5125 5232 5016
f 5018 5127 5125
f 5234 5125 5127
f 5344 5232 5125
f 5234 5344 5125
f 5233 5126 5017
f 5019 5126 5128
f 5235 5128 5126
f 5126 5233 5345
f 5235 5126 5345
f 5127 5020 5237
f 5130 5237 5020
f 5237 5234 5127
f 5128 5238 5021
f 5235 5347 5128
f 5347 5238 5128
f 5129 5239 5022
f 5129 5022 5021
f 5129 5021 5238
f 5129 5238 5239
f 5239 5238 5348
f 5023 5240 5130
f 5240 5236 5130
f 5236 5237 5130
f 5239 5131 5022
f 5024 5131 5132
f 5241 5132 5131
f 5350 5131 5239
f 5350 5241 5131
f 5132 5242 5025
f 5132 5241 5351
f 5132 5351 5242
f 5134 5025 5242
f 5134 5242 5243
f 5027 5245 5133
f 5138 5245 5027
f 5240 5023 5133
f 5245 5353 5133
f 5240 5133 5353
f 5243 5135 5134
f 5135 5026 5134
f 5028 5135 5136
f 5246 5136 5135
f 5243 5355 5135
f 5355 5246 5135
f 5136 5247 5029
f 5136 5246 5356
f 5247 5136 5356
f 5139 5030 5029
f 5139 5029 5247
f 5140 5249 5031
f 5140 5031 5030
f 5141 5250 5032
f 5141 5032 5031
f 5141 5031 5249
f 5141 5249 5250
f 5142 5032 5250
f 5138 5037 5137
f 5244 5138 5137
f 5137 5037 5036
f 5137 5036 5252
f 5244 5137 5357
f 5137 5252 5357
f 5244 5245 5138
f 5139 5140 5030
f 5248 5140 5139
f 5358 5139 5247
f 5358 5248 5139
f 5248 5359 5140
f 5140 5359 5249
f 5143 5033 5142
f 5251 5143 5142
f 5251 5142 5250
f 5143 5144 5034
f 5253 5144 5143
f 5251 5362 5143
f 5362 5253 5143
f 5035 5144 5145
f 5144 5254 5145
f 5253 5363 5144
f 5254 5144 5363
f 5145 5255 5038
f 5145 5254 5255
f 5148 5038 5255
f 5148 5255 5256
f 5259 5147 5040
f 5146 5259 5040
f 5146 5040 5039
f 5146 5039 5258
f 5146 5258 5259
f 5259 5258 5366
f 5147 5252 5036
f 5259 5367 5147
f 5147 5367 5252
f 5256 5149 5148
f 5041 5148 5149
f 5149 5260 5151
f 5041 5149 5151
f 5149 5256 5368
f 5149 5368 5260
f 5042 5262 5150
f 5153 5262 5042
f 5153 5261 5262
f 5261 5370 5262
f 5039 5150 5258
f 5262 5257 5150
f 5258 5150 5257
f 5151 5260 5263
f 5263 5043 5151
f 5263 5260 5372
f 5157 5265 5044
f 5153 5045 5152
f 5153 5152 5261
f 5152 5045 5044
f 5152 5044 5265
f 5261 5152 5374
f 5374 5152 5265
f 5154 5043 5263
f 5154 5046 5043
f 5154 5266 5158
f 5154 5158 5046
f 5154 5263 5375
f 5154 5375 5266
f 5163 5268 5047
f 5269 5156 5048
f 5155 5269 5048
f 5155 5048 5047
f 5155 5047 5268
f 5155 5268 5269
f 5378 5269 5268
f 5049 5156 5157
f 5264 5157 5156
f 5269 5379 5156
f 5264 5156 5379
f 5264 5265 5157
f 5266 5159 5158
f 5159 5050 5158
f 5051 5159 5270
f 5159 5051 5050
f 5159 5266 5380
f 5270 5159 5380
f 5164 5271 5052
f 5164 5052 5051
f 5164 5051 5270
f 5164 5270 5271
f 5381 5271 5270
f 5165 5271 5272
f 5166 5272 5273
f 5167 5274 5054
f 5167 5273 5274
f 5160 5275 5055
f 5160 5055 5054
f 5160 5054 5274
f 5160 5274 5275
f 5274 5385 5275
f 5161 5162 5056
f 5161 5276 5162
f 5161 5056 5055
f 5161 5055 5275
f 5276 5161 5386
f 5386 5161 5275
f 5057 5162 5163
f 5267 5163 5162
f 5276 5387 5162
f 5267 5162 5387
f 5267 5268 5163
f 5271 5165 5052
f 5166 5165 5272
f 5166 5058 5165
f 5167 5166 5273
f 5167 5053 5166
f 5277 5388 5174
f 5285 5174 5388
f 5285 5173 5174
f 5168 5278 5277
f 5278 5389 5277
f 5277 5389 5388
f 5169 5279 5278
f 5390 5278 5279
f 5390 5389 5278
f 5279 5170 5280
f 5391 5279 5280
f 5279 5391 5390
f 5171 5281 5280
f 5392 5280 5281
f 5280 5392 5391
f 5172 5282 5281
f 5282 5393 5281
f 5392 5281 5393
f 5175 5283 5282
f 5282 5283 5394
f 5393 5282 5394
f 5283 5176 5395
f 5283 5395 5394
f 5284 5173 5285
f 5284 5285 5396
f 5284 5290 5179
f 5284 5396 5290
f 5285 5388 5397
f 5285 5397 5396
f 5498 5388 5389
f 5395 5176 5286
f 5504 5394 5395
f 5177 5287 5286
f 5398 5286 5287
f 5395 5286 5505
f 5286 5398 5505
f 5178 5288 5287
f 5288 5399 5287
f 5399 5398 5287
f 5288 5180 5400
f 5288 5400 5399
f 5289 5179 5290
f 5289 5290 5401
f 5296 5289 5401
f 5296 5181 5289
f 5290 5396 5402
f 5290 5402 5401
f 5180 5291 5400
f 5403 5400 5291
f 5510 5399 5400
f 5403 5510 5400
f 5182 5404 5291
f 5404 5403 5291
f 5297 5183 5405
f 5183 5297 5182
f 5297 5404 5182
f 5297 5405 5404
f 5298 5183 5184
f 5298 5405 5183
f 5302 5186 5406
f 5407 5292 5187
f 5187 5292 5186
f 5292 5406 5186
f 5292 5407 5406
f 5408 5293 5188
f 5188 5293 5187
f 5187 5293 5407
f 5407 5293 5408
f 5294 5189 5409
f 5189 5294 5188
f 5188 5294 5408
f 5294 5409 5408
f 5303 5190 5410
f 5303 5189 5190
f 5303 5409 5189
f 5303 5410 5409
f 5304 5191 5411
f 5304 5190 5191
f 5304 5410 5190
f 5304 5411 5410
f 5308 5194 5414
f 5309 5195 5415
f 5309 5194 5195
f 5309 5414 5194
f 5309 5415 5414
f 5310 5196 5416
f 5310 5195 5196
f 5310 5415 5195
f 5310 5416 5415
f 5296 5295 5181
f 5295 5296 5417
f 5295 5416 5196
f 5416 5295 5417
f 5296 5401 5513
f 5296 5513 5417
f 5299 5298 5184
f 5418 5298 5299
f 5298 5517 5405
f 5298 5418 5517
f 5299 5197 5419
f 5518 5418 5299
f 5419 5518 5299
f 5199 5301 5421
f 5421 5300 5199
f 5300 5198 5199
f 5300 5420 5198
f 5300 5421 5420
f 5185 5302 5301
f 5422 5301 5302
f 5422 5519 5301
f 5421 5301 5519
f 5422 5302 5520
f 5520 5302 5406
f 5191 5305 5411
f 5192 5306 5305
f 5412 5305 5306
f 5305 5526 5411
f 5305 5412 5526
f 5200 5307 5306
f 5307 5423 5306
f 5527 5412 5306
f 5423 5527 5306
f 5193 5308 5307
f 5413 5307 5308
f 5528 5423 5307
f 5413 5528 5307
f 5413 5308 5529
f 5414 5529 5308
f 5419 5197 5311
f 5311 5201 5424
f 5419 5311 5533
f 5311 5424 5533
f 5313 5201 5202
f 5201 5313 5424
f 5203 5312 5425
f 5425 5315 5203
f 5420 5312 5198
f 5420 5534 5312
f 5312 5534 5425
f 5314 5313 5202
f 5314 5426 5313
f 5424 5313 5536
f 5426 5536 5313
f 5314 5204 5316
f 5314 5316 5426
f 5315 5427 5205
f 5427 5317 5205
f 5315 5425 5537
f 5315 5537 5427
f 5316 5204 5206
f 5316 5206 5428
f 5426 5316 5538
f 5316 5428 5538
f 5206 5318 5428
f 5317 5429 5207
f 5317 5539 5429
f 5427 5539 5317
f 5430 5318 5208
f 5318 5540 5428
f 5430 5540 5318
f 5319 5207 5429
f 5319 5431 5209
f 5429 5541 5319
f 5541 5431 5319
f 5320 5430 5208
f 5320 5432 5430
f 5210 5322 5320
f 5320 5322 5432
f 5321 5209 5431
f 5211 5321 5323
f 5433 5323 5321
f 5431 5543 5321
f 5543 5433 5321
f 5434 5322 5212
f 5432 5322 5544
f 5434 5544 5322
f 5323 5435 5213
f 5323 5545 5435
f 5323 5433 5545
f 5324 5434 5212
f 5324 5212 5214
f 5324 5214 5436
f 5324 5436 5434
f 5214 5326 5436
f 5325 5213 5435
f 5325 5215 5213
f 5215 5325 5437
f 5325 5435 5437
f 5437 5327 5215
f 5216 5328 5326
f 5438 5326 5328
f 5436 5326 5438
f 5329 5217 5327
f 5439 5329 5327
f 5439 5327 5437
f 5328 5218 5330
f 5440 5328 5330
f 5438 5328 5550
f 5440 5550 5328
f 5331 5329 5441
f 5331 5219 5329
f 5441 5329 5439
f 5330 5220 5332
f 5442 5330 5332
f 5440 5330 5552
f 5442 5552 5330
f 5221 5331 5443
f 5443 5331 5441
f 5334 5332 5222
f 5444 5332 5334
f 5442 5332 5554
f 5444 5554 5332
f 5443 5333 5221
f 5333 5223 5221
f 5333 5445 5223
f 5333 5443 5445
f 5334 5222 5224
f 5336 5334 5224
f 5446 5334 5336
f 5444 5334 5556
f 5446 5556 5334
f 5335 5223 5445
f 5225 5335 5337
f 5447 5337 5335
f 5557 5335 5445
f 5447 5335 5557
f 5336 5226 5338
f 5448 5336 5338
f 5446 5336 5558
f 5448 5558 5336
f 5227 5337 5449
f 5447 5559 5337
f 5337 5559 5449
f 5228 5340 5338
f 5450 5338 5340
f 5448 5338 5560
f 5450 5560 5338
f 5449 5339 5227
f 5339 5229 5227
f 5339 5451 5229
f 5339 5449 5451
f 5340 5230 5452
f 5452 5450 5340
f 5341 5229 5451
f 5341 5453 5231
f 5451 5563 5341
f 5453 5341 5563
f 5342 5452 5230
f 5342 5230 5232
f 5344 5342 5232
f 5454 5342 5344
f 5342 5564 5452
f 5342 5454 5564
f 5453 5343 5231
f 5343 5455 5233
f 5343 5453 5565
f 5455 5343 5565
f 5234 5456 5344
f 5456 5454 5344
f 5455 5345 5233
f 5235 5345 5347
f 5457 5347 5345
f 5345 5455 5567
f 5457 5345 5567
f 5346 5456 5234
f 5237 5346 5234
f 5237 5236 5346
f 5346 5236 5459
f 5346 5459 5568
f 5346 5568 5456
f 5238 5347 5348
f 5458 5348 5347
f 5457 5458 5347
f 5348 5460 5239
f 5348 5458 5569
f 5460 5348 5569
f 5350 5239 5460
f 5349 5459 5236
f 5349 5236 5240
f 5349 5240 5353
f 5349 5353 5462
f 5570 5459 5349
f 5570 5349 5462
f 5241 5350 5351
f 5461 5351 5350
f 5571 5350 5460
f 5571 5461 5350
f 5242 5351 5463
f 5461 5572 5351
f 5463 5351 5572
f 5354 5464 5243
f 5354 5243 5242
f 5354 5242 5463
f 5354 5463 5464
f 5352 5462 5353
f 5352 5353 5245
f 5352 5245 5244
f 5352 5244 5466
f 5574 5462 5352
f 5574 5352 5466
f 5355 5243 5464
f 5246 5355 5356
f 5465 5356 5355
f 5575 5355 5464
f 5575 5465 5355
f 5356 5467 5247
f 5356 5465 5576
f 5467 5356 5576
f 5358 5247 5467
f 5358 5467 5468
f 5359 5469 5249
f 5359 5468 5469
f 5360 5470 5250
f 5360 5250 5249
f 5360 5249 5469
f 5360 5469 5470
f 5361 5471 5251
f 5361 5251 5250
f 5361 5250 5470
f 5361 5470 5471
f 5252 5473 5357
f 5367 5473 5252
f 5367 5472 5473
f 5473 5472 5577
f 5357 5466 5244
f 5473 5578 5357
f 5357 5578 5466
f 5359 5358 5468
f 5359 5248 5358
f 5471 5362 5251
f 5253 5362 5363
f 5474 5363 5362
f 5471 5583 5362
f 5583 5474 5362
f 5254 5363 5364
f 5363 5475 5364
f 5474 5584 5363
f 5475 5363 5584
f 5364 5476 5255
f 5364 5255 5254
f 5364 5475 5585
f 5364 5585 5476
f 5365 5477 5256
f 5365 5256 5255
f 5365 5255 5476
f 5365 5476 5477
f 5368 5256 5477
f 5368 5477 5478
f 5258 5481 5366
f 5371 5481 5258
f 5371 5258 5257
f 5371 5257 5480
f 5371 5480 5481
f 5480 5589 5481
f 5366 5472 5367
f 5259 5366 5367
f 5481 5590 5366
f 5366 5590 5472
f 5368 5369 5260
f 5368 5478 5369
f 5260 5369 5372
f 5369 5482 5372
f 5591 5369 5478
f 5591 5482 5369
f 5261 5484 5370
f 5479 5370 5484
f 5261 5374 5484
f 5374 5483 5484
f 5479 5484 5595
f 5595 5484 5483
f 5480 5257 5370
f 5257 5262 5370
f 5479 5480 5370
f 5372 5482 5485
f 5485 5375 5372
f 5263 5372 5375
f 5596 5485 5482
f 5487 5488 5379
f 5487 5601 5488
f 5374 5265 5373
f 5374 5373 5483
f 5373 5265 5264
f 5373 5264 5488
f 5373 5488 5602
f 5373 5602 5483
f 5376 5375 5485
f 5375 5376 5266
f 5376 5489 5380
f 5376 5380 5266
f 5376 5485 5486
f 5376 5486 5489
f 5490 5381 5489
f 5603 5489 5486
f 5603 5490 5489
f 5387 5495 5496
f 5496 5495 5609
f 5377 5378 5268
f 5377 5497 5378
f 5377 5268 5267
f 5377 5267 5496
f 5497 5377 5610
f 5610 5377 5496
f 5269 5378 5379
f 5487 5379 5378
f 5497 5611 5378
f 5378 5611 5487
f 5488 5264 5379
f 5489 5381 5380
f 5381 5270 5380
f 5381 5382 5271
f 5490 5382 5381
f 5272 5382 5383
f 5382 5491 5383
f 5382 5272 5271
f 5382 5490 5491
f 5273 5383 5384
f 5383 5492 5384
f 5383 5273 5272
f 5383 5491 5492
f 5384 5385 5274
f 5384 5493 5385
f 5384 5274 5273
f 5384 5492 5493
f 5275 5385 5386
f 5494 5386 5385
f 5385 5493 5494
f 5387 5386 5495
f 5387 5276 5386
f 5495 5386 5494
f 5496 5267 5387
f 5499 5389 5390
f 5391 5500 5390
f 5392 5501 5391
f 5393 5502 5392
f 5394 5503 5393
f 5388 5498 5397
f 5506 5396 5397
f 5389 5499 5498
f 5499 5612 5498
f 5397 5498 5507
f 5498 5612 5507
f 5390 5500 5499
f 5499 5500 5613
f 5499 5613 5612
f 5500 5391 5501
f 5614 5500 5501
f 5500 5614 5613
f 5501 5392 5502
f 5615 5501 5502
f 5501 5615 5614
f 5502 5393 5503
f 5616 5502 5503
f 5502 5616 5615
f 5504 5503 5394
f 5504 5617 5503
f 5503 5617 5616
f 5395 5505 5504
f 5505 5618 5504
f 5504 5618 5617
f 5398 5508 5505
f 5508 5618 5505
f 5399 5509 5398
f 5506 5402 5396
f 5514 5401 5402
f 5506 5397 5507
f 5619 5506 5507
f 5402 5506 5515
f 5515 5506 5619
f 5507 5612 5620
f 5507 5620 5619
f 5731 5620 5612
f 5731 5612 5613
f 5736 5617 5618
f 5508 5398 5509
f 5622 5508 5509
f 5508 5621 5618
f 5508 5622 5621
f 5399 5510 5509
f 5623 5509 5510
f 5509 5623 5622
f 5510 5403 5624
f 5623 5510 5624
f 5511 5404 5625
f 5511 5403 5404
f 5403 5511 5624
f 5511 5625 5624
f 5516 5404 5405
f 5516 5625 5404
f 5521 5406 5407
f 5408 5522 5407
f 5523 5408 5409
f 5524 5409 5410
f 5525 5411 5631
f 5525 5410 5411
f 5525 5630 5410
f 5525 5631 5630
f 5530 5415 5633
f 5530 5414 5415
f 5512 5416 5634
f 5512 5415 5416
f 5512 5633 5415
f 5512 5634 5633
f 5531 5417 5635
f 5417 5531 5416
f 5531 5634 5416
f 5531 5635 5634
f 5401 5514 5513
f 5513 5514 5636
f 5513 5635 5417
f 5513 5636 5635
f 5402 5515 5514
f 5637 5514 5515
f 5636 5514 5637
f 5515 5619 5638
f 5515 5638 5637
f 5405 5517 5516
f 5626 5516 5517
f 5516 5748 5625
f 5516 5626 5748
f 5418 5518 5517
f 5517 5518 5639
f 5626 5517 5749
f 5517 5639 5749
f 5532 5518 5419
f 5518 5532 5639
f 5641 5535 5421
f 5535 5420 5421
f 5535 5640 5420
f 5535 5641 5640
f 5422 5520 5519
f 5519 5520 5642
f 5421 5519 5641
f 5641 5519 5642
f 5520 5406 5521
f 5643 5520 5521
f 5643 5750 5520
f 5642 5520 5750
f 5521 5407 5522
f 5627 5521 5522
f 5643 5521 5751
f 5627 5751 5521
f 5522 5408 5523
f 5628 5522 5523
f 5627 5522 5752
f 5628 5752 5522
f 5524 5523 5409
f 5629 5523 5524
f 5628 5523 5753
f 5523 5629 5753
f 5630 5524 5410
f 5629 5524 5754
f 5630 5754 5524
f 5526 5631 5411
f 5631 5755 5630
f 5412 5527 5526
f 5644 5526 5527
f 5631 5526 5756
f 5644 5756 5526
f 5423 5528 5527
f 5528 5645 5527
f 5757 5644 5527
f 5645 5757 5527
f 5413 5529 5528
f 5646 5528 5529
f 5645 5528 5646
f 5530 5529 5414
f 5632 5529 5530
f 5646 5529 5759
f 5632 5759 5529
f 5632 5530 5760
f 5633 5760 5530
f 5533 5532 5419
f 5647 5532 5533
f 5766 5639 5532
f 5647 5766 5532
f 5533 5424 5648
f 5648 5647 5533
f 5534 5420 5640
f 5534 5649 5425
f 5640 5767 5534
f 5767 5649 5534
f 5640 5641 5768
f 5424 5536 5648
f 5426 5650 5536
f 5771 5648 5536
f 5650 5771 5536
f 5650 5426 5538
f 5537 5425 5649
f 5537 5651 5427
f 5649 5772 5537
f 5772 5651 5537
f 5538 5428 5652
f 5650 5538 5775
f 5652 5775 5538
f 5651 5539 5427
f 5539 5653 5429
f 5651 5776 5539
f 5653 5539 5776
f 5540 5652 5428
f 5540 5430 5542
f 5654 5540 5542
f 5654 5652 5540
f 5541 5429 5653
f 5541 5655 5431
f 5653 5778 5541
f 5778 5655 5541
f 5542 5430 5432
f 5542 5432 5656
f 5654 5542 5779
f 5779 5542 5656
f 5544 5656 5432
f 5543 5431 5655
f 5433 5543 5545
f 5657 5545 5543
f 5655 5657 5543
f 5544 5434 5546
f 5658 5544 5546
f 5781 5656 5544
f 5658 5781 5544
f 5545 5659 5435
f 5545 5782 5659
f 5545 5657 5782
f 5546 5434 5436
f 5546 5436 5660
f 5658 5546 5783
f 5783 5546 5660
f 5547 5435 5659
f 5547 5437 5435
f 5437 5547 5661
f 5547 5659 5661
f 5548 5660 5436
f 5548 5436 5438
f 5548 5438 5662
f 5548 5662 5660
f 5438 5550 5662
f 5661 5549 5437
f 5437 5549 5439
f 5439 5549 5663
f 5663 5549 5661
f 5550 5664 5662
f 5440 5552 5550
f 5550 5552 5664
f 5663 5551 5439
f 5439 5551 5441
f 5441 5551 5665
f 5665 5551 5663
f 5788 5665 5663
f 5442 5554 5552
f 5554 5666 5552
f 5664 5552 5666
f 5665 5553 5441
f 5441 5553 5443
f 5443 5553 5667
f 5667 5553 5665
f 5444 5556 5554
f 5556 5668 5554
f 5666 5554 5791
f 5668 5791 5554
f 5667 5555 5443
f 5555 5445 5443
f 5555 5669 5445
f 5555 5667 5669
f 5446 5558 5556
f 5558 5670 5556
f 5793 5668 5556
f 5670 5793 5556
f 5557 5445 5669
f 5447 5557 5559
f 5671 5559 5557
f 5794 5557 5669
f 5671 5557 5794
f 5448 5560 5558
f 5672 5558 5560
f 5670 5558 5672
f 5559 5673 5449
f 5671 5796 5559
f 5673 5559 5796
f 5560 5674 5672
f 5450 5674 5560
f 5673 5561 5449
f 5561 5451 5449
f 5561 5675 5451
f 5561 5673 5675
f 5675 5563 5451
f 5562 5674 5450
f 5562 5450 5452
f 5562 5452 5676
f 5562 5676 5674
f 5452 5564 5676
f 5676 5799 5674
f 5563 5677 5453
f 5675 5800 5563
f 5563 5800 5677
f 5564 5454 5678
f 5564 5678 5801
f 5676 5564 5801
f 5677 5565 5453
f 5565 5679 5455
f 5677 5802 5565
f 5679 5565 5802
f 5566 5678 5454
f 5566 5454 5456
f 5568 5566 5456
f 5680 5566 5568
f 5678 5566 5803
f 5566 5680 5803
f 5679 5567 5455
f 5567 5681 5458
f 5457 5567 5458
f 5567 5679 5804
f 5681 5567 5804
f 5568 5459 5682
f 5570 5682 5459
f 5682 5805 5568
f 5805 5680 5568
f 5681 5569 5458
f 5569 5683 5460
f 5681 5806 5569
f 5806 5683 5569
f 5571 5460 5683
f 5571 5683 5684
f 5570 5462 5686
f 5574 5686 5462
f 5686 5809 5570
f 5809 5682 5570
f 5684 5572 5571
f 5572 5461 5571
f 5572 5687 5463
f 5684 5810 5572
f 5810 5687 5572
f 5573 5688 5464
f 5573 5464 5463
f 5573 5463 5687
f 5573 5687 5688
f 5687 5811 5688
f 5575 5464 5688
f 5575 5688 5689
f 5574 5466 5691
f 5685 5574 5691
f 5578 5691 5466
f 5578 5690 5691
f 5685 5691 5813
f 5691 5690 5813
f 5685 5686 5574
f 5689 5576 5575
f 5465 5575 5576
f 5576 5692 5467
f 5689 5814 5576
f 5814 5692 5576
f 5579 5693 5468
f 5579 5468 5467
f 5579 5467 5692
f 5579 5692 5693
f 5580 5694 5469
f 5580 5469 5468
f 5580 5468 5693
f 5580 5693 5694
f 5581 5695 5470
f 5581 5470 5469
f 5581 5469 5694
f 5581 5694 5695
f 5582 5696 5471
f 5582 5471 5470
f 5582 5470 5695
f 5582 5695 5696
f 5590 5700 5472
f 5590 5699 5700
f 5577 5690 5578
f 5473 5577 5578
f 5577 5472 5700
f 5690 5577 5817
f 5817 5577 5700
f 5694 5819 5695
f 5696 5583 5471
f 5584 5474 5583
f 5697 5584 5583
f 5697 5583 5696
f 5475 5584 5585
f 5698 5585 5584
f 5822 5584 5697
f 5822 5698 5584
f 5476 5585 5586
f 5585 5701 5586
f 5698 5823 5585
f 5701 5585 5823
f 5586 5702 5477
f 5586 5477 5476
f 5701 5824 5586
f 5702 5586 5824
f 5587 5703 5478
f 5587 5478 5477
f 5587 5477 5702
f 5587 5702 5703
f 5702 5825 5703
f 5591 5478 5703
f 5591 5703 5704
f 5479 5710 5588
f 5479 5595 5710
f 5595 5709 5710
f 5709 5831 5710
f 5588 5589 5480
f 5588 5711 5589
f 5588 5480 5479
f 5710 5832 5588
f 5711 5588 5832
f 5589 5699 5590
f 5481 5589 5590
f 5711 5833 5589
f 5699 5589 5833
f 5704 5592 5591
f 5591 5592 5482
f 5592 5705 5712
f 5712 5596 5592
f 5592 5596 5482
f 5592 5704 5705
f 5597 5712 5713
f 5593 5712 5705
f 5593 5705 5706
f 5593 5706 5713
f 5593 5713 5712
f 5835 5714 5713
f 5842 5721 5720
f 5722 5708 5594
f 5601 5721 5722
f 5843 5721 5707
f 5843 5707 5708
f 5843 5708 5722
f 5843 5722 5721
f 5595 5483 5594
f 5595 5594 5709
f 5594 5483 5602
f 5722 5594 5602
f 5594 5708 5709
f 5712 5597 5596
f 5486 5596 5597
f 5486 5485 5596
f 5723 5597 5598
f 5598 5597 5713
f 5723 5603 5597
f 5597 5603 5486
f 5723 5598 5604
f 5604 5598 5724
f 5598 5713 5714
f 5598 5714 5724
f 5605 5724 5725
f 5844 5724 5714
f 5844 5714 5715
f 5844 5715 5725
f 5844 5725 5724
f 5845 5726 5725
f 5846 5727 5726
f 5847 5728 5727
f 5729 5609 5728
f 5848 5729 5728
f 5730 5720 5600
f 5610 5729 5730
f 5599 5729 5719
f 5599 5719 5720
f 5599 5720 5730
f 5599 5730 5729
f 5487 5600 5601
f 5601 5600 5721
f 5600 5487 5611
f 5730 5600 5611
f 5600 5720 5721
f 5722 5602 5601
f 5602 5488 5601
f 5723 5604 5603
f 5603 5604 5490
f 5724 5605 5604
f 5491 5604 5605
f 5490 5604 5491
f 5492 5605 5606
f 5606 5605 5725
f 5605 5492 5491
f 5493 5606 5607
f 5606 5726 5607
f 5606 5493 5492
f 5606 5725 5726
f 5494 5607 5608
f 5608 5607 5727
f 5607 5494 5493
f 5607 5726 5727
f 5495 5608 5609
f 5609 5608 5728
f 5608 5495 5494
f 5608 5727 5728
f 5729 5610 5609
f 5496 5609 5610
f 5730 5611 5610
f 5611 5497 5610
f 5614 5732 5613
f 5615 5733 5614
f 5616 5734 5615
f 5617 5735 5616
f 5739 5619 5620
f 5732 5731 5613
f 5732 5849 5731
f 5849 5740 5731
f 5731 5740 5620
f 5614 5733 5732
f 5733 5850 5732
f 5850 5741 5732
f 5849 5732 5741
f 5615 5734 5733
f 5734 5851 5733
f 5851 5742 5733
f 5850 5733 5742
f 5616 5735 5734
f 5735 5852 5734
f 5852 5743 5734
f 5851 5734 5743
f 5617 5736 5735
f 5736 5853 5735
f 5853 5744 5735
f 5852 5735 5744
f 5618 5621 5736
f 5621 5745 5736
f 5853 5736 5745
f 5746 5622 5854
f 5622 5746 5621
f 5737 5623 5855
f 5623 5737 5622
f 5737 5854 5622
f 5737 5855 5854
f 5738 5624 5856
f 5624 5738 5623
f 5738 5855 5623
f 5738 5856 5855
f 5747 5624 5625
f 5747 5856 5624
f 5761 5633 5634
f 5762 5634 5635
f 5763 5636 5860
f 5763 5635 5636
f 5763 5859 5635
f 5763 5860 5859
f 5764 5637 5861
f 5637 5764 5636
f 5764 5860 5636
f 5764 5861 5860
f 5619 5739 5638
f 5739 5862 5638
f 5765 5638 5862
f 5638 5765 5637
f 5765 5861 5637
f 5765 5862 5861
f 5620 5740 5739
f 5863 5739 5740
f 5739 5863 5862
f 5740 5849 5741
f 5864 5740 5741
f 5740 5864 5863
f 5741 5850 5742
f 5865 5741 5742
f 5741 5865 5864
f 5742 5851 5743
f 5866 5742 5743
f 5742 5866 5865
f 5743 5852 5744
f 5867 5743 5744
f 5743 5867 5866
f 5744 5853 5745
f 5868 5744 5745
f 5744 5868 5867
f 5745 5621 5746
f 5869 5745 5746
f 5745 5869 5868
f 5869 5746 5959
f 5959 5746 5854
f 5855 5960 5854
f 5856 5961 5855
f 5625 5748 5747
f 5857 5747 5748
f 5962 5856 5747
f 5857 5962 5747
f 5626 5749 5748
f 5748 5749 5870
f 5857 5748 5963
f 5748 5870 5963
f 5749 5639 5871
f 5749 5871 5870
f 5873 5769 5642
f 5642 5769 5641
f 5769 5872 5641
f 5769 5873 5872
f 5643 5751 5750
f 5750 5751 5874
f 5642 5750 5873
f 5873 5750 5874
f 5627 5752 5751
f 5752 5875 5751
f 5875 5965 5751
f 5874 5751 5965
f 5628 5753 5752
f 5876 5752 5753
f 5966 5875 5752
f 5876 5966 5752
f 5629 5754 5753
f 5877 5753 5754
f 5876 5753 5967
f 5877 5967 5753
f 5630 5755 5754
f 5878 5754 5755
f 5877 5754 5878
f 5631 5756 5755
f 5879 5755 5756
f 5755 5879 5878
f 5644 5757 5756
f 5757 5880 5756
f 5879 5756 5880
f 5757 5645 5881
f 5880 5757 5881
f 5759 5882 5646
f 5758 5646 5882
f 5646 5758 5645
f 5645 5758 5881
f 5758 5882 5881
f 5632 5760 5759
f 5759 5760 5883
f 5759 5883 5882
f 5761 5760 5633
f 5884 5760 5761
f 5760 5884 5883
f 5762 5761 5634
f 5858 5761 5762
f 5884 5761 5973
f 5858 5973 5761
f 5859 5762 5635
f 5858 5762 5974
f 5859 5974 5762
f 5975 5859 5860
f 5766 5871 5639
f 5885 5871 5766
f 5870 5871 5986
f 5885 5986 5871
f 5647 5886 5766
f 5886 5885 5766
f 5770 5647 5648
f 5770 5886 5647
f 5640 5768 5767
f 5767 5768 5887
f 5887 5773 5767
f 5773 5649 5767
f 5768 5641 5872
f 5872 5987 5768
f 5768 5987 5887
f 5872 5873 5988
f 5770 5648 5771
f 5770 5771 5888
f 5770 5992 5886
f 5770 5888 5992
f 5774 5771 5650
f 5771 5774 5888
f 5772 5649 5773
f 5890 5772 5773
f 5772 5889 5651
f 5890 5889 5772
f 5890 5773 5993
f 5773 5887 5993
f 5774 5650 5775
f 5774 5775 5891
f 5995 5888 5774
f 5995 5774 5891
f 5652 5777 5775
f 5775 5777 5891
f 5776 5651 5889
f 5776 5892 5653
f 5889 5893 5776
f 5893 5892 5776
f 5652 5654 5777
f 5777 5654 5894
f 5997 5891 5777
f 5997 5777 5894
f 5779 5894 5654
f 5778 5653 5892
f 5778 5895 5655
f 5892 5896 5778
f 5896 5895 5778
f 5779 5656 5897
f 6000 5894 5779
f 5897 6000 5779
f 5780 5655 5895
f 5780 5657 5655
f 5657 5780 5898
f 5780 5895 5898
f 5898 5782 5657
f 5898 5895 6001
f 5781 5897 5656
f 5781 5899 5897
f 5897 5899 6002
f 5658 5783 5781
f 5781 5783 5899
f 5782 5900 5659
f 5898 6003 5782
f 5900 5782 6003
f 5783 5660 5785
f 5901 5783 5785
f 5899 5783 6004
f 5901 6004 5783
f 5784 5659 5900
f 5784 5661 5659
f 5661 5784 5902
f 5784 5900 5902
f 5902 5900 6005
f 5785 5660 5662
f 5785 5662 5903
f 5901 5785 6006
f 5903 6006 5785
f 5902 5786 5661
f 5661 5786 5663
f 5663 5786 5904
f 5904 5786 5902
f 5787 5903 5662
f 5787 5662 5664
f 5787 5664 5905
f 5787 5905 5903
f 6008 5903 5905
f 5904 5788 5663
f 5906 5788 5904
f 5665 5788 5906
f 5789 5905 5664
f 5789 5664 5666
f 5789 5666 5907
f 5789 5907 5905
f 6010 5905 5907
f 5906 5790 5665
f 5665 5790 5667
f 5667 5790 5908
f 5908 5790 5906
f 5791 5907 5666
f 5791 5909 5907
f 5668 5793 5791
f 5793 5909 5791
f 5908 5792 5667
f 5792 5669 5667
f 5792 5910 5669
f 5792 5908 5910
f 5910 5794 5669
f 5793 5911 5909
f 5670 5911 5793
f 5671 5794 5796
f 5912 5796 5794
f 5910 6015 5794
f 5912 5794 6015
f 5795 5911 5670
f 5795 5670 5672
f 5795 5672 5913
f 5795 5913 5911
f 5673 5796 5914
f 5796 5912 5914
f 5797 5913 5672
f 5797 5672 5674
f 5797 5674 5915
f 5797 5915 5913
f 5799 5915 5674
f 5915 6018 5913
f 5914 5798 5673
f 5798 5675 5673
f 5800 5675 5798
f 5916 5800 5798
f 5798 5914 6019
f 5916 5798 6019
f 5676 5801 5799
f 5917 5799 5801
f 5915 5799 6020
f 5917 6020 5799
f 5800 5918 5677
f 5916 6021 5800
f 6021 5918 5800
f 5677 5918 5802
f 5801 5678 5919
f 5919 5917 5801
f 5920 5679 5802
f 5918 6023 5802
f 6023 5920 5802
f 5803 5919 5678
f 5680 5805 5803
f 5803 5805 5921
f 6024 5919 5803
f 5921 6024 5803
f 5920 5804 5679
f 5922 5681 5804
f 5920 6025 5804
f 5922 5804 6025
f 5805 5682 5924
f 5805 5924 5921
f 5809 5924 5682
f 5923 5924 5809
f 5921 5924 6027
f 5924 5923 6027
f 5922 5806 5681
f 5806 5807 5683
f 5925 5807 5806
f 5922 6028 5806
f 6028 5925 5806
f 5807 5926 5684
f 5807 5684 5683
f 5807 5925 6029
f 5807 6029 5926
f 5809 5686 5808
f 5923 5809 5808
f 5808 5686 5685
f 5808 5685 5928
f 5923 5808 6030
f 5808 5928 6030
f 5926 5810 5684
f 5687 5810 5811
f 5927 5811 5810
f 5926 5927 5810
f 5811 5929 5688
f 5811 5927 6032
f 5929 5811 6032
f 5812 5930 5689
f 5812 5689 5688
f 5812 5688 5929
f 5812 5929 5930
f 5813 5928 5685
f 5933 5813 5690
f 5933 6034 5813
f 5813 6034 5928
f 5930 5814 5689
f 5814 5815 5692
f 5931 5815 5814
f 6036 5814 5930
f 6036 5931 5814
f 5815 5934 5693
f 5815 5693 5692
f 5815 5931 6037
f 5815 6037 5934
f 5818 5935 5694
f 5818 5694 5693
f 5818 5693 5934
f 5818 5934 5935
f 5819 5936 5695
f 5819 5935 5936
f 5820 5937 5696
f 5820 5696 5695
f 5820 5695 5936
f 5820 5936 5937
f 5821 5938 5697
f 5821 5697 5696
f 5821 5696 5937
f 5821 5937 5938
f 5822 5697 5938
f 5822 5938 5939
f 5817 5700 5816
f 5932 5817 5816
f 5816 5700 5699
f 5816 5699 5947
f 5932 5816 6042
f 6042 5816 5947
f 5933 5690 5817
f 5932 5933 5817
f 5819 5694 5935
f 5939 5823 5822
f 5823 5698 5822
f 5824 5701 5823
f 5940 5824 5823
f 5940 5823 5939
f 5702 5824 5825
f 5941 5825 5824
f 5940 6047 5824
f 6047 5941 5824
f 5703 5825 5826
f 5825 5948 5826
f 5941 6048 5825
f 5948 5825 6048
f 5826 5949 5704
f 5826 5704 5703
f 5826 5948 6049
f 5826 6049 5949
f 5827 5950 5705
f 5827 5705 5704
f 5827 5704 5949
f 5827 5949 5950
f 5834 5951 5706
f 5834 5706 5705
f 5834 5705 5950
f 5834 5950 5951
f 5835 5951 5952
f 5836 5952 5953
f 5837 5953 5954
f 5957 5840 5956
f 5956 6057 5957
f 5841 5957 5958
f 6058 5958 5957
f 5707 5828 5829
f 5828 5942 5829
f 5707 5842 5828
f 5958 5828 5842
f 5958 6059 5828
f 5942 5828 6059
f 5708 5829 5830
f 5829 5943 5830
f 5829 5708 5707
f 5829 5942 5943
f 5709 5830 5831
f 5830 5944 5831
f 5709 5708 5830
f 5830 5943 5944
f 5710 5831 5832
f 5945 5832 5831
f 5944 6061 5831
f 5945 5831 6061
f 5833 5711 5832
f 5946 5833 5832
f 5945 6062 5832
f 5946 5832 6062
f 5699 5833 5947
f 5833 5946 5947
f 5951 5835 5706
f 5835 5713 5706
f 5952 5836 5835
f 5835 5836 5714
f 5953 5837 5836
f 5715 5836 5837
f 5714 5836 5715
f 5716 5837 5838
f 5838 5837 5954
f 5716 5845 5837
f 5715 5837 5845
f 5717 5838 5839
f 5838 5955 5839
f 5717 5846 5838
f 5716 5838 5846
f 5838 5954 5955
f 5718 5839 5840
f 5840 5839 5956
f 5718 5847 5839
f 5717 5839 5847
f 5839 5955 5956
f 5957 5841 5840
f 5719 5840 5841
f 5719 5848 5840
f 5718 5840 5848
f 5958 5842 5841
f 5720 5841 5842
f 5719 5841 5720
f 5707 5721 5842
f 5845 5725 5715
f 5716 5846 5845
f 5845 5846 5726
f 5717 5847 5846
f 5847 5727 5846
f 5718 5848 5847
f 5848 5728 5847
f 5719 5729 5848
f 5976 5860 5861
f 5977 5861 5862
f 5978 5862 5863
f 5979 5864 6067
f 5979 5863 5864
f 5980 5865 6068
f 5865 5980 5864
f 5980 6067 5864
f 5980 6068 6067
f 5981 5866 6069
f 5866 5981 5865
f 5981 6068 5865
f 5981 6069 6068
f 5982 5867 6070
f 5867 5982 5866
f 5982 6069 5866
f 5982 6070 6069
f 5983 5868 6071
f 5868 5983 5867
f 5983 6070 5867
f 5983 6071 6070
f 5869 5984 5868
f 5854 5960 5959
f 6073 5959 5960
f 5869 5959 6072
f 5959 6073 6072
f 5961 5960 5855
f 6074 5960 5961
f 5960 6074 6073
f 5856 5962 5961
f 5961 5962 6075
f 5961 6075 6074
f 5857 5963 5962
f 5963 6076 5962
f 5962 6076 6075
f 5963 5870 5985
f 5963 5985 6076
f 5964 5874 6078
f 5874 5964 5873
f 5964 6077 5873
f 5964 6078 6077
f 5875 5966 5965
f 5965 5966 6079
f 5965 6078 5874
f 5965 6079 6078
f 5876 5967 5966
f 5966 5967 6080
f 6079 5966 6080
f 5967 5877 6081
f 6080 5967 6081
f 5968 5878 6082
f 5878 5968 5877
f 5877 5968 6081
f 5968 6082 6081
f 5969 5879 6083
f 5879 5969 5878
f 5969 6082 5878
f 5969 6083 6082
f 6084 5970 5880
f 5880 5970 5879
f 5970 6083 5879
f 5970 6084 6083
f 5971 5881 6085
f 5881 5971 5880
f 5880 5971 6084
f 5971 6085 6084
f 5989 5881 5882
f 5989 6085 5881
f 5990 5882 5883
f 5973 6088 5884
f 5972 5884 6088
f 5884 5972 5883
f 5972 6087 5883
f 5972 6088 6087
f 5858 5974 5973
f 5973 5974 6089
f 5973 6089 6088
f 5859 5975 5974
f 6090 5974 5975
f 6089 5974 6090
f 5976 5975 5860
f 6063 5975 5976
f 6063 6164 5975
f 5975 6164 6090
f 5977 5976 5861
f 6064 5976 5977
f 6063 5976 6165
f 6064 6165 5976
f 5978 5977 5862
f 6065 5977 5978
f 6064 5977 6166
f 6065 6166 5977
f 5979 5978 5863
f 6066 5978 5979
f 6065 5978 6167
f 5978 6066 6167
f 6066 5979 6168
f 6067 6168 5979
f 6071 5868 5984
f 6071 6172 6070
f 5984 5869 6072
f 6071 5984 6173
f 6072 6173 5984
f 6174 6072 6073
f 6074 6175 6073
f 6075 6076 6177
f 5870 5986 5985
f 6091 5985 5986
f 6178 6076 5985
f 6091 6178 5985
f 5885 6092 5986
f 6092 6091 5986
f 5991 5885 5886
f 6092 5885 5991
f 5872 5988 5987
f 5987 5988 6094
f 5987 6093 5887
f 5987 6094 6093
f 5988 5873 6077
f 6077 6179 5988
f 5988 6179 6094
f 6078 6180 6077
f 6083 6185 6082
f 5990 5989 5882
f 6086 5989 5990
f 6188 6085 5989
f 6086 6188 5989
f 5990 5883 6087
f 6086 5990 6189
f 6087 6189 5990
f 6190 6087 6088
f 5991 5886 5992
f 5991 5992 6095
f 6092 5991 6194
f 5991 6095 6194
f 5992 5888 5994
f 5992 5994 6095
f 5890 5993 6096
f 6096 5996 5890
f 5889 5890 5996
f 5993 5887 6093
f 6096 5993 6195
f 5993 6093 6195
f 5995 5994 5888
f 6097 5994 5995
f 6095 5994 6197
f 5994 6097 6197
f 5995 5891 6098
f 6098 6097 5995
f 5889 5996 5893
f 5893 5996 6099
f 6099 5998 5893
f 5998 5892 5893
f 6099 5996 6198
f 5996 6096 6198
f 5997 6098 5891
f 5997 5894 5999
f 6100 5997 5999
f 6100 6098 5997
f 5998 5896 5892
f 5896 5998 6101
f 6101 6001 5896
f 5895 5896 6001
f 6101 5998 6200
f 5998 6099 6200
f 6000 5999 5894
f 6000 6102 5999
f 6100 5999 6201
f 5999 6102 6201
f 5897 6002 6000
f 6000 6002 6102
f 6001 6103 5898
f 6103 6003 5898
f 6202 6103 6001
f 6101 6202 6001
f 6002 5899 6104
f 6102 6002 6203
f 6203 6002 6104
f 5900 6003 6005
f 6105 6005 6003
f 6103 6105 6003
f 6004 6104 5899
f 6004 6106 6104
f 5901 6006 6004
f 6004 6006 6106
f 5902 6005 6107
f 6105 6206 6005
f 6107 6005 6206
f 5903 6008 6006
f 6008 6108 6006
f 6006 6108 6106
f 6007 5902 6107
f 5902 6007 5904
f 6007 6109 5904
f 6007 6107 6109
f 6107 6208 6109
f 5905 6010 6008
f 6110 6008 6010
f 6108 6008 6110
f 6009 5904 6109
f 5904 6009 5906
f 6009 6111 5906
f 6009 6109 6111
f 6012 6010 5907
f 6112 6010 6012
f 6110 6010 6211
f 6112 6211 6010
f 6011 5906 6111
f 5906 6011 5908
f 6011 6113 5908
f 6011 6111 6113
f 6212 6113 6111
f 6012 5907 5909
f 6014 6012 5909
f 6114 6012 6014
f 6112 6012 6213
f 6114 6213 6012
f 6013 5908 6113
f 6013 5910 5908
f 6015 5910 6013
f 6115 6015 6013
f 6214 6013 6113
f 6115 6013 6214
f 6014 5909 5911
f 6016 6014 5911
f 6116 6014 6016
f 6114 6014 6215
f 6116 6215 6014
f 5912 6015 6117
f 6115 6216 6015
f 6117 6015 6216
f 6016 5911 5913
f 5913 6018 6016
f 6118 6016 6018
f 6116 6016 6217
f 6118 6217 6016
f 6117 6017 5912
f 5912 6017 5914
f 6017 6119 5914
f 6017 6117 6119
f 5914 6119 6019
f 5915 6020 6018
f 6018 6020 6120
f 6018 6120 6219
f 6118 6018 6219
f 6019 6121 6021
f 5916 6019 6021
f 6119 6220 6019
f 6121 6019 6220
f 6020 6122 6120
f 6120 6122 6221
f 5917 6122 6020
f 6021 6123 5918
f 6021 6121 6123
f 6023 5918 6123
f 6123 6121 6222
f 6022 6122 5917
f 6022 5917 5919
f 6024 6022 5919
f 6125 6022 6024
f 6022 6125 6223
f 6022 6223 6122
f 6023 6126 5920
f 6123 6124 6023
f 6124 6126 6023
f 6025 5920 6126
f 5921 6128 6024
f 6128 6125 6024
f 6025 6026 5922
f 6127 6026 6025
f 6126 6127 6025
f 6028 5922 6026
f 6028 6026 6129
f 6026 6127 6226
f 6129 6026 6226
f 6027 6128 5921
f 6027 5923 6130
f 6027 6130 6228
f 6027 6228 6128
f 6129 6029 6028
f 5925 6028 6029
f 6029 6131 5926
f 6029 6129 6229
f 6131 6029 6229
f 6031 6132 5927
f 6031 5927 5926
f 6031 5926 6131
f 6031 6131 6132
f 6132 6131 6230
f 5928 6134 6030
f 6034 6134 5928
f 6030 6130 5923
f 6134 6232 6030
f 6030 6232 6130
f 6132 6032 5927
f 5929 6032 6135
f 6032 6132 6233
f 6135 6032 6233
f 6035 6136 5930
f 6035 5930 5929
f 6035 5929 6135
f 6035 6135 6136
f 6036 5930 6136
f 6036 6136 6137
f 6034 5933 6033
f 6133 6034 6033
f 6033 5933 5932
f 6033 5932 6139
f 6133 6033 6237
f 6237 6033 6139
f 6133 6134 6034
f 6137 6037 6036
f 5931 6036 6037
f 6037 6140 5934
f 6037 6137 6239
f 6140 6037 6239
f 6038 6141 5935
f 6038 5935 5934
f 6038 5934 6140
f 6038 6140 6141
f 6240 6141 6140
f 6043 6142 5936
f 6043 5936 5935
f 6043 5935 6141
f 6043 6141 6142
f 6141 6241 6142
f 6044 6143 5937
f 6044 5937 5936
f 6044 5936 6142
f 6044 6142 6143
f 6045 6144 5938
f 6045 5938 5937
f 6045 5937 6143
f 6045 6143 6144
f 6039 6145 5939
f 6039 5939 5938
f 6039 5938 6144
f 6039 6144 6145
f 6046 6146 5940
f 6046 5940 5939
f 6046 5939 6145
f 6046 6145 6146
f 6047 6146 6147
f 6059 6150 6151
f 6040 6152 5943
f 6040 5943 5942
f 6040 5942 6151
f 6040 6151 6152
f 6060 6153 5944
f 6060 5944 5943
f 6060 5943 6152
f 6060 6152 6153
f 6152 6249 6153
f 6061 6153 6154
f 6250 6154 6153
f 6062 6155 5946
f 6062 6154 6155
f 6251 6155 6154
f 6042 5947 6041
f 6138 6042 6041
f 6041 5947 5946
f 6041 5946 6155
f 6041 6155 6252
f 6041 6252 6138
f 6139 5932 6042
f 6138 6139 6042
f 6146 6047 5940
f 6147 6048 6047
f 6048 5941 6047
f 5948 6048 6049
f 6148 6049 6048
f 6253 6048 6147
f 6253 6148 6048
f 5949 6049 6050
f 6049 6156 6050
f 6148 6254 6049
f 6156 6049 6254
f 6050 6157 5950
f 6050 5950 5949
f 6050 6156 6255
f 6157 6050 6255
f 6051 6052 5951
f 6051 6158 6052
f 6051 5951 5950
f 6051 5950 6157
f 6158 6051 6256
f 6256 6051 6157
f 6052 6053 5952
f 6052 6159 6053
f 6052 5952 5951
f 6158 6257 6052
f 6159 6052 6257
f 6053 6160 5953
f 6053 5953 5952
f 6159 6258 6053
f 6160 6053 6258
f 6054 6161 5954
f 6054 5954 5953
f 6054 5953 6160
f 6054 6160 6161
f 6160 6259 6161
f 5955 6055 6056
f 6055 6162 6056
f 6055 5955 5954
f 6055 5954 6161
f 6162 6055 6260
f 6161 6260 6055
f 6056 6057 5956
f 6056 6163 6057
f 6056 5956 5955
f 6162 6261 6056
f 6163 6056 6261
f 5957 6057 6058
f 6149 6058 6057
f 6163 6262 6057
f 6149 6057 6262
f 6059 6058 6150
f 6059 5958 6058
f 6149 6263 6058
f 6150 6058 6263
f 5942 6059 6151
f 6153 6061 5944
f 6154 6062 6061
f 6062 5945 6061
f 6169 6068 6266
f 6169 6067 6068
f 6170 6069 6267
f 6170 6068 6069
f 6170 6266 6068
f 6170 6267 6266
f 6171 6070 6268
f 6171 6069 6070
f 6171 6267 6069
f 6171 6268 6267
f 6075 6176 6074
f 6181 6078 6079
f 6080 6182 6079
f 6081 6183 6080
f 6184 6081 6082
f 6186 6084 6272
f 6186 6083 6084
f 6187 6084 6085
f 6187 6272 6084
f 6191 6088 6089
f 6192 6090 6274
f 6090 6192 6089
f 6063 6165 6164
f 6164 6165 6275
f 6164 6274 6090
f 6164 6275 6274
f 6064 6166 6165
f 6166 6276 6165
f 6165 6276 6275
f 6065 6167 6166
f 6277 6166 6167
f 6276 6166 6277
f 6167 6066 6168
f 6264 6167 6168
f 6277 6167 6364
f 6264 6364 6167
f 6169 6168 6067
f 6265 6168 6169
f 6264 6168 6365
f 6265 6365 6168
f 6265 6169 6366
f 6266 6366 6169
f 6367 6266 6267
f 6172 6268 6070
f 6268 6368 6267
f 6071 6173 6172
f 6278 6172 6173
f 6268 6172 6369
f 6172 6278 6369
f 6072 6174 6173
f 6279 6173 6174
f 6370 6278 6173
f 6279 6370 6173
f 6073 6175 6174
f 6175 6280 6174
f 6174 6280 6279
f 6074 6176 6175
f 6175 6176 6281
f 6175 6281 6280
f 6075 6177 6176
f 6282 6176 6177
f 6176 6282 6281
f 6076 6178 6177
f 6178 6283 6177
f 6282 6177 6283
f 6091 6284 6178
f 6178 6284 6283
f 6092 6193 6091
f 6196 6094 6286
f 6196 6093 6094
f 6196 6285 6093
f 6196 6286 6285
f 6077 6180 6179
f 6179 6180 6287
f 6179 6286 6094
f 6179 6287 6286
f 6181 6180 6078
f 6288 6180 6181
f 6180 6288 6287
f 6181 6079 6182
f 6289 6181 6182
f 6288 6181 6376
f 6289 6376 6181
f 6182 6080 6183
f 6269 6182 6183
f 6289 6182 6377
f 6269 6377 6182
f 6183 6081 6184
f 6270 6183 6184
f 6269 6183 6378
f 6270 6378 6183
f 6082 6185 6184
f 6290 6184 6185
f 6270 6184 6379
f 6290 6379 6184
f 6186 6185 6083
f 6271 6185 6186
f 6290 6185 6380
f 6271 6380 6185
f 6271 6186 6381
f 6381 6186 6272
f 6188 6187 6085
f 6291 6187 6188
f 6382 6272 6187
f 6291 6382 6187
f 6086 6189 6188
f 6188 6189 6292
f 6291 6188 6292
f 6087 6190 6189
f 6189 6190 6293
f 6292 6189 6293
f 6190 6088 6191
f 6294 6190 6191
f 6293 6190 6294
f 6191 6089 6192
f 6273 6191 6192
f 6294 6191 6383
f 6273 6383 6191
f 6273 6192 6384
f 6384 6192 6274
f 6274 6275 6385
f 6284 6091 6193
f 6390 6283 6284
f 6092 6194 6193
f 6193 6194 6295
f 6284 6193 6391
f 6193 6295 6391
f 6194 6095 6296
f 6194 6296 6295
f 6197 6296 6095
f 6096 6195 6297
f 6297 6198 6096
f 6285 6195 6093
f 6297 6195 6394
f 6394 6195 6285
f 6197 6097 6298
f 6197 6401 6296
f 6197 6298 6401
f 6098 6199 6097
f 6097 6199 6298
f 6198 6299 6099
f 6200 6099 6299
f 6198 6402 6299
f 6198 6297 6402
f 6098 6100 6199
f 6199 6100 6300
f 6199 6403 6298
f 6199 6300 6403
f 6300 6100 6201
f 6101 6200 6301
f 6200 6299 6404
f 6301 6200 6404
f 6201 6102 6302
f 6300 6201 6406
f 6302 6406 6201
f 6101 6301 6202
f 6202 6204 6103
f 6303 6204 6202
f 6301 6407 6202
f 6407 6303 6202
f 6102 6203 6302
f 6203 6104 6205
f 6304 6203 6205
f 6304 6302 6203
f 6204 6105 6103
f 6204 6305 6105
f 6305 6206 6105
f 6204 6409 6305
f 6204 6303 6409
f 6205 6104 6106
f 6205 6106 6306
f 6304 6205 6410
f 6306 6410 6205
f 6107 6206 6208
f 6307 6208 6206
f 6305 6307 6206
f 6207 6306 6106
f 6207 6106 6108
f 6207 6108 6308
f 6207 6308 6306
f 6412 6306 6308
f 6109 6208 6210
f 6208 6309 6210
f 6208 6307 6413
f 6309 6208 6413
f 6209 6308 6108
f 6209 6108 6110
f 6209 6110 6310
f 6209 6310 6308
f 6310 6414 6308
f 6211 6310 6110
f 6210 6111 6109
f 6210 6212 6111
f 6210 6311 6212
f 6309 6415 6210
f 6311 6210 6415
f 6211 6312 6310
f 6112 6213 6211
f 6213 6312 6211
f 6113 6212 6214
f 6313 6214 6212
f 6311 6417 6212
f 6313 6212 6417
f 6213 6314 6312
f 6114 6215 6213
f 6213 6215 6314
f 6216 6214 6315
f 6216 6115 6214
f 6315 6214 6313
f 6215 6316 6314
f 6116 6217 6215
f 6215 6217 6316
f 6216 6317 6117
f 6216 6315 6317
f 6217 6318 6316
f 6118 6219 6217
f 6219 6318 6217
f 6218 6117 6317
f 6218 6119 6117
f 6220 6119 6218
f 6319 6220 6218
f 6423 6218 6317
f 6319 6218 6423
f 6219 6120 6320
f 6219 6320 6318
f 6320 6120 6221
f 6424 6318 6320
f 6321 6121 6220
f 6319 6321 6220
f 6122 6223 6221
f 6221 6223 6322
f 6221 6322 6426
f 6320 6221 6426
f 6222 6121 6321
f 6222 6323 6124
f 6123 6222 6124
f 6427 6222 6321
f 6427 6323 6222
f 6223 6125 6324
f 6223 6324 6322
f 6322 6324 6428
f 6323 6224 6124
f 6126 6124 6224
f 6224 6325 6127
f 6126 6224 6127
f 6429 6224 6323
f 6429 6325 6224
f 6225 6324 6125
f 6225 6125 6128
f 6228 6225 6128
f 6228 6326 6225
f 6430 6324 6225
f 6430 6225 6326
f 6226 6127 6325
f 6129 6226 6327
f 6226 6325 6431
f 6327 6226 6431
f 6229 6129 6327
f 6229 6327 6328
f 6328 6327 6432
f 6228 6130 6227
f 6228 6227 6326
f 6232 6227 6130
f 6232 6329 6227
f 6433 6326 6227
f 6433 6227 6329
f 6328 6230 6229
f 6131 6229 6230
f 6132 6230 6330
f 6230 6328 6434
f 6330 6230 6434
f 6233 6132 6330
f 6331 6233 6330
f 6331 6330 6435
f 6237 6333 6334
f 6334 6333 6437
f 6231 6329 6232
f 6231 6232 6134
f 6231 6134 6133
f 6334 6231 6133
f 6334 6438 6231
f 6231 6438 6329
f 6233 6234 6135
f 6331 6234 6233
f 6234 6335 6136
f 6234 6136 6135
f 6331 6439 6234
f 6439 6335 6234
f 6238 6336 6137
f 6238 6137 6136
f 6238 6136 6335
f 6238 6335 6336
f 6335 6440 6336
f 6239 6137 6336
f 6239 6336 6337
f 6251 6341 6342
f 6138 6235 6236
f 6235 6332 6236
f 6235 6138 6252
f 6235 6252 6342
f 6332 6235 6443
f 6443 6235 6342
f 6236 6333 6237
f 6139 6236 6237
f 6139 6138 6236
f 6236 6332 6333
f 6334 6133 6237
f 6337 6240 6239
f 6240 6140 6239
f 6141 6240 6241
f 6338 6241 6240
f 6338 6240 6337
f 6241 6242 6142
f 6241 6339 6242
f 6338 6445 6241
f 6339 6241 6445
f 6242 6243 6143
f 6242 6343 6243
f 6242 6143 6142
f 6339 6446 6242
f 6343 6242 6446
f 6243 6244 6144
f 6243 6344 6244
f 6243 6144 6143
f 6343 6447 6243
f 6344 6243 6447
f 6244 6245 6145
f 6244 6345 6245
f 6244 6145 6144
f 6344 6448 6244
f 6345 6244 6448
f 6245 6346 6146
f 6245 6146 6145
f 6245 6345 6449
f 6346 6245 6449
f 6246 6347 6147
f 6246 6147 6146
f 6246 6146 6346
f 6246 6346 6347
f 6450 6347 6346
f 6253 6147 6347
f 6253 6347 6348
f 6348 6347 6451
f 6263 6358 6150
f 6263 6357 6358
f 6247 6359 6151
f 6247 6151 6150
f 6247 6150 6358
f 6247 6358 6359
f 6358 6455 6359
f 6248 6249 6152
f 6248 6360 6249
f 6248 6152 6151
f 6248 6151 6359
f 6360 6248 6456
f 6359 6456 6248
f 6153 6249 6250
f 6340 6250 6249
f 6360 6457 6249
f 6340 6249 6457
f 6251 6250 6341
f 6251 6154 6250
f 6340 6458 6250
f 6341 6250 6458
f 6342 6252 6251
f 6252 6155 6251
f 6348 6254 6253
f 6254 6148 6253
f 6156 6254 6255
f 6349 6255 6254
f 6349 6254 6348
f 6157 6255 6256
f 6350 6256 6255
f 6255 6349 6350
f 6257 6158 6256
f 6351 6257 6256
f 6351 6256 6350
f 6258 6159 6257
f 6352 6258 6257
f 6352 6257 6351
f 6160 6258 6259
f 6353 6259 6258
f 6353 6258 6352
f 6161 6259 6260
f 6259 6354 6260
f 6259 6353 6354
f 6162 6260 6261
f 6355 6261 6260
f 6354 6463 6260
f 6355 6260 6463
f 6262 6163 6261
f 6356 6262 6261
f 6355 6464 6261
f 6464 6356 6261
f 6263 6262 6357
f 6263 6149 6262
f 6262 6356 6357
f 6590 6471 6466
f 6590 6470 6471
f 6361 6466 6471
f 6361 6467 6466
f 6361 6472 6467
f 6472 6361 6471
f 6362 6467 6472
f 6362 6468 6467
f 6362 6473 6468
f 6473 6362 6472
f 6591 6468 6473
f 6591 6473 6474
f 6386 6276 6476
f 6276 6386 6275
f 6364 6477 6277
f 6363 6277 6477
f 6277 6363 6276
f 6363 6476 6276
f 6363 6477 6476
f 6264 6365 6364
f 6364 6365 6478
f 6364 6478 6477
f 6265 6366 6365
f 6479 6365 6366
f 6478 6365 6479
f 6366 6266 6367
f 6480 6366 6367
f 6479 6366 6594
f 6480 6594 6366
f 6267 6368 6367
f 6481 6367 6368
f 6480 6367 6595
f 6481 6595 6367
f 6368 6268 6369
f 6482 6368 6369
f 6481 6368 6596
f 6482 6596 6368
f 6278 6370 6369
f 6483 6369 6370
f 6482 6369 6597
f 6483 6597 6369
f 6370 6279 6484
f 6598 6483 6370
f 6598 6370 6484
f 6371 6280 6485
f 6371 6279 6280
f 6279 6371 6484
f 6371 6485 6484
f 6387 6280 6281
f 6388 6281 6282
f 6389 6282 6283
f 6601 6470 6487
f 6601 6471 6470
f 6471 6601 6488
f 6601 6487 6488
f 6489 6373 6372
f 6372 6373 6472
f 6393 6489 6372
f 6488 6393 6372
f 6488 6372 6471
f 6471 6372 6472
f 6285 6374 6373
f 6373 6374 6473
f 6373 6394 6285
f 6489 6394 6373
f 6472 6373 6473
f 6395 6286 6490
f 6395 6285 6286
f 6395 6374 6285
f 6374 6395 6490
f 6374 6474 6473
f 6374 6490 6474
f 6491 6396 6287
f 6396 6286 6287
f 6396 6490 6286
f 6490 6396 6491
f 6602 6474 6490
f 6491 6602 6490
f 6376 6492 6288
f 6375 6288 6492
f 6288 6375 6287
f 6287 6375 6491
f 6375 6492 6491
f 6289 6377 6376
f 6377 6493 6376
f 6376 6493 6492
f 6269 6378 6377
f 6378 6494 6377
f 6377 6494 6493
f 6270 6379 6378
f 6379 6495 6378
f 6378 6495 6494
f 6290 6380 6379
f 6380 6496 6379
f 6379 6496 6495
f 6271 6381 6380
f 6381 6497 6380
f 6380 6497 6496
f 6272 6382 6381
f 6382 6498 6381
f 6381 6498 6497
f 6291 6499 6382
f 6382 6499 6498
f 6397 6292 6500
f 6292 6397 6291
f 6397 6499 6291
f 6397 6500 6499
f 6293 6398 6292
f 6383 6502 6294
f 6399 6294 6502
f 6294 6399 6293
f 6399 6501 6293
f 6399 6502 6501
f 6273 6384 6383
f 6384 6503 6383
f 6383 6503 6502
f 6274 6385 6384
f 6384 6385 6504
f 6384 6504 6503
f 6385 6275 6386
f 6475 6385 6386
f 6475 6604 6385
f 6385 6604 6504
f 6475 6386 6605
f 6605 6386 6476
f 6606 6476 6477
f 6387 6485 6280
f 6388 6387 6281
f 6505 6387 6388
f 6485 6387 6609
f 6505 6609 6387
f 6388 6282 6389
f 6506 6388 6389
f 6505 6388 6610
f 6506 6610 6388
f 6390 6389 6283
f 6507 6389 6390
f 6506 6389 6611
f 6389 6507 6611
f 6284 6391 6390
f 6391 6508 6390
f 6508 6507 6390
f 6391 6295 6509
f 6391 6509 6508
f 6400 6295 6296
f 6400 6509 6295
f 6613 6510 6487
f 6511 6393 6488
f 6392 6487 6510
f 6392 6488 6487
f 6488 6392 6511
f 6392 6510 6511
f 6489 6393 6394
f 6297 6394 6393
f 6297 6393 6402
f 6511 6402 6393
f 6494 6615 6493
f 6495 6616 6494
f 6496 6617 6495
f 6618 6496 6497
f 6499 6620 6498
f 6500 6292 6398
f 6621 6499 6500
f 6398 6293 6501
f 6500 6398 6622
f 6501 6622 6398
f 6623 6501 6502
f 6624 6502 6503
f 6503 6504 6625
f 6509 6628 6508
f 6401 6400 6296
f 6512 6400 6401
f 6400 6629 6509
f 6400 6512 6629
f 6401 6298 6513
f 6512 6401 6513
f 6402 6515 6299
f 6515 6402 6511
f 6404 6299 6515
f 6514 6404 6515
f 6632 6510 6514
f 6632 6511 6510
f 6511 6632 6515
f 6632 6514 6515
f 6403 6513 6298
f 6516 6513 6403
f 6512 6513 6633
f 6513 6516 6633
f 6403 6300 6405
f 6516 6403 6405
f 6404 6517 6301
f 6404 6514 6517
f 6406 6405 6300
f 6406 6518 6405
f 6516 6405 6635
f 6518 6635 6405
f 6408 6406 6302
f 6406 6408 6518
f 6407 6301 6517
f 6303 6407 6409
f 6519 6409 6407
f 6517 6636 6407
f 6519 6407 6636
f 6408 6302 6304
f 6408 6304 6520
f 6408 6637 6518
f 6408 6520 6637
f 6410 6520 6304
f 6305 6409 6521
f 6521 6409 6639
f 6409 6519 6639
f 6410 6522 6520
f 6520 6522 6640
f 6306 6412 6410
f 6410 6412 6522
f 6411 6305 6521
f 6411 6307 6305
f 6307 6411 6523
f 6411 6521 6523
f 6521 6641 6523
f 6308 6414 6412
f 6524 6412 6414
f 6412 6524 6522
f 6523 6413 6307
f 6415 6309 6413
f 6525 6415 6413
f 6523 6643 6413
f 6525 6413 6643
f 6416 6414 6310
f 6526 6414 6416
f 6414 6526 6524
f 6417 6311 6415
f 6527 6417 6415
f 6525 6645 6415
f 6527 6415 6645
f 6416 6310 6312
f 6418 6416 6312
f 6528 6416 6418
f 6416 6528 6526
f 6313 6417 6529
f 6527 6647 6417
f 6417 6647 6529
f 6418 6312 6314
f 6418 6314 6420
f 6530 6418 6420
f 6418 6530 6528
f 6529 6419 6313
f 6313 6419 6315
f 6419 6531 6315
f 6419 6529 6531
f 6649 6531 6529
f 6420 6314 6316
f 6420 6316 6422
f 6532 6420 6422
f 6420 6532 6530
f 6421 6315 6531
f 6421 6317 6315
f 6423 6317 6421
f 6533 6423 6421
f 6651 6421 6531
f 6533 6421 6651
f 6422 6316 6318
f 6424 6422 6318
f 6534 6422 6424
f 6422 6534 6532
f 6319 6423 6535
f 6533 6653 6423
f 6423 6653 6535
f 6320 6426 6424
f 6426 6536 6424
f 6536 6534 6424
f 6535 6425 6319
f 6425 6321 6319
f 6427 6321 6425
f 6537 6427 6425
f 6535 6655 6425
f 6537 6425 6655
f 6426 6322 6538
f 6426 6538 6536
f 6538 6322 6428
f 6656 6536 6538
f 6427 6539 6323
f 6537 6539 6427
f 6429 6323 6539
f 6540 6429 6539
f 6539 6537 6657
f 6540 6539 6657
f 6324 6430 6428
f 6428 6430 6541
f 6428 6541 6658
f 6538 6428 6658
f 6429 6542 6325
f 6540 6542 6429
f 6431 6325 6542
f 6431 6542 6543
f 6542 6540 6659
f 6543 6542 6659
f 6430 6326 6545
f 6430 6545 6541
f 6433 6545 6326
f 6544 6545 6433
f 6541 6545 6660
f 6544 6660 6545
f 6543 6432 6431
f 6327 6431 6432
f 6328 6432 6546
f 6432 6543 6661
f 6546 6432 6661
f 6434 6328 6546
f 6434 6546 6547
f 6547 6546 6662
f 6433 6329 6550
f 6544 6433 6550
f 6438 6550 6329
f 6438 6549 6550
f 6544 6550 6664
f 6664 6550 6549
f 6547 6435 6434
f 6330 6434 6435
f 6435 6551 6331
f 6547 6665 6435
f 6665 6551 6435
f 6333 6555 6437
f 6555 6548 6437
f 6436 6555 6333
f 6436 6333 6332
f 6436 6332 6554
f 6436 6554 6555
f 6548 6555 6667
f 6555 6554 6667
f 6437 6549 6438
f 6334 6437 6438
f 6437 6548 6549
f 6551 6439 6331
f 6335 6439 6440
f 6552 6440 6439
f 6551 6552 6439
f 6440 6556 6336
f 6552 6668 6440
f 6556 6440 6668
f 6441 6557 6337
f 6441 6337 6336
f 6441 6336 6556
f 6441 6556 6557
f 6556 6669 6557
f 6444 6558 6338
f 6444 6338 6337
f 6444 6337 6557
f 6444 6557 6558
f 6445 6558 6559
f 6446 6559 6560
f 6458 6569 6341
f 6458 6568 6569
f 6443 6342 6442
f 6553 6443 6442
f 6442 6342 6341
f 6442 6341 6569
f 6553 6442 6679
f 6679 6442 6569
f 6332 6443 6554
f 6443 6553 6554
f 6445 6338 6558
f 6446 6445 6559
f 6446 6339 6445
f 6560 6447 6446
f 6447 6343 6446
f 6448 6344 6447
f 6561 6448 6447
f 6561 6447 6560
f 6345 6448 6449
f 6562 6449 6448
f 6562 6448 6561
f 6346 6449 6450
f 6563 6450 6449
f 6449 6562 6563
f 6347 6450 6451
f 6564 6451 6450
f 6564 6450 6563
f 6348 6451 6452
f 6451 6565 6452
f 6451 6564 6565
f 6349 6452 6570
f 6452 6349 6348
f 6452 6565 6566
f 6570 6452 6566
f 6459 6571 6350
f 6459 6350 6349
f 6459 6349 6570
f 6459 6570 6571
f 6682 6571 6570
f 6460 6572 6351
f 6460 6351 6350
f 6460 6350 6571
f 6460 6571 6572
f 6683 6572 6571
f 6461 6573 6352
f 6461 6352 6351
f 6461 6351 6572
f 6461 6572 6573
f 6684 6573 6572
f 6453 6574 6353
f 6453 6353 6352
f 6453 6352 6573
f 6453 6573 6574
f 6685 6574 6573
f 6462 6575 6354
f 6462 6354 6353
f 6462 6353 6574
f 6462 6574 6575
f 6686 6575 6574
f 6463 6575 6576
f 6464 6576 6577
f 6465 6578 6357
f 6465 6357 6356
f 6465 6356 6577
f 6465 6577 6578
f 6578 6577 6689
f 6454 6455 6358
f 6454 6579 6455
f 6454 6358 6357
f 6454 6357 6578
f 6579 6454 6690
f 6578 6690 6454
f 6359 6455 6456
f 6455 6580 6456
f 6455 6579 6691
f 6580 6455 6691
f 6360 6456 6457
f 6567 6457 6456
f 6580 6692 6456
f 6567 6456 6692
f 6458 6457 6568
f 6458 6340 6457
f 6567 6693 6457
f 6568 6457 6693
f 6575 6463 6354
f 6464 6463 6576
f 6464 6355 6463
f 6356 6464 6577
f 6700 6582 6581
f 6582 6695 6581
f 6700 6581 6585
f 6699 6585 6581
f 6581 6694 6699
f 6581 6695 6694
f 6700 6586 6582
f 6582 6586 6701
f 6582 6696 6695
f 6582 6701 6696
f 6583 6697 6704
f 6703 6589 6704
f 6814 6704 6697
f 6704 6814 6703
f 6466 6584 6583
f 6698 6583 6584
f 6583 6590 6466
f 6704 6590 6583
f 6583 6698 6697
f 6699 6584 6585
f 6585 6584 6467
f 6467 6584 6466
f 6584 6699 6698
f 6700 6585 6586
f 6585 6468 6586
f 6468 6585 6467
f 6469 6587 6586
f 6586 6587 6701
f 6469 6586 6591
f 6591 6586 6468
f 6469 6592 6587
f 6587 6592 6705
f 6587 6702 6701
f 6587 6705 6702
f 6707 6589 6588
f 6588 6589 6703
f 6599 6707 6588
f 6706 6599 6588
f 6588 6818 6706
f 6588 6703 6818
f 6704 6589 6590
f 6589 6470 6590
f 6470 6589 6600
f 6707 6600 6589
f 6469 6591 6592
f 6474 6592 6591
f 6592 6708 6705
f 6708 6592 6602
f 6602 6592 6474
f 6603 6709 6708
f 6708 6819 6705
f 6709 6819 6708
f 6607 6477 6478
f 6594 6711 6479
f 6593 6479 6711
f 6479 6593 6478
f 6593 6710 6478
f 6593 6711 6710
f 6480 6595 6594
f 6595 6712 6594
f 6594 6712 6711
f 6481 6596 6595
f 6595 6596 6713
f 6595 6713 6712
f 6482 6597 6596
f 6596 6597 6714
f 6713 6596 6714
f 6483 6598 6597
f 6597 6598 6715
f 6714 6597 6715
f 6598 6484 6716
f 6598 6716 6715
f 6608 6484 6485
f 6608 6716 6484
f 6707 6599 6600
f 6486 6600 6599
f 6612 6486 6599
f 6612 6599 6718
f 6599 6706 6718
f 6470 6600 6487
f 6600 6613 6487
f 6600 6486 6613
f 6708 6602 6603
f 6603 6602 6491
f 6603 6492 6719
f 6603 6491 6492
f 6603 6719 6709
f 6614 6492 6493
f 6614 6719 6492
f 6619 6497 6498
f 6475 6605 6604
f 6605 6721 6604
f 6626 6604 6721
f 6604 6626 6504
f 6476 6606 6605
f 6722 6605 6606
f 6722 6721 6605
f 6607 6606 6477
f 6723 6606 6607
f 6606 6723 6722
f 6607 6478 6710
f 6723 6607 6822
f 6710 6822 6607
f 6823 6710 6711
f 6609 6608 6485
f 6717 6608 6609
f 6829 6716 6608
f 6717 6829 6608
f 6505 6610 6609
f 6724 6609 6610
f 6830 6717 6609
f 6830 6609 6724
f 6506 6611 6610
f 6611 6725 6610
f 6610 6725 6724
f 6611 6507 6726
f 6611 6726 6725
f 6627 6507 6508
f 6627 6726 6507
f 6831 6727 6718
f 6486 6612 6613
f 6728 6613 6612
f 6630 6728 6612
f 6727 6630 6612
f 6612 6718 6727
f 6613 6631 6510
f 6613 6728 6631
f 6493 6615 6614
f 6720 6614 6615
f 6719 6614 6720
f 6615 6494 6616
f 6729 6615 6616
f 6720 6615 6832
f 6615 6729 6832
f 6616 6495 6617
f 6730 6616 6617
f 6729 6616 6833
f 6730 6833 6616
f 6617 6496 6618
f 6731 6617 6618
f 6617 6731 6730
f 6619 6618 6497
f 6732 6618 6619
f 6618 6732 6731
f 6620 6619 6498
f 6733 6619 6620
f 6619 6733 6732
f 6499 6621 6620
f 6734 6620 6621
f 6620 6734 6733
f 6500 6622 6621
f 6621 6622 6735
f 6734 6621 6735
f 6501 6623 6622
f 6623 6736 6622
f 6622 6736 6735
f 6502 6624 6623
f 6624 6737 6623
f 6623 6737 6736
f 6503 6625 6624
f 6738 6624 6625
f 6738 6737 6624
f 6625 6504 6626
f 6739 6625 6626
f 6625 6739 6738
f 6626 6721 6834
f 6626 6834 6739
f 6726 6838 6725
f 6508 6628 6627
f 6740 6627 6628
f 6839 6726 6627
f 6740 6839 6627
f 6509 6629 6628
f 6628 6629 6741
f 6628 6741 6740
f 6629 6512 6742
f 6629 6742 6741
f 6728 6630 6631
f 6744 6631 6630
f 6630 6727 6743
f 6630 6743 6744
f 6510 6631 6514
f 6514 6631 6634
f 6744 6634 6631
f 6735 6736 6846
f 6737 6847 6736
f 6742 6512 6633
f 6852 6741 6742
f 6746 6633 6516
f 6742 6633 6745
f 6746 6745 6633
f 6635 6746 6516
f 6634 6744 6747
f 6854 6744 6743
f 6744 6854 6747
f 6634 6517 6514
f 6517 6634 6636
f 6747 6636 6634
f 6518 6749 6635
f 6748 6635 6749
f 6748 6746 6635
f 6750 6636 6747
f 6747 6856 6750
f 6519 6636 6639
f 6636 6750 6639
f 6637 6749 6518
f 6637 6751 6749
f 6748 6749 6857
f 6857 6749 6751
f 6520 6640 6637
f 6637 6640 6751
f 6639 6638 6521
f 6638 6639 6750
f 6641 6521 6638
f 6752 6641 6638
f 6750 6859 6638
f 6859 6752 6638
f 6640 6522 6642
f 6753 6640 6642
f 6640 6753 6751
f 6523 6641 6643
f 6754 6643 6641
f 6641 6752 6754
f 6642 6522 6524
f 6642 6524 6644
f 6755 6642 6644
f 6753 6642 6862
f 6755 6862 6642
f 6756 6643 6754
f 6754 6863 6756
f 6525 6643 6645
f 6643 6756 6645
f 6644 6524 6526
f 6644 6526 6757
f 6755 6644 6864
f 6864 6644 6757
f 6758 6645 6756
f 6756 6865 6758
f 6527 6645 6647
f 6645 6758 6647
f 6646 6757 6526
f 6646 6526 6528
f 6646 6528 6759
f 6646 6759 6757
f 6866 6757 6759
f 6647 6758 6760
f 6867 6760 6758
f 6529 6647 6649
f 6647 6760 6649
f 6648 6759 6528
f 6648 6528 6530
f 6648 6530 6761
f 6648 6761 6759
f 6868 6759 6761
f 6763 6531 6649
f 6762 6763 6649
f 6649 6760 6762
f 6650 6761 6530
f 6650 6530 6532
f 6650 6532 6764
f 6650 6764 6761
f 6870 6761 6764
f 6651 6531 6763
f 6651 6763 6765
f 6762 6871 6763
f 6871 6765 6763
f 6533 6651 6653
f 6653 6651 6765
f 6652 6764 6532
f 6652 6532 6534
f 6652 6534 6766
f 6652 6766 6764
f 6766 6534 6654
f 6872 6764 6766
f 6535 6653 6767
f 6653 6765 6873
f 6653 6873 6767
f 6654 6534 6536
f 6656 6654 6536
f 6768 6654 6656
f 6654 6768 6874
f 6766 6654 6874
f 6655 6535 6767
f 6769 6537 6655
f 6655 6767 6876
f 6655 6876 6769
f 6538 6658 6656
f 6658 6770 6656
f 6770 6768 6656
f 6769 6657 6537
f 6771 6540 6657
f 6769 6878 6657
f 6771 6657 6878
f 6658 6541 6773
f 6658 6773 6770
f 6541 6660 6773
f 6772 6773 6660
f 6880 6770 6773
f 6772 6880 6773
f 6771 6659 6540
f 6543 6659 6774
f 6771 6881 6659
f 6774 6659 6881
f 6661 6543 6774
f 6775 6661 6774
f 6775 6774 6882
f 6544 6777 6660
f 6772 6660 6777
f 6544 6664 6777
f 6776 6777 6664
f 6772 6777 6884
f 6884 6777 6776
f 6546 6661 6662
f 6775 6662 6661
f 6662 6778 6547
f 6775 6885 6662
f 6885 6778 6662
f 6664 6549 6663
f 6776 6664 6663
f 6663 6549 6548
f 6663 6548 6780
f 6888 6776 6663
f 6888 6663 6780
f 6778 6665 6547
f 6665 6666 6551
f 6779 6666 6665
f 6778 6779 6665
f 6666 6781 6552
f 6666 6552 6551
f 6779 6889 6666
f 6889 6781 6666
f 6554 6785 6667
f 6680 6785 6554
f 6680 6554 6553
f 6680 6553 6784
f 6680 6784 6785
f 6785 6784 6892
f 6667 6780 6548
f 6785 6893 6667
f 6667 6893 6780
f 6781 6668 6552
f 6556 6668 6669
f 6782 6669 6668
f 6781 6782 6668
f 6669 6670 6557
f 6669 6786 6670
f 6669 6782 6894
f 6786 6669 6894
f 6670 6787 6558
f 6670 6558 6557
f 6786 6895 6670
f 6895 6787 6670
f 6559 6788 6672
f 6671 6788 6559
f 6671 6559 6558
f 6671 6558 6787
f 6671 6787 6788
f 6896 6788 6787
f 6560 6672 6673
f 6672 6789 6673
f 6672 6560 6559
f 6788 6897 6672
f 6789 6672 6897
f 6561 6673 6790
f 6673 6561 6560
f 6789 6898 6673
f 6790 6673 6898
f 6674 6791 6562
f 6674 6562 6561
f 6674 6561 6790
f 6674 6790 6791
f 6899 6791 6790
f 6681 6792 6563
f 6681 6563 6562
f 6681 6562 6791
f 6681 6791 6792
f 6900 6792 6791
f 6675 6793 6564
f 6675 6564 6563
f 6675 6563 6792
f 6675 6792 6793
f 6901 6793 6792
f 6676 6794 6565
f 6676 6565 6564
f 6676 6564 6793
f 6676 6793 6794
f 6902 6794 6793
f 6677 6795 6566
f 6677 6566 6565
f 6677 6565 6794
f 6677 6794 6795
f 6903 6795 6794
f 6682 6795 6796
f 6904 6796 6795
f 6797 6683 6796
f 6797 6796 6905
f 6685 6798 6799
f 6693 6807 6568
f 6693 6806 6807
f 6679 6569 6678
f 6783 6679 6678
f 6678 6569 6568
f 6678 6568 6807
f 6783 6678 6913
f 6913 6678 6807
f 6553 6679 6784
f 6784 6679 6783
f 6795 6682 6566
f 6682 6570 6566
f 6796 6683 6682
f 6683 6571 6682
f 6684 6572 6683
f 6797 6684 6683
f 6685 6684 6798
f 6685 6573 6684
f 6798 6684 6797
f 6799 6686 6685
f 6686 6574 6685
f 6686 6687 6575
f 6800 6687 6686
f 6799 6800 6686
f 6576 6687 6688
f 6687 6801 6688
f 6687 6576 6575
f 6687 6800 6801
f 6577 6688 6689
f 6688 6802 6689
f 6688 6577 6576
f 6688 6801 6802
f 6578 6689 6690
f 6689 6803 6690
f 6689 6802 6803
f 6579 6690 6691
f 6690 6804 6691
f 6690 6803 6914
f 6804 6690 6914
f 6580 6691 6692
f 6805 6692 6691
f 6804 6915 6691
f 6805 6691 6915
f 6693 6692 6806
f 6693 6567 6692
f 6805 6916 6692
f 6806 6692 6916
f 6695 6809 6808
f 6809 6917 6808
f 6808 6694 6695
f 6808 6920 6694
f 6917 7026 6808
f 6808 7026 6920
f 6696 6921 6809
f 6921 6918 6809
f 6809 6695 6696
f 6917 6809 7027
f 6918 7027 6809
f 6696 6811 6921
f 6811 6922 6921
f 6918 6921 7028
f 7028 6921 6922
f 6814 6697 6924
f 6923 6814 6924
f 6924 7029 6923
f 6698 6810 6925
f 6919 6925 6810
f 6815 6698 6925
f 6815 6697 6698
f 6815 6924 6697
f 6924 6815 6925
f 6919 7030 6925
f 6925 7030 6924
f 6920 6810 6694
f 6810 6699 6694
f 6699 6810 6698
f 6810 6920 6919
f 6696 6701 6811
f 6702 6812 6811
f 6811 6812 6922
f 6811 6701 6702
f 6702 6816 6812
f 6816 6926 6812
f 7031 6922 6812
f 6926 7031 6812
f 6813 6814 6923
f 6813 6703 6814
f 6813 6818 6703
f 6927 6818 6813
f 6927 6813 7033
f 6813 6923 7033
f 6705 6816 6702
f 6816 6819 6928
f 6705 6819 6816
f 6816 6928 6926
f 6817 6818 6927
f 6817 6706 6818
f 6706 6817 6820
f 6929 6820 6817
f 6927 7035 6817
f 7035 6929 6817
f 6709 6930 6819
f 6819 6930 6928
f 6709 6821 6930
f 6930 7036 6928
f 6824 6711 6712
f 6825 6712 6713
f 6826 6714 6933
f 6714 6826 6713
f 6715 6827 6714
f 6827 6933 6714
f 6828 6715 6716
f 6820 6718 6706
f 6718 6820 6831
f 6831 6820 6935
f 6935 6820 6929
f 6821 6709 6719
f 6936 6821 6720
f 6821 6719 6720
f 6930 6821 6931
f 6936 6931 6821
f 6832 6937 6936
f 6937 7038 6936
f 6721 6722 6835
f 6822 6938 6723
f 6836 6723 6938
f 6723 6836 6722
f 6710 6823 6822
f 6822 6823 6939
f 6822 6939 6938
f 6823 6711 6824
f 6940 6823 6824
f 6939 6823 6940
f 6825 6824 6712
f 6941 6824 6825
f 6941 7039 6824
f 6824 7039 6940
f 6825 6713 6826
f 6932 6825 6826
f 6941 6825 7040
f 6932 7040 6825
f 6932 6826 7041
f 7041 6826 6933
f 6827 6715 6828
f 6934 6827 6828
f 7042 6933 6827
f 6934 7042 6827
f 6829 6828 6716
f 6942 6828 6829
f 6934 6828 7043
f 6828 6942 7043
f 6717 6830 6829
f 6943 6829 6830
f 6942 6829 6943
f 6830 6724 6944
f 6830 6944 6943
f 6837 6724 6725
f 6837 6944 6724
f 6840 6727 6831
f 6946 6840 6831
f 6946 6831 6935
f 6936 6720 6832
f 6729 6833 6832
f 6832 6833 6937
f 6833 6730 6947
f 6833 7045 6937
f 6833 6947 7045
f 6841 6731 6948
f 6731 6841 6730
f 6730 6841 6947
f 6841 6948 6947
f 6732 6842 6731
f 6733 6843 6732
f 6734 6844 6733
f 6735 6845 6734
f 6848 6737 6738
f 6739 6849 6738
f 6721 6835 6834
f 6835 6949 6834
f 6834 6850 6739
f 6834 6949 6850
f 6835 6722 6836
f 6950 6835 6836
f 6835 6950 6949
f 6950 6836 7047
f 7047 6836 6938
f 6938 6939 7048
f 6943 6944 7051
f 6838 6837 6725
f 6945 6837 6838
f 7052 6944 6837
f 6945 7052 6837
f 6726 6839 6838
f 6951 6838 6839
f 6945 6838 7053
f 6951 7053 6838
f 6839 6740 6952
f 6951 6839 6952
f 6741 6851 6740
f 6740 6851 6952
f 6840 6743 6727
f 6853 6743 6840
f 6953 6853 6840
f 6840 6946 6953
f 6948 6731 6842
f 6947 6948 7055
f 6842 6732 6843
f 6954 6842 6843
f 6948 6842 7056
f 6842 6954 7056
f 6843 6733 6844
f 6955 6843 6844
f 6843 6955 6954
f 6844 6734 6845
f 6956 6844 6845
f 6844 6956 6955
f 6845 6735 6846
f 6957 6845 6846
f 6845 6957 6956
f 6846 6736 6847
f 6958 6846 6847
f 6846 6958 6957
f 6848 6847 6737
f 6959 6847 6848
f 6847 6959 6958
f 6848 6738 6849
f 6960 6848 6849
f 6848 6960 6959
f 6849 6739 6850
f 6961 6849 6850
f 6849 6961 6960
f 6961 6850 7057
f 7057 6850 6949
f 6852 6851 6741
f 6962 6851 6852
f 7060 6952 6851
f 6962 7060 6851
f 6742 6745 6852
f 6745 6963 6852
f 6963 6962 6852
f 6746 6855 6745
f 6963 6745 6855
f 6854 6743 6853
f 6964 6854 6853
f 7061 6853 6953
f 6853 7061 6964
f 6747 6854 6856
f 6854 6964 6856
f 6746 6748 6855
f 6966 6855 6748
f 6963 6855 6965
f 6966 6965 6855
f 6857 6966 6748
f 6968 6856 6964
f 6967 6858 6968
f 6964 7070 6968
f 6967 6968 7070
f 6750 6856 6859
f 6856 6968 6859
f 6969 6966 6857
f 6969 7071 6966
f 6857 6751 6860
f 6969 6857 6860
f 6968 6858 6859
f 6858 6752 6859
f 6752 6858 6861
f 6861 6858 6970
f 6858 6967 6970
f 6860 6751 6753
f 6860 6753 6971
f 6860 7074 6969
f 6860 6971 7074
f 6862 6971 6753
f 6861 6970 6972
f 6970 7075 6972
f 6861 6754 6752
f 6754 6861 6863
f 6861 6972 6863
f 6862 6973 6971
f 7076 6971 6973
f 6755 6864 6862
f 6864 6973 6862
f 6974 6863 6972
f 6972 7077 6974
f 6756 6863 6865
f 6863 6974 6865
f 6864 6975 6973
f 7078 6973 6975
f 6757 6866 6864
f 6866 6975 6864
f 6976 6865 6974
f 6974 7079 6976
f 6758 6865 6867
f 6865 6976 6867
f 6866 6977 6975
f 7080 6975 6977
f 6759 6868 6866
f 6868 6977 6866
f 6867 6869 6760
f 6978 6869 6867
f 6867 6976 6978
f 6868 6979 6977
f 7082 6977 6979
f 6761 6870 6868
f 6870 6979 6868
f 6869 6762 6760
f 6980 6762 6869
f 6869 6978 7083
f 6980 6869 7083
f 6762 6980 6871
f 6870 6981 6979
f 7084 6979 6981
f 6764 6872 6870
f 6872 6981 6870
f 6982 6871 6980
f 7085 6982 6980
f 6871 6983 6765
f 6982 6983 6871
f 6872 6984 6981
f 7086 6981 6984
f 6766 6874 6872
f 6874 6984 6872
f 6873 6765 6983
f 6873 6983 6985
f 6982 7087 6983
f 7087 6985 6983
f 6873 6875 6767
f 6873 6985 6875
f 6874 6768 6987
f 6874 6987 6984
f 6987 6768 6877
f 6986 6987 6877
f 7089 6984 6987
f 6986 7089 6987
f 6875 6876 6767
f 6988 6876 6875
f 6985 7090 6875
f 7090 6988 6875
f 6876 6989 6769
f 6989 6876 6988
f 6877 6768 6770
f 6877 6770 6880
f 6877 6880 6990
f 6877 6990 6986
f 6878 6769 6989
f 6878 6991 6771
f 6989 7093 6878
f 6878 7093 6991
f 6881 6771 6991
f 6881 6991 6992
f 6772 6879 6880
f 6880 6879 6990
f 6772 6884 6879
f 6884 6993 6879
f 7095 6990 6879
f 7095 6879 6993
f 6992 6882 6881
f 6774 6881 6882
f 6991 7096 6992
f 6882 6994 6775
f 6882 6992 7097
f 6882 7097 6994
f 6885 6994 6995
f 6884 6776 6883
f 6884 6883 6993
f 6888 6883 6776
f 6888 6996 6883
f 7100 6993 6883
f 7100 6883 6996
f 6994 6885 6775
f 6885 6886 6778
f 6885 6995 6886
f 6886 6997 6779
f 6886 6779 6778
f 6886 6995 7101
f 6886 7101 6997
f 6998 6889 6997
f 6998 6997 7102
f 6888 6780 6887
f 6888 6887 6996
f 6893 6887 6780
f 6893 7000 6887
f 7105 6996 6887
f 7105 6887 7000
f 6997 6889 6779
f 6889 6890 6781
f 6998 6890 6889
f 6782 6890 7001
f 6890 6782 6781
f 6890 6998 7106
f 7001 6890 7106
f 6894 6782 7001
f 6894 7001 7002
f 7107 7002 7001
f 6895 7002 7003
f 6896 7003 7004
f 6897 7004 7005
f 6898 7005 7006
f 6899 7006 7007
f 6900 7007 7008
f 6901 7008 7009
f 7114 7009 7008
f 6902 7009 7010
f 7115 7010 7009
f 6903 7010 7011
f 7116 7011 7010
f 6904 7011 7012
f 7117 7012 7011
f 6784 6891 6892
f 6891 6999 6892
f 6891 6784 6783
f 6891 6783 7020
f 6999 6891 7125
f 7125 6891 7020
f 6892 7000 6893
f 6785 6892 6893
f 6892 6999 7000
f 7002 6895 6894
f 6895 6786 6894
f 6896 6895 7003
f 6896 6787 6895
f 6897 6896 7004
f 6897 6788 6896
f 6898 6897 7005
f 6898 6789 6897
f 6899 6898 7006
f 6899 6790 6898
f 6900 6899 7007
f 6900 6791 6899
f 7008 6901 6900
f 6901 6792 6900
f 7009 6902 6901
f 6902 6793 6901
f 7010 6903 6902
f 6903 6794 6902
f 7011 6904 6903
f 6904 6795 6903
f 7012 6905 6904
f 6796 6904 6905
f 6797 6905 6906
f 6905 7013 6906
f 7012 7013 6905
f 6798 6906 6907
f 6906 7014 6907
f 6906 6798 6797
f 6906 7013 7014
f 6907 6908 6799
f 6907 7015 6908
f 6907 6799 6798
f 6907 7014 7015
f 6800 6908 6909
f 6908 7016 6909
f 6908 6800 6799
f 6908 7015 7016
f 6801 6909 6910
f 6909 7017 6910
f 6909 6801 6800
f 6909 7016 7017
f 6802 6910 6911
f 6910 7018 6911
f 6910 6802 6801
f 6910 7017 7018
f 6911 7021 6803
f 6911 6803 6802
f 6911 7018 7126
f 6911 7126 7021
f 6914 6803 7021
f 6914 7021 7022
f 7127 7022 7021
f 6915 7022 7023
f 7128 7023 7022
f 6806 7024 6912
f 6916 7024 6806
f 6916 7023 7024
f 7129 7024 7023
f 6913 6807 6912
f 7019 6913 6912
f 6912 6807 6806
f 7024 7130 6912
f 6912 7130 7019
f 7020 6783 6913
f 7019 7020 6913
f 7022 6915 6914
f 6915 6804 6914
f 7023 6916 6915
f 6916 6805 6915
f 7027 7133 7132
f 6920 7026 7025
f 7131 7025 7026
f 7025 6919 6920
f 7025 7135 6919
f 7131 7236 7025
f 7236 7135 7025
f 7026 7027 7132
f 7026 6917 7027
f 7131 7026 7132
f 7027 7028 7133
f 7027 6918 7028
f 7028 6922 7136
f 7133 7028 7238
f 7028 7136 7238
f 7031 7136 6922
f 7029 7138 6923
f 7138 7033 6923
f 7033 7138 7137
f 7239 7137 7138
f 6924 7030 7029
f 7030 7134 7029
f 7138 7029 7240
f 7134 7240 7029
f 7030 6919 7135
f 7134 7030 7241
f 7030 7135 7241
f 7139 7031 6926
f 7136 7031 7242
f 7031 7139 7242
f 7032 7033 7137
f 7032 6927 7033
f 7032 7035 6927
f 7140 7035 7032
f 7137 7243 7032
f 7243 7140 7032
f 7034 7139 6926
f 7034 6926 6928
f 7034 6928 7141
f 7034 7141 7139
f 7036 7141 6928
f 7141 7244 7139
f 7035 7142 6929
f 7142 7035 7140
f 7143 7036 6931
f 6930 6931 7036
f 7141 7036 7246
f 7143 7246 7036
f 7037 6929 7142
f 7037 6935 6929
f 7037 7144 6935
f 7144 7037 7142
f 7247 7144 7142
f 7143 6931 7038
f 6936 7038 6931
f 6937 7145 7038
f 7143 7038 7248
f 7145 7248 7038
f 7045 7145 6937
f 7045 7146 7145
f 7146 7249 7145
f 7049 6940 7147
f 6940 7049 6939
f 6941 7040 7039
f 7040 7148 7039
f 7039 7147 6940
f 7039 7148 7147
f 6932 7041 7040
f 7041 7149 7040
f 7040 7149 7148
f 6933 7042 7041
f 7042 7150 7041
f 7041 7150 7149
f 6934 7043 7042
f 7043 7151 7042
f 7042 7151 7150
f 7043 6942 7152
f 7043 7152 7151
f 6943 7050 6942
f 7050 7152 6942
f 7044 6935 7144
f 7044 6946 6935
f 7044 7154 6946
f 7154 7044 7144
f 7144 7250 7154
f 7045 6947 7046
f 7045 7046 7146
f 6947 7055 7046
f 7055 7155 7046
f 7251 7146 7046
f 7155 7251 7046
f 7047 7156 6950
f 7156 7058 6950
f 7058 6949 6950
f 6938 7048 7047
f 7047 7048 7157
f 7047 7157 7156
f 7048 6939 7049
f 7158 7048 7049
f 7048 7158 7157
f 7158 7049 7252
f 7252 7049 7147
f 7253 7147 7148
f 7254 7148 7149
f 7151 7256 7150
f 7257 7151 7152
f 7050 6943 7051
f 7153 7050 7051
f 7258 7152 7050
f 7153 7258 7050
f 6944 7052 7051
f 7159 7051 7052
f 7153 7051 7259
f 7051 7159 7259
f 6945 7053 7052
f 7052 7053 7160
f 7159 7052 7160
f 6951 7161 7053
f 7053 7161 7160
f 6952 7059 6951
f 7059 7161 6951
f 7054 6946 7154
f 7054 6953 6946
f 7054 7162 6953
f 7162 7054 7154
f 7056 7155 7055
f 6948 7056 7055
f 7056 6954 7163
f 7261 7155 7056
f 7163 7261 7056
f 6955 7062 6954
f 6956 7063 6955
f 7064 6957 7164
f 6957 7064 6956
f 7065 6958 7165
f 6958 7065 6957
f 7065 7164 6957
f 7065 7165 7164
f 6959 7066 6958
f 6960 7067 6959
f 6961 7068 6960
f 7057 6949 7058
f 7057 7058 7167
f 6961 7057 7166
f 7057 7167 7166
f 7156 7168 7058
f 7058 7168 7167
f 7262 7156 7157
f 7265 7160 7161
f 7060 7059 6952
f 7169 7059 7060
f 7266 7161 7059
f 7266 7059 7169
f 6962 7170 7060
f 7169 7060 7170
f 6963 7069 6962
f 7061 6953 7162
f 7061 7162 7171
f 6964 7061 7070
f 7070 7061 7171
f 7163 6954 7062
f 7062 6955 7063
f 7173 7062 7063
f 7163 7062 7172
f 7062 7173 7172
f 7063 6956 7064
f 7174 7063 7064
f 7063 7174 7173
f 7269 7174 7064
f 7269 7064 7164
f 7165 6958 7066
f 7270 7164 7165
f 7066 6959 7067
f 7175 7066 7067
f 7165 7066 7271
f 7066 7175 7271
f 7067 6960 7068
f 7176 7067 7068
f 7067 7176 7175
f 7068 6961 7166
f 7177 7068 7166
f 7068 7177 7176
f 7272 7177 7166
f 7272 7166 7167
f 7170 6962 7069
f 7169 7170 7276
f 6963 6965 7069
f 7179 7069 6965
f 7178 7069 7179
f 7170 7069 7178
f 6966 7071 6965
f 7071 7179 6965
f 7070 7171 7180
f 7070 7180 6967
f 7181 7179 7071
f 7178 7179 7286
f 7286 7179 7181
f 6969 7073 7071
f 7181 7071 7073
f 7072 6967 7180
f 7072 6970 6967
f 7075 6970 7072
f 7182 7075 7072
f 7180 7287 7072
f 7182 7072 7287
f 7073 6969 7074
f 7073 7074 7183
f 7073 7290 7181
f 7073 7183 7290
f 6971 7076 7074
f 7076 7183 7074
f 7077 6972 7075
f 7184 7077 7075
f 7182 7291 7075
f 7184 7075 7291
f 7076 7185 7183
f 7292 7183 7185
f 6973 7078 7076
f 7078 7185 7076
f 7079 6974 7077
f 7186 7079 7077
f 7184 7293 7077
f 7186 7077 7293
f 7078 7187 7185
f 7294 7185 7187
f 6975 7080 7078
f 7080 7187 7078
f 7079 7188 6976
f 7186 7295 7079
f 7188 7079 7295
f 7080 7189 7187
f 7296 7187 7189
f 6977 7082 7080
f 7082 7189 7080
f 7188 7081 6976
f 7081 6978 6976
f 7081 7190 6978
f 7190 7081 7188
f 7188 7297 7190
f 7082 7191 7189
f 7298 7189 7191
f 6979 7084 7082
f 7084 7191 7082
f 7083 6978 7190
f 6980 7083 7085
f 7192 7085 7083
f 7083 7190 7192
f 7084 7193 7191
f 7300 7191 7193
f 6981 7086 7084
f 7086 7193 7084
f 7085 7194 6982
f 7192 7301 7085
f 7085 7301 7194
f 7194 7087 6982
f 7086 7195 7193
f 7302 7193 7195
f 6984 7089 7086
f 7089 7195 7086
f 7196 6985 7087
f 7194 7303 7087
f 7196 7087 7303
f 6986 7088 7089
f 7089 7088 7195
f 7088 6986 7091
f 7197 7088 7091
f 7088 7197 7305
f 7088 7305 7195
f 7090 6985 7196
f 7198 6988 7090
f 7196 7307 7090
f 7198 7090 7307
f 7092 6989 6988
f 7092 6988 7198
f 7091 6986 6990
f 7091 6990 7095
f 7199 7091 7095
f 7199 7197 7091
f 7092 7093 6989
f 7200 7093 7092
f 7198 7309 7092
f 7309 7200 7092
f 7093 7201 6991
f 7201 7093 7200
f 7095 6993 7094
f 7095 7094 7199
f 7100 7094 6993
f 7100 7202 7094
f 7094 7202 7311
f 7094 7311 7199
f 7096 6991 7201
f 6992 7096 7097
f 7203 7097 7096
f 7201 7313 7096
f 7313 7203 7096
f 6994 7097 7204
f 7097 7203 7314
f 7204 7097 7314
f 7098 7205 6995
f 7098 6995 6994
f 7098 6994 7204
f 7098 7204 7205
f 7101 6995 7205
f 7101 7205 7206
f 7100 6996 7099
f 7100 7099 7202
f 7105 7099 6996
f 7105 7209 7099
f 7099 7209 7321
f 7099 7321 7202
f 7206 7102 7101
f 6997 7101 7102
f 6998 7102 7103
f 7102 7207 7103
f 7102 7206 7207
f 7106 6998 7103
f 7106 7103 7210
f 7207 7323 7103
f 7323 7210 7103
f 7114 7214 7215
f 7327 7215 7214
f 7115 7215 7216
f 7328 7216 7215
f 7116 7216 7217
f 7329 7217 7216
f 7117 7217 7218
f 7330 7218 7217
f 7118 7218 7219
f 7331 7219 7218
f 7332 7220 7219
f 7222 7223 7125
f 7222 7336 7223
f 7104 7209 7105
f 7104 7105 7000
f 7104 7000 6999
f 7223 7104 6999
f 7223 7208 7104
f 7104 7208 7209
f 7210 7107 7106
f 7107 7001 7106
f 7107 7108 7002
f 7211 7108 7107
f 7210 7211 7107
f 7003 7108 7109
f 7108 7212 7109
f 7108 7003 7002
f 7108 7211 7212
f 7004 7109 7224
f 7109 7004 7003
f 7212 7337 7109
f 7224 7109 7337
f 7110 7225 7005
f 7110 7005 7004
f 7110 7004 7224
f 7110 7224 7225
f 7338 7225 7224
f 7006 7111 7112
f 7111 7226 7112
f 7111 7006 7005
f 7111 7005 7225
f 7226 7111 7339
f 7339 7111 7225
f 7007 7112 7113
f 7112 7213 7113
f 7112 7007 7006
f 7226 7340 7112
f 7112 7340 7213
f 7214 7114 7113
f 7113 7114 7008
f 7113 7008 7007
f 7214 7113 7213
f 7215 7115 7114
f 7115 7009 7114
f 7216 7116 7115
f 7116 7010 7115
f 7217 7117 7116
f 7117 7011 7116
f 7218 7118 7117
f 7118 7012 7117
f 7013 7118 7119
f 7118 7219 7119
f 7013 7012 7118
f 7014 7119 7120
f 7119 7220 7120
f 7119 7014 7013
f 7119 7219 7220
f 7015 7120 7121
f 7120 7221 7121
f 7120 7015 7014
f 7120 7220 7221
f 7121 7227 7016
f 7121 7016 7015
f 7121 7221 7341
f 7121 7341 7227
f 7122 7228 7017
f 7122 7017 7016
f 7122 7016 7227
f 7122 7227 7228
f 7342 7228 7227
f 7123 7229 7018
f 7123 7018 7017
f 7123 7017 7228
f 7123 7228 7229
f 7343 7229 7228
f 7126 7018 7229
f 7126 7229 7230
f 7344 7230 7229
f 7127 7230 7231
f 7345 7231 7230
f 7128 7231 7232
f 7346 7232 7231
f 7129 7232 7233
f 7347 7233 7232
f 7130 7234 7019
f 7130 7233 7234
f 7348 7234 7233
f 7125 7020 7124
f 7222 7125 7124
f 7124 7020 7019
f 7124 7019 7234
f 7124 7234 7349
f 7124 7349 7222
f 7223 6999 7125
f 7230 7127 7126
f 7127 7021 7126
f 7231 7128 7127
f 7128 7022 7127
f 7232 7129 7128
f 7129 7023 7128
f 7233 7130 7129
f 7130 7024 7129
f 7237 7132 7351
f 7237 7131 7132
f 7237 7350 7131
f 7237 7351 7350
f 7235 7133 7352
f 7235 7132 7133
f 7235 7351 7132
f 7235 7352 7351
f 7238 7352 7133
f 7135 7236 7354
f 7241 7135 7354
f 7236 7131 7350
f 7354 7236 7479
f 7350 7479 7236
f 7238 7136 7355
f 7238 7482 7352
f 7238 7355 7482
f 7136 7242 7355
f 7138 7240 7239
f 7357 7239 7240
f 7239 7356 7137
f 7357 7483 7239
f 7483 7356 7239
f 7240 7134 7241
f 7353 7240 7241
f 7357 7240 7484
f 7240 7353 7484
f 7241 7354 7353
f 7242 7139 7358
f 7355 7242 7485
f 7242 7358 7485
f 7243 7137 7356
f 7243 7359 7140
f 7356 7486 7243
f 7486 7359 7243
f 7244 7358 7139
f 7141 7246 7244
f 7360 7244 7246
f 7244 7487 7358
f 7360 7487 7244
f 7245 7140 7359
f 7245 7142 7140
f 7142 7245 7361
f 7245 7359 7361
f 7246 7143 7362
f 7360 7246 7489
f 7246 7362 7489
f 7143 7248 7362
f 7248 7363 7362
f 7361 7247 7142
f 7250 7144 7247
f 7364 7250 7247
f 7364 7247 7361
f 7249 7363 7248
f 7145 7249 7248
f 7249 7146 7365
f 7363 7249 7492
f 7365 7492 7249
f 7255 7149 7150
f 7154 7250 7366
f 7366 7250 7364
f 7251 7365 7146
f 7251 7155 7367
f 7251 7494 7365
f 7367 7494 7251
f 7158 7263 7157
f 7147 7253 7252
f 7253 7369 7252
f 7158 7252 7368
f 7252 7369 7368
f 7148 7254 7253
f 7254 7370 7253
f 7253 7370 7369
f 7254 7149 7255
f 7371 7254 7255
f 7371 7370 7254
f 7150 7256 7255
f 7372 7255 7256
f 7255 7372 7371
f 7151 7257 7256
f 7373 7256 7257
f 7372 7256 7373
f 7152 7258 7257
f 7258 7374 7257
f 7257 7374 7373
f 7153 7259 7258
f 7259 7375 7258
f 7258 7375 7374
f 7259 7159 7376
f 7259 7376 7375
f 7160 7264 7159
f 7366 7260 7154
f 7154 7260 7162
f 7162 7260 7377
f 7377 7260 7366
f 7261 7367 7155
f 7261 7163 7378
f 7496 7367 7261
f 7378 7496 7261
f 7156 7262 7168
f 7273 7167 7168
f 7157 7263 7262
f 7379 7262 7263
f 7168 7262 7274
f 7262 7379 7274
f 7263 7158 7368
f 7380 7263 7368
f 7379 7263 7380
f 7497 7380 7368
f 7497 7368 7369
f 7498 7369 7370
f 7372 7373 7501
f 7502 7373 7374
f 7503 7374 7375
f 7376 7159 7264
f 7504 7375 7376
f 7265 7264 7160
f 7381 7264 7265
f 7376 7264 7505
f 7264 7381 7505
f 7161 7266 7265
f 7266 7382 7265
f 7381 7265 7382
f 7169 7275 7266
f 7382 7266 7275
f 7377 7267 7162
f 7267 7171 7162
f 7267 7383 7171
f 7383 7267 7377
f 7268 7378 7163
f 7268 7163 7172
f 7268 7172 7384
f 7268 7384 7378
f 7173 7278 7172
f 7172 7278 7384
f 7174 7279 7173
f 7164 7270 7269
f 7270 7385 7269
f 7269 7280 7174
f 7269 7385 7280
f 7165 7271 7270
f 7271 7386 7270
f 7270 7386 7385
f 7175 7281 7271
f 7386 7271 7281
f 7176 7282 7175
f 7177 7283 7176
f 7273 7272 7167
f 7387 7272 7273
f 7387 7284 7272
f 7272 7284 7177
f 7273 7168 7274
f 7388 7273 7274
f 7273 7388 7387
f 7274 7379 7389
f 7274 7389 7388
f 7390 7382 7275
f 7512 7381 7382
f 7390 7512 7382
f 7169 7276 7275
f 7276 7391 7275
f 7275 7391 7390
f 7170 7178 7276
f 7178 7285 7276
f 7276 7285 7391
f 7277 7171 7383
f 7277 7180 7171
f 7277 7287 7180
f 7392 7287 7277
f 7383 7513 7277
f 7513 7392 7277
f 7278 7173 7279
f 7393 7278 7279
f 7384 7278 7514
f 7278 7393 7514
f 7279 7174 7280
f 7394 7279 7280
f 7279 7394 7393
f 7280 7385 7395
f 7280 7395 7394
f 7396 7386 7281
f 7515 7395 7385
f 7515 7385 7386
f 7515 7386 7396
f 7515 7396 7395
f 7175 7282 7281
f 7282 7397 7281
f 7281 7397 7396
f 7176 7283 7282
f 7283 7398 7282
f 7282 7398 7397
f 7177 7284 7283
f 7283 7284 7399
f 7283 7399 7398
f 7400 7284 7387
f 7284 7400 7399
f 7516 7400 7387
f 7516 7387 7388
f 7178 7286 7285
f 7286 7403 7285
f 7521 7391 7285
f 7521 7285 7403
f 7286 7181 7289
f 7286 7289 7403
f 7182 7287 7291
f 7287 7404 7291
f 7287 7392 7522
f 7404 7287 7522
f 7527 7397 7398
f 7527 7398 7406
f 7288 7406 7398
f 7288 7398 7399
f 7288 7399 7407
f 7288 7407 7406
f 7528 7407 7399
f 7528 7399 7400
f 7289 7181 7290
f 7409 7289 7290
f 7408 7289 7409
f 7289 7408 7403
f 7183 7292 7290
f 7292 7409 7290
f 7184 7291 7293
f 7291 7410 7293
f 7291 7404 7533
f 7410 7291 7533
f 7292 7412 7409
f 7540 7408 7409
f 7540 7409 7412
f 7185 7294 7292
f 7294 7412 7292
f 7186 7293 7295
f 7293 7413 7295
f 7293 7410 7541
f 7413 7293 7541
f 7294 7414 7412
f 7546 7412 7414
f 7187 7296 7294
f 7296 7414 7294
f 7188 7295 7297
f 7415 7297 7295
f 7295 7413 7547
f 7415 7295 7547
f 7296 7416 7414
f 7549 7414 7416
f 7189 7298 7296
f 7298 7416 7296
f 7190 7297 7417
f 7415 7550 7297
f 7297 7550 7417
f 7298 7418 7416
f 7552 7416 7418
f 7191 7300 7298
f 7300 7418 7298
f 7417 7299 7190
f 7299 7192 7190
f 7299 7419 7192
f 7299 7417 7419
f 7301 7192 7419
f 7300 7421 7418
f 7555 7418 7421
f 7193 7302 7300
f 7302 7421 7300
f 7194 7301 7422
f 7419 7556 7301
f 7301 7556 7422
f 7302 7424 7421
f 7423 7424 7304
f 7559 7421 7424
f 7559 7424 7423
f 7195 7305 7302
f 7305 7424 7302
f 7422 7303 7194
f 7306 7196 7303
f 7425 7306 7303
f 7303 7422 7425
f 7424 7305 7304
f 7304 7305 7197
f 7197 7308 7304
f 7308 7426 7304
f 7304 7426 7423
f 7306 7307 7196
f 7306 7427 7307
f 7425 7565 7306
f 7565 7427 7306
f 7307 7428 7198
f 7307 7427 7428
f 7308 7432 7426
f 7431 7432 7310
f 7571 7426 7432
f 7571 7432 7431
f 7197 7199 7308
f 7199 7311 7308
f 7311 7432 7308
f 7428 7309 7198
f 7427 7572 7428
f 7309 7433 7200
f 7428 7573 7309
f 7433 7309 7573
f 7312 7434 7201
f 7312 7201 7200
f 7312 7200 7433
f 7312 7433 7434
f 7576 7437 7436
f 7442 7431 7310
f 7441 7442 7320
f 7582 7431 7442
f 7582 7442 7441
f 7432 7311 7310
f 7310 7311 7202
f 7310 7202 7321
f 7442 7310 7321
f 7434 7313 7201
f 7433 7583 7434
f 7203 7313 7314
f 7443 7314 7313
f 7434 7584 7313
f 7443 7313 7584
f 7314 7444 7204
f 7314 7443 7585
f 7314 7585 7444
f 7315 7445 7205
f 7315 7205 7204
f 7315 7204 7444
f 7315 7444 7445
f 7316 7446 7206
f 7316 7206 7205
f 7316 7205 7445
f 7316 7445 7446
f 7322 7447 7207
f 7322 7207 7206
f 7322 7206 7446
f 7322 7446 7447
f 7323 7447 7448
f 7453 7435 7317
f 7327 7452 7453
f 7593 7435 7453
f 7593 7453 7452
f 7454 7317 7318
f 7317 7436 7318
f 7454 7328 7317
f 7453 7317 7328
f 7317 7435 7436
f 7455 7318 7319
f 7318 7437 7319
f 7455 7329 7318
f 7454 7318 7329
f 7318 7436 7437
f 7455 7319 7330
f 7330 7319 7456
f 7319 7437 7438
f 7319 7438 7456
f 7331 7456 7457
f 7594 7456 7438
f 7594 7438 7439
f 7594 7439 7457
f 7594 7457 7456
f 7332 7457 7458
f 7595 7457 7439
f 7595 7458 7457
f 7333 7458 7459
f 7596 7459 7458
f 7208 7464 7320
f 7464 7441 7320
f 7208 7336 7464
f 7336 7463 7464
f 7603 7441 7464
f 7603 7464 7463
f 7442 7321 7320
f 7209 7320 7321
f 7209 7208 7320
f 7447 7323 7207
f 7448 7324 7323
f 7210 7323 7324
f 7211 7324 7325
f 7324 7449 7325
f 7210 7324 7211
f 7448 7449 7324
f 7465 7212 7325
f 7325 7212 7211
f 7325 7449 7450
f 7465 7325 7450
f 7337 7465 7466
f 7604 7466 7465
f 7338 7466 7467
f 7605 7467 7466
f 7339 7467 7468
f 7606 7468 7467
f 7213 7469 7326
f 7340 7469 7213
f 7340 7468 7469
f 7607 7469 7468
f 7326 7452 7327
f 7326 7327 7214
f 7326 7214 7213
f 7469 7451 7326
f 7326 7451 7452
f 7453 7328 7327
f 7328 7215 7327
f 7454 7329 7328
f 7329 7216 7328
f 7455 7330 7329
f 7330 7217 7329
f 7456 7331 7330
f 7331 7218 7330
f 7457 7332 7331
f 7332 7219 7331
f 7458 7333 7332
f 7332 7333 7220
f 7221 7333 7334
f 7333 7459 7334
f 7333 7221 7220
f 7334 7460 7470
f 7470 7341 7334
f 7334 7341 7221
f 7334 7459 7460
f 7342 7470 7471
f 7608 7470 7460
f 7608 7471 7470
f 7343 7471 7472
f 7609 7472 7471
f 7344 7472 7473
f 7610 7473 7472
f 7345 7473 7474
f 7611 7474 7473
f 7346 7474 7475
f 7612 7475 7474
f 7347 7475 7476
f 7613 7476 7475
f 7348 7476 7477
f 7614 7462 7477
f 7614 7477 7476
f 7222 7335 7336
f 7336 7335 7463
f 7335 7222 7349
f 7335 7349 7477
f 7335 7477 7462
f 7335 7462 7463
f 7208 7223 7336
f 7465 7337 7212
f 7466 7338 7337
f 7338 7224 7337
f 7467 7339 7338
f 7339 7225 7338
f 7468 7340 7339
f 7340 7226 7339
f 7470 7342 7341
f 7342 7227 7341
f 7471 7343 7342
f 7343 7228 7342
f 7472 7344 7343
f 7344 7229 7343
f 7473 7345 7344
f 7345 7230 7344
f 7474 7346 7345
f 7346 7231 7345
f 7475 7347 7346
f 7347 7232 7346
f 7476 7348 7347
f 7348 7233 7347
f 7477 7349 7348
f 7349 7234 7348
f 7480 7351 7617
f 7480 7350 7351
f 7480 7616 7350
f 7480 7617 7616
f 7481 7352 7618
f 7481 7351 7352
f 7481 7617 7351
f 7481 7618 7617
f 7353 7478 7619
f 7353 7619 7484
f 7354 7479 7478
f 7615 7478 7479
f 7354 7478 7353
f 7619 7478 7767
f 7615 7767 7478
f 7616 7479 7350
f 7615 7479 7616
f 7482 7618 7352
f 7618 7770 7617
f 7482 7355 7620
f 7618 7482 7771
f 7482 7620 7771
f 7355 7485 7620
f 7357 7484 7483
f 7622 7483 7484
f 7483 7621 7356
f 7622 7621 7483
f 7622 7484 7773
f 7484 7619 7773
f 7485 7358 7623
f 7485 7774 7620
f 7485 7623 7774
f 7486 7356 7621
f 7486 7488 7359
f 7624 7488 7486
f 7621 7624 7486
f 7487 7623 7358
f 7360 7489 7487
f 7625 7487 7489
f 7625 7623 7487
f 7488 7361 7359
f 7488 7626 7361
f 7488 7777 7626
f 7488 7624 7777
f 7489 7362 7627
f 7625 7489 7778
f 7489 7627 7778
f 7490 7363 7628
f 7490 7362 7363
f 7362 7490 7627
f 7490 7628 7627
f 7491 7361 7626
f 7361 7491 7364
f 7364 7491 7629
f 7491 7626 7629
f 7363 7492 7628
f 7492 7365 7630
f 7628 7492 7781
f 7630 7781 7492
f 7629 7493 7364
f 7364 7493 7366
f 7366 7493 7631
f 7631 7493 7629
f 7365 7494 7630
f 7494 7367 7632
f 7783 7630 7494
f 7632 7783 7494
f 7499 7370 7371
f 7372 7500 7371
f 7631 7495 7366
f 7366 7495 7377
f 7377 7495 7633
f 7633 7495 7631
f 7496 7632 7367
f 7496 7378 7634
f 7785 7632 7496
f 7634 7785 7496
f 7508 7379 7380
f 7369 7498 7497
f 7498 7635 7497
f 7635 7509 7497
f 7497 7509 7380
f 7370 7499 7498
f 7499 7636 7498
f 7498 7636 7635
f 7371 7500 7499
f 7500 7637 7499
f 7499 7637 7636
f 7372 7501 7500
f 7501 7638 7500
f 7500 7638 7637
f 7373 7502 7501
f 7502 7639 7501
f 7501 7639 7638
f 7374 7503 7502
f 7503 7640 7502
f 7502 7640 7639
f 7375 7504 7503
f 7504 7641 7503
f 7503 7641 7640
f 7376 7505 7504
f 7505 7642 7504
f 7504 7642 7641
f 7381 7511 7505
f 7642 7505 7511
f 7633 7506 7377
f 7377 7506 7383
f 7383 7506 7643
f 7643 7506 7633
f 7643 7513 7383
f 7507 7634 7378
f 7507 7378 7384
f 7507 7384 7644
f 7507 7644 7634
f 7384 7514 7644
f 7379 7508 7389
f 7389 7517 7388
f 7380 7509 7508
f 7508 7509 7645
f 7389 7508 7518
f 7508 7645 7518
f 7646 7509 7635
f 7509 7646 7645
f 7510 7646 7635
f 7510 7635 7636
f 7510 7636 7647
f 7510 7647 7646
f 7788 7636 7637
f 7789 7637 7638
f 7790 7638 7639
f 7791 7639 7640
f 7792 7640 7641
f 7648 7642 7511
f 7793 7641 7642
f 7793 7642 7648
f 7512 7511 7381
f 7512 7649 7511
f 7511 7649 7648
f 7390 7519 7512
f 7512 7519 7649
f 7391 7520 7390
f 7392 7513 7522
f 7650 7522 7513
f 7643 7794 7513
f 7794 7650 7513
f 7514 7393 7651
f 7644 7514 7795
f 7651 7795 7514
f 7394 7523 7393
f 7395 7524 7394
f 7396 7525 7395
f 7397 7526 7396
f 7517 7516 7388
f 7517 7401 7516
f 7401 7529 7516
f 7516 7529 7400
f 7389 7518 7517
f 7517 7518 7652
f 7401 7517 7530
f 7517 7652 7530
f 7518 7645 7653
f 7518 7653 7652
f 7796 7645 7646
f 7390 7520 7519
f 7520 7655 7519
f 7805 7649 7519
f 7805 7519 7655
f 7391 7521 7520
f 7521 7402 7520
f 7402 7531 7520
f 7520 7531 7655
f 7403 7532 7521
f 7532 7402 7521
f 7404 7522 7533
f 7522 7656 7533
f 7522 7650 7806
f 7656 7522 7806
f 7393 7523 7651
f 7657 7651 7523
f 7394 7524 7523
f 7658 7523 7524
f 7658 7657 7523
f 7524 7395 7525
f 7659 7524 7525
f 7658 7524 7659
f 7396 7526 7525
f 7660 7525 7526
f 7525 7660 7659
f 7397 7527 7526
f 7527 7405 7526
f 7405 7534 7526
f 7526 7534 7660
f 7406 7535 7527
f 7405 7527 7535
f 7407 7536 7406
f 7400 7529 7528
f 7529 7661 7528
f 7661 7537 7528
f 7528 7537 7407
f 7401 7530 7529
f 7529 7530 7662
f 7661 7529 7538
f 7529 7662 7538
f 7530 7652 7663
f 7530 7663 7662
f 7402 7532 7531
f 7532 7665 7531
f 7531 7664 7655
f 7531 7665 7664
f 7403 7408 7532
f 7408 7539 7532
f 7532 7539 7665
f 7410 7533 7541
f 7533 7666 7541
f 7533 7656 7813
f 7666 7533 7813
f 7814 7657 7658
f 7815 7667 7658
f 7815 7658 7659
f 7815 7659 7668
f 7815 7668 7667
f 7816 7668 7659
f 7816 7659 7660
f 7816 7660 7669
f 7816 7669 7668
f 7534 7405 7535
f 7534 7535 7670
f 7534 7669 7660
f 7534 7670 7669
f 7406 7536 7535
f 7671 7535 7536
f 7535 7671 7670
f 7407 7537 7536
f 7672 7536 7537
f 7536 7672 7671
f 7537 7661 7538
f 7537 7538 7673
f 7672 7537 7673
f 7538 7662 7674
f 7538 7674 7673
f 7821 7664 7665
f 7821 7665 7675
f 7539 7408 7540
f 7411 7539 7540
f 7539 7411 7545
f 7675 7539 7545
f 7539 7675 7665
f 7412 7546 7540
f 7546 7411 7540
f 7413 7541 7547
f 7541 7676 7547
f 7541 7666 7822
f 7676 7541 7822
f 7542 7677 7670
f 7542 7670 7671
f 7542 7671 7678
f 7542 7678 7677
f 7543 7678 7671
f 7543 7671 7672
f 7543 7672 7679
f 7543 7679 7678
f 7544 7679 7672
f 7544 7672 7673
f 7544 7673 7680
f 7544 7680 7679
f 7827 7680 7673
f 7411 7546 7545
f 7682 7545 7546
f 7545 7682 7548
f 7681 7545 7548
f 7545 7681 7675
f 7414 7549 7546
f 7549 7682 7546
f 7415 7547 7550
f 7683 7550 7547
f 7676 7832 7547
f 7683 7547 7832
f 7836 7677 7678
f 7836 7678 7685
f 7837 7685 7678
f 7837 7678 7679
f 7837 7679 7686
f 7837 7686 7685
f 7838 7686 7679
f 7838 7679 7680
f 7682 7549 7548
f 7549 7689 7548
f 7548 7688 7681
f 7548 7689 7688
f 7416 7552 7549
f 7552 7689 7549
f 7417 7550 7690
f 7683 7844 7550
f 7550 7844 7690
f 7847 7685 7692
f 7848 7692 7685
f 7848 7685 7686
f 7848 7686 7693
f 7848 7693 7692
f 7849 7693 7686
f 7552 7696 7689
f 7695 7696 7554
f 7551 7695 7688
f 7551 7688 7689
f 7551 7689 7696
f 7551 7696 7695
f 7418 7555 7552
f 7555 7696 7552
f 7690 7553 7417
f 7553 7419 7417
f 7553 7697 7419
f 7553 7690 7697
f 7556 7419 7697
f 7697 7690 7855
f 7858 7692 7699
f 7859 7699 7692
f 7859 7692 7693
f 7859 7693 7700
f 7859 7700 7699
f 7860 7700 7693
f 7860 7701 7700
f 7696 7555 7554
f 7420 7554 7555
f 7554 7420 7558
f 7702 7554 7558
f 7554 7702 7695
f 7421 7559 7555
f 7559 7420 7555
f 7422 7556 7703
f 7697 7866 7556
f 7556 7866 7703
f 7869 7704 7698
f 7869 7698 7699
f 7869 7699 7705
f 7869 7705 7704
f 7557 7705 7699
f 7557 7699 7700
f 7557 7700 7706
f 7557 7706 7705
f 7870 7706 7700
f 7870 7700 7701
f 7870 7701 7707
f 7870 7707 7706
f 7875 7702 7709
f 7420 7559 7558
f 7558 7559 7423
f 7558 7423 7564
f 7558 7564 7709
f 7558 7709 7702
f 7703 7560 7422
f 7560 7425 7422
f 7565 7425 7560
f 7710 7565 7560
f 7560 7703 7876
f 7710 7560 7876
f 7712 7713 7566
f 7561 7712 7704
f 7561 7704 7705
f 7561 7705 7713
f 7561 7713 7712
f 7714 7567 7713
f 7562 7713 7705
f 7562 7705 7706
f 7562 7706 7714
f 7562 7714 7713
f 7568 7714 7715
f 7563 7714 7706
f 7563 7706 7707
f 7563 7707 7715
f 7563 7715 7714
f 7880 7715 7707
f 7880 7716 7715
f 7564 7719 7709
f 7718 7719 7570
f 7885 7709 7719
f 7885 7719 7718
f 7564 7423 7426
f 7564 7426 7571
f 7719 7564 7571
f 7565 7720 7427
f 7710 7886 7565
f 7886 7720 7565
f 7572 7427 7720
f 7723 7712 7566
f 7722 7723 7574
f 7890 7712 7723
f 7890 7723 7722
f 7566 7713 7567
f 7429 7566 7567
f 7429 7575 7566
f 7723 7566 7575
f 7567 7714 7568
f 7430 7567 7568
f 7430 7576 7567
f 7429 7567 7576
f 7724 7568 7569
f 7569 7568 7715
f 7724 7577 7568
f 7430 7568 7577
f 7724 7569 7578
f 7725 7578 7569
f 7569 7715 7716
f 7569 7716 7725
f 7579 7725 7726
f 7891 7725 7716
f 7891 7716 7717
f 7891 7717 7726
f 7891 7726 7725
f 7729 7718 7570
f 7728 7729 7581
f 7897 7718 7729
f 7897 7729 7728
f 7719 7571 7570
f 7570 7571 7431
f 7570 7431 7582
f 7729 7570 7582
f 7428 7572 7573
f 7721 7573 7572
f 7720 7898 7572
f 7898 7721 7572
f 7433 7573 7730
f 7573 7721 7899
f 7573 7899 7730
f 7583 7433 7730
f 7738 7739 7592
f 7905 7722 7739
f 7905 7739 7738
f 7723 7575 7574
f 7435 7574 7575
f 7574 7435 7593
f 7574 7593 7739
f 7574 7739 7722
f 7429 7576 7575
f 7575 7576 7436
f 7435 7575 7436
f 7430 7577 7576
f 7576 7577 7437
f 7724 7578 7577
f 7438 7577 7578
f 7577 7438 7437
f 7578 7725 7579
f 7439 7578 7579
f 7578 7439 7438
f 7440 7579 7580
f 7580 7579 7726
f 7440 7595 7579
f 7579 7595 7439
f 7580 7740 7596
f 7440 7580 7596
f 7580 7726 7727
f 7580 7727 7740
f 7741 7597 7740
f 7906 7740 7727
f 7906 7741 7740
f 7749 7728 7581
f 7602 7748 7749
f 7914 7728 7749
f 7914 7749 7748
f 7729 7582 7581
f 7581 7582 7441
f 7581 7441 7603
f 7749 7581 7603
f 7434 7583 7584
f 7731 7584 7583
f 7730 7915 7583
f 7915 7731 7583
f 7443 7584 7585
f 7584 7750 7585
f 7584 7731 7916
f 7750 7584 7916
f 7585 7751 7444
f 7585 7750 7751
f 7586 7752 7445
f 7586 7445 7444
f 7586 7444 7751
f 7586 7751 7752
f 7587 7753 7446
f 7587 7446 7445
f 7587 7445 7752
f 7587 7752 7753
f 7754 7589 7447
f 7588 7754 7447
f 7588 7447 7446
f 7588 7446 7753
f 7588 7753 7754
f 7920 7754 7753
f 7589 7590 7448
f 7589 7732 7590
f 7589 7448 7447
f 7754 7921 7589
f 7732 7589 7921
f 7449 7590 7591
f 7590 7733 7591
f 7590 7449 7448
f 7732 7922 7590
f 7590 7922 7733
f 7591 7734 7755
f 7755 7450 7591
f 7591 7450 7449
f 7591 7733 7734
f 7604 7755 7756
f 7923 7755 7734
f 7923 7756 7755
f 7605 7756 7757
f 7924 7757 7756
f 7606 7757 7758
f 7925 7758 7757
f 7759 7738 7592
f 7607 7758 7759
f 7926 7758 7737
f 7926 7737 7738
f 7926 7738 7759
f 7926 7759 7758
f 7739 7593 7592
f 7592 7593 7452
f 7592 7452 7451
f 7759 7592 7451
f 7440 7596 7595
f 7596 7458 7595
f 7740 7597 7596
f 7597 7459 7596
f 7460 7597 7598
f 7741 7598 7597
f 7460 7459 7597
f 7608 7460 7598
f 7608 7598 7760
f 7598 7741 7742
f 7598 7742 7760
f 7609 7760 7761
f 7927 7761 7760
f 7461 7762 7599
f 7762 7744 7599
f 7461 7610 7762
f 7610 7761 7762
f 7928 7744 7762
f 7928 7762 7761
f 7599 7745 7763
f 7763 7611 7599
f 7461 7599 7611
f 7599 7744 7745
f 7612 7763 7764
f 7929 7763 7745
f 7929 7745 7746
f 7929 7746 7764
f 7929 7764 7763
f 7765 7600 7601
f 7600 7747 7601
f 7765 7613 7600
f 7613 7764 7600
f 7600 7764 7746
f 7600 7746 7747
f 7462 7601 7602
f 7602 7601 7748
f 7601 7462 7614
f 7765 7601 7614
f 7601 7747 7748
f 7749 7603 7602
f 7602 7603 7463
f 7462 7602 7463
f 7755 7604 7450
f 7604 7465 7450
f 7756 7605 7604
f 7605 7466 7604
f 7757 7606 7605
f 7606 7467 7605
f 7758 7607 7606
f 7607 7468 7606
f 7759 7451 7607
f 7451 7469 7607
f 7760 7609 7608
f 7609 7471 7608
f 7761 7610 7609
f 7610 7472 7609
f 7461 7611 7610
f 7611 7473 7610
f 7763 7612 7611
f 7612 7474 7611
f 7764 7613 7612
f 7613 7475 7612
f 7765 7614 7613
f 7614 7476 7613
f 7768 7616 7931
f 7768 7615 7616
f 7768 7930 7615
f 7768 7931 7930
f 7769 7617 7932
f 7769 7616 7617
f 7769 7931 7616
f 7769 7932 7931
f 7619 7767 7934
f 7934 7766 7619
f 7766 7773 7619
f 7766 7933 7773
f 7766 7934 7933
f 7767 7615 7930
f 7934 7767 8087
f 8087 7767 7930
f 7770 7932 7617
f 7932 8089 7931
f 7618 7771 7770
f 7770 7771 7935
f 7932 7770 8090
f 7935 8090 7770
f 7771 7620 7936
f 7771 7936 7935
f 7772 7773 7933
f 7772 7622 7773
f 7622 7772 7937
f 7772 7933 7937
f 7937 7775 7622
f 7621 7622 7775
f 7774 7936 7620
f 7938 7936 7774
f 7935 7936 8092
f 7936 7938 8092
f 7774 7623 7776
f 7938 7774 7776
f 7621 7775 7624
f 7624 7775 7939
f 7939 7777 7624
f 7939 7775 8093
f 7775 7937 8093
f 7776 7623 7625
f 7776 7625 7940
f 7938 7776 8094
f 8094 7776 7940
f 7625 7778 7940
f 7777 7779 7626
f 7777 7941 7779
f 7777 7939 8095
f 7941 7777 8095
f 7778 7627 7942
f 7778 8096 7940
f 7778 7942 8096
f 7780 7627 7628
f 7780 7942 7627
f 7779 7629 7626
f 7779 7943 7629
f 8097 7943 7779
f 7941 8097 7779
f 7781 7780 7628
f 7944 7780 7781
f 8099 7942 7780
f 7944 8099 7780
f 7781 7630 7945
f 7944 7781 7945
f 7782 7629 7943
f 7629 7782 7631
f 7782 7946 7631
f 7782 7943 7946
f 7943 8100 7946
f 7783 7945 7630
f 7944 7945 8101
f 7783 7632 7948
f 7947 7945 7783
f 7948 7947 7783
f 7784 7631 7946
f 7631 7784 7633
f 7784 7949 7633
f 7784 7946 7949
f 7946 8102 7949
f 7785 7948 7632
f 7785 7634 7787
f 7950 7785 7787
f 7950 7948 7785
f 7786 7633 7949
f 7633 7786 7643
f 7643 7786 7951
f 7786 7949 7951
f 7794 7643 7951
f 7787 7634 7644
f 7787 7644 7952
f 7950 7787 8105
f 7787 7952 8105
f 7644 7795 7952
f 7636 7788 7647
f 7647 7797 7646
f 7637 7789 7788
f 7789 7953 7788
f 7953 7798 7788
f 7647 7788 7798
f 7638 7790 7789
f 7790 7954 7789
f 7789 7954 7953
f 7639 7791 7790
f 7791 7955 7790
f 7790 7955 7954
f 7640 7792 7791
f 7792 7956 7791
f 7956 7801 7791
f 7791 7801 7955
f 7641 7793 7792
f 7793 7957 7792
f 7957 7802 7792
f 7956 7792 7802
f 7648 7803 7793
f 7957 7793 7803
f 7804 7648 7649
f 7650 7794 7806
f 7958 7806 7794
f 7958 7794 7951
f 7795 7651 7807
f 7959 7795 7807
f 7952 7795 8107
f 7959 8107 7795
f 7645 7796 7653
f 7808 7652 7653
f 7646 7797 7796
f 7960 7796 7797
f 7960 7809 7796
f 7653 7796 7809
f 7797 7647 7798
f 7797 7798 7961
f 7960 7797 7961
f 7962 7798 7953
f 7798 7962 7961
f 7799 7962 7953
f 7799 7953 7954
f 7799 7954 7963
f 7799 7963 7962
f 7800 7963 7954
f 7800 7954 7955
f 7800 7955 7964
f 7800 7964 7963
f 7801 7956 7802
f 7965 7801 7802
f 7801 7964 7955
f 7801 7965 7964
f 7802 7957 7803
f 7966 7802 7803
f 7802 7966 7965
f 7648 7804 7803
f 7804 7967 7803
f 7803 7967 7966
f 7805 7804 7649
f 7805 7654 7804
f 7654 7811 7804
f 7804 7811 7967
f 7655 7812 7805
f 7812 7654 7805
f 7656 7806 7813
f 7806 7968 7813
f 7958 8108 7806
f 7968 7806 8108
f 7807 7651 7657
f 7807 7657 7969
f 7959 7807 8109
f 7969 8109 7807
f 7652 7808 7663
f 7817 7662 7663
f 7653 7809 7808
f 7970 7808 7809
f 7970 7818 7808
f 7663 7808 7818
f 7971 7809 7960
f 7809 7971 7970
f 7810 7971 7960
f 7810 7960 7961
f 7810 7961 7972
f 7810 7972 7971
f 8110 7972 7961
f 8110 7961 7962
f 8111 7962 7963
f 8112 7963 7964
f 8113 7964 7965
f 8114 7965 7966
f 8115 7977 7966
f 8115 7966 7967
f 8115 7967 7978
f 8115 7978 7977
f 7654 7812 7811
f 7812 7979 7811
f 7811 7978 7967
f 7811 7979 7978
f 7655 7664 7812
f 7664 7820 7812
f 7979 7812 7820
f 7666 7813 7822
f 7813 7980 7822
f 7968 8116 7813
f 7980 7813 8116
f 7814 7969 7657
f 7814 7981 7969
f 7658 7667 7814
f 7667 7823 7814
f 7814 7823 7981
f 7668 7824 7667
f 7669 7825 7668
f 7670 7826 7669
f 7662 7817 7674
f 7827 7673 7674
f 7663 7818 7817
f 7982 7817 7818
f 7982 7828 7817
f 7674 7817 7828
f 7818 7970 7983
f 7982 7818 7983
f 7819 7983 7970
f 7819 7970 7971
f 7819 7971 7984
f 7819 7984 7983
f 8118 7984 7971
f 8118 7971 7972
f 7987 7979 7820
f 8125 7986 7978
f 8125 7978 7979
f 8125 7979 7987
f 8125 7987 7986
f 7820 7664 7821
f 7988 7820 7821
f 7820 7988 7830
f 7987 7820 7830
f 7831 7821 7675
f 7831 7988 7821
f 7676 7822 7832
f 7989 7832 7822
f 7980 8126 7822
f 7989 7822 8126
f 7823 7667 7824
f 7823 7824 7990
f 7823 8127 7981
f 7823 7990 8127
f 7668 7825 7824
f 7991 7824 7825
f 7824 7991 7833
f 7990 7824 7833
f 7669 7826 7825
f 7826 7992 7825
f 7992 7834 7825
f 7991 7825 7834
f 7670 7677 7826
f 7677 7835 7826
f 7835 7992 7826
f 7674 7828 7827
f 7993 7827 7828
f 7993 7839 7827
f 7827 7839 7680
f 7994 7828 7982
f 7993 7828 7840
f 7840 7828 7994
f 7829 7994 7982
f 7829 7982 7983
f 7829 7983 7995
f 7829 7995 7994
f 8128 7995 7983
f 8128 7983 7984
f 8136 7987 7999
f 7988 7831 7830
f 7831 8000 7830
f 7830 7999 7987
f 7830 8000 7999
f 7681 7831 7675
f 7681 7843 7831
f 7843 8000 7831
f 7844 7832 8001
f 7844 7683 7832
f 7989 8137 7832
f 8001 7832 8137
f 8138 7990 8002
f 7833 7991 7834
f 7833 7834 8003
f 7833 8002 7990
f 7833 8003 8002
f 7992 7835 7834
f 8004 7834 7835
f 7834 8004 8003
f 7836 7835 7677
f 7836 7684 7835
f 7684 7846 7835
f 8004 7835 7846
f 7847 7836 7685
f 7847 7684 7836
f 7680 7839 7838
f 7839 7687 7838
f 7687 7849 7838
f 7838 7849 7686
f 7993 7840 7839
f 8005 7839 7840
f 8005 7850 7839
f 7687 7839 7850
f 8005 7840 7851
f 7851 7840 8006
f 7840 7994 8006
f 7841 8006 7994
f 7841 7994 7995
f 7841 7995 8007
f 7841 8007 8006
f 8139 8007 7995
f 8147 7999 8009
f 7843 8010 8000
f 7842 8009 7999
f 7842 7999 8000
f 7842 8000 8010
f 7842 8010 8009
f 7688 7843 7681
f 7688 7854 7843
f 7854 8010 7843
f 7844 8011 7690
f 7844 8001 8011
f 8150 8012 8002
f 8150 8002 8003
f 8150 8003 8013
f 8150 8013 8012
f 8004 7846 8014
f 7845 8013 8003
f 7845 8003 8004
f 7845 8004 8014
f 7845 8014 8013
f 7684 7847 7846
f 7691 7846 7847
f 7846 7691 7857
f 8014 7846 7857
f 7858 7847 7692
f 7858 7691 7847
f 7687 7850 7849
f 7694 7849 7850
f 7694 7860 7849
f 7849 7860 7693
f 7850 8005 7851
f 8015 7850 7851
f 8015 7861 7850
f 7694 7850 7861
f 8015 7851 7862
f 7862 7851 8016
f 7851 8006 8016
f 7852 8016 8006
f 7852 8006 8007
f 7852 8007 8017
f 7852 8017 8016
f 8151 8017 8007
f 7854 8022 8010
f 7853 8021 8009
f 7853 8009 8010
f 7853 8010 8022
f 7853 8022 8021
f 7695 7854 7688
f 7695 7865 7854
f 7865 8022 7854
f 7855 7690 8011
f 7697 7855 7866
f 8023 7866 7855
f 8160 7855 8011
f 8023 7855 8160
f 8162 8024 8012
f 8162 8012 8013
f 8162 8013 8025
f 8162 8025 8024
f 8014 7857 8026
f 7856 8025 8013
f 7856 8013 8014
f 7856 8014 8026
f 7856 8026 8025
f 7691 7858 7857
f 7698 7857 7858
f 7857 7698 7868
f 8026 7857 7868
f 7698 7858 7699
f 7694 7861 7860
f 7860 7861 7701
f 8015 7862 7861
f 8027 7861 7862
f 8027 7871 7861
f 7871 7701 7861
f 8028 7862 8016
f 7862 8028 7872
f 8027 7862 7872
f 7863 8028 8016
f 7863 8016 8017
f 7863 8017 8029
f 7863 8029 8028
f 8163 8029 8017
f 8163 8017 8018
f 8163 8018 8030
f 8163 8030 8029
f 8171 8021 8033
f 7865 8034 8022
f 8033 8034 7874
f 7864 8033 8021
f 7864 8021 8022
f 7864 8022 8034
f 7864 8034 8033
f 7702 7865 7695
f 7875 7865 7702
f 7875 8034 7865
f 7866 8035 7703
f 8023 8172 7866
f 8172 8035 7866
f 8174 8024 8037
f 8175 8037 8024
f 8175 8024 8025
f 8175 8025 8038
f 8175 8038 8037
f 8039 7867 7868
f 8026 7868 7867
f 7867 8039 7878
f 7867 7878 8038
f 7867 8038 8025
f 7867 8025 8026
f 7868 7698 7704
f 7704 7879 7868
f 8039 7868 7879
f 7701 7871 7707
f 8027 7872 7871
f 7708 7871 7872
f 7708 7880 7871
f 7871 7880 7707
f 8040 7872 7873
f 7873 7872 8028
f 8040 7881 7872
f 7708 7872 7881
f 8040 7873 7882
f 8041 7882 7873
f 7873 8028 8029
f 7873 8029 8041
f 8176 8041 8029
f 8176 8029 8030
f 8176 8030 8042
f 8176 8042 8041
f 8184 8033 8047
f 8034 7875 7874
f 8048 7874 7875
f 7874 8048 7884
f 7874 7884 8047
f 7874 8047 8033
f 7709 7885 7875
f 7885 8048 7875
f 7876 7703 8035
f 7710 7876 7886
f 8049 7886 7876
f 8035 8185 7876
f 8049 7876 8185
f 8187 8050 8036
f 8187 8036 8037
f 8187 8037 8051
f 8187 8051 8050
f 7878 8052 8038
f 7877 8051 8037
f 7877 8037 8038
f 7877 8038 8052
f 7877 8052 8051
f 8039 7879 7878
f 7711 7878 7879
f 7878 7711 7889
f 8052 7878 7889
f 7879 7704 7712
f 7890 7879 7712
f 7890 7711 7879
f 7708 7881 7880
f 7880 7881 7716
f 8040 7882 7881
f 7717 7881 7882
f 7881 7717 7716
f 8053 7882 8041
f 8053 7892 7882
f 7717 7882 7892
f 8054 7893 8053
f 7883 8053 8041
f 7883 8041 8042
f 7883 8042 8054
f 7883 8054 8053
f 8188 8054 8042
f 8188 8042 8043
f 8188 8043 8055
f 8188 8055 8054
f 8189 8056 8055
f 7884 8062 8047
f 8061 8062 7896
f 8195 8061 8046
f 8195 8046 8047
f 8195 8047 8062
f 8195 8062 8061
f 8048 7885 7884
f 7884 7885 7718
f 7884 7718 7897
f 8062 7884 7897
f 7886 8063 7720
f 8049 8063 7886
f 7898 7720 8063
f 8198 8050 8067
f 8198 8067 8066
f 7888 8068 8051
f 8068 7903 8067
f 7887 8067 8050
f 7887 8050 8051
f 7887 8051 8068
f 7887 8068 8067
f 8069 7888 7889
f 8052 7889 7888
f 8069 7904 7888
f 8068 7888 7904
f 7888 8051 8052
f 7711 7890 7889
f 7889 7890 7722
f 7889 7722 7905
f 8069 7889 7905
f 7892 7726 7717
f 8053 7893 7892
f 7727 7892 7893
f 7727 7726 7892
f 8070 7893 7894
f 7894 7893 8054
f 8070 7906 7893
f 7893 7906 7727
f 8070 7894 7907
f 7907 7894 8071
f 7894 8054 8055
f 7894 8055 8071
f 7908 8071 8072
f 8199 8071 8055
f 8199 8055 8056
f 8199 8056 8072
f 8199 8072 8071
f 8200 8072 8056
f 8200 8056 8057
f 8200 8057 8073
f 8200 8073 8072
f 8074 7910 8073
f 8201 8073 8057
f 8201 8057 8058
f 8201 8058 8074
f 8201 8074 8073
f 7911 8074 8075
f 8202 8059 8075
f 8202 8075 8074
f 8076 7912 8075
f 8203 8075 8059
f 8203 8059 8060
f 8203 8060 8076
f 8203 8076 8075
f 8077 7895 7896
f 7895 8061 7896
f 8077 7913 7895
f 7913 8076 7895
f 7895 8076 8060
f 7895 8060 8061
f 8062 7897 7896
f 7896 7897 7728
f 7896 7728 7914
f 8077 7896 7914
f 7721 7898 7899
f 8064 7899 7898
f 8063 8204 7898
f 8204 8064 7898
f 7899 8078 7730
f 7899 8064 8205
f 7899 8205 8078
f 7915 7730 8078
f 7922 8081 7733
f 7922 8080 8081
f 7734 7900 7901
f 7900 8065 7901
f 7900 7734 7733
f 7900 7733 8081
f 8065 7900 8207
f 8081 8207 7900
f 7735 7901 7902
f 7901 8066 7902
f 7735 7923 7901
f 7901 7923 7734
f 7901 8065 8066
f 7736 7902 7903
f 8067 7903 7902
f 7736 7924 7902
f 7735 7902 7924
f 7902 8066 8067
f 8068 7904 7903
f 7737 7903 7904
f 7737 7925 7903
f 7736 7903 7925
f 8069 7905 7904
f 7738 7904 7905
f 7737 7904 7738
f 8070 7907 7906
f 7906 7907 7741
f 8071 7908 7907
f 7742 7907 7908
f 7741 7907 7742
f 7743 7908 7909
f 7909 7908 8072
f 7743 7927 7908
f 7742 7908 7927
f 7744 7909 7910
f 8073 7910 7909
f 7909 7744 7928
f 7743 7909 7928
f 7909 8072 8073
f 7910 8074 7911
f 7745 7910 7911
f 7910 7745 7744
f 7746 7911 7912
f 7912 7911 8075
f 7911 7746 7745
f 8076 7913 7912
f 7747 7912 7913
f 7912 7747 7746
f 8077 7914 7913
f 7914 7748 7913
f 7748 7747 7913
f 7731 7915 7916
f 8079 7916 7915
f 8078 8208 7915
f 8208 8079 7915
f 7750 7916 8082
f 7916 8079 8209
f 8082 7916 8209
f 7917 8083 7751
f 7917 7751 7750
f 7917 7750 8082
f 7917 8082 8083
f 7918 8084 7752
f 7918 7752 7751
f 7918 7751 8083
f 7918 8083 8084
f 7919 8085 7753
f 7919 7753 7752
f 7919 7752 8084
f 7919 8084 8085
f 7754 7920 7921
f 8086 7921 7920
f 7920 7753 8085
f 8086 7920 8213
f 8085 8213 7920
f 7922 7921 8080
f 7922 7732 7921
f 8086 8214 7921
f 8080 7921 8214
f 7735 7924 7923
f 7924 7756 7923
f 7736 7925 7924
f 7925 7757 7924
f 7737 7758 7925
f 7927 7760 7742
f 7743 7928 7927
f 7928 7761 7927
f 8088 7931 8216
f 8088 7930 7931
f 8088 8215 7930
f 8088 8216 8215
f 7934 8087 8217
f 8217 8091 7934
f 8091 7933 7934
f 8215 8087 7930
f 8215 8294 8087
f 8087 8294 8217
f 8089 8216 7931
f 8216 8295 8215
f 7932 8090 8089
f 8218 8089 8090
f 8216 8089 8296
f 8218 8296 8089
f 7935 8219 8090
f 8219 8218 8090
f 8219 7935 8092
f 8091 7937 7933
f 7937 8091 8220
f 8220 8093 7937
f 8220 8091 8297
f 8091 8217 8297
f 8221 8092 7938
f 8219 8092 8299
f 8221 8299 8092
f 8094 8221 7938
f 7939 8093 8222
f 8220 8300 8093
f 8222 8093 8300
f 8094 7940 8223
f 8301 8221 8094
f 8223 8301 8094
f 8095 7939 8222
f 8095 8222 8224
f 8224 8097 8095
f 8097 7941 8095
f 8096 8223 7940
f 8096 8225 8223
f 8223 8225 8303
f 8098 8096 7942
f 8096 8098 8225
f 7943 8097 8100
f 8226 8100 8097
f 8304 8097 8224
f 8304 8226 8097
f 8099 8098 7942
f 8227 8098 8099
f 8225 8098 8305
f 8227 8305 8098
f 7944 8228 8099
f 8228 8227 8099
f 8101 8228 7944
f 7946 8100 8102
f 8100 8229 8102
f 8226 8306 8100
f 8229 8100 8306
f 7945 7947 8101
f 8101 7947 8230
f 8101 8308 8228
f 8101 8230 8308
f 7948 8103 7947
f 7947 8103 8230
f 8102 8104 7949
f 8102 8231 8104
f 8229 8309 8102
f 8231 8102 8309
f 7948 7950 8103
f 8103 7950 8232
f 8310 8230 8103
f 8310 8103 8232
f 7950 8105 8232
f 8104 7951 7949
f 8104 8233 7951
f 8311 8233 8104
f 8231 8311 8104
f 8105 7952 8234
f 8105 8312 8232
f 8234 8312 8105
f 8106 7951 8233
f 7951 8106 7958
f 8106 8235 7958
f 8106 8233 8235
f 8235 8108 7958
f 8233 8313 8235
f 8107 8234 7952
f 8107 8236 8234
f 8234 8236 8314
f 7959 8109 8107
f 8107 8109 8236
f 8108 8235 8237
f 8237 8116 8108
f 8116 7968 8108
f 8238 8109 7969
f 8109 8316 8236
f 8238 8316 8109
f 8111 8110 7962
f 8111 7973 8110
f 7973 8119 8110
f 8110 8119 7972
f 8112 8111 7963
f 8112 7974 8111
f 7974 8120 8111
f 8120 7973 8111
f 8113 8112 7964
f 8113 7975 8112
f 7975 8121 8112
f 7974 8112 8121
f 8114 8113 7965
f 8114 7976 8113
f 7976 8122 8113
f 7975 8113 8122
f 7977 8114 7966
f 7977 8123 8114
f 7976 8114 8123
f 7978 8124 7977
f 8126 8116 8239
f 8126 7980 8116
f 8239 8116 8237
f 8117 8238 7969
f 8117 7969 7981
f 8117 7981 8240
f 8117 8240 8238
f 8318 8238 8240
f 7972 8119 8118
f 8119 7985 8118
f 7985 8129 8118
f 8118 8129 7984
f 7973 8120 8119
f 8120 8241 8119
f 8241 8130 8119
f 7985 8119 8130
f 7974 8121 8120
f 8242 8120 8121
f 8242 8131 8120
f 8241 8120 8131
f 8121 7975 8122
f 8243 8121 8122
f 8121 8243 8132
f 8242 8121 8132
f 8122 7976 8123
f 8244 8122 8123
f 8122 8244 8133
f 8243 8122 8133
f 7977 8124 8123
f 8245 8123 8124
f 8123 8245 8134
f 8244 8123 8134
f 7986 8124 7978
f 7986 8135 8124
f 8245 8124 8135
f 8136 7986 7987
f 8246 8126 8239
f 8137 8126 8246
f 8137 7989 8126
f 8127 8240 7981
f 8127 8247 8240
f 8320 8240 8247
f 7990 8138 8127
f 8138 8247 8127
f 7984 8129 8128
f 8129 7996 8128
f 7996 8139 8128
f 8128 8139 7995
f 7985 8130 8129
f 7997 8129 8130
f 7997 8140 8129
f 8140 7996 8129
f 8130 8241 8131
f 8248 8130 8131
f 8130 8248 8141
f 7997 8130 8141
f 8131 8242 8132
f 8249 8131 8132
f 8131 8249 8142
f 8248 8131 8142
f 8132 8243 8133
f 8250 8132 8133
f 8249 8132 8143
f 8143 8132 8250
f 8133 8244 8134
f 8133 8134 8251
f 8133 8251 8250
f 8134 8245 8135
f 8252 8134 8135
f 8134 8252 8145
f 8251 8134 8145
f 7986 8136 8135
f 7998 8135 8136
f 8135 7998 8146
f 8252 8135 8146
f 8147 8136 7999
f 8147 7998 8136
f 8137 8253 8001
f 8137 8246 8253
f 8138 8254 8247
f 8002 8149 8138
f 8149 8254 8138
f 7996 8140 8139
f 8140 8008 8139
f 8008 8151 8139
f 8139 8151 8007
f 7997 8141 8140
f 8255 8140 8141
f 8255 8152 8140
f 8152 8008 8140
f 8141 8248 8142
f 8256 8141 8142
f 8141 8256 8153
f 8255 8141 8153
f 8142 8249 8143
f 8257 8142 8143
f 8142 8257 8154
f 8256 8142 8154
f 8143 8250 8258
f 8143 8258 8257
f 8144 8258 8250
f 8144 8250 8251
f 8144 8251 8259
f 8144 8259 8258
f 8145 8252 8146
f 8145 8146 8260
f 8145 8259 8251
f 8145 8260 8259
f 7998 8147 8146
f 8261 8146 8147
f 8146 8261 8158
f 8260 8146 8158
f 8009 8159 8147
f 8159 8261 8147
f 8148 8001 8253
f 8148 8011 8001
f 8148 8262 8011
f 8148 8253 8262
f 8262 8160 8011
f 8323 8262 8253
f 8149 8263 8254
f 8012 8149 8002
f 8012 8161 8149
f 8161 8263 8149
f 8008 8152 8151
f 8152 8018 8151
f 8151 8018 8017
f 8255 8153 8152
f 8019 8152 8153
f 8019 8164 8152
f 8164 8018 8152
f 8153 8256 8154
f 8264 8153 8154
f 8153 8264 8165
f 8019 8153 8165
f 8265 8154 8257
f 8154 8265 8166
f 8264 8154 8166
f 8167 8265 8266
f 8155 8265 8257
f 8155 8257 8258
f 8155 8258 8266
f 8155 8266 8265
f 8156 8266 8258
f 8156 8258 8259
f 8156 8259 8267
f 8156 8267 8266
f 8260 8158 8268
f 8268 8169 8267
f 8157 8267 8259
f 8157 8259 8260
f 8157 8260 8268
f 8157 8268 8267
f 8261 8159 8158
f 8020 8158 8159
f 8158 8020 8170
f 8268 8158 8170
f 8021 8159 8009
f 8171 8159 8021
f 8171 8020 8159
f 8023 8160 8172
f 8269 8172 8160
f 8262 8325 8160
f 8269 8160 8325
f 8161 8270 8263
f 8326 8263 8270
f 8024 8161 8012
f 8174 8161 8024
f 8174 8270 8161
f 8018 8164 8030
f 8019 8165 8164
f 8031 8164 8165
f 8031 8177 8164
f 8177 8030 8164
f 8165 8264 8166
f 8271 8165 8166
f 8271 8178 8165
f 8031 8165 8178
f 8166 8265 8167
f 8272 8166 8167
f 8166 8272 8179
f 8271 8166 8179
f 8272 8167 8180
f 8273 8180 8167
f 8167 8266 8273
f 8274 8181 8273
f 8168 8273 8266
f 8168 8266 8267
f 8168 8267 8274
f 8168 8274 8273
f 8169 8268 8170
f 8275 8169 8170
f 8169 8275 8182
f 8169 8182 8274
f 8169 8274 8267
f 8020 8171 8170
f 8032 8170 8171
f 8032 8183 8170
f 8275 8170 8183
f 8184 8171 8033
f 8184 8032 8171
f 8172 8276 8035
f 8269 8276 8172
f 8276 8185 8035
f 8036 8173 8174
f 8174 8173 8270
f 8173 8036 8186
f 8277 8173 8186
f 8328 8270 8173
f 8277 8328 8173
f 8036 8174 8037
f 8030 8177 8042
f 8031 8178 8177
f 8178 8043 8177
f 8177 8043 8042
f 8271 8179 8178
f 8044 8178 8179
f 8044 8189 8178
f 8189 8043 8178
f 8179 8272 8180
f 8278 8179 8180
f 8278 8190 8179
f 8044 8179 8190
f 8180 8273 8181
f 8279 8180 8181
f 8279 8191 8180
f 8278 8180 8191
f 8181 8274 8182
f 8280 8181 8182
f 8181 8280 8192
f 8279 8181 8192
f 8275 8183 8182
f 8045 8182 8183
f 8045 8193 8182
f 8280 8182 8193
f 8032 8184 8183
f 8184 8046 8183
f 8046 8194 8183
f 8194 8045 8183
f 8047 8046 8184
f 8185 8281 8049
f 8276 8329 8185
f 8185 8329 8281
f 8186 8036 8050
f 8186 8050 8198
f 8282 8186 8198
f 8282 8277 8186
f 8043 8189 8055
f 8044 8190 8189
f 8189 8190 8056
f 8278 8191 8190
f 8191 8057 8190
f 8056 8190 8057
f 8279 8192 8191
f 8058 8191 8192
f 8057 8191 8058
f 8280 8193 8192
f 8059 8192 8193
f 8192 8059 8202
f 8058 8192 8202
f 8045 8194 8193
f 8194 8060 8193
f 8059 8193 8060
f 8194 8046 8061
f 8060 8194 8061
f 8281 8196 8049
f 8196 8063 8049
f 8196 8283 8204
f 8196 8204 8063
f 8331 8196 8281
f 8283 8196 8331
f 8197 8282 8198
f 8197 8198 8066
f 8197 8066 8065
f 8197 8065 8284
f 8332 8282 8197
f 8332 8197 8284
f 8202 8074 8058
f 8283 8205 8204
f 8064 8204 8205
f 8078 8205 8285
f 8205 8283 8333
f 8285 8205 8333
f 8208 8078 8285
f 8208 8285 8286
f 8286 8285 8334
f 8214 8288 8080
f 8289 8207 8081
f 8206 8289 8081
f 8206 8081 8080
f 8206 8080 8288
f 8206 8288 8289
f 8289 8288 8335
f 8207 8284 8065
f 8289 8336 8207
f 8207 8336 8284
f 8286 8209 8208
f 8079 8208 8209
f 8082 8209 8210
f 8209 8290 8210
f 8286 8337 8209
f 8290 8209 8337
f 8210 8291 8083
f 8210 8083 8082
f 8210 8290 8338
f 8210 8338 8291
f 8211 8292 8084
f 8211 8084 8083
f 8211 8083 8291
f 8211 8291 8292
f 8291 8339 8292
f 8293 8213 8085
f 8212 8293 8085
f 8212 8085 8084
f 8212 8084 8292
f 8212 8292 8293
f 8292 8340 8293
f 8086 8213 8214
f 8287 8214 8213
f 8293 8341 8213
f 8287 8213 8341
f 8287 8342 8214
f 8214 8342 8288
f 8215 8295 8294
f 8294 8295 8344
f 8294 8343 8217
f 8294 8344 8343
f 8216 8296 8295
f 8345 8295 8296
f 8295 8345 8344
f 8346 8296 8218
f 8345 8296 8346
f 8298 8219 8347
f 8298 8218 8219
f 8218 8298 8346
f 8298 8347 8346
f 8297 8217 8343
f 8220 8297 8348
f 8343 8396 8297
f 8348 8297 8396
f 8343 8344 8397
f 8299 8347 8219
f 8346 8347 8399
f 8299 8221 8350
f 8349 8347 8299
f 8350 8349 8299
f 8220 8348 8300
f 8300 8302 8222
f 8351 8302 8300
f 8348 8351 8300
f 8301 8350 8221
f 8301 8352 8350
f 8350 8352 8401
f 8223 8303 8301
f 8301 8303 8352
f 8302 8224 8222
f 8302 8353 8224
f 8302 8402 8353
f 8302 8351 8402
f 8303 8225 8354
f 8352 8303 8403
f 8303 8354 8403
f 8304 8224 8353
f 8304 8353 8355
f 8306 8304 8355
f 8306 8226 8304
f 8225 8305 8354
f 8227 8357 8305
f 8356 8354 8305
f 8357 8356 8305
f 8307 8227 8228
f 8307 8357 8227
f 8358 8306 8355
f 8309 8306 8358
f 8309 8229 8306
f 8308 8307 8228
f 8308 8359 8307
f 8307 8408 8357
f 8307 8359 8408
f 8308 8230 8360
f 8308 8360 8359
f 8361 8309 8358
f 8361 8311 8309
f 8311 8231 8309
f 8310 8360 8230
f 8362 8360 8310
f 8359 8360 8410
f 8362 8410 8360
f 8310 8232 8363
f 8362 8310 8363
f 8233 8311 8313
f 8364 8313 8311
f 8364 8311 8361
f 8312 8363 8232
f 8312 8365 8363
f 8362 8363 8412
f 8365 8412 8363
f 8234 8314 8312
f 8312 8314 8365
f 8313 8315 8235
f 8313 8366 8315
f 8313 8364 8366
f 8314 8236 8367
f 8314 8415 8365
f 8367 8415 8314
f 8315 8237 8235
f 8237 8315 8317
f 8315 8368 8317
f 8366 8416 8315
f 8368 8315 8416
f 8316 8367 8236
f 8316 8369 8367
f 8417 8367 8369
f 8238 8318 8316
f 8318 8369 8316
f 8237 8317 8239
f 8317 8370 8239
f 8418 8370 8317
f 8368 8418 8317
f 8240 8320 8318
f 8371 8318 8320
f 8371 8369 8318
f 8319 8239 8370
f 8239 8319 8246
f 8319 8372 8246
f 8319 8370 8372
f 8246 8372 8321
f 8420 8372 8370
f 8322 8320 8247
f 8373 8320 8322
f 8320 8373 8371
f 8321 8253 8246
f 8321 8323 8253
f 8321 8374 8323
f 8372 8422 8321
f 8374 8321 8422
f 8322 8247 8254
f 8324 8322 8254
f 8375 8322 8324
f 8373 8322 8423
f 8375 8423 8322
f 8262 8323 8325
f 8376 8325 8323
f 8374 8424 8323
f 8376 8323 8424
f 8324 8254 8263
f 8326 8324 8263
f 8377 8324 8326
f 8324 8377 8425
f 8375 8324 8425
f 8269 8325 8378
f 8378 8325 8376
f 8270 8328 8326
f 8379 8326 8328
f 8377 8326 8379
f 8378 8327 8269
f 8327 8276 8269
f 8327 8380 8276
f 8327 8378 8380
f 8329 8276 8380
f 8380 8378 8428
f 8328 8381 8379
f 8277 8381 8328
f 8329 8382 8281
f 8380 8430 8329
f 8430 8382 8329
f 8331 8281 8382
f 8330 8381 8277
f 8330 8277 8282
f 8332 8330 8282
f 8383 8330 8332
f 8432 8381 8330
f 8383 8432 8330
f 8283 8331 8384
f 8382 8433 8331
f 8433 8384 8331
f 8333 8283 8384
f 8332 8284 8387
f 8336 8387 8284
f 8386 8387 8336
f 8387 8386 8435
f 8387 8383 8332
f 8285 8333 8334
f 8385 8334 8333
f 8384 8385 8333
f 8334 8388 8286
f 8334 8385 8436
f 8334 8436 8388
f 8342 8391 8288
f 8342 8390 8391
f 8289 8335 8336
f 8386 8336 8335
f 8335 8288 8391
f 8386 8335 8437
f 8437 8335 8391
f 8388 8337 8286
f 8290 8337 8338
f 8389 8338 8337
f 8388 8438 8337
f 8438 8389 8337
f 8291 8338 8339
f 8338 8392 8339
f 8389 8439 8338
f 8392 8338 8439
f 8339 8340 8292
f 8339 8393 8340
f 8339 8392 8440
f 8393 8339 8440
f 8293 8340 8341
f 8394 8341 8340
f 8340 8393 8441
f 8394 8340 8441
f 8342 8341 8390
f 8342 8287 8341
f 8394 8442 8341
f 8442 8390 8341
f 8395 8345 8445
f 8345 8395 8344
f 8395 8444 8344
f 8395 8445 8444
f 8398 8346 8446
f 8346 8398 8345
f 8398 8445 8345
f 8398 8446 8445
f 8343 8397 8396
f 8397 8447 8396
f 8400 8396 8447
f 8400 8348 8396
f 8397 8344 8444
f 8444 8489 8397
f 8397 8489 8447
f 8490 8444 8445
f 8446 8346 8399
f 8491 8445 8446
f 8347 8349 8399
f 8399 8349 8448
f 8446 8399 8492
f 8399 8448 8492
f 8350 8401 8349
f 8349 8401 8448
f 8400 8351 8348
f 8400 8449 8351
f 8402 8351 8449
f 8400 8447 8493
f 8400 8493 8449
f 8401 8352 8450
f 8448 8401 8495
f 8401 8450 8495
f 8352 8403 8450
f 8353 8402 8451
f 8402 8449 8496
f 8451 8402 8496
f 8452 8403 8354
f 8450 8403 8498
f 8452 8498 8403
f 8404 8353 8451
f 8404 8355 8353
f 8355 8404 8453
f 8404 8451 8453
f 8453 8451 8499
f 8405 8452 8354
f 8405 8354 8356
f 8405 8356 8454
f 8405 8454 8452
f 8407 8356 8357
f 8356 8407 8454
f 8453 8406 8355
f 8355 8406 8358
f 8358 8406 8455
f 8455 8406 8453
f 8407 8357 8408
f 8407 8408 8456
f 8454 8407 8502
f 8407 8456 8502
f 8408 8359 8457
f 8408 8457 8456
f 8455 8409 8358
f 8358 8409 8361
f 8361 8409 8458
f 8458 8409 8455
f 8359 8410 8457
f 8456 8457 8504
f 8362 8459 8410
f 8505 8457 8410
f 8459 8505 8410
f 8412 8459 8362
f 8458 8411 8361
f 8361 8411 8364
f 8411 8460 8364
f 8411 8458 8460
f 8365 8414 8412
f 8461 8412 8414
f 8508 8459 8412
f 8461 8508 8412
f 8413 8364 8460
f 8364 8413 8366
f 8366 8413 8462
f 8413 8460 8462
f 8416 8366 8462
f 8415 8414 8365
f 8415 8463 8414
f 8461 8414 8510
f 8463 8510 8414
f 8367 8417 8415
f 8417 8463 8415
f 8418 8368 8416
f 8464 8418 8416
f 8511 8416 8462
f 8511 8464 8416
f 8417 8369 8419
f 8465 8417 8419
f 8465 8463 8417
f 8420 8370 8418
f 8466 8420 8418
f 8464 8513 8418
f 8513 8466 8418
f 8419 8369 8371
f 8419 8371 8467
f 8465 8419 8514
f 8467 8514 8419
f 8422 8372 8420
f 8468 8422 8420
f 8466 8515 8420
f 8468 8420 8515
f 8421 8467 8371
f 8421 8371 8373
f 8421 8373 8469
f 8421 8469 8467
f 8469 8516 8467
f 8423 8469 8373
f 8424 8422 8470
f 8424 8374 8422
f 8468 8517 8422
f 8422 8517 8470
f 8423 8471 8469
f 8375 8425 8423
f 8423 8425 8471
f 8424 8470 8472
f 8472 8376 8424
f 8425 8377 8473
f 8425 8473 8471
f 8426 8376 8472
f 8376 8426 8378
f 8426 8474 8378
f 8426 8472 8474
f 8378 8474 8428
f 8521 8474 8472
f 8427 8473 8377
f 8427 8377 8379
f 8427 8379 8475
f 8427 8475 8473
f 8428 8476 8430
f 8380 8428 8430
f 8474 8523 8428
f 8428 8523 8476
f 8429 8475 8379
f 8429 8379 8381
f 8432 8429 8381
f 8477 8429 8432
f 8429 8524 8475
f 8429 8477 8524
f 8476 8431 8430
f 8431 8382 8430
f 8431 8478 8433
f 8431 8433 8382
f 8431 8476 8525
f 8478 8431 8525
f 8383 8479 8432
f 8479 8526 8432
f 8526 8477 8432
f 8478 8434 8433
f 8434 8384 8433
f 8434 8480 8385
f 8434 8385 8384
f 8434 8478 8527
f 8480 8434 8527
f 8435 8479 8383
f 8387 8435 8383
f 8481 8435 8386
f 8481 8528 8435
f 8435 8528 8479
f 8480 8436 8385
f 8436 8482 8388
f 8436 8480 8529
f 8482 8436 8529
f 8438 8388 8482
f 8438 8482 8483
f 8437 8391 8487
f 8443 8487 8391
f 8443 8391 8390
f 8443 8390 8486
f 8443 8486 8487
f 8481 8386 8437
f 8487 8532 8437
f 8532 8481 8437
f 8483 8439 8438
f 8439 8389 8438
f 8392 8439 8440
f 8484 8440 8439
f 8533 8439 8483
f 8533 8484 8439
f 8393 8440 8441
f 8440 8488 8441
f 8484 8534 8440
f 8488 8440 8534
f 8394 8441 8442
f 8485 8442 8441
f 8488 8535 8441
f 8485 8441 8535
f 8390 8442 8486
f 8485 8536 8442
f 8442 8536 8486
f 8444 8490 8489
f 8490 8537 8489
f 8494 8489 8537
f 8494 8447 8489
f 8445 8491 8490
f 8490 8491 8538
f 8490 8538 8537
f 8446 8492 8491
f 8491 8492 8539
f 8538 8491 8539
f 8492 8448 8540
f 8492 8540 8539
f 8493 8447 8494
f 8493 8494 8541
f 8493 8497 8449
f 8493 8541 8497
f 8494 8537 8582
f 8494 8582 8541
f 8537 8538 8583
f 8540 8448 8495
f 8539 8540 8585
f 8495 8450 8542
f 8540 8495 8586
f 8495 8542 8586
f 8450 8498 8542
f 8496 8449 8497
f 8496 8497 8543
f 8543 8499 8496
f 8451 8496 8499
f 8587 8543 8497
f 8587 8497 8541
f 8498 8452 8544
f 8498 8589 8542
f 8544 8589 8498
f 8453 8499 8545
f 8499 8543 8590
f 8545 8499 8590
f 8500 8544 8452
f 8500 8452 8454
f 8500 8454 8546
f 8500 8546 8544
f 8454 8502 8546
f 8592 8544 8546
f 8501 8453 8545
f 8453 8501 8455
f 8501 8548 8455
f 8501 8545 8548
f 8545 8593 8548
f 8502 8456 8549
f 8546 8502 8547
f 8502 8549 8547
f 8456 8504 8549
f 8503 8455 8548
f 8455 8503 8458
f 8458 8503 8550
f 8503 8548 8550
f 8457 8505 8504
f 8504 8505 8551
f 8549 8504 8596
f 8504 8551 8596
f 8505 8459 8507
f 8505 8507 8551
f 8550 8506 8458
f 8506 8460 8458
f 8506 8552 8460
f 8552 8506 8550
f 8507 8459 8508
f 8507 8508 8553
f 8551 8507 8599
f 8507 8553 8599
f 8461 8510 8508
f 8508 8510 8553
f 8509 8460 8552
f 8509 8462 8460
f 8462 8509 8554
f 8554 8509 8552
f 8554 8511 8462
f 8552 8600 8554
f 8512 8510 8463
f 8555 8510 8512
f 8553 8510 8601
f 8555 8601 8510
f 8513 8464 8511
f 8556 8513 8511
f 8554 8602 8511
f 8602 8556 8511
f 8512 8463 8465
f 8512 8465 8557
f 8555 8512 8603
f 8557 8603 8512
f 8514 8557 8465
f 8466 8513 8515
f 8558 8515 8513
f 8556 8604 8513
f 8558 8513 8604
f 8514 8559 8557
f 8467 8516 8514
f 8514 8516 8559
f 8468 8515 8517
f 8560 8517 8515
f 8515 8558 8606
f 8560 8515 8606
f 8518 8516 8469
f 8561 8516 8518
f 8516 8607 8559
f 8561 8607 8516
f 8517 8562 8470
f 8560 8608 8517
f 8608 8562 8517
f 8518 8469 8471
f 8518 8471 8563
f 8561 8518 8609
f 8563 8609 8518
f 8519 8470 8562
f 8519 8472 8470
f 8521 8472 8519
f 8564 8521 8519
f 8562 8610 8519
f 8564 8519 8610
f 8520 8563 8471
f 8520 8471 8473
f 8520 8473 8565
f 8520 8565 8563
f 8565 8611 8563
f 8523 8521 8566
f 8523 8474 8521
f 8566 8521 8564
f 8522 8565 8473
f 8522 8473 8475
f 8475 8524 8522
f 8567 8522 8524
f 8522 8613 8565
f 8522 8567 8613
f 8523 8568 8476
f 8523 8566 8568
f 8476 8568 8525
f 8568 8566 8614
f 8477 8526 8524
f 8569 8524 8526
f 8567 8524 8615
f 8524 8569 8615
f 8478 8525 8570
f 8568 8616 8525
f 8570 8525 8616
f 8478 8570 8527
f 8526 8479 8571
f 8528 8571 8479
f 8571 8618 8526
f 8618 8569 8526
f 8527 8572 8480
f 8570 8619 8527
f 8527 8619 8572
f 8528 8481 8574
f 8532 8574 8481
f 8573 8574 8532
f 8574 8573 8620
f 8574 8621 8528
f 8621 8571 8528
f 8572 8529 8480
f 8482 8529 8575
f 8529 8572 8622
f 8575 8529 8622
f 8530 8576 8483
f 8530 8483 8482
f 8530 8482 8575
f 8530 8575 8576
f 8533 8483 8576
f 8536 8579 8486
f 8532 8487 8531
f 8573 8532 8531
f 8531 8487 8486
f 8531 8486 8579
f 8573 8531 8624
f 8624 8531 8579
f 8534 8484 8533
f 8577 8534 8533
f 8576 8625 8533
f 8577 8533 8625
f 8535 8488 8534
f 8580 8535 8534
f 8577 8626 8534
f 8580 8534 8626
f 8536 8485 8535
f 8578 8536 8535
f 8580 8627 8535
f 8578 8535 8627
f 8578 8579 8536
f 8539 8584 8538
f 8537 8583 8582
f 8583 8631 8582
f 8582 8588 8541
f 8582 8631 8588
f 8583 8538 8584
f 8632 8583 8584
f 8583 8632 8631
f 8584 8539 8585
f 8633 8584 8585
f 8584 8633 8632
f 8540 8586 8585
f 8585 8586 8634
f 8585 8634 8633
f 8586 8542 8635
f 8586 8635 8634
f 8587 8541 8588
f 8587 8588 8636
f 8587 8591 8543
f 8587 8636 8591
f 8681 8636 8588
f 8681 8588 8631
f 8589 8635 8542
f 8634 8635 8685
f 8589 8544 8638
f 8637 8635 8589
f 8638 8637 8589
f 8590 8543 8591
f 8590 8591 8639
f 8639 8593 8590
f 8545 8590 8593
f 8686 8639 8591
f 8686 8591 8636
f 8592 8638 8544
f 8592 8547 8640
f 8546 8547 8592
f 8689 8638 8592
f 8640 8689 8592
f 8593 8641 8548
f 8593 8639 8690
f 8641 8593 8690
f 8594 8640 8547
f 8549 8594 8547
f 8549 8596 8594
f 8642 8594 8596
f 8692 8640 8594
f 8642 8692 8594
f 8595 8548 8641
f 8595 8550 8548
f 8595 8643 8550
f 8595 8641 8643
f 8641 8693 8643
f 8596 8551 8597
f 8642 8596 8597
f 8551 8599 8597
f 8599 8644 8597
f 8694 8642 8597
f 8644 8694 8597
f 8598 8550 8643
f 8550 8598 8552
f 8552 8598 8645
f 8598 8643 8645
f 8645 8600 8552
f 8599 8553 8646
f 8599 8646 8644
f 8553 8601 8646
f 8602 8554 8600
f 8647 8602 8600
f 8645 8697 8600
f 8697 8647 8600
f 8555 8603 8601
f 8648 8601 8603
f 8646 8601 8698
f 8648 8698 8601
f 8556 8602 8604
f 8649 8604 8602
f 8647 8699 8602
f 8649 8602 8699
f 8605 8603 8557
f 8650 8603 8605
f 8648 8603 8700
f 8650 8700 8603
f 8558 8604 8606
f 8604 8651 8606
f 8604 8649 8701
f 8651 8604 8701
f 8605 8557 8559
f 8605 8559 8652
f 8650 8605 8702
f 8702 8605 8652
f 8560 8606 8608
f 8653 8608 8606
f 8606 8651 8703
f 8653 8606 8703
f 8607 8652 8559
f 8607 8654 8652
f 8561 8609 8607
f 8607 8609 8654
f 8608 8655 8562
f 8653 8705 8608
f 8705 8655 8608
f 8610 8562 8655
f 8563 8611 8609
f 8656 8609 8611
f 8654 8609 8706
f 8656 8706 8609
f 8610 8657 8564
f 8707 8610 8655
f 8657 8610 8707
f 8611 8565 8613
f 8658 8611 8613
f 8656 8611 8708
f 8611 8658 8708
f 8657 8612 8564
f 8564 8612 8566
f 8612 8659 8566
f 8612 8657 8659
f 8566 8659 8614
f 8613 8615 8660
f 8613 8567 8615
f 8658 8613 8660
f 8614 8661 8616
f 8568 8614 8616
f 8659 8711 8614
f 8614 8711 8661
f 8615 8662 8660
f 8569 8618 8615
f 8615 8618 8662
f 8712 8660 8662
f 8661 8617 8616
f 8617 8570 8616
f 8619 8570 8617
f 8663 8619 8617
f 8617 8661 8713
f 8663 8617 8713
f 8618 8571 8665
f 8621 8665 8571
f 8618 8666 8662
f 8618 8665 8666
f 8619 8667 8572
f 8663 8716 8619
f 8716 8667 8619
f 8622 8572 8667
f 8573 8669 8620
f 8573 8624 8669
f 8668 8669 8624
f 8669 8668 8718
f 8574 8620 8621
f 8664 8621 8620
f 8669 8719 8620
f 8664 8620 8719
f 8664 8720 8621
f 8720 8665 8621
f 8622 8670 8575
f 8667 8723 8622
f 8723 8670 8622
f 8623 8671 8576
f 8623 8576 8575
f 8623 8575 8670
f 8623 8670 8671
f 8624 8579 8672
f 8668 8624 8672
f 8628 8672 8579
f 8628 8579 8578
f 8668 8672 8724
f 8671 8625 8576
f 8673 8625 8671
f 8725 8673 8671
f 8577 8625 8626
f 8625 8674 8626
f 8673 8674 8625
f 8580 8626 8627
f 8626 8581 8627
f 8581 8626 8629
f 8674 8629 8626
f 8627 8628 8578
f 8627 8675 8628
f 8581 8630 8627
f 8627 8630 8675
f 8675 8726 8628
f 8726 8672 8628
f 8629 8674 8676
f 8728 8674 8673
f 8674 8728 8676
f 8630 8581 8629
f 8630 8629 8677
f 8677 8629 8676
f 8630 8678 8675
f 8630 8677 8678
f 8731 8676 8679
f 8676 8731 8677
f 8731 8680 8677
f 8731 8679 8680
f 8682 8631 8632
f 8633 8683 8632
f 8634 8684 8633
f 8682 8681 8631
f 8741 8681 8682
f 8681 8687 8636
f 8681 8741 8687
f 8682 8632 8683
f 8742 8682 8683
f 8741 8682 8742
f 8683 8633 8684
f 8743 8683 8684
f 8683 8743 8742
f 8684 8634 8685
f 8744 8684 8685
f 8684 8744 8743
f 8635 8637 8685
f 8685 8637 8745
f 8685 8745 8744
f 8638 8688 8637
f 8688 8745 8637
f 8686 8636 8687
f 8686 8687 8746
f 8686 8691 8639
f 8686 8746 8691
f 8687 8741 8801
f 8687 8801 8746
f 8638 8689 8688
f 8688 8689 8747
f 8806 8745 8688
f 8747 8806 8688
f 8689 8640 8748
f 8689 8748 8747
f 8639 8691 8690
f 8691 8749 8690
f 8749 8693 8690
f 8641 8690 8693
f 8807 8749 8691
f 8807 8691 8746
f 8692 8748 8640
f 8692 8642 8750
f 8810 8748 8692
f 8750 8810 8692
f 8643 8693 8695
f 8693 8751 8695
f 8749 8751 8693
f 8694 8750 8642
f 8694 8644 8696
f 8752 8694 8696
f 8812 8750 8694
f 8752 8812 8694
f 8695 8645 8643
f 8645 8695 8753
f 8697 8645 8753
f 8813 8753 8695
f 8751 8813 8695
f 8696 8644 8646
f 8696 8646 8754
f 8752 8696 8814
f 8696 8754 8814
f 8647 8697 8699
f 8755 8699 8697
f 8815 8697 8753
f 8815 8755 8697
f 8698 8754 8646
f 8648 8700 8698
f 8700 8756 8698
f 8698 8817 8754
f 8756 8817 8698
f 8649 8699 8701
f 8699 8757 8701
f 8755 8818 8699
f 8757 8699 8818
f 8650 8702 8700
f 8758 8700 8702
f 8756 8700 8819
f 8758 8819 8700
f 8651 8701 8703
f 8701 8759 8703
f 8701 8757 8820
f 8759 8701 8820
f 8702 8652 8760
f 8758 8702 8821
f 8821 8702 8760
f 8653 8703 8705
f 8761 8705 8703
f 8703 8759 8822
f 8761 8703 8822
f 8704 8760 8652
f 8704 8652 8654
f 8704 8654 8762
f 8704 8762 8760
f 8763 8655 8705
f 8761 8824 8705
f 8824 8763 8705
f 8706 8762 8654
f 8656 8708 8706
f 8764 8706 8708
f 8706 8825 8762
f 8764 8825 8706
f 8707 8655 8763
f 8707 8763 8765
f 8707 8709 8657
f 8707 8765 8709
f 8766 8708 8658
f 8764 8708 8827
f 8708 8766 8827
f 8709 8659 8657
f 8709 8767 8659
f 8765 8829 8709
f 8829 8767 8709
f 8711 8659 8767
f 8710 8766 8658
f 8710 8658 8660
f 8712 8710 8660
f 8710 8712 8768
f 8710 8830 8766
f 8710 8768 8830
f 8711 8769 8661
f 8767 8832 8711
f 8832 8769 8711
f 8712 8770 8768
f 8770 8712 8714
f 8714 8712 8662
f 8770 8833 8768
f 8833 8770 8771
f 8713 8661 8769
f 8713 8772 8716
f 8663 8713 8716
f 8835 8713 8769
f 8772 8713 8835
f 8666 8714 8662
f 8721 8666 8665
f 8714 8774 8770
f 8666 8722 8714
f 8714 8722 8774
f 8774 8715 8770
f 8715 8771 8770
f 8715 8775 8771
f 8715 8774 8775
f 8716 8717 8667
f 8716 8772 8717
f 8723 8667 8717
f 8723 8717 8776
f 8717 8772 8837
f 8776 8717 8837
f 8669 8718 8719
f 8778 8719 8718
f 8718 8668 8777
f 8778 8718 8838
f 8777 8838 8718
f 8720 8664 8719
f 8773 8720 8719
f 8778 8839 8719
f 8839 8773 8719
f 8721 8665 8720
f 8779 8721 8720
f 8773 8840 8720
f 8779 8720 8840
f 8722 8666 8721
f 8780 8722 8721
f 8779 8841 8721
f 8721 8841 8780
f 8722 8781 8774
f 8722 8780 8781
f 8842 8774 8781
f 8842 8775 8774
f 8723 8782 8670
f 8723 8776 8782
f 8844 8782 8776
f 8671 8670 8725
f 8725 8670 8782
f 8724 8777 8668
f 8672 8726 8724
f 8783 8724 8726
f 8777 8724 8845
f 8724 8783 8845
f 8727 8673 8725
f 8784 8727 8725
f 8725 8782 8848
f 8784 8725 8848
f 8729 8726 8675
f 8729 8785 8726
f 8783 8726 8849
f 8785 8849 8726
f 8728 8673 8727
f 8786 8728 8727
f 8784 8850 8727
f 8727 8850 8786
f 8676 8728 8730
f 8728 8786 8730
f 8729 8675 8678
f 8678 8677 8732
f 8678 8733 8729
f 8733 8787 8729
f 8785 8729 8851
f 8787 8851 8729
f 8730 8786 8788
f 8852 8788 8786
f 8676 8730 8679
f 8679 8730 8734
f 8730 8788 8734
f 8677 8680 8732
f 8679 8735 8680
f 8678 8732 8733
f 8732 8789 8733
f 8789 8732 8736
f 8680 8736 8732
f 8789 8853 8733
f 8787 8733 8853
f 8679 8734 8735
f 8791 8735 8734
f 8737 8791 8734
f 8790 8737 8734
f 8734 8788 8790
f 8680 8735 8736
f 8792 8736 8735
f 8792 8735 8738
f 8791 8738 8735
f 8793 8789 8736
f 8792 8739 8736
f 8739 8793 8736
f 8793 8855 8789
f 8738 8791 8737
f 8794 8738 8737
f 8737 8790 8856
f 8737 8856 8794
f 8739 8792 8738
f 8739 8738 8795
f 8795 8738 8794
f 8739 8796 8793
f 8739 8795 8796
f 8858 8797 8794
f 8740 8794 8797
f 8794 8740 8795
f 8740 8798 8795
f 8740 8797 8798
f 8859 8795 8798
f 8859 8796 8795
f 8861 8798 8797
f 8802 8741 8742
f 8743 8803 8742
f 8744 8804 8743
f 8805 8744 8745
f 8741 8802 8801
f 8802 8869 8801
f 8869 8808 8801
f 8808 8746 8801
f 8742 8803 8802
f 8802 8803 8870
f 8802 8870 8869
f 8803 8743 8804
f 8871 8803 8804
f 8803 8871 8870
f 8804 8744 8805
f 8872 8804 8805
f 8804 8872 8871
f 8806 8805 8745
f 8873 8805 8806
f 8805 8873 8872
f 8747 8874 8806
f 8873 8806 8874
f 8809 8747 8748
f 8809 8874 8747
f 8808 8807 8746
f 8875 8807 8808
f 8875 8811 8807
f 8811 8749 8807
f 8876 8808 8869
f 8808 8876 8875
f 8942 8876 8869
f 8942 8869 8870
f 8943 8870 8871
f 8873 8874 8946
f 8810 8809 8748
f 8877 8809 8810
f 8947 8874 8809
f 8877 8947 8809
f 8810 8750 8878
f 8878 8877 8810
f 8811 8751 8749
f 8879 8751 8811
f 8879 8813 8751
f 8875 8880 8811
f 8879 8811 8880
f 8876 8948 8875
f 8812 8878 8750
f 8752 8814 8812
f 8881 8812 8814
f 8881 8878 8812
f 8882 8813 8879
f 8813 8816 8753
f 8882 8816 8813
f 8954 8882 8879
f 8814 8754 8883
f 8881 8814 8956
f 8956 8814 8883
f 8753 8816 8815
f 8816 8884 8815
f 8884 8818 8815
f 8818 8755 8815
f 8957 8884 8816
f 8957 8816 8882
f 8817 8883 8754
f 8756 8819 8817
f 8885 8817 8819
f 8959 8883 8817
f 8885 8959 8817
f 8757 8818 8820
f 8886 8820 8818
f 8884 8886 8818
f 8819 8758 8821
f 8887 8819 8821
f 8885 8819 8962
f 8887 8962 8819
f 8759 8820 8822
f 8820 8888 8822
f 8820 8886 8888
f 8821 8760 8889
f 8887 8821 8964
f 8964 8821 8889
f 8761 8822 8824
f 8890 8824 8822
f 8888 8965 8822
f 8822 8965 8890
f 8823 8889 8760
f 8823 8760 8762
f 8823 8762 8891
f 8823 8891 8889
f 8967 8889 8891
f 8763 8824 8892
f 8824 8890 8892
f 8825 8891 8762
f 8764 8827 8825
f 8894 8825 8827
f 8893 8891 8825
f 8894 8893 8825
f 8892 8826 8763
f 8826 8765 8763
f 8829 8765 8826
f 8829 8826 8896
f 8970 8826 8892
f 8896 8826 8970
f 8827 8766 8828
f 8895 8827 8828
f 8894 8827 8972
f 8827 8895 8972
f 8766 8830 8828
f 8830 8897 8828
f 8973 8895 8828
f 8897 8973 8828
f 8829 8898 8767
f 8829 8896 8898
f 8832 8767 8898
f 8898 8896 8974
f 8830 8768 8831
f 8830 8831 8897
f 8768 8833 8831
f 8833 8899 8831
f 8975 8897 8831
f 8899 8975 8831
f 8832 8900 8769
f 8898 8976 8832
f 8976 8900 8832
f 8835 8769 8900
f 8833 8771 8834
f 8833 8834 8899
f 8771 8836 8834
f 8836 8901 8834
f 8978 8899 8834
f 8978 8834 8901
f 8902 8772 8835
f 8900 8979 8835
f 8979 8902 8835
f 8836 8771 8775
f 8905 8901 8836
f 8843 8905 8836
f 8775 8843 8836
f 8982 8901 8905
f 8837 8772 8902
f 8776 8837 8844
f 8907 8844 8837
f 8984 8837 8902
f 8907 8837 8984
f 8777 8908 8838
f 8903 8838 8908
f 8908 8777 8845
f 8903 8908 8985
f 8839 8778 8838
f 8904 8839 8838
f 8904 8838 8903
f 8773 8839 8840
f 8909 8840 8839
f 8904 8986 8839
f 8986 8909 8839
f 8779 8840 8841
f 8841 8840 8910
f 8840 8909 8987
f 8840 8987 8910
f 8841 8911 8780
f 8841 8910 8911
f 8846 8912 8781
f 8846 8781 8780
f 8846 8780 8911
f 8846 8911 8912
f 8843 8775 8842
f 8913 8843 8842
f 8913 8842 8847
f 8847 8842 8781
f 8905 8843 8914
f 8914 8843 8913
f 8914 8988 8905
f 8988 8906 8905
f 8988 8915 8906
f 8988 8914 8915
f 8844 8916 8782
f 8907 8916 8844
f 8845 8783 8849
f 8917 8845 8849
f 8908 8845 8991
f 8917 8991 8845
f 8847 8781 8912
f 8911 8993 8912
f 8912 8994 8847
f 8913 8847 8994
f 8913 8995 8914
f 8848 8782 8916
f 8848 8916 8918
f 8784 8848 8850
f 8918 8850 8848
f 8849 8785 8851
f 8919 8849 8851
f 8917 8849 8999
f 8919 8999 8849
f 8786 8850 8852
f 8920 8852 8850
f 8850 8918 9000
f 8920 8850 9000
f 8851 8787 8853
f 8921 8851 8853
f 8919 8851 9001
f 8851 8921 9001
f 8854 8788 8852
f 8922 8854 8852
f 8920 9002 8852
f 8922 8852 9002
f 8789 8855 8853
f 8923 8853 8855
f 8921 8853 9003
f 8853 8923 9003
f 8854 8790 8788
f 8924 8790 8854
f 8922 9004 8854
f 8924 8854 9004
f 8793 8857 8855
f 8857 8925 8855
f 8923 8855 9005
f 8925 9005 8855
f 8856 8790 8924
f 8926 8856 8924
f 8924 9006 8926
f 8794 8856 8858
f 8856 8926 8858
f 8857 8793 8796
f 8796 8927 8857
f 8925 8857 9007
f 8927 9007 8857
f 8928 8858 8926
f 8926 9008 8928
f 8858 8860 8797
f 8858 8928 8860
f 8859 8927 8796
f 8859 8929 8927
f 8929 8859 8862
f 8798 8862 8859
f 8929 9009 8927
f 8930 8860 8928
f 8797 8860 8861
f 8860 8799 8861
f 8799 8860 8863
f 8930 8863 8860
f 8861 8862 8798
f 8861 8800 8862
f 8800 8861 8864
f 8861 8799 8864
f 8862 8931 8929
f 8800 8865 8862
f 8862 8865 8931
f 9011 8929 8931
f 8932 8863 8930
f 8799 8863 8864
f 8933 8864 8863
f 8866 8933 8863
f 8932 8866 8863
f 8800 8864 8865
f 8934 8865 8864
f 8934 8864 8867
f 8933 8867 8864
f 8934 8935 8865
f 8865 8935 8931
f 8867 8933 8866
f 8937 8867 8866
f 8936 8937 8866
f 8866 8932 8936
f 8934 8867 8938
f 8867 8937 8938
f 8938 9015 8934
f 9015 8935 8934
f 9016 8937 8936
f 8937 9016 8939
f 8939 8868 8937
f 8937 8868 8938
f 8868 8940 8938
f 8868 8939 8940
f 9019 8939 8941
f 9019 8940 8939
f 8872 8944 8871
f 8873 8945 8872
f 8870 8943 8942
f 8943 9024 8942
f 9024 8949 8942
f 8942 8949 8876
f 8871 8944 8943
f 8944 9025 8943
f 9024 8943 8950
f 8943 9025 8950
f 8872 8945 8944
f 9026 8944 8945
f 8944 9026 9025
f 8873 8946 8945
f 9027 8945 8946
f 9026 8945 9027
f 8874 8947 8946
f 8947 9028 8946
f 8946 9028 9027
f 8877 9029 8947
f 8947 9029 9028
f 8878 8953 8877
f 9029 8877 8953
f 8875 8948 8880
f 8954 8879 8880
f 8876 8949 8948
f 9030 8948 8949
f 9030 8955 8948
f 8880 8948 8955
f 8949 9024 8950
f 9031 8949 8950
f 8949 9031 9030
f 8950 9025 9032
f 8950 9032 9031
f 8951 9032 9025
f 8951 9025 9026
f 8951 9026 9033
f 8951 9033 9032
f 9123 9033 9026
f 9123 9026 9027
f 9123 9027 9034
f 9123 9034 9033
f 9124 9034 9027
f 9124 9027 9028
f 9124 9028 9035
f 9124 9035 9034
f 9036 9029 8953
f 8952 9035 9028
f 8952 9028 9029
f 8952 9029 9036
f 8952 9036 9035
f 8878 8881 8953
f 8953 8881 9037
f 8953 9037 9036
f 9037 8881 8956
f 8880 8955 8954
f 8954 8955 9038
f 9038 8958 8954
f 8954 8958 8882
f 9039 8955 9030
f 8955 9039 9038
f 9125 9039 9030
f 9125 9030 9031
f 9125 9031 9040
f 9125 9040 9039
f 9126 9031 9032
f 9130 9035 9036
f 9044 9037 8956
f 9131 9036 9037
f 9131 9037 9044
f 9045 8956 8883
f 9044 8956 9045
f 8882 8958 8957
f 9046 8957 8958
f 9046 8960 8957
f 8960 8884 8957
f 9047 8958 9038
f 8958 9047 9046
f 9132 9047 9038
f 9132 9038 9039
f 9132 9039 9048
f 9132 9048 9047
f 8959 9045 8883
f 8959 9050 9045
f 9140 9049 9044
f 9140 9044 9045
f 9140 9045 9050
f 9140 9050 9049
f 8885 8962 8959
f 8962 9050 8959
f 8884 8960 8886
f 8960 9046 9051
f 8886 8960 8963
f 8960 9051 8963
f 8961 9051 9046
f 8961 9046 9047
f 8961 9047 9052
f 8961 9052 9051
f 8962 9053 9050
f 9149 9050 9053
f 8887 8964 8962
f 8962 8964 9053
f 8886 8963 8888
f 8888 8963 8966
f 8963 9054 8966
f 8963 9051 9054
f 9150 9054 9051
f 9150 9051 9052
f 8889 8967 8964
f 9056 8964 8967
f 8964 9056 9053
f 8888 8966 8965
f 8965 8966 8890
f 8890 8966 8968
f 8968 8966 9057
f 8966 9054 9057
f 9160 9057 9054
f 8969 8967 8891
f 9059 8967 8969
f 8967 9059 9056
f 8890 8968 8892
f 8968 9060 8970
f 8968 8970 8892
f 8968 9057 9060
f 9170 9060 9057
f 9170 9061 9060
f 8969 8891 8893
f 8969 8893 9062
f 9180 9059 8969
f 9180 8969 9062
f 8894 8972 8893
f 8972 9062 8893
f 8896 8970 8971
f 8970 9060 8971
f 8896 8971 8974
f 8971 9063 8974
f 8971 9060 9061
f 8971 9061 9063
f 8895 8973 8972
f 9065 8972 8973
f 8972 9191 9062
f 8972 9065 9191
f 8973 8897 9066
f 9192 9065 8973
f 9066 9192 8973
f 8974 9063 9067
f 9067 8976 8974
f 8898 8974 8976
f 9067 9068 8977
f 9193 9067 9063
f 9193 9068 9067
f 8975 9066 8897
f 8899 9069 8975
f 9201 9066 8975
f 9069 9201 8975
f 8978 9069 8899
f 9067 8977 8976
f 8977 8900 8976
f 8977 9071 8979
f 8977 8979 8900
f 8977 9068 9071
f 9203 9071 9068
f 8978 8901 9075
f 9070 8978 9075
f 9069 8978 9070
f 8982 9075 8901
f 8982 9076 9075
f 9210 9070 9075
f 9076 9210 9075
f 8980 8979 9071
f 8980 8902 8979
f 8984 8902 8980
f 9077 8984 8980
f 8980 9071 9072
f 8980 9072 9077
f 8903 8985 9079
f 8985 9078 9079
f 9215 9078 9073
f 9215 9073 9074
f 9215 9074 9079
f 9215 9079 9078
f 8981 9080 8904
f 8981 8904 8903
f 8981 8903 9079
f 8981 9079 9080
f 9216 9080 9079
f 8906 8983 8982
f 8982 8983 9076
f 8982 8905 8906
f 8906 8989 8983
f 8989 9081 8983
f 9217 9076 8983
f 9217 8983 9081
f 8907 8984 9082
f 8984 9077 9082
f 8985 9083 9078
f 9220 9078 9083
f 8908 8991 8985
f 8991 9083 8985
f 9080 8986 8904
f 8909 8986 8987
f 9084 8987 8986
f 9080 9221 8986
f 9221 9084 8986
f 8987 9085 8910
f 8987 9084 9222
f 9085 8987 9222
f 8992 8911 8910
f 8992 8910 9085
f 8989 8906 8915
f 8915 8914 8996
f 9086 9081 8989
f 8997 9086 8989
f 8915 8997 8989
f 9223 9081 9086
f 9223 9086 9087
f 9082 8990 8907
f 8990 8916 8907
f 8990 9088 8916
f 9088 8990 9082
f 8991 9089 9083
f 8917 8999 8991
f 8991 8999 9089
f 8992 8993 8911
f 9090 8993 8992
f 9085 9227 8992
f 9090 8992 9227
f 8912 8993 8994
f 8994 8993 9091
f 8993 9090 9091
f 8913 8994 8995
f 8994 9092 8995
f 8994 9091 9092
f 8914 8995 8996
f 8995 9093 8996
f 8995 9092 9093
f 8915 8996 8997
f 9094 8997 8996
f 8996 9093 9094
f 9095 9086 8997
f 9094 9095 8997
f 9228 9086 9095
f 9228 9087 9086
f 9228 9096 9087
f 9228 9095 9096
f 8998 8916 9088
f 8998 8918 8916
f 8998 9097 8918
f 8998 9088 9097
f 9000 8918 9097
f 8919 9001 8999
f 9098 8999 9001
f 9089 8999 9098
f 9091 9234 9092
f 9092 9235 9093
f 9093 9236 9094
f 9237 9095 9094
f 8920 9000 9002
f 9000 9099 9002
f 9099 9000 9097
f 9001 8921 9003
f 9100 9001 9003
f 9098 9001 9241
f 9100 9241 9001
f 8922 9002 9004
f 9002 9101 9004
f 9242 9002 9099
f 9101 9002 9242
f 9003 8923 9005
f 9102 9003 9005
f 9100 9003 9243
f 9003 9102 9243
f 8924 9004 9006
f 9004 9103 9006
f 9004 9101 9244
f 9103 9004 9244
f 9005 8925 9007
f 9104 9005 9007
f 9102 9005 9104
f 8926 9006 9008
f 9105 9008 9006
f 9103 9246 9006
f 9105 9006 9246
f 9007 8927 9009
f 9106 9007 9009
f 9104 9007 9106
f 8928 9008 9010
f 9107 9010 9008
f 9107 9008 9105
f 8929 9011 9009
f 9108 9009 9011
f 9106 9009 9108
f 8928 9010 8930
f 8930 9010 9109
f 9010 9107 9109
f 9013 9011 8931
f 9013 9110 9011
f 9108 9011 9251
f 9110 9251 9011
f 9109 9012 8930
f 9012 8932 8930
f 9012 9111 8932
f 9111 9012 9109
f 9013 8931 8935
f 8935 9112 9013
f 9110 9013 9253
f 9112 9253 9013
f 9014 8932 9111
f 9014 8936 8932
f 9014 9113 8936
f 9014 9111 9113
f 9015 9112 8935
f 9015 9114 9112
f 9114 9015 9017
f 9015 8938 9017
f 9114 9255 9112
f 9016 8936 9113
f 9016 9113 9115
f 8939 9016 9018
f 9115 9018 9016
f 9113 9256 9115
f 8938 8940 9017
f 8940 9020 9017
f 9116 9017 9020
f 9114 9017 9116
f 8939 9018 8941
f 8941 9018 9021
f 9117 9021 9018
f 9018 9115 9258
f 9117 9018 9258
f 9020 8940 9019
f 9118 9020 9019
f 9118 9019 9022
f 8941 9022 9019
f 9020 9259 9116
f 9118 9259 9020
f 8941 9021 9022
f 9119 9022 9021
f 9117 9260 9021
f 9260 9119 9021
f 9022 9120 9118
f 9022 9119 9120
f 9120 9261 9118
f 9023 9119 9121
f 9119 9023 9120
f 9023 9122 9120
f 9023 9121 9122
f 9122 9263 9120
f 9033 9127 9032
f 9034 9128 9033
f 9035 9129 9034
f 9126 9040 9031
f 9040 9133 9039
f 9032 9127 9126
f 9127 9041 9126
f 9041 9134 9126
f 9040 9126 9134
f 9033 9128 9127
f 9128 9266 9127
f 9266 9135 9127
f 9041 9127 9135
f 9034 9129 9128
f 9129 9267 9128
f 9267 9136 9128
f 9266 9128 9136
f 9130 9129 9035
f 9130 9042 9129
f 9042 9137 9129
f 9267 9129 9137
f 9131 9130 9036
f 9131 9043 9130
f 9043 9138 9130
f 9042 9130 9138
f 9044 9139 9131
f 9139 9043 9131
f 9133 9048 9039
f 9048 9141 9047
f 9040 9134 9133
f 9268 9133 9134
f 9268 9142 9133
f 9048 9133 9142
f 9134 9041 9135
f 9269 9134 9135
f 9134 9269 9143
f 9268 9134 9143
f 9135 9266 9136
f 9270 9135 9136
f 9269 9135 9270
f 9136 9267 9137
f 9136 9137 9271
f 9136 9271 9270
f 9137 9042 9138
f 9272 9137 9138
f 9271 9137 9272
f 9043 9139 9138
f 9273 9138 9139
f 9138 9273 9147
f 9272 9138 9147
f 9049 9139 9044
f 9049 9148 9139
f 9273 9139 9148
f 9050 9149 9049
f 9141 9052 9047
f 9048 9142 9141
f 9274 9141 9142
f 9274 9151 9141
f 9151 9052 9141
f 9142 9268 9143
f 9275 9142 9143
f 9142 9275 9152
f 9274 9142 9152
f 9143 9269 9276
f 9275 9143 9276
f 9144 9276 9269
f 9144 9269 9270
f 9144 9270 9277
f 9144 9277 9276
f 9145 9277 9270
f 9145 9270 9271
f 9145 9271 9278
f 9145 9278 9277
f 9272 9147 9279
f 9146 9278 9271
f 9146 9271 9272
f 9146 9272 9279
f 9146 9279 9278
f 9147 9273 9148
f 9280 9147 9148
f 9147 9280 9279
f 9049 9149 9148
f 9281 9148 9149
f 9148 9281 9158
f 9280 9148 9158
f 9159 9149 9053
f 9159 9281 9149
f 9052 9151 9150
f 9151 9055 9150
f 9055 9160 9150
f 9150 9160 9054
f 9274 9152 9151
f 9282 9151 9152
f 9282 9161 9151
f 9055 9151 9161
f 9152 9275 9283
f 9282 9152 9162
f 9162 9152 9283
f 9153 9283 9275
f 9153 9275 9276
f 9153 9276 9284
f 9153 9284 9283
f 9154 9284 9276
f 9154 9276 9277
f 9154 9277 9285
f 9154 9285 9284
f 9155 9285 9277
f 9155 9277 9278
f 9155 9278 9286
f 9155 9286 9285
f 9156 9286 9278
f 9156 9278 9279
f 9156 9279 9287
f 9156 9287 9286
f 9280 9158 9288
f 9157 9287 9279
f 9157 9279 9280
f 9157 9280 9288
f 9157 9288 9287
f 9281 9159 9158
f 9289 9158 9159
f 9158 9289 9168
f 9288 9158 9168
f 9056 9159 9053
f 9056 9169 9159
f 9169 9289 9159
f 9055 9161 9160
f 9058 9160 9161
f 9058 9170 9160
f 9170 9057 9160
f 9161 9282 9162
f 9290 9161 9162
f 9290 9171 9161
f 9058 9161 9171
f 9290 9162 9172
f 9172 9162 9291
f 9162 9283 9291
f 9163 9291 9283
f 9163 9283 9284
f 9163 9284 9292
f 9163 9292 9291
f 9164 9292 9284
f 9164 9284 9285
f 9164 9285 9293
f 9164 9293 9292
f 9165 9293 9285
f 9165 9285 9286
f 9165 9286 9294
f 9165 9294 9293
f 9166 9294 9286
f 9166 9286 9287
f 9166 9287 9295
f 9166 9295 9294
f 9167 9295 9287
f 9167 9287 9288
f 9167 9288 9296
f 9167 9296 9295
f 9289 9169 9168
f 9297 9168 9169
f 9168 9297 9178
f 9168 9178 9296
f 9168 9296 9288
f 9059 9169 9056
f 9059 9179 9169
f 9297 9169 9179
f 9058 9171 9170
f 9170 9171 9061
f 9290 9172 9171
f 9298 9171 9172
f 9298 9181 9171
f 9181 9061 9171
f 9299 9172 9291
f 9172 9299 9182
f 9298 9172 9182
f 9173 9299 9291
f 9173 9291 9292
f 9173 9292 9300
f 9173 9300 9299
f 9174 9300 9292
f 9174 9292 9293
f 9174 9293 9301
f 9174 9301 9300
f 9175 9301 9293
f 9175 9293 9294
f 9175 9294 9302
f 9175 9302 9301
f 9176 9302 9294
f 9176 9294 9295
f 9176 9295 9303
f 9176 9303 9302
f 9177 9303 9295
f 9177 9295 9296
f 9177 9296 9304
f 9177 9304 9303
f 9178 9297 9179
f 9178 9179 9305
f 9178 9304 9296
f 9178 9305 9304
f 9179 9059 9180
f 9306 9179 9180
f 9305 9179 9306
f 9180 9062 9190
f 9180 9190 9306
f 9061 9181 9063
f 9298 9182 9181
f 9064 9181 9182
f 9064 9193 9181
f 9181 9193 9063
f 9307 9182 9183
f 9183 9182 9299
f 9307 9194 9182
f 9064 9182 9194
f 9307 9183 9195
f 9195 9183 9308
f 9183 9299 9300
f 9183 9300 9308
f 9184 9308 9300
f 9184 9300 9301
f 9184 9301 9309
f 9184 9309 9308
f 9185 9309 9301
f 9185 9301 9302
f 9185 9302 9310
f 9185 9310 9309
f 9311 9198 9310
f 9186 9310 9302
f 9186 9302 9303
f 9186 9303 9311
f 9186 9311 9310
f 9312 9199 9311
f 9187 9311 9303
f 9187 9303 9304
f 9187 9304 9312
f 9187 9312 9311
f 9188 9312 9304
f 9188 9304 9305
f 9188 9305 9313
f 9188 9313 9312
f 9189 9313 9305
f 9189 9305 9306
f 9189 9306 9314
f 9189 9314 9313
f 9062 9191 9190
f 9315 9190 9191
f 9190 9314 9306
f 9315 9386 9190
f 9190 9386 9314
f 9065 9192 9191
f 9191 9192 9316
f 9315 9191 9387
f 9191 9316 9387
f 9192 9066 9317
f 9192 9317 9316
f 9064 9194 9193
f 9193 9194 9068
f 9307 9195 9194
f 9318 9194 9195
f 9318 9203 9194
f 9068 9194 9203
f 9319 9195 9308
f 9195 9319 9204
f 9318 9195 9204
f 9196 9319 9308
f 9196 9308 9309
f 9196 9309 9320
f 9196 9320 9319
f 9321 9197 9198
f 9310 9198 9197
f 9197 9321 9206
f 9197 9206 9320
f 9197 9320 9309
f 9197 9309 9310
f 9198 9311 9199
f 9322 9198 9199
f 9198 9322 9207
f 9321 9198 9207
f 9323 9199 9312
f 9199 9323 9208
f 9322 9199 9208
f 9200 9323 9312
f 9200 9312 9313
f 9200 9313 9324
f 9200 9324 9323
f 9201 9317 9066
f 9316 9317 9390
f 9201 9069 9325
f 9391 9317 9201
f 9391 9201 9325
f 9202 9070 9326
f 9202 9069 9070
f 9069 9202 9325
f 9202 9326 9325
f 9318 9204 9203
f 9072 9203 9204
f 9072 9071 9203
f 9327 9204 9319
f 9204 9327 9211
f 9072 9204 9211
f 9205 9327 9319
f 9205 9319 9320
f 9205 9320 9328
f 9205 9328 9327
f 9206 9321 9207
f 9329 9206 9207
f 9206 9329 9213
f 9206 9213 9328
f 9206 9328 9320
f 9207 9322 9208
f 9073 9207 9208
f 9073 9214 9207
f 9329 9207 9214
f 9074 9208 9209
f 9209 9208 9323
f 9208 9074 9073
f 9074 9209 9216
f 9330 9216 9209
f 9209 9323 9324
f 9209 9324 9330
f 9210 9326 9070
f 9393 9325 9326
f 9076 9331 9210
f 9394 9326 9210
f 9331 9394 9210
f 9217 9331 9076
f 9332 9331 9217
f 9072 9211 9077
f 9333 9211 9327
f 9077 9211 9219
f 9211 9333 9219
f 9212 9333 9327
f 9212 9327 9328
f 9212 9328 9334
f 9212 9334 9333
f 9329 9214 9213
f 9214 9335 9213
f 9213 9334 9328
f 9213 9335 9334
f 9214 9073 9078
f 9220 9214 9078
f 9220 9335 9214
f 9216 9079 9074
f 9216 9336 9080
f 9330 9336 9216
f 9221 9080 9336
f 9337 9221 9336
f 9336 9330 9396
f 9337 9336 9396
f 9217 9081 9218
f 9332 9217 9218
f 9218 9223 9338
f 9218 9081 9223
f 9397 9332 9218
f 9338 9397 9218
f 9077 9219 9082
f 9082 9219 9225
f 9219 9340 9225
f 9219 9333 9340
f 9399 9333 9334
f 9220 9341 9335
f 9400 9334 9335
f 9400 9335 9341
f 9220 9083 9226
f 9220 9226 9341
f 9084 9221 9222
f 9337 9222 9221
f 9222 9342 9085
f 9222 9337 9401
f 9342 9222 9401
f 9224 9338 9223
f 9224 9223 9087
f 9343 9224 9229
f 9087 9229 9224
f 9224 9339 9338
f 9343 9339 9224
f 9082 9225 9088
f 9225 9345 9088
f 9403 9345 9225
f 9340 9403 9225
f 9226 9083 9089
f 9226 9089 9347
f 9346 9226 9347
f 9226 9346 9341
f 9342 9227 9085
f 9090 9227 9348
f 9227 9342 9406
f 9348 9227 9406
f 9233 9349 9091
f 9233 9091 9090
f 9233 9090 9348
f 9233 9348 9349
f 9096 9229 9087
f 9095 9238 9096
f 9229 9350 9343
f 9350 9229 9239
f 9096 9239 9229
f 9350 9230 9343
f 9230 9344 9343
f 9230 9351 9344
f 9230 9350 9351
f 9231 9088 9345
f 9231 9097 9088
f 9231 9352 9097
f 9231 9345 9352
f 9345 9408 9352
f 9232 9347 9089
f 9232 9089 9098
f 9232 9098 9353
f 9232 9353 9347
f 9346 9347 9409
f 9409 9347 9353
f 9241 9353 9098
f 9234 9091 9349
f 9348 9410 9349
f 9092 9234 9235
f 9354 9235 9234
f 9349 9411 9234
f 9234 9411 9354
f 9093 9235 9236
f 9235 9355 9236
f 9355 9235 9354
f 9094 9236 9237
f 9236 9356 9237
f 9236 9355 9356
f 9237 9238 9095
f 9237 9357 9238
f 9237 9356 9357
f 9096 9238 9239
f 9238 9358 9239
f 9238 9357 9358
f 9359 9350 9239
f 9239 9358 9359
f 9412 9350 9359
f 9412 9351 9350
f 9412 9360 9351
f 9412 9359 9360
f 9240 9097 9352
f 9240 9099 9097
f 9240 9361 9099
f 9240 9352 9361
f 9100 9243 9241
f 9362 9241 9243
f 9362 9353 9241
f 9355 9418 9356
f 9356 9419 9357
f 9357 9420 9358
f 9242 9099 9361
f 9363 9242 9361
f 9101 9242 9244
f 9242 9363 9244
f 9245 9243 9102
f 9364 9243 9245
f 9362 9243 9426
f 9364 9426 9243
f 9365 9244 9363
f 9103 9244 9246
f 9365 9246 9244
f 9245 9102 9104
f 9245 9104 9366
f 9364 9245 9428
f 9366 9428 9245
f 9105 9246 9367
f 9246 9365 9429
f 9367 9246 9429
f 9247 9366 9104
f 9247 9104 9106
f 9247 9106 9368
f 9247 9368 9366
f 9367 9248 9105
f 9105 9248 9107
f 9107 9248 9369
f 9369 9248 9367
f 9367 9431 9369
f 9249 9368 9106
f 9249 9106 9108
f 9249 9108 9370
f 9249 9370 9368
f 9108 9251 9370
f 9369 9250 9107
f 9107 9250 9109
f 9250 9371 9109
f 9250 9369 9371
f 9251 9372 9370
f 9251 9253 9372
f 9251 9110 9253
f 9252 9109 9371
f 9109 9252 9111
f 9252 9373 9111
f 9252 9371 9373
f 9253 9112 9255
f 9374 9253 9255
f 9253 9374 9372
f 9254 9111 9373
f 9254 9113 9111
f 9254 9256 9113
f 9254 9375 9256
f 9373 9437 9254
f 9375 9254 9437
f 9255 9114 9257
f 9376 9255 9257
f 9374 9255 9438
f 9255 9376 9438
f 9115 9256 9258
f 9256 9377 9258
f 9256 9375 9439
f 9377 9256 9439
f 9257 9114 9116
f 9116 9378 9257
f 9376 9257 9440
f 9378 9440 9257
f 9117 9258 9260
f 9379 9260 9258
f 9377 9441 9258
f 9379 9258 9441
f 9259 9378 9116
f 9259 9380 9378
f 9380 9259 9261
f 9259 9118 9261
f 9380 9442 9378
f 9119 9260 9381
f 9379 9443 9260
f 9381 9260 9443
f 9261 9382 9380
f 9261 9263 9382
f 9261 9120 9263
f 9381 9262 9119
f 9262 9121 9119
f 9262 9383 9121
f 9262 9381 9383
f 9121 9264 9122
f 9264 9121 9383
f 9122 9265 9263
f 9384 9263 9265
f 9382 9263 9384
f 9122 9264 9265
f 9385 9265 9264
f 9447 9264 9383
f 9385 9264 9447
f 9265 9448 9384
f 9385 9448 9265
f 9314 9388 9313
f 9315 9387 9386
f 9387 9451 9386
f 9386 9389 9314
f 9386 9451 9389
f 9387 9316 9452
f 9387 9452 9451
f 9390 9452 9316
f 9313 9388 9324
f 9388 9314 9389
f 9453 9388 9389
f 9324 9388 9392
f 9388 9453 9392
f 9518 9453 9389
f 9518 9389 9451
f 9519 9451 9452
f 9317 9391 9390
f 9454 9390 9391
f 9520 9452 9390
f 9454 9520 9390
f 9391 9325 9455
f 9455 9454 9391
f 9324 9392 9330
f 9392 9456 9330
f 9330 9456 9396
f 9456 9457 9396
f 9392 9453 9457
f 9392 9457 9456
f 9393 9455 9325
f 9326 9394 9393
f 9394 9458 9393
f 9523 9455 9393
f 9458 9523 9393
f 9331 9459 9394
f 9394 9459 9458
f 9395 9332 9460
f 9395 9331 9332
f 9395 9459 9331
f 9395 9460 9459
f 9396 9461 9337
f 9396 9457 9461
f 9525 9458 9459
f 9397 9460 9332
f 9526 9459 9460
f 9397 9338 9463
f 9460 9397 9462
f 9397 9463 9462
f 9398 9339 9464
f 9398 9338 9339
f 9338 9398 9463
f 9398 9464 9463
f 9399 9340 9333
f 9400 9399 9334
f 9400 9465 9399
f 9465 9404 9399
f 9340 9399 9404
f 9341 9405 9400
f 9465 9400 9405
f 9401 9337 9461
f 9401 9466 9342
f 9527 9401 9461
f 9527 9466 9401
f 9339 9402 9464
f 9339 9343 9402
f 9344 9467 9402
f 9402 9343 9344
f 9402 9531 9464
f 9467 9531 9402
f 9344 9407 9467
f 9340 9404 9403
f 9403 9404 9469
f 9408 9403 9469
f 9345 9403 9408
f 9404 9465 9405
f 9470 9404 9405
f 9404 9470 9469
f 9405 9341 9346
f 9471 9405 9346
f 9470 9405 9471
f 9409 9471 9346
f 9466 9406 9342
f 9348 9406 9472
f 9406 9466 9532
f 9472 9406 9532
f 9410 9348 9472
f 9407 9344 9351
f 9468 9407 9473
f 9473 9407 9413
f 9413 9407 9351
f 9467 9407 9534
f 9407 9468 9534
f 9414 9474 9473
f 9535 9468 9473
f 9474 9535 9473
f 9408 9475 9352
f 9408 9469 9476
f 9475 9408 9476
f 9477 9471 9409
f 9537 9470 9471
f 9537 9471 9477
f 9409 9353 9416
f 9477 9409 9416
f 9349 9410 9411
f 9478 9411 9410
f 9472 9538 9410
f 9538 9478 9410
f 9411 9479 9354
f 9411 9478 9539
f 9479 9411 9539
f 9417 9355 9354
f 9417 9354 9479
f 9359 9358 9421
f 9360 9413 9351
f 9422 9360 9359
f 9473 9413 9414
f 9480 9414 9413
f 9480 9413 9423
f 9360 9423 9413
f 9414 9480 9481
f 9414 9481 9474
f 9415 9352 9475
f 9415 9361 9352
f 9415 9482 9361
f 9415 9475 9482
f 9541 9482 9475
f 9416 9353 9362
f 9416 9362 9483
f 9416 9543 9477
f 9416 9483 9543
f 9426 9483 9362
f 9417 9418 9355
f 9484 9418 9417
f 9479 9544 9417
f 9544 9484 9417
f 9356 9418 9419
f 9485 9419 9418
f 9418 9484 9485
f 9357 9419 9420
f 9420 9419 9486
f 9419 9485 9486
f 9358 9420 9421
f 9420 9487 9421
f 9420 9486 9487
f 9359 9421 9422
f 9421 9488 9422
f 9421 9487 9488
f 9423 9360 9422
f 9489 9423 9422
f 9422 9488 9489
f 9490 9480 9423
f 9423 9489 9490
f 9424 9480 9490
f 9480 9424 9481
f 9424 9491 9481
f 9424 9490 9491
f 9425 9361 9482
f 9361 9425 9363
f 9363 9425 9492
f 9425 9482 9492
f 9426 9493 9483
f 9483 9493 9548
f 9364 9428 9426
f 9426 9428 9493
f 9492 9427 9363
f 9427 9365 9363
f 9494 9365 9427
f 9494 9427 9492
f 9430 9428 9366
f 9495 9428 9430
f 9428 9557 9493
f 9495 9557 9428
f 9429 9365 9494
f 9496 9429 9494
f 9494 9558 9496
f 9367 9429 9431
f 9496 9431 9429
f 9430 9366 9368
f 9430 9368 9497
f 9495 9430 9559
f 9559 9430 9497
f 9369 9431 9433
f 9498 9433 9431
f 9496 9498 9431
f 9432 9497 9368
f 9432 9368 9370
f 9432 9370 9499
f 9432 9499 9497
f 9561 9497 9499
f 9433 9371 9369
f 9433 9500 9371
f 9563 9433 9498
f 9433 9563 9500
f 9434 9499 9370
f 9434 9370 9372
f 9434 9372 9501
f 9434 9501 9499
f 9435 9371 9500
f 9435 9373 9371
f 9435 9502 9373
f 9435 9500 9502
f 9565 9502 9500
f 9437 9373 9502
f 9436 9501 9372
f 9436 9372 9374
f 9436 9374 9503
f 9436 9503 9501
f 9375 9437 9439
f 9437 9504 9439
f 9504 9437 9502
f 9438 9503 9374
f 9438 9505 9503
f 9438 9440 9505
f 9438 9376 9440
f 9377 9439 9441
f 9506 9441 9439
f 9439 9504 9569
f 9506 9439 9569
f 9378 9442 9440
f 9507 9440 9442
f 9505 9440 9570
f 9440 9507 9570
f 9443 9441 9508
f 9443 9379 9441
f 9506 9571 9441
f 9571 9508 9441
f 9444 9442 9380
f 9444 9509 9442
f 9507 9442 9572
f 9509 9572 9442
f 9381 9443 9510
f 9510 9443 9508
f 9444 9380 9382
f 9382 9511 9444
f 9509 9444 9574
f 9511 9574 9444
f 9510 9445 9381
f 9445 9383 9381
f 9445 9512 9383
f 9445 9510 9512
f 9446 9511 9382
f 9446 9382 9384
f 9446 9384 9513
f 9446 9513 9511
f 9513 9576 9511
f 9447 9383 9512
f 9385 9447 9449
f 9514 9449 9447
f 9577 9447 9512
f 9514 9447 9577
f 9448 9513 9384
f 9448 9515 9513
f 9515 9448 9450
f 9448 9385 9450
f 9578 9513 9515
f 9385 9449 9450
f 9516 9450 9449
f 9514 9579 9449
f 9579 9516 9449
f 9450 9517 9515
f 9450 9516 9517
f 9516 9581 9517
f 9451 9519 9518
f 9519 9583 9518
f 9583 9522 9518
f 9518 9522 9453
f 9452 9520 9519
f 9519 9520 9584
f 9519 9584 9583
f 9520 9454 9585
f 9584 9520 9585
f 9521 9455 9586
f 9521 9454 9455
f 9454 9521 9585
f 9521 9586 9585
f 9453 9522 9457
f 9587 9522 9583
f 9457 9522 9524
f 9522 9587 9524
f 9587 9583 9650
f 9650 9583 9584
f 9523 9586 9455
f 9523 9458 9588
f 9653 9586 9523
f 9588 9653 9523
f 9524 9461 9457
f 9527 9461 9524
f 9589 9527 9524
f 9524 9587 9589
f 9525 9588 9458
f 9459 9526 9525
f 9526 9590 9525
f 9655 9588 9525
f 9590 9655 9525
f 9460 9462 9526
f 9462 9528 9526
f 9526 9528 9590
f 9463 9529 9462
f 9464 9530 9463
f 9527 9591 9466
f 9589 9591 9527
f 9532 9466 9591
f 9591 9589 9656
f 9528 9462 9529
f 9592 9528 9529
f 9657 9590 9528
f 9592 9657 9528
f 9463 9530 9529
f 9530 9593 9529
f 9529 9593 9592
f 9464 9531 9530
f 9531 9594 9530
f 9530 9594 9593
f 9467 9533 9531
f 9531 9533 9594
f 9536 9469 9470
f 9532 9595 9472
f 9591 9658 9532
f 9658 9595 9532
f 9538 9472 9595
f 9661 9593 9594
f 9533 9467 9534
f 9598 9533 9534
f 9533 9597 9594
f 9533 9598 9597
f 9468 9535 9534
f 9534 9535 9599
f 9534 9599 9598
f 9535 9474 9600
f 9535 9600 9599
f 9469 9536 9476
f 9541 9475 9476
f 9537 9536 9470
f 9537 9602 9536
f 9476 9536 9601
f 9536 9602 9601
f 9537 9477 9542
f 9537 9542 9602
f 9478 9538 9539
f 9596 9539 9538
f 9595 9662 9538
f 9662 9596 9538
f 9539 9603 9479
f 9539 9596 9663
f 9603 9539 9663
f 9540 9600 9474
f 9540 9474 9481
f 9604 9600 9540
f 9666 9599 9600
f 9666 9600 9604
f 9540 9481 9546
f 9605 9540 9546
f 9605 9604 9540
f 9476 9601 9541
f 9607 9541 9601
f 9541 9547 9482
f 9607 9547 9541
f 9667 9607 9601
f 9667 9601 9602
f 9667 9602 9608
f 9667 9608 9607
f 9542 9477 9543
f 9542 9543 9609
f 9542 9608 9602
f 9542 9609 9608
f 9483 9548 9543
f 9609 9543 9548
f 9603 9544 9479
f 9544 9610 9484
f 9603 9668 9544
f 9668 9610 9544
f 9545 9611 9485
f 9545 9485 9484
f 9545 9484 9610
f 9545 9610 9611
f 9549 9486 9485
f 9549 9485 9611
f 9550 9487 9486
f 9551 9488 9487
f 9552 9489 9488
f 9553 9490 9489
f 9481 9491 9546
f 9554 9491 9490
f 9606 9546 9613
f 9613 9546 9555
f 9491 9555 9546
f 9605 9546 9670
f 9546 9606 9670
f 9547 9492 9482
f 9547 9614 9492
f 9671 9614 9547
f 9671 9547 9607
f 9548 9493 9616
f 9615 9548 9616
f 9609 9548 9615
f 9550 9486 9549
f 9612 9550 9549
f 9611 9675 9549
f 9612 9549 9675
f 9550 9551 9487
f 9617 9551 9550
f 9612 9676 9550
f 9617 9550 9676
f 9551 9552 9488
f 9618 9552 9551
f 9551 9617 9618
f 9553 9489 9552
f 9619 9553 9552
f 9552 9618 9619
f 9554 9490 9553
f 9620 9554 9553
f 9553 9619 9620
f 9555 9491 9554
f 9621 9555 9554
f 9554 9620 9621
f 9622 9613 9555
f 9555 9621 9622
f 9679 9613 9622
f 9556 9492 9614
f 9492 9556 9494
f 9494 9556 9623
f 9556 9614 9623
f 9558 9494 9623
f 9623 9614 9680
f 9557 9616 9493
f 9557 9624 9616
f 9615 9616 9682
f 9682 9616 9624
f 9495 9559 9557
f 9559 9624 9557
f 9558 9560 9496
f 9625 9560 9558
f 9625 9558 9623
f 9497 9561 9559
f 9626 9559 9561
f 9626 9624 9559
f 9560 9498 9496
f 9562 9498 9560
f 9627 9562 9560
f 9625 9689 9560
f 9689 9627 9560
f 9564 9561 9499
f 9628 9561 9564
f 9561 9690 9626
f 9628 9690 9561
f 9563 9498 9562
f 9629 9563 9562
f 9627 9691 9562
f 9562 9691 9629
f 9500 9563 9565
f 9629 9565 9563
f 9564 9499 9501
f 9564 9501 9630
f 9628 9564 9692
f 9692 9564 9630
f 9632 9502 9565
f 9631 9632 9565
f 9629 9631 9565
f 9566 9630 9501
f 9566 9501 9503
f 9566 9503 9633
f 9566 9633 9630
f 9633 9694 9630
f 9567 9502 9632
f 9567 9504 9502
f 9567 9634 9504
f 9634 9567 9632
f 9631 9696 9632
f 9632 9696 9634
f 9504 9634 9569
f 9568 9633 9503
f 9568 9503 9505
f 9568 9505 9635
f 9568 9635 9633
f 9635 9697 9633
f 9506 9569 9571
f 9636 9571 9569
f 9569 9634 9636
f 9570 9635 9505
f 9570 9637 9635
f 9570 9572 9637
f 9570 9507 9572
f 9637 9699 9635
f 9508 9571 9573
f 9638 9573 9571
f 9636 9700 9571
f 9638 9571 9700
f 9572 9509 9574
f 9639 9572 9574
f 9637 9572 9701
f 9572 9639 9701
f 9508 9573 9510
f 9510 9573 9640
f 9638 9702 9573
f 9573 9702 9640
f 9511 9576 9574
f 9641 9574 9576
f 9639 9574 9703
f 9574 9641 9703
f 9640 9575 9510
f 9575 9512 9510
f 9575 9642 9512
f 9575 9640 9642
f 9513 9578 9576
f 9578 9643 9576
f 9641 9576 9705
f 9643 9705 9576
f 9577 9512 9642
f 9514 9577 9579
f 9644 9579 9577
f 9706 9577 9642
f 9644 9577 9706
f 9580 9578 9515
f 9580 9645 9578
f 9643 9578 9707
f 9645 9707 9578
f 9516 9579 9646
f 9644 9708 9579
f 9708 9646 9579
f 9580 9515 9517
f 9582 9580 9517
f 9582 9647 9580
f 9645 9580 9709
f 9647 9709 9580
f 9646 9581 9516
f 9581 9646 9648
f 9582 9517 9581
f 9649 9582 9581
f 9581 9648 9649
f 9647 9582 9711
f 9649 9711 9582
f 9648 9712 9649
f 9585 9651 9584
f 9652 9585 9586
f 9650 9584 9651
f 9650 9651 9714
f 9587 9650 9654
f 9650 9714 9654
f 9651 9585 9652
f 9715 9651 9652
f 9651 9715 9714
f 9653 9652 9586
f 9716 9652 9653
f 9715 9652 9774
f 9716 9774 9652
f 9717 9653 9588
f 9775 9716 9653
f 9775 9653 9717
f 9587 9654 9589
f 9589 9654 9656
f 9654 9718 9656
f 9654 9714 9718
f 9655 9717 9588
f 9655 9590 9719
f 9655 9777 9717
f 9655 9719 9777
f 9656 9720 9658
f 9591 9656 9658
f 9656 9718 9720
f 9657 9719 9590
f 9592 9721 9657
f 9779 9719 9657
f 9721 9779 9657
f 9660 9592 9593
f 9721 9592 9660
f 9720 9659 9658
f 9659 9595 9658
f 9659 9722 9662
f 9659 9662 9595
f 9780 9659 9720
f 9722 9659 9780
f 9660 9593 9661
f 9660 9661 9723
f 9721 9660 9781
f 9660 9723 9781
f 9594 9597 9661
f 9597 9724 9661
f 9661 9724 9723
f 9598 9664 9597
f 9724 9597 9664
f 9599 9665 9598
f 9722 9663 9662
f 9596 9662 9663
f 9663 9725 9603
f 9722 9782 9663
f 9725 9663 9782
f 9723 9724 9783
f 9598 9665 9664
f 9726 9664 9665
f 9724 9664 9784
f 9664 9726 9784
f 9599 9666 9665
f 9666 9727 9665
f 9726 9665 9727
f 9666 9604 9669
f 9666 9669 9727
f 9605 9670 9604
f 9608 9672 9607
f 9609 9673 9608
f 9725 9668 9603
f 9668 9728 9610
f 9785 9668 9725
f 9785 9728 9668
f 9674 9729 9611
f 9674 9611 9610
f 9674 9610 9728
f 9674 9728 9729
f 9726 9727 9787
f 9669 9604 9670
f 9730 9669 9670
f 9788 9727 9669
f 9788 9669 9730
f 9606 9613 9670
f 9670 9613 9731
f 9670 9731 9730
f 9679 9731 9613
f 9607 9672 9671
f 9732 9671 9672
f 9732 9680 9671
f 9614 9671 9680
f 9608 9673 9672
f 9733 9672 9673
f 9732 9672 9733
f 9609 9615 9673
f 9615 9681 9673
f 9673 9681 9733
f 9729 9675 9611
f 9612 9675 9676
f 9675 9734 9676
f 9675 9729 9789
f 9734 9675 9789
f 9617 9676 9735
f 9676 9734 9735
f 9677 9736 9618
f 9677 9618 9617
f 9677 9617 9735
f 9677 9735 9736
f 9678 9737 9619
f 9678 9619 9618
f 9678 9618 9736
f 9678 9736 9737
f 9683 9620 9619
f 9684 9621 9620
f 9685 9622 9621
f 9738 9679 9686
f 9622 9686 9679
f 9792 9731 9679
f 9792 9679 9738
f 9739 9680 9732
f 9623 9680 9687
f 9680 9739 9687
f 9793 9739 9732
f 9793 9732 9733
f 9793 9733 9740
f 9793 9740 9739
f 9615 9682 9681
f 9682 9741 9681
f 9681 9740 9733
f 9681 9741 9740
f 9682 9624 9688
f 9682 9688 9741
f 9683 9619 9737
f 9736 9795 9737
f 9684 9620 9683
f 9742 9684 9683
f 9737 9796 9683
f 9742 9683 9796
f 9685 9621 9684
f 9743 9685 9684
f 9684 9742 9743
f 9622 9685 9686
f 9744 9686 9685
f 9744 9685 9743
f 9686 9745 9738
f 9686 9744 9745
f 9623 9687 9625
f 9687 9746 9625
f 9746 9689 9625
f 9799 9746 9687
f 9799 9687 9739
f 9688 9624 9626
f 9688 9626 9748
f 9747 9688 9748
f 9688 9747 9741
f 9744 9803 9745
f 9689 9746 9749
f 9749 9691 9689
f 9691 9627 9689
f 9690 9748 9626
f 9690 9750 9748
f 9747 9748 9807
f 9807 9748 9750
f 9628 9692 9690
f 9692 9750 9690
f 9693 9629 9691
f 9751 9693 9691
f 9808 9691 9749
f 9808 9751 9691
f 9692 9752 9750
f 9750 9752 9809
f 9630 9694 9692
f 9692 9694 9752
f 9629 9693 9631
f 9695 9631 9693
f 9753 9695 9693
f 9751 9810 9693
f 9810 9753 9693
f 9694 9633 9697
f 9754 9694 9697
f 9694 9754 9752
f 9631 9695 9696
f 9755 9696 9695
f 9753 9812 9695
f 9695 9812 9755
f 9696 9698 9634
f 9696 9755 9698
f 9699 9697 9635
f 9756 9697 9699
f 9697 9813 9754
f 9756 9813 9697
f 9698 9636 9634
f 9698 9758 9636
f 9698 9755 9757
f 9698 9757 9758
f 9636 9758 9700
f 9699 9637 9701
f 9759 9699 9701
f 9756 9699 9815
f 9759 9815 9699
f 9638 9700 9702
f 9760 9702 9700
f 9700 9758 9760
f 9701 9639 9703
f 9761 9701 9703
f 9759 9701 9817
f 9761 9817 9701
f 9640 9702 9762
f 9760 9818 9702
f 9762 9702 9818
f 9703 9641 9705
f 9763 9703 9705
f 9761 9703 9819
f 9703 9763 9819
f 9762 9704 9640
f 9704 9642 9640
f 9704 9764 9642
f 9704 9762 9764
f 9820 9764 9762
f 9705 9643 9707
f 9765 9705 9707
f 9763 9705 9821
f 9705 9765 9821
f 9706 9642 9764
f 9644 9706 9708
f 9766 9708 9706
f 9822 9706 9764
f 9766 9706 9822
f 9707 9645 9709
f 9767 9707 9709
f 9765 9707 9823
f 9707 9767 9823
f 9646 9708 9768
f 9766 9824 9708
f 9824 9768 9708
f 9709 9647 9711
f 9769 9709 9711
f 9767 9709 9825
f 9825 9709 9769
f 9768 9710 9646
f 9710 9648 9646
f 9710 9770 9648
f 9710 9768 9770
f 9712 9648 9770
f 9713 9771 9711
f 9649 9713 9711
f 9769 9711 9771
f 9713 9649 9712
f 9772 9713 9712
f 9770 9828 9712
f 9772 9712 9828
f 9713 9773 9771
f 9713 9772 9773
f 9714 9715 9776
f 9716 9775 9774
f 9775 9832 9774
f 9715 9774 9831
f 9774 9832 9831
f 9775 9717 9833
f 9775 9833 9832
f 9777 9833 9717
f 9714 9776 9718
f 9776 9715 9831
f 9834 9776 9831
f 9718 9776 9778
f 9776 9834 9778
f 9891 9834 9831
f 9891 9831 9832
f 9892 9832 9833
f 9777 9719 9835
f 9777 9893 9833
f 9777 9835 9893
f 9719 9779 9835
f 9718 9778 9720
f 9780 9720 9778
f 9836 9780 9778
f 9778 9834 9836
f 9779 9721 9837
f 9835 9779 9895
f 9779 9837 9895
f 9722 9780 9838
f 9836 9838 9780
f 9722 9838 9782
f 9836 9896 9838
f 9781 9837 9721
f 9781 9723 9839
f 9837 9781 9897
f 9839 9897 9781
f 9725 9782 9840
f 9838 9898 9782
f 9898 9840 9782
f 9785 9725 9840
f 9839 9723 9783
f 9724 9784 9783
f 9783 9784 9842
f 9839 9783 9900
f 9842 9900 9783
f 9784 9726 9843
f 9784 9843 9842
f 9785 9844 9728
f 9840 9841 9785
f 9841 9844 9785
f 9786 9845 9729
f 9786 9729 9728
f 9786 9728 9844
f 9786 9844 9845
f 9845 9844 9901
f 9843 9726 9787
f 9842 9843 9902
f 9727 9788 9787
f 9787 9788 9846
f 9843 9787 9903
f 9787 9846 9903
f 9788 9730 9847
f 9788 9847 9846
f 9791 9730 9731
f 9845 9789 9729
f 9734 9789 9848
f 9845 9904 9789
f 9848 9789 9904
f 9790 9849 9735
f 9790 9735 9734
f 9790 9734 9848
f 9790 9848 9849
f 9794 9736 9735
f 9847 9730 9791
f 9846 9847 9906
f 9791 9731 9792
f 9791 9792 9850
f 9847 9791 9907
f 9791 9850 9907
f 9792 9738 9851
f 9792 9851 9850
f 9740 9800 9739
f 9741 9801 9740
f 9794 9735 9849
f 9794 9795 9736
f 9852 9795 9794
f 9849 9908 9794
f 9908 9852 9794
f 9737 9795 9796
f 9796 9795 9853
f 9795 9852 9909
f 9853 9795 9909
f 9796 9854 9742
f 9796 9853 9854
f 9797 9855 9743
f 9797 9743 9742
f 9797 9742 9854
f 9797 9854 9855
f 9802 9744 9743
f 9798 9851 9738
f 9798 9738 9745
f 9856 9851 9798
f 9911 9850 9851
f 9856 9911 9851
f 9745 9804 9798
f 9856 9798 9804
f 9739 9800 9799
f 9857 9799 9800
f 9857 9805 9799
f 9746 9799 9805
f 9740 9801 9800
f 9858 9800 9801
f 9857 9800 9858
f 9741 9747 9801
f 9747 9806 9801
f 9801 9806 9858
f 9802 9743 9855
f 9854 9913 9855
f 9802 9803 9744
f 9802 9859 9803
f 9855 9914 9802
f 9802 9914 9859
f 9745 9803 9804
f 9803 9860 9804
f 9803 9859 9860
f 9861 9804 9860
f 9856 9804 9915
f 9804 9861 9915
f 9746 9805 9749
f 9863 9805 9857
f 9749 9805 9862
f 9805 9863 9862
f 9916 9863 9857
f 9916 9857 9858
f 9916 9858 9864
f 9916 9864 9863
f 9747 9807 9806
f 9807 9865 9806
f 9806 9864 9858
f 9806 9865 9864
f 9750 9809 9807
f 9865 9807 9809
f 9918 9860 9859
f 9866 9860 9918
f 9866 9919 9860
f 9861 9860 9919
f 9808 9749 9862
f 9808 9862 9867
f 9867 9810 9808
f 9810 9751 9808
f 9920 9867 9862
f 9920 9862 9863
f 9868 9865 9809
f 9922 9865 9868
f 9809 9752 9811
f 9868 9809 9811
f 9753 9810 9812
f 9869 9812 9810
f 9867 9869 9810
f 9811 9752 9754
f 9811 9754 9871
f 9811 9870 9868
f 9871 9870 9811
f 9814 9755 9812
f 9872 9814 9812
f 9869 9926 9812
f 9872 9812 9926
f 9813 9871 9754
f 9813 9873 9871
f 9929 9871 9873
f 9756 9815 9813
f 9815 9873 9813
f 9814 9757 9755
f 9874 9757 9814
f 9872 9930 9814
f 9874 9814 9930
f 9758 9757 9816
f 9874 9816 9757
f 9815 9875 9873
f 9873 9875 9931
f 9759 9817 9815
f 9815 9817 9875
f 9876 9816 9874
f 9876 9874 9932
f 9758 9816 9760
f 9877 9760 9816
f 9876 9877 9816
f 9761 9819 9817
f 9878 9817 9819
f 9817 9878 9875
f 9760 9877 9818
f 9879 9818 9877
f 9876 9935 9877
f 9879 9877 9935
f 9762 9818 9820
f 9879 9820 9818
f 9819 9763 9821
f 9880 9819 9821
f 9819 9880 9878
f 9881 9764 9820
f 9820 9879 9937
f 9881 9820 9937
f 9821 9765 9823
f 9882 9821 9823
f 9880 9821 9938
f 9882 9938 9821
f 9822 9764 9881
f 9822 9881 9883
f 9766 9822 9824
f 9824 9822 9883
f 9884 9823 9825
f 9823 9767 9825
f 9882 9823 9940
f 9823 9884 9940
f 9768 9824 9885
f 9883 9941 9824
f 9885 9824 9941
f 9825 9769 9886
f 9825 9886 9884
f 9885 9826 9768
f 9826 9770 9768
f 9826 9887 9770
f 9826 9885 9887
f 9887 9828 9770
f 9827 9886 9769
f 9827 9769 9771
f 9827 9771 9888
f 9827 9888 9886
f 9828 9889 9772
f 9828 9887 9945
f 9889 9828 9945
f 9829 9888 9771
f 9829 9771 9773
f 9829 9773 9890
f 9829 9890 9888
f 9830 9890 9773
f 9830 9773 9772
f 9830 9772 9889
f 9830 9889 9890
f 9832 9892 9891
f 9892 9948 9891
f 9948 9894 9891
f 9891 9894 9834
f 9833 9893 9892
f 9949 9892 9893
f 9892 9949 9948
f 9893 9835 9950
f 9949 9893 9950
f 9835 9895 9950
f 9894 9836 9834
f 9894 9948 9951
f 9951 9896 9894
f 9896 9836 9894
f 10000 9951 9948
f 10000 9948 9949
f 9895 9837 9953
f 9950 9895 10002
f 9895 9953 10002
f 9837 9897 9953
f 9896 9951 9954
f 9954 9898 9896
f 9898 9838 9896
f 10004 9954 9951
f 9955 9897 9839
f 9953 9897 10006
f 9897 9955 10006
f 9899 9898 9954
f 9899 9840 9898
f 9899 9956 9841
f 9899 9841 9840
f 9899 9954 10008
f 9899 10008 9956
f 9955 9839 9900
f 9900 9842 9957
f 9955 9900 10010
f 9900 9957 10010
f 9842 9902 9957
f 9901 9841 9956
f 9844 9841 9901
f 9901 9958 9845
f 9901 9956 10011
f 9901 10011 9958
f 9843 9903 9902
f 9902 9903 9959
f 9957 9902 10013
f 9902 9959 10013
f 9903 9846 9960
f 9903 9960 9959
f 9958 9904 9845
f 9904 9961 9848
f 9958 10014 9904
f 10014 9961 9904
f 9905 9962 9849
f 9905 9849 9848
f 9905 9848 9961
f 9905 9961 9962
f 9962 9961 10015
f 9960 9846 9906
f 9959 9960 10016
f 9847 9907 9906
f 9963 9906 9907
f 9960 9906 10017
f 9963 10017 9906
f 9850 9910 9907
f 9910 9963 9907
f 9962 9908 9849
f 9852 9908 9909
f 9908 9964 9909
f 9962 10018 9908
f 10018 9964 9908
f 9909 9965 9853
f 9909 9964 9965
f 9912 9854 9853
f 9912 9853 9965
f 9911 9910 9850
f 9966 9910 9911
f 10020 9963 9910
f 9966 10020 9910
f 9856 9967 9911
f 9967 9966 9911
f 9967 9856 9915
f 9912 9913 9854
f 9968 9913 9912
f 9965 10021 9912
f 10021 9968 9912
f 9855 9913 9914
f 9913 9969 9914
f 9969 9913 9968
f 9917 9859 9914
f 9917 9914 9969
f 9915 9861 9919
f 9970 9915 9919
f 9967 9915 10024
f 9970 10024 9915
f 9864 9921 9863
f 9865 9922 9864
f 9918 9859 9917
f 9971 9918 9917
f 9969 10025 9917
f 9971 9917 10025
f 9866 9918 9919
f 9918 9972 9919
f 9971 9972 9918
f 9919 9972 9973
f 9970 9919 10026
f 9973 10026 9919
f 9863 9921 9920
f 9974 9920 9921
f 9974 9923 9920
f 9923 9867 9920
f 9864 9922 9921
f 9975 9921 9922
f 9974 9921 9975
f 9868 9925 9922
f 9975 9922 9925
f 9971 10027 9972
f 9973 9972 10028
f 9923 9869 9867
f 9923 9974 9976
f 9869 9923 9927
f 9927 9923 9976
f 9975 9925 9977
f 9924 9976 9974
f 9924 9974 9975
f 9924 9975 9977
f 9924 9977 9976
f 9925 9868 9870
f 9925 9870 9928
f 9925 9928 9977
f 9871 9929 9870
f 9869 9927 9926
f 9926 9927 9978
f 9978 9930 9926
f 9872 9926 9930
f 9927 9976 9979
f 9927 9979 9978
f 10029 9976 9977
f 10029 9977 9980
f 9870 9929 9928
f 9929 9981 9928
f 9928 9980 9977
f 9928 9981 9980
f 9873 9931 9929
f 9981 9929 9931
f 9874 9930 9932
f 9930 9982 9932
f 9978 9982 9930
f 9983 9981 9931
f 10032 9980 9981
f 10032 9981 9983
f 9931 9875 9933
f 9983 9931 9933
f 9876 9932 9934
f 9984 9934 9932
f 9982 10033 9932
f 9984 9932 10033
f 9933 9875 9878
f 9933 9878 9986
f 9985 9933 9986
f 9933 9985 9983
f 9876 9934 9935
f 9935 9934 9987
f 9984 10037 9934
f 10037 9987 9934
f 9879 9935 9988
f 9935 9987 9988
f 9936 9986 9878
f 9936 9878 9880
f 9936 9880 9989
f 9936 9989 9986
f 9985 9986 10039
f 10039 9986 9989
f 9938 9989 9880
f 9937 9879 9988
f 9937 9988 9990
f 10041 9988 9987
f 10041 9990 9988
f 9937 9939 9881
f 9937 9990 9939
f 9882 9940 9938
f 9991 9938 9940
f 9991 9989 9938
f 9939 9883 9881
f 9939 9992 9883
f 10044 9939 9990
f 9939 10044 9992
f 9883 9992 9941
f 9942 9940 9884
f 9993 9940 9942
f 9940 10045 9991
f 9993 10045 9940
f 9941 9943 9885
f 9994 9943 9941
f 9941 9992 10047
f 9994 9941 10047
f 9942 9884 9886
f 9942 9886 9995
f 9993 9942 10048
f 9995 10048 9942
f 9943 9887 9885
f 9943 9996 9887
f 9994 10049 9943
f 10049 9996 9943
f 9996 9945 9887
f 9944 9995 9886
f 9944 9886 9888
f 9944 9888 9997
f 9944 9997 9995
f 9945 9998 9889
f 10051 9945 9996
f 9998 9945 10051
f 9946 9997 9888
f 9946 9888 9890
f 9946 9890 9999
f 9946 9999 9997
f 9947 9999 9890
f 9947 9890 9889
f 9947 9889 9998
f 9947 9998 9999
f 9998 10053 9999
f 10001 9949 9950
f 9949 10001 10000
f 10001 9952 10000
f 9952 10004 10000
f 10004 9951 10000
f 9950 10002 10001
f 10001 10002 10054
f 9952 10001 10005
f 10001 10054 10005
f 9953 10003 10002
f 10002 10003 10055
f 10002 10055 10054
f 10003 10006 10056
f 9953 10006 10003
f 10003 10056 10055
f 9952 10005 10004
f 10004 10005 10057
f 10057 10008 10004
f 10008 9954 10004
f 10057 10058 10009
f 10005 10054 10058
f 10005 10058 10057
f 10006 9955 10007
f 10006 10007 10056
f 9955 10010 10007
f 10059 10007 10010
f 10097 10056 10007
f 10059 10097 10007
f 10057 10009 10008
f 10009 9956 10008
f 10011 9956 10009
f 10011 10009 10060
f 10009 10058 10060
f 10010 9957 10061
f 10010 10061 10059
f 9957 10013 10061
f 10011 10012 9958
f 10011 10060 10012
f 10012 10062 10014
f 10012 10014 9958
f 10100 10012 10060
f 10100 10062 10012
f 10013 9959 10063
f 10061 10013 10102
f 10013 10063 10102
f 9959 10016 10063
f 10062 10015 10014
f 9961 10014 10015
f 10015 10064 9962
f 10015 10062 10103
f 10015 10103 10064
f 9960 10017 10016
f 10065 10016 10017
f 10063 10016 10105
f 10016 10065 10105
f 10017 9963 10066
f 10066 10065 10017
f 10064 10018 9962
f 10018 10067 9964
f 10064 10106 10018
f 10106 10067 10018
f 10019 10068 9965
f 10019 9965 9964
f 10019 9964 10067
f 10019 10067 10068
f 10068 10067 10107
f 10020 10066 9963
f 9966 10069 10020
f 10109 10066 10020
f 10069 10109 10020
f 10023 9966 9967
f 10023 10069 9966
f 10068 10021 9965
f 10021 10070 9968
f 10068 10110 10021
f 10070 10021 10110
f 10022 10071 9969
f 10022 9969 9968
f 10022 9968 10070
f 10022 10070 10071
f 10023 9967 10024
f 10023 10024 10072
f 10111 10069 10023
f 10111 10023 10072
f 9970 10026 10024
f 10024 10026 10072
f 10071 10025 9969
f 10070 10112 10071
f 10025 10073 9971
f 10025 10071 10113
f 10073 10025 10113
f 10073 10027 9971
f 10026 9973 10028
f 10074 10026 10028
f 10026 10114 10072
f 10074 10114 10026
f 9972 10027 10028
f 10075 10028 10027
f 10073 10115 10027
f 10027 10115 10075
f 10074 10028 10116
f 10116 10028 10075
f 9976 10029 9979
f 10030 9978 9979
f 9980 10031 10029
f 9979 10029 10031
f 9978 10030 9982
f 9979 10031 10030
f 10076 10030 10031
f 9982 10030 10034
f 10030 10076 10034
f 10031 9980 10032
f 10077 10031 10032
f 10076 10031 10077
f 9983 10036 10032
f 10077 10032 10036
f 9982 10034 10033
f 10033 10034 10078
f 10078 10037 10033
f 10037 9984 10033
f 10034 10076 10079
f 10034 10079 10078
f 10080 10077 10036
f 10035 10079 10076
f 10035 10076 10077
f 10035 10077 10080
f 10035 10080 10079
f 10036 9983 9985
f 10036 9985 10038
f 10080 10036 10038
f 10040 9987 10037
f 10081 10040 10037
f 10078 10081 10037
f 9985 10039 10038
f 10039 10083 10038
f 10038 10082 10080
f 10038 10083 10082
f 9989 10042 10039
f 10083 10039 10042
f 10041 9987 10040
f 10084 10041 10040
f 10081 10119 10040
f 10040 10119 10084
f 10041 10043 9990
f 10041 10084 10043
f 9989 9991 10042
f 10042 9991 10086
f 10085 10042 10086
f 10083 10042 10085
f 10044 9990 10043
f 10044 10043 10087
f 10084 10122 10043
f 10122 10087 10043
f 10044 10046 9992
f 10044 10087 10046
f 10045 10086 9991
f 10045 10088 10086
f 10085 10086 10123
f 10123 10086 10088
f 9993 10048 10045
f 10045 10048 10088
f 10046 10047 9992
f 10046 10089 10047
f 10087 10125 10046
f 10125 10089 10046
f 9994 10047 10049
f 10049 10047 10089
f 10050 10048 9995
f 10090 10048 10050
f 10048 10127 10088
f 10090 10127 10048
f 10049 10091 9996
f 10128 10049 10089
f 10049 10128 10091
f 10050 9995 9997
f 10050 9997 10092
f 10090 10050 10129
f 10092 10129 10050
f 10051 9996 10091
f 10051 10093 9998
f 10051 10091 10130
f 10093 10051 10130
f 10052 10092 9997
f 10052 9997 9999
f 10052 9999 10094
f 10052 10094 10092
f 10093 10053 9998
f 9999 10053 10094
f 10093 10132 10053
f 10053 10132 10094
f 10095 10054 10055
f 10096 10055 10056
f 10054 10095 10058
f 10055 10096 10095
f 10095 10096 10133
f 10133 10098 10095
f 10058 10095 10098
f 10097 10096 10056
f 10134 10096 10097
f 10096 10134 10133
f 10097 10059 10135
f 10135 10134 10097
f 10058 10098 10060
f 10136 10098 10133
f 10136 10100 10098
f 10098 10100 10060
f 10169 10136 10133
f 10169 10133 10134
f 10099 10135 10059
f 10099 10059 10061
f 10061 10102 10099
f 10102 10138 10099
f 10171 10135 10099
f 10138 10171 10099
f 10100 10101 10062
f 10100 10136 10101
f 10103 10062 10101
f 10103 10101 10139
f 10101 10136 10172
f 10101 10172 10139
f 10102 10063 10140
f 10102 10140 10138
f 10063 10105 10140
f 10174 10138 10140
f 10103 10104 10064
f 10103 10139 10104
f 10106 10064 10104
f 10106 10104 10141
f 10175 10104 10139
f 10141 10104 10175
f 10105 10065 10142
f 10140 10105 10176
f 10105 10142 10176
f 10108 10065 10066
f 10065 10108 10142
f 10141 10107 10106
f 10067 10106 10107
f 10107 10143 10068
f 10141 10178 10107
f 10143 10107 10178
f 10109 10108 10066
f 10144 10108 10109
f 10142 10108 10179
f 10108 10144 10179
f 10109 10069 10145
f 10145 10144 10109
f 10143 10110 10068
f 10070 10110 10146
f 10110 10143 10180
f 10146 10110 10180
f 10112 10070 10146
f 10111 10145 10069
f 10111 10072 10147
f 10182 10145 10111
f 10147 10182 10111
f 10071 10112 10113
f 10112 10148 10113
f 10146 10183 10112
f 10183 10148 10112
f 10113 10149 10073
f 10113 10148 10149
f 10114 10147 10072
f 10150 10147 10114
f 10147 10150 10184
f 10074 10116 10114
f 10150 10114 10116
f 10149 10115 10073
f 10148 10185 10149
f 10115 10151 10075
f 10115 10149 10186
f 10151 10115 10186
f 10116 10075 10151
f 10116 10151 10187
f 10150 10116 10187
f 10117 10078 10079
f 10118 10079 10080
f 10078 10117 10081
f 10117 10152 10081
f 10152 10119 10081
f 10079 10118 10117
f 10118 10153 10117
f 10117 10153 10152
f 10082 10118 10080
f 10082 10154 10118
f 10118 10154 10153
f 10083 10121 10082
f 10084 10119 10155
f 10119 10152 10155
f 10188 10155 10152
f 10188 10152 10153
f 10082 10121 10154
f 10157 10154 10121
f 10120 10156 10153
f 10120 10153 10154
f 10120 10154 10157
f 10120 10157 10156
f 10083 10085 10121
f 10085 10158 10121
f 10157 10121 10158
f 10155 10122 10084
f 10122 10155 10159
f 10122 10124 10087
f 10122 10159 10124
f 10085 10123 10158
f 10160 10158 10123
f 10191 10157 10158
f 10191 10158 10160
f 10123 10088 10126
f 10160 10123 10126
f 10087 10124 10125
f 10161 10125 10124
f 10159 10192 10124
f 10192 10161 10124
f 10125 10162 10089
f 10161 10162 10125
f 10127 10126 10088
f 10127 10163 10126
f 10194 10160 10126
f 10194 10126 10163
f 10090 10129 10127
f 10129 10163 10127
f 10128 10089 10162
f 10164 10128 10162
f 10161 10195 10162
f 10195 10164 10162
f 10128 10165 10091
f 10164 10165 10128
f 10131 10129 10092
f 10166 10129 10131
f 10129 10197 10163
f 10166 10197 10129
f 10165 10130 10091
f 10164 10198 10165
f 10130 10167 10093
f 10130 10165 10199
f 10167 10130 10199
f 10131 10092 10094
f 10131 10094 10168
f 10132 10168 10094
f 10132 10167 10168
f 10166 10131 10200
f 10200 10131 10168
f 10167 10200 10168
f 10132 10093 10167
f 10170 10134 10135
f 10134 10170 10169
f 10137 10169 10170
f 10137 10172 10169
f 10172 10136 10169
f 10171 10170 10135
f 10201 10170 10171
f 10137 10170 10173
f 10170 10201 10173
f 10171 10138 10202
f 10202 10201 10171
f 10137 10173 10172
f 10172 10173 10139
f 10175 10139 10173
f 10175 10173 10203
f 10173 10201 10203
f 10174 10202 10138
f 10174 10176 10204
f 10140 10176 10174
f 10225 10202 10174
f 10204 10225 10174
f 10141 10175 10205
f 10175 10203 10205
f 10141 10205 10178
f 10206 10178 10205
f 10226 10205 10203
f 10206 10205 10226
f 10177 10204 10176
f 10177 10176 10142
f 10142 10179 10177
f 10207 10177 10179
f 10227 10204 10177
f 10207 10227 10177
f 10143 10178 10208
f 10206 10208 10178
f 10180 10143 10208
f 10179 10144 10209
f 10179 10209 10207
f 10181 10144 10145
f 10144 10181 10209
f 10180 10210 10146
f 10208 10230 10180
f 10230 10210 10180
f 10183 10146 10210
f 10181 10145 10182
f 10181 10182 10211
f 10209 10181 10232
f 10181 10211 10232
f 10147 10184 10182
f 10182 10184 10211
f 10183 10212 10148
f 10210 10233 10183
f 10233 10212 10183
f 10185 10148 10212
f 10184 10150 10213
f 10211 10184 10235
f 10235 10184 10213
f 10187 10213 10150
f 10149 10185 10186
f 10214 10186 10185
f 10212 10236 10185
f 10236 10214 10185
f 10187 10151 10215
f 10187 10215 10213
f 10186 10215 10151
f 10186 10214 10237
f 10186 10237 10215
f 10153 10156 10188
f 10156 10189 10188
f 10188 10189 10155
f 10157 10190 10156
f 10189 10159 10155
f 10189 10156 10190
f 10216 10189 10190
f 10216 10192 10189
f 10192 10159 10189
f 10190 10157 10191
f 10217 10190 10191
f 10190 10217 10216
f 10191 10160 10193
f 10191 10193 10217
f 10192 10218 10161
f 10192 10216 10218
f 10195 10161 10218
f 10238 10218 10216
f 10238 10216 10217
f 10238 10217 10219
f 10238 10219 10218
f 10194 10193 10160
f 10194 10220 10193
f 10193 10219 10217
f 10193 10220 10219
f 10194 10163 10196
f 10194 10196 10220
f 10195 10221 10164
f 10218 10219 10195
f 10219 10221 10195
f 10198 10164 10221
f 10198 10221 10222
f 10239 10220 10222
f 10239 10222 10221
f 10196 10163 10197
f 10196 10197 10223
f 10196 10222 10220
f 10196 10223 10222
f 10166 10200 10197
f 10200 10223 10197
f 10165 10198 10199
f 10198 10222 10199
f 10167 10199 10200
f 10200 10199 10223
f 10199 10222 10223
f 10202 10224 10201
f 10201 10224 10203
f 10202 10225 10224
f 10225 10240 10224
f 10240 10226 10224
f 10224 10226 10203
f 10225 10204 10241
f 10225 10241 10240
f 10226 10240 10242
f 10242 10206 10226
f 10227 10241 10204
f 10250 10242 10240
f 10250 10240 10241
f 10227 10207 10244
f 10251 10241 10227
f 10244 10251 10227
f 10242 10228 10206
f 10208 10206 10228
f 10228 10245 10230
f 10208 10228 10230
f 10242 10243 10228
f 10228 10243 10245
f 10229 10244 10207
f 10229 10207 10209
f 10229 10209 10246
f 10229 10246 10244
f 10209 10232 10246
f 10245 10231 10230
f 10231 10210 10230
f 10233 10210 10231
f 10233 10231 10247
f 10253 10231 10245
f 10247 10231 10253
f 10232 10211 10248
f 10246 10232 10254
f 10248 10254 10232
f 10235 10248 10211
f 10233 10234 10212
f 10233 10247 10234
f 10235 10249 10248
f 10236 10212 10234
f 10236 10234 10249
f 10247 10255 10234
f 10255 10248 10249
f 10255 10249 10234
f 10237 10235 10213
f 10235 10237 10249
f 10249 10237 10236
f 10214 10236 10237
f 10237 10213 10215
f 10220 10239 10219
f 10239 10221 10219
f 10241 10251 10250
f 10251 10243 10250
f 10243 10242 10250
f 10244 10252 10251
f 10243 10251 10252
f 10243 10252 10245
f 10244 10246 10252
f 10256 10252 10246
f 10256 10253 10252
f 10253 10245 10252
f 10256 10246 10254
f 10256 10254 10253
f 10247 10253 10254
f 10248 10255 10254
f 10247 10254 10255
