# this file was generated by MTVT
v -0.070528 -0.330528 -0.390528
v -0.055619 -0.331525 -0.391525
v -0.040000 -0.331484 -0.391484
v -0.095414 -0.315990 -0.393051
v -0.077728 -0.318439 -0.399426
v -0.060441 -0.320666 -0.400496
v -0.040622 -0.320900 -0.400628
v -0.020656 -0.318638 -0.399450
v 0.002602 -0.315520 -0.395520
v 0.020000 -0.310522 -0.390522
v -0.115819 -0.295221 -0.392773
v -0.100530 -0.300542 -0.400366
v -0.081795 -0.301776 -0.401723
v -0.061323 -0.301292 -0.402693
v -0.041628 -0.301581 -0.403291
v -0.021789 -0.301677 -0.403559
v -0.001307 -0.302951 -0.402555
v 0.018328 -0.302068 -0.401210
v 0.039832 -0.299645 -0.399809
v 0.062593 -0.295188 -0.398651
v 0.084922 -0.291467 -0.391467
v -0.275638 -0.276614 -0.393731
v -0.258350 -0.278946 -0.396626
v -0.237377 -0.278951 -0.395737
v -0.218887 -0.277983 -0.394708
v -0.196086 -0.273104 -0.393104
v -0.133584 -0.273584 -0.393584
v -0.119250 -0.279310 -0.399781
v -0.101581 -0.281585 -0.401553
v -0.081181 -0.281190 -0.402405
v -0.059654 -0.279665 -0.402235
v -0.039910 -0.278724 -0.401881
v -0.019841 -0.278856 -0.401875
v -0.001469 -0.279895 -0.402961
v 0.017926 -0.282027 -0.404135
v 0.037704 -0.282185 -0.404598
v 0.057623 -0.282140 -0.404684
v 0.078364 -0.282827 -0.403184
v 0.098727 -0.281714 -0.401198
v 0.120015 -0.280032 -0.400025
v 0.142473 -0.275176 -0.398645
v 0.161859 -0.273226 -0.396551
v 0.183900 -0.272997 -0.392997
v -0.297911 -0.257666 -0.396477
v -0.281201 -0.260910 -0.400575
v -0.261413 -0.262842 -0.401228
v -0.242100 -0.263524 -0.401264
v -0.222075 -0.263244 -0.401233
v -0.201098 -0.261467 -0.400643
v -0.179984 -0.258760 -0.399406
v -0.156451 -0.257181 -0.396289
v -0.139031 -0.259080 -0.399625
v -0.121633 -0.261634 -0.401833
v -0.099820 -0.259807 -0.402226
v -0.078755 -0.259689 -0.400603
v -0.060891 -0.261510 -0.398454
v -0.036612 -0.260000 -0.393523
v -0.016142 -0.260000 -0.392190
v 0.003285 -0.260000 -0.393126
v 0.018917 -0.263113 -0.398778
v 0.038993 -0.259845 -0.400625
v 0.060491 -0.258684 -0.402212
v 0.077539 -0.262513 -0.404975
v 0.097338 -0.262579 -0.405281
v 0.117265 -0.262564 -0.405433
v 0.137349 -0.262370 -0.405209
v 0.157490 -0.262183 -0.404954
v 0.177687 -0.263243 -0.402076
v 0.200768 -0.259160 -0.398186
v 0.220000 -0.252568 -0.392568
v -0.312916 -0.237051 -0.392916
v -0.300166 -0.240275 -0.400116
v -0.281983 -0.241995 -0.401316
v -0.261022 -0.241030 -0.402070
v -0.241029 -0.241029 -0.402056
v -0.220949 -0.240950 -0.401894
v -0.200976 -0.240962 -0.401935
v -0.181081 -0.241039 -0.402145
v -0.160799 -0.242456 -0.401569
v -0.141295 -0.241259 -0.402684
v -0.119778 -0.239769 -0.402360
v -0.099907 -0.239899 -0.400189
v -0.080000 -0.240000 -0.392821
v 0.068841 -0.240000 -0.391159
v 0.081214 -0.242727 -0.397159
v 0.099417 -0.239855 -0.400581
v 0.118422 -0.240436 -0.403255
v 0.137284 -0.242773 -0.405468
v 0.157012 -0.242993 -0.406011
v 0.177091 -0.242818 -0.405742
v 0.197771 -0.241999 -0.404200
v 0.221341 -0.237677 -0.397289
v -0.316855 -0.218432 -0.396855
v -0.301325 -0.220660 -0.400626
v -0.280922 -0.220936 -0.401888
v -0.260903 -0.220907 -0.401811
v -0.240873 -0.220879 -0.401744
v -0.220792 -0.220795 -0.401578
v -0.200833 -0.220841 -0.401669
v -0.180919 -0.220932 -0.401849
v -0.161317 -0.221326 -0.402659
v -0.141505 -0.221512 -0.403054
v -0.119483 -0.220194 -0.401121
v -0.100000 -0.220000 -0.392961
v 0.129130 -0.220000 -0.390870
v 0.140679 -0.221695 -0.396298
v 0.158116 -0.220142 -0.401515
v 0.177265 -0.222809 -0.405500
v 0.197440 -0.222486 -0.404992
v 0.220689 -0.219796 -0.401180
v 0.240000 -0.211427 -0.391427
v -0.317412 -0.198678 -0.397412
v -0.302213 -0.201237 -0.400809
v -0.280871 -0.200883 -0.401768
v -0.260861 -0.200861 -0.401717
v -0.240837 -0.200837 -0.401672
v -0.220782 -0.200780 -0.401558
v -0.200769 -0.200772 -0.401541
v -0.180896 -0.200904 -0.401803
v -0.161262 -0.201291 -0.402576
v -0.141486 -0.201504 -0.403001
v -0.120135 -0.200026 -0.399420
v 0.166053 -0.196901 -0.393947
v 0.178043 -0.201162 -0.402113
v 0.197704 -0.202354 -0.404594
v 0.221659 -0.199357 -0.401797
v 0.240000 -0.197248 -0.393929
v -0.316084 -0.177580 -0.396084
v -0.302045 -0.181262 -0.400709
v -0.280951 -0.180964 -0.401929
v -0.261076 -0.181069 -0.402155
v -0.240937 -0.180925 -0.401866
v -0.220952 -0.180945 -0.401903
v -0.201090 -0.181079 -0.402194
v -0.181265 -0.181244 -0.402552
v -0.161447 -0.181436 -0.402926
v -0.141691 -0.181690 -0.403417
v -0.119154 -0.179601 -0.401043
v -0.100000 -0.170481 -0.390481
v 0.164467 -0.175013 -0.392558
v 0.179047 -0.180721 -0.400645
v 0.198035 -0.182068 -0.404042
v 0.220745 -0.181204 -0.402390
v 0.243623 -0.178019 -0.394806
v -0.311289 -0.160000 -0.391289
v -0.300802 -0.159413 -0.400345
v -0.281076 -0.161101 -0.402206
v -0.261290 -0.161287 -0.402599
v -0.241335 -0.161309 -0.402665
v -0.221819 -0.161781 -0.403702
v -0.202333 -0.162245 -0.404756
v -0.182441 -0.162311 -0.404908
v -0.159558 -0.159474 -0.403078
v -0.141233 -0.159466 -0.402413
v -0.119513 -0.161394 -0.402837
v -0.100000 -0.157861 -0.395003
v 0.145044 -0.155168 -0.392160
v 0.161797 -0.158229 -0.399214
v 0.177704 -0.162332 -0.402676
v 0.198038 -0.161974 -0.404016
v 0.218330 -0.161622 -0.403255
v 0.239443 -0.159793 -0.399615
v 0.264775 -0.151575 -0.391575
v -0.296642 -0.138283 -0.399147
v -0.281104 -0.141166 -0.402311
v -0.261702 -0.141711 -0.403473
v -0.242223 -0.142179 -0.404542
v -0.222223 -0.142160 -0.404488
v -0.201622 -0.141638 -0.403223
v -0.181092 -0.141154 -0.402163
v -0.160281 -0.140171 -0.399883
v -0.138408 -0.138215 -0.396510
v -0.123173 -0.141418 -0.402713
v -0.099994 -0.139809 -0.399689
v 0.124354 -0.135701 -0.393139
v 0.140450 -0.139575 -0.399844
v 0.157619 -0.142370 -0.402766
v 0.177916 -0.142074 -0.404316
v 0.197756 -0.142220 -0.404505
v 0.217975 -0.141958 -0.403977
v 0.238686 -0.141215 -0.402510
v 0.259357 -0.139065 -0.397693
v 0.282855 -0.134820 -0.391641
v -0.294715 -0.118043 -0.394714
v -0.282785 -0.121080 -0.402140
v -0.262097 -0.122132 -0.404348
v -0.242423 -0.122451 -0.405012
v -0.222329 -0.122262 -0.404561
v -0.201329 -0.121278 -0.402525
v -0.179096 -0.119095 -0.401027
v -0.161798 -0.120611 -0.399504
v -0.138615 -0.118542 -0.397183
v -0.122870 -0.121659 -0.401176
v -0.099216 -0.119860 -0.401749
v 0.107381 -0.116815 -0.392619
v 0.120186 -0.119809 -0.399922
v 0.137187 -0.122802 -0.403180
v 0.158119 -0.121842 -0.403827
v 0.178526 -0.121495 -0.402940
v 0.200641 -0.119393 -0.401949
v 0.220356 -0.119123 -0.400478
v 0.238340 -0.121688 -0.403322
v 0.260812 -0.122037 -0.401246
v 0.281484 -0.118853 -0.397372
v 0.302737 -0.115209 -0.392657
v -0.311279 -0.091279 -0.391279
v -0.298063 -0.097796 -0.398354
v -0.283011 -0.103070 -0.402396
v -0.262347 -0.102429 -0.404902
v -0.243025 -0.103080 -0.406256
v -0.222123 -0.102004 -0.404043
v -0.198266 -0.098485 -0.400446
v -0.180488 -0.101690 -0.399482
v -0.158671 -0.098618 -0.397489
v -0.138222 -0.098015 -0.396309
v -0.122671 -0.101698 -0.401011
v -0.098840 -0.100271 -0.402963
v -0.080000 -0.095124 -0.390762
v 0.103857 -0.097435 -0.397355
v 0.117552 -0.102546 -0.402967
v 0.137376 -0.102618 -0.405486
v 0.158722 -0.101210 -0.402407
v 0.182439 -0.098847 -0.400518
v 0.199446 -0.101714 -0.399212
v 0.221702 -0.098356 -0.396687
v 0.242155 -0.100599 -0.398294
v 0.258323 -0.101765 -0.403456
v 0.280623 -0.101712 -0.400966
v 0.301890 -0.098543 -0.396761
v 0.320000 -0.096142 -0.391594
v -0.330734 -0.070734 -0.390734
v -0.317288 -0.077280 -0.397162
v -0.302599 -0.081058 -0.401223
v -0.281677 -0.081725 -0.403517
v -0.262236 -0.082319 -0.404637
v -0.242503 -0.082634 -0.405131
v -0.219828 -0.079808 -0.402037
v -0.201277 -0.080241 -0.399211
v -0.178306 -0.078179 -0.396666
v -0.157410 -0.077450 -0.394991
v -0.137034 -0.076871 -0.393368
v -0.121232 -0.080954 -0.400553
v -0.099443 -0.080732 -0.403262
v 0.101481 -0.078991 -0.399176
v 0.117859 -0.082355 -0.404852
v 0.137113 -0.082906 -0.405875
v 0.158837 -0.081048 -0.402096
v 0.180832 -0.078545 -0.400094
v 0.200485 -0.079534 -0.399048
v 0.221173 -0.078921 -0.397766
v 0.241687 -0.078189 -0.396277
v 0.256461 -0.082421 -0.401563
v 0.278325 -0.081625 -0.403291
v 0.300292 -0.080079 -0.400154
v 0.324091 -0.076877 -0.393362
v -0.337936 -0.057829 -0.396640
v -0.321406 -0.061644 -0.400688
v -0.301248 -0.061269 -0.402628
v -0.281822 -0.061864 -0.403761
v -0.262183 -0.062234 -0.404462
v -0.242390 -0.062420 -0.404829
v -0.220301 -0.060035 -0.399664
v -0.197265 -0.057323 -0.394670
v -0.176679 -0.056690 -0.393129
v -0.157064 -0.057261 -0.393831
v -0.136353 -0.056318 -0.397804
v -0.123107 -0.063231 -0.403442
v -0.100001 -0.059583 -0.401026
v 0.101225 -0.059127 -0.399313
v 0.117805 -0.062445 -0.404879
v 0.137631 -0.062414 -0.404728
v 0.159007 -0.060926 -0.401806
v 0.179172 -0.060338 -0.399811
v 0.200391 -0.059608 -0.399218
v 0.222145 -0.057875 -0.399286
v 0.242742 -0.058387 -0.398762
v 0.256861 -0.063284 -0.402804
v 0.278080 -0.061837 -0.403790
v 0.301249 -0.059790 -0.400954
v 0.322866 -0.057552 -0.395495
v -0.353518 -0.037029 -0.393518
v -0.340437 -0.040662 -0.400288
v -0.322478 -0.042491 -0.401759
v -0.301534 -0.041551 -0.403149
v -0.281905 -0.041934 -0.403894
v -0.262186 -0.042217 -0.404437
v -0.242360 -0.042397 -0.404772
v -0.219653 -0.040872 -0.401792
v -0.197090 -0.035755 -0.397379
v -0.177296 -0.035927 -0.397533
v -0.159766 -0.039772 -0.399912
v -0.143095 -0.043055 -0.403195
v -0.120664 -0.040668 -0.403764
v -0.106334 -0.043137 -0.397603
v 0.103141 -0.037198 -0.397728
v 0.117938 -0.042333 -0.404600
v 0.138762 -0.041227 -0.402414
v 0.159103 -0.041044 -0.399556
v 0.178803 -0.041155 -0.398934
v 0.200468 -0.039482 -0.399019
v 0.222380 -0.039064 -0.399462
v 0.239602 -0.041763 -0.400864
v 0.257931 -0.042067 -0.404422
v 0.280471 -0.039501 -0.402332
v 0.299976 -0.040043 -0.399984
v 0.323061 -0.037519 -0.392563
v -0.354730 -0.017218 -0.394730
v -0.341873 -0.021148 -0.401052
v -0.321385 -0.021404 -0.402858
v -0.301706 -0.021718 -0.403473
v -0.281917 -0.021938 -0.403887
v -0.262052 -0.022082 -0.404142
v -0.242157 -0.022193 -0.404340
v -0.222374 -0.022317 -0.404691
v -0.202138 -0.021894 -0.404104
v -0.182063 -0.021825 -0.404141
v -0.162180 -0.022019 -0.404461
v -0.140369 -0.020370 -0.403518
v -0.119975 -0.020191 -0.399382
v 0.106547 -0.016064 -0.393453
v 0.117651 -0.021277 -0.402461
v 0.138224 -0.021761 -0.403476
v 0.159246 -0.019545 -0.399395
v 0.182492 -0.016379 -0.398275
v 0.202253 -0.016168 -0.398344
v 0.221952 -0.018050 -0.399454
v 0.238585 -0.021609 -0.403184
v 0.260077 -0.019958 -0.402493
v 0.279924 -0.020079 -0.399926
v 0.301963 -0.017786 -0.394481
v -0.354571 -0.000000 -0.394571
v -0.342212 -0.001421 -0.401185
v -0.321589 -0.001627 -0.403277
v -0.301843 -0.001849 -0.403727
v -0.281905 -0.001912 -0.403830
v -0.261903 -0.001917 -0.403813
v -0.241954 -0.001981 -0.403923
v -0.222110 -0.002159 -0.404266
v -0.202084 -0.002106 -0.404152
v -0.182110 -0.002149 -0.404235
v -0.159824 0.000143 -0.403397
v -0.139185 0.001006 -0.399917
v 0.121809 -0.000942 -0.398731
v 0.137922 -0.002208 -0.404320
v 0.157910 -0.001886 -0.404001
v 0.177996 -0.001737 -0.403957
v 0.198621 -0.001149 -0.402703
v 0.218504 -0.001377 -0.403059
v 0.239845 -0.000164 -0.401651
v 0.257693 -0.001576 -0.398378
v 0.284372 -0.000000 -0.392404
v -0.340761 0.020952 -0.399634
v -0.321422 0.018506 -0.402953
v -0.301823 0.018144 -0.403693
v -0.281882 0.018113 -0.403768
v -0.261988 0.018011 -0.403986
v -0.241982 0.018024 -0.403968
v -0.221847 0.018139 -0.403697
v -0.201831 0.018148 -0.403651
v -0.181675 0.018298 -0.403342
v -0.159273 0.019750 -0.401386
v -0.140000 0.020000 -0.393235
v 0.128511 0.020000 -0.391489
v 0.139323 0.019529 -0.400213
v 0.158124 0.018015 -0.403818
v 0.177878 0.017828 -0.404299
v 0.197974 0.018010 -0.403970
v 0.221416 0.019847 -0.401276
v 0.239527 0.015675 -0.397834
v -0.336835 0.040000 -0.396835
v -0.321612 0.041224 -0.400117
v -0.301543 0.038381 -0.403170
v -0.281764 0.038215 -0.403540
v -0.261947 0.038029 -0.403928
v -0.241975 0.038024 -0.403946
v -0.221815 0.038198 -0.403598
v -0.201776 0.038222 -0.403549
v -0.181451 0.038560 -0.402864
v -0.160383 0.038143 -0.397972
v 0.147172 0.044255 -0.392828
v 0.159035 0.040445 -0.400930
v 0.178479 0.038395 -0.403090
v 0.198669 0.038637 -0.402633
v 0.219656 0.038537 -0.398394
v -0.300059 0.059134 -0.399488
v -0.280821 0.060790 -0.400931
v -0.261626 0.058317 -0.403302
v -0.241763 0.058211 -0.403532
v -0.221763 0.058235 -0.403509
v -0.201653 0.058345 -0.403296
v -0.179058 0.058977 -0.402031
v -0.163167 0.057801 -0.397873
v 0.161361 0.062124 -0.395869
v 0.177534 0.059049 -0.401818
v 0.201499 0.060271 -0.400999
v 0.216701 0.058435 -0.396960
v -0.260798 0.075178 -0.398174
v -0.240245 0.080113 -0.400039
v -0.220858 0.080421 -0.401149
v -0.201483 0.078495 -0.402967
v -0.181235 0.078779 -0.402428
v -0.161971 0.079520 -0.398956
v 0.161930 0.082189 -0.394937
v 0.177072 0.077993 -0.401383
v 0.200646 0.080086 -0.400666
v 0.220000 0.080000 -0.391990
v -0.200421 0.100816 -0.400000
v -0.181186 0.098816 -0.402351
v -0.159013 0.099730 -0.400381
v -0.140000 0.106416 -0.393584
v 0.109171 0.109171 -0.390829
v 0.123214 0.107039 -0.392961
v 0.142060 0.101825 -0.395018
v 0.159728 0.099740 -0.400147
v 0.177928 0.097917 -0.401786
v 0.200332 0.100463 -0.399834
v -0.196294 0.122118 -0.396294
v -0.182429 0.119196 -0.401548
v -0.160842 0.119179 -0.401648
v -0.140594 0.121982 -0.398710
v -0.115735 0.127614 -0.392385
v -0.010499 0.129501 -0.390499
v 0.003871 0.128116 -0.391884
v 0.023047 0.126376 -0.393624
v 0.044395 0.123016 -0.394071
v 0.062015 0.121465 -0.395663
v 0.082319 0.123799 -0.398388
v 0.102268 0.121627 -0.399502
v 0.119508 0.119258 -0.400565
v 0.138751 0.117744 -0.401337
v 0.159810 0.119819 -0.401453
v 0.181066 0.120987 -0.400902
v 0.195061 0.115061 -0.398471
v -0.190087 0.140000 -0.390087
v -0.181875 0.138462 -0.400842
v -0.160902 0.139106 -0.401792
v -0.140722 0.139314 -0.401404
v -0.120036 0.140956 -0.399752
v -0.098043 0.141313 -0.396267
v -0.077840 0.141443 -0.395696
v -0.058121 0.141326 -0.396103
v -0.037847 0.143472 -0.398354
v -0.019147 0.141385 -0.399519
v 0.000267 0.140161 -0.399959
v 0.019430 0.139127 -0.400619
v 0.039004 0.138358 -0.401001
v 0.058476 0.137305 -0.401339
v 0.079761 0.139806 -0.401358
v 0.100742 0.140781 -0.401871
v 0.120025 0.141393 -0.401527
v 0.139904 0.140462 -0.401057
v 0.159874 0.139889 -0.399982
v 0.180000 0.140000 -0.396444
v -0.177166 0.158464 -0.398998
v -0.160920 0.159046 -0.401870
v -0.141021 0.158991 -0.402037
v -0.121046 0.158998 -0.402066
v -0.100825 0.157677 -0.401620
v -0.082098 0.156680 -0.401443
v -0.062088 0.156580 -0.401525
v -0.042752 0.157320 -0.402002
v -0.019740 0.160296 -0.402366
v -0.000005 0.161140 -0.401842
v 0.020657 0.161360 -0.400442
v 0.040182 0.160697 -0.399842
v 0.060262 0.160082 -0.399992
v 0.078870 0.156610 -0.398957
v 0.101697 0.156848 -0.396970
v 0.120000 0.160000 -0.393032
v -0.170078 0.180000 -0.390078
v -0.159824 0.180510 -0.399566
v -0.140830 0.179143 -0.401683
v -0.120978 0.179011 -0.401965
v -0.098962 0.181032 -0.401752
v -0.078673 0.181322 -0.400291
v -0.059763 0.181068 -0.399646
v -0.039748 0.180134 -0.399996
v -0.019742 0.175879 -0.396561
v -0.137439 0.195010 -0.397439
v -0.120275 0.199204 -0.399694
v -0.098955 0.197561 -0.397100
v -0.080000 0.190516 -0.400000
v -0.075200 -0.332188 -0.377467
v -0.057229 -0.334525 -0.377173
v -0.035265 -0.332023 -0.376021
v -0.096897 -0.317804 -0.377386
v -0.084227 -0.326961 -0.384731
v -0.022763 -0.327320 -0.384847
v 0.000054 -0.319420 -0.379713
v 0.020000 -0.312854 -0.376442
v -0.118436 -0.298001 -0.378364
v -0.108857 -0.308857 -0.384093
v 0.035918 -0.307026 -0.383172
v 0.058904 -0.300124 -0.381364
v 0.084190 -0.292902 -0.376351
v -0.291167 -0.271167 -0.380000
v -0.280151 -0.280125 -0.380053
v -0.263038 -0.286733 -0.383019
v -0.243889 -0.287918 -0.383420
v -0.220324 -0.283091 -0.379932
v -0.199970 -0.277497 -0.378539
v -0.180000 -0.272123 -0.380000
v -0.134584 -0.276199 -0.377057
v -0.127315 -0.284187 -0.385109
v 0.100000 -0.288805 -0.384713
v 0.117342 -0.284453 -0.382316
v 0.141084 -0.280388 -0.380032
v 0.161300 -0.277578 -0.378822
v 0.183266 -0.274036 -0.377216
v 0.200000 -0.271160 -0.375910
v -0.300954 -0.260991 -0.380613
v -0.289889 -0.269888 -0.389888
v -0.180000 -0.269873 -0.389873
v -0.162969 -0.264918 -0.382141
v -0.143898 -0.266481 -0.384390
v 0.200000 -0.268224 -0.388224
v 0.220406 -0.261019 -0.380144
v 0.240000 -0.250785 -0.370785
v -0.314257 -0.237811 -0.376542
v -0.309044 -0.249044 -0.384324
v -0.059548 -0.235147 -0.383182
v -0.040564 -0.240103 -0.378982
v -0.019645 -0.240397 -0.377943
v 0.000316 -0.240451 -0.377817
v 0.020321 -0.240321 -0.377883
v 0.039172 -0.240111 -0.380783
v 0.056923 -0.240000 -0.387008
v 0.241204 -0.240484 -0.380108
v -0.320680 -0.220711 -0.380186
v -0.078380 -0.217741 -0.382014
v -0.059480 -0.219540 -0.376819
v -0.037905 -0.217977 -0.375832
v -0.017779 -0.217856 -0.375584
v 0.002310 -0.217770 -0.375404
v 0.022465 -0.217636 -0.375113
v 0.042575 -0.217487 -0.374829
v 0.061839 -0.219996 -0.376297
v 0.079907 -0.220734 -0.378121
v 0.098092 -0.219323 -0.381869
v 0.116809 -0.220000 -0.387203
v 0.240000 -0.223816 -0.388588
v 0.255309 -0.216312 -0.376312
v -0.321346 -0.200905 -0.381200
v -0.100000 -0.203691 -0.385808
v -0.081064 -0.199895 -0.378737
v -0.058660 -0.198712 -0.377347
v -0.038459 -0.198508 -0.376936
v -0.018379 -0.198432 -0.376781
v 0.001758 -0.198293 -0.376490
v 0.021821 -0.198245 -0.376388
v 0.041971 -0.198085 -0.376073
v 0.062013 -0.198051 -0.376006
v 0.082238 -0.197838 -0.375584
v 0.102428 -0.197629 -0.375202
v 0.121852 -0.199945 -0.376222
v 0.142063 -0.199585 -0.378422
v 0.158061 -0.200000 -0.385462
v 0.259522 -0.198412 -0.378473
v -0.320763 -0.180311 -0.381100
v -0.100000 -0.182894 -0.386552
v -0.080430 -0.179207 -0.379742
v -0.059244 -0.179265 -0.378502
v -0.039023 -0.179052 -0.378069
v -0.018850 -0.178873 -0.377712
v 0.001248 -0.178771 -0.377506
v 0.021286 -0.178742 -0.377440
v 0.041439 -0.178600 -0.377143
v 0.061581 -0.178458 -0.376853
v 0.081724 -0.178344 -0.376613
v 0.102085 -0.177997 -0.375884
v 0.122181 -0.177862 -0.375476
v 0.142178 -0.177797 -0.377282
v 0.156809 -0.181988 -0.383644
v 0.259751 -0.182707 -0.383698
v 0.282679 -0.175523 -0.372276
v -0.314054 -0.160000 -0.380000
v -0.079057 -0.160499 -0.381376
v -0.059577 -0.159587 -0.379161
v -0.039448 -0.159463 -0.378908
v -0.019139 -0.159159 -0.378291
v 0.000971 -0.159043 -0.378062
v 0.020994 -0.159020 -0.378021
v 0.041052 -0.158964 -0.377907
v 0.061204 -0.158815 -0.377602
v 0.081292 -0.158744 -0.377439
v 0.102910 -0.157136 -0.377534
v 0.121410 -0.157220 -0.378214
v 0.137184 -0.162622 -0.381427
v 0.152715 -0.167285 -0.387285
v 0.260000 -0.163955 -0.388943
v 0.279918 -0.161387 -0.381605
v 0.303324 -0.158008 -0.374126
v 0.324290 -0.152300 -0.372300
v -0.299623 -0.141065 -0.380941
v -0.082988 -0.143999 -0.385280
v -0.060377 -0.139754 -0.379940
v -0.039685 -0.139689 -0.379377
v -0.019498 -0.139503 -0.379004
v 0.000688 -0.139317 -0.378625
v 0.020772 -0.139241 -0.378469
v 0.040907 -0.139102 -0.378192
v 0.060975 -0.139036 -0.378056
v 0.082427 -0.137582 -0.378337
v 0.101721 -0.138063 -0.378982
v 0.118306 -0.141674 -0.384223
v 0.131739 -0.148261 -0.388261
v 0.280000 -0.147545 -0.387545
v 0.297664 -0.143608 -0.384111
v 0.319992 -0.140022 -0.380012
v 0.342319 -0.136089 -0.373968
v -0.292958 -0.112958 -0.380000
v -0.289457 -0.120000 -0.380000
v -0.080000 -0.122240 -0.385069
v -0.057232 -0.118748 -0.380405
v -0.039745 -0.119747 -0.379496
v -0.019482 -0.119482 -0.378969
v 0.000611 -0.119384 -0.378775
v 0.020565 -0.119438 -0.378881
v 0.040764 -0.119237 -0.378474
v 0.060840 -0.119163 -0.378312
v 0.082176 -0.118985 -0.378951
v 0.098734 -0.121321 -0.383106
v 0.111439 -0.128561 -0.388561
v 0.300000 -0.129358 -0.389358
v 0.316030 -0.122923 -0.386975
v 0.338672 -0.121311 -0.379987
v 0.360000 -0.116651 -0.372574
v -0.312016 -0.092016 -0.380000
v -0.301479 -0.102265 -0.381187
v -0.080000 -0.108692 -0.388692
v -0.060009 -0.100073 -0.379993
v -0.039689 -0.099688 -0.379384
v -0.019385 -0.099384 -0.378778
v 0.000730 -0.099261 -0.378539
v 0.020686 -0.099310 -0.378638
v 0.040823 -0.099166 -0.378352
v 0.060781 -0.099199 -0.378406
v 0.080804 -0.099483 -0.379417
v 0.095710 -0.105115 -0.387400
v 0.320000 -0.109145 -0.389145
v 0.337276 -0.102047 -0.384620
v 0.360770 -0.098052 -0.375758
v -0.332050 -0.072050 -0.380000
v -0.322382 -0.082416 -0.380476
v -0.080000 -0.080000 -0.388391
v -0.060099 -0.080012 -0.379885
v -0.039329 -0.079321 -0.378665
v -0.019213 -0.079206 -0.378436
v 0.000925 -0.079063 -0.378155
v 0.020959 -0.079031 -0.378092
v 0.041084 -0.078899 -0.377834
v 0.061003 -0.078951 -0.377925
v 0.079043 -0.081283 -0.380199
v 0.090940 -0.084286 -0.389060
v 0.337119 -0.084946 -0.387350
v 0.359449 -0.080159 -0.378375
v -0.350335 -0.050335 -0.380000
v -0.340310 -0.060353 -0.380444
v -0.080000 -0.062399 -0.384060
v -0.061060 -0.060111 -0.379257
v -0.038974 -0.058961 -0.377959
v -0.018894 -0.058879 -0.377796
v 0.001222 -0.058764 -0.377571
v 0.021294 -0.058687 -0.377419
v 0.041389 -0.058593 -0.377238
v 0.061324 -0.058593 -0.377247
v 0.079351 -0.059997 -0.380173
v 0.090295 -0.064834 -0.389705
v 0.340000 -0.064104 -0.388484
v 0.359957 -0.059827 -0.378789
v -0.356469 -0.038437 -0.377657
v -0.349421 -0.049421 -0.389421
v -0.080888 -0.041190 -0.380408
v -0.060898 -0.040876 -0.378042
v -0.038649 -0.038630 -0.377307
v -0.018510 -0.038493 -0.377035
v 0.001547 -0.038435 -0.376924
v 0.021695 -0.038280 -0.376629
v 0.041724 -0.038247 -0.376571
v 0.061780 -0.038120 -0.376367
v 0.081626 -0.038689 -0.378974
v 0.091537 -0.044386 -0.388463
v 0.340000 -0.043742 -0.387091
v 0.360448 -0.039100 -0.377573
v -0.358756 -0.019339 -0.379161
v -0.097119 -0.018311 -0.381790
v -0.079829 -0.019801 -0.377500
v -0.058245 -0.018204 -0.376479
v -0.038242 -0.018211 -0.376485
v -0.018222 -0.018203 -0.376466
v 0.001926 -0.018053 -0.376169
v 0.022033 -0.017952 -0.375981
v 0.042218 -0.017744 -0.375586
v 0.062268 -0.017666 -0.375463
v 0.083151 -0.018343 -0.376888
v 0.097040 -0.021634 -0.385873
v 0.320000 -0.020000 -0.389589
v 0.340052 -0.019516 -0.382557
v 0.357146 -0.019888 -0.375293
v -0.355834 0.001980 -0.378569
v -0.115052 0.004948 -0.383754
v -0.100717 0.000479 -0.377898
v -0.077817 0.002227 -0.375610
v -0.057822 0.002208 -0.375629
v -0.037880 0.002144 -0.375780
v -0.017850 0.002184 -0.375720
v 0.002263 0.002296 -0.375521
v 0.022416 0.002454 -0.375222
v 0.042663 0.002711 -0.374726
v 0.062794 0.002868 -0.374443
v 0.082736 0.002941 -0.374413
v 0.101151 -0.000129 -0.378571
v 0.111512 -0.000000 -0.388488
v 0.300000 -0.000000 -0.388334
v 0.320126 -0.000468 -0.382801
v 0.340440 0.000883 -0.375349
v -0.345218 0.019279 -0.382186
v -0.120121 0.019586 -0.378231
v -0.097283 0.022787 -0.374494
v -0.077444 0.022605 -0.374851
v -0.057600 0.022442 -0.375211
v -0.037577 0.022460 -0.375207
v -0.017412 0.022647 -0.374863
v 0.002723 0.022774 -0.374617
v 0.022955 0.023009 -0.374132
v 0.043184 0.023218 -0.373706
v 0.063399 0.023451 -0.373260
v 0.083521 0.023615 -0.372996
v 0.103053 0.023479 -0.373487
v 0.118366 0.018209 -0.381618
v 0.261983 0.024809 -0.382209
v 0.280611 0.019458 -0.381707
v 0.300230 0.018434 -0.378500
v 0.315223 0.015223 -0.375525
v -0.336941 0.037988 -0.377860
v -0.138518 0.041049 -0.381384
v -0.119107 0.040936 -0.375073
v -0.096973 0.043136 -0.373841
v -0.077223 0.042840 -0.374438
v -0.057232 0.042817 -0.374503
v -0.037099 0.042939 -0.374260
v -0.016833 0.043204 -0.373744
v 0.003343 0.043402 -0.373366
v 0.023506 0.043574 -0.373019
v 0.043645 0.043689 -0.372789
v 0.063881 0.043928 -0.372330
v 0.084091 0.044149 -0.371905
v 0.104076 0.044302 -0.371698
v 0.122697 0.043257 -0.373908
v 0.135924 0.038639 -0.383898
v 0.241523 0.040154 -0.381409
v 0.252011 0.032011 -0.380000
v -0.320000 0.055027 -0.380000
v -0.301174 0.061690 -0.379272
v -0.280000 0.067663 -0.372337
v -0.139962 0.060589 -0.377633
v -0.116501 0.063535 -0.373047
v -0.096573 0.063561 -0.373060
v -0.076809 0.063287 -0.373610
v -0.056742 0.063319 -0.373537
v -0.036573 0.063491 -0.373203
v -0.016375 0.063668 -0.372842
v 0.003871 0.063932 -0.372314
v 0.023983 0.064062 -0.372062
v 0.044098 0.064149 -0.371874
v 0.064297 0.064322 -0.371480
v 0.084502 0.064503 -0.371045
v 0.104427 0.064460 -0.370975
v 0.123670 0.063917 -0.371974
v 0.142414 0.060380 -0.378121
v 0.152611 0.060000 -0.387389
v 0.236047 0.058313 -0.376983
v -0.280000 0.070307 -0.380000
v -0.261307 0.075194 -0.383522
v -0.237669 0.084382 -0.378093
v -0.220000 0.086602 -0.377067
v -0.141151 0.079030 -0.382234
v -0.116194 0.083628 -0.372692
v -0.096069 0.084047 -0.372119
v -0.076213 0.083927 -0.372392
v -0.056232 0.083855 -0.372482
v -0.036090 0.083953 -0.372214
v -0.015936 0.084068 -0.371926
v 0.004236 0.084219 -0.371574
v 0.024301 0.084284 -0.371377
v 0.044316 0.084236 -0.371347
v 0.064346 0.084196 -0.371266
v 0.084273 0.084055 -0.371337
v 0.103929 0.083732 -0.371780
v 0.122930 0.082852 -0.373602
v 0.141671 0.081785 -0.378687
v 0.153357 0.076565 -0.386643
v 0.227687 0.083466 -0.380000
v 0.230264 0.070264 -0.380000
v -0.200953 0.101515 -0.379148
v -0.140000 0.096422 -0.388430
v -0.119628 0.102722 -0.377086
v -0.095819 0.103854 -0.371842
v -0.075794 0.104090 -0.371584
v -0.055919 0.103996 -0.371771
v -0.036088 0.103772 -0.372038
v -0.016141 0.103567 -0.372227
v 0.003810 0.103438 -0.372296
v 0.023682 0.103245 -0.372491
v 0.044578 0.104191 -0.374612
v 0.063140 0.104307 -0.376130
v 0.082296 0.103045 -0.377112
v 0.101330 0.101814 -0.378237
v 0.118478 0.099010 -0.380789
v 0.134336 0.094984 -0.384637
v 0.150563 0.090563 -0.389437
v 0.223036 0.100354 -0.381810
v -0.194008 0.121903 -0.377372
v -0.122822 0.115658 -0.386913
v -0.099534 0.121674 -0.378543
v -0.077023 0.123863 -0.376569
v -0.057056 0.123921 -0.376448
v -0.037519 0.123361 -0.376851
v -0.018628 0.121811 -0.378230
v 0.000761 0.120266 -0.379725
v 0.018587 0.118175 -0.381629
v 0.037045 0.116286 -0.383813
v 0.057311 0.114334 -0.385666
v 0.076361 0.112342 -0.387658
v 0.095562 0.110751 -0.389249
v 0.219035 0.118082 -0.379240
v -0.190698 0.140000 -0.380000
v -0.100000 0.131559 -0.388441
v -0.083732 0.132880 -0.387120
v -0.063342 0.133314 -0.386686
v -0.043662 0.132462 -0.387538
v -0.024387 0.130830 -0.389170
v 0.189448 0.149448 -0.380000
v 0.199813 0.140276 -0.381545
v 0.210858 0.130858 -0.380000
v -0.179962 0.160660 -0.380242
v 0.089908 0.169908 -0.380000
v 0.103981 0.168559 -0.375729
v 0.122777 0.166040 -0.377013
v 0.139360 0.161693 -0.381420
v 0.156146 0.157331 -0.382100
v 0.177455 0.154160 -0.380000
v -0.160003 0.185948 -0.376049
v -0.016576 0.187856 -0.375822
v 0.002281 0.181500 -0.380121
v 0.017261 0.174171 -0.384729
v 0.037612 0.174858 -0.380000
v 0.056555 0.172740 -0.380000
v 0.075719 0.171129 -0.380000
v -0.139787 0.196881 -0.382038
v -0.117629 0.204708 -0.377847
v -0.097927 0.204510 -0.377847
v -0.078741 0.200406 -0.379956
v -0.061443 0.196836 -0.380000
v -0.042964 0.193494 -0.380000
v -0.029438 0.190562 -0.380000
v -0.070467 -0.330467 -0.360000
v -0.054698 -0.332421 -0.356908
v -0.036777 -0.331402 -0.356869
v -0.096423 -0.314283 -0.357810
v -0.082581 -0.323131 -0.360465
v -0.020000 -0.327512 -0.363765
v 0.000060 -0.320228 -0.360766
v 0.020000 -0.312956 -0.360000
v -0.116260 -0.295697 -0.358468
v -0.108251 -0.308251 -0.364246
v 0.035234 -0.307925 -0.363941
v 0.060003 -0.300007 -0.359996
v 0.083090 -0.292151 -0.357400
v -0.275300 -0.276289 -0.358506
v -0.261624 -0.283795 -0.360100
v -0.240795 -0.284845 -0.361031
v -0.219986 -0.280083 -0.359991
v -0.195200 -0.271625 -0.360000
v -0.132029 -0.272029 -0.355122
v -0.126262 -0.283326 -0.361726
v 0.100000 -0.287509 -0.363823
v 0.117884 -0.283753 -0.361912
v 0.140599 -0.280526 -0.360266
v 0.161283 -0.277698 -0.358821
v 0.182746 -0.274990 -0.357264
v 0.200000 -0.272448 -0.355862
v -0.296158 -0.257561 -0.357408
v -0.288790 -0.268790 -0.364710
v -0.180000 -0.268868 -0.364974
v -0.160162 -0.261071 -0.359404
v -0.141316 -0.263747 -0.360619
v 0.215628 -0.267455 -0.363413
v 0.237155 -0.256166 -0.358135
v -0.311342 -0.231342 -0.360000
v -0.306044 -0.243602 -0.362022
v 0.258299 -0.235649 -0.358553
v -0.313468 -0.215085 -0.356726
v 0.262031 -0.221780 -0.364584
v -0.314291 -0.197048 -0.360000
v 0.279160 -0.198779 -0.357672
v -0.313320 -0.180000 -0.360000
v 0.280000 -0.186386 -0.366386
v 0.300735 -0.176499 -0.357477
v 0.323319 -0.173362 -0.353362
v 0.344364 -0.172222 -0.352222
v -0.302368 -0.158463 -0.358698
v 0.300000 -0.167764 -0.367764
v 0.318611 -0.164449 -0.364462
v 0.339633 -0.162030 -0.361872
v 0.362638 -0.157107 -0.356022
v 0.380000 -0.150611 -0.350611
v -0.300000 -0.147926 -0.367926
v -0.280155 -0.136797 -0.354669
v 0.340000 -0.149432 -0.369432
v 0.356377 -0.142311 -0.366021
v 0.381010 -0.138420 -0.355849
v -0.277185 -0.121754 -0.362756
v -0.260000 -0.120000 -0.350186
v 0.360000 -0.129207 -0.369207
v 0.381030 -0.120420 -0.361714
v 0.400000 -0.117127 -0.353517
v -0.293088 -0.093088 -0.360000
v -0.280622 -0.102285 -0.358801
v 0.376969 -0.104916 -0.367210
v 0.401390 -0.098371 -0.356470
v -0.315675 -0.075740 -0.360000
v -0.302975 -0.085120 -0.359534
v 0.380000 -0.084137 -0.368638
v 0.400106 -0.079855 -0.359091
v -0.334125 -0.054125 -0.360000
v -0.327077 -0.064136 -0.362456
v 0.380000 -0.064542 -0.369111
v 0.400334 -0.059642 -0.359106
v -0.350194 -0.030194 -0.360000
v -0.344901 -0.044941 -0.361568
v 0.380000 -0.044171 -0.368177
v 0.399828 -0.040130 -0.356995
v -0.349774 -0.020000 -0.360000
v 0.380451 -0.018542 -0.362902
v 0.395256 -0.024744 -0.356141
v -0.345789 -0.000688 -0.357640
v 0.362793 0.002793 -0.363605
v 0.375807 -0.001519 -0.358179
v -0.337606 0.019843 -0.362150
v 0.328857 0.028857 -0.360000
v 0.342489 0.023003 -0.360638
v 0.358493 0.015693 -0.357833
v -0.320195 0.042794 -0.357087
v -0.300000 0.049669 -0.350331
v 0.263621 0.045736 -0.359814
v 0.279683 0.039001 -0.360502
v 0.298514 0.036689 -0.357201
v 0.316165 0.031536 -0.360000
v -0.320000 0.050930 -0.369070
v -0.303296 0.054952 -0.361771
v -0.280218 0.062212 -0.358220
v -0.257140 0.068341 -0.354966
v 0.247432 0.062916 -0.360000
v 0.253324 0.053324 -0.360000
v -0.264830 0.071653 -0.368347
v -0.239414 0.078466 -0.361575
v -0.218217 0.082590 -0.357906
v -0.200000 0.086621 -0.353379
v 0.240322 0.080394 -0.360118
v -0.198770 0.097329 -0.362761
v 0.235837 0.098257 -0.361770
v -0.183799 0.124527 -0.355473
v 0.228332 0.128332 -0.360000
v 0.232525 0.116739 -0.360000
v -0.181534 0.140662 -0.359479
v 0.209206 0.149206 -0.360000
v 0.220230 0.139878 -0.360154
v -0.175256 0.156104 -0.363896
v -0.160000 0.166837 -0.353163
v 0.104010 0.168720 -0.360000
v 0.123076 0.166713 -0.355987
v 0.141672 0.163483 -0.357879
v 0.161671 0.160633 -0.360905
v 0.180730 0.159204 -0.358957
v 0.196287 0.154063 -0.362110
v -0.159051 0.178331 -0.361745
v -0.140000 0.187887 -0.352113
v -0.011324 0.188676 -0.355620
v 0.002389 0.185187 -0.357280
v 0.020234 0.180122 -0.360141
v 0.038642 0.177071 -0.361572
v 0.057622 0.174980 -0.362711
v 0.076511 0.172671 -0.363904
v 0.090522 0.170522 -0.364962
v -0.140000 0.192884 -0.362899
v -0.120470 0.200230 -0.360159
v -0.097889 0.201621 -0.356438
v -0.080921 0.199695 -0.361657
v -0.061439 0.196890 -0.361543
v -0.042445 0.194718 -0.362716
v -0.025264 0.191698 -0.362740
v -0.077159 -0.313339 -0.340000
v -0.060354 -0.321166 -0.339841
v -0.039170 -0.325139 -0.336753
v -0.019684 -0.322906 -0.340184
v 0.000183 -0.316149 -0.342217
v -0.099974 -0.299973 -0.339993
v -0.088853 -0.308853 -0.340000
v 0.020000 -0.308611 -0.344866
v 0.039928 -0.300478 -0.340282
v 0.061995 -0.296426 -0.338441
v 0.082090 -0.292614 -0.335787
v 0.105140 -0.295966 -0.332758
v 0.123629 -0.295355 -0.335931
v 0.141192 -0.295726 -0.336174
v 0.160000 -0.292269 -0.332269
v -0.256707 -0.273329 -0.340000
v -0.240472 -0.276702 -0.344533
v -0.118245 -0.278197 -0.340106
v -0.108622 -0.288621 -0.340000
v 0.095463 -0.288242 -0.344148
v 0.114686 -0.287271 -0.344355
v 0.137143 -0.285406 -0.345406
v 0.159698 -0.282066 -0.342194
v 0.182551 -0.275547 -0.336189
v 0.200000 -0.270960 -0.330960
v -0.291029 -0.251029 -0.340000
v -0.280440 -0.261144 -0.338796
v -0.269078 -0.269078 -0.340000
v -0.217417 -0.263061 -0.334267
v -0.200225 -0.262822 -0.339571
v -0.179935 -0.260191 -0.340030
v -0.158594 -0.254988 -0.338113
v -0.134531 -0.254890 -0.337663
v -0.127428 -0.267428 -0.340000
v 0.200000 -0.269898 -0.340000
v 0.220522 -0.264133 -0.340976
v 0.237094 -0.255974 -0.340797
v -0.298688 -0.237491 -0.341329
v 0.259973 -0.239601 -0.339830
v -0.303540 -0.220518 -0.340640
v 0.279900 -0.218736 -0.339204
v -0.302000 -0.198778 -0.338441
v 0.280000 -0.208814 -0.348814
v 0.300080 -0.195258 -0.335258
v -0.299567 -0.179848 -0.340114
v -0.280000 -0.171505 -0.331505
v 0.300000 -0.187621 -0.342684
v 0.318382 -0.181224 -0.341610
v 0.338257 -0.181889 -0.342422
v 0.359801 -0.180604 -0.340688
v 0.382831 -0.175398 -0.332099
v -0.300000 -0.167762 -0.347762
v -0.279408 -0.158683 -0.338121
v -0.260000 -0.151122 -0.331122
v 0.360000 -0.169599 -0.349599
v 0.380918 -0.162892 -0.342423
v 0.401773 -0.154783 -0.335576
v -0.280000 -0.146282 -0.346282
v -0.258526 -0.138559 -0.337140
v 0.400880 -0.142397 -0.343812
v 0.420000 -0.137508 -0.333579
v -0.260000 -0.126762 -0.346762
v -0.241397 -0.118846 -0.337681
v 0.400000 -0.129670 -0.349670
v 0.419966 -0.120524 -0.341070
v -0.257387 -0.099120 -0.342187
v -0.243391 -0.103391 -0.337117
v 0.421556 -0.100888 -0.343694
v 0.440000 -0.095592 -0.330803
v -0.292030 -0.072030 -0.340000
v -0.280019 -0.080009 -0.339978
v -0.263874 -0.083874 -0.335358
v 0.424789 -0.079353 -0.343445
v 0.440000 -0.075763 -0.331815
v -0.318288 -0.055334 -0.343008
v -0.302376 -0.063483 -0.339291
v 0.424037 -0.059912 -0.343447
v 0.440000 -0.060000 -0.330854
v -0.334771 -0.037790 -0.343076
v -0.323644 -0.041287 -0.337984
v 0.422166 -0.040192 -0.342151
v -0.336873 -0.020116 -0.343485
v -0.320000 -0.010031 -0.330031
v 0.420986 -0.020386 -0.338194
v -0.337357 -0.002315 -0.344824
v -0.317241 0.004595 -0.332814
v 0.400969 0.001276 -0.341396
v 0.411509 -0.008491 -0.340000
v -0.320043 0.018362 -0.341359
v -0.296994 0.025078 -0.331894
v 0.368421 0.028421 -0.340000
v 0.379789 0.019609 -0.339922
v 0.391440 0.011440 -0.340000
v -0.320000 0.031274 -0.348726
v -0.300523 0.038970 -0.341666
v -0.278496 0.044800 -0.335519
v -0.260000 0.049714 -0.330286
v 0.288450 0.048450 -0.340000
v 0.304403 0.046638 -0.337539
v 0.319861 0.042676 -0.340903
v 0.340001 0.040001 -0.340000
v 0.357625 0.033903 -0.340000
v -0.283609 0.053671 -0.346329
v -0.261206 0.058541 -0.342020
v -0.237053 0.064807 -0.336258
v -0.220000 0.069595 -0.330405
v 0.263513 0.063513 -0.344454
v 0.276183 0.056631 -0.337827
v -0.240000 0.071385 -0.348615
v -0.221692 0.074990 -0.343005
v -0.199888 0.080015 -0.339860
v -0.180000 0.089345 -0.330655
v 0.260544 0.080522 -0.339676
v -0.179988 0.102732 -0.338718
v 0.247585 0.107585 -0.340000
v 0.255104 0.097923 -0.337835
v -0.176924 0.120510 -0.343230
v 0.241445 0.120436 -0.341463
v -0.170053 0.140000 -0.340000
v -0.160000 0.146994 -0.333006
v 0.227968 0.147968 -0.335703
v 0.233409 0.135856 -0.342600
v -0.158424 0.157533 -0.342532
v -0.140000 0.167387 -0.332613
v 0.129857 0.169857 -0.340000
v 0.144080 0.168440 -0.340000
v 0.163933 0.168071 -0.340000
v 0.184694 0.167196 -0.337379
v 0.202290 0.161313 -0.339065
v 0.216229 0.153825 -0.342277
v -0.140073 0.178769 -0.341186
v -0.116402 0.186749 -0.333251
v -0.095285 0.189319 -0.330681
v -0.075172 0.189672 -0.330328
v -0.055030 0.189661 -0.330339
v -0.040000 0.189559 -0.330441
v -0.016056 0.188535 -0.340000
v 0.002489 0.185196 -0.340000
v 0.020604 0.183993 -0.337171
v 0.041899 0.182479 -0.337894
v 0.059830 0.179992 -0.339999
v 0.079850 0.178168 -0.339758
v 0.099451 0.175525 -0.339547
v 0.114482 0.171588 -0.342944
v -0.122804 0.192530 -0.344551
v -0.102266 0.195979 -0.341476
v -0.081990 0.195957 -0.341663
v -0.062721 0.194362 -0.342517
v -0.043363 0.193032 -0.343232
v -0.025881 0.190812 -0.346091
v -0.040000 -0.315456 -0.324073
v 0.044296 -0.310859 -0.310859
v 0.063469 -0.312800 -0.312800
v 0.085167 -0.316194 -0.312863
v 0.103629 -0.315696 -0.315523
v 0.123291 -0.316631 -0.315879
v 0.141941 -0.314117 -0.316634
v 0.160000 -0.311171 -0.311171
v -0.077459 -0.297675 -0.320985
v -0.061452 -0.303967 -0.319394
v -0.040018 -0.302693 -0.314991
v -0.022674 -0.304701 -0.318187
v 0.000142 -0.299352 -0.320261
v 0.020976 -0.299396 -0.319977
v 0.039569 -0.300808 -0.320430
v 0.058632 -0.302736 -0.322561
v 0.077860 -0.304512 -0.323094
v 0.095313 -0.303909 -0.325682
v 0.116849 -0.306514 -0.326514
v 0.136608 -0.306841 -0.326841
v 0.158302 -0.302538 -0.322694
v 0.184696 -0.292494 -0.312494
v -0.096676 -0.277031 -0.321613
v -0.082995 -0.282995 -0.316189
v 0.177535 -0.287247 -0.324126
v 0.199375 -0.277883 -0.317553
v 0.220000 -0.270424 -0.310424
v -0.260000 -0.260000 -0.327284
v -0.242255 -0.256684 -0.324453
v -0.228534 -0.260000 -0.328534
v -0.117366 -0.257154 -0.321528
v -0.107642 -0.267642 -0.320000
v 0.218498 -0.263696 -0.321354
v 0.240000 -0.252695 -0.316887
v -0.276385 -0.236385 -0.322173
v -0.260701 -0.240367 -0.317920
v -0.240948 -0.240580 -0.315349
v -0.220348 -0.243586 -0.317258
v -0.202355 -0.244212 -0.317467
v -0.183482 -0.246894 -0.320000
v -0.163726 -0.247402 -0.320000
v -0.141892 -0.246469 -0.322992
v -0.126074 -0.246074 -0.320000
v 0.260039 -0.239754 -0.319839
v 0.280000 -0.231260 -0.311260
v -0.279827 -0.219773 -0.321057
v -0.255545 -0.215962 -0.312338
v 0.283159 -0.224624 -0.322056
v 0.300000 -0.213134 -0.313134
v -0.281652 -0.201885 -0.323554
v -0.256840 -0.198248 -0.313083
v 0.301455 -0.202715 -0.322825
v 0.325675 -0.191849 -0.314795
v 0.343455 -0.192559 -0.316476
v 0.363092 -0.194573 -0.317858
v 0.380000 -0.193669 -0.313669
v -0.280000 -0.182934 -0.326853
v -0.260531 -0.179790 -0.318097
v 0.320000 -0.188040 -0.323263
v 0.335993 -0.188486 -0.328486
v 0.355040 -0.189919 -0.329919
v 0.377818 -0.187032 -0.323949
v 0.399809 -0.177495 -0.317326
v -0.262375 -0.163908 -0.326244
v -0.243150 -0.157722 -0.314653
v 0.400000 -0.167227 -0.327227
v 0.420116 -0.158106 -0.318118
v -0.237854 -0.139594 -0.319401
v 0.420000 -0.147270 -0.327270
v 0.437833 -0.138738 -0.316389
v -0.240000 -0.129572 -0.329572
v -0.227709 -0.120000 -0.320000
v 0.440940 -0.122346 -0.322930
v -0.230837 -0.090837 -0.320000
v -0.225025 -0.102524 -0.320000
v 0.440000 -0.108528 -0.328528
v 0.457158 -0.097189 -0.314115
v -0.252202 -0.072202 -0.320000
v -0.240899 -0.080848 -0.320317
v 0.456492 -0.079918 -0.316257
v -0.276653 -0.056653 -0.323463
v -0.261859 -0.061542 -0.319131
v 0.454890 -0.062461 -0.317183
v -0.300111 -0.040589 -0.325016
v -0.282192 -0.041077 -0.318821
v 0.443346 -0.040632 -0.323723
v 0.450165 -0.049835 -0.320000
v -0.320000 -0.020000 -0.328038
v -0.300052 -0.019948 -0.319785
v -0.280000 -0.016402 -0.312557
v 0.440738 -0.019343 -0.320209
v -0.300524 -0.001441 -0.323371
v -0.280000 0.002032 -0.315317
v 0.425014 0.005014 -0.319733
v 0.432032 -0.002970 -0.320000
v -0.300000 0.012207 -0.327793
v -0.280431 0.018504 -0.321497
v -0.260000 0.029824 -0.310176
v 0.403434 0.025789 -0.320097
v 0.416763 0.016772 -0.317854
v -0.280000 0.032280 -0.327720
v -0.259975 0.039847 -0.320126
v 0.324578 0.049343 -0.320000
v 0.342501 0.048526 -0.316775
v 0.361934 0.044194 -0.319261
v 0.380039 0.039167 -0.321068
v 0.393768 0.033768 -0.320000
v -0.241793 0.054983 -0.323044
v -0.219090 0.064826 -0.317882
v 0.287890 0.067890 -0.320000
v 0.297170 0.056131 -0.321057
v 0.310956 0.050956 -0.320000
v -0.202380 0.073485 -0.324149
v -0.178742 0.080144 -0.319463
v -0.160000 0.087787 -0.312213
v 0.282716 0.080578 -0.320893
v -0.159432 0.102458 -0.317941
v -0.140000 0.104144 -0.310862
v 0.279312 0.099546 -0.318585
v -0.157734 0.119068 -0.322238
v -0.136165 0.122835 -0.313503
v 0.262460 0.121218 -0.320878
v 0.271945 0.111945 -0.320000
v -0.160000 0.136347 -0.328289
v -0.141010 0.140121 -0.318889
v -0.117115 0.145010 -0.312325
v 0.229369 0.149369 -0.320000
v 0.239995 0.139940 -0.320031
v 0.251991 0.131991 -0.320000
v -0.142648 0.155994 -0.326548
v -0.120013 0.161813 -0.317990
v -0.097589 0.164403 -0.312631
v -0.080000 0.169602 -0.310398
v 0.204022 0.166305 -0.317436
v 0.217598 0.157186 -0.320034
v -0.122878 0.175542 -0.327270
v -0.102252 0.177475 -0.321548
v -0.079761 0.180232 -0.319262
v -0.058276 0.182863 -0.318440
v -0.036960 0.188469 -0.316880
v 0.122371 0.185686 -0.323309
v 0.140280 0.182255 -0.319798
v 0.158449 0.178196 -0.319927
v 0.177517 0.174854 -0.321241
v 0.190624 0.170624 -0.320000
v -0.022724 0.190887 -0.325950
v -0.000907 0.195491 -0.319919
v 0.019179 0.197862 -0.319455
v 0.038359 0.197353 -0.320672
v 0.060122 0.199843 -0.319626
v 0.081123 0.198509 -0.316678
v 0.097267 0.193865 -0.320000
v 0.111091 0.191091 -0.320000
v 0.069587 -0.330413 -0.290413
v 0.083231 -0.333215 -0.293215
v 0.102332 -0.332793 -0.295838
v 0.120000 -0.330788 -0.290788
v 0.022874 -0.313283 -0.297191
v 0.041359 -0.318478 -0.297559
v 0.058049 -0.320911 -0.301126
v 0.077050 -0.323865 -0.304166
v 0.094892 -0.327088 -0.303853
v 0.116255 -0.326883 -0.302522
v 0.137924 -0.323998 -0.303451
v 0.160503 -0.318134 -0.298673
v 0.180000 -0.311796 -0.291796
v -0.014456 -0.294484 -0.293894
v -0.000013 -0.299917 -0.300020
v 0.014955 -0.307386 -0.304959
v 0.030777 -0.309223 -0.309223
v 0.180420 -0.303042 -0.303324
v 0.202268 -0.292667 -0.295845
v -0.058984 -0.279177 -0.302973
v -0.039768 -0.279970 -0.300657
v -0.024006 -0.288543 -0.300000
v 0.200000 -0.286157 -0.306157
v 0.219088 -0.280869 -0.301229
v 0.240000 -0.273293 -0.293294
v -0.100000 -0.260000 -0.309929
v -0.078590 -0.258986 -0.300008
v -0.061612 -0.264336 -0.298415
v 0.240314 -0.262532 -0.302556
v 0.260000 -0.253252 -0.293252
v -0.196205 -0.233469 -0.298036
v -0.179541 -0.239814 -0.299995
v -0.161500 -0.243043 -0.301826
v -0.139176 -0.240842 -0.299900
v -0.119583 -0.236650 -0.300937
v -0.100548 -0.240518 -0.300087
v -0.084527 -0.244527 -0.296450
v 0.257209 -0.246991 -0.304351
v 0.279378 -0.237561 -0.297002
v -0.240000 -0.220000 -0.309278
v -0.219599 -0.220435 -0.300879
v -0.208651 -0.228651 -0.300000
v 0.300109 -0.222082 -0.300149
v -0.234769 -0.198192 -0.301008
v -0.228488 -0.208488 -0.300000
v 0.319666 -0.200106 -0.300006
v 0.343051 -0.193498 -0.296668
v 0.361412 -0.197047 -0.298479
v 0.381940 -0.196874 -0.298683
v 0.400000 -0.192355 -0.292355
v -0.237544 -0.180417 -0.300928
v 0.396805 -0.188340 -0.305248
v 0.420058 -0.175204 -0.296965
v -0.233849 -0.158099 -0.298140
v 0.420000 -0.167594 -0.307594
v 0.440728 -0.156353 -0.296289
v -0.229679 -0.140000 -0.300000
v 0.440000 -0.146808 -0.306808
v 0.455780 -0.137096 -0.297096
v -0.222530 -0.118675 -0.298631
v 0.461223 -0.122167 -0.301407
v -0.219074 -0.099478 -0.299916
v 0.465706 -0.099933 -0.302882
v -0.232724 -0.072724 -0.296191
v -0.225385 -0.083213 -0.302042
v 0.469437 -0.075385 -0.300000
v -0.252266 -0.052266 -0.295814
v -0.244199 -0.064186 -0.301752
v 0.468148 -0.056246 -0.300000
v -0.260652 -0.040738 -0.299965
v 0.464260 -0.039820 -0.300189
v -0.266506 -0.022912 -0.300000
v 0.458058 -0.020886 -0.301400
v -0.266722 -0.003479 -0.300000
v 0.443498 0.003854 -0.300755
v 0.452250 -0.007750 -0.300000
v -0.260293 0.020041 -0.300101
v 0.425248 0.024920 -0.298390
v 0.434810 0.014810 -0.300000
v -0.242355 0.044602 -0.297742
v 0.383593 0.048293 -0.295677
v 0.401188 0.040491 -0.299299
v 0.413540 0.033540 -0.300000
v -0.240000 0.050550 -0.309450
v -0.220276 0.061198 -0.300037
v -0.200000 0.069288 -0.300000
v 0.307911 0.064781 -0.296944
v 0.316913 0.053111 -0.303811
v 0.334111 0.051232 -0.303186
v 0.353926 0.051228 -0.303317
v 0.370852 0.050852 -0.300000
v -0.200000 0.070797 -0.309203
v -0.182273 0.076231 -0.301717
v -0.159394 0.080961 -0.298644
v -0.137629 0.082316 -0.297304
v -0.120000 0.081642 -0.294024
v 0.298858 0.080658 -0.299238
v -0.144927 0.091465 -0.308535
v -0.120151 0.097667 -0.302281
v -0.100000 0.107358 -0.292642
v 0.289015 0.109015 -0.300000
v 0.293319 0.097076 -0.300000
v -0.122831 0.115095 -0.307388
v -0.102016 0.120240 -0.299078
v 0.282858 0.122229 -0.299504
v -0.120000 0.130172 -0.309828
v -0.099524 0.138691 -0.301788
v 0.262547 0.143868 -0.298971
v 0.274164 0.134164 -0.300000
v -0.100000 0.151782 -0.308218
v -0.079562 0.160204 -0.299803
v 0.222556 0.166114 -0.300000
v 0.238964 0.159304 -0.299946
v 0.251212 0.151212 -0.300000
v -0.059622 0.179226 -0.300211
v 0.168709 0.188709 -0.300000
v 0.182670 0.186589 -0.296061
v 0.199954 0.178213 -0.298979
v 0.211702 0.171702 -0.300000
v -0.040000 0.190683 -0.300000
v -0.019883 0.200395 -0.299863
v -0.000422 0.204294 -0.302639
v 0.024131 0.208146 -0.300000
v 0.043836 0.207998 -0.300000
v 0.065272 0.207653 -0.296904
v 0.082783 0.206333 -0.296459
v 0.101547 0.203372 -0.300146
v 0.120097 0.200373 -0.300379
v 0.135307 0.193064 -0.303055
v 0.155976 0.191402 -0.300000
v 0.049216 -0.330784 -0.270784
v 0.063423 -0.332587 -0.276573
v 0.081389 -0.337006 -0.278520
v 0.100035 -0.340039 -0.279466
v 0.123711 -0.333198 -0.276842
v 0.140000 -0.330655 -0.275613
v 0.002767 -0.313700 -0.277251
v 0.022068 -0.318741 -0.277632
v 0.037030 -0.323167 -0.282969
v 0.054967 -0.327729 -0.284908
v 0.135327 -0.329001 -0.289001
v 0.156588 -0.326022 -0.282688
v 0.181196 -0.317937 -0.278389
v -0.018242 -0.298180 -0.278681
v -0.004563 -0.307191 -0.284650
v 0.010208 -0.309792 -0.289792
v 0.200720 -0.301259 -0.281576
v 0.223716 -0.294669 -0.278122
v -0.036899 -0.276136 -0.277218
v -0.028538 -0.288538 -0.284750
v 0.220000 -0.289929 -0.289929
v 0.241565 -0.281890 -0.280681
v 0.260000 -0.270106 -0.270106
v -0.053259 -0.253259 -0.276644
v -0.046467 -0.262370 -0.280000
v 0.259963 -0.261893 -0.282071
v 0.280000 -0.253057 -0.273057
v -0.192173 -0.232173 -0.276167
v -0.178065 -0.239142 -0.279024
v -0.161379 -0.242953 -0.281474
v -0.138141 -0.240733 -0.278714
v -0.116406 -0.234034 -0.277233
v -0.071220 -0.231220 -0.275540
v -0.061754 -0.241927 -0.280000
v 0.277060 -0.247617 -0.284662
v 0.299986 -0.237456 -0.276862
v -0.211941 -0.211941 -0.275880
v -0.202777 -0.224325 -0.282560
v -0.100000 -0.227826 -0.280000
v -0.083145 -0.226364 -0.280000
v 0.300000 -0.229440 -0.289440
v 0.318998 -0.218069 -0.277816
v -0.219872 -0.199756 -0.279921
v 0.320000 -0.208190 -0.288190
v 0.340967 -0.195142 -0.277441
v 0.362481 -0.194569 -0.276935
v 0.381476 -0.197125 -0.278486
v 0.402743 -0.194144 -0.275730
v -0.226304 -0.182758 -0.280000
v 0.420326 -0.182590 -0.280694
v 0.440000 -0.172539 -0.272539
v -0.229106 -0.164331 -0.280000
v 0.443189 -0.165204 -0.282028
v 0.460000 -0.150706 -0.270706
v -0.228217 -0.142784 -0.282896
v 0.463435 -0.140314 -0.280888
v -0.222388 -0.119584 -0.281269
v 0.474594 -0.120000 -0.280000
v -0.218391 -0.098373 -0.277534
v 0.477324 -0.100845 -0.280173
v -0.231501 -0.071501 -0.275999
v -0.222449 -0.082845 -0.281305
v 0.479243 -0.080069 -0.279890
v -0.240690 -0.060712 -0.280674
v 0.478397 -0.059190 -0.278801
v -0.255145 -0.037906 -0.277624
v -0.249486 -0.049486 -0.280000
v 0.473802 -0.044316 -0.282746
v -0.260091 -0.020108 -0.280057
v 0.466381 -0.016142 -0.277822
v 0.471015 -0.028985 -0.280000
v -0.261133 0.000939 -0.279990
v 0.449869 0.009869 -0.280000
v 0.456694 -0.002397 -0.282106
v -0.255581 0.020096 -0.278749
v 0.441126 0.021088 -0.279516
v -0.243842 0.040526 -0.279692
v 0.348367 0.048367 -0.271633
v 0.364141 0.048099 -0.271901
v 0.385564 0.048324 -0.274546
v 0.402265 0.045132 -0.277463
v 0.418028 0.037511 -0.281565
v 0.430404 0.030404 -0.280000
v -0.219366 0.061852 -0.279110
v 0.322600 0.062819 -0.280384
v 0.336139 0.051683 -0.284310
v 0.355576 0.051081 -0.284366
v 0.373976 0.050847 -0.282896
v -0.200000 0.070423 -0.284928
v -0.181903 0.076931 -0.281592
v -0.160120 0.079780 -0.280210
v -0.141193 0.077516 -0.281194
v -0.119873 0.076255 -0.279785
v -0.104125 0.084866 -0.280000
v 0.307014 0.087013 -0.280000
v 0.312550 0.077061 -0.280000
v -0.098711 0.099302 -0.282134
v 0.300707 0.100853 -0.279516
v -0.090682 0.120000 -0.275578
v 0.286763 0.126763 -0.276608
v 0.291827 0.114977 -0.282928
v -0.086759 0.136230 -0.280000
v 0.266663 0.146663 -0.276379
v 0.276492 0.136380 -0.283717
v -0.077641 0.158888 -0.279291
v 0.248187 0.168187 -0.275554
v 0.256111 0.155949 -0.281338
v -0.060862 0.181229 -0.279640
v 0.189680 0.189680 -0.280000
v 0.202805 0.186414 -0.276401
v 0.221741 0.181582 -0.279794
v 0.235504 0.173380 -0.283152
v -0.038331 0.198452 -0.278853
v -0.024820 0.204333 -0.284820
v 0.088801 0.208801 -0.280000
v 0.103049 0.206632 -0.275981
v 0.121057 0.202497 -0.278525
v 0.140180 0.200372 -0.280057
v 0.158332 0.199666 -0.279783
v 0.175753 0.193464 -0.282562
v 0.000217 0.216362 -0.278340
v 0.019819 0.218140 -0.279751
v 0.039813 0.220175 -0.280055
v 0.057940 0.215677 -0.282860
v 0.076666 0.212532 -0.280000
v 0.027422 -0.332578 -0.252578
v 0.043541 -0.336196 -0.256636
v 0.061874 -0.338749 -0.257461
v 0.082568 -0.337393 -0.257467
v 0.100242 -0.339782 -0.259635
v 0.121721 -0.338723 -0.257892
v 0.143526 -0.333831 -0.257372
v 0.160000 -0.330859 -0.250859
v -0.011687 -0.311687 -0.256126
v 0.001763 -0.319091 -0.258439
v 0.017773 -0.322321 -0.262234
v 0.034313 -0.328744 -0.265489
v 0.156836 -0.328759 -0.265741
v 0.180300 -0.321742 -0.260067
v 0.200000 -0.310066 -0.250066
v -0.020558 -0.300601 -0.261254
v -0.009601 -0.309601 -0.269601
v 0.200000 -0.307454 -0.263411
v 0.221220 -0.301515 -0.260638
v 0.240000 -0.294158 -0.257362
v -0.037662 -0.276950 -0.257805
v -0.028950 -0.288950 -0.264302
v 0.240000 -0.289649 -0.269649
v 0.260513 -0.275557 -0.256963
v -0.053692 -0.253692 -0.256904
v -0.047095 -0.262627 -0.263491
v 0.279941 -0.260297 -0.260082
v -0.192591 -0.232591 -0.256356
v -0.180531 -0.240379 -0.261376
v -0.162668 -0.245837 -0.262702
v -0.142657 -0.245165 -0.262332
v -0.119988 -0.239086 -0.258980
v -0.096693 -0.230968 -0.254147
v -0.070522 -0.230522 -0.255453
v -0.061480 -0.241750 -0.261396
v 0.300379 -0.244603 -0.263051
v 0.320000 -0.232208 -0.256962
v -0.211219 -0.211219 -0.255660
v -0.202234 -0.222319 -0.261924
v -0.100000 -0.228933 -0.268933
v -0.083585 -0.226691 -0.263271
v 0.324238 -0.223078 -0.263078
v -0.218973 -0.198310 -0.258932
v 0.339751 -0.201357 -0.261209
v 0.364274 -0.190756 -0.260000
v 0.384742 -0.193220 -0.257146
v 0.404654 -0.192069 -0.255611
v -0.230130 -0.170130 -0.250130
v -0.225526 -0.182384 -0.262844
v 0.420000 -0.186381 -0.263065
v 0.437859 -0.177689 -0.258909
v -0.231855 -0.156122 -0.251855
v -0.229092 -0.164269 -0.264575
v 0.457684 -0.157893 -0.260527
v -0.234121 -0.136244 -0.254383
v -0.229404 -0.146452 -0.266161
v 0.470823 -0.140000 -0.260000
v -0.250694 -0.110694 -0.250694
v -0.235903 -0.117065 -0.256796
v -0.227695 -0.125597 -0.264700
v 0.480711 -0.120132 -0.260279
v -0.256399 -0.096147 -0.251859
v -0.237559 -0.098385 -0.258370
v -0.225513 -0.102957 -0.265513
v 0.484650 -0.099461 -0.259344
v -0.270079 -0.080000 -0.250079
v -0.257251 -0.076759 -0.253507
v -0.239425 -0.079257 -0.259572
v -0.226732 -0.082819 -0.266732
v 0.487671 -0.076168 -0.255686
v -0.256650 -0.056171 -0.254898
v -0.245029 -0.063478 -0.262841
v 0.486439 -0.057113 -0.256363
v -0.258218 -0.038456 -0.257808
v -0.249857 -0.049857 -0.269857
v 0.481209 -0.038592 -0.260123
v -0.260533 -0.021346 -0.260660
v 0.469705 -0.010295 -0.260000
v 0.474512 -0.022177 -0.263277
v -0.260301 0.001401 -0.258857
v 0.461669 0.002063 -0.259697
v -0.253363 0.024147 -0.257119
v 0.444361 0.023977 -0.256532
v 0.452991 0.012991 -0.263909
v -0.244021 0.042936 -0.261977
v 0.348923 0.048923 -0.255021
v 0.362585 0.042796 -0.257190
v 0.382810 0.042321 -0.256082
v 0.403234 0.042875 -0.256844
v 0.419008 0.039539 -0.260595
v 0.432358 0.032358 -0.264113
v -0.231709 0.060000 -0.251709
v -0.223800 0.063914 -0.259366
v 0.338530 0.058969 -0.260895
v -0.200159 0.076156 -0.259488
v -0.180724 0.080732 -0.260861
v -0.161004 0.081211 -0.260912
v -0.140637 0.079499 -0.258814
v -0.119222 0.078417 -0.258819
v 0.322479 0.082912 -0.260562
v 0.331216 0.071216 -0.260000
v -0.098050 0.098669 -0.260490
v 0.306503 0.106503 -0.256118
v 0.312138 0.095378 -0.262877
v -0.091937 0.123283 -0.254499
v 0.287856 0.127856 -0.255590
v 0.295039 0.116282 -0.262554
v -0.087765 0.135618 -0.263682
v 0.268742 0.148742 -0.260000
v 0.278049 0.137993 -0.260401
v -0.078279 0.159681 -0.260075
v 0.260487 0.160480 -0.259931
v -0.070780 0.180000 -0.250780
v -0.064752 0.183273 -0.262198
v 0.209494 0.189494 -0.255469
v 0.222419 0.185679 -0.257304
v 0.237917 0.179024 -0.261770
v 0.251261 0.171261 -0.260000
v -0.053221 0.200000 -0.253221
v -0.044514 0.202041 -0.261731
v 0.125070 0.208336 -0.257336
v 0.141953 0.204262 -0.257823
v 0.163610 0.201427 -0.257968
v 0.178882 0.197362 -0.261494
v 0.195324 0.192784 -0.262632
v -0.019603 0.218149 -0.259531
v 0.001614 0.225789 -0.257583
v 0.024090 0.226120 -0.257723
v 0.042256 0.224754 -0.257278
v 0.060992 0.220554 -0.260328
v 0.079012 0.217765 -0.259703
v 0.095428 0.212899 -0.262611
v 0.111047 0.211047 -0.260000
v 0.104228 -0.351599 -0.231599
v 0.120000 -0.351769 -0.231769
v 0.008496 -0.331504 -0.231504
v 0.022729 -0.337026 -0.237169
v 0.037237 -0.341732 -0.242560
v 0.057341 -0.345574 -0.242350
v 0.078570 -0.342700 -0.242937
v 0.097039 -0.346485 -0.242591
v 0.116202 -0.347704 -0.243039
v 0.138047 -0.343583 -0.243079
v 0.159249 -0.336692 -0.237763
v -0.014082 -0.314082 -0.237186
v -0.003031 -0.322469 -0.241954
v 0.014305 -0.329008 -0.245775
v 0.178806 -0.322857 -0.241001
v 0.200000 -0.312723 -0.236873
v -0.030782 -0.290782 -0.230782
v -0.021843 -0.302206 -0.241548
v 0.219233 -0.303835 -0.240149
v 0.236956 -0.297319 -0.238587
v -0.038250 -0.277716 -0.238440
v -0.029798 -0.289798 -0.244818
v 0.260089 -0.279623 -0.239933
v -0.155944 -0.251691 -0.236310
v -0.136907 -0.251812 -0.234690
v -0.052571 -0.257234 -0.236478
v -0.046993 -0.263819 -0.245060
v 0.283185 -0.264718 -0.242001
v 0.300000 -0.252623 -0.236590
v -0.193257 -0.233257 -0.236705
v -0.181955 -0.241543 -0.241383
v -0.165220 -0.248158 -0.245419
v -0.144518 -0.248870 -0.248870
v -0.123003 -0.245235 -0.242173
v -0.099703 -0.236091 -0.238295
v -0.075291 -0.232497 -0.234983
v -0.062345 -0.242750 -0.241996
v 0.300000 -0.249610 -0.249610
v 0.320134 -0.239965 -0.240071
v -0.211946 -0.211946 -0.236164
v -0.202493 -0.222713 -0.242108
v -0.080000 -0.228631 -0.243902
v 0.338446 -0.218547 -0.238563
v -0.219588 -0.199432 -0.239217
v 0.344468 -0.204581 -0.244581
v -0.234350 -0.174222 -0.234318
v -0.227040 -0.182957 -0.243315
v 0.362734 -0.184652 -0.239561
v 0.377830 -0.184527 -0.241294
v 0.396392 -0.187717 -0.240000
v 0.420615 -0.184605 -0.239251
v 0.437108 -0.178446 -0.240512
v -0.270145 -0.150145 -0.230145
v -0.254902 -0.155139 -0.232237
v -0.238637 -0.157983 -0.238709
v 0.459926 -0.160475 -0.240520
v -0.295940 -0.130983 -0.230983
v -0.277273 -0.137432 -0.233886
v -0.258445 -0.138581 -0.239138
v -0.242461 -0.142907 -0.243713
v 0.476213 -0.136955 -0.239098
v -0.311054 -0.115953 -0.231054
v -0.297813 -0.117797 -0.235026
v -0.279491 -0.119457 -0.239745
v -0.263296 -0.123303 -0.243594
v -0.248605 -0.123870 -0.248605
v 0.483205 -0.120913 -0.239462
v -0.317308 -0.097054 -0.233679
v -0.298894 -0.098268 -0.239479
v -0.283185 -0.103209 -0.243159
v -0.265026 -0.105132 -0.247879
v 0.489214 -0.100000 -0.235199
v -0.330428 -0.080000 -0.230428
v -0.318087 -0.077651 -0.235457
v -0.301841 -0.081045 -0.240919
v -0.282791 -0.083019 -0.246338
v -0.269320 -0.089320 -0.249320
v 0.490668 -0.084990 -0.240000
v -0.317427 -0.056715 -0.233879
v -0.300831 -0.059960 -0.240380
v -0.282543 -0.062957 -0.245791
v -0.269429 -0.064811 -0.249429
v 0.489634 -0.050366 -0.235202
v 0.491414 -0.064294 -0.240000
v -0.314835 -0.037212 -0.231655
v -0.297301 -0.038796 -0.237813
v -0.281445 -0.041779 -0.243352
v -0.268950 -0.044648 -0.248950
v 0.486368 -0.037291 -0.236843
v -0.297218 -0.016278 -0.233372
v -0.279344 -0.019986 -0.239564
v -0.267967 -0.024143 -0.247967
v 0.479982 -0.020066 -0.240058
v -0.291526 -0.000000 -0.231527
v -0.276573 0.002610 -0.235694
v -0.265224 -0.002733 -0.245224
v 0.463011 0.003189 -0.237672
v 0.471730 -0.008270 -0.244501
v -0.270765 0.020000 -0.230765
v -0.259481 0.020877 -0.238818
v 0.369954 0.029954 -0.230046
v 0.384234 0.028461 -0.231539
v 0.404881 0.029585 -0.230415
v 0.424359 0.029310 -0.230690
v 0.444071 0.023586 -0.237336
v 0.454478 0.014478 -0.242835
v -0.251577 0.040000 -0.236210
v -0.248705 0.040000 -0.248705
v 0.358883 0.039091 -0.240755
v 0.377480 0.034647 -0.242157
v 0.398333 0.036839 -0.243094
v 0.417807 0.035450 -0.241907
v 0.431935 0.031935 -0.243686
v -0.238287 0.057425 -0.240838
v 0.346812 0.064108 -0.237741
v 0.351579 0.051579 -0.240000
v -0.215334 0.076114 -0.235334
v -0.200195 0.082196 -0.240592
v -0.176473 0.087312 -0.235668
v -0.157182 0.085763 -0.236479
v -0.137974 0.083776 -0.237552
v -0.120000 0.084493 -0.237057
v 0.329423 0.089423 -0.240000
v 0.336660 0.077893 -0.242265
v -0.102019 0.099719 -0.243098
v 0.320663 0.100867 -0.239627
v -0.095393 0.122804 -0.238012
v 0.302014 0.121776 -0.239055
v 0.311706 0.111706 -0.240000
v -0.090519 0.140000 -0.230519
v -0.088010 0.140000 -0.243860
v 0.282428 0.142417 -0.237928
v 0.291030 0.131030 -0.240000
v -0.081065 0.159949 -0.241901
v 0.262599 0.162324 -0.238059
v 0.271888 0.151888 -0.244579
v -0.073048 0.183186 -0.235213
v 0.209022 0.189022 -0.235206
v 0.221649 0.184015 -0.237857
v 0.236780 0.178175 -0.241943
v 0.251248 0.171248 -0.244338
v -0.060226 0.200518 -0.240410
v 0.142691 0.206244 -0.236349
v 0.161486 0.201079 -0.239375
v 0.178572 0.196783 -0.241565
v 0.196597 0.192363 -0.243699
v -0.038069 0.217797 -0.239011
v -0.023704 0.223659 -0.243704
v 0.043864 0.227925 -0.240000
v 0.064817 0.227123 -0.237233
v 0.081873 0.224354 -0.237489
v 0.100423 0.219893 -0.239403
v 0.117911 0.215346 -0.242744
v 0.130229 0.210229 -0.240000
v -0.004638 0.232410 -0.240000
v 0.018085 0.232976 -0.243162
v 0.030629 0.230629 -0.240000
v 0.065866 -0.350972 -0.217166
v 0.083773 -0.352174 -0.216133
v 0.103466 -0.353405 -0.216511
v 0.124333 -0.352148 -0.215758
v 0.004337 -0.333100 -0.215271
v 0.021455 -0.339277 -0.218981
v 0.037527 -0.345727 -0.222737
v 0.054203 -0.348874 -0.225857
v 0.075188 -0.349274 -0.229274
v 0.090081 -0.349919 -0.229919
v 0.136693 -0.349367 -0.226107
v 0.160759 -0.341952 -0.220979
v 0.180000 -0.332788 -0.212788
v -0.016465 -0.316187 -0.217457
v -0.004112 -0.325701 -0.224498
v 0.180000 -0.328611 -0.223693
v 0.200050 -0.320214 -0.220058
v -0.032260 -0.295290 -0.214844
v -0.024405 -0.303353 -0.223657
v 0.217099 -0.307066 -0.224729
v 0.236729 -0.295728 -0.217901
v -0.039759 -0.279685 -0.219579
v 0.259944 -0.280124 -0.220122
v 0.280000 -0.270261 -0.220000
v -0.171200 -0.251200 -0.215740
v -0.157837 -0.255445 -0.217831
v -0.137560 -0.255873 -0.218130
v -0.120000 -0.251518 -0.216149
v -0.055856 -0.256861 -0.216605
v -0.047158 -0.267158 -0.223405
v 0.280000 -0.269776 -0.229776
v 0.299358 -0.256344 -0.220656
v -0.196314 -0.233623 -0.215586
v -0.183364 -0.242826 -0.222412
v -0.169927 -0.249927 -0.229927
v -0.120000 -0.248372 -0.228372
v -0.100279 -0.239649 -0.219820
v -0.076732 -0.236116 -0.216689
v -0.064103 -0.244274 -0.223191
v 0.320866 -0.242992 -0.220973
v -0.230509 -0.210509 -0.210509
v -0.215357 -0.215738 -0.215244
v -0.203796 -0.223913 -0.222945
v 0.342818 -0.219846 -0.219895
v -0.275881 -0.190975 -0.210975
v -0.256544 -0.197025 -0.212474
v -0.237993 -0.196463 -0.217266
v -0.223422 -0.203258 -0.221986
v 0.357151 -0.195644 -0.219776
v -0.295062 -0.175307 -0.212476
v -0.277337 -0.177423 -0.217115
v -0.260401 -0.180277 -0.220183
v -0.242914 -0.182877 -0.223569
v -0.228928 -0.188928 -0.228928
v 0.364257 -0.182088 -0.220278
v 0.383517 -0.172287 -0.220000
v 0.400548 -0.176937 -0.221183
v 0.419773 -0.177496 -0.220555
v 0.440000 -0.172618 -0.220000
v -0.315727 -0.155748 -0.213315
v -0.297955 -0.158372 -0.219011
v -0.281517 -0.162866 -0.221682
v -0.263021 -0.162858 -0.226726
v -0.248678 -0.168678 -0.228678
v 0.459992 -0.160048 -0.220023
v -0.335594 -0.135342 -0.212836
v -0.319335 -0.139362 -0.219622
v -0.303162 -0.143095 -0.223725
v -0.285415 -0.145088 -0.228182
v 0.477035 -0.137142 -0.221507
v -0.351047 -0.115973 -0.211047
v -0.338417 -0.117750 -0.218936
v -0.323272 -0.123311 -0.224037
v -0.308173 -0.128173 -0.228173
v 0.485719 -0.116735 -0.217284
v -0.353684 -0.096835 -0.213684
v -0.341715 -0.101107 -0.221325
v -0.325248 -0.105616 -0.228431
v 0.489723 -0.100000 -0.210277
v 0.490508 -0.100000 -0.220000
v -0.353605 -0.076858 -0.213605
v -0.343095 -0.082281 -0.222527
v -0.329627 -0.089627 -0.229627
v 0.491709 -0.084422 -0.224325
v -0.353937 -0.056855 -0.213937
v -0.343220 -0.062406 -0.222665
v -0.329798 -0.064956 -0.229798
v 0.489197 -0.050803 -0.215715
v 0.491910 -0.064005 -0.224142
v -0.352191 -0.035709 -0.212191
v -0.341470 -0.040048 -0.221129
v -0.328138 -0.044231 -0.228138
v 0.485701 -0.037556 -0.217358
v -0.337404 -0.018051 -0.216771
v -0.322388 -0.023207 -0.225781
v -0.309889 -0.020000 -0.229889
v 0.479505 -0.020888 -0.220580
v -0.331843 0.004620 -0.211843
v -0.319541 0.000231 -0.219782
v -0.304518 -0.002513 -0.227376
v 0.448514 0.008514 -0.211486
v 0.461193 0.001071 -0.217914
v 0.471921 -0.008079 -0.223986
v -0.316382 0.022474 -0.214555
v -0.302396 0.019730 -0.222308
v -0.284886 0.017258 -0.227575
v 0.369456 0.029456 -0.220000
v 0.380679 0.020909 -0.218364
v 0.400883 0.020899 -0.218893
v 0.421412 0.021653 -0.217949
v 0.438526 0.019282 -0.221030
v 0.451358 0.011358 -0.223869
v -0.292603 0.040000 -0.212603
v -0.281647 0.036050 -0.218192
v -0.262270 0.039965 -0.221546
v 0.362434 0.042591 -0.218647
v -0.239745 0.061585 -0.221140
v 0.349876 0.069876 -0.220000
v 0.354914 0.057992 -0.223027
v -0.218240 0.078573 -0.220163
v -0.195114 0.088771 -0.220000
v 0.341645 0.082002 -0.219540
v -0.180000 0.092288 -0.220000
v -0.164119 0.091338 -0.220000
v -0.144615 0.090674 -0.220000
v -0.118217 0.096090 -0.218465
v -0.106790 0.100000 -0.226790
v 0.324675 0.103261 -0.217278
v 0.331517 0.091517 -0.224595
v -0.100922 0.121054 -0.219773
v 0.302986 0.127701 -0.216133
v 0.313566 0.116509 -0.221963
v -0.093595 0.142368 -0.215840
v 0.282798 0.142532 -0.217765
v 0.292993 0.132993 -0.223781
v -0.086585 0.156029 -0.222814
v 0.249907 0.169907 -0.220000
v 0.260843 0.160770 -0.219296
v 0.272206 0.152206 -0.223804
v -0.080121 0.180094 -0.220038
v 0.222613 0.186423 -0.216503
v 0.236991 0.178289 -0.222167
v 0.250408 0.170408 -0.229592
v -0.070683 0.200000 -0.210683
v -0.064852 0.202874 -0.222066
v 0.148924 0.208924 -0.220000
v 0.162618 0.206240 -0.216672
v 0.180522 0.200127 -0.219752
v 0.197810 0.194972 -0.222701
v 0.210724 0.190724 -0.220000
v -0.050728 0.220000 -0.210728
v -0.040309 0.224043 -0.219334
v 0.088682 0.228682 -0.215581
v 0.102465 0.225334 -0.217246
v 0.120784 0.220341 -0.219778
v 0.135691 0.212790 -0.222339
v -0.017117 0.235363 -0.219986
v 0.001430 0.239259 -0.219632
v 0.020880 0.240407 -0.219817
v 0.037790 0.234781 -0.223124
v 0.056254 0.232220 -0.224693
v 0.075975 0.231310 -0.220000
v 0.065600 -0.351474 -0.194481
v 0.083320 -0.353411 -0.196919
v 0.103936 -0.352882 -0.196528
v 0.120000 -0.350322 -0.195191
v -0.011167 -0.331167 -0.196047
v 0.001681 -0.336388 -0.198401
v 0.022504 -0.338627 -0.198589
v 0.038089 -0.344517 -0.202368
v 0.055922 -0.348911 -0.204601
v 0.137103 -0.348260 -0.202865
v 0.160003 -0.342933 -0.201553
v 0.183893 -0.334078 -0.197378
v -0.031843 -0.311843 -0.191843
v -0.020960 -0.320983 -0.201380
v -0.008091 -0.328091 -0.208091
v 0.200424 -0.324469 -0.203022
v 0.220000 -0.313615 -0.197193
v -0.037785 -0.296972 -0.198242
v -0.028591 -0.308591 -0.203753
v 0.220000 -0.309958 -0.209958
v 0.239972 -0.298580 -0.198817
v -0.051910 -0.275070 -0.194628
v -0.043995 -0.283010 -0.203135
v 0.260117 -0.279596 -0.199594
v -0.175231 -0.252492 -0.195012
v -0.158600 -0.257102 -0.198622
v -0.139131 -0.258442 -0.199287
v -0.117423 -0.253992 -0.195895
v -0.059412 -0.259224 -0.198893
v -0.049482 -0.269482 -0.209482
v 0.280000 -0.268885 -0.204676
v 0.301142 -0.255965 -0.198859
v -0.235189 -0.230299 -0.190299
v -0.214460 -0.231514 -0.194753
v -0.198349 -0.238716 -0.198211
v -0.184056 -0.245441 -0.204445
v -0.103892 -0.245994 -0.202616
v -0.079977 -0.239831 -0.199672
v -0.066351 -0.246351 -0.202924
v 0.320241 -0.243676 -0.201746
v -0.296032 -0.211189 -0.191189
v -0.274433 -0.215018 -0.195391
v -0.258368 -0.217699 -0.197970
v -0.240572 -0.220272 -0.200248
v -0.221642 -0.222251 -0.202420
v -0.207227 -0.227227 -0.207227
v 0.342747 -0.223153 -0.200142
v -0.315522 -0.195743 -0.193091
v -0.298211 -0.198626 -0.198982
v -0.281733 -0.202735 -0.202213
v -0.264482 -0.203884 -0.206564
v -0.243887 -0.208263 -0.208263
v 0.357429 -0.200953 -0.201069
v -0.335638 -0.175415 -0.192943
v -0.319765 -0.179766 -0.199844
v -0.303922 -0.183851 -0.204997
v -0.288385 -0.188385 -0.208385
v 0.367721 -0.180000 -0.195805
v -0.351309 -0.156115 -0.191309
v -0.338604 -0.158379 -0.198919
v -0.323908 -0.163940 -0.205197
v -0.309558 -0.169558 -0.209558
v 0.381233 -0.163380 -0.200733
v 0.399837 -0.159716 -0.199274
v 0.420233 -0.162246 -0.197325
v 0.440144 -0.161498 -0.200287
v 0.456378 -0.155451 -0.203622
v -0.356907 -0.136562 -0.195156
v -0.343686 -0.142288 -0.203193
v -0.329433 -0.149433 -0.209433
v 0.466462 -0.140000 -0.193538
v 0.471400 -0.140000 -0.203613
v -0.371066 -0.111066 -0.191066
v -0.360255 -0.120370 -0.200258
v -0.347856 -0.127856 -0.207856
v 0.481295 -0.120880 -0.199815
v -0.372803 -0.096482 -0.192803
v -0.363255 -0.102453 -0.203436
v 0.487878 -0.095875 -0.196636
v -0.373472 -0.076792 -0.193472
v -0.363195 -0.082707 -0.203322
v 0.488549 -0.074160 -0.194713
v 0.490936 -0.083131 -0.205941
v -0.373994 -0.056951 -0.193994
v -0.364185 -0.063373 -0.204212
v 0.487139 -0.056784 -0.196842
v 0.490566 -0.064632 -0.209434
v -0.373083 -0.036300 -0.193083
v -0.363480 -0.042988 -0.203430
v 0.481398 -0.037642 -0.197619
v -0.371109 -0.020000 -0.191109
v -0.360607 -0.020169 -0.200568
v -0.349580 -0.020000 -0.209580
v 0.465440 -0.011333 -0.194421
v 0.476976 -0.022745 -0.202898
v -0.355097 0.001669 -0.195424
v -0.343725 -0.002093 -0.206455
v 0.388112 0.008112 -0.196636
v 0.402626 0.003047 -0.196779
v 0.423013 0.003631 -0.196124
v 0.441953 0.002573 -0.197028
v 0.457582 -0.001710 -0.201247
v 0.470782 -0.009218 -0.209218
v -0.338894 0.019769 -0.198875
v -0.328420 0.020000 -0.208420
v 0.378098 0.017880 -0.201595
v 0.395472 0.011552 -0.208448
v 0.416481 0.013197 -0.206803
v 0.436231 0.011740 -0.208260
v -0.318308 0.040124 -0.198529
v -0.303376 0.040000 -0.208295
v 0.367155 0.044471 -0.197561
v 0.371139 0.031139 -0.204584
v -0.298103 0.056982 -0.195404
v -0.278868 0.060579 -0.198428
v -0.261170 0.060134 -0.203010
v -0.248553 0.060000 -0.208553
v 0.360381 0.060631 -0.199876
v -0.237720 0.077220 -0.194923
v -0.220263 0.082370 -0.201145
v 0.346952 0.083826 -0.198018
v 0.352858 0.072858 -0.203902
v -0.197658 0.095552 -0.200304
v -0.180133 0.100368 -0.200002
v -0.158646 0.100384 -0.200060
v -0.139619 0.099567 -0.199967
v -0.121154 0.102715 -0.200762
v 0.326549 0.106549 -0.196645
v 0.335955 0.095752 -0.201196
v -0.110043 0.120000 -0.190043
v -0.107550 0.116719 -0.205083
v 0.304293 0.127615 -0.197874
v 0.316870 0.116475 -0.203133
v -0.098841 0.140039 -0.198558
v 0.282875 0.142687 -0.197245
v 0.293508 0.133508 -0.203226
v -0.092640 0.162745 -0.195255
v -0.089179 0.160000 -0.209179
v 0.261012 0.160859 -0.199065
v 0.271969 0.151969 -0.203969
v -0.087393 0.175847 -0.203078
v 0.228082 0.188082 -0.195814
v 0.241145 0.180932 -0.200179
v 0.251282 0.171282 -0.204539
v -0.076230 0.197219 -0.198427
v 0.168071 0.208071 -0.195713
v 0.181602 0.203574 -0.198057
v 0.198497 0.198899 -0.199101
v 0.215167 0.192075 -0.202599
v -0.058378 0.217697 -0.199107
v 0.088379 0.228379 -0.195901
v 0.102937 0.226355 -0.196947
v 0.122826 0.222144 -0.198955
v 0.138543 0.216391 -0.202063
v 0.154275 0.211021 -0.203253
v -0.035929 0.236178 -0.195929
v -0.020224 0.241546 -0.200284
v 0.003129 0.246728 -0.196318
v 0.021453 0.243449 -0.198117
v 0.037519 0.238105 -0.201014
v 0.057126 0.233960 -0.203121
v 0.075817 0.230888 -0.204535
v 0.044732 -0.352608 -0.175343
v 0.062621 -0.357335 -0.177532
v 0.081532 -0.359082 -0.178017
v 0.102506 -0.355711 -0.178076
v 0.124428 -0.351253 -0.175992
v 0.140000 -0.351227 -0.171227
v -0.017568 -0.333542 -0.177147
v -0.001224 -0.340798 -0.181567
v 0.018690 -0.340886 -0.182454
v 0.036963 -0.347176 -0.183187
v 0.050371 -0.349629 -0.189629
v 0.136744 -0.349215 -0.186101
v 0.156513 -0.346456 -0.182998
v 0.179144 -0.338512 -0.180473
v 0.200000 -0.330461 -0.170461
v -0.034699 -0.316136 -0.175805
v -0.024709 -0.324756 -0.185177
v 0.200000 -0.328591 -0.184009
v 0.219884 -0.317968 -0.178677
v -0.050836 -0.290836 -0.170836
v -0.041289 -0.301753 -0.182205
v 0.239607 -0.304985 -0.183446
v 0.260000 -0.290634 -0.170634
v -0.056470 -0.277233 -0.177086
v -0.048154 -0.288154 -0.183668
v 0.263405 -0.282315 -0.178682
v 0.280000 -0.270931 -0.170931
v -0.195018 -0.252205 -0.175022
v -0.178665 -0.257093 -0.178727
v -0.158794 -0.259626 -0.178211
v -0.139796 -0.259614 -0.178774
v -0.118243 -0.257218 -0.178766
v -0.095257 -0.250806 -0.170806
v -0.071594 -0.251594 -0.176235
v -0.062442 -0.263416 -0.182015
v 0.280000 -0.267675 -0.183855
v 0.300477 -0.256104 -0.179351
v -0.295960 -0.231111 -0.171111
v -0.274433 -0.235406 -0.175008
v -0.257877 -0.237594 -0.177094
v -0.238311 -0.238192 -0.177705
v -0.218170 -0.238763 -0.178426
v -0.203134 -0.244241 -0.183137
v -0.188632 -0.248632 -0.188632
v -0.100000 -0.248402 -0.183785
v -0.083082 -0.245620 -0.182462
v -0.068960 -0.248960 -0.188960
v 0.323299 -0.242334 -0.179264
v -0.332093 -0.212093 -0.172093
v -0.317510 -0.216158 -0.176333
v -0.300909 -0.220615 -0.180616
v -0.282817 -0.224000 -0.184007
v -0.263559 -0.227756 -0.187756
v -0.249375 -0.229375 -0.189375
v 0.342475 -0.222821 -0.180203
v -0.352667 -0.192667 -0.172667
v -0.338200 -0.198243 -0.178626
v -0.323031 -0.202950 -0.184348
v -0.308224 -0.208224 -0.188224
v 0.359590 -0.200193 -0.179561
v -0.371060 -0.171060 -0.171060
v -0.357298 -0.178418 -0.177803
v -0.343167 -0.183220 -0.184516
v -0.329445 -0.189445 -0.189445
v 0.370258 -0.180000 -0.180000
v -0.374736 -0.154106 -0.175027
v -0.362085 -0.162723 -0.181755
v -0.348410 -0.168410 -0.188410
v 0.381156 -0.160438 -0.179610
v -0.377530 -0.138312 -0.177773
v -0.363863 -0.144462 -0.186543
v 0.399088 -0.141098 -0.180739
v 0.421109 -0.139151 -0.177145
v 0.441651 -0.139433 -0.177386
v 0.458829 -0.137685 -0.183369
v -0.391949 -0.116261 -0.171949
v -0.380312 -0.120587 -0.180283
v -0.368907 -0.124110 -0.188907
v 0.463975 -0.117784 -0.173113
v 0.471841 -0.123138 -0.184891
v -0.396242 -0.094844 -0.172911
v -0.382661 -0.101865 -0.182389
v 0.469878 -0.100000 -0.170122
v 0.479590 -0.100320 -0.180835
v -0.397563 -0.076361 -0.172939
v -0.383972 -0.083007 -0.183502
v 0.481392 -0.078826 -0.178420
v -0.393748 -0.056725 -0.173748
v -0.383658 -0.063021 -0.183376
v 0.469083 -0.050917 -0.170917
v 0.480454 -0.059115 -0.179484
v -0.391321 -0.035224 -0.171321
v -0.382939 -0.042648 -0.183061
v 0.449212 -0.030788 -0.170788
v 0.465165 -0.034788 -0.175251
v 0.476681 -0.042701 -0.182452
v -0.380286 -0.020085 -0.180325
v 0.403940 -0.014054 -0.176082
v 0.422459 -0.016760 -0.177272
v 0.441874 -0.017266 -0.177640
v 0.459477 -0.020354 -0.180288
v 0.471617 -0.023510 -0.188383
v -0.375365 0.001584 -0.175060
v -0.367369 -0.004078 -0.187369
v 0.387193 0.002816 -0.176297
v 0.394568 -0.004642 -0.185346
v 0.416898 -0.006168 -0.186168
v 0.436895 -0.006247 -0.186247
v 0.451950 -0.008050 -0.188050
v -0.358766 0.020586 -0.178014
v -0.348524 0.020000 -0.188524
v 0.379487 0.019217 -0.179747
v -0.351783 0.040000 -0.171783
v -0.339404 0.040282 -0.180666
v -0.329265 0.040000 -0.189265
v 0.369663 0.049663 -0.180000
v 0.373075 0.037139 -0.183841
v -0.331333 0.060000 -0.171333
v -0.319670 0.060461 -0.179259
v -0.307479 0.060000 -0.187479
v 0.362770 0.063831 -0.177259
v -0.310107 0.080000 -0.170107
v -0.296712 0.080354 -0.177715
v -0.280652 0.081161 -0.182795
v -0.259019 0.084873 -0.183240
v -0.248993 0.080000 -0.188993
v 0.347139 0.087139 -0.176573
v 0.353863 0.077763 -0.183355
v -0.270145 0.100000 -0.170145
v -0.255227 0.100000 -0.170778
v -0.240000 0.095958 -0.175351
v -0.219697 0.096766 -0.175501
v -0.199501 0.102034 -0.179572
v -0.175012 0.109783 -0.180000
v -0.151053 0.108948 -0.180000
v -0.140000 0.107721 -0.180000
v 0.327291 0.107291 -0.176473
v 0.337197 0.097065 -0.182599
v -0.160000 0.110314 -0.180000
v -0.118290 0.118519 -0.177893
v 0.306742 0.126742 -0.176485
v 0.317236 0.117341 -0.182351
v -0.105362 0.136484 -0.182072
v 0.286877 0.146877 -0.176373
v 0.296688 0.135154 -0.182490
v -0.098531 0.159754 -0.178265
v 0.263402 0.164555 -0.177616
v 0.276608 0.153868 -0.181862
v -0.092174 0.180000 -0.176607
v -0.089478 0.180000 -0.189478
v 0.229150 0.189150 -0.175594
v 0.242606 0.181991 -0.178085
v 0.253026 0.173025 -0.183672
v -0.080100 0.200082 -0.179991
v 0.165744 0.209044 -0.176932
v 0.182719 0.206229 -0.176749
v 0.201958 0.201161 -0.178713
v 0.217453 0.193845 -0.183277
v -0.071150 0.220000 -0.171150
v -0.065170 0.219223 -0.183506
v 0.088634 0.228634 -0.180000
v 0.102656 0.225999 -0.176485
v 0.121839 0.221146 -0.179326
v 0.137767 0.218401 -0.181066
v 0.155241 0.212061 -0.185583
v -0.040571 0.240421 -0.180705
v -0.015257 0.249197 -0.180000
v 0.009306 0.249306 -0.180000
v 0.023010 0.247033 -0.176130
v 0.039847 0.239942 -0.180061
v 0.058459 0.236663 -0.181766
v 0.076703 0.232517 -0.183890
v 0.000000 0.250432 -0.180000
v 0.009285 -0.350715 -0.150715
v 0.024857 -0.352645 -0.155285
v 0.041605 -0.356307 -0.158276
v 0.057352 -0.361545 -0.162773
v 0.077238 -0.365839 -0.162558
v 0.101354 -0.361770 -0.160722
v 0.122999 -0.354080 -0.157068
v 0.143994 -0.352677 -0.156336
v 0.160000 -0.350246 -0.155173
v -0.031592 -0.331592 -0.151592
v -0.018141 -0.338771 -0.157722
v -0.003467 -0.343840 -0.163531
v 0.016388 -0.347749 -0.163364
v 0.030799 -0.349201 -0.169201
v 0.155212 -0.349109 -0.169109
v 0.180479 -0.340394 -0.160347
v 0.202795 -0.332957 -0.155398
v -0.039313 -0.319152 -0.159068
v -0.028877 -0.328877 -0.164047
v 0.220799 -0.322310 -0.159613
v 0.240000 -0.313561 -0.157069
v -0.053653 -0.296000 -0.155886
v -0.047271 -0.302963 -0.163146
v 0.240000 -0.309494 -0.169494
v 0.259703 -0.296495 -0.158836
v -0.070497 -0.270497 -0.150497
v -0.060188 -0.280264 -0.160347
v 0.280090 -0.276172 -0.157442
v -0.290741 -0.250741 -0.150741
v -0.276883 -0.253394 -0.153394
v -0.256542 -0.252999 -0.157474
v -0.236696 -0.253229 -0.157591
v -0.217226 -0.257202 -0.156231
v -0.197875 -0.258364 -0.156724
v -0.182388 -0.261165 -0.162286
v -0.162846 -0.262038 -0.162765
v -0.140686 -0.261331 -0.160619
v -0.120227 -0.259892 -0.159225
v -0.096428 -0.252947 -0.156818
v -0.076386 -0.256368 -0.157492
v -0.067587 -0.264642 -0.165013
v 0.299939 -0.261751 -0.160806
v -0.331571 -0.231571 -0.151571
v -0.316306 -0.234854 -0.156565
v -0.299615 -0.239769 -0.159741
v -0.282340 -0.243222 -0.163481
v -0.264968 -0.246955 -0.163818
v -0.243129 -0.246330 -0.166330
v -0.223267 -0.246596 -0.166596
v -0.208624 -0.248624 -0.168624
v -0.080000 -0.249182 -0.169182
v 0.323327 -0.244934 -0.162299
v 0.340000 -0.230636 -0.150636
v -0.354116 -0.214255 -0.154267
v -0.340084 -0.220070 -0.160071
v -0.324671 -0.224285 -0.164324
v -0.308443 -0.228443 -0.168443
v 0.343278 -0.223804 -0.159926
v -0.371629 -0.194603 -0.154952
v -0.360791 -0.200829 -0.160740
v -0.345523 -0.205400 -0.168636
v 0.361314 -0.199607 -0.159589
v -0.390463 -0.170463 -0.150463
v -0.379095 -0.178763 -0.159038
v -0.364885 -0.185193 -0.167976
v 0.372414 -0.180000 -0.164078
v -0.392780 -0.155072 -0.155828
v -0.383348 -0.162306 -0.163458
v 0.382548 -0.160152 -0.159421
v -0.397341 -0.137853 -0.156783
v -0.387247 -0.143335 -0.167247
v 0.390786 -0.140000 -0.164462
v -0.400442 -0.120821 -0.160513
v -0.389619 -0.129619 -0.169619
v 0.398615 -0.120118 -0.161142
v 0.415693 -0.120000 -0.168090
v 0.437169 -0.120000 -0.165291
v 0.452077 -0.120000 -0.167923
v -0.412146 -0.096201 -0.152146
v -0.403659 -0.102801 -0.164084
v 0.404440 -0.097725 -0.155560
v 0.421240 -0.098708 -0.160686
v 0.441259 -0.099741 -0.159529
v 0.458326 -0.102609 -0.164285
v -0.413433 -0.076759 -0.153433
v -0.407393 -0.083546 -0.162820
v 0.406446 -0.076773 -0.153554
v 0.420735 -0.079274 -0.158522
v 0.442377 -0.077589 -0.158378
v 0.457334 -0.080919 -0.161737
v 0.471050 -0.084692 -0.168950
v -0.413503 -0.056745 -0.153503
v -0.405746 -0.062884 -0.163964
v 0.405902 -0.057102 -0.154098
v 0.420867 -0.060840 -0.160212
v 0.440637 -0.059447 -0.159760
v 0.458649 -0.061498 -0.163141
v 0.470709 -0.064495 -0.169291
v -0.412179 -0.035769 -0.152179
v -0.403277 -0.042886 -0.163253
v 0.404649 -0.036773 -0.157293
v 0.415630 -0.042649 -0.162996
v 0.437867 -0.041821 -0.164215
v 0.456714 -0.043267 -0.167518
v -0.410012 -0.020000 -0.150012
v -0.399447 -0.019713 -0.159411
v -0.388762 -0.020000 -0.168762
v 0.399572 -0.020694 -0.160651
v 0.415796 -0.028987 -0.168987
v 0.435201 -0.029557 -0.169557
v -0.394503 0.002868 -0.154503
v -0.386844 -0.002013 -0.163631
v 0.387793 0.007793 -0.155810
v 0.392287 -0.004440 -0.162214
v -0.392515 0.020000 -0.152515
v -0.381567 0.019388 -0.161611
v -0.369498 0.020000 -0.169498
v 0.381691 0.023495 -0.157619
v -0.375846 0.041637 -0.156266
v -0.363745 0.037862 -0.166317
v 0.376158 0.038367 -0.162069
v -0.356652 0.059931 -0.154548
v -0.343408 0.060365 -0.162785
v 0.363054 0.063791 -0.157344
v 0.370562 0.050562 -0.164962
v -0.337107 0.080000 -0.152140
v -0.322311 0.080073 -0.161945
v 0.346616 0.083543 -0.155236
v 0.353508 0.077693 -0.163052
v -0.310577 0.100000 -0.150577
v -0.300245 0.097887 -0.159067
v -0.279521 0.103415 -0.163457
v -0.255832 0.108699 -0.160000
v -0.236656 0.107199 -0.160000
v -0.221028 0.103999 -0.163152
v -0.200000 0.107465 -0.160000
v 0.326015 0.106015 -0.156987
v 0.335616 0.095538 -0.163374
v -0.179241 0.116776 -0.158996
v -0.159275 0.118959 -0.158640
v -0.140681 0.116190 -0.161332
v -0.122298 0.122864 -0.160086
v 0.308431 0.128431 -0.155597
v 0.317167 0.117074 -0.162395
v -0.111924 0.142888 -0.154895
v -0.108160 0.140000 -0.168160
v 0.288955 0.148955 -0.155512
v 0.298513 0.138479 -0.161403
v -0.104458 0.157342 -0.161814
v 0.264043 0.167187 -0.154823
v 0.277302 0.157902 -0.162328
v -0.098333 0.179933 -0.158307
v 0.225071 0.188367 -0.154340
v 0.241057 0.180695 -0.157998
v 0.255971 0.172670 -0.162017
v -0.091824 0.200000 -0.151824
v -0.088374 0.196769 -0.165409
v 0.183157 0.207542 -0.156445
v 0.201161 0.200742 -0.158176
v 0.217341 0.193572 -0.163110
v -0.078439 0.218729 -0.157344
v 0.109625 0.229625 -0.160000
v 0.123363 0.227492 -0.155988
v 0.141722 0.223971 -0.157914
v 0.157722 0.217823 -0.161312
v 0.172122 0.212122 -0.160000
v -0.057509 0.236992 -0.160938
v -0.044451 0.244292 -0.164451
v 0.029443 0.249443 -0.155025
v 0.042397 0.245426 -0.157095
v 0.059743 0.239805 -0.159868
v 0.077869 0.235117 -0.162670
v 0.094782 0.231965 -0.162871
v -0.023247 0.251307 -0.163026
v -0.003882 0.252525 -0.164100
v 0.014352 0.251431 -0.163021
v -0.010804 -0.350804 -0.130804
v 0.003450 -0.352500 -0.136598
v 0.021530 -0.356620 -0.138436
v 0.040943 -0.359771 -0.139118
v 0.057334 -0.362285 -0.142777
v 0.076732 -0.367079 -0.143520
v 0.096804 -0.366103 -0.142969
v 0.120399 -0.356451 -0.138192
v 0.142765 -0.352183 -0.137329
v 0.160000 -0.350392 -0.140000
v -0.036937 -0.335399 -0.136799
v -0.022574 -0.341905 -0.141450
v -0.005168 -0.348062 -0.145207
v 0.180088 -0.343029 -0.139531
v 0.199902 -0.337380 -0.138699
v -0.053772 -0.316024 -0.136052
v -0.045119 -0.323397 -0.143449
v 0.220000 -0.328318 -0.143535
v 0.240531 -0.316243 -0.137218
v -0.059605 -0.299423 -0.139383
v -0.049654 -0.309654 -0.149654
v 0.259024 -0.302642 -0.141831
v -0.220000 -0.270728 -0.130728
v -0.073748 -0.276139 -0.135896
v -0.065497 -0.284113 -0.144209
v 0.282261 -0.281320 -0.140948
v 0.300000 -0.270870 -0.135677
v -0.316144 -0.251226 -0.131227
v -0.296696 -0.256403 -0.136783
v -0.280524 -0.260280 -0.140386
v -0.262020 -0.262241 -0.143058
v -0.242339 -0.262333 -0.143255
v -0.224178 -0.264719 -0.143901
v -0.202528 -0.264948 -0.141979
v -0.181978 -0.263908 -0.141715
v -0.163045 -0.266358 -0.142980
v -0.141834 -0.263418 -0.141550
v -0.119354 -0.260330 -0.139658
v -0.096951 -0.256748 -0.137017
v -0.081406 -0.260908 -0.141312
v 0.300000 -0.267813 -0.147813
v 0.317600 -0.255656 -0.138004
v -0.352432 -0.232432 -0.132432
v -0.338215 -0.237617 -0.136789
v -0.322505 -0.241641 -0.142109
v -0.305356 -0.248178 -0.145050
v 0.320000 -0.249365 -0.149365
v 0.336059 -0.236096 -0.140233
v -0.371875 -0.211875 -0.136559
v -0.360636 -0.220611 -0.140697
v -0.345526 -0.228599 -0.145378
v 0.349454 -0.220000 -0.135030
v -0.391387 -0.191387 -0.131387
v -0.379799 -0.199763 -0.139756
v -0.367683 -0.207683 -0.147683
v 0.362555 -0.199338 -0.139170
v -0.396592 -0.177588 -0.136119
v -0.385229 -0.185703 -0.145627
v 0.373314 -0.180000 -0.143401
v -0.411264 -0.151264 -0.131264
v -0.400745 -0.161137 -0.140915
v 0.383660 -0.160203 -0.139341
v -0.412931 -0.135102 -0.135954
v -0.405009 -0.143956 -0.143646
v 0.391832 -0.140000 -0.144259
v -0.416749 -0.117410 -0.136245
v -0.407445 -0.123400 -0.147445
v 0.397475 -0.121531 -0.141318
v -0.418712 -0.098783 -0.138332
v -0.409999 -0.109999 -0.149999
v 0.400290 -0.101184 -0.140580
v -0.419239 -0.079262 -0.138945
v 0.401643 -0.079173 -0.139195
v -0.419738 -0.058589 -0.139647
v 0.401697 -0.059169 -0.139162
v -0.420394 -0.039304 -0.140572
v 0.400478 -0.037941 -0.138807
v -0.418801 -0.017831 -0.137909
v 0.398425 -0.021873 -0.141930
v -0.413184 0.003817 -0.133184
v -0.404511 -0.001402 -0.144603
v 0.389763 0.009763 -0.140000
v 0.393109 -0.002873 -0.143608
v -0.401784 0.019305 -0.141937
v 0.385347 0.022168 -0.137276
v -0.395148 0.040000 -0.138145
v -0.388413 0.035324 -0.148413
v 0.377570 0.037575 -0.141228
v -0.376485 0.060567 -0.135830
v -0.366983 0.060000 -0.146983
v 0.361954 0.062598 -0.137956
v 0.370525 0.050525 -0.144699
v -0.356886 0.078042 -0.136499
v -0.345757 0.080000 -0.145757
v 0.345092 0.083423 -0.137179
v 0.353791 0.073791 -0.142974
v -0.336834 0.095327 -0.136834
v -0.321298 0.101793 -0.140905
v 0.326670 0.106670 -0.136353
v 0.334053 0.095865 -0.144933
v -0.300000 0.113109 -0.140000
v -0.279924 0.117530 -0.139124
v -0.260809 0.121301 -0.139933
v -0.239712 0.120219 -0.140001
v -0.220295 0.117118 -0.140092
v -0.200924 0.116305 -0.140140
v -0.180635 0.121120 -0.140726
v -0.158018 0.123998 -0.137672
v -0.138052 0.122994 -0.140938
v 0.309762 0.129762 -0.135065
v 0.317738 0.117266 -0.142139
v -0.117601 0.140540 -0.138922
v 0.288648 0.148648 -0.135832
v 0.300003 0.140002 -0.139996
v -0.111558 0.160000 -0.136171
v -0.108320 0.160000 -0.148320
v 0.262924 0.167370 -0.136485
v 0.277454 0.157948 -0.141927
v -0.104796 0.177252 -0.141995
v 0.222533 0.186345 -0.136860
v 0.238555 0.179066 -0.140871
v 0.253138 0.173138 -0.143305
v -0.095150 0.201465 -0.137952
v 0.182033 0.205119 -0.137371
v 0.197705 0.198658 -0.141323
v 0.212167 0.192167 -0.143682
v -0.082874 0.221198 -0.140600
v 0.128805 0.228805 -0.135754
v 0.142561 0.225744 -0.137218
v 0.160041 0.220030 -0.139871
v 0.171513 0.211513 -0.144302
v -0.060436 0.240190 -0.140947
v 0.043808 0.248114 -0.135860
v 0.061685 0.243764 -0.137973
v 0.078744 0.239117 -0.139233
v 0.097699 0.234949 -0.142765
v 0.114619 0.231677 -0.142942
v -0.040000 0.251192 -0.144946
v -0.023366 0.254090 -0.143296
v -0.002720 0.254582 -0.142866
v 0.016473 0.252503 -0.143874
v 0.030452 0.250452 -0.140000
v -0.031176 -0.351176 -0.111176
v -0.017543 -0.354648 -0.117589
v 0.001282 -0.357355 -0.118754
v 0.022428 -0.359086 -0.118512
v 0.036847 -0.362544 -0.123176
v 0.058880 -0.362300 -0.121128
v 0.078348 -0.363584 -0.121928
v 0.100670 -0.362028 -0.121121
v 0.120202 -0.357414 -0.120125
v 0.140000 -0.351536 -0.116129
v -0.052692 -0.332692 -0.116595
v -0.041567 -0.341397 -0.121888
v -0.025458 -0.348518 -0.125413
v 0.155442 -0.348386 -0.124526
v 0.180371 -0.340520 -0.119040
v 0.203638 -0.334391 -0.116436
v -0.059614 -0.319380 -0.118985
v -0.049442 -0.329442 -0.129442
v 0.220000 -0.329767 -0.124877
v 0.240909 -0.316928 -0.118981
v -0.071512 -0.294797 -0.114335
v -0.064574 -0.303726 -0.123764
v 0.263560 -0.302862 -0.119564
v -0.270631 -0.270631 -0.115626
v -0.257063 -0.273863 -0.117343
v -0.237219 -0.274506 -0.117636
v -0.216740 -0.273827 -0.117184
v -0.200000 -0.272814 -0.116715
v -0.078660 -0.278062 -0.118811
v -0.069135 -0.289135 -0.129135
v 0.284004 -0.283294 -0.119713
v 0.300000 -0.271858 -0.115731
v -0.334839 -0.251841 -0.114842
v -0.318639 -0.258319 -0.117579
v -0.302499 -0.261339 -0.122054
v -0.282606 -0.265711 -0.122468
v -0.264146 -0.268798 -0.128798
v -0.244633 -0.269204 -0.129204
v -0.229647 -0.269647 -0.129647
v -0.204922 -0.269661 -0.129661
v -0.182792 -0.264680 -0.122059
v -0.163312 -0.267134 -0.123534
v -0.143733 -0.267172 -0.123434
v -0.119268 -0.262304 -0.121042
v -0.097757 -0.258474 -0.118619
v -0.083328 -0.266428 -0.124644
v 0.318048 -0.258270 -0.120165
v -0.370577 -0.230577 -0.110577
v -0.356572 -0.237256 -0.118041
v -0.342594 -0.243563 -0.122593
v -0.327887 -0.247887 -0.127887
v 0.336623 -0.236075 -0.119844
v -0.391327 -0.211327 -0.111327
v -0.378359 -0.218357 -0.118067
v -0.365590 -0.225491 -0.125864
v 0.350251 -0.220000 -0.120000
v -0.410605 -0.190605 -0.110605
v -0.398149 -0.197933 -0.117953
v -0.385127 -0.205411 -0.125423
v 0.364333 -0.199038 -0.118624
v -0.415806 -0.174977 -0.115326
v -0.404915 -0.183190 -0.123034
v 0.376108 -0.176766 -0.118769
v -0.418950 -0.157729 -0.118636
v -0.408829 -0.164011 -0.128829
v 0.384218 -0.160360 -0.119365
v -0.431159 -0.131159 -0.111159
v -0.421308 -0.141040 -0.121622
v 0.393037 -0.140000 -0.123585
v -0.432774 -0.116717 -0.117319
v -0.424367 -0.125313 -0.124959
v 0.397705 -0.121351 -0.121179
v -0.437182 -0.097258 -0.116291
v -0.427258 -0.103486 -0.127258
v 0.399733 -0.098934 -0.121708
v -0.436968 -0.076893 -0.115988
v -0.427117 -0.083603 -0.127117
v 0.400535 -0.079727 -0.117857
v -0.436255 -0.058166 -0.116617
v -0.427309 -0.063615 -0.127309
v 0.401177 -0.059420 -0.119419
v -0.434576 -0.036936 -0.117746
v -0.428387 -0.044060 -0.128387
v 0.400245 -0.038895 -0.119458
v -0.431123 -0.020000 -0.116043
v -0.427070 -0.023647 -0.127070
v 0.398183 -0.020845 -0.120909
v -0.421359 -0.000017 -0.121108
v 0.389796 0.009796 -0.110204
v 0.394290 -0.002531 -0.122921
v -0.413836 0.022620 -0.115824
v -0.409478 0.020000 -0.129478
v 0.385802 0.022439 -0.117189
v 0.390398 0.010398 -0.124935
v -0.402338 0.040553 -0.120642
v 0.378231 0.037217 -0.121985
v -0.390347 0.060000 -0.110347
v -0.384655 0.058924 -0.123302
v 0.363069 0.062591 -0.118303
v 0.370536 0.050536 -0.124757
v -0.370687 0.080000 -0.110687
v -0.363635 0.082479 -0.121485
v 0.348115 0.088115 -0.115386
v 0.353962 0.076720 -0.121679
v -0.350547 0.100000 -0.110547
v -0.341173 0.101267 -0.121656
v 0.329045 0.109045 -0.120000
v 0.338453 0.098101 -0.120809
v -0.315270 0.117230 -0.115270
v -0.300182 0.120598 -0.120134
v -0.280632 0.124690 -0.120570
v -0.260000 0.129935 -0.120000
v -0.230624 0.129376 -0.120000
v -0.216317 0.127604 -0.120000
v -0.194600 0.127451 -0.116790
v -0.175970 0.128042 -0.120000
v -0.155763 0.128452 -0.120000
v -0.140000 0.128337 -0.120000
v 0.320152 0.120128 -0.120027
v -0.244837 0.130416 -0.120000
v -0.120539 0.138975 -0.120509
v 0.286990 0.146989 -0.116675
v 0.298857 0.138992 -0.120866
v 0.310257 0.130257 -0.120000
v -0.112379 0.164693 -0.116079
v 0.263781 0.164620 -0.115808
v 0.276129 0.156800 -0.122766
v -0.107601 0.177110 -0.125099
v 0.222268 0.185760 -0.117159
v 0.237417 0.178416 -0.121702
v 0.251816 0.171816 -0.124014
v -0.100524 0.200097 -0.120516
v 0.182492 0.206088 -0.117072
v 0.198506 0.199196 -0.121058
v 0.211707 0.191707 -0.124181
v -0.084128 0.224684 -0.119435
v 0.125085 0.228299 -0.114352
v 0.141840 0.224095 -0.118060
v 0.158819 0.219418 -0.120691
v 0.171888 0.211888 -0.124024
v -0.059750 0.242337 -0.119412
v 0.029743 0.249743 -0.120000
v 0.043898 0.248098 -0.115910
v 0.063040 0.246631 -0.116679
v 0.083263 0.241355 -0.117692
v 0.098078 0.235751 -0.122181
v 0.116187 0.231471 -0.124196
v -0.040000 0.252373 -0.123831
v -0.023016 0.254465 -0.122760
v -0.003231 0.253330 -0.123234
v 0.016075 0.251745 -0.123983
v 0.030200 0.250200 -0.129800
v -0.032069 -0.352069 -0.095824
v -0.019445 -0.358787 -0.099361
v 0.000008 -0.360042 -0.099749
v 0.019924 -0.360033 -0.099980
v 0.038563 -0.363132 -0.101560
v 0.059650 -0.360669 -0.100341
v 0.079852 -0.360300 -0.100160
v 0.099540 -0.360912 -0.100493
v 0.118450 -0.359656 -0.100424
v 0.143243 -0.354565 -0.097486
v -0.054201 -0.334201 -0.096955
v -0.044478 -0.344041 -0.103208
v 0.156901 -0.348469 -0.105647
v 0.179983 -0.338943 -0.098454
v 0.200000 -0.330158 -0.100000
v -0.061440 -0.322048 -0.101321
v 0.221564 -0.322371 -0.098399
v 0.237996 -0.316787 -0.100160
v -0.073348 -0.297311 -0.096634
v -0.067953 -0.307953 -0.103772
v 0.260231 -0.303697 -0.099833
v -0.314136 -0.270938 -0.094207
v -0.296618 -0.273359 -0.097098
v -0.276705 -0.272965 -0.096736
v -0.257136 -0.277893 -0.097051
v -0.240681 -0.280622 -0.101238
v -0.218981 -0.278077 -0.097604
v -0.196585 -0.274503 -0.097724
v -0.180000 -0.270482 -0.090482
v -0.136966 -0.272032 -0.094614
v -0.080697 -0.281081 -0.101737
v 0.283397 -0.283469 -0.100097
v -0.351696 -0.251696 -0.091696
v -0.337296 -0.258041 -0.098434
v -0.323034 -0.263922 -0.103055
v -0.303783 -0.268150 -0.108150
v -0.284305 -0.269136 -0.109136
v -0.183171 -0.267658 -0.105157
v -0.162932 -0.265862 -0.102810
v -0.146358 -0.269570 -0.106484
v -0.124317 -0.267938 -0.103424
v -0.100088 -0.260149 -0.100265
v -0.087441 -0.267441 -0.103523
v 0.300000 -0.269784 -0.100000
v 0.317731 -0.257993 -0.100105
v -0.374687 -0.235254 -0.094371
v -0.361744 -0.241443 -0.102181
v -0.348930 -0.248930 -0.103951
v 0.336514 -0.235700 -0.099554
v -0.396053 -0.216095 -0.097384
v -0.382875 -0.224542 -0.103036
v 0.349854 -0.220000 -0.090146
v 0.350455 -0.220000 -0.104739
v -0.413883 -0.196390 -0.095875
v -0.404927 -0.203106 -0.103259
v 0.362553 -0.203835 -0.100619
v -0.421187 -0.181568 -0.101636
v 0.376405 -0.178358 -0.099086
v -0.432067 -0.154684 -0.095143
v -0.427328 -0.163270 -0.103036
v 0.386970 -0.155862 -0.096600
v -0.434158 -0.137491 -0.097503
v -0.428044 -0.143743 -0.108044
v 0.392478 -0.140000 -0.103703
v -0.440381 -0.120614 -0.100593
v 0.395967 -0.122290 -0.101956
v -0.443505 -0.103247 -0.103151
v 0.397999 -0.101041 -0.100956
v -0.445468 -0.082675 -0.102333
v 0.399240 -0.080391 -0.100365
v -0.444393 -0.062283 -0.101853
v 0.400249 -0.060215 -0.098268
v -0.441285 -0.040677 -0.102423
v 0.400026 -0.039903 -0.099850
v -0.434381 -0.016648 -0.097845
v 0.397468 -0.021178 -0.101242
v -0.431175 -0.000000 -0.091175
v -0.426922 -0.002756 -0.104646
v 0.389125 0.009125 -0.095253
v 0.393032 -0.003093 -0.103326
v -0.420376 0.021079 -0.099328
v 0.384984 0.022140 -0.097390
v -0.411882 0.040000 -0.096553
v -0.407543 0.040000 -0.107543
v 0.378968 0.038150 -0.101187
v -0.397086 0.060414 -0.095988
v 0.367399 0.064373 -0.097711
v 0.372267 0.052267 -0.104014
v -0.377736 0.079079 -0.098632
v 0.359838 0.079699 -0.099981
v -0.359242 0.098879 -0.099682
v 0.343430 0.103758 -0.096898
v 0.352148 0.092148 -0.100000
v -0.340000 0.110934 -0.100000
v -0.320155 0.119199 -0.099851
v -0.295906 0.127003 -0.096264
v 0.309405 0.129404 -0.095372
v 0.323204 0.122437 -0.097639
v 0.332872 0.112872 -0.104072
v -0.280000 0.130370 -0.100000
v -0.260232 0.136798 -0.100251
v -0.239704 0.140274 -0.100117
v -0.219507 0.138759 -0.098900
v -0.202753 0.134058 -0.103875
v -0.181955 0.133062 -0.102934
v -0.163378 0.133384 -0.103920
v -0.139860 0.137596 -0.099842
v -0.128160 0.140000 -0.108160
v 0.283568 0.146562 -0.095263
v 0.296460 0.137059 -0.102483
v 0.310285 0.130285 -0.109715
v -0.115078 0.160280 -0.098614
v 0.249990 0.169990 -0.090010
v 0.263871 0.163094 -0.097327
v 0.277678 0.153359 -0.103115
v -0.106675 0.180000 -0.103499
v 0.222101 0.185304 -0.097416
v 0.236619 0.177831 -0.102278
v 0.250876 0.170876 -0.104425
v -0.099698 0.200088 -0.100406
v 0.169329 0.209329 -0.090671
v 0.181945 0.204642 -0.097813
v 0.197027 0.198197 -0.101903
v 0.211347 0.191347 -0.104236
v -0.083895 0.224179 -0.100111
v 0.123061 0.227264 -0.096470
v 0.142737 0.221382 -0.098518
v 0.157114 0.217294 -0.103057
v 0.170796 0.210796 -0.104417
v -0.060168 0.243329 -0.099509
v 0.044083 0.248737 -0.095559
v 0.063101 0.246645 -0.096647
v 0.081323 0.242996 -0.098463
v 0.097542 0.238199 -0.100930
v 0.111936 0.231936 -0.104121
v -0.040000 0.252019 -0.103925
v -0.022954 0.254611 -0.102678
v -0.002210 0.255448 -0.102367
v 0.017182 0.254115 -0.103150
v 0.030651 0.250651 -0.104947
v -0.030970 -0.350970 -0.080000
v -0.018135 -0.355421 -0.077270
v 0.000781 -0.358325 -0.079093
v 0.020404 -0.359191 -0.079571
v 0.039781 -0.360302 -0.078576
v 0.058625 -0.359777 -0.081272
v 0.079274 -0.359859 -0.082083
v 0.098557 -0.359808 -0.082153
v 0.119224 -0.359693 -0.080759
v 0.142888 -0.355195 -0.077059
v 0.160000 -0.350807 -0.080000
v -0.051557 -0.331557 -0.075205
v -0.043208 -0.342892 -0.082693
v 0.160000 -0.349787 -0.089787
v 0.179934 -0.341168 -0.080198
v -0.060152 -0.320230 -0.080011
v 0.203050 -0.325060 -0.079608
v 0.220095 -0.315890 -0.078362
v 0.240000 -0.310413 -0.080000
v -0.073252 -0.296029 -0.077906
v -0.067914 -0.307914 -0.084047
v 0.259494 -0.301650 -0.080768
v -0.330042 -0.270042 -0.070042
v -0.317699 -0.274660 -0.077524
v -0.298004 -0.278736 -0.076534
v -0.278608 -0.277235 -0.078758
v -0.257079 -0.279015 -0.078215
v -0.241255 -0.282723 -0.081324
v -0.221810 -0.283563 -0.081628
v -0.200350 -0.280856 -0.081567
v -0.175479 -0.272116 -0.075985
v -0.150339 -0.270339 -0.075051
v -0.136072 -0.272774 -0.076461
v -0.115854 -0.271274 -0.071274
v -0.090831 -0.270831 -0.075766
v -0.081264 -0.281902 -0.081324
v 0.283193 -0.283217 -0.079945
v 0.300000 -0.270016 -0.070016
v -0.357158 -0.252820 -0.076760
v -0.341236 -0.260920 -0.081769
v -0.328361 -0.268361 -0.083814
v -0.162690 -0.267547 -0.085029
v -0.149997 -0.269997 -0.089997
v -0.120000 -0.269429 -0.084539
v -0.102756 -0.264776 -0.082236
v -0.089119 -0.269119 -0.089119
v 0.300000 -0.269536 -0.084897
v 0.318954 -0.259233 -0.080157
v -0.391083 -0.231083 -0.071083
v -0.378696 -0.238952 -0.077740
v -0.363891 -0.246514 -0.084387
v 0.337097 -0.236339 -0.079708
v -0.400151 -0.220155 -0.080244
v -0.389038 -0.229038 -0.084080
v 0.349620 -0.220000 -0.075296
v -0.417918 -0.197291 -0.078124
v -0.408602 -0.208602 -0.083976
v 0.364027 -0.199559 -0.079373
v -0.432147 -0.172147 -0.076395
v -0.424911 -0.183914 -0.084163
v 0.375027 -0.180006 -0.083708
v -0.436839 -0.157365 -0.077382
v -0.429871 -0.169871 -0.089871
v 0.385627 -0.156668 -0.077392
v -0.440581 -0.141142 -0.080966
v 0.391742 -0.140000 -0.084055
v -0.451025 -0.115596 -0.071025
v -0.444013 -0.123598 -0.083493
v 0.394395 -0.123100 -0.082725
v -0.451765 -0.095931 -0.071765
v -0.447378 -0.103499 -0.083352
v 0.396309 -0.101919 -0.081773
v -0.452446 -0.076243 -0.072446
v -0.448608 -0.084182 -0.084014
v 0.397683 -0.081197 -0.081112
v -0.452155 -0.056043 -0.072155
v -0.447900 -0.064058 -0.083606
v 0.398988 -0.060522 -0.080487
v -0.451380 -0.035407 -0.071380
v -0.446861 -0.043519 -0.083006
v 0.398722 -0.040633 -0.080617
v -0.450316 -0.020000 -0.070316
v -0.443360 -0.021804 -0.083139
v 0.396017 -0.021839 -0.081927
v -0.439362 -0.000151 -0.079310
v 0.389688 0.009688 -0.080000
v 0.392406 -0.003383 -0.083771
v -0.433113 0.020000 -0.076917
v -0.428676 0.015317 -0.088676
v 0.386558 0.022788 -0.076696
v -0.418360 0.041020 -0.078207
v 0.380220 0.040414 -0.080318
v -0.402459 0.060974 -0.080579
v 0.368129 0.068129 -0.076003
v 0.372711 0.057073 -0.083894
v -0.383012 0.084265 -0.078947
v 0.361187 0.081539 -0.078937
v -0.359041 0.104852 -0.078511
v 0.344149 0.104413 -0.076723
v 0.353167 0.093167 -0.083573
v -0.340000 0.113739 -0.083548
v -0.320828 0.121865 -0.079884
v -0.300000 0.127230 -0.076459
v 0.308913 0.128913 -0.075619
v 0.322903 0.122221 -0.078020
v 0.334499 0.114499 -0.082827
v -0.283176 0.131668 -0.082701
v -0.260315 0.140571 -0.080832
v -0.238561 0.142881 -0.078542
v -0.218320 0.143317 -0.078303
v -0.198944 0.142138 -0.080428
v -0.180300 0.140743 -0.080744
v -0.159963 0.140720 -0.080423
v -0.143238 0.143886 -0.081008
v 0.282228 0.146025 -0.077113
v 0.295786 0.136654 -0.083036
v -0.118050 0.158570 -0.080016
v 0.248262 0.168262 -0.076283
v 0.261441 0.161103 -0.077658
v 0.273529 0.153529 -0.083065
v -0.102644 0.180785 -0.079928
v 0.209427 0.189427 -0.070573
v 0.223629 0.182641 -0.077755
v 0.236684 0.176305 -0.083604
v -0.095333 0.197166 -0.079968
v 0.168164 0.208164 -0.075964
v 0.183171 0.201610 -0.078044
v 0.197096 0.197106 -0.083124
v 0.210559 0.190559 -0.084632
v -0.081176 0.221455 -0.078760
v 0.109951 0.229951 -0.070049
v 0.122306 0.225446 -0.077510
v 0.139795 0.219899 -0.080340
v 0.157371 0.213711 -0.082933
v -0.060280 0.241108 -0.079197
v -0.037210 0.248193 -0.074822
v 0.045265 0.248079 -0.074797
v 0.062836 0.245992 -0.077314
v 0.082766 0.242912 -0.077236
v 0.097356 0.238845 -0.081777
v 0.111649 0.231649 -0.084124
v -0.040000 0.250405 -0.089595
v -0.024148 0.252499 -0.083473
v -0.002531 0.255126 -0.082337
v 0.017113 0.254010 -0.082979
v 0.034510 0.251214 -0.082730
v -0.011534 -0.351534 -0.060000
v 0.002636 -0.353912 -0.056349
v 0.021336 -0.357241 -0.058424
v 0.041244 -0.357412 -0.058558
v 0.060548 -0.358950 -0.059406
v 0.081694 -0.356821 -0.058218
v 0.103144 -0.354280 -0.056719
v 0.122588 -0.352288 -0.057041
v 0.140000 -0.350521 -0.060000
v -0.037822 -0.338128 -0.060888
v -0.024389 -0.347115 -0.062511
v 0.160189 -0.345227 -0.059807
v 0.179980 -0.340208 -0.059982
v -0.056371 -0.315690 -0.058653
v -0.048243 -0.328243 -0.060000
v 0.204051 -0.323578 -0.059988
v -0.072150 -0.292150 -0.060000
v -0.066438 -0.302437 -0.063518
v 0.220000 -0.309375 -0.060000
v 0.237196 -0.307024 -0.062446
v 0.260680 -0.298776 -0.060247
v -0.330658 -0.270658 -0.060000
v -0.318536 -0.276395 -0.058065
v -0.302836 -0.281301 -0.061540
v -0.281058 -0.282133 -0.062936
v -0.260015 -0.280007 -0.060035
v -0.241098 -0.282388 -0.061194
v -0.221996 -0.284124 -0.062076
v -0.199459 -0.281239 -0.059044
v -0.175241 -0.271525 -0.055693
v -0.136452 -0.272635 -0.056500
v -0.116348 -0.272370 -0.056613
v -0.097712 -0.275134 -0.057696
v -0.080541 -0.280493 -0.059647
v 0.282225 -0.281992 -0.060007
v 0.300000 -0.270670 -0.060000
v -0.370050 -0.250050 -0.050050
v -0.356809 -0.256959 -0.058529
v -0.342557 -0.263058 -0.062816
v -0.160000 -0.267136 -0.063630
v -0.149834 -0.269834 -0.060000
v -0.100000 -0.269830 -0.069830
v 0.319618 -0.259679 -0.060024
v -0.391988 -0.231988 -0.055927
v -0.381399 -0.241206 -0.060978
v -0.368919 -0.248919 -0.064163
v 0.337924 -0.236914 -0.059423
v -0.410275 -0.210275 -0.055119
v -0.401374 -0.221488 -0.061113
v 0.349266 -0.220000 -0.055562
v -0.418822 -0.198553 -0.058939
v -0.409837 -0.209837 -0.069837
v 0.361634 -0.199975 -0.059804
v -0.432893 -0.177269 -0.056658
v -0.427460 -0.184356 -0.065218
v 0.372473 -0.180000 -0.063494
v -0.450614 -0.150614 -0.050614
v -0.440995 -0.161452 -0.061753
v 0.381355 -0.160660 -0.060241
v -0.453564 -0.137149 -0.057266
v -0.447545 -0.144884 -0.064778
v 0.388995 -0.136789 -0.054067
v 0.390401 -0.140000 -0.069599
v -0.458359 -0.118148 -0.056927
v -0.449744 -0.129744 -0.069744
v 0.392515 -0.124131 -0.063518
v -0.458997 -0.098762 -0.058120
v 0.394694 -0.102765 -0.062535
v -0.459480 -0.079113 -0.058745
v 0.396293 -0.081924 -0.061784
v -0.459452 -0.059711 -0.059123
v 0.397701 -0.061189 -0.061112
v -0.457087 -0.038321 -0.058534
v 0.397885 -0.041055 -0.061032
v -0.453763 -0.020000 -0.056743
v 0.396241 -0.021762 -0.061884
v -0.446405 -0.003878 -0.062588
v 0.389495 0.009495 -0.050505
v 0.393362 -0.003042 -0.063417
v -0.436516 0.019867 -0.057410
v 0.386282 0.022652 -0.057067
v 0.390330 0.010329 -0.064993
v -0.422633 0.039076 -0.060500
v 0.380095 0.040175 -0.059739
v -0.402641 0.063745 -0.059421
v 0.367579 0.067579 -0.056436
v 0.373582 0.057381 -0.063222
v -0.390476 0.080000 -0.055225
v -0.389414 0.080000 -0.069414
v 0.349483 0.089483 -0.050517
v 0.359966 0.079955 -0.060121
v -0.380000 0.091503 -0.060000
v -0.360177 0.104335 -0.059324
v 0.342309 0.102459 -0.058332
v 0.351976 0.091976 -0.063803
v -0.340000 0.113476 -0.063162
v -0.320565 0.120819 -0.059119
v -0.295475 0.127724 -0.056317
v 0.308039 0.128039 -0.056226
v 0.320864 0.120712 -0.058601
v 0.333017 0.113017 -0.063304
v -0.283300 0.131445 -0.065872
v -0.260403 0.140733 -0.060023
v -0.238202 0.143711 -0.058048
v -0.218273 0.143414 -0.058274
v -0.197632 0.144622 -0.057666
v -0.177189 0.145217 -0.057113
v -0.156676 0.145513 -0.056679
v -0.140000 0.148900 -0.060000
v 0.283966 0.143178 -0.057334
v 0.296318 0.135547 -0.064147
v -0.119635 0.159280 -0.059766
v -0.100000 0.167252 -0.052748
v 0.229964 0.169964 -0.050036
v 0.243511 0.164310 -0.056329
v 0.257984 0.158640 -0.061173
v 0.271946 0.151946 -0.063840
v -0.096423 0.178961 -0.061370
v 0.207852 0.187852 -0.056456
v 0.220126 0.180100 -0.059847
v 0.235284 0.172208 -0.065214
v -0.083366 0.203317 -0.056683
v 0.164775 0.207883 -0.054650
v 0.182580 0.201550 -0.058580
v 0.198190 0.195452 -0.062195
v -0.079082 0.217650 -0.063182
v -0.060000 0.229275 -0.050725
v 0.104944 0.227944 -0.054687
v 0.122258 0.221964 -0.057690
v 0.137230 0.218794 -0.061413
v 0.156881 0.212516 -0.063663
v -0.060000 0.235714 -0.061715
v -0.040332 0.242130 -0.057917
v -0.016409 0.246668 -0.057303
v 0.003649 0.247336 -0.052664
v 0.023559 0.247795 -0.056727
v 0.043047 0.242795 -0.057055
v 0.061317 0.240439 -0.059100
v 0.078651 0.238767 -0.062387
v 0.097161 0.233378 -0.062877
v -0.020000 0.250234 -0.069766
v -0.002714 0.251782 -0.065122
v 0.014209 0.251492 -0.065264
v 0.030050 0.250050 -0.069950
v 0.009440 -0.350560 -0.040000
v 0.023271 -0.353100 -0.040000
v 0.042822 -0.354228 -0.040000
v 0.062497 -0.355147 -0.040000
v 0.083480 -0.353439 -0.040000
v 0.100000 -0.351405 -0.040000
v -0.030806 -0.330806 -0.040000
v -0.018525 -0.338813 -0.040039
v -0.004531 -0.347189 -0.042661
v 0.115214 -0.348749 -0.040000
v 0.140242 -0.342185 -0.040162
v 0.160023 -0.337450 -0.043521
v 0.180000 -0.331196 -0.040000
v -0.041146 -0.320327 -0.040221
v 0.200150 -0.321642 -0.039523
v -0.058287 -0.298133 -0.040254
v -0.049503 -0.309503 -0.040000
v 0.220000 -0.305550 -0.043169
v 0.240193 -0.300615 -0.039671
v 0.257097 -0.296279 -0.040737
v -0.317384 -0.273500 -0.036291
v -0.301654 -0.280726 -0.040417
v -0.281962 -0.284061 -0.042024
v -0.262184 -0.284241 -0.041997
v -0.237930 -0.280878 -0.038329
v -0.220675 -0.278898 -0.041584
v -0.199783 -0.276645 -0.040107
v -0.180000 -0.270292 -0.035186
v -0.136864 -0.272710 -0.036259
v -0.118884 -0.277612 -0.038831
v -0.099126 -0.278246 -0.039183
v -0.078992 -0.278981 -0.037840
v -0.068043 -0.288043 -0.044570
v 0.279880 -0.281764 -0.038907
v -0.370335 -0.250335 -0.040000
v -0.357013 -0.258464 -0.038069
v -0.343108 -0.262885 -0.043401
v -0.329066 -0.269066 -0.044730
v -0.162792 -0.267443 -0.042338
v -0.149393 -0.269393 -0.044718
v 0.302772 -0.265832 -0.040198
v 0.316733 -0.256040 -0.038941
v -0.391102 -0.231102 -0.035331
v -0.381629 -0.241466 -0.041284
v 0.329973 -0.240000 -0.030028
v 0.335833 -0.237062 -0.041896
v -0.410131 -0.210131 -0.035091
v -0.400756 -0.220846 -0.040683
v 0.347016 -0.220000 -0.036913
v -0.418970 -0.198846 -0.039126
v 0.359187 -0.199932 -0.040950
v -0.437155 -0.176553 -0.037512
v -0.427676 -0.187676 -0.043760
v 0.368919 -0.180000 -0.035907
v 0.370740 -0.180000 -0.049260
v -0.452659 -0.152659 -0.036454
v -0.444897 -0.163835 -0.044114
v 0.379615 -0.159737 -0.040455
v -0.458964 -0.137643 -0.038606
v 0.387027 -0.136202 -0.036782
v -0.462593 -0.122558 -0.042547
v 0.389379 -0.115078 -0.030621
v 0.390996 -0.120000 -0.044227
v -0.464938 -0.102405 -0.042175
v 0.392658 -0.103861 -0.043450
v -0.465045 -0.082515 -0.042229
v 0.394644 -0.082804 -0.042544
v -0.463383 -0.061739 -0.041524
v 0.396114 -0.062010 -0.041856
v -0.459310 -0.040142 -0.039623
v 0.396682 -0.041674 -0.041592
v -0.452283 -0.020000 -0.035898
v 0.394914 -0.022416 -0.042440
v -0.445293 -0.003443 -0.042786
v 0.387913 0.005052 -0.034858
v 0.391840 -0.003760 -0.043856
v -0.437558 0.019611 -0.039616
v 0.382499 0.022193 -0.037753
v -0.423314 0.044085 -0.039349
v 0.369457 0.049457 -0.030543
v 0.378141 0.036626 -0.041864
v -0.403037 0.063742 -0.039420
v 0.364501 0.063010 -0.036857
v 0.372051 0.055162 -0.045344
v -0.384994 0.084893 -0.035107
v 0.344569 0.084756 -0.035032
v 0.356391 0.075970 -0.042616
v -0.380000 0.090943 -0.044516
v -0.360663 0.102618 -0.039945
v -0.340000 0.109176 -0.030824
v 0.325922 0.105992 -0.033732
v 0.338333 0.098151 -0.042404
v -0.340000 0.110927 -0.044270
v -0.318876 0.118204 -0.039606
v -0.296636 0.125844 -0.037250
v -0.280000 0.128981 -0.031019
v 0.303548 0.125031 -0.036267
v 0.317378 0.117853 -0.041669
v 0.330581 0.110580 -0.049419
v -0.280000 0.130548 -0.044534
v -0.260498 0.141349 -0.040021
v -0.237172 0.145834 -0.037181
v -0.217866 0.144306 -0.037894
v -0.197772 0.144223 -0.037911
v -0.176194 0.146711 -0.036645
v 0.264858 0.147579 -0.035166
v 0.281121 0.140897 -0.038569
v 0.295565 0.132520 -0.045099
v -0.160000 0.150142 -0.040000
v -0.142231 0.153459 -0.042621
v -0.119259 0.158422 -0.040943
v -0.099159 0.161840 -0.036344
v 0.209452 0.169452 -0.030548
v 0.223864 0.165922 -0.036283
v 0.240035 0.160022 -0.039965
v 0.257230 0.153477 -0.042838
v 0.270397 0.150397 -0.049603
v -0.080467 0.183343 -0.038658
v 0.188199 0.188198 -0.031802
v 0.202111 0.181869 -0.037900
v 0.216395 0.174785 -0.043604
v -0.078423 0.198626 -0.043723
v -0.060000 0.209104 -0.030896
v 0.148201 0.208201 -0.031799
v 0.162653 0.203503 -0.037323
v 0.178280 0.198967 -0.042116
v 0.195097 0.192023 -0.045177
v -0.060275 0.220086 -0.039920
v -0.035551 0.228253 -0.031747
v 0.069431 0.229431 -0.030569
v 0.085464 0.228220 -0.034872
v 0.103365 0.223869 -0.036646
v 0.119275 0.219599 -0.041028
v 0.137893 0.215372 -0.042082
v 0.151429 0.211429 -0.043931
v -0.042200 0.234068 -0.043610
v -0.021803 0.238797 -0.042199
v -0.000517 0.240388 -0.039474
v 0.020977 0.240327 -0.039528
v 0.038759 0.238712 -0.042376
v 0.057963 0.235652 -0.041888
v 0.076747 0.232998 -0.043071
v 0.091254 0.231254 -0.048746
v 0.001850 -0.335598 -0.022737
v 0.021114 -0.339156 -0.021275
v 0.039266 -0.343084 -0.020708
v 0.058859 -0.344448 -0.021010
v 0.078643 -0.344367 -0.020937
v 0.098893 -0.343209 -0.020559
v 0.120211 -0.340096 -0.019874
v 0.135622 -0.336250 -0.024378
v -0.020452 -0.319817 -0.020718
v -0.003906 -0.323906 -0.015442
v 0.149865 -0.320000 -0.010135
v 0.159391 -0.323743 -0.020145
v 0.178876 -0.317673 -0.020085
v 0.190901 -0.320000 -0.029099
v -0.037783 -0.296306 -0.017584
v -0.024444 -0.304444 -0.015110
v 0.200000 -0.309379 -0.020000
v 0.219801 -0.300075 -0.020256
v 0.238942 -0.296696 -0.021269
v -0.310849 -0.270849 -0.020000
v -0.297892 -0.275115 -0.017047
v -0.280589 -0.280636 -0.019660
v -0.259058 -0.280875 -0.019620
v -0.240302 -0.277412 -0.020087
v -0.218649 -0.277357 -0.018553
v -0.198194 -0.276944 -0.018358
v -0.180000 -0.270433 -0.015022
v -0.134827 -0.271757 -0.017070
v -0.118728 -0.277039 -0.018314
v -0.099867 -0.279956 -0.019976
v -0.080783 -0.280948 -0.019605
v -0.060762 -0.280765 -0.020848
v -0.047853 -0.287852 -0.020000
v 0.264296 -0.284888 -0.015704
v 0.277601 -0.276860 -0.018914
v -0.357195 -0.257024 -0.018320
v -0.341710 -0.263924 -0.021979
v -0.324248 -0.266807 -0.022142
v -0.163745 -0.266602 -0.023303
v -0.148312 -0.268312 -0.024286
v 0.300745 -0.260901 -0.018242
v -0.380021 -0.240020 -0.019994
v -0.369559 -0.249559 -0.024899
v 0.324570 -0.239326 -0.016886
v -0.410269 -0.210269 -0.020000
v -0.399744 -0.219765 -0.020527
v -0.389672 -0.229672 -0.020000
v 0.341307 -0.219898 -0.019575
v -0.419856 -0.199846 -0.019871
v 0.355785 -0.199683 -0.022930
v -0.438109 -0.177617 -0.018140
v -0.428832 -0.188832 -0.024284
v 0.365755 -0.177667 -0.016184
v -0.453405 -0.153405 -0.016620
v -0.447821 -0.163031 -0.023783
v 0.374889 -0.163377 -0.022181
v -0.459859 -0.139518 -0.019654
v 0.382599 -0.140577 -0.018883
v -0.464173 -0.121874 -0.022060
v 0.386408 -0.116609 -0.017196
v -0.465202 -0.102541 -0.022611
v 0.388506 -0.095568 -0.016247
v 0.390815 -0.100000 -0.029185
v -0.464741 -0.082387 -0.022405
v 0.388882 -0.075444 -0.011118
v 0.391627 -0.082778 -0.025315
v -0.460894 -0.058243 -0.019177
v 0.389688 -0.055140 -0.010312
v 0.392521 -0.063855 -0.023377
v -0.457014 -0.040035 -0.020397
v 0.389521 -0.035452 -0.010479
v 0.393208 -0.043440 -0.023067
v -0.450650 -0.020000 -0.010650
v -0.449784 -0.020000 -0.020000
v 0.387643 -0.014996 -0.015131
v 0.391526 -0.023994 -0.023835
v -0.442708 -0.000520 -0.020302
v 0.383369 0.003186 -0.016800
v 0.390168 -0.009832 -0.029832
v -0.437897 0.017734 -0.020994
v 0.378974 0.018225 -0.021982
v -0.423147 0.043419 -0.020151
v 0.365572 0.044270 -0.015585
v 0.373022 0.035546 -0.024524
v -0.404543 0.064496 -0.020147
v 0.348164 0.068164 -0.016290
v 0.358632 0.058364 -0.021789
v -0.390473 0.080000 -0.020000
v -0.383253 0.085804 -0.020634
v 0.328331 0.088331 -0.011669
v 0.339713 0.079691 -0.020373
v 0.351570 0.071570 -0.028430
v -0.360140 0.100353 -0.019541
v -0.340000 0.107526 -0.016428
v 0.307638 0.107638 -0.012362
v 0.320312 0.100309 -0.019558
v 0.331584 0.091584 -0.023596
v -0.323372 0.114237 -0.022665
v -0.299908 0.123296 -0.018453
v -0.280000 0.127596 -0.016328
v 0.287667 0.127667 -0.016584
v 0.300117 0.120105 -0.019857
v 0.311877 0.111877 -0.023393
v -0.260152 0.140467 -0.019302
v -0.237823 0.144277 -0.017853
v -0.218141 0.143757 -0.018046
v -0.198236 0.143455 -0.018289
v -0.176896 0.145599 -0.017454
v -0.155379 0.148949 -0.011050
v 0.244709 0.147497 -0.015120
v 0.262585 0.141652 -0.018576
v 0.277165 0.136324 -0.022945
v 0.290675 0.130675 -0.029325
v -0.160000 0.150304 -0.024919
v -0.144029 0.152641 -0.023643
v -0.122371 0.155621 -0.022060
v -0.099348 0.158401 -0.020734
v -0.079073 0.162913 -0.015915
v -0.060000 0.168527 -0.011473
v 0.188114 0.168114 -0.011886
v 0.202271 0.163015 -0.016358
v 0.218836 0.159335 -0.020892
v 0.235808 0.154709 -0.024169
v 0.250634 0.150634 -0.029366
v -0.080000 0.170287 -0.029713
v -0.059313 0.182114 -0.017776
v -0.040000 0.189238 -0.010762
v 0.149333 0.189333 -0.010667
v 0.165466 0.185041 -0.015024
v 0.181236 0.181025 -0.018996
v 0.195354 0.175515 -0.024476
v -0.056847 0.198725 -0.023186
v -0.037026 0.202060 -0.014792
v -0.015560 0.208429 -0.011571
v 0.104081 0.208822 -0.011178
v 0.125530 0.204875 -0.014993
v 0.142586 0.201889 -0.018022
v 0.157885 0.196969 -0.023550
v 0.176461 0.191918 -0.028082
v -0.041394 0.215502 -0.023586
v -0.020025 0.220634 -0.019436
v 0.001848 0.222176 -0.017949
v 0.022595 0.223164 -0.016828
v 0.042269 0.222793 -0.017051
v 0.061681 0.222026 -0.017755
v 0.081479 0.220608 -0.019288
v 0.098760 0.218553 -0.022060
v 0.116837 0.212806 -0.022853
v 0.135889 0.211135 -0.028865
v -0.020000 0.230805 -0.029195
v -0.004232 0.231882 -0.028118
v 0.016335 0.232763 -0.027237
v 0.036213 0.232213 -0.027787
v 0.055566 0.230671 -0.029329
v 0.019775 -0.315981 -0.003040
v 0.039495 -0.320350 -0.000108
v 0.060920 -0.319377 0.003154
v 0.080901 -0.319475 0.003451
v 0.100620 -0.319690 0.003283
v 0.119985 -0.320084 -0.000095
v 0.141099 -0.315726 -0.002667
v 0.000740 -0.299568 -0.001427
v 0.020017 -0.302131 0.003751
v 0.140000 -0.300000 0.008235
v 0.160000 -0.307024 0.000000
v 0.176723 -0.305941 0.000000
v 0.199827 -0.301412 -0.000241
v 0.219563 -0.296208 -0.000286
v 0.240000 -0.291357 0.000000
v -0.290067 -0.270067 0.000000
v -0.274343 -0.271637 0.002999
v -0.257280 -0.271429 0.003097
v -0.236372 -0.272366 0.000000
v -0.216209 -0.272599 0.004678
v -0.195806 -0.272057 0.004775
v -0.114519 -0.271689 0.003333
v -0.098595 -0.277023 0.001864
v -0.078643 -0.277060 0.001657
v -0.058654 -0.276959 0.001629
v -0.040915 -0.281303 0.001036
v -0.018501 -0.281820 0.004391
v -0.009000 -0.289000 0.000000
v 0.260056 -0.280726 0.000162
v -0.355568 -0.252569 0.002584
v -0.340937 -0.260407 -0.000413
v -0.321971 -0.264321 -0.002356
v -0.304831 -0.267543 -0.002651
v -0.180000 -0.268906 0.000000
v -0.163222 -0.265621 -0.002952
v -0.142686 -0.266107 -0.003332
v -0.128897 -0.268897 0.000000
v 0.282725 -0.262932 0.002725
v 0.294987 -0.257931 -0.001765
v -0.377563 -0.236354 0.002079
v -0.366938 -0.246938 -0.003716
v 0.309054 -0.240000 0.009054
v 0.317833 -0.238678 -0.003135
v -0.398794 -0.218906 0.001160
v -0.388302 -0.228302 -0.004337
v 0.328895 -0.220000 0.008895
v 0.335908 -0.216683 -0.001651
v -0.419099 -0.199071 0.000917
v -0.409645 -0.209645 -0.004907
v 0.347226 -0.196875 0.004812
v 0.350983 -0.200000 -0.009017
v -0.437197 -0.176327 0.003186
v -0.428718 -0.188718 -0.004406
v 0.359533 -0.179610 0.000149
v -0.452053 -0.152053 0.004298
v -0.447311 -0.162796 -0.003749
v 0.368107 -0.157164 0.005041
v 0.372009 -0.160000 -0.007991
v -0.458630 -0.137813 0.000750
v 0.376894 -0.141885 -0.003239
v -0.462364 -0.121074 -0.001237
v 0.380204 -0.119950 0.000451
v -0.464569 -0.102208 -0.002358
v 0.382523 -0.098680 0.002842
v -0.464903 -0.082460 -0.002471
v 0.385007 -0.077422 0.002134
v -0.462027 -0.059560 0.000534
v 0.386048 -0.056974 0.002581
v -0.457711 -0.040294 0.001332
v 0.385762 -0.037260 0.002473
v -0.451465 -0.020000 0.000000
v 0.382684 -0.017138 0.002807
v -0.442644 0.000480 -0.000368
v 0.379777 -0.000522 -0.000462
v -0.434003 0.020000 0.003170
v 0.368651 0.025417 0.005688
v 0.374245 0.017556 -0.002598
v -0.420593 0.039884 0.000663
v 0.361481 0.042018 0.001282
v 0.370488 0.030488 -0.009512
v -0.402415 0.061902 -0.000616
v 0.346652 0.063798 0.004661
v 0.352742 0.057239 -0.003335
v -0.381124 0.082710 0.000524
v 0.326538 0.086538 0.003123
v 0.337037 0.076846 -0.002290
v -0.361341 0.096426 -0.001387
v -0.336401 0.106041 0.002566
v -0.320000 0.109195 0.009195
v 0.303330 0.104701 0.003678
v 0.316023 0.096398 -0.002673
v -0.323211 0.111723 -0.005566
v -0.298927 0.119058 -0.000177
v -0.277856 0.125257 0.003531
v 0.268979 0.128979 0.008979
v 0.283124 0.122724 0.001980
v 0.295218 0.115396 -0.005177
v -0.260532 0.136640 -0.001448
v -0.238487 0.142840 0.001354
v -0.217523 0.145018 0.002413
v -0.197846 0.144446 0.002118
v -0.178139 0.143581 0.001615
v -0.157124 0.145489 0.002432
v -0.135907 0.147544 0.003358
v -0.115193 0.149278 0.009278
v 0.209511 0.149511 0.009511
v 0.225332 0.148168 0.005285
v 0.243088 0.143622 0.003212
v 0.257847 0.138674 -0.002614
v 0.274935 0.131677 -0.005554
v -0.140000 0.150289 -0.009711
v -0.122701 0.151884 -0.005106
v -0.103466 0.153414 -0.002902
v -0.081837 0.156614 -0.001469
v -0.059432 0.160705 0.001492
v -0.039052 0.164019 0.001831
v -0.017291 0.164956 0.004956
v 0.004250 0.167876 0.007876
v 0.109948 0.169948 0.009948
v 0.123581 0.167720 0.007720
v 0.144169 0.163900 0.004812
v 0.161523 0.162200 0.001819
v 0.178394 0.159180 -0.000773
v 0.196834 0.155793 -0.002924
v 0.216313 0.152154 -0.003358
v 0.231035 0.151035 -0.008965
v -0.042618 0.175497 -0.007060
v -0.020527 0.177679 -0.001276
v 0.001153 0.182424 0.002106
v 0.023288 0.182611 0.006273
v 0.044038 0.183265 0.007958
v 0.064121 0.183378 0.008332
v 0.083669 0.183083 0.007635
v 0.104054 0.183813 0.004593
v 0.121414 0.182283 0.001601
v 0.138693 0.179120 -0.000552
v 0.157380 0.177622 -0.006132
v 0.176159 0.171461 -0.008539
v -0.022768 0.195084 -0.007798
v -0.002359 0.198230 -0.004275
v 0.019187 0.198977 -0.000391
v 0.039030 0.200277 0.000201
v 0.059330 0.199912 -0.000056
v 0.079664 0.199512 -0.000326
v 0.098301 0.197430 -0.001823
v 0.117130 0.197573 -0.006445
v 0.136493 0.192387 -0.007613
v 0.000000 0.210341 -0.009659
v 0.015687 0.211850 -0.008150
v 0.036253 0.212585 -0.007415
v 0.056134 0.212149 -0.007851
v 0.075824 0.211546 -0.008454
v 0.090506 0.210506 -0.009494
v 0.040000 -0.300000 0.010190
v 0.055906 -0.300000 0.012455
v 0.076524 -0.300000 0.013081
v 0.096542 -0.300000 0.013065
v 0.115887 -0.300000 0.011137
v 0.148818 -0.291182 0.020000
v 0.130249 -0.300000 0.010249
v 0.159081 -0.297614 0.015871
v 0.179626 -0.297785 0.020251
v 0.199118 -0.296852 0.017285
v 0.220000 -0.290239 0.020000
v -0.090507 -0.270507 0.020000
v -0.076060 -0.271317 0.020000
v -0.057355 -0.273688 0.024009
v -0.039062 -0.278118 0.019308
v -0.018030 -0.276062 0.022269
v 0.001465 -0.276882 0.020438
v 0.019992 -0.279538 0.018645
v 0.039966 -0.280025 0.020062
v 0.061201 -0.281532 0.023185
v 0.080574 -0.280861 0.022057
v 0.099939 -0.281485 0.022284
v 0.119911 -0.281838 0.021878
v 0.137490 -0.284942 0.022760
v 0.240181 -0.281013 0.020110
v 0.251501 -0.280000 0.011501
v -0.336060 -0.253815 0.022343
v -0.319796 -0.260140 0.020401
v -0.302324 -0.265215 0.017170
v -0.283679 -0.268014 0.015542
v -0.264330 -0.269112 0.020000
v -0.244428 -0.268753 0.015251
v -0.225222 -0.267494 0.017090
v -0.203160 -0.266291 0.020000
v -0.182082 -0.266120 0.017792
v -0.160215 -0.261256 0.020852
v -0.140146 -0.259877 0.019924
v -0.121263 -0.263011 0.019435
v -0.103436 -0.268073 0.020000
v 0.263548 -0.264882 0.023548
v 0.277662 -0.258951 0.017128
v -0.373052 -0.233052 0.023733
v -0.362237 -0.241664 0.019067
v -0.349117 -0.249117 0.020000
v 0.300025 -0.240618 0.020178
v -0.395395 -0.215575 0.021282
v -0.383684 -0.226676 0.018035
v 0.321442 -0.221084 0.020593
v -0.415816 -0.195796 0.021214
v -0.406554 -0.206554 0.016436
v 0.338570 -0.200301 0.019824
v -0.432950 -0.176084 0.022177
v -0.426260 -0.186260 0.016655
v 0.349096 -0.180000 0.029096
v 0.353272 -0.180000 0.017176
v -0.450024 -0.150024 0.020000
v -0.443347 -0.162683 0.018181
v 0.361471 -0.159935 0.021735
v -0.453944 -0.137554 0.023680
v 0.367186 -0.137656 0.024398
v 0.371563 -0.140000 0.011563
v -0.460298 -0.120499 0.020024
v 0.369343 -0.115077 0.029343
v 0.372611 -0.124056 0.016973
v -0.463318 -0.101565 0.018292
v 0.375861 -0.102230 0.018315
v -0.462363 -0.079575 0.020385
v 0.378927 -0.081677 0.017677
v -0.460465 -0.059596 0.020386
v 0.379770 -0.060330 0.019521
v -0.453983 -0.037536 0.022104
v 0.379608 -0.040488 0.019250
v -0.448088 -0.020000 0.015557
v 0.378663 -0.021483 0.017366
v -0.440147 0.000001 0.020060
v 0.369006 0.005813 0.025690
v 0.374971 -0.002263 0.017826
v -0.431434 0.020000 0.020000
v 0.363396 0.022664 0.022650
v 0.372042 0.012042 0.012042
v -0.418588 0.038853 0.020324
v 0.348802 0.048802 0.028802
v 0.358820 0.038143 0.017663
v -0.398375 0.058900 0.018826
v 0.342702 0.063195 0.022021
v 0.351953 0.051953 0.016326
v -0.380952 0.077012 0.016008
v -0.360000 0.087618 0.027618
v 0.324071 0.083853 0.022779
v 0.335235 0.075062 0.014242
v -0.360000 0.091719 0.016494
v -0.339379 0.099424 0.020060
v -0.320000 0.106188 0.022978
v 0.289083 0.109083 0.024133
v 0.301506 0.101249 0.022209
v 0.315850 0.092630 0.014836
v -0.303329 0.114715 0.017755
v -0.280164 0.122413 0.021042
v -0.260000 0.128280 0.023530
v 0.249525 0.129525 0.029525
v 0.263635 0.124983 0.023680
v 0.278073 0.118466 0.017727
v 0.291559 0.111559 0.011559
v -0.260000 0.132472 0.012472
v -0.239908 0.139693 0.019532
v -0.218429 0.143148 0.021429
v -0.198692 0.142681 0.021258
v -0.178107 0.140933 0.021874
v -0.159008 0.140578 0.021900
v -0.138615 0.142560 0.023069
v -0.116717 0.146191 0.022771
v -0.096963 0.148275 0.025448
v 0.109119 0.149119 0.029119
v 0.125275 0.147762 0.024652
v 0.142427 0.145341 0.022124
v 0.162592 0.142147 0.023847
v 0.183103 0.146087 0.022505
v 0.203206 0.146709 0.022849
v 0.223132 0.143740 0.023015
v 0.240144 0.140098 0.020131
v 0.255948 0.133574 0.015867
v -0.100000 0.150507 0.010507
v -0.084243 0.152175 0.016499
v -0.062232 0.155966 0.018189
v -0.041014 0.158050 0.017410
v -0.021995 0.158648 0.017190
v -0.001976 0.158258 0.017325
v 0.018307 0.158227 0.017823
v 0.040751 0.159868 0.019850
v 0.061148 0.160429 0.020468
v 0.079306 0.159088 0.019127
v 0.098522 0.158018 0.018165
v 0.116983 0.155709 0.015953
v 0.134409 0.155231 0.011939
v 0.155613 0.150827 0.010827
v 0.175554 0.151043 0.011043
v 0.195609 0.150810 0.010810
v 0.020000 0.170363 0.010363
v 0.035668 0.171681 0.011681
v 0.056248 0.172721 0.012721
v 0.076390 0.172752 0.012752
v 0.095998 0.171714 0.011714
v -0.035664 -0.271122 0.040000
v -0.015578 -0.271163 0.040000
v 0.005498 -0.271596 0.042960
v 0.023199 -0.273298 0.043587
v 0.042451 -0.274759 0.042703
v 0.061844 -0.276254 0.041915
v 0.081337 -0.277456 0.041376
v 0.101958 -0.276641 0.041848
v 0.123011 -0.271398 0.042982
v 0.144067 -0.271366 0.040000
v 0.159092 -0.278356 0.037498
v 0.177846 -0.281581 0.039805
v 0.200195 -0.280876 0.039555
v 0.220801 -0.277502 0.038076
v 0.230014 -0.280000 0.030014
v -0.314921 -0.252463 0.043217
v -0.299088 -0.258002 0.040440
v -0.281053 -0.260651 0.040241
v -0.260154 -0.262209 0.040521
v -0.239701 -0.260410 0.040055
v -0.219638 -0.257107 0.039660
v -0.199993 -0.257757 0.039242
v -0.180171 -0.260763 0.040290
v -0.160557 -0.256324 0.039664
v -0.135527 -0.250688 0.040000
v -0.117035 -0.253264 0.040000
v -0.098940 -0.258579 0.039551
v -0.079799 -0.261498 0.040497
v -0.063935 -0.265893 0.037630
v -0.049061 -0.269061 0.040000
v 0.241918 -0.262564 0.044854
v 0.257489 -0.256872 0.039711
v -0.370732 -0.230732 0.044600
v -0.358430 -0.236556 0.041792
v -0.343278 -0.243537 0.037779
v -0.328776 -0.248776 0.040000
v 0.280048 -0.243827 0.038884
v 0.291569 -0.240000 0.031569
v -0.391889 -0.211889 0.044193
v -0.382489 -0.222140 0.037714
v 0.303494 -0.224502 0.043494
v 0.315041 -0.216807 0.038052
v -0.411562 -0.191562 0.044598
v -0.402832 -0.202750 0.037147
v 0.327103 -0.200000 0.042854
v 0.332520 -0.200000 0.032520
v -0.430961 -0.170961 0.040000
v -0.421976 -0.182212 0.039285
v 0.343650 -0.178589 0.042817
v -0.438766 -0.158929 0.039909
v 0.355663 -0.161836 0.037099
v -0.450422 -0.130422 0.040000
v -0.446141 -0.143791 0.037873
v 0.360729 -0.139607 0.041459
v -0.453880 -0.115855 0.042572
v 0.364291 -0.117722 0.041751
v -0.457710 -0.098907 0.039993
v 0.366746 -0.096462 0.042727
v 0.371006 -0.100000 0.031006
v -0.458052 -0.080073 0.038770
v 0.367675 -0.077723 0.044463
v 0.372430 -0.083990 0.032430
v -0.453779 -0.057812 0.042557
v 0.367478 -0.056266 0.047478
v 0.372200 -0.064028 0.036832
v -0.449344 -0.040000 0.040000
v 0.367229 -0.036503 0.047229
v 0.372432 -0.043778 0.036894
v -0.442190 -0.020065 0.040341
v 0.367241 -0.016700 0.042892
v 0.372136 -0.025479 0.035337
v -0.434703 0.000312 0.039919
v 0.361463 0.002171 0.041854
v 0.371214 -0.008786 0.031214
v -0.423456 0.023513 0.039446
v 0.348197 0.025426 0.044980
v 0.357136 0.017847 0.036303
v -0.415130 0.036078 0.036078
v -0.400000 0.047277 0.047277
v 0.343413 0.042644 0.042552
v 0.352178 0.036565 0.032178
v -0.396768 0.054722 0.037757
v -0.380000 0.067098 0.042879
v 0.328558 0.068558 0.043669
v 0.338776 0.058202 0.038152
v -0.380000 0.071543 0.031543
v -0.360792 0.081903 0.040149
v -0.340000 0.088993 0.048993
v 0.305150 0.088285 0.045356
v 0.320064 0.080061 0.040075
v 0.332026 0.072026 0.032026
v -0.342739 0.093068 0.035493
v -0.319033 0.102850 0.042133
v 0.263933 0.108715 0.048715
v 0.282830 0.103932 0.042793
v 0.297378 0.098001 0.038525
v 0.311130 0.091130 0.031130
v -0.302724 0.114250 0.035821
v -0.281090 0.120811 0.040312
v -0.257263 0.124599 0.041826
v -0.235614 0.128129 0.048129
v 0.189071 0.129071 0.049071
v 0.203770 0.127979 0.047979
v 0.225974 0.125202 0.045239
v 0.241487 0.122069 0.042193
v 0.257668 0.118579 0.038258
v 0.275024 0.112142 0.035073
v -0.243145 0.131888 0.034805
v -0.221615 0.137193 0.036988
v -0.201533 0.138995 0.037445
v -0.181039 0.139436 0.037622
v -0.161002 0.137951 0.039053
v -0.141504 0.136963 0.038664
v -0.120042 0.139950 0.039867
v -0.098026 0.143486 0.043446
v -0.077255 0.148425 0.045220
v -0.055051 0.149834 0.049834
v -0.030013 0.149987 0.049987
v -0.015538 0.149113 0.049113
v 0.004502 0.148838 0.048838
v 0.020000 0.149756 0.049756
v 0.064720 0.149707 0.049707
v 0.085667 0.148590 0.045509
v 0.102929 0.146371 0.042851
v 0.123084 0.142761 0.043026
v 0.140949 0.140371 0.040835
v 0.157304 0.137532 0.037303
v 0.178539 0.137029 0.037236
v 0.198105 0.138131 0.037496
v 0.217316 0.136843 0.036215
v 0.236930 0.133032 0.033032
v -0.080000 0.150802 0.030802
v -0.063935 0.152824 0.036676
v -0.042902 0.154341 0.037413
v -0.023201 0.153448 0.037087
v -0.003585 0.152707 0.036815
v 0.016968 0.154090 0.037373
v 0.037474 0.155162 0.037826
v 0.056868 0.153424 0.037078
v 0.076015 0.151667 0.036248
v 0.095438 0.150579 0.030579
v 0.024169 -0.271206 0.060000
v 0.045008 -0.272586 0.062977
v 0.062394 -0.275189 0.062935
v 0.082514 -0.275138 0.062864
v 0.104151 -0.272307 0.064152
v -0.270632 -0.250632 0.060000
v -0.255967 -0.251821 0.060000
v -0.235047 -0.250890 0.060000
v -0.195627 -0.250867 0.060000
v -0.175465 -0.251965 0.060000
v -0.076112 -0.251348 0.060000
v -0.057590 -0.256427 0.059341
v -0.040457 -0.260945 0.060352
v -0.022130 -0.264313 0.059314
v -0.003337 -0.266752 0.056041
v 0.011436 -0.268564 0.060000
v 0.120000 -0.269056 0.060000
v 0.139397 -0.264322 0.059089
v 0.159868 -0.259805 0.059985
v 0.180218 -0.260077 0.059834
v 0.201796 -0.260821 0.060974
v 0.220210 -0.257752 0.060176
v 0.236256 -0.255722 0.056256
v -0.375015 -0.232124 0.065101
v -0.358491 -0.236997 0.062664
v -0.339047 -0.238021 0.060970
v -0.322935 -0.242924 0.058134
v -0.303095 -0.246949 0.060000
v -0.284417 -0.249342 0.060000
v -0.220000 -0.248234 0.060000
v -0.209502 -0.249502 0.060000
v -0.160000 -0.248806 0.060000
v -0.140592 -0.241343 0.059720
v -0.119908 -0.241932 0.060343
v -0.105048 -0.247398 0.056767
v -0.088939 -0.248939 0.060000
v 0.259502 -0.243086 0.063667
v 0.277951 -0.237878 0.058968
v -0.391463 -0.214565 0.065566
v -0.382257 -0.222242 0.058300
v 0.300789 -0.219992 0.060426
v -0.399955 -0.199945 0.060002
v 0.318835 -0.198790 0.059916
v -0.418065 -0.177501 0.061858
v -0.408881 -0.188881 0.060000
v 0.329108 -0.180000 0.069108
v 0.335666 -0.179782 0.057077
v -0.432765 -0.152765 0.063616
v -0.427761 -0.164628 0.057379
v 0.345912 -0.156665 0.062205
v 0.350909 -0.160000 0.050909
v -0.438637 -0.137106 0.061052
v 0.348192 -0.135652 0.068192
v 0.353289 -0.142255 0.055977
v -0.445376 -0.122117 0.056538
v 0.356862 -0.121716 0.056931
v -0.448126 -0.103680 0.060000
v 0.358960 -0.101424 0.058115
v -0.450209 -0.080000 0.060000
v -0.449604 -0.089604 0.060000
v 0.359903 -0.079497 0.059838
v -0.447822 -0.064214 0.060000
v 0.360384 -0.059627 0.060522
v -0.444180 -0.041444 0.058417
v 0.360121 -0.039599 0.060160
v -0.437558 -0.021679 0.059880
v 0.349224 -0.010776 0.069224
v 0.358733 -0.021163 0.058290
v -0.424162 0.004337 0.064337
v 0.346766 0.004438 0.064221
v 0.354721 -0.004168 0.056012
v -0.418469 0.018748 0.059592
v 0.341238 0.022070 0.061782
v 0.350959 0.010959 0.050959
v -0.400963 0.039670 0.060314
v 0.328250 0.043492 0.068250
v 0.337520 0.037994 0.056490
v -0.380840 0.058447 0.059964
v -0.360000 0.068699 0.068699
v 0.308189 0.068189 0.068189
v 0.321146 0.061238 0.061346
v 0.331200 0.054381 0.054497
v -0.363108 0.072902 0.055275
v -0.339263 0.083031 0.062491
v -0.320000 0.089525 0.069525
v 0.285230 0.088125 0.065050
v 0.300595 0.080519 0.060625
v 0.314282 0.074411 0.054152
v -0.322141 0.094434 0.056472
v -0.300907 0.103752 0.062321
v 0.228607 0.108607 0.068607
v 0.244078 0.105050 0.063904
v 0.261886 0.101153 0.061478
v 0.278077 0.097399 0.056692
v 0.292424 0.092424 0.052424
v -0.300000 0.110938 0.050938
v -0.283671 0.114304 0.057950
v -0.260419 0.119685 0.058777
v -0.238598 0.122561 0.061123
v -0.216676 0.126432 0.062747
v -0.197785 0.127310 0.064349
v -0.175676 0.128278 0.068278
v -0.155041 0.129731 0.069731
v -0.135070 0.129710 0.069710
v -0.110933 0.129067 0.069067
v -0.100000 0.128981 0.068981
v 0.168822 0.128822 0.068822
v 0.182983 0.126703 0.063033
v 0.201887 0.121083 0.062252
v 0.217996 0.117513 0.056907
v 0.235062 0.112665 0.055545
v 0.251127 0.111127 0.051127
v -0.220000 0.130841 0.050842
v -0.204112 0.132114 0.052114
v -0.183937 0.132572 0.057026
v -0.163275 0.133581 0.057253
v -0.143548 0.132710 0.056682
v -0.123415 0.133390 0.057035
v -0.102183 0.135775 0.058270
v -0.079803 0.140798 0.061083
v -0.058258 0.143432 0.062961
v -0.037511 0.144973 0.062064
v -0.017473 0.145224 0.062207
v 0.002508 0.142430 0.063591
v 0.021699 0.143185 0.062835
v 0.043431 0.146682 0.062962
v 0.063550 0.147310 0.063376
v 0.082612 0.145693 0.062597
v 0.102367 0.141099 0.062147
v 0.118382 0.138440 0.057067
v 0.137942 0.135675 0.058164
v 0.157065 0.133727 0.057224
v 0.174043 0.130976 0.054201
v -0.040000 0.150180 0.050180
v 0.035195 0.150596 0.050596
v 0.050809 0.150809 0.050809
v -0.375501 -0.291034 0.088966
v -0.360000 -0.291769 0.088231
v -0.414561 -0.274932 0.088196
v -0.397898 -0.278091 0.084624
v -0.379054 -0.277500 0.081847
v -0.357637 -0.278186 0.084202
v -0.340000 -0.276664 0.087583
v -0.434780 -0.254326 0.088417
v -0.418165 -0.258069 0.084118
v -0.400068 -0.260066 0.079970
v -0.382572 -0.262525 0.077835
v -0.360488 -0.261983 0.079313
v -0.338025 -0.256929 0.083078
v -0.320000 -0.250972 0.089028
v -0.036173 -0.251341 0.080000
v -0.015941 -0.254297 0.082685
v 0.000357 -0.259188 0.079663
v 0.018464 -0.263572 0.079519
v 0.036186 -0.268166 0.075326
v 0.055718 -0.269133 0.080000
v 0.075066 -0.269765 0.080000
v 0.095207 -0.269363 0.080000
v 0.117177 -0.268240 0.077207
v 0.140747 -0.262256 0.079668
v 0.162301 -0.253729 0.082232
v -0.436742 -0.235983 0.087685
v -0.416475 -0.237869 0.081675
v -0.402610 -0.242676 0.077778
v -0.382958 -0.242900 0.073492
v -0.365137 -0.244322 0.072765
v -0.344056 -0.241949 0.075041
v -0.320080 -0.240351 0.079731
v -0.300440 -0.238871 0.080108
v -0.279721 -0.238011 0.079739
v -0.259323 -0.237800 0.080380
v -0.238955 -0.237269 0.081094
v -0.218666 -0.236622 0.081583
v -0.199794 -0.239549 0.080308
v -0.179823 -0.239550 0.080333
v -0.159954 -0.238508 0.078112
v -0.140435 -0.234493 0.076730
v -0.116171 -0.231903 0.080000
v -0.098360 -0.236534 0.077219
v -0.079079 -0.237276 0.079520
v -0.060689 -0.241837 0.080191
v -0.047873 -0.247873 0.080000
v 0.180000 -0.249579 0.080000
v 0.195241 -0.249691 0.080000
v 0.220031 -0.243972 0.082236
v 0.239691 -0.239536 0.079911
v 0.256461 -0.236730 0.076461
v -0.431730 -0.215566 0.088270
v -0.416339 -0.217542 0.082327
v -0.401640 -0.221910 0.075952
v -0.389406 -0.229406 0.070594
v 0.281959 -0.220436 0.083282
v 0.293082 -0.220000 0.073082
v -0.415999 -0.197242 0.083526
v -0.403358 -0.203701 0.074389
v 0.305205 -0.200009 0.083335
v 0.311798 -0.200000 0.071798
v -0.430973 -0.170973 0.089027
v -0.418758 -0.178436 0.081350
v -0.409167 -0.189167 0.070833
v 0.322305 -0.179104 0.081468
v -0.433547 -0.155738 0.084053
v -0.427842 -0.163190 0.076198
v 0.328946 -0.160000 0.088946
v 0.336357 -0.161455 0.075443
v -0.438569 -0.137511 0.081890
v 0.340233 -0.139973 0.080331
v -0.450626 -0.115587 0.089374
v -0.443499 -0.121504 0.078273
v 0.342313 -0.117622 0.083077
v 0.350135 -0.120000 0.070135
v -0.452111 -0.096026 0.087889
v -0.447009 -0.103207 0.076454
v 0.343288 -0.096761 0.084231
v 0.351163 -0.104586 0.071163
v -0.451330 -0.075376 0.088670
v -0.447894 -0.083891 0.075854
v 0.345731 -0.077105 0.082113
v 0.352145 -0.084013 0.072145
v -0.444363 -0.062389 0.077621
v 0.345884 -0.057098 0.082183
v 0.352604 -0.063737 0.072604
v -0.439214 -0.040601 0.079591
v 0.343566 -0.036838 0.084458
v 0.352319 -0.043798 0.072319
v -0.431704 -0.020000 0.083839
v 0.342405 -0.018035 0.083000
v 0.351079 -0.024272 0.071079
v -0.420446 0.000085 0.079953
v 0.329468 0.009468 0.089468
v 0.339559 -0.000846 0.079425
v -0.402277 0.024105 0.081445
v 0.327344 0.024882 0.084468
v 0.335387 0.016317 0.076520
v -0.400000 0.033046 0.073046
v -0.382883 0.044508 0.081739
v 0.309881 0.049881 0.089881
v 0.321375 0.041719 0.081670
v 0.332005 0.032005 0.072005
v -0.380000 0.052860 0.072860
v -0.358948 0.062975 0.082336
v 0.288833 0.068833 0.088833
v 0.302804 0.062686 0.082965
v 0.315600 0.055393 0.075177
v -0.342040 0.074914 0.076721
v -0.320864 0.083497 0.082319
v 0.263990 0.085614 0.083906
v 0.280518 0.080398 0.080457
v 0.294767 0.075065 0.074687
v -0.301027 0.096836 0.077526
v -0.277730 0.106301 0.083940
v 0.209654 0.109654 0.089654
v 0.222777 0.106512 0.082834
v 0.240312 0.100213 0.080359
v 0.256172 0.094121 0.076276
v 0.271244 0.091244 0.071244
v -0.280000 0.110826 0.070826
v -0.263619 0.113918 0.077560
v -0.239514 0.119467 0.078982
v -0.218460 0.121395 0.082415
v -0.198898 0.121070 0.081678
v -0.178998 0.120882 0.081321
v -0.157163 0.122431 0.083721
v -0.137378 0.125177 0.082086
v -0.117588 0.125154 0.082099
v -0.098149 0.121648 0.082623
v -0.077165 0.122833 0.083376
v -0.056843 0.125961 0.085961
v -0.035727 0.128306 0.088306
v -0.015403 0.129179 0.089179
v 0.003945 0.128235 0.088235
v 0.024545 0.128208 0.088208
v 0.148899 0.128899 0.088899
v 0.163375 0.127414 0.083409
v 0.182539 0.122763 0.082600
v 0.197283 0.118536 0.078518
v 0.215071 0.112134 0.074815
v -0.120000 0.130175 0.070175
v -0.084755 0.131181 0.071181
v -0.061967 0.133249 0.076380
v -0.043331 0.136865 0.075871
v -0.022376 0.137820 0.076815
v -0.003982 0.135765 0.076396
v 0.017081 0.134018 0.077703
v 0.039755 0.139397 0.078950
v 0.061790 0.141865 0.082580
v 0.081871 0.140987 0.081363
v 0.097387 0.137348 0.077427
v 0.116634 0.132794 0.076800
v 0.136185 0.132263 0.076407
v 0.153870 0.130690 0.073893
v -0.390470 -0.310470 0.109530
v -0.374165 -0.314942 0.104844
v -0.356772 -0.316269 0.103071
v -0.337482 -0.316131 0.106477
v -0.436785 -0.292662 0.107338
v -0.415898 -0.294962 0.103576
v -0.398164 -0.297351 0.102887
v -0.382634 -0.302135 0.098120
v -0.363212 -0.302684 0.093260
v -0.340005 -0.302590 0.097146
v -0.320000 -0.297560 0.106089
v -0.455683 -0.275292 0.107243
v -0.440727 -0.280687 0.099425
v -0.423702 -0.283455 0.095275
v -0.403556 -0.287833 0.092167
v -0.389984 -0.289984 0.090016
v -0.344998 -0.289407 0.090593
v -0.319837 -0.280530 0.098841
v -0.470105 -0.250105 0.109895
v -0.458753 -0.259153 0.101009
v -0.444221 -0.264361 0.094459
v -0.429701 -0.269701 0.090298
v -0.323029 -0.265057 0.092367
v -0.303137 -0.258093 0.105068
v 0.009751 -0.250249 0.100000
v 0.022737 -0.253765 0.100000
v 0.039870 -0.257940 0.099699
v 0.060078 -0.259962 0.099997
v 0.079960 -0.261372 0.100316
v 0.099616 -0.262750 0.100556
v 0.120636 -0.260831 0.100105
v 0.139856 -0.257293 0.098348
v 0.160000 -0.250747 0.100000
v -0.470904 -0.235375 0.109096
v -0.460612 -0.241636 0.099454
v -0.447866 -0.243791 0.092134
v -0.299733 -0.243008 0.098488
v -0.275804 -0.232308 0.103298
v -0.260000 -0.230562 0.109438
v -0.036618 -0.237746 0.100161
v -0.020021 -0.243184 0.099970
v -0.003199 -0.247032 0.100000
v 0.178584 -0.243846 0.100157
v 0.199922 -0.239814 0.100019
v 0.220106 -0.236257 0.098489
v -0.470452 -0.220000 0.109548
v -0.459792 -0.220225 0.100124
v -0.444674 -0.222402 0.092118
v -0.260000 -0.228405 0.100000
v -0.239295 -0.223774 0.102681
v -0.219845 -0.221860 0.102543
v -0.199901 -0.221433 0.101654
v -0.179850 -0.221056 0.101295
v -0.159920 -0.222773 0.099317
v -0.140031 -0.220321 0.099807
v -0.118730 -0.215922 0.101759
v -0.098941 -0.218980 0.100516
v -0.080739 -0.222913 0.098675
v -0.061397 -0.223163 0.101932
v -0.049980 -0.229980 0.100000
v 0.244664 -0.224681 0.104664
v 0.259984 -0.220021 0.099983
v 0.276003 -0.215150 0.096003
v -0.458034 -0.196620 0.105892
v -0.443400 -0.202059 0.096282
v -0.429452 -0.200000 0.090548
v 0.286726 -0.200000 0.106726
v 0.297630 -0.198333 0.097251
v -0.452939 -0.176564 0.107061
v -0.441718 -0.181426 0.098896
v -0.429218 -0.184725 0.090782
v 0.307719 -0.177362 0.104485
v 0.313936 -0.180000 0.093936
v -0.454709 -0.154185 0.104839
v -0.443002 -0.162132 0.097276
v 0.320660 -0.159549 0.100879
v -0.470830 -0.130830 0.109170
v -0.457597 -0.138437 0.102057
v -0.443812 -0.145024 0.092921
v 0.326641 -0.136464 0.102409
v 0.331668 -0.144627 0.091668
v -0.472949 -0.116633 0.107051
v -0.461072 -0.121682 0.099084
v -0.448432 -0.128432 0.091568
v 0.326384 -0.116735 0.106384
v 0.332978 -0.122061 0.096096
v -0.473865 -0.096831 0.106135
v -0.463170 -0.102317 0.097214
v 0.327213 -0.096352 0.107213
v 0.333556 -0.103334 0.097637
v -0.472308 -0.075777 0.107692
v -0.462792 -0.082273 0.097489
v 0.327635 -0.076166 0.107635
v 0.335460 -0.082310 0.096352
v -0.459975 -0.059993 0.100028
v -0.449589 -0.060000 0.090411
v 0.327731 -0.056152 0.107731
v 0.336400 -0.063428 0.095471
v -0.452051 -0.036930 0.104793
v -0.446195 -0.043389 0.093805
v 0.327424 -0.036361 0.107424
v 0.335480 -0.044202 0.096362
v -0.439040 -0.020112 0.101144
v 0.327109 -0.015098 0.104157
v 0.333051 -0.023341 0.097377
v -0.420561 -0.000183 0.100006
v 0.322891 0.002169 0.103407
v 0.332044 -0.003636 0.092044
v -0.398859 0.018935 0.100023
v 0.308785 0.023855 0.108785
v 0.319314 0.018895 0.099187
v -0.379504 0.037998 0.098561
v -0.360000 0.049427 0.109427
v 0.288486 0.048486 0.108486
v 0.302485 0.042682 0.102370
v 0.315264 0.034613 0.094918
v -0.363088 0.053455 0.095551
v -0.341088 0.063652 0.102265
v 0.267608 0.067608 0.107608
v 0.281540 0.061249 0.101272
v 0.296103 0.056232 0.096269
v -0.340000 0.070104 0.090104
v -0.320959 0.076821 0.097368
v -0.297612 0.086755 0.104072
v 0.244532 0.087168 0.104594
v 0.260000 0.080000 0.099999
v 0.274792 0.071966 0.095019
v -0.300000 0.091605 0.091605
v -0.280234 0.098483 0.098786
v -0.257519 0.104448 0.103639
v -0.236259 0.107196 0.107196
v -0.215921 0.108345 0.108345
v -0.196230 0.107503 0.107503
v -0.176651 0.106764 0.106764
v -0.156084 0.107572 0.107572
v -0.135478 0.108981 0.108981
v -0.115466 0.109148 0.109148
v -0.095667 0.108783 0.108783
v -0.076207 0.107912 0.107912
v -0.056201 0.107133 0.107133
v -0.040000 0.108957 0.108957
v 0.188684 0.108684 0.108684
v 0.204205 0.105440 0.104129
v 0.220645 0.100393 0.100563
v 0.236405 0.095594 0.096376
v 0.250420 0.090420 0.090420
v -0.260000 0.110409 0.090409
v -0.242498 0.112463 0.095490
v -0.223075 0.114234 0.097747
v -0.203079 0.113617 0.097491
v -0.183803 0.112151 0.096940
v -0.163554 0.113136 0.097412
v -0.141866 0.116511 0.097000
v -0.122697 0.117411 0.096288
v -0.103733 0.116154 0.096619
v -0.082713 0.114471 0.097787
v -0.062293 0.115268 0.096477
v -0.041650 0.118320 0.098185
v -0.020361 0.121052 0.101312
v 0.001347 0.121558 0.101929
v 0.019723 0.119544 0.099400
v 0.041508 0.121694 0.101584
v 0.063066 0.123836 0.103571
v 0.083157 0.123334 0.103940
v 0.102194 0.124081 0.103568
v 0.123842 0.127812 0.103235
v 0.143002 0.126571 0.102735
v 0.161601 0.121991 0.102638
v 0.177949 0.118935 0.098075
v 0.195773 0.113454 0.095939
v 0.040000 0.130894 0.090894
v 0.056422 0.133535 0.093535
v 0.076932 0.133751 0.093751
v 0.095967 0.131110 0.091110
v 0.115724 0.131063 0.091063
v 0.135197 0.130443 0.090443
v -0.372025 -0.332025 0.127975
v -0.355912 -0.332039 0.123176
v -0.340000 -0.331703 0.123298
v -0.410722 -0.310722 0.129278
v -0.396744 -0.315147 0.123439
v -0.382612 -0.322105 0.117515
v -0.364954 -0.327195 0.115743
v -0.343099 -0.326128 0.113872
v -0.320732 -0.318937 0.121233
v -0.453069 -0.293069 0.122951
v -0.440399 -0.300316 0.119612
v -0.422654 -0.303199 0.115956
v -0.404101 -0.306134 0.116310
v -0.320000 -0.307957 0.112043
v -0.304282 -0.295352 0.124648
v -0.472759 -0.272759 0.127241
v -0.461451 -0.281566 0.118379
v -0.448582 -0.288582 0.111418
v -0.299953 -0.280171 0.119857
v -0.476922 -0.256917 0.122914
v -0.468523 -0.265642 0.114796
v -0.295706 -0.263550 0.116450
v -0.280000 -0.253099 0.126901
v 0.069541 -0.250459 0.120000
v 0.083951 -0.251856 0.120000
v 0.103824 -0.252722 0.120000
v 0.120000 -0.251132 0.120000
v -0.479121 -0.238805 0.121733
v -0.281916 -0.244169 0.115703
v -0.259070 -0.237048 0.121660
v -0.011742 -0.231742 0.120000
v 0.003090 -0.235527 0.120044
v 0.019348 -0.241449 0.120130
v 0.034982 -0.247232 0.116734
v 0.055966 -0.248548 0.120000
v 0.139985 -0.243720 0.124342
v 0.159681 -0.241731 0.119379
v 0.179956 -0.234892 0.120704
v 0.200000 -0.230748 0.120000
v -0.478300 -0.219039 0.121779
v -0.238282 -0.222084 0.120029
v -0.220000 -0.211513 0.124317
v -0.051669 -0.211669 0.120000
v -0.039869 -0.219609 0.119713
v -0.023254 -0.227859 0.120000
v 0.219850 -0.225124 0.122641
v 0.240008 -0.220141 0.119997
v -0.473753 -0.196441 0.122150
v -0.468019 -0.204294 0.111981
v -0.200405 -0.203036 0.123690
v -0.179711 -0.202403 0.122740
v -0.159402 -0.203445 0.124278
v -0.139597 -0.203047 0.124018
v -0.119872 -0.201678 0.122395
v -0.099742 -0.201971 0.122463
v -0.079255 -0.202444 0.123207
v -0.062360 -0.204911 0.123286
v 0.263273 -0.199608 0.125718
v 0.276302 -0.197877 0.116819
v -0.473012 -0.176682 0.126988
v -0.463973 -0.181220 0.116038
v 0.286860 -0.175907 0.126860
v 0.295047 -0.181920 0.115088
v -0.474888 -0.156066 0.123514
v -0.463699 -0.164314 0.114451
v 0.302744 -0.158434 0.122909
v 0.311955 -0.160000 0.111955
v -0.479280 -0.138560 0.120924
v -0.468270 -0.143754 0.111730
v 0.306653 -0.136546 0.126653
v 0.315643 -0.141348 0.115238
v -0.481807 -0.121434 0.117900
v 0.308216 -0.115781 0.128216
v 0.317323 -0.122638 0.116912
v -0.482196 -0.101982 0.117212
v 0.309210 -0.095325 0.129210
v 0.318346 -0.101569 0.118092
v -0.480800 -0.079902 0.118878
v 0.309701 -0.075140 0.129701
v 0.318943 -0.080985 0.118769
v -0.475714 -0.057285 0.121702
v -0.469805 -0.060000 0.110195
v 0.309673 -0.055214 0.129673
v 0.319249 -0.060689 0.119123
v -0.470356 -0.040000 0.129644
v -0.464510 -0.041521 0.114938
v 0.309007 -0.035656 0.129007
v 0.318932 -0.040948 0.118772
v -0.455593 -0.023154 0.121672
v -0.446688 -0.020000 0.113312
v 0.307222 -0.016619 0.127222
v 0.317859 -0.021772 0.117638
v -0.437572 -0.001681 0.123390
v -0.428433 -0.000000 0.111567
v 0.304096 0.002764 0.123904
v 0.315623 -0.005248 0.115429
v -0.416704 0.016565 0.123296
v -0.403828 0.023921 0.120985
v 0.288145 0.023527 0.128145
v 0.300017 0.020021 0.120016
v 0.311940 0.011940 0.111940
v -0.379439 0.037714 0.121234
v -0.360000 0.047211 0.123999
v 0.267611 0.047611 0.127611
v 0.280895 0.040856 0.120805
v 0.294678 0.034553 0.114773
v -0.342680 0.055891 0.116526
v -0.319387 0.064019 0.121297
v -0.300000 0.068160 0.128160
v 0.243685 0.068469 0.128469
v 0.261326 0.061358 0.121326
v 0.274152 0.054278 0.114272
v -0.320000 0.070340 0.110340
v -0.301220 0.076574 0.115986
v -0.279585 0.083288 0.122104
v -0.255375 0.088408 0.128408
v -0.115549 0.089001 0.129001
v -0.095525 0.088895 0.128895
v -0.075366 0.089180 0.129180
v -0.055305 0.089448 0.129448
v -0.035186 0.089441 0.129441
v -0.020000 0.089796 0.129796
v 0.208678 0.088678 0.128678
v 0.223653 0.085296 0.123464
v 0.239667 0.079749 0.119715
v 0.254005 0.074357 0.114057
v -0.280000 0.091287 0.111287
v -0.261760 0.094661 0.116927
v -0.239819 0.099306 0.118982
v -0.218764 0.101089 0.121698
v -0.198690 0.101070 0.121903
v -0.178437 0.101552 0.122509
v -0.159626 0.100406 0.120560
v -0.139632 0.100446 0.120481
v -0.120543 0.099918 0.119912
v -0.100476 0.099427 0.119429
v -0.080733 0.099133 0.119098
v -0.061269 0.098542 0.118323
v -0.039529 0.099120 0.118994
v -0.018766 0.101426 0.121320
v 0.002664 0.102997 0.123311
v 0.023204 0.103337 0.124144
v 0.043246 0.103314 0.124250
v 0.063265 0.103559 0.124295
v 0.081229 0.104174 0.124590
v 0.103916 0.107397 0.127397
v 0.124697 0.109408 0.129408
v 0.144128 0.108798 0.128798
v 0.164485 0.106586 0.123959
v 0.181945 0.102379 0.123334
v 0.198957 0.099442 0.119219
v 0.215887 0.093778 0.116195
v 0.230804 0.090804 0.110804
v -0.024598 0.111614 0.111614
v -0.003681 0.112731 0.112731
v 0.016007 0.111663 0.111663
v 0.035719 0.111567 0.111567
v 0.056106 0.112408 0.112408
v 0.076497 0.113104 0.113104
v 0.096508 0.113733 0.117901
v 0.118560 0.118815 0.118345
v 0.138616 0.118540 0.118092
v 0.155845 0.114887 0.116179
v 0.175958 0.111039 0.111039
v -0.377429 -0.333936 0.142857
v -0.359270 -0.338597 0.140675
v -0.337552 -0.336459 0.141790
v -0.430790 -0.310790 0.144386
v -0.416655 -0.312734 0.143395
v -0.399212 -0.319343 0.141281
v -0.384920 -0.328121 0.134505
v -0.318379 -0.324713 0.138672
v -0.456733 -0.297130 0.142502
v -0.443766 -0.304959 0.136041
v -0.424234 -0.309047 0.130953
v -0.300220 -0.300528 0.139392
v -0.474324 -0.277894 0.142743
v -0.465530 -0.285754 0.133744
v -0.291503 -0.280000 0.140000
v -0.481369 -0.262130 0.137623
v -0.278387 -0.260708 0.140326
v -0.260000 -0.252319 0.147681
v -0.484794 -0.242279 0.137867
v -0.263231 -0.248574 0.134653
v -0.242316 -0.236293 0.141534
v 0.029031 -0.230969 0.140000
v 0.041930 -0.235875 0.136818
v 0.059099 -0.238180 0.136829
v 0.079742 -0.237685 0.140730
v 0.099987 -0.239098 0.140633
v 0.120138 -0.238114 0.138064
v 0.139958 -0.234660 0.137323
v 0.160000 -0.231200 0.140000
v -0.484291 -0.222191 0.138093
v -0.240000 -0.228543 0.131457
v -0.222343 -0.215879 0.141908
v -0.017936 -0.214975 0.137035
v -0.000094 -0.220054 0.140077
v 0.018028 -0.224764 0.142889
v 0.179627 -0.223550 0.144078
v 0.200105 -0.220301 0.139977
v 0.217809 -0.217704 0.134868
v -0.481035 -0.202070 0.137250
v -0.204045 -0.197458 0.138020
v -0.150485 -0.190485 0.140000
v -0.135477 -0.191171 0.140000
v -0.120000 -0.190808 0.140000
v -0.052901 -0.192901 0.140000
v -0.039680 -0.199655 0.140262
v -0.023577 -0.203578 0.144472
v 0.229852 -0.200000 0.149852
v 0.241790 -0.201547 0.142932
v 0.257529 -0.195199 0.137529
v -0.479447 -0.179942 0.141241
v -0.192150 -0.180000 0.147850
v -0.180829 -0.183134 0.142296
v -0.162255 -0.184930 0.142473
v -0.111867 -0.180000 0.148133
v -0.099202 -0.181004 0.143032
v -0.079049 -0.179215 0.142354
v -0.059236 -0.183888 0.143879
v 0.264975 -0.178439 0.144655
v 0.277269 -0.180000 0.132326
v -0.490074 -0.150074 0.149926
v -0.482118 -0.161824 0.137002
v 0.281991 -0.158878 0.141646
v 0.292640 -0.160000 0.132640
v -0.491394 -0.134135 0.145425
v -0.487410 -0.143380 0.136907
v 0.285983 -0.136885 0.145983
v 0.296066 -0.141144 0.136201
v -0.491465 -0.115590 0.143930
v -0.487913 -0.123771 0.132087
v 0.287721 -0.116029 0.147721
v 0.297698 -0.122061 0.137807
v -0.490825 -0.100000 0.144278
v -0.487835 -0.103925 0.132165
v 0.288807 -0.095509 0.148807
v 0.298981 -0.100887 0.139017
v -0.486443 -0.083475 0.137197
v 0.289400 -0.075311 0.149400
v 0.299749 -0.080215 0.139755
v -0.481073 -0.059399 0.139068
v 0.289115 -0.055553 0.149115
v 0.299748 -0.060208 0.139754
v -0.472568 -0.040000 0.143791
v 0.287846 -0.036277 0.147846
v 0.298918 -0.040845 0.138975
v -0.461193 -0.019985 0.139440
v 0.285210 -0.014257 0.144766
v 0.296927 -0.022215 0.137207
v -0.450403 -0.000000 0.149597
v -0.444615 -0.000634 0.136846
v 0.269233 0.009233 0.149233
v 0.282370 0.001539 0.142038
v 0.296151 -0.004723 0.133204
v -0.419841 0.020770 0.139842
v 0.265111 0.025282 0.144764
v 0.278467 0.017841 0.138688
v 0.291424 0.011424 0.131424
v -0.395493 0.036511 0.144507
v -0.379977 0.044158 0.141219
v 0.245621 0.045541 0.145060
v 0.259828 0.039823 0.139860
v 0.274737 0.034595 0.131518
v -0.360000 0.051413 0.140000
v -0.343827 0.053752 0.136456
v -0.320904 0.058390 0.137817
v -0.299514 0.060750 0.142154
v -0.278035 0.066523 0.143588
v -0.260000 0.068537 0.148537
v -0.116017 0.068789 0.148789
v -0.096903 0.066264 0.146264
v -0.076905 0.066082 0.146082
v -0.056387 0.066896 0.146896
v -0.035879 0.068328 0.148328
v -0.015902 0.068200 0.148200
v 0.004789 0.068775 0.148775
v 0.208920 0.068920 0.148920
v 0.222755 0.062650 0.144068
v 0.238703 0.058980 0.139113
v 0.255030 0.055109 0.132125
v -0.284389 0.072408 0.132408
v -0.260959 0.078194 0.137783
v -0.237487 0.082396 0.142767
v -0.218041 0.086790 0.143732
v -0.196231 0.087449 0.147449
v -0.176274 0.087661 0.147661
v -0.155309 0.086843 0.144023
v -0.138235 0.082298 0.142790
v -0.121106 0.079394 0.139360
v -0.101556 0.077900 0.138103
v -0.081779 0.077647 0.138091
v -0.061379 0.078218 0.138593
v -0.040492 0.079402 0.139495
v -0.020853 0.078940 0.139025
v -0.000462 0.080580 0.140429
v 0.023328 0.083874 0.143407
v 0.043026 0.085907 0.145907
v 0.063245 0.086682 0.146682
v 0.082821 0.085637 0.145637
v 0.103113 0.085943 0.145943
v 0.124012 0.087716 0.147716
v 0.144504 0.088992 0.148992
v 0.164131 0.088666 0.148666
v 0.185907 0.085321 0.145367
v 0.201852 0.081371 0.141389
v 0.217719 0.076255 0.136515
v 0.231862 0.071862 0.131862
v -0.240000 0.091256 0.131256
v -0.223623 0.093234 0.133234
v -0.203675 0.093110 0.137448
v -0.182912 0.094314 0.137819
v -0.163532 0.092505 0.137054
v -0.143975 0.091701 0.131701
v -0.129757 0.090243 0.130243
v -0.004234 0.092161 0.132161
v 0.016946 0.094200 0.134200
v 0.038435 0.094023 0.136941
v 0.056850 0.093935 0.137899
v 0.076763 0.093253 0.137616
v 0.096562 0.096216 0.136109
v 0.118329 0.098101 0.138310
v 0.139024 0.098825 0.138921
v 0.158518 0.098174 0.137974
v 0.176714 0.096032 0.137093
v 0.196539 0.092098 0.132098
v -0.393767 -0.330448 0.166276
v -0.377908 -0.335430 0.162254
v -0.359960 -0.339928 0.160041
v -0.338832 -0.337695 0.160669
v -0.432282 -0.312282 0.163441
v -0.418005 -0.317411 0.163603
v -0.403396 -0.322228 0.158001
v -0.388927 -0.328927 0.151073
v -0.316352 -0.324022 0.159587
v -0.457001 -0.297248 0.162678
v -0.442940 -0.307298 0.156394
v -0.298858 -0.299913 0.161281
v -0.474519 -0.278031 0.163080
v -0.467686 -0.287686 0.156204
v -0.288957 -0.280000 0.155129
v -0.482280 -0.263812 0.157541
v -0.280000 -0.268827 0.156022
v -0.262162 -0.257375 0.161354
v -0.485486 -0.242626 0.157282
v -0.239398 -0.239562 0.160499
v -0.484654 -0.222392 0.157673
v -0.220802 -0.219232 0.159908
v 0.029672 -0.210328 0.160000
v 0.039303 -0.217341 0.156832
v 0.060671 -0.219791 0.159762
v 0.078626 -0.222231 0.159423
v 0.101496 -0.220152 0.160513
v 0.120035 -0.219333 0.159327
v 0.139990 -0.218786 0.158555
v 0.160063 -0.218612 0.158540
v 0.176396 -0.216069 0.156396
v -0.482793 -0.201479 0.158610
v -0.206753 -0.200000 0.156384
v 0.001142 -0.198151 0.158074
v 0.020646 -0.202840 0.163103
v 0.188750 -0.200000 0.168750
v 0.200902 -0.200902 0.161546
v 0.217052 -0.200000 0.153034
v -0.483003 -0.181516 0.158587
v -0.196055 -0.181810 0.160873
v -0.143213 -0.177090 0.154377
v -0.124207 -0.180000 0.151369
v -0.035964 -0.175964 0.156652
v -0.018976 -0.178864 0.161711
v -0.004460 -0.184460 0.164241
v 0.223181 -0.180454 0.165064
v 0.239920 -0.180049 0.159895
v 0.253110 -0.180000 0.153110
v -0.491102 -0.155990 0.164438
v -0.487392 -0.164647 0.155118
v -0.177403 -0.159060 0.164324
v -0.160003 -0.160094 0.162863
v -0.140435 -0.162764 0.164840
v -0.119631 -0.162190 0.163436
v -0.100085 -0.159758 0.158634
v -0.083055 -0.160000 0.153337
v -0.059833 -0.158686 0.156662
v -0.041165 -0.160784 0.161825
v -0.020000 -0.160000 0.169770
v 0.245036 -0.157170 0.168219
v 0.259422 -0.160122 0.159113
v 0.270635 -0.160000 0.150635
v -0.494124 -0.137089 0.162956
v -0.096293 -0.140000 0.168668
v -0.078346 -0.138792 0.163365
v -0.060284 -0.139924 0.164754
v 0.263146 -0.137690 0.164292
v 0.275848 -0.142331 0.152602
v -0.494032 -0.116801 0.163077
v 0.263921 -0.117993 0.167174
v 0.276045 -0.123418 0.156615
v -0.491342 -0.095201 0.164513
v 0.266764 -0.096579 0.166764
v 0.277555 -0.102020 0.157874
v -0.488749 -0.083185 0.154169
v 0.267126 -0.076450 0.167126
v 0.278261 -0.081393 0.158510
v -0.482390 -0.059231 0.159946
v 0.266777 -0.056709 0.166777
v 0.278231 -0.061358 0.158500
v -0.472261 -0.040000 0.163882
v 0.262704 -0.036625 0.167209
v 0.277023 -0.042163 0.157479
v -0.462169 -0.020030 0.159587
v 0.263312 -0.017777 0.162871
v 0.275988 -0.024492 0.154444
v -0.452679 -0.000000 0.163700
v 0.244879 0.005144 0.167862
v 0.259927 -0.000113 0.159940
v 0.271742 -0.003790 0.151742
v -0.437087 0.016923 0.159289
v -0.422679 0.024818 0.159849
v -0.095794 0.029118 0.169118
v -0.076123 0.023340 0.167769
v -0.057530 0.024672 0.167611
v -0.035073 0.029298 0.169298
v 0.225442 0.025451 0.168558
v 0.241673 0.021759 0.161257
v 0.256507 0.016344 0.155040
v -0.399023 0.037341 0.160199
v -0.376694 0.048208 0.162537
v -0.114369 0.045419 0.168668
v -0.097901 0.043119 0.162270
v -0.078875 0.041640 0.161053
v -0.058803 0.041582 0.160937
v -0.037082 0.043913 0.162458
v -0.016771 0.042392 0.166226
v 0.002036 0.043818 0.166765
v 0.020000 0.047288 0.167288
v 0.189525 0.049525 0.169525
v 0.204801 0.044438 0.167253
v 0.221957 0.041744 0.161434
v 0.236872 0.036908 0.155661
v 0.250964 0.030964 0.150964
v -0.360000 0.052632 0.156139
v -0.342085 0.056284 0.158041
v -0.321060 0.058000 0.158971
v -0.301200 0.057646 0.158857
v -0.280684 0.058670 0.158555
v -0.259714 0.059449 0.159174
v -0.238049 0.062007 0.161804
v -0.216796 0.066033 0.166033
v -0.195673 0.068527 0.168527
v -0.175587 0.068932 0.168932
v -0.156149 0.068102 0.168102
v -0.135224 0.064466 0.164394
v -0.120611 0.059509 0.159521
v -0.103816 0.056599 0.154834
v -0.083750 0.057186 0.152400
v -0.063879 0.057110 0.152336
v -0.042970 0.057886 0.154420
v -0.021646 0.057278 0.156762
v -0.002982 0.056115 0.156854
v 0.019591 0.058305 0.158629
v 0.042698 0.064776 0.162644
v 0.063522 0.067082 0.167082
v 0.083162 0.066685 0.166685
v 0.101780 0.063464 0.166792
v 0.123136 0.066127 0.166127
v 0.143368 0.066806 0.166806
v 0.164674 0.063958 0.166734
v 0.182967 0.062793 0.163711
v 0.200004 0.060004 0.160003
v 0.214618 0.054787 0.155324
v 0.230390 0.050390 0.150390
v -0.244740 0.071386 0.151386
v -0.221257 0.075605 0.155548
v -0.201858 0.078123 0.158030
v -0.181089 0.078793 0.158686
v -0.161478 0.078255 0.158023
v -0.143914 0.074989 0.156510
v -0.128083 0.071917 0.151917
v 0.020000 0.070841 0.150841
v 0.037690 0.075847 0.152625
v 0.057801 0.077329 0.155874
v 0.076999 0.076363 0.156188
v 0.096316 0.075427 0.155339
v 0.116856 0.076338 0.156577
v 0.138541 0.078262 0.158483
v 0.158569 0.078096 0.158427
v 0.177182 0.075860 0.156605
v 0.196640 0.072396 0.152395
v -0.411246 -0.331246 0.184065
v -0.397749 -0.335212 0.182218
v -0.378250 -0.336767 0.181702
v -0.357229 -0.335753 0.182761
v -0.340000 -0.333782 0.180000
v -0.434522 -0.314522 0.182627
v -0.423329 -0.322655 0.177839
v -0.408061 -0.328061 0.171939
v -0.320100 -0.320530 0.179506
v -0.454996 -0.295093 0.181374
v -0.442459 -0.306714 0.176757
v -0.302301 -0.300177 0.178332
v -0.472148 -0.272148 0.184583
v -0.466831 -0.283740 0.178028
v -0.291905 -0.280000 0.183398
v -0.289153 -0.280000 0.170847
v -0.479396 -0.258921 0.179870
v -0.277587 -0.265475 0.179515
v -0.263919 -0.256821 0.180160
v -0.481517 -0.239560 0.181368
v -0.240798 -0.238934 0.180258
v -0.480837 -0.219426 0.181272
v -0.221375 -0.218118 0.180437
v -0.480676 -0.200351 0.180577
v -0.206092 -0.200000 0.177032
v 0.040000 -0.200000 0.170636
v 0.059797 -0.196709 0.177051
v 0.080046 -0.200911 0.177384
v 0.099010 -0.202179 0.177028
v 0.120145 -0.199124 0.179379
v 0.140288 -0.198346 0.178862
v 0.160855 -0.196929 0.178113
v 0.176698 -0.200000 0.172512
v -0.484121 -0.181930 0.177926
v -0.196507 -0.182437 0.180495
v 0.021139 -0.179784 0.177616
v 0.040137 -0.180536 0.183053
v 0.055116 -0.184884 0.184322
v 0.168707 -0.180000 0.188707
v 0.183153 -0.180501 0.184821
v 0.200384 -0.179663 0.180097
v 0.211957 -0.180000 0.171957
v -0.490728 -0.153998 0.183295
v -0.487781 -0.167781 0.176182
v -0.186455 -0.163226 0.178505
v 0.000257 -0.159808 0.179204
v 0.015945 -0.164055 0.183713
v 0.205044 -0.157223 0.188279
v 0.219405 -0.160113 0.179090
v 0.232583 -0.160000 0.172583
v -0.493280 -0.136662 0.183752
v -0.176937 -0.141322 0.183063
v -0.161212 -0.136771 0.178203
v -0.140780 -0.140404 0.177415
v -0.121975 -0.141253 0.175684
v -0.107453 -0.140000 0.172547
v -0.040000 -0.140000 0.170503
v -0.020289 -0.140272 0.179288
v -0.004433 -0.144433 0.183840
v 0.222021 -0.137056 0.185245
v 0.237717 -0.141442 0.177632
v 0.251606 -0.140000 0.171606
v -0.492863 -0.116126 0.183971
v -0.170425 -0.120000 0.189575
v -0.154839 -0.116956 0.187478
v -0.136408 -0.115577 0.187672
v -0.117801 -0.117150 0.185038
v -0.100156 -0.119993 0.179863
v -0.084287 -0.122674 0.173630
v -0.063313 -0.120000 0.173322
v -0.040102 -0.120014 0.178745
v -0.019598 -0.120064 0.185945
v 0.227654 -0.116026 0.187654
v 0.241134 -0.120187 0.180746
v 0.253395 -0.123536 0.173395
v -0.491023 -0.100000 0.180000
v -0.111161 -0.095340 0.188839
v -0.097963 -0.097449 0.184817
v -0.079898 -0.099085 0.179686
v -0.059671 -0.099520 0.179623
v -0.038909 -0.099181 0.184487
v 0.229230 -0.095315 0.189230
v 0.242809 -0.097954 0.181923
v 0.257336 -0.103724 0.172813
v -0.488193 -0.083027 0.177334
v -0.096994 -0.076461 0.187045
v -0.079047 -0.079055 0.181882
v -0.058441 -0.078636 0.182733
v -0.035147 -0.075825 0.188457
v 0.229644 -0.075212 0.189644
v 0.243312 -0.077672 0.182307
v 0.257638 -0.083234 0.173645
v -0.481944 -0.059516 0.179707
v -0.097054 -0.056617 0.186911
v -0.078952 -0.058992 0.182071
v -0.058335 -0.058572 0.182957
v -0.035458 -0.056154 0.187972
v 0.229254 -0.055478 0.189254
v 0.242902 -0.058034 0.182073
v 0.257564 -0.063225 0.173501
v -0.471915 -0.040000 0.184281
v -0.097506 -0.037159 0.185903
v -0.078049 -0.036617 0.180687
v -0.059055 -0.039212 0.181696
v -0.036504 -0.037174 0.186171
v -0.020000 -0.030640 0.189360
v 0.228166 -0.036090 0.188166
v 0.241593 -0.038945 0.181166
v 0.256027 -0.045025 0.172929
v -0.460208 -0.020029 0.180178
v -0.111214 -0.015921 0.188786
v -0.096863 -0.016747 0.183231
v -0.081700 -0.020955 0.179202
v -0.059387 -0.021743 0.179269
v -0.038378 -0.018733 0.182910
v -0.015732 -0.016727 0.187584
v 0.000000 -0.010333 0.189667
v 0.224167 -0.015378 0.186855
v 0.239615 -0.020847 0.179731
v 0.252314 -0.023648 0.172314
v -0.451221 -0.000000 0.184783
v -0.116951 0.003248 0.187230
v -0.099570 0.000457 0.180231
v -0.082210 -0.002206 0.175106
v -0.062501 -0.002217 0.175030
v -0.040853 -0.002333 0.178431
v -0.020901 0.001511 0.181229
v 0.003863 0.002774 0.186711
v 0.020000 0.009211 0.189211
v 0.205421 0.005372 0.188451
v 0.222425 0.002512 0.181698
v 0.236990 -0.003152 0.176164
v 0.250186 -0.009814 0.170186
v -0.437479 0.018000 0.180268
v -0.420000 0.028950 0.184556
v -0.150727 0.029273 0.189273
v -0.135266 0.024646 0.187277
v -0.117725 0.022606 0.181522
v -0.102995 0.016941 0.176432
v -0.085578 0.014599 0.171487
v -0.064401 0.011263 0.171263
v -0.044064 0.016773 0.172443
v -0.022285 0.018227 0.175808
v -0.000808 0.018323 0.179423
v 0.022217 0.023365 0.183853
v 0.044759 0.028721 0.188721
v 0.169170 0.029170 0.189170
v 0.184641 0.024320 0.187031
v 0.202003 0.021757 0.181277
v 0.217423 0.017453 0.176657
v 0.231978 0.011978 0.171978
v -0.400123 0.037642 0.179437
v -0.380000 0.048442 0.184283
v -0.270349 0.049651 0.189651
v -0.256663 0.047207 0.183072
v -0.236824 0.043591 0.182384
v -0.217727 0.043271 0.184466
v -0.196152 0.042978 0.187605
v -0.176176 0.043275 0.188000
v -0.155853 0.043941 0.184716
v -0.137738 0.041746 0.181274
v -0.122083 0.037942 0.177520
v -0.107739 0.032261 0.172261
v -0.020000 0.031216 0.171216
v -0.003921 0.032526 0.172526
v 0.016869 0.037919 0.174223
v 0.040805 0.041829 0.181142
v 0.063314 0.042529 0.186437
v 0.083442 0.042828 0.187220
v 0.103129 0.044175 0.183357
v 0.123195 0.044145 0.183202
v 0.144124 0.043673 0.184747
v 0.162069 0.043130 0.182587
v 0.179336 0.039543 0.179649
v 0.196205 0.036391 0.175162
v 0.211776 0.031776 0.171776
v -0.364582 0.052224 0.175988
v -0.341967 0.056433 0.178193
v -0.321248 0.057575 0.178795
v -0.301394 0.057172 0.178604
v -0.282355 0.055095 0.177676
v -0.265398 0.051884 0.174777
v -0.244345 0.051421 0.171421
v -0.222063 0.056175 0.172947
v -0.202856 0.056757 0.177303
v -0.181360 0.058302 0.178621
v -0.161871 0.057366 0.177902
v -0.142977 0.057527 0.173305
v -0.128600 0.051400 0.171400
v 0.035064 0.051446 0.171446
v 0.057378 0.057264 0.175714
v 0.077480 0.056926 0.177322
v 0.094411 0.055247 0.175466
v 0.116376 0.057593 0.172961
v 0.137531 0.056478 0.175228
v 0.156498 0.057331 0.172727
v 0.176275 0.051865 0.171865
v -0.411914 -0.331914 0.204481
v -0.398788 -0.337417 0.201471
v -0.378770 -0.338042 0.201168
v -0.360000 -0.331901 0.204696
v -0.435249 -0.315146 0.201316
v -0.423771 -0.325079 0.195713
v -0.339346 -0.324225 0.199118
v -0.327693 -0.320000 0.192307
v -0.451781 -0.291781 0.204471
v -0.445325 -0.303600 0.195332
v -0.315335 -0.300105 0.202956
v -0.308259 -0.300000 0.191741
v -0.460578 -0.280704 0.199762
v -0.299526 -0.279901 0.199887
v -0.472014 -0.256422 0.200000
v -0.467878 -0.267878 0.200000
v -0.280417 -0.259138 0.199323
v -0.473716 -0.236910 0.203836
v -0.254775 -0.242518 0.202078
v -0.243416 -0.235411 0.196584
v -0.474858 -0.217578 0.203164
v -0.232174 -0.220000 0.207826
v -0.224841 -0.217204 0.197936
v -0.476935 -0.198641 0.201859
v -0.211554 -0.200000 0.203552
v -0.208378 -0.200000 0.191622
v -0.480955 -0.181616 0.200239
v -0.198726 -0.180456 0.200544
v 0.075097 -0.180000 0.191091
v 0.096216 -0.180000 0.192496
v 0.116203 -0.180000 0.192239
v 0.135889 -0.180000 0.191601
v 0.155384 -0.180000 0.190569
v -0.486385 -0.162773 0.196560
v -0.191939 -0.160000 0.208061
v -0.188659 -0.160000 0.196058
v 0.035411 -0.160000 0.192253
v 0.060776 -0.160200 0.198384
v 0.080157 -0.160269 0.201018
v 0.100179 -0.160564 0.201898
v 0.120171 -0.160639 0.202428
v 0.140039 -0.160610 0.202012
v 0.160437 -0.160208 0.200440
v 0.177921 -0.163188 0.195205
v 0.192302 -0.160000 0.192302
v -0.490293 -0.135176 0.200000
v -0.488638 -0.148638 0.200000
v -0.181661 -0.140078 0.198220
v 0.017175 -0.142918 0.192434
v 0.039951 -0.140045 0.200097
v 0.060515 -0.139438 0.204403
v 0.084072 -0.135705 0.207805
v 0.102806 -0.136733 0.208708
v 0.124517 -0.140000 0.209053
v 0.144090 -0.140000 0.208572
v 0.163272 -0.135989 0.207247
v 0.182177 -0.140490 0.201852
v 0.198261 -0.142473 0.195750
v 0.210714 -0.140000 0.190714
v -0.490332 -0.120000 0.200000
v -0.175098 -0.118545 0.202769
v 0.000000 -0.124663 0.192112
v 0.020358 -0.119223 0.199163
v 0.040329 -0.119746 0.203863
v 0.064621 -0.115469 0.208618
v 0.169550 -0.120000 0.209550
v 0.182832 -0.116529 0.206649
v 0.200285 -0.119995 0.200152
v 0.215579 -0.122409 0.192556
v -0.488686 -0.102990 0.196920
v -0.173125 -0.096371 0.206875
v -0.163716 -0.103540 0.196689
v -0.143219 -0.100000 0.193199
v -0.124289 -0.100000 0.190867
v -0.020000 -0.100000 0.190667
v -0.003168 -0.102962 0.194868
v 0.018866 -0.100033 0.201489
v 0.043806 -0.096415 0.207039
v 0.060000 -0.095151 0.209530
v 0.183545 -0.095757 0.208305
v 0.202047 -0.098592 0.201093
v 0.217636 -0.103135 0.194076
v -0.485641 -0.083108 0.196933
v -0.170996 -0.075423 0.209004
v -0.158042 -0.080474 0.201289
v -0.141302 -0.081604 0.197183
v -0.123048 -0.083632 0.193382
v -0.109284 -0.080000 0.190716
v -0.020000 -0.084171 0.192130
v 0.000461 -0.081298 0.197551
v 0.019601 -0.080565 0.202427
v 0.044094 -0.076278 0.207547
v 0.060000 -0.070120 0.209880
v 0.187718 -0.076120 0.207718
v 0.203078 -0.077954 0.201727
v 0.218032 -0.082475 0.195161
v -0.479103 -0.060177 0.199401
v -0.170774 -0.055523 0.209226
v -0.158403 -0.058252 0.203586
v -0.141089 -0.060774 0.199714
v -0.122164 -0.062509 0.195178
v -0.108967 -0.064594 0.191033
v -0.020000 -0.063866 0.192181
v -0.001923 -0.061666 0.196623
v 0.018040 -0.060776 0.201344
v 0.043613 -0.056796 0.206631
v 0.060000 -0.055447 0.209397
v 0.183721 -0.055860 0.208524
v 0.203182 -0.057967 0.201892
v 0.218070 -0.062380 0.195228
v -0.469998 -0.040000 0.200000
v -0.172391 -0.036310 0.207609
v -0.158670 -0.038598 0.202907
v -0.141042 -0.040577 0.199666
v -0.122136 -0.042397 0.195167
v -0.109188 -0.044548 0.190812
v -0.020000 -0.044288 0.191144
v -0.002698 -0.042287 0.195249
v 0.019409 -0.039773 0.200331
v 0.042781 -0.037610 0.205114
v 0.064605 -0.035977 0.208572
v 0.169775 -0.030225 0.209775
v 0.183175 -0.036565 0.207246
v 0.201811 -0.038890 0.201097
v 0.217661 -0.042806 0.194208
v -0.458223 -0.020582 0.199883
v -0.177587 -0.017509 0.205747
v -0.157182 -0.018656 0.200938
v -0.142183 -0.022217 0.198565
v -0.122766 -0.023023 0.193699
v -0.109833 -0.029833 0.190167
v -0.002735 -0.024894 0.192528
v 0.018474 -0.021208 0.197316
v 0.039232 -0.017923 0.201395
v 0.063055 -0.017447 0.205695
v 0.084443 -0.016218 0.208471
v 0.104687 -0.010843 0.209157
v 0.124893 -0.010125 0.209875
v 0.144424 -0.010800 0.209200
v 0.163832 -0.016280 0.208297
v 0.182147 -0.017811 0.204864
v 0.199428 -0.020997 0.199704
v 0.216826 -0.023682 0.192187
v -0.444526 0.004128 0.204128
v -0.195804 0.004512 0.206816
v -0.178785 0.002455 0.201014
v -0.162098 -0.002150 0.199310
v -0.141784 -0.001806 0.196125
v -0.125081 -0.005432 0.191889
v 0.017465 -0.004530 0.192898
v 0.038387 -0.001226 0.197147
v 0.060552 0.002061 0.200721
v 0.081971 0.001621 0.203815
v 0.102710 0.002218 0.205311
v 0.122971 0.002504 0.205980
v 0.142629 0.002328 0.205487
v 0.162724 0.002624 0.202868
v 0.180014 0.000012 0.200007
v 0.196321 -0.003696 0.196003
v 0.211401 -0.008599 0.191401
v -0.437583 0.015504 0.197990
v -0.420000 0.028142 0.203555
v -0.216440 0.025074 0.203154
v -0.199565 0.020241 0.200163
v -0.181927 0.018145 0.197983
v -0.162416 0.017679 0.194826
v -0.143755 0.016374 0.191835
v -0.129912 0.010088 0.190088
v 0.037187 0.014940 0.191947
v 0.057456 0.018072 0.195414
v 0.079143 0.017975 0.198391
v 0.098168 0.017368 0.198662
v 0.118327 0.017611 0.198559
v 0.138795 0.018220 0.198945
v 0.157826 0.016461 0.197911
v 0.176936 0.017198 0.193154
v 0.191368 0.011368 0.191368
v -0.399476 0.037676 0.200089
v -0.376728 0.048601 0.205705
v -0.274819 0.048416 0.205708
v -0.256247 0.042102 0.202207
v -0.241926 0.037983 0.196454
v -0.224577 0.033205 0.195772
v -0.203356 0.033183 0.193183
v -0.183428 0.032960 0.192960
v -0.164126 0.031224 0.191224
v 0.060000 0.031207 0.191207
v 0.075946 0.032270 0.192270
v 0.095950 0.031750 0.191750
v 0.115626 0.031164 0.191164
v 0.135855 0.031892 0.191892
v 0.155700 0.031059 0.191059
v -0.363835 0.053571 0.196729
v -0.341175 0.057858 0.198890
v -0.321253 0.057505 0.198734
v -0.302063 0.055725 0.197917
v -0.283558 0.052162 0.196338
v -0.396938 -0.333476 0.220000
v -0.377262 -0.332487 0.223053
v -0.432839 -0.312839 0.220000
v -0.422032 -0.321647 0.219151
v -0.409312 -0.329311 0.220000
v -0.355160 -0.324065 0.224839
v -0.341866 -0.318217 0.218656
v -0.441739 -0.302194 0.219366
v -0.322400 -0.299262 0.218291
v -0.454829 -0.278074 0.223001
v -0.449550 -0.289550 0.220000
v -0.312266 -0.280000 0.227734
v -0.308460 -0.280000 0.216534
v -0.463723 -0.263376 0.217785
v -0.297305 -0.259428 0.223627
v -0.289861 -0.260000 0.210139
v -0.468111 -0.245522 0.216736
v -0.276461 -0.243838 0.223539
v -0.261541 -0.237744 0.220101
v -0.468064 -0.223947 0.220000
v -0.240236 -0.221060 0.220341
v -0.471178 -0.195996 0.220000
v -0.469229 -0.209229 0.220000
v -0.219120 -0.199975 0.220166
v -0.473880 -0.175672 0.222846
v -0.210967 -0.180000 0.229033
v -0.205930 -0.182577 0.216056
v -0.479326 -0.160022 0.219241
v -0.197981 -0.159908 0.221640
v -0.482044 -0.140012 0.220449
v -0.192396 -0.135884 0.227604
v -0.188075 -0.142951 0.214931
v -0.483024 -0.120382 0.220465
v -0.183002 -0.121725 0.217251
v 0.080000 -0.120000 0.210100
v 0.095541 -0.120000 0.211445
v 0.115691 -0.124638 0.211654
v 0.136127 -0.124321 0.212265
v 0.154112 -0.123274 0.211245
v -0.481536 -0.100294 0.220271
v -0.180784 -0.101033 0.218695
v 0.076946 -0.102932 0.211374
v 0.096532 -0.103504 0.213405
v 0.117514 -0.102579 0.215212
v 0.137658 -0.102509 0.215335
v 0.157062 -0.103301 0.213826
v 0.170935 -0.104803 0.210935
v -0.479814 -0.080224 0.219959
v -0.180055 -0.080059 0.219925
v 0.060000 -0.080000 0.210044
v 0.075817 -0.083963 0.212247
v 0.097127 -0.082790 0.214558
v 0.118028 -0.081934 0.216213
v 0.138296 -0.081738 0.216600
v 0.157603 -0.082573 0.214971
v 0.174715 -0.082689 0.211462
v -0.474842 -0.060499 0.219551
v -0.190116 -0.050116 0.229884
v -0.180604 -0.060531 0.219310
v 0.075726 -0.063915 0.212087
v 0.097127 -0.062698 0.214561
v 0.117980 -0.061938 0.216105
v 0.138207 -0.061772 0.216435
v 0.157541 -0.062566 0.214830
v 0.174657 -0.065966 0.211344
v -0.468231 -0.040000 0.215558
v -0.191991 -0.036310 0.228009
v -0.182690 -0.042072 0.217157
v 0.076842 -0.045873 0.211228
v 0.096526 -0.043167 0.213449
v 0.117390 -0.042445 0.214955
v 0.137564 -0.042350 0.215134
v 0.156941 -0.043098 0.213568
v 0.171039 -0.044335 0.211039
v -0.457757 -0.022821 0.220021
v -0.195579 -0.016551 0.223305
v -0.185410 -0.026027 0.214456
v 0.080000 -0.029882 0.210118
v 0.097068 -0.025548 0.211465
v 0.116215 -0.023410 0.212677
v 0.136285 -0.023482 0.212508
v 0.154294 -0.025552 0.211393
v -0.441382 -0.000697 0.219884
v -0.210977 0.009023 0.224035
v -0.201063 -0.001431 0.218711
v -0.189707 -0.009707 0.210293
v -0.420144 0.021410 0.220515
v -0.231740 0.028260 0.223772
v -0.219876 0.020120 0.220196
v -0.207946 0.012054 0.212053
v -0.403010 0.032380 0.215013
v -0.379198 0.043844 0.221712
v -0.360000 0.049602 0.229602
v -0.290345 0.049655 0.229655
v -0.276923 0.047105 0.223301
v -0.258975 0.040625 0.221517
v -0.242292 0.034540 0.217437
v -0.229990 0.030010 0.210010
v -0.360000 0.052040 0.216385
v -0.342675 0.055141 0.217805
v -0.321925 0.056181 0.218207
v -0.302699 0.054272 0.217257
v -0.288656 0.051344 0.215839
v -0.415963 -0.313393 0.242548
v -0.400756 -0.322489 0.240673
v -0.381528 -0.325493 0.239935
v -0.360209 -0.321479 0.239798
v -0.340000 -0.310255 0.240000
v -0.436583 -0.296361 0.241170
v -0.428219 -0.308219 0.235220
v -0.331099 -0.300000 0.248901
v -0.328242 -0.300000 0.236377
v -0.451639 -0.271639 0.244710
v -0.446935 -0.284082 0.237733
v -0.316665 -0.282652 0.241620
v -0.459150 -0.258920 0.239780
v -0.303456 -0.260030 0.239841
v -0.464039 -0.241851 0.237740
v -0.292301 -0.240000 0.247699
v -0.282809 -0.238652 0.236993
v -0.464542 -0.222239 0.237429
v -0.258677 -0.220722 0.242820
v -0.247631 -0.220000 0.232369
v -0.463909 -0.201864 0.237646
v -0.235218 -0.200066 0.242893
v -0.227355 -0.200000 0.232645
v -0.465526 -0.182347 0.236404
v -0.218701 -0.178340 0.242212
v -0.467005 -0.163207 0.240000
v -0.212464 -0.155748 0.247536
v -0.206936 -0.162427 0.235888
v -0.471258 -0.134315 0.243005
v -0.469501 -0.149501 0.240000
v -0.200935 -0.140752 0.238314
v -0.471975 -0.115728 0.244419
v -0.197226 -0.118521 0.242418
v -0.189787 -0.120000 0.230213
v -0.471279 -0.097132 0.243316
v -0.193858 -0.096877 0.242464
v -0.188548 -0.104458 0.231452
v -0.470265 -0.080000 0.240000
v -0.193551 -0.076891 0.242664
v -0.187965 -0.084025 0.232035
v -0.465356 -0.059757 0.243131
v -0.195276 -0.057792 0.241966
v -0.188808 -0.064273 0.231192
v -0.462694 -0.040268 0.239581
v -0.198990 -0.037780 0.241947
v -0.455928 -0.024566 0.235434
v -0.440000 -0.010833 0.249167
v -0.210615 -0.010615 0.249385
v -0.201497 -0.021267 0.237778
v -0.437691 -0.004152 0.238249
v -0.420000 0.008962 0.248962
v -0.215801 0.002773 0.242885
v -0.207341 -0.004571 0.235245
v -0.416977 0.015781 0.238294
v -0.400000 0.027386 0.243427
v -0.250692 0.029308 0.249308
v -0.236780 0.022615 0.241883
v -0.222856 0.015291 0.236862
v -0.400000 0.030190 0.230190
v -0.379979 0.039951 0.239982
v -0.355432 0.048174 0.243734
v -0.294844 0.048180 0.245462
v -0.276580 0.043364 0.243542
v -0.262541 0.038496 0.238549
v -0.245572 0.031114 0.234165
v -0.342767 0.052383 0.234963
v -0.323387 0.053387 0.236909
v -0.303988 0.051445 0.236025
v -0.396620 -0.312366 0.260000
v -0.378127 -0.316512 0.257234
v -0.360000 -0.312337 0.260000
v -0.430061 -0.290061 0.260000
v -0.419366 -0.298113 0.261275
v -0.407483 -0.307483 0.260000
v -0.339721 -0.302446 0.260921
v -0.439531 -0.279620 0.260608
v -0.316319 -0.279030 0.260845
v -0.453616 -0.256074 0.262287
v -0.448238 -0.268238 0.260000
v -0.303679 -0.258648 0.258711
v -0.460207 -0.239729 0.260601
v -0.292782 -0.240000 0.264208
v -0.462882 -0.221414 0.258489
v -0.277501 -0.222863 0.259171
v -0.263856 -0.215635 0.256144
v -0.461576 -0.200807 0.259182
v -0.242636 -0.198276 0.256651
v -0.459534 -0.181012 0.259892
v -0.231342 -0.180000 0.263769
v -0.226846 -0.180000 0.253154
v -0.460979 -0.162250 0.259400
v -0.221571 -0.160012 0.258829
v -0.470198 -0.130198 0.269802
v -0.467419 -0.143346 0.255721
v -0.214298 -0.136633 0.262211
v -0.209028 -0.140000 0.250972
v -0.471233 -0.120000 0.268767
v -0.469305 -0.124393 0.260000
v -0.210881 -0.120000 0.269119
v -0.206101 -0.122054 0.256317
v -0.467592 -0.104042 0.260000
v -0.201652 -0.102306 0.257075
v -0.461100 -0.079716 0.260669
v -0.199884 -0.079503 0.260289
v -0.456610 -0.060031 0.258742
v -0.200535 -0.060633 0.258911
v -0.451181 -0.040000 0.260000
v -0.202610 -0.042884 0.257174
v -0.440981 -0.018558 0.261782
v -0.212470 -0.015540 0.265200
v -0.207534 -0.023271 0.256688
v -0.422223 0.001349 0.260768
v -0.231784 0.008216 0.263793
v -0.220982 -0.001136 0.258613
v -0.400655 0.023461 0.261081
v -0.252118 0.027882 0.263675
v -0.241324 0.018776 0.258071
v -0.228662 0.011338 0.251338
v -0.379506 0.036239 0.260048
v -0.357345 0.044549 0.262313
v -0.336712 0.049565 0.263217
v -0.310560 0.049440 0.264677
v -0.297047 0.046893 0.263330
v -0.278272 0.041005 0.262127
v -0.261856 0.035336 0.257812
v -0.340000 0.050715 0.250715
v -0.322869 0.051315 0.254389
v -0.309458 0.050542 0.250542
v -0.397458 -0.296490 0.280740
v -0.381516 -0.301909 0.279388
v -0.360017 -0.300944 0.279625
v -0.342956 -0.297303 0.277044
v -0.431839 -0.271839 0.280000
v -0.419246 -0.280806 0.281660
v -0.409696 -0.289696 0.280000
v -0.319823 -0.280007 0.280164
v -0.441700 -0.261084 0.279471
v -0.302488 -0.256348 0.280537
v -0.454603 -0.236486 0.282167
v -0.449651 -0.249651 0.280000
v -0.290090 -0.240000 0.280000
v -0.280000 -0.232457 0.287543
v -0.459619 -0.219056 0.279781
v -0.275532 -0.224035 0.280740
v -0.461168 -0.200586 0.281304
v -0.257090 -0.205843 0.276865
v -0.249404 -0.200000 0.270596
v -0.463875 -0.181873 0.278209
v -0.236399 -0.180697 0.279948
v -0.465266 -0.162526 0.277714
v -0.227962 -0.163209 0.274629
v -0.471700 -0.134569 0.285468
v -0.468121 -0.143662 0.276301
v -0.222391 -0.139823 0.277549
v -0.472954 -0.115948 0.283339
v -0.215407 -0.117388 0.281887
v -0.470358 -0.100000 0.289642
v -0.468701 -0.102943 0.274452
v -0.211091 -0.095013 0.288909
v -0.208619 -0.102970 0.274604
v -0.457864 -0.079750 0.280519
v -0.205727 -0.083127 0.277569
v -0.448101 -0.060000 0.280000
v -0.204453 -0.062268 0.278014
v -0.442017 -0.040173 0.279543
v -0.205929 -0.042818 0.277217
v -0.436780 -0.023143 0.276857
v -0.212047 -0.014821 0.283301
v -0.208508 -0.028508 0.275927
v -0.417193 -0.002412 0.280683
v -0.235631 0.007320 0.285181
v -0.223112 -0.003420 0.277438
v -0.400088 0.020809 0.280980
v -0.272238 0.027762 0.287762
v -0.256805 0.022479 0.283251
v -0.242977 0.015447 0.276590
v -0.377390 0.037044 0.281179
v -0.360957 0.044528 0.282414
v -0.340000 0.049616 0.280000
v -0.310782 0.049218 0.280000
v -0.294986 0.044276 0.283866
v -0.282625 0.038337 0.278387
v -0.265243 0.031590 0.274560
v -0.323779 0.052783 0.278357
v -0.410281 -0.270281 0.300000
v -0.397729 -0.278241 0.300643
v -0.379367 -0.282593 0.303357
v -0.359945 -0.283376 0.303744
v -0.339387 -0.281900 0.299887
v -0.323449 -0.275557 0.296551
v -0.431902 -0.251902 0.300000
v -0.419812 -0.261139 0.301333
v -0.311484 -0.260000 0.308516
v -0.305297 -0.257025 0.297701
v -0.441569 -0.240949 0.299311
v -0.282392 -0.238460 0.299434
v -0.452037 -0.214811 0.303202
v -0.448473 -0.228473 0.300000
v -0.262373 -0.213853 0.303164
v -0.458337 -0.198535 0.301059
v -0.250459 -0.200000 0.309541
v -0.260000 -0.209350 0.290650
v -0.249351 -0.200000 0.295014
v -0.465400 -0.182347 0.297330
v -0.237589 -0.180679 0.300195
v -0.471612 -0.156166 0.304298
v -0.469183 -0.166081 0.293956
v -0.232099 -0.160000 0.303783
v -0.229649 -0.160000 0.290351
v -0.473353 -0.136776 0.303312
v -0.469930 -0.149930 0.290070
v -0.227754 -0.144314 0.296498
v -0.474234 -0.116737 0.302870
v -0.222726 -0.121509 0.297018
v -0.471129 -0.100000 0.304332
v -0.216711 -0.099956 0.301645
v -0.458840 -0.079785 0.300674
v -0.210324 -0.080000 0.300000
v -0.208417 -0.080000 0.291583
v -0.443189 -0.055393 0.300685
v -0.204328 -0.061349 0.299060
v -0.435297 -0.042971 0.299454
v -0.199477 -0.039967 0.300638
v -0.422996 -0.019557 0.299349
v -0.199968 -0.019702 0.300502
v -0.415050 -0.004759 0.295241
v -0.400000 0.009884 0.309884
v -0.236222 0.007714 0.304349
v -0.220396 -0.000550 0.299891
v -0.203872 -0.003872 0.304785
v -0.396622 0.017271 0.300702
v -0.275939 0.024130 0.303153
v -0.262652 0.016449 0.297354
v -0.248435 0.011565 0.296383
v -0.376132 0.038415 0.302197
v -0.369579 0.040000 0.300000
v -0.291721 0.048279 0.300000
v -0.284208 0.036074 0.297268
v -0.357470 0.059216 0.302324
v -0.342938 0.060000 0.293011
v -0.329339 0.060000 0.290661
v -0.299267 0.061159 0.299982
v -0.353110 0.083829 0.306890
v -0.340228 0.079933 0.299814
v -0.319695 0.080086 0.299061
v -0.303730 0.076270 0.303821
v -0.336512 0.104049 0.307069
v -0.320000 0.103879 0.306753
v -0.397477 -0.258407 0.319180
v -0.379649 -0.262385 0.322503
v -0.360013 -0.264141 0.323877
v -0.340460 -0.263523 0.323134
v -0.320786 -0.259712 0.319664
v -0.430002 -0.230002 0.320000
v -0.420011 -0.240008 0.319958
v -0.408949 -0.248949 0.320000
v -0.297231 -0.245556 0.319588
v -0.282365 -0.238239 0.320072
v -0.439035 -0.220326 0.318837
v -0.262187 -0.216673 0.320459
v -0.453091 -0.193091 0.320000
v -0.448001 -0.203248 0.320000
v -0.251351 -0.200000 0.324149
v -0.460193 -0.180285 0.319866
v -0.239928 -0.180031 0.320676
v -0.472019 -0.152019 0.320000
v -0.468302 -0.165063 0.317276
v -0.232152 -0.155523 0.323903
v -0.472952 -0.134977 0.323014
v -0.228218 -0.143246 0.314287
v -0.472106 -0.115820 0.324603
v -0.223295 -0.121828 0.318340
v -0.470778 -0.100000 0.320000
v -0.218251 -0.101256 0.319750
v -0.463815 -0.079861 0.319146
v -0.209842 -0.080000 0.315129
v -0.451588 -0.060000 0.320000
v -0.448697 -0.060000 0.311303
v -0.197937 -0.061690 0.319155
v -0.434894 -0.042775 0.322647
v -0.179234 -0.040211 0.320084
v -0.419577 -0.020001 0.319520
v -0.180000 -0.023346 0.312687
v -0.159577 -0.016341 0.325138
v -0.403573 0.003292 0.319512
v -0.250325 0.009675 0.320000
v -0.260000 0.008696 0.328696
v -0.240000 0.009050 0.320000
v -0.180168 0.001715 0.316484
v -0.161662 -0.000041 0.324308
v -0.388394 0.020000 0.320000
v -0.279245 0.020930 0.321007
v -0.263582 0.011796 0.316184
v -0.249373 0.010627 0.310627
v -0.224762 0.010569 0.320000
v -0.199554 0.014648 0.323049
v -0.179665 0.017271 0.326091
v -0.377996 0.039589 0.320137
v -0.286583 0.037273 0.316690
v -0.372002 0.062382 0.324717
v -0.366192 0.060000 0.313808
v -0.290331 0.069669 0.320000
v -0.289020 0.054094 0.316894
v -0.370567 0.080000 0.329433
v -0.362350 0.077101 0.316743
v -0.291473 0.085716 0.323260
v -0.359682 0.099980 0.320338
v -0.349829 0.100000 0.310171
v -0.298621 0.100028 0.318719
v -0.357169 0.122698 0.324832
v -0.344633 0.117464 0.312440
v -0.324496 0.120000 0.310957
v -0.300794 0.119135 0.320999
v -0.353334 0.143627 0.326666
v -0.342474 0.139312 0.318298
v -0.319261 0.139215 0.317170
v -0.303856 0.136144 0.324259
v -0.350625 0.164918 0.329375
v -0.338202 0.162022 0.323614
v -0.320422 0.157514 0.322182
v -0.337451 0.182920 0.327886
v -0.320000 0.180000 0.327921
v -0.396111 -0.236111 0.336003
v -0.378979 -0.240144 0.338985
v -0.359101 -0.239118 0.342425
v -0.338767 -0.238745 0.343964
v -0.317949 -0.239029 0.342640
v -0.299447 -0.237894 0.337802
v -0.418375 -0.215395 0.338137
v -0.401207 -0.220500 0.343408
v -0.276365 -0.224701 0.343635
v -0.263688 -0.217710 0.338592
v -0.434895 -0.198163 0.337367
v -0.422730 -0.202730 0.343112
v -0.252373 -0.200000 0.343393
v -0.450161 -0.170161 0.340000
v -0.440692 -0.181356 0.341838
v -0.240452 -0.180166 0.339772
v -0.458463 -0.157567 0.338983
v -0.232561 -0.155956 0.343094
v -0.463775 -0.140608 0.339589
v -0.231312 -0.135430 0.348688
v -0.228266 -0.140000 0.336014
v -0.464082 -0.119660 0.344507
v -0.225196 -0.122872 0.337540
v -0.464862 -0.100260 0.341364
v -0.220368 -0.100004 0.339098
v -0.459935 -0.079954 0.340279
v -0.211296 -0.080000 0.348704
v -0.204732 -0.075179 0.340156
v -0.440806 -0.056426 0.342004
v -0.200000 -0.069526 0.330474
v -0.182566 -0.056105 0.341738
v -0.435807 -0.044388 0.335612
v -0.420000 -0.031830 0.348170
v -0.180000 -0.049693 0.330307
v -0.159843 -0.038035 0.342750
v -0.418408 -0.023426 0.338363
v -0.400000 -0.010032 0.349968
v -0.160000 -0.029518 0.330482
v -0.139993 -0.018208 0.341443
v -0.398031 -0.000063 0.339892
v -0.290459 0.009541 0.349541
v -0.278015 0.004450 0.343604
v -0.255698 0.007012 0.343404
v -0.135450 0.000971 0.337504
v -0.120000 0.003011 0.346271
v -0.387507 0.020000 0.335782
v -0.292194 0.024064 0.347806
v -0.285276 0.016339 0.336448
v -0.269393 0.010607 0.330607
v -0.242841 0.011459 0.334112
v -0.219563 0.018700 0.340544
v -0.200138 0.023272 0.338670
v -0.175037 0.029194 0.340000
v -0.157030 0.026243 0.337177
v -0.140300 0.019670 0.338320
v -0.120000 0.020000 0.346948
v -0.379906 0.039927 0.340734
v -0.291090 0.044793 0.348910
v -0.288685 0.035839 0.336108
v -0.374654 0.062995 0.342930
v -0.288402 0.055832 0.335837
v -0.372986 0.083552 0.343911
v -0.288478 0.075887 0.335418
v -0.371366 0.104651 0.344391
v -0.368881 0.095268 0.331119
v -0.288340 0.095950 0.340000
v -0.367163 0.117847 0.335989
v -0.290558 0.124576 0.340000
v -0.289330 0.110670 0.340000
v -0.364140 0.137795 0.337094
v -0.292345 0.143665 0.340000
v -0.362319 0.157867 0.337554
v -0.295768 0.160465 0.340111
v -0.361413 0.178737 0.338547
v -0.349576 0.180000 0.330424
v -0.300092 0.179923 0.339817
v -0.358792 0.199599 0.340352
v -0.345122 0.197326 0.331821
v -0.321965 0.197684 0.333091
v -0.304681 0.198041 0.342668
v -0.353805 0.221676 0.343134
v -0.342347 0.217037 0.334610
v -0.319484 0.220775 0.339793
v -0.352329 0.244172 0.347671
v -0.340267 0.240071 0.339372
v -0.322855 0.239639 0.344252
v -0.335851 0.264875 0.347887
v -0.380000 -0.220000 0.351131
v -0.363459 -0.220000 0.353629
v -0.341658 -0.216697 0.356798
v -0.321497 -0.216701 0.357024
v -0.302444 -0.220000 0.354894
v -0.283709 -0.220000 0.351322
v -0.400374 -0.197203 0.355059
v -0.380082 -0.200017 0.360203
v -0.359503 -0.200518 0.362722
v -0.339585 -0.199157 0.364431
v -0.319993 -0.199521 0.364148
v -0.300282 -0.201404 0.362724
v -0.279414 -0.200593 0.360857
v -0.262888 -0.201973 0.355130
v -0.417464 -0.180571 0.355181
v -0.400324 -0.180278 0.361657
v -0.377346 -0.176990 0.367948
v -0.360000 -0.180000 0.369855
v -0.295631 -0.180000 0.369304
v -0.276688 -0.175882 0.367425
v -0.258314 -0.180537 0.361867
v -0.247946 -0.184985 0.352054
v -0.440000 -0.160000 0.352058
v -0.420061 -0.160232 0.360788
v -0.396782 -0.156970 0.368828
v -0.270361 -0.160000 0.369639
v -0.257154 -0.156356 0.366800
v -0.243339 -0.162138 0.358427
v -0.439206 -0.139740 0.357330
v -0.418636 -0.138932 0.365239
v -0.252163 -0.135942 0.367837
v -0.239616 -0.140357 0.360365
v -0.440011 -0.119116 0.360079
v -0.415114 -0.115761 0.368468
v -0.250710 -0.115187 0.369290
v -0.238207 -0.118480 0.361616
v -0.229549 -0.120000 0.350451
v -0.439961 -0.099990 0.359769
v -0.415370 -0.096180 0.368065
v -0.236714 -0.096903 0.364857
v -0.227634 -0.104079 0.352366
v -0.439624 -0.082281 0.356826
v -0.416790 -0.077471 0.365530
v -0.400000 -0.070419 0.369581
v -0.219983 -0.079897 0.360062
v -0.440000 -0.067557 0.352443
v -0.420602 -0.059938 0.360663
v -0.396998 -0.054811 0.367830
v -0.200000 -0.068874 0.360000
v -0.180371 -0.056743 0.360012
v -0.420000 -0.042134 0.354322
v -0.399764 -0.037337 0.362434
v -0.380000 -0.030816 0.369184
v -0.300000 -0.030023 0.369977
v -0.158408 -0.043386 0.359441
v -0.140000 -0.031944 0.363400
v -0.397871 -0.019784 0.357413
v -0.380000 -0.016225 0.367341
v -0.311032 -0.015937 0.368968
v -0.296486 -0.017185 0.366866
v -0.276684 -0.014915 0.367997
v -0.140000 -0.027164 0.352836
v -0.120240 -0.017829 0.362672
v -0.381783 0.002223 0.364003
v -0.311451 0.004523 0.368549
v -0.299872 0.000742 0.360092
v -0.283789 -0.005419 0.357157
v -0.260074 -0.000178 0.359819
v -0.120000 -0.008886 0.351114
v -0.099360 0.000743 0.361087
v -0.080000 0.008955 0.368955
v -0.382465 0.018924 0.359479
v -0.300309 0.020177 0.359686
v -0.240000 0.011900 0.356127
v -0.221000 0.022486 0.359644
v -0.100025 0.019152 0.356210
v -0.076833 0.025217 0.367015
v -0.380309 0.040433 0.360131
v -0.297654 0.041317 0.361989
v -0.195311 0.036150 0.364689
v -0.180053 0.039531 0.359832
v -0.159999 0.042838 0.356565
v -0.140329 0.043879 0.355658
v -0.120228 0.040580 0.356556
v -0.100895 0.039613 0.361513
v -0.080000 0.040000 0.367707
v -0.378255 0.062757 0.362411
v -0.292515 0.062670 0.364740
v -0.289739 0.060000 0.350261
v -0.374675 0.082682 0.361916
v -0.288357 0.075532 0.356092
v -0.371440 0.102959 0.365270
v -0.286275 0.096828 0.356754
v -0.370659 0.120000 0.369341
v -0.369348 0.116874 0.356749
v -0.285920 0.117133 0.356686
v -0.367876 0.135865 0.355901
v -0.286707 0.136806 0.356039
v -0.365795 0.156967 0.356970
v -0.287129 0.154964 0.356978
v -0.362832 0.180042 0.360109
v -0.287714 0.176364 0.360000
v -0.360212 0.200286 0.359414
v -0.291918 0.205386 0.363209
v -0.289739 0.190260 0.360000
v -0.356284 0.222023 0.362109
v -0.298597 0.220700 0.359729
v -0.352484 0.244118 0.364210
v -0.302956 0.238751 0.362529
v -0.350424 0.260000 0.360000
v -0.349251 0.260000 0.350749
v -0.314622 0.262451 0.357092
v -0.308682 0.251318 0.360000
v -0.342974 0.279632 0.357839
v -0.317953 0.281055 0.358824
v -0.334047 0.300000 0.365953
v -0.322338 0.297489 0.363165
v -0.344726 -0.180000 0.370878
v -0.324370 -0.180000 0.371266
v -0.309491 -0.180000 0.370509
v -0.380000 -0.160000 0.371952
v -0.363810 -0.164039 0.373055
v -0.342427 -0.162674 0.375362
v -0.322243 -0.162578 0.375515
v -0.302875 -0.163413 0.374004
v -0.285440 -0.163048 0.371801
v -0.400000 -0.140000 0.370917
v -0.383676 -0.143570 0.373514
v -0.361778 -0.141792 0.376700
v -0.340925 -0.140954 0.378223
v -0.320962 -0.141025 0.378070
v -0.301452 -0.141604 0.376988
v -0.282464 -0.142864 0.374680
v -0.265619 -0.143005 0.371133
v -0.400000 -0.124033 0.372305
v -0.382366 -0.122226 0.375776
v -0.361014 -0.120994 0.378089
v -0.340522 -0.120520 0.378984
v -0.320689 -0.120705 0.378610
v -0.301208 -0.121256 0.377515
v -0.281954 -0.122111 0.375863
v -0.263377 -0.123927 0.372443
v -0.400000 -0.103674 0.372663
v -0.382135 -0.101920 0.376168
v -0.360763 -0.100728 0.378552
v -0.340577 -0.100571 0.378863
v -0.320814 -0.100819 0.378351
v -0.301174 -0.101200 0.377595
v -0.281803 -0.101892 0.376244
v -0.262943 -0.103301 0.373540
v -0.249891 -0.100000 0.370109
v -0.400000 -0.084153 0.371289
v -0.382924 -0.082489 0.374771
v -0.361210 -0.081099 0.377728
v -0.340909 -0.080882 0.378199
v -0.321280 -0.081277 0.377390
v -0.301642 -0.081628 0.376656
v -0.281893 -0.081909 0.376128
v -0.260058 -0.080223 0.376271
v -0.240607 -0.077591 0.376323
v -0.229247 -0.080000 0.370753
v -0.384311 -0.063493 0.372425
v -0.362219 -0.061950 0.375880
v -0.341628 -0.061538 0.376794
v -0.322033 -0.062008 0.375822
v -0.302521 -0.062459 0.374849
v -0.280103 -0.060029 0.376576
v -0.260846 -0.060806 0.380793
v -0.240000 -0.060000 0.388381
v -0.220000 -0.068896 0.380000
v -0.199086 -0.062056 0.381244
v -0.184840 -0.055167 0.375160
v -0.380000 -0.044170 0.370998
v -0.363126 -0.042626 0.374388
v -0.342157 -0.042052 0.375782
v -0.322887 -0.042910 0.373952
v -0.303629 -0.043526 0.372525
v -0.280470 -0.042079 0.375586
v -0.260000 -0.035412 0.388878
v -0.159895 -0.040012 0.380108
v -0.135770 -0.033461 0.380000
v -0.363892 -0.022963 0.373536
v -0.341618 -0.021549 0.376920
v -0.323194 -0.023470 0.372957
v -0.309444 -0.029444 0.370556
v -0.284349 -0.028284 0.371716
v -0.263069 -0.019418 0.382343
v -0.122952 -0.026774 0.375461
v -0.102676 -0.015830 0.382510
v -0.359991 -0.000014 0.380129
v -0.339297 -0.001147 0.381915
v -0.322189 -0.002766 0.374634
v -0.260000 -0.006372 0.373628
v -0.243087 0.004901 0.382159
v -0.100000 -0.009144 0.370856
v -0.080900 -0.002675 0.378555
v -0.060000 0.006796 0.386796
v -0.372567 0.027433 0.380000
v -0.361760 0.018127 0.384329
v -0.331872 0.020000 0.388128
v -0.319996 0.020002 0.380005
v -0.309809 0.020000 0.370191
v -0.240000 0.010612 0.370612
v -0.223073 0.022082 0.379364
v -0.060980 0.016981 0.375887
v -0.037430 0.023994 0.386999
v -0.374963 0.043470 0.382301
v -0.312501 0.042565 0.384335
v -0.306408 0.036476 0.373592
v -0.201229 0.036970 0.378800
v -0.180000 0.048524 0.380000
v -0.060046 0.040692 0.374905
v -0.040355 0.040217 0.381767
v -0.379700 0.059037 0.378709
v -0.300391 0.059525 0.379294
v -0.160293 0.054912 0.379041
v -0.139791 0.061844 0.380754
v -0.120167 0.062312 0.377229
v -0.100232 0.062396 0.377380
v -0.080448 0.059017 0.378419
v -0.059935 0.057256 0.381952
v -0.040000 0.060000 0.388265
v -0.381612 0.079208 0.377937
v -0.293091 0.083950 0.382805
v -0.289892 0.080000 0.370108
v -0.381463 0.098109 0.377518
v -0.290744 0.100000 0.389256
v -0.287199 0.097532 0.375319
v -0.378346 0.120894 0.382340
v -0.284159 0.117770 0.377961
v -0.372365 0.140000 0.387635
v -0.366859 0.137672 0.375538
v -0.282478 0.138749 0.378665
v -0.361315 0.160703 0.379341
v -0.282523 0.158757 0.378594
v -0.358861 0.179796 0.379730
v -0.283664 0.178264 0.377907
v -0.355113 0.202660 0.382343
v -0.285503 0.197537 0.376672
v -0.351779 0.224469 0.384052
v -0.290336 0.229664 0.380000
v -0.287484 0.216612 0.380000
v -0.349639 0.240000 0.380000
v -0.292389 0.243399 0.384455
v -0.347758 0.257334 0.377208
v -0.298892 0.260735 0.379489
v -0.344574 0.277439 0.377522
v -0.303206 0.280077 0.380103
v -0.339368 0.299716 0.379847
v -0.305617 0.297380 0.380000
v -0.332558 0.320000 0.387442
v -0.321225 0.320373 0.377241
v -0.307628 0.312372 0.380000
v -0.230809 -0.050808 0.400000
v -0.220790 -0.057086 0.395997
v -0.199897 -0.055521 0.397460
v -0.240080 -0.040427 0.402647
v -0.180000 -0.049143 0.395039
v -0.164081 -0.036704 0.399521
v -0.244789 -0.020211 0.404503
v -0.140311 -0.018717 0.399813
v -0.119278 -0.017198 0.397388
v -0.104530 -0.015728 0.395470
v -0.239798 0.000129 0.399964
v -0.110340 -0.000000 0.409660
v -0.096836 -0.000000 0.406977
v -0.080878 -0.002766 0.400344
v -0.061814 0.001127 0.398526
v -0.340000 0.020000 0.391752
v -0.219040 0.021599 0.400691
v -0.038905 0.016348 0.399920
v -0.020000 0.028830 0.400000
v -0.358153 0.040302 0.398854
v -0.338908 0.040247 0.402364
v -0.324133 0.037478 0.392750
v -0.200021 0.038026 0.399075
v -0.020000 0.036663 0.392188
v -0.003903 0.044603 0.404603
v -0.372475 0.062865 0.400000
v -0.363646 0.056354 0.404989
v -0.317716 0.062087 0.402578
v -0.308529 0.060000 0.391471
v -0.180000 0.050921 0.395142
v -0.159581 0.062086 0.399844
v -0.023184 0.057254 0.391742
v 0.000212 0.059912 0.399949
v -0.379316 0.080383 0.400215
v -0.312123 0.080000 0.407877
v -0.303160 0.078960 0.396306
v -0.140000 0.071382 0.400000
v -0.119879 0.076872 0.400895
v -0.099673 0.079638 0.399825
v -0.079519 0.081374 0.400431
v -0.059912 0.080022 0.399988
v -0.039940 0.078629 0.401327
v -0.020118 0.076966 0.402289
v 0.000097 0.076852 0.405487
v -0.383266 0.098443 0.398356
v -0.297744 0.099954 0.401683
v -0.385101 0.117463 0.397599
v -0.291760 0.124563 0.408240
v -0.287877 0.117295 0.395115
v -0.381998 0.140355 0.398356
v -0.284433 0.137555 0.398094
v -0.376477 0.161114 0.403594
v -0.368115 0.155240 0.391885
v -0.282607 0.158654 0.398757
v -0.370953 0.180000 0.409047
v -0.364338 0.177231 0.398694
v -0.281705 0.179146 0.399132
v -0.358804 0.199433 0.401135
v -0.281899 0.199077 0.398984
v -0.353734 0.223498 0.402797
v -0.283917 0.218213 0.397804
v -0.351318 0.240000 0.408682
v -0.349687 0.240000 0.395179
v -0.286636 0.235608 0.397519
v -0.346449 0.256458 0.396735
v -0.290663 0.264366 0.400000
v -0.288532 0.251468 0.400000
v -0.341049 0.281434 0.400458
v -0.292407 0.283590 0.404391
v -0.337127 0.299873 0.399697
v -0.296280 0.301812 0.400662
v -0.332232 0.320000 0.403996
v -0.298042 0.320047 0.399587
v -0.322123 0.339758 0.397731
v -0.299652 0.340245 0.399814
v -0.217526 -0.037526 0.416828
v -0.200632 -0.039880 0.420748
v -0.179838 -0.041415 0.419812
v -0.162574 -0.035919 0.419674
v -0.222471 -0.021718 0.422341
v -0.142199 -0.017990 0.419646
v -0.222789 0.001489 0.422296
v -0.120076 0.003221 0.419279
v -0.216696 0.017554 0.417554
v -0.200000 0.029531 0.429531
v -0.097597 0.016997 0.422403
v -0.080818 0.020443 0.419445
v -0.061654 0.022631 0.416489
v -0.048131 0.020000 0.411869
v -0.197577 0.036221 0.418369
v -0.180000 0.049031 0.424135
v -0.052432 0.040000 0.427568
v -0.039303 0.039348 0.422683
v -0.021884 0.040597 0.418055
v -0.009617 0.040000 0.410383
v -0.342373 0.062976 0.415987
v -0.329482 0.060000 0.410518
v -0.180000 0.050920 0.410920
v -0.159133 0.063867 0.420915
v 0.001873 0.057016 0.424431
v 0.015991 0.063812 0.420000
v -0.370329 0.089671 0.420000
v -0.359887 0.080306 0.421483
v -0.339118 0.079735 0.424389
v -0.322360 0.080575 0.418155
v -0.137249 0.076493 0.420801
v -0.120295 0.083999 0.421241
v -0.100000 0.089075 0.420000
v 0.024903 0.080382 0.418613
v -0.377472 0.100977 0.416820
v -0.315334 0.101504 0.424459
v -0.307475 0.095609 0.412525
v -0.084582 0.091499 0.420000
v -0.059113 0.095876 0.423022
v -0.039680 0.097219 0.423823
v -0.020017 0.098111 0.422109
v -0.000047 0.098718 0.421200
v 0.022402 0.101795 0.424534
v -0.380964 0.119747 0.421062
v -0.300691 0.119301 0.418973
v -0.385326 0.137412 0.417290
v -0.295685 0.142368 0.423237
v -0.288803 0.140000 0.411197
v -0.387274 0.156350 0.416665
v -0.292654 0.163948 0.427346
v -0.287784 0.157578 0.415388
v -0.381520 0.179071 0.417899
v -0.290546 0.180000 0.429454
v -0.285483 0.177056 0.417748
v -0.375510 0.201491 0.424220
v -0.366653 0.196169 0.413347
v -0.284011 0.197924 0.418220
v -0.360469 0.219281 0.419038
v -0.283731 0.218154 0.418212
v -0.353724 0.243643 0.422676
v -0.284505 0.237861 0.417663
v -0.350559 0.260000 0.429441
v -0.348018 0.257081 0.414718
v -0.286442 0.257016 0.416458
v -0.342338 0.280505 0.418918
v -0.287778 0.274743 0.417066
v -0.336454 0.302088 0.421733
v -0.288680 0.295821 0.420000
v -0.331489 0.320000 0.424227
v -0.289480 0.315358 0.420000
v -0.326550 0.336120 0.416617
v -0.290218 0.349782 0.420000
v -0.289780 0.335152 0.420000
v -0.316965 0.355598 0.418567
v -0.298014 0.362963 0.419017
v -0.170526 -0.030526 0.440000
v -0.200029 -0.018977 0.438967
v -0.182479 -0.025632 0.443216
v -0.160000 -0.029957 0.440000
v -0.140515 -0.022232 0.438021
v -0.202823 0.000039 0.442734
v -0.122003 -0.000589 0.440593
v -0.200387 0.020503 0.440289
v -0.102043 0.021958 0.438218
v -0.180741 0.042610 0.441823
v -0.079831 0.037962 0.442492
v -0.062058 0.042526 0.435013
v -0.159624 0.061485 0.440869
v -0.039088 0.058158 0.441482
v -0.018832 0.063457 0.437601
v -0.009686 0.060000 0.430314
v -0.137145 0.076638 0.438366
v -0.120000 0.086581 0.443173
v 0.001772 0.077651 0.444485
v 0.020154 0.081752 0.440441
v -0.355103 0.104897 0.436482
v -0.341119 0.099871 0.436207
v -0.327990 0.100000 0.432010
v -0.102927 0.093048 0.437640
v -0.079929 0.099877 0.440046
v -0.060342 0.102906 0.438372
v -0.035447 0.108197 0.440000
v 0.040876 0.099915 0.440143
v -0.371162 0.128838 0.440000
v -0.360536 0.119657 0.441750
v -0.336024 0.122343 0.446197
v -0.321399 0.119657 0.438197
v -0.309793 0.120000 0.430207
v -0.015046 0.115466 0.444954
v -0.000404 0.117657 0.442372
v 0.017696 0.119363 0.437880
v 0.041607 0.121117 0.439849
v -0.377076 0.143881 0.440578
v -0.315576 0.141298 0.443979
v -0.306179 0.136511 0.433821
v -0.382900 0.158683 0.439561
v -0.311417 0.160000 0.448583
v -0.302136 0.157648 0.437705
v -0.388168 0.176042 0.435889
v -0.298680 0.180062 0.441746
v -0.390435 0.204609 0.444609
v -0.388273 0.194069 0.434833
v -0.295474 0.202405 0.443668
v -0.289142 0.195223 0.430858
v -0.380776 0.219386 0.439047
v -0.369173 0.220000 0.430827
v -0.292454 0.222304 0.444394
v -0.287623 0.216114 0.432377
v -0.373184 0.240000 0.446816
v -0.362369 0.240864 0.437282
v -0.291737 0.244353 0.448263
v -0.288059 0.235862 0.436588
v -0.355220 0.262910 0.443724
v -0.290462 0.260000 0.449538
v -0.287064 0.256434 0.436768
v -0.346239 0.277689 0.435939
v -0.286601 0.276717 0.436706
v -0.339527 0.299414 0.440022
v -0.286774 0.296687 0.436417
v -0.332391 0.320000 0.443604
v -0.286429 0.316810 0.436458
v -0.325607 0.336600 0.437232
v -0.285736 0.337124 0.436718
v -0.318016 0.355634 0.438925
v -0.285027 0.357903 0.436756
v -0.300000 0.373696 0.435709
v -0.286763 0.373237 0.440000
v -0.170697 -0.010697 0.460000
v -0.160597 -0.017955 0.457361
v -0.139478 -0.017915 0.456669
v -0.180185 -0.000237 0.459981
v -0.116254 -0.003208 0.460662
v -0.179705 0.022211 0.462202
v -0.099797 0.020569 0.460744
v -0.176460 0.037600 0.457600
v -0.160000 0.048165 0.468165
v -0.081660 0.041467 0.459919
v -0.157589 0.056392 0.458587
v -0.140000 0.067211 0.467211
v -0.060474 0.056572 0.459512
v -0.044496 0.064708 0.455504
v -0.140000 0.071255 0.456237
v -0.119791 0.083852 0.460205
v -0.019922 0.079512 0.459952
v -0.003999 0.084611 0.456001
v -0.099552 0.095881 0.456957
v -0.078683 0.104974 0.460818
v 0.009512 0.100000 0.469512
v 0.020830 0.100068 0.461132
v 0.032980 0.100000 0.452980
v -0.060000 0.111650 0.460000
v -0.041365 0.116575 0.459814
v -0.021397 0.121752 0.459462
v 0.000000 0.129479 0.460000
v 0.045258 0.119865 0.463419
v -0.360000 0.140000 0.453542
v -0.341164 0.140307 0.456127
v -0.328627 0.140000 0.451373
v 0.009209 0.140000 0.469209
v 0.020168 0.139657 0.459880
v 0.040321 0.142796 0.454318
v 0.049476 0.140000 0.469476
v 0.050494 0.135002 0.460000
v -0.371422 0.168578 0.460000
v -0.359873 0.160199 0.462699
v -0.340150 0.160723 0.464330
v -0.323176 0.157572 0.456049
v 0.040000 0.150105 0.460000
v -0.379413 0.179902 0.458595
v -0.330648 0.180000 0.469352
v -0.317942 0.180683 0.461757
v -0.308431 0.175295 0.451569
v -0.384976 0.197732 0.458776
v -0.315961 0.202185 0.467225
v -0.306122 0.198272 0.456821
v -0.391517 0.220000 0.460000
v -0.389618 0.210382 0.460000
v -0.389372 0.220000 0.450628
v -0.311270 0.220000 0.468730
v -0.302049 0.217795 0.457560
v -0.390761 0.249239 0.469239
v -0.385903 0.236860 0.455817
v -0.299706 0.239859 0.460388
v -0.376387 0.259797 0.463078
v -0.366390 0.255970 0.453610
v -0.296956 0.261667 0.462425
v -0.356208 0.281117 0.462450
v -0.349954 0.280000 0.450046
v -0.292841 0.282413 0.464335
v -0.288951 0.275404 0.451049
v -0.343335 0.301110 0.457878
v -0.290737 0.300000 0.469263
v -0.287890 0.295797 0.456487
v -0.333419 0.324291 0.462857
v -0.285380 0.317174 0.457367
v -0.325947 0.337434 0.455808
v -0.282789 0.338541 0.458551
v -0.317928 0.355353 0.458594
v -0.279923 0.360350 0.459853
v -0.299642 0.379878 0.459781
v -0.280507 0.379493 0.460915
v -0.155121 0.004879 0.475376
v -0.138730 0.000649 0.479375
v -0.120662 -0.002353 0.478989
v -0.160459 0.019974 0.477074
v -0.140000 0.020000 0.489513
v -0.097189 0.014149 0.477448
v -0.158349 0.038860 0.477156
v -0.140000 0.048924 0.488924
v -0.078888 0.039075 0.478792
v -0.139229 0.059905 0.480679
v -0.060084 0.059811 0.479866
v -0.120153 0.078040 0.477043
v -0.100000 0.088614 0.488613
v -0.036676 0.077110 0.479787
v -0.024378 0.084085 0.475622
v -0.100000 0.092631 0.476735
v -0.080188 0.103370 0.480083
v -0.000403 0.099647 0.479585
v -0.060000 0.114029 0.476822
v -0.041511 0.122560 0.479625
v 0.023501 0.115839 0.483501
v 0.037169 0.121493 0.477036
v -0.020000 0.131223 0.480000
v 0.000011 0.140770 0.479861
v 0.047664 0.140000 0.487664
v 0.050497 0.140000 0.480000
v 0.025088 0.157870 0.481931
v 0.043094 0.163586 0.480528
v 0.052398 0.155376 0.477534
v -0.360000 0.180000 0.471965
v -0.343901 0.180000 0.472527
v -0.359974 0.200254 0.479686
v -0.340371 0.200053 0.479288
v -0.327335 0.195883 0.472665
v -0.378621 0.220463 0.478391
v -0.358273 0.220171 0.485561
v -0.337962 0.223067 0.485219
v -0.323041 0.217997 0.476506
v -0.390049 0.249951 0.480000
v -0.385538 0.237342 0.478303
v -0.332063 0.240000 0.487937
v -0.319484 0.240055 0.480449
v -0.309352 0.235000 0.470648
v -0.390664 0.264965 0.484965
v -0.388942 0.260000 0.471058
v -0.315447 0.261405 0.484317
v -0.306244 0.256650 0.473756
v -0.379588 0.280981 0.481381
v -0.366996 0.280000 0.473004
v -0.310960 0.280000 0.489040
v -0.301932 0.278863 0.477564
v -0.357635 0.299839 0.482482
v -0.349459 0.300000 0.470541
v -0.296776 0.301906 0.482520
v -0.341831 0.320411 0.480023
v -0.292136 0.320000 0.487864
v -0.288089 0.317275 0.474919
v -0.331944 0.340000 0.488056
v -0.328463 0.340000 0.476274
v -0.283543 0.337976 0.478409
v -0.317537 0.359461 0.480738
v -0.279908 0.359741 0.480106
v -0.301905 0.379281 0.479522
v -0.278417 0.382023 0.481362
v -0.119450 0.019647 0.498032
v -0.098134 0.016983 0.500708
v -0.082637 0.025350 0.500496
v -0.140000 0.035595 0.491554
v -0.123530 0.039514 0.502264
v -0.080000 0.030213 0.490213
v -0.064474 0.043969 0.503969
v -0.119868 0.060079 0.500483
v -0.056459 0.057104 0.501134
v -0.120000 0.070529 0.490529
v -0.099577 0.082051 0.499788
v -0.037337 0.077847 0.500367
v -0.079040 0.099105 0.499367
v -0.060000 0.109704 0.509704
v -0.016918 0.094016 0.499818
v -0.003916 0.103647 0.500340
v -0.060000 0.112692 0.496641
v -0.044455 0.122530 0.498835
v 0.020756 0.121154 0.499897
v -0.021246 0.135889 0.498384
v -0.004961 0.144643 0.495039
v 0.040839 0.139785 0.500136
v 0.018404 0.161745 0.498896
v 0.049747 0.160000 0.509747
v 0.052014 0.155685 0.495685
v 0.036754 0.173251 0.497749
v 0.052113 0.172113 0.500000
v -0.361986 0.240202 0.495203
v -0.343434 0.240000 0.492410
v -0.379234 0.260050 0.499161
v -0.358588 0.260212 0.504622
v -0.339898 0.260047 0.500099
v -0.328536 0.255148 0.491464
v -0.387901 0.277551 0.497328
v -0.334627 0.283320 0.508606
v -0.321673 0.279520 0.497530
v -0.379994 0.300621 0.499419
v -0.368714 0.300000 0.491286
v -0.314695 0.301893 0.505222
v -0.306526 0.296243 0.493474
v -0.357434 0.320232 0.502551
v -0.348438 0.320000 0.491562
v -0.299081 0.320184 0.500642
v -0.338062 0.340218 0.502289
v -0.292515 0.340000 0.507485
v -0.288064 0.337086 0.494971
v -0.322296 0.359144 0.498577
v -0.282282 0.358706 0.498988
v -0.298975 0.382138 0.501534
v -0.279966 0.379937 0.500068
v -0.098848 0.039414 0.515292
v -0.079730 0.038742 0.524005
v -0.062146 0.043152 0.521620
v -0.100744 0.056764 0.515687
v -0.080000 0.063903 0.528469
v -0.042104 0.064708 0.521857
v -0.100000 0.070885 0.510885
v -0.080993 0.080291 0.521332
v -0.035628 0.076280 0.516280
v -0.080000 0.091713 0.511713
v -0.059476 0.103045 0.523332
v -0.015560 0.095957 0.520266
v -0.038919 0.122532 0.521141
v 0.004432 0.115073 0.524432
v 0.014750 0.122758 0.517691
v -0.019870 0.137702 0.518940
v 0.028197 0.140000 0.528197
v 0.032785 0.140000 0.517025
v 0.003981 0.156248 0.519875
v 0.015333 0.164809 0.515333
v 0.044372 0.160549 0.521797
v 0.040496 0.181214 0.519423
v 0.051107 0.171107 0.511107
v -0.375169 0.284831 0.515506
v -0.361333 0.279670 0.516022
v -0.347203 0.280000 0.512797
v -0.379771 0.300271 0.521040
v -0.356586 0.300000 0.527686
v -0.339969 0.299899 0.521819
v -0.326381 0.300000 0.513619
v -0.379622 0.315513 0.517561
v -0.369610 0.320000 0.510390
v -0.318023 0.319730 0.521889
v -0.307828 0.320000 0.512172
v -0.354377 0.338006 0.523072
v -0.346371 0.340000 0.513629
v -0.300006 0.339987 0.519988
v -0.335184 0.355191 0.520000
v -0.322226 0.366281 0.520849
v -0.292841 0.363670 0.527159
v -0.288091 0.356979 0.514957
v -0.299377 0.381085 0.520993
v -0.285486 0.374514 0.517905
v -0.059357 0.060369 0.542079
v -0.042117 0.060317 0.539624
v -0.059673 0.080341 0.540746
v -0.022641 0.082876 0.539837
v -0.060000 0.093246 0.533246
v -0.044548 0.103101 0.543101
v -0.020000 0.090154 0.530154
v -0.009631 0.100000 0.540000
v -0.037624 0.115381 0.538393
v -0.020000 0.129612 0.549612
v 0.003578 0.115793 0.539607
v -0.016001 0.137269 0.541338
v 0.022921 0.138327 0.540254
v 0.002484 0.155571 0.537831
v 0.026006 0.165450 0.548581
v 0.037118 0.158343 0.537864
v 0.020000 0.170592 0.535178
v 0.038101 0.176737 0.535569
v -0.357836 0.320466 0.537011
v -0.342583 0.320375 0.536452
v -0.329539 0.320000 0.530461
v -0.356040 0.337533 0.537533
v -0.337605 0.342386 0.544782
v -0.320906 0.339634 0.538605
v -0.309535 0.340000 0.530465
v -0.336689 0.354938 0.537721
v -0.318000 0.362430 0.540736
v -0.303843 0.358489 0.534204
v -0.304906 0.370837 0.530837
v -0.036808 0.083192 0.557799
v -0.021790 0.082659 0.558210
v -0.037205 0.097980 0.554834
v -0.017468 0.102611 0.567947
v -0.005326 0.103092 0.557392
v -0.020289 0.120196 0.560496
v 0.003900 0.121130 0.562297
v 0.000764 0.142639 0.563465
v 0.017310 0.138626 0.557938
v 0.000000 0.150509 0.550509
v 0.019983 0.159563 0.560122
v -0.004130 0.115870 0.571177
f 14 6 5
f 14 5 13
f 6 15 7
f 14 15 6
f 16 8 7
f 15 16 7
f 17 8 16
f 12 30 13
f 29 30 12
f 13 31 14
f 30 31 13
f 14 32 15
f 31 32 14
f 15 33 16
f 32 33 15
f 16 34 17
f 33 34 16
f 17 35 18
f 34 35 17
f 36 19 18
f 35 36 18
f 37 20 19
f 37 19 36
f 38 20 37
f 54 29 28
f 54 28 53
f 29 55 30
f 54 55 29
f 30 56 31
f 56 30 55
f 34 60 35
f 35 61 36
f 60 61 35
f 36 62 37
f 61 62 36
f 37 63 38
f 62 63 37
f 38 64 39
f 63 64 38
f 39 65 40
f 64 65 39
f 66 41 40
f 65 66 40
f 67 42 41
f 67 41 66
f 42 67 68
f 45 74 46
f 73 74 45
f 46 75 47
f 74 75 46
f 47 76 48
f 75 76 47
f 48 77 49
f 76 77 48
f 78 50 49
f 77 78 49
f 79 50 78
f 80 52 51
f 80 51 79
f 81 53 52
f 81 52 80
f 53 82 54
f 81 82 53
f 85 63 62
f 63 86 64
f 85 86 63
f 64 87 65
f 86 87 64
f 65 88 66
f 87 88 65
f 66 89 67
f 88 89 66
f 67 90 68
f 89 90 67
f 91 69 68
f 90 91 68
f 92 69 91
f 72 95 73
f 94 95 72
f 73 96 74
f 95 96 73
f 74 97 75
f 96 97 74
f 75 98 76
f 97 98 75
f 76 99 77
f 98 99 76
f 77 100 78
f 99 100 77
f 78 101 79
f 100 101 78
f 79 102 80
f 101 102 79
f 80 103 81
f 102 103 80
f 87 106 88
f 88 107 89
f 106 107 88
f 89 108 90
f 107 108 89
f 90 109 91
f 108 109 90
f 110 92 91
f 109 110 91
f 94 114 95
f 113 114 94
f 95 115 96
f 114 115 95
f 96 116 97
f 115 116 96
f 97 117 98
f 116 117 97
f 98 118 99
f 117 118 98
f 99 119 100
f 118 119 99
f 100 120 101
f 119 120 100
f 101 121 102
f 120 121 101
f 102 122 103
f 121 122 102
f 107 124 108
f 108 125 109
f 124 125 108
f 109 126 110
f 125 126 109
f 113 130 114
f 129 130 113
f 114 131 115
f 130 131 114
f 115 132 116
f 131 132 115
f 116 133 117
f 132 133 116
f 117 134 118
f 133 134 117
f 118 135 119
f 134 135 118
f 119 136 120
f 135 136 119
f 120 137 121
f 136 137 120
f 138 122 121
f 137 138 121
f 124 142 125
f 141 142 124
f 125 143 126
f 142 143 125
f 129 147 130
f 146 147 129
f 130 148 131
f 147 148 130
f 131 149 132
f 148 149 131
f 132 150 133
f 149 150 132
f 133 151 134
f 150 151 133
f 134 152 135
f 151 152 134
f 135 153 136
f 152 153 135
f 136 154 137
f 153 154 136
f 137 155 138
f 154 155 137
f 141 160 142
f 159 160 141
f 142 161 143
f 160 161 142
f 161 162 143
f 146 165 147
f 165 146 164
f 147 166 148
f 165 166 147
f 148 167 149
f 166 167 148
f 149 168 150
f 167 168 149
f 150 169 151
f 168 169 150
f 151 170 152
f 169 170 151
f 152 171 153
f 170 171 152
f 154 173 155
f 173 174 155
f 178 159 158
f 178 158 177
f 159 179 160
f 178 179 159
f 160 180 161
f 179 180 160
f 181 162 161
f 180 181 161
f 182 162 181
f 185 165 164
f 165 186 166
f 185 186 165
f 166 187 167
f 186 187 166
f 167 188 168
f 187 188 167
f 168 189 169
f 188 189 168
f 169 190 170
f 189 190 169
f 191 171 170
f 190 191 170
f 194 174 173
f 193 194 173
f 198 177 176
f 198 176 197
f 177 199 178
f 198 199 177
f 178 200 179
f 199 200 178
f 179 201 180
f 200 201 179
f 180 202 181
f 201 202 180
f 182 181 203
f 202 203 181
f 185 209 186
f 208 209 185
f 186 210 187
f 209 210 186
f 187 211 188
f 210 211 187
f 188 212 189
f 211 212 188
f 189 213 190
f 213 189 212
f 193 217 194
f 216 217 193
f 221 197 196
f 221 196 220
f 197 222 198
f 221 222 197
f 198 223 199
f 222 223 198
f 199 224 200
f 224 199 223
f 226 202 201
f 202 227 203
f 227 202 226
f 227 228 203
f 234 208 207
f 234 207 233
f 208 235 209
f 234 235 208
f 209 236 210
f 235 236 209
f 210 237 211
f 236 237 210
f 211 238 212
f 237 238 211
f 216 243 217
f 242 243 216
f 245 220 219
f 245 219 244
f 220 246 221
f 245 246 220
f 221 247 222
f 246 247 221
f 222 248 223
f 247 248 222
f 226 252 227
f 227 253 228
f 252 253 227
f 253 254 228
f 258 233 232
f 258 232 257
f 233 259 234
f 258 259 233
f 234 260 235
f 259 260 234
f 235 261 236
f 260 261 235
f 236 262 237
f 261 262 236
f 242 268 243
f 267 268 242
f 270 245 244
f 270 244 269
f 245 271 246
f 270 271 245
f 246 272 247
f 271 272 246
f 247 273 248
f 272 273 247
f 252 278 253
f 277 278 252
f 253 279 254
f 278 279 253
f 257 284 258
f 283 284 257
f 258 285 259
f 284 285 258
f 259 286 260
f 285 286 259
f 260 287 261
f 286 287 260
f 288 262 261
f 287 288 261
f 293 267 266
f 293 266 292
f 267 294 268
f 293 294 267
f 296 270 269
f 296 269 295
f 270 297 271
f 296 297 270
f 271 298 272
f 297 298 271
f 299 273 272
f 298 299 272
f 302 275 301
f 303 277 276
f 303 276 302
f 277 304 278
f 303 304 277
f 278 305 279
f 304 305 278
f 282 309 283
f 308 309 282
f 283 310 284
f 309 310 283
f 284 311 285
f 310 311 284
f 285 312 286
f 311 312 285
f 286 313 287
f 312 313 286
f 287 314 288
f 313 314 287
f 315 289 288
f 314 315 288
f 316 290 289
f 316 289 315
f 317 291 290
f 317 290 316
f 318 292 291
f 318 291 317
f 292 319 293
f 318 319 292
f 321 296 295
f 296 322 297
f 321 322 296
f 323 298 297
f 322 323 297
f 327 302 301
f 327 301 326
f 302 328 303
f 327 328 302
f 303 329 304
f 328 329 303
f 308 333 309
f 332 333 308
f 309 334 310
f 333 334 309
f 310 335 311
f 334 335 310
f 311 336 312
f 335 336 311
f 312 337 313
f 336 337 312
f 313 338 314
f 337 338 313
f 314 339 315
f 338 339 314
f 315 340 316
f 339 340 315
f 316 341 317
f 340 341 316
f 317 342 318
f 341 342 317
f 321 344 322
f 344 321 343
f 345 323 322
f 344 345 322
f 346 324 323
f 346 323 345
f 347 325 324
f 347 324 346
f 348 326 325
f 348 325 347
f 349 327 326
f 349 326 348
f 327 350 328
f 349 350 327
f 332 353 333
f 352 353 332
f 333 354 334
f 353 354 333
f 334 355 335
f 354 355 334
f 335 356 336
f 355 356 335
f 336 357 337
f 356 357 336
f 337 358 338
f 357 358 337
f 338 359 339
f 358 359 338
f 339 360 340
f 359 360 339
f 340 361 341
f 360 361 340
f 343 364 344
f 344 365 345
f 364 365 344
f 345 366 346
f 365 366 345
f 346 367 347
f 366 367 346
f 347 368 348
f 367 368 347
f 348 369 349
f 369 348 368
f 352 371 353
f 353 372 354
f 371 372 353
f 354 373 355
f 372 373 354
f 355 374 356
f 373 374 355
f 356 375 357
f 374 375 356
f 357 376 358
f 375 376 357
f 358 377 359
f 376 377 358
f 359 378 360
f 377 378 359
f 360 379 361
f 378 379 360
f 364 381 365
f 365 382 366
f 381 382 365
f 366 383 367
f 382 383 366
f 367 384 368
f 383 384 367
f 371 385 372
f 372 386 373
f 386 372 385
f 373 387 374
f 386 387 373
f 374 388 375
f 387 388 374
f 375 389 376
f 388 389 375
f 376 390 377
f 389 390 376
f 377 391 378
f 390 391 377
f 392 379 378
f 392 378 391
f 381 394 382
f 382 395 383
f 394 395 382
f 396 384 383
f 396 383 395
f 386 397 387
f 387 398 388
f 397 398 387
f 388 399 389
f 398 399 388
f 389 400 390
f 399 400 389
f 390 401 391
f 400 401 390
f 401 402 391
f 394 405 395
f 404 405 394
f 399 407 400
f 400 408 401
f 407 408 400
f 402 401 409
f 408 409 401
f 404 416 405
f 415 416 404
f 407 418 408
f 408 419 409
f 418 419 408
f 419 420 409
f 414 432 415
f 431 432 414
f 415 433 416
f 433 415 432
f 418 436 419
f 435 436 418
f 437 420 419
f 436 437 419
f 438 420 437
f 449 428 427
f 449 427 448
f 450 429 428
f 450 428 449
f 429 451 430
f 450 451 429
f 430 452 431
f 451 452 430
f 435 455 436
f 455 435 454
f 436 456 437
f 455 456 436
f 457 438 437
f 456 457 437
f 458 438 457
f 462 443 442
f 462 442 461
f 463 444 443
f 463 443 462
f 464 445 444
f 464 444 463
f 445 465 446
f 464 465 445
f 446 466 447
f 465 466 446
f 447 467 448
f 467 447 466
f 468 449 448
f 454 471 455
f 455 472 456
f 471 472 455
f 456 473 457
f 472 473 456
f 457 474 458
f 473 474 457
f 458 475 459
f 474 475 458
f 459 476 460
f 475 476 459
f 460 477 461
f 476 477 460
f 461 478 462
f 478 461 477
f 479 472 471
f 472 480 473
f 479 480 472
f 473 481 474
f 480 481 473
f 482 475 474
f 487 486 4
f 487 4 5
f 1 484 483
f 1 483 487
f 1 487 5
f 1 2 484
f 1 6 2
f 1 5 6
f 2 485 484
f 2 3 485
f 2 7 3
f 7 2 6
f 488 485 3
f 7 488 3
f 488 7 8
f 8 489 488
f 492 491 11
f 492 4 486
f 492 12 4
f 492 11 12
f 4 13 5
f 13 4 12
f 8 9 489
f 17 9 8
f 9 490 489
f 9 10 490
f 9 18 10
f 18 9 17
f 490 10 493
f 18 493 10
f 493 18 19
f 19 494 493
f 498 497 22
f 498 22 23
f 499 498 23
f 499 23 24
f 500 499 24
f 500 24 25
f 25 501 500
f 504 11 491
f 504 28 11
f 12 11 29
f 11 28 29
f 19 20 494
f 20 495 494
f 20 21 495
f 38 21 20
f 21 505 495
f 21 39 505
f 39 21 38
f 39 506 505
f 40 506 39
f 40 507 506
f 512 497 496
f 512 496 511
f 512 511 44
f 512 22 497
f 512 45 22
f 512 44 45
f 22 46 23
f 46 22 45
f 23 47 24
f 47 23 46
f 24 48 25
f 48 24 47
f 25 26 501
f 25 49 26
f 49 25 48
f 26 502 501
f 26 513 502
f 26 50 513
f 26 49 50
f 502 513 514
f 514 513 50
f 514 50 51
f 515 514 51
f 515 51 52
f 27 504 503
f 27 503 515
f 27 515 52
f 27 28 504
f 27 53 28
f 27 52 53
f 32 31 57
f 57 31 56
f 33 32 58
f 58 32 57
f 34 33 59
f 59 33 58
f 34 59 60
f 507 40 41
f 41 508 507
f 41 42 508
f 42 509 508
f 42 43 509
f 42 68 43
f 43 510 509
f 43 516 510
f 43 69 516
f 43 68 69
f 510 516 517
f 517 516 69
f 520 519 71
f 520 44 511
f 520 72 44
f 520 71 72
f 45 44 73
f 73 44 72
f 79 51 50
f 55 54 83
f 54 82 83
f 55 83 521
f 56 55 521
f 521 522 56
f 522 57 56
f 522 523 57
f 523 58 57
f 523 524 58
f 524 59 58
f 524 525 59
f 525 60 59
f 525 526 60
f 60 526 61
f 61 526 527
f 62 61 527
f 62 527 84
f 85 62 84
f 517 69 70
f 69 92 70
f 70 528 517
f 528 70 92
f 71 519 529
f 71 529 93
f 72 71 94
f 71 93 94
f 82 81 104
f 81 103 104
f 82 104 530
f 83 82 530
f 83 531 521
f 531 83 530
f 537 527 526
f 527 538 84
f 537 538 527
f 538 85 84
f 538 539 85
f 85 539 86
f 86 539 540
f 87 86 540
f 87 540 105
f 87 105 106
f 528 92 541
f 110 541 92
f 541 542 528
f 543 93 529
f 93 543 112
f 94 93 113
f 93 112 113
f 104 103 544
f 544 103 122
f 104 545 530
f 544 545 104
f 555 540 539
f 540 556 105
f 555 556 540
f 556 106 105
f 106 556 557
f 106 557 107
f 107 557 123
f 124 107 123
f 541 110 111
f 111 110 127
f 110 126 127
f 558 542 541
f 111 558 541
f 127 558 111
f 559 112 543
f 112 559 128
f 113 112 129
f 112 128 129
f 544 122 560
f 138 560 122
f 561 545 544
f 560 561 544
f 573 557 556
f 573 123 557
f 123 573 140
f 124 123 141
f 123 140 141
f 127 126 144
f 126 143 144
f 574 558 127
f 574 127 144
f 128 559 576
f 128 576 145
f 129 128 146
f 128 145 146
f 560 138 139
f 139 138 156
f 138 155 156
f 577 561 560
f 139 577 560
f 156 577 139
f 589 573 572
f 589 572 588
f 589 588 157
f 589 140 573
f 589 158 140
f 589 157 158
f 141 140 159
f 140 158 159
f 144 143 162
f 574 144 590
f 144 162 590
f 590 591 574
f 576 594 145
f 145 594 146
f 164 146 594
f 154 153 172
f 172 153 171
f 173 154 172
f 156 155 174
f 156 595 577
f 595 156 174
f 595 596 577
f 605 587 586
f 605 586 604
f 606 588 587
f 606 587 605
f 606 605 175
f 606 157 588
f 606 176 157
f 606 175 176
f 157 177 158
f 157 176 177
f 590 162 163
f 162 182 163
f 590 163 591
f 163 607 591
f 163 183 607
f 163 182 183
f 607 608 591
f 183 608 607
f 164 594 612
f 164 612 184
f 185 164 184
f 171 192 172
f 171 191 192
f 173 172 193
f 172 192 193
f 595 174 613
f 194 613 174
f 614 596 595
f 613 614 595
f 622 604 603
f 622 603 621
f 623 605 604
f 623 604 622
f 623 622 195
f 623 175 605
f 623 196 175
f 623 195 196
f 175 197 176
f 175 196 197
f 182 204 183
f 182 203 204
f 183 624 608
f 183 205 624
f 183 204 205
f 608 625 609
f 624 625 608
f 205 625 624
f 625 626 609
f 612 611 184
f 184 611 629
f 184 629 207
f 185 184 208
f 184 207 208
f 190 214 191
f 214 190 213
f 191 215 192
f 191 214 215
f 193 192 216
f 192 215 216
f 613 194 630
f 630 194 218
f 194 217 218
f 613 631 614
f 630 631 613
f 218 631 630
f 639 622 621
f 639 621 638
f 639 195 622
f 195 639 219
f 195 220 196
f 195 219 220
f 201 200 225
f 225 200 224
f 226 201 225
f 203 228 204
f 204 229 205
f 204 228 229
f 205 640 625
f 205 230 640
f 205 229 230
f 641 626 625
f 640 641 625
f 230 641 640
f 642 626 641
f 206 629 628
f 206 628 644
f 206 644 232
f 206 207 629
f 206 233 207
f 206 232 233
f 213 212 239
f 239 212 238
f 213 240 214
f 213 239 240
f 214 241 215
f 214 240 241
f 216 215 242
f 215 241 242
f 218 217 645
f 217 243 645
f 646 631 218
f 645 646 218
f 654 639 638
f 654 638 653
f 654 219 639
f 654 244 219
f 224 223 249
f 223 248 249
f 224 250 225
f 224 249 250
f 225 251 226
f 225 250 251
f 226 251 252
f 228 254 229
f 229 255 230
f 229 254 255
f 230 655 641
f 655 230 255
f 656 642 641
f 655 656 641
f 231 644 643
f 231 643 658
f 231 658 256
f 231 232 644
f 231 257 232
f 231 256 257
f 237 263 238
f 263 237 262
f 238 264 239
f 238 263 264
f 239 265 240
f 239 264 265
f 240 266 241
f 240 265 266
f 242 241 267
f 241 266 267
f 645 243 659
f 243 268 659
f 660 646 645
f 659 660 645
f 653 668 654
f 667 668 653
f 668 244 654
f 668 269 244
f 249 248 274
f 274 248 273
f 249 275 250
f 249 274 275
f 250 276 251
f 250 275 276
f 252 251 277
f 251 276 277
f 255 254 280
f 254 279 280
f 655 255 669
f 255 280 669
f 670 656 655
f 669 670 655
f 672 658 657
f 672 657 671
f 672 671 281
f 672 256 658
f 672 282 256
f 672 281 282
f 257 256 283
f 283 256 282
f 262 289 263
f 288 289 262
f 263 290 264
f 263 289 290
f 264 291 265
f 264 290 291
f 265 292 266
f 265 291 292
f 294 673 268
f 659 268 673
f 674 660 659
f 673 674 659
f 667 682 668
f 682 667 681
f 682 269 668
f 682 295 269
f 273 300 274
f 273 299 300
f 274 301 275
f 274 300 301
f 302 276 275
f 280 279 306
f 306 279 305
f 669 280 683
f 280 306 683
f 684 670 669
f 683 684 669
f 281 671 685
f 281 685 307
f 282 281 308
f 281 307 308
f 293 686 294
f 686 293 319
f 687 673 294
f 687 294 686
f 696 682 681
f 696 681 695
f 696 295 682
f 696 320 295
f 321 295 320
f 298 324 299
f 298 323 324
f 299 325 300
f 299 324 325
f 300 326 301
f 300 325 326
f 304 330 305
f 330 304 329
f 305 697 306
f 305 330 697
f 697 698 306
f 683 306 698
f 699 684 683
f 699 683 698
f 307 685 700
f 307 700 331
f 308 307 332
f 307 331 332
f 318 701 319
f 318 342 701
f 686 319 702
f 701 702 319
f 695 712 696
f 320 696 712
f 320 712 713
f 320 343 321
f 320 713 343
f 328 351 329
f 351 328 350
f 329 714 330
f 329 351 714
f 714 715 330
f 697 330 715
f 697 716 698
f 716 697 715
f 717 331 700
f 331 717 332
f 332 717 352
f 342 341 362
f 341 361 362
f 362 718 342
f 701 342 718
f 712 730 713
f 343 713 730
f 343 730 363
f 343 363 364
f 349 731 350
f 731 349 369
f 731 732 350
f 351 350 732
f 733 351 732
f 733 714 351
f 714 734 715
f 733 734 714
f 717 735 352
f 370 352 735
f 371 352 370
f 362 361 736
f 736 361 379
f 737 718 362
f 737 362 736
f 730 750 363
f 363 750 364
f 364 750 380
f 381 364 380
f 369 368 751
f 751 368 384
f 731 369 752
f 752 369 751
f 735 753 370
f 370 753 371
f 371 753 754
f 371 754 385
f 736 379 756
f 392 756 379
f 380 750 770
f 380 770 771
f 380 393 381
f 380 771 393
f 394 381 393
f 751 384 772
f 396 772 384
f 773 385 754
f 386 385 773
f 773 774 386
f 774 397 386
f 392 391 402
f 756 392 777
f 402 777 392
f 792 771 770
f 792 770 791
f 792 393 771
f 792 403 393
f 394 393 404
f 393 403 404
f 396 395 406
f 395 405 406
f 794 772 396
f 794 396 793
f 406 793 396
f 774 775 397
f 397 775 398
f 398 775 776
f 398 776 399
f 399 776 795
f 407 399 795
f 402 796 777
f 402 409 796
f 796 797 777
f 811 792 791
f 811 791 810
f 811 810 413
f 811 403 792
f 811 414 403
f 811 413 414
f 404 403 415
f 415 403 414
f 406 405 812
f 405 416 812
f 793 406 812
f 407 795 813
f 417 407 813
f 418 407 417
f 796 409 410
f 410 409 420
f 814 797 796
f 410 814 796
f 814 410 420
f 815 797 814
f 823 806 805
f 823 805 822
f 823 822 425
f 823 425 426
f 824 807 806
f 824 806 823
f 824 823 426
f 824 426 427
f 825 808 807
f 825 807 824
f 825 824 427
f 825 427 428
f 411 809 808
f 411 808 825
f 411 825 428
f 411 412 809
f 411 429 412
f 411 428 429
f 809 412 810
f 412 413 810
f 412 430 413
f 430 412 429
f 414 413 431
f 431 413 430
f 433 826 416
f 812 416 826
f 417 813 827
f 417 827 434
f 418 417 435
f 417 434 435
f 814 420 421
f 420 438 421
f 421 815 814
f 421 828 815
f 421 439 828
f 421 438 439
f 829 816 815
f 829 815 828
f 829 828 439
f 829 439 440
f 830 817 816
f 830 816 829
f 830 829 440
f 830 440 441
f 831 818 817
f 831 817 830
f 831 830 441
f 831 441 442
f 832 819 818
f 832 818 831
f 832 831 442
f 832 442 443
f 422 820 819
f 422 819 832
f 422 832 443
f 422 423 820
f 422 444 423
f 422 443 444
f 423 821 820
f 423 424 821
f 423 445 424
f 423 444 445
f 821 424 822
f 424 425 822
f 424 446 425
f 446 424 445
f 425 447 426
f 447 425 446
f 426 448 427
f 448 426 447
f 432 431 453
f 453 431 452
f 432 453 834
f 433 432 834
f 835 826 433
f 835 433 834
f 827 836 434
f 434 836 435
f 454 435 836
f 458 439 438
f 439 459 440
f 459 439 458
f 440 460 441
f 460 440 459
f 441 461 442
f 461 441 460
f 468 448 467
f 450 449 469
f 469 449 468
f 450 469 840
f 451 450 840
f 840 841 451
f 841 452 451
f 841 842 452
f 842 453 452
f 453 833 834
f 842 833 453
f 454 836 843
f 454 843 470
f 454 470 471
f 463 462 845
f 845 462 478
f 846 463 845
f 464 463 846
f 464 846 847
f 464 847 465
f 847 848 465
f 465 848 466
f 848 849 466
f 467 466 849
f 838 467 837
f 849 837 467
f 838 468 467
f 839 468 838
f 839 469 468
f 469 839 840
f 470 843 471
f 843 850 471
f 479 471 850
f 482 474 853
f 853 474 481
f 475 853 854
f 475 482 853
f 475 854 476
f 854 855 476
f 476 855 477
f 477 856 844
f 855 856 477
f 478 477 844
f 845 478 844
f 850 851 479
f 851 480 479
f 852 480 851
f 852 481 480
f 853 481 852
f 483 861 487
f 861 486 487
f 483 858 857
f 483 857 861
f 483 484 858
f 484 859 858
f 484 485 859
f 485 862 859
f 488 862 485
f 488 863 862
f 489 863 488
f 866 865 491
f 866 486 860
f 866 492 486
f 866 491 492
f 861 860 486
f 489 864 863
f 489 490 864
f 864 490 867
f 493 867 490
f 493 868 867
f 494 868 493
f 871 870 497
f 498 871 497
f 498 872 871
f 499 872 498
f 499 873 872
f 500 873 499
f 876 491 865
f 876 504 491
f 876 503 504
f 868 494 869
f 869 494 495
f 495 877 869
f 505 877 495
f 505 878 877
f 506 878 505
f 506 879 878
f 507 879 506
f 884 883 511
f 884 497 870
f 497 884 496
f 496 884 511
f 873 500 874
f 874 500 501
f 501 885 874
f 502 885 501
f 502 886 885
f 514 886 502
f 514 887 886
f 503 887 515
f 515 887 514
f 876 875 503
f 503 875 887
f 879 507 880
f 880 507 508
f 508 881 880
f 508 509 881
f 509 882 881
f 509 510 882
f 882 510 888
f 517 888 510
f 889 888 517
f 891 511 883
f 511 891 520
f 891 519 520
f 889 517 518
f 517 528 518
f 892 889 518
f 892 518 528
f 891 890 519
f 519 890 893
f 519 893 529
f 521 532 522
f 532 521 531
f 522 533 523
f 522 532 533
f 523 534 524
f 523 533 534
f 524 535 525
f 524 534 535
f 525 536 526
f 525 535 536
f 537 526 536
f 892 528 894
f 528 542 894
f 895 529 893
f 543 529 895
f 531 530 546
f 546 530 545
f 531 547 532
f 531 546 547
f 532 548 533
f 532 547 548
f 533 549 534
f 533 548 549
f 534 550 535
f 534 549 550
f 535 551 536
f 535 550 551
f 536 552 537
f 536 551 552
f 537 553 538
f 537 552 553
f 538 554 539
f 538 553 554
f 555 539 554
f 542 896 894
f 558 896 542
f 897 543 895
f 559 543 897
f 545 562 546
f 545 561 562
f 546 563 547
f 546 562 563
f 547 564 548
f 547 563 564
f 548 565 549
f 548 564 565
f 549 566 550
f 549 565 566
f 550 567 551
f 550 566 567
f 551 568 552
f 551 567 568
f 552 569 553
f 552 568 569
f 553 570 554
f 553 569 570
f 554 571 555
f 554 570 571
f 555 572 556
f 555 571 572
f 573 556 572
f 558 898 896
f 558 575 898
f 574 575 558
f 899 896 898
f 575 899 898
f 559 897 902
f 576 559 902
f 561 578 562
f 577 578 561
f 562 579 563
f 562 578 579
f 563 580 564
f 563 579 580
f 564 581 565
f 564 580 581
f 565 582 566
f 565 581 582
f 566 583 567
f 566 582 583
f 567 584 568
f 567 583 584
f 568 585 569
f 568 584 585
f 569 586 570
f 569 585 586
f 570 587 571
f 570 586 587
f 571 588 572
f 571 587 588
f 574 591 575
f 575 903 899
f 575 592 903
f 575 591 592
f 904 899 903
f 904 903 592
f 908 576 902
f 908 594 576
f 908 902 909
f 908 909 594
f 578 577 596
f 578 597 579
f 578 596 597
f 579 598 580
f 579 597 598
f 580 599 581
f 580 598 599
f 581 600 582
f 581 599 600
f 582 601 583
f 582 600 601
f 583 602 584
f 583 601 602
f 584 603 585
f 584 602 603
f 585 604 586
f 585 603 604
f 591 608 592
f 904 592 593
f 592 609 593
f 609 592 608
f 904 593 905
f 593 910 905
f 593 610 910
f 593 609 610
f 911 906 905
f 910 911 905
f 610 911 910
f 912 906 911
f 909 913 594
f 913 612 594
f 596 615 597
f 614 615 596
f 597 616 598
f 597 615 616
f 598 617 599
f 598 616 617
f 599 618 600
f 599 617 618
f 600 619 601
f 600 618 619
f 601 620 602
f 601 619 620
f 602 621 603
f 602 620 621
f 610 609 626
f 610 915 911
f 610 627 915
f 610 626 627
f 912 911 916
f 915 916 911
f 627 916 915
f 913 919 612
f 612 919 611
f 611 919 629
f 615 614 632
f 632 614 631
f 615 633 616
f 615 632 633
f 616 634 617
f 616 633 634
f 617 635 618
f 617 634 635
f 618 636 619
f 618 635 636
f 619 637 620
f 619 636 637
f 620 638 621
f 620 637 638
f 626 642 627
f 627 920 916
f 920 627 642
f 920 921 916
f 923 922 644
f 629 923 628
f 628 923 644
f 629 919 918
f 923 629 918
f 631 647 632
f 631 646 647
f 632 648 633
f 632 647 648
f 633 649 634
f 633 648 649
f 634 650 635
f 634 649 650
f 635 651 636
f 635 650 651
f 636 652 637
f 636 651 652
f 637 653 638
f 637 652 653
f 920 642 924
f 642 656 924
f 925 921 920
f 924 925 920
f 927 644 922
f 644 927 643
f 643 927 658
f 646 661 647
f 646 660 661
f 647 662 648
f 647 661 662
f 648 663 649
f 648 662 663
f 649 664 650
f 649 663 664
f 650 665 651
f 650 664 665
f 651 666 652
f 651 665 666
f 653 652 667
f 652 666 667
f 924 656 928
f 656 670 928
f 929 925 924
f 928 929 924
f 658 931 657
f 931 671 657
f 658 927 926
f 931 658 926
f 660 675 661
f 660 674 675
f 661 676 662
f 661 675 676
f 662 677 663
f 662 676 677
f 663 678 664
f 663 677 678
f 664 679 665
f 664 678 679
f 665 680 666
f 665 679 680
f 666 681 667
f 666 680 681
f 928 670 932
f 670 684 932
f 933 929 928
f 932 933 928
f 931 930 671
f 671 930 934
f 671 934 685
f 673 688 674
f 673 687 688
f 674 689 675
f 674 688 689
f 675 690 676
f 675 689 690
f 676 691 677
f 676 690 691
f 677 692 678
f 677 691 692
f 678 693 679
f 678 692 693
f 679 694 680
f 679 693 694
f 680 695 681
f 680 694 695
f 699 935 684
f 932 684 935
f 936 933 932
f 936 932 935
f 934 937 685
f 685 937 700
f 687 686 703
f 703 686 702
f 687 704 688
f 687 703 704
f 688 705 689
f 688 704 705
f 689 706 690
f 689 705 706
f 690 707 691
f 690 706 707
f 691 708 692
f 691 707 708
f 692 709 693
f 692 708 709
f 693 710 694
f 693 709 710
f 694 711 695
f 694 710 711
f 695 711 712
f 699 698 938
f 938 698 716
f 699 939 935
f 938 939 699
f 937 940 700
f 940 717 700
f 701 719 702
f 719 701 718
f 702 720 703
f 702 719 720
f 703 721 704
f 703 720 721
f 704 722 705
f 704 721 722
f 705 723 706
f 705 722 723
f 706 724 707
f 706 723 724
f 707 725 708
f 707 724 725
f 708 726 709
f 708 725 726
f 709 727 710
f 709 726 727
f 710 728 711
f 710 727 728
f 711 729 712
f 711 728 729
f 712 729 730
f 715 734 942
f 716 715 942
f 943 716 942
f 943 938 716
f 944 717 940
f 717 944 735
f 718 738 719
f 718 737 738
f 719 739 720
f 719 738 739
f 720 740 721
f 720 739 740
f 721 741 722
f 721 740 741
f 722 742 723
f 722 741 742
f 723 743 724
f 723 742 743
f 724 744 725
f 724 743 744
f 725 745 726
f 725 744 745
f 726 746 727
f 726 745 746
f 727 747 728
f 727 746 747
f 728 748 729
f 728 747 748
f 729 749 730
f 729 748 749
f 750 730 749
f 731 752 946
f 752 751 946
f 946 947 731
f 732 731 947
f 732 947 948
f 733 732 948
f 948 949 733
f 949 734 733
f 734 941 942
f 949 941 734
f 950 735 944
f 950 753 735
f 944 951 950
f 951 753 950
f 951 754 753
f 754 951 952
f 737 736 757
f 757 736 756
f 737 758 738
f 737 757 758
f 738 759 739
f 738 758 759
f 739 760 740
f 739 759 760
f 740 761 741
f 740 760 761
f 741 762 742
f 741 761 762
f 742 763 743
f 742 762 763
f 743 764 744
f 743 763 764
f 744 765 745
f 744 764 765
f 745 766 746
f 745 765 766
f 746 767 747
f 746 766 767
f 747 768 748
f 747 767 768
f 748 769 749
f 748 768 769
f 749 770 750
f 749 769 770
f 751 955 946
f 751 954 955
f 772 954 751
f 754 952 755
f 773 754 755
f 956 952 953
f 956 755 952
f 956 773 755
f 956 774 773
f 953 957 956
f 957 774 956
f 756 778 757
f 756 777 778
f 757 779 758
f 757 778 779
f 758 780 759
f 758 779 780
f 759 781 760
f 759 780 781
f 760 782 761
f 760 781 782
f 761 783 762
f 761 782 783
f 762 784 763
f 762 783 784
f 763 785 764
f 763 784 785
f 764 786 765
f 764 785 786
f 765 787 766
f 765 786 787
f 766 788 767
f 766 787 788
f 767 789 768
f 767 788 789
f 768 790 769
f 768 789 790
f 769 791 770
f 769 790 791
f 794 960 772
f 794 793 960
f 954 772 960
f 957 775 774
f 775 957 958
f 775 958 776
f 961 776 958
f 961 795 776
f 778 777 797
f 778 798 779
f 778 797 798
f 779 799 780
f 779 798 799
f 780 800 781
f 780 799 800
f 781 801 782
f 781 800 801
f 782 802 783
f 782 801 802
f 783 803 784
f 783 802 803
f 784 804 785
f 784 803 804
f 785 805 786
f 785 804 805
f 786 806 787
f 786 805 806
f 787 807 788
f 787 806 807
f 788 808 789
f 788 807 808
f 789 809 790
f 789 808 809
f 790 810 791
f 810 790 809
f 962 960 793
f 812 962 793
f 963 795 961
f 813 795 963
f 797 815 798
f 798 816 799
f 798 815 816
f 799 817 800
f 799 816 817
f 800 818 801
f 800 817 818
f 801 819 802
f 801 818 819
f 802 820 803
f 802 819 820
f 803 821 804
f 803 820 821
f 804 822 805
f 822 804 821
f 812 965 962
f 812 826 965
f 963 966 813
f 827 813 966
f 835 968 826
f 835 834 968
f 964 965 826
f 964 826 968
f 969 827 966
f 827 969 836
f 975 841 974
f 975 842 841
f 976 842 975
f 976 834 833
f 976 833 842
f 834 967 968
f 976 967 834
f 969 977 836
f 843 836 977
f 846 845 981
f 982 846 981
f 982 847 846
f 983 847 982
f 983 848 847
f 984 848 983
f 984 849 848
f 985 849 984
f 985 971 838
f 985 838 837
f 985 837 849
f 838 971 972
f 838 972 839
f 839 972 973
f 839 973 840
f 840 973 974
f 840 974 841
f 843 977 986
f 843 986 850
f 986 987 850
f 990 853 989
f 990 854 853
f 991 854 990
f 991 855 854
f 992 855 991
f 992 844 856
f 992 856 855
f 844 979 980
f 992 979 844
f 844 980 845
f 845 980 981
f 851 850 987
f 851 987 988
f 851 988 852
f 852 988 989
f 852 989 853
f 858 994 857
f 857 994 861
f 858 995 994
f 858 859 995
f 995 859 996
f 862 996 859
f 862 997 996
f 997 862 863
f 860 998 866
f 998 865 866
f 860 993 999
f 860 999 998
f 860 861 993
f 861 994 993
f 997 863 1000
f 863 864 1000
f 864 1001 1000
f 867 1001 864
f 867 1002 1001
f 1002 867 868
f 872 1009 871
f 865 1010 876
f 865 998 1011
f 865 1011 1010
f 1002 868 1003
f 1003 868 869
f 1003 869 1012
f 877 1012 869
f 877 1013 1012
f 878 1013 877
f 1014 1006 1005
f 1014 1005 1013
f 878 1014 1013
f 879 1014 878
f 1006 1014 1015
f 879 1015 1014
f 870 1019 884
f 1019 883 884
f 870 1008 1020
f 870 1020 1019
f 871 1008 870
f 1008 871 1009
f 872 1021 1009
f 872 873 1021
f 1021 873 1022
f 873 874 1022
f 874 1023 1022
f 885 1023 874
f 885 1024 1023
f 1024 885 886
f 875 1010 1026
f 875 1026 1025
f 875 1025 887
f 875 876 1010
f 1015 879 880
f 880 1016 1015
f 880 881 1016
f 881 1027 1016
f 881 882 1027
f 1027 882 1028
f 888 1028 882
f 888 1029 1028
f 889 1029 888
f 883 1030 891
f 1019 1018 883
f 883 1018 1030
f 1024 886 1025
f 886 887 1025
f 1031 1029 889
f 892 1031 889
f 1032 891 1030
f 891 1032 890
f 893 890 1032
f 1033 1031 892
f 894 1033 892
f 893 1032 1034
f 895 893 1034
f 894 1035 1033
f 1035 894 896
f 1036 1033 1035
f 896 1036 1035
f 1034 1037 895
f 1037 897 895
f 1036 896 1039
f 896 899 1039
f 899 1040 1039
f 1037 1044 897
f 897 1044 902
f 1045 1044 1037
f 902 1044 1045
f 899 900 1040
f 904 900 899
f 1040 900 1041
f 900 901 1041
f 900 905 901
f 905 900 904
f 1041 901 1042
f 901 1047 1042
f 901 906 1047
f 901 905 906
f 1047 1048 1042
f 1048 1047 906
f 902 1045 1050
f 902 1050 909
f 1050 1045 1051
f 909 1050 1051
f 1048 906 907
f 906 912 907
f 1052 1049 1048
f 907 1052 1048
f 1052 907 912
f 909 1051 1054
f 909 1054 914
f 909 914 913
f 1054 1051 1055
f 914 1054 1055
f 1052 912 1056
f 912 917 1056
f 912 916 917
f 1056 1057 1052
f 917 1057 1056
f 914 1058 913
f 913 1058 919
f 914 1055 1059
f 914 1059 1058
f 917 916 921
f 917 1060 1057
f 1060 917 921
f 919 1063 918
f 918 1063 923
f 1064 919 1058
f 1063 919 1064
f 1060 921 1065
f 921 925 1065
f 922 1067 927
f 1067 922 1068
f 923 1068 922
f 923 1063 1062
f 1068 923 1062
f 1065 925 1069
f 925 929 1069
f 1072 1071 931
f 1072 927 1067
f 927 1072 926
f 926 1072 931
f 1069 929 1073
f 929 933 1073
f 1071 1074 931
f 931 1074 930
f 1074 934 930
f 936 1076 933
f 1076 1073 933
f 1074 1077 934
f 934 1077 937
f 935 939 1079
f 936 935 1079
f 1080 1076 936
f 1080 936 1079
f 1081 937 1077
f 1081 940 937
f 1084 939 938
f 1084 938 943
f 939 1085 1079
f 1084 1085 939
f 1081 1086 940
f 944 940 1086
f 1087 1086 1081
f 944 1086 1087
f 948 1092 949
f 949 1092 1093
f 942 941 1093
f 949 1093 941
f 942 1093 1094
f 943 942 1094
f 1083 1084 943
f 1094 1083 943
f 944 1087 945
f 944 945 951
f 1095 1087 1088
f 1095 945 1087
f 1095 951 945
f 1095 952 951
f 1088 1096 1095
f 952 1095 1096
f 946 955 1099
f 955 954 1099
f 1099 1100 946
f 946 1100 947
f 1091 947 1090
f 1100 1090 947
f 1091 948 947
f 948 1091 1092
f 952 1096 953
f 953 1096 1097
f 953 1097 1101
f 953 1101 957
f 1102 1101 1097
f 1102 957 1101
f 1102 958 957
f 958 1102 1103
f 1099 954 1105
f 954 960 1105
f 958 1103 959
f 961 958 959
f 959 1103 1106
f 959 1106 961
f 960 1108 1105
f 962 1108 960
f 1109 961 1106
f 1109 963 961
f 965 1110 962
f 1107 1108 962
f 1107 962 1110
f 1111 963 1109
f 966 963 1111
f 1114 1110 965
f 1114 965 964
f 1114 964 968
f 1111 1115 966
f 969 966 1115
f 1121 976 975
f 1122 976 1121
f 1122 968 967
f 1122 967 976
f 1114 968 1113
f 1122 1113 968
f 1115 970 969
f 970 977 969
f 1123 970 1115
f 1123 977 970
f 982 981 1132
f 1132 1133 982
f 1133 983 982
f 1134 983 1133
f 1134 984 983
f 1135 984 1134
f 971 985 1135
f 1135 985 984
f 1136 971 1135
f 1136 972 971
f 972 1117 1118
f 1136 1117 972
f 972 1118 973
f 973 1118 1119
f 973 1119 974
f 974 1119 1120
f 975 974 1120
f 1121 975 1120
f 1123 978 977
f 978 986 977
f 1137 978 1123
f 1137 986 978
f 1137 987 986
f 1138 987 1137
f 1138 988 987
f 1139 988 1138
f 1139 989 988
f 1140 989 1139
f 1140 990 989
f 1141 990 1140
f 1141 991 990
f 1142 991 1141
f 1142 992 991
f 979 1129 1130
f 979 1142 1129
f 979 992 1142
f 979 1130 980
f 980 1130 1131
f 980 1131 981
f 981 1131 1132
f 995 1143 994
f 993 1151 999
f 1151 998 999
f 1152 1151 993
f 994 1152 993
f 1153 994 1143
f 1152 994 1153
f 995 1154 1143
f 995 996 1154
f 1154 996 1155
f 997 1155 996
f 1156 1155 997
f 1000 1156 997
f 1157 1156 1000
f 1001 1157 1000
f 1001 1158 1157
f 1159 1158 1002
f 1161 1148 1147
f 1161 1147 1160
f 1161 1160 1004
f 1161 1004 1005
f 1162 1149 1148
f 1162 1148 1161
f 1162 1161 1005
f 1162 1005 1006
f 1149 1162 1163
f 1006 1163 1162
f 998 1165 1011
f 1165 1010 1011
f 998 1151 1166
f 998 1166 1165
f 1158 1001 1002
f 1159 1002 1003
f 1159 1003 1160
f 1003 1004 1160
f 1003 1012 1004
f 1004 1013 1005
f 1013 1004 1012
f 1006 1007 1163
f 1006 1015 1007
f 1007 1167 1163
f 1015 1167 1007
f 1167 1015 1016
f 1016 1168 1167
f 1008 1170 1020
f 1020 1170 1019
f 1171 1170 1008
f 1009 1171 1008
f 1172 1171 1009
f 1172 1009 1021
f 1010 1173 1026
f 1173 1025 1026
f 1010 1165 1174
f 1010 1174 1173
f 1016 1017 1168
f 1027 1017 1016
f 1168 1017 1175
f 1027 1175 1017
f 1028 1175 1027
f 1177 1018 1019
f 1177 1030 1018
f 1177 1019 1178
f 1019 1170 1178
f 1179 1170 1171
f 1178 1170 1179
f 1172 1180 1171
f 1172 1021 1180
f 1180 1021 1181
f 1021 1022 1181
f 1181 1022 1182
f 1022 1023 1182
f 1182 1023 1183
f 1183 1023 1024
f 1183 1024 1184
f 1025 1184 1024
f 1025 1173 1185
f 1025 1185 1184
f 1175 1028 1176
f 1176 1028 1029
f 1186 1176 1029
f 1031 1186 1029
f 1188 1032 1030
f 1177 1188 1030
f 1031 1190 1186
f 1031 1033 1190
f 1192 1032 1188
f 1034 1032 1192
f 1190 1033 1194
f 1036 1194 1033
f 1034 1192 1199
f 1034 1199 1037
f 1192 1200 1199
f 1036 1201 1194
f 1036 1040 1201
f 1040 1036 1039
f 1202 1196 1195
f 1202 1195 1201
f 1040 1202 1201
f 1041 1202 1040
f 1203 1197 1196
f 1203 1196 1202
f 1041 1203 1202
f 1042 1203 1041
f 1204 1197 1203
f 1042 1204 1203
f 1204 1042 1043
f 1043 1205 1204
f 1199 1038 1037
f 1045 1037 1038
f 1206 1199 1200
f 1206 1038 1199
f 1206 1045 1038
f 1206 1200 1207
f 1042 1048 1043
f 1043 1208 1205
f 1043 1049 1208
f 1043 1048 1049
f 1209 1205 1208
f 1049 1209 1208
f 1206 1046 1045
f 1045 1046 1051
f 1207 1210 1206
f 1210 1046 1206
f 1210 1051 1046
f 1049 1211 1209
f 1049 1053 1211
f 1052 1053 1049
f 1212 1209 1211
f 1053 1212 1211
f 1210 1213 1051
f 1051 1213 1055
f 1214 1213 1210
f 1055 1213 1214
f 1052 1057 1053
f 1212 1053 1215
f 1057 1215 1053
f 1055 1214 1217
f 1059 1055 1217
f 1215 1057 1218
f 1218 1057 1061
f 1057 1060 1061
f 1218 1219 1215
f 1061 1219 1218
f 1064 1058 1221
f 1059 1221 1058
f 1059 1217 1216
f 1221 1059 1216
f 1061 1060 1066
f 1060 1065 1066
f 1222 1219 1061
f 1066 1222 1061
f 1223 1062 1063
f 1062 1223 1068
f 1223 1063 1224
f 1063 1064 1224
f 1064 1221 1220
f 1224 1064 1220
f 1066 1065 1070
f 1065 1069 1070
f 1225 1222 1066
f 1070 1225 1066
f 1226 1072 1067
f 1068 1226 1067
f 1068 1227 1226
f 1068 1223 1227
f 1070 1069 1228
f 1069 1073 1228
f 1229 1225 1070
f 1229 1070 1228
f 1230 1071 1072
f 1230 1074 1071
f 1226 1231 1072
f 1230 1072 1231
f 1228 1073 1233
f 1233 1073 1076
f 1230 1075 1074
f 1078 1074 1075
f 1078 1077 1074
f 1234 1230 1231
f 1234 1075 1230
f 1078 1075 1234
f 1080 1236 1076
f 1080 1079 1236
f 1233 1076 1237
f 1236 1237 1076
f 1078 1081 1077
f 1078 1234 1238
f 1078 1238 1082
f 1078 1082 1081
f 1239 1238 1234
f 1082 1238 1239
f 1079 1085 1241
f 1241 1085 1084
f 1241 1242 1079
f 1236 1079 1242
f 1082 1087 1081
f 1082 1239 1243
f 1082 1243 1088
f 1082 1088 1087
f 1244 1243 1239
f 1088 1243 1244
f 1094 1093 1247
f 1094 1247 1248
f 1083 1248 1084
f 1094 1248 1083
f 1241 1084 1249
f 1249 1084 1248
f 1088 1244 1089
f 1088 1089 1096
f 1250 1089 1244
f 1250 1096 1089
f 1250 1097 1096
f 1097 1250 1251
f 1091 1090 1253
f 1253 1090 1100
f 1091 1254 1245
f 1091 1253 1254
f 1091 1245 1092
f 1092 1245 1246
f 1092 1246 1093
f 1093 1246 1247
f 1097 1251 1098
f 1102 1097 1098
f 1255 1098 1251
f 1255 1102 1098
f 1255 1103 1102
f 1256 1103 1255
f 1099 1258 1100
f 1099 1105 1258
f 1252 1253 1100
f 1252 1100 1258
f 1256 1104 1103
f 1103 1104 1106
f 1259 1104 1256
f 1106 1104 1259
f 1108 1261 1105
f 1258 1105 1261
f 1106 1259 1262
f 1109 1106 1262
f 1107 1264 1108
f 1107 1110 1264
f 1265 1261 1108
f 1265 1108 1264
f 1262 1266 1109
f 1266 1111 1109
f 1262 1267 1266
f 1110 1114 1270
f 1110 1271 1264
f 1110 1270 1271
f 1266 1112 1111
f 1112 1115 1111
f 1272 1266 1267
f 1272 1112 1266
f 1272 1115 1112
f 1272 1267 1273
f 1277 1122 1121
f 1113 1269 1270
f 1113 1277 1269
f 1113 1122 1277
f 1113 1270 1114
f 1272 1116 1115
f 1116 1123 1115
f 1278 1272 1273
f 1278 1116 1272
f 1278 1123 1116
f 1273 1279 1278
f 1283 1136 1135
f 1136 1283 1284
f 1118 1117 1284
f 1136 1284 1117
f 1284 1285 1118
f 1119 1118 1285
f 1286 1119 1285
f 1120 1119 1286
f 1120 1287 1276
f 1120 1286 1287
f 1120 1276 1121
f 1277 1121 1276
f 1278 1124 1123
f 1124 1137 1123
f 1124 1278 1279
f 1124 1279 1125
f 1124 1125 1138
f 1124 1138 1137
f 1125 1279 1280
f 1125 1280 1126
f 1125 1126 1139
f 1125 1139 1138
f 1126 1280 1281
f 1126 1281 1127
f 1126 1127 1140
f 1126 1140 1139
f 1127 1281 1282
f 1127 1282 1128
f 1127 1128 1141
f 1127 1141 1140
f 1288 1128 1282
f 1288 1141 1128
f 1129 1142 1288
f 1288 1142 1141
f 1289 1129 1288
f 1130 1129 1289
f 1290 1130 1289
f 1290 1131 1130
f 1290 1291 1131
f 1291 1132 1131
f 1291 1292 1132
f 1132 1292 1133
f 1292 1293 1133
f 1293 1134 1133
f 1293 1294 1134
f 1294 1135 1134
f 1283 1135 1295
f 1294 1295 1135
f 1304 1303 1146
f 1304 1146 1147
f 1298 1304 1305
f 1305 1304 1147
f 1305 1147 1148
f 1306 1305 1148
f 1153 1143 1154
f 1155 1310 1154
f 1311 1310 1155
f 1311 1155 1156
f 1312 1301 1300
f 1312 1300 1311
f 1312 1311 1156
f 1312 1144 1301
f 1312 1157 1144
f 1312 1156 1157
f 1144 1302 1301
f 1144 1145 1302
f 1144 1158 1145
f 1158 1144 1157
f 1302 1145 1303
f 1145 1146 1303
f 1145 1159 1146
f 1159 1145 1158
f 1146 1160 1147
f 1160 1146 1159
f 1306 1148 1149
f 1149 1307 1306
f 1149 1150 1307
f 1149 1163 1150
f 1313 1307 1150
f 1163 1313 1150
f 1315 1166 1151
f 1152 1315 1151
f 1316 1315 1152
f 1153 1316 1152
f 1153 1317 1316
f 1153 1154 1317
f 1309 1154 1310
f 1317 1154 1309
f 1313 1163 1164
f 1163 1167 1164
f 1164 1314 1313
f 1164 1318 1314
f 1164 1168 1318
f 1164 1167 1168
f 1314 1318 1319
f 1168 1319 1318
f 1165 1321 1174
f 1321 1173 1174
f 1322 1321 1165
f 1166 1322 1165
f 1315 1323 1166
f 1166 1323 1322
f 1168 1169 1319
f 1168 1175 1169
f 1169 1324 1319
f 1175 1324 1169
f 1179 1171 1180
f 1182 1327 1181
f 1328 1327 1182
f 1183 1328 1182
f 1183 1329 1328
f 1184 1329 1183
f 1184 1330 1329
f 1173 1330 1185
f 1185 1330 1184
f 1330 1173 1331
f 1321 1331 1173
f 1332 1321 1322
f 1331 1321 1332
f 1324 1175 1176
f 1176 1333 1324
f 1333 1176 1186
f 1186 1334 1333
f 1189 1177 1178
f 1189 1188 1177
f 1178 1179 1335
f 1178 1335 1189
f 1335 1179 1336
f 1180 1336 1179
f 1337 1180 1326
f 1180 1337 1336
f 1180 1181 1326
f 1326 1181 1327
f 1186 1187 1334
f 1190 1187 1186
f 1334 1187 1338
f 1190 1338 1187
f 1193 1188 1189
f 1193 1192 1188
f 1335 1339 1189
f 1189 1339 1193
f 1340 1335 1336
f 1335 1340 1339
f 1338 1190 1191
f 1190 1194 1191
f 1191 1341 1338
f 1194 1341 1191
f 1192 1193 1200
f 1346 1200 1193
f 1339 1346 1193
f 1194 1195 1341
f 1194 1201 1195
f 1195 1342 1341
f 1195 1196 1342
f 1196 1343 1342
f 1196 1197 1343
f 1197 1344 1343
f 1197 1198 1344
f 1204 1198 1197
f 1347 1344 1198
f 1204 1347 1198
f 1347 1204 1205
f 1205 1348 1347
f 1346 1349 1200
f 1200 1349 1207
f 1205 1350 1348
f 1205 1209 1350
f 1351 1348 1350
f 1209 1351 1350
f 1352 1207 1349
f 1207 1352 1210
f 1209 1353 1351
f 1209 1212 1353
f 1354 1351 1353
f 1212 1354 1353
f 1352 1355 1210
f 1214 1210 1355
f 1354 1212 1356
f 1215 1356 1212
f 1355 1357 1214
f 1214 1357 1217
f 1356 1215 1358
f 1358 1215 1219
f 1360 1217 1357
f 1217 1360 1216
f 1216 1360 1221
f 1358 1219 1361
f 1222 1361 1219
f 1221 1363 1220
f 1220 1363 1224
f 1221 1360 1359
f 1363 1221 1359
f 1361 1222 1364
f 1225 1364 1222
f 1224 1365 1223
f 1223 1365 1227
f 1224 1363 1362
f 1365 1224 1362
f 1229 1366 1225
f 1229 1228 1366
f 1364 1225 1366
f 1232 1226 1227
f 1226 1232 1231
f 1227 1365 1367
f 1232 1227 1367
f 1366 1228 1368
f 1233 1368 1228
f 1231 1232 1235
f 1234 1231 1235
f 1232 1367 1369
f 1235 1232 1369
f 1233 1237 1370
f 1233 1371 1368
f 1233 1370 1371
f 1235 1239 1234
f 1235 1369 1372
f 1235 1372 1239
f 1236 1374 1370
f 1236 1373 1374
f 1236 1242 1373
f 1236 1370 1237
f 1240 1239 1372
f 1240 1244 1239
f 1240 1372 1375
f 1240 1375 1244
f 1241 1249 1377
f 1249 1248 1377
f 1241 1378 1373
f 1241 1377 1378
f 1241 1373 1242
f 1379 1244 1375
f 1379 1250 1244
f 1379 1375 1380
f 1379 1380 1250
f 1251 1250 1380
f 1383 1253 1382
f 1245 1254 1383
f 1383 1254 1253
f 1384 1245 1383
f 1384 1246 1245
f 1384 1385 1246
f 1385 1247 1246
f 1247 1386 1376
f 1385 1386 1247
f 1247 1376 1248
f 1248 1376 1377
f 1251 1380 1381
f 1251 1381 1387
f 1255 1251 1387
f 1381 1388 1387
f 1388 1255 1387
f 1388 1256 1255
f 1388 1389 1256
f 1392 1253 1252
f 1258 1392 1252
f 1392 1382 1253
f 1257 1256 1389
f 1259 1256 1257
f 1393 1389 1390
f 1393 1257 1389
f 1393 1259 1257
f 1393 1260 1259
f 1394 1393 1390
f 1260 1393 1394
f 1258 1397 1392
f 1258 1261 1397
f 1259 1260 1263
f 1262 1259 1263
f 1398 1260 1394
f 1398 1263 1260
f 1394 1399 1398
f 1265 1400 1261
f 1265 1264 1400
f 1396 1397 1261
f 1396 1261 1400
f 1262 1263 1267
f 1398 1401 1263
f 1263 1401 1268
f 1263 1268 1267
f 1402 1398 1399
f 1402 1401 1398
f 1268 1401 1402
f 1264 1271 1403
f 1403 1271 1270
f 1264 1404 1400
f 1264 1403 1404
f 1267 1268 1273
f 1268 1402 1405
f 1268 1405 1274
f 1268 1274 1273
f 1406 1405 1402
f 1274 1405 1406
f 1408 1270 1269
f 1408 1269 1277
f 1403 1270 1409
f 1408 1409 1270
f 1273 1274 1279
f 1274 1406 1275
f 1274 1275 1280
f 1274 1280 1279
f 1410 1275 1406
f 1410 1280 1275
f 1276 1287 1413
f 1413 1287 1286
f 1276 1414 1407
f 1276 1413 1414
f 1276 1407 1277
f 1407 1408 1277
f 1410 1281 1280
f 1281 1410 1415
f 1281 1415 1282
f 1282 1415 1416
f 1288 1282 1416
f 1288 1416 1417
f 1288 1417 1289
f 1422 1294 1293
f 1294 1422 1423
f 1283 1295 1423
f 1294 1423 1295
f 1424 1283 1423
f 1424 1284 1283
f 1424 1425 1284
f 1284 1425 1285
f 1412 1285 1411
f 1425 1411 1285
f 1412 1286 1285
f 1412 1413 1286
f 1418 1289 1417
f 1418 1290 1289
f 1419 1290 1418
f 1419 1291 1290
f 1420 1291 1419
f 1420 1292 1291
f 1421 1292 1420
f 1421 1293 1292
f 1422 1293 1421
f 1435 1434 1301
f 1435 1301 1302
f 1296 1428 1427
f 1296 1427 1435
f 1302 1296 1435
f 1296 1297 1428
f 1296 1303 1297
f 1303 1296 1302
f 1297 1429 1428
f 1297 1298 1429
f 1297 1304 1298
f 1304 1297 1303
f 1298 1430 1429
f 1298 1299 1430
f 1298 1305 1299
f 1436 1431 1430
f 1436 1430 1299
f 1305 1436 1299
f 1306 1436 1305
f 1431 1436 1437
f 1306 1437 1436
f 1437 1306 1307
f 1307 1438 1437
f 1440 1439 1309
f 1440 1309 1310
f 1441 1433 1432
f 1441 1432 1440
f 1441 1440 1310
f 1441 1300 1433
f 1441 1311 1300
f 1441 1310 1311
f 1300 1434 1433
f 1300 1301 1434
f 1307 1308 1438
f 1313 1308 1307
f 1442 1438 1308
f 1313 1442 1308
f 1445 1444 1316
f 1445 1309 1439
f 1445 1317 1309
f 1445 1316 1317
f 1442 1313 1314
f 1314 1443 1442
f 1314 1446 1443
f 1314 1319 1446
f 1447 1443 1446
f 1319 1447 1446
f 1315 1444 1450
f 1315 1450 1323
f 1315 1316 1444
f 1447 1319 1320
f 1319 1324 1320
f 1320 1451 1447
f 1324 1451 1320
f 1455 1454 1327
f 1455 1327 1328
f 1328 1456 1455
f 1329 1456 1328
f 1332 1322 1459
f 1323 1459 1322
f 1323 1450 1449
f 1459 1323 1449
f 1451 1324 1325
f 1324 1333 1325
f 1325 1460 1451
f 1333 1460 1325
f 1460 1333 1334
f 1334 1461 1460
f 1326 1463 1337
f 1463 1336 1337
f 1326 1454 1453
f 1326 1453 1463
f 1326 1327 1454
f 1456 1329 1457
f 1457 1329 1330
f 1330 1464 1457
f 1330 1331 1464
f 1464 1331 1465
f 1331 1332 1465
f 1332 1459 1458
f 1465 1332 1458
f 1334 1466 1461
f 1334 1338 1466
f 1467 1461 1466
f 1467 1466 1338
f 1336 1468 1340
f 1468 1339 1340
f 1463 1462 1336
f 1336 1462 1468
f 1467 1338 1469
f 1469 1338 1341
f 1470 1467 1469
f 1341 1470 1469
f 1339 1468 1474
f 1339 1474 1346
f 1341 1342 1470
f 1342 1471 1470
f 1342 1343 1471
f 1343 1472 1471
f 1343 1344 1472
f 1344 1473 1472
f 1344 1345 1473
f 1347 1345 1344
f 1473 1345 1475
f 1347 1475 1345
f 1348 1475 1347
f 1474 1477 1346
f 1346 1477 1349
f 1348 1478 1475
f 1348 1351 1478
f 1477 1480 1349
f 1352 1349 1480
f 1478 1351 1481
f 1354 1481 1351
f 1480 1482 1352
f 1352 1482 1355
f 1354 1483 1481
f 1483 1354 1356
f 1355 1482 1484
f 1355 1484 1357
f 1483 1356 1485
f 1358 1485 1356
f 1487 1360 1357
f 1487 1357 1484
f 1488 1485 1358
f 1361 1488 1358
f 1359 1487 1486
f 1359 1486 1489
f 1363 1359 1489
f 1487 1359 1360
f 1490 1488 1361
f 1364 1490 1361
f 1362 1489 1492
f 1362 1492 1491
f 1362 1491 1365
f 1489 1362 1363
f 1493 1490 1364
f 1493 1364 1366
f 1365 1494 1367
f 1494 1365 1491
f 1493 1366 1496
f 1366 1495 1496
f 1366 1368 1495
f 1494 1497 1367
f 1367 1497 1369
f 1499 1368 1371
f 1370 1499 1371
f 1499 1495 1368
f 1500 1369 1497
f 1369 1500 1372
f 1370 1374 1501
f 1374 1373 1501
f 1370 1498 1499
f 1370 1501 1498
f 1372 1500 1502
f 1375 1372 1502
f 1373 1378 1507
f 1507 1378 1377
f 1373 1508 1501
f 1373 1507 1508
f 1375 1502 1509
f 1380 1375 1509
f 1383 1382 1510
f 1511 1383 1510
f 1511 1384 1383
f 1512 1384 1511
f 1512 1385 1384
f 1513 1385 1512
f 1513 1376 1386
f 1513 1386 1385
f 1376 1505 1506
f 1513 1505 1376
f 1376 1506 1377
f 1507 1377 1506
f 1380 1509 1514
f 1381 1380 1514
f 1515 1381 1514
f 1515 1388 1381
f 1516 1388 1515
f 1389 1388 1516
f 1517 1389 1516
f 1517 1390 1389
f 1518 1390 1517
f 1518 1391 1390
f 1391 1518 1519
f 1382 1521 1510
f 1382 1392 1521
f 1394 1390 1391
f 1522 1391 1519
f 1522 1394 1391
f 1397 1523 1392
f 1520 1521 1392
f 1520 1392 1523
f 1522 1395 1394
f 1394 1395 1399
f 1524 1395 1522
f 1399 1395 1524
f 1526 1523 1397
f 1526 1397 1396
f 1526 1396 1400
f 1399 1524 1527
f 1402 1399 1527
f 1400 1404 1529
f 1403 1529 1404
f 1526 1400 1525
f 1400 1529 1525
f 1527 1530 1402
f 1530 1406 1402
f 1532 1403 1409
f 1532 1409 1408
f 1403 1528 1529
f 1532 1528 1403
f 1530 1533 1406
f 1406 1533 1410
f 1407 1414 1536
f 1536 1414 1413
f 1537 1407 1536
f 1537 1408 1407
f 1531 1532 1408
f 1537 1531 1408
f 1538 1410 1533
f 1538 1415 1410
f 1539 1415 1538
f 1416 1415 1539
f 1424 1423 1543
f 1543 1544 1424
f 1544 1425 1424
f 1545 1425 1544
f 1545 1412 1411
f 1545 1411 1425
f 1412 1534 1535
f 1545 1534 1412
f 1412 1535 1413
f 1536 1413 1535
f 1539 1546 1416
f 1417 1416 1546
f 1547 1417 1546
f 1418 1417 1547
f 1547 1548 1418
f 1419 1418 1548
f 1549 1419 1548
f 1420 1419 1549
f 1420 1549 1550
f 1420 1550 1421
f 1421 1540 1541
f 1550 1540 1421
f 1421 1541 1422
f 1422 1541 1542
f 1422 1542 1423
f 1423 1542 1543
f 1562 1561 1433
f 1562 1433 1434
f 1426 1553 1552
f 1426 1552 1562
f 1434 1426 1562
f 1426 1427 1553
f 1426 1435 1427
f 1435 1426 1434
f 1427 1554 1553
f 1427 1428 1554
f 1428 1555 1554
f 1428 1429 1555
f 1555 1429 1556
f 1556 1429 1430
f 1430 1557 1556
f 1430 1431 1557
f 1563 1557 1431
f 1437 1563 1431
f 1437 1564 1563
f 1564 1437 1438
f 1567 1560 1559
f 1567 1559 1566
f 1567 1566 1439
f 1567 1432 1560
f 1567 1440 1432
f 1567 1439 1440
f 1432 1561 1560
f 1432 1433 1561
f 1564 1438 1568
f 1442 1568 1438
f 1442 1569 1568
f 1572 1571 1444
f 1572 1439 1566
f 1572 1445 1439
f 1572 1444 1445
f 1569 1442 1443
f 1443 1570 1569
f 1443 1573 1570
f 1447 1573 1443
f 1574 1570 1573
f 1574 1573 1447
f 1576 1444 1571
f 1576 1450 1444
f 1574 1447 1448
f 1447 1451 1448
f 1574 1448 1577
f 1451 1577 1448
f 1580 1579 1454
f 1580 1454 1455
f 1455 1581 1580
f 1456 1581 1455
f 1582 1581 1456
f 1449 1576 1575
f 1449 1575 1585
f 1459 1449 1585
f 1576 1449 1450
f 1577 1451 1452
f 1451 1460 1452
f 1452 1586 1577
f 1460 1586 1452
f 1586 1460 1461
f 1453 1579 1578
f 1453 1578 1589
f 1463 1453 1589
f 1453 1454 1579
f 1582 1456 1457
f 1457 1583 1582
f 1457 1590 1583
f 1464 1590 1457
f 1583 1590 1591
f 1464 1591 1590
f 1465 1591 1464
f 1458 1585 1584
f 1458 1584 1591
f 1465 1458 1591
f 1585 1458 1459
f 1586 1461 1587
f 1461 1592 1587
f 1461 1467 1592
f 1462 1589 1588
f 1462 1588 1593
f 1462 1593 1468
f 1589 1462 1463
f 1592 1467 1594
f 1470 1594 1467
f 1599 1468 1593
f 1599 1474 1468
f 1470 1595 1594
f 1470 1471 1595
f 1471 1596 1595
f 1471 1472 1596
f 1472 1597 1596
f 1472 1473 1597
f 1473 1600 1597
f 1473 1475 1600
f 1601 1600 1475
f 1599 1603 1474
f 1474 1603 1477
f 1601 1475 1476
f 1475 1478 1476
f 1604 1601 1476
f 1478 1604 1476
f 1603 1606 1477
f 1477 1606 1480
f 1478 1479 1604
f 1478 1481 1479
f 1607 1604 1479
f 1607 1479 1481
f 1605 1610 1606
f 1606 1610 1480
f 1480 1610 1482
f 1607 1481 1611
f 1481 1483 1611
f 1614 1610 1609
f 1614 1609 1613
f 1610 1614 1482
f 1614 1484 1482
f 1611 1483 1615
f 1615 1483 1485
f 1619 1614 1613
f 1619 1613 1618
f 1619 1484 1614
f 1619 1487 1484
f 1615 1485 1620
f 1488 1620 1485
f 1486 1619 1618
f 1486 1618 1622
f 1489 1486 1622
f 1619 1486 1487
f 1620 1488 1623
f 1490 1623 1488
f 1625 1622 1621
f 1625 1621 1624
f 1625 1624 1491
f 1622 1625 1489
f 1489 1625 1492
f 1625 1491 1492
f 1493 1626 1490
f 1623 1490 1626
f 1491 1624 1627
f 1494 1491 1627
f 1629 1626 1493
f 1629 1493 1496
f 1495 1629 1496
f 1627 1630 1494
f 1494 1630 1497
f 1495 1628 1629
f 1495 1631 1628
f 1495 1499 1631
f 1497 1630 1632
f 1500 1497 1632
f 1634 1501 1633
f 1634 1631 1499
f 1634 1499 1498
f 1634 1498 1501
f 1500 1632 1635
f 1500 1635 1502
f 1641 1507 1640
f 1641 1633 1501
f 1641 1501 1508
f 1641 1508 1507
f 1502 1635 1643
f 1509 1502 1643
f 1510 1644 1511
f 1503 1636 1637
f 1503 1644 1636
f 1503 1511 1644
f 1503 1637 1504
f 1503 1504 1512
f 1503 1512 1511
f 1504 1637 1638
f 1504 1638 1505
f 1504 1505 1513
f 1504 1513 1512
f 1505 1638 1639
f 1505 1639 1506
f 1506 1639 1640
f 1506 1640 1507
f 1643 1645 1509
f 1514 1509 1645
f 1645 1646 1514
f 1514 1646 1515
f 1515 1646 1647
f 1515 1647 1516
f 1648 1517 1516
f 1649 1517 1648
f 1649 1518 1517
f 1510 1521 1650
f 1510 1651 1644
f 1510 1650 1651
f 1647 1648 1516
f 1649 1652 1518
f 1518 1652 1519
f 1522 1519 1652
f 1654 1650 1521
f 1654 1521 1520
f 1654 1520 1523
f 1522 1652 1655
f 1522 1655 1524
f 1657 1523 1526
f 1654 1523 1653
f 1657 1653 1523
f 1655 1658 1524
f 1524 1658 1527
f 1525 1656 1657
f 1525 1660 1656
f 1525 1529 1660
f 1525 1657 1526
f 1658 1661 1527
f 1661 1530 1527
f 1528 1659 1660
f 1528 1662 1659
f 1528 1532 1662
f 1528 1660 1529
f 1530 1661 1664
f 1530 1664 1533
f 1536 1667 1537
f 1531 1668 1662
f 1531 1667 1668
f 1531 1537 1667
f 1531 1662 1532
f 1533 1664 1670
f 1538 1533 1670
f 1674 1544 1673
f 1674 1545 1544
f 1675 1545 1674
f 1675 1535 1534
f 1675 1534 1545
f 1535 1665 1666
f 1675 1665 1535
f 1535 1666 1536
f 1536 1666 1667
f 1670 1676 1538
f 1676 1539 1538
f 1677 1539 1676
f 1539 1677 1546
f 1549 1548 1680
f 1681 1549 1680
f 1681 1550 1549
f 1682 1550 1681
f 1682 1541 1540
f 1682 1540 1550
f 1541 1683 1671
f 1682 1683 1541
f 1541 1671 1542
f 1542 1671 1672
f 1542 1672 1543
f 1543 1672 1673
f 1543 1673 1544
f 1678 1546 1677
f 1678 1547 1546
f 1679 1547 1678
f 1547 1679 1548
f 1548 1679 1680
f 1689 1688 1552
f 1689 1552 1553
f 1690 1689 1553
f 1691 1690 1554
f 1691 1554 1555
f 1692 1691 1555
f 1692 1555 1556
f 1693 1692 1556
f 1697 1696 1560
f 1697 1560 1561
f 1551 1688 1687
f 1551 1687 1697
f 1561 1551 1697
f 1551 1552 1688
f 1551 1562 1552
f 1562 1551 1561
f 1690 1553 1554
f 1693 1556 1557
f 1557 1694 1693
f 1557 1558 1694
f 1563 1558 1557
f 1694 1558 1698
f 1563 1698 1558
f 1564 1698 1563
f 1559 1696 1695
f 1559 1695 1701
f 1566 1559 1701
f 1559 1560 1696
f 1698 1564 1699
f 1699 1564 1565
f 1564 1568 1565
f 1699 1565 1702
f 1568 1702 1565
f 1569 1702 1568
f 1703 1702 1569
f 1705 1704 1571
f 1701 1705 1566
f 1566 1705 1572
f 1705 1571 1572
f 1703 1569 1570
f 1706 1703 1570
f 1574 1706 1570
f 1710 1571 1704
f 1710 1576 1571
f 1574 1711 1706
f 1574 1577 1711
f 1579 1715 1714
f 1580 1715 1579
f 1716 1708 1707
f 1716 1707 1715
f 1580 1716 1715
f 1581 1716 1580
f 1708 1716 1717
f 1581 1717 1716
f 1717 1581 1582
f 1582 1718 1717
f 1575 1710 1709
f 1575 1709 1720
f 1585 1575 1720
f 1710 1575 1576
f 1711 1577 1712
f 1712 1577 1721
f 1577 1586 1721
f 1712 1721 1722
f 1586 1722 1721
f 1578 1714 1713
f 1578 1713 1724
f 1589 1578 1724
f 1714 1578 1579
f 1582 1583 1718
f 1583 1725 1718
f 1583 1591 1725
f 1584 1720 1719
f 1584 1719 1725
f 1591 1584 1725
f 1720 1584 1585
f 1722 1586 1587
f 1587 1726 1722
f 1592 1726 1587
f 1588 1724 1723
f 1588 1723 1727
f 1588 1727 1593
f 1724 1588 1589
f 1592 1728 1726
f 1592 1594 1728
f 1730 1593 1727
f 1730 1599 1593
f 1728 1594 1731
f 1594 1595 1731
f 1595 1732 1731
f 1596 1732 1595
f 1596 1733 1732
f 1596 1597 1733
f 1733 1597 1734
f 1600 1734 1597
f 1600 1735 1734
f 1601 1735 1600
f 1598 1730 1729
f 1598 1729 1738
f 1598 1738 1602
f 1730 1598 1599
f 1599 1598 1603
f 1598 1602 1603
f 1735 1601 1739
f 1604 1739 1601
f 1602 1738 1743
f 1602 1743 1605
f 1603 1602 1606
f 1602 1605 1606
f 1604 1744 1739
f 1607 1744 1604
f 1749 1743 1742
f 1749 1742 1748
f 1749 1605 1743
f 1749 1609 1605
f 1605 1609 1610
f 1607 1750 1744
f 1607 1611 1750
f 1754 1748 1747
f 1754 1747 1753
f 1748 1608 1749
f 1754 1608 1748
f 1608 1754 1612
f 1608 1609 1749
f 1608 1613 1609
f 1608 1612 1613
f 1611 1755 1750
f 1611 1615 1755
f 1759 1753 1752
f 1759 1752 1758
f 1753 1760 1754
f 1759 1760 1753
f 1760 1759 1616
f 1760 1612 1754
f 1760 1617 1612
f 1760 1616 1617
f 1612 1618 1613
f 1612 1617 1618
f 1755 1615 1761
f 1615 1620 1761
f 1758 1764 1759
f 1763 1764 1758
f 1759 1765 1616
f 1764 1765 1759
f 1765 1617 1616
f 1765 1621 1617
f 1617 1622 1618
f 1617 1621 1622
f 1761 1620 1767
f 1620 1623 1767
f 1763 1770 1764
f 1770 1763 1769
f 1764 1771 1765
f 1770 1771 1764
f 1771 1621 1765
f 1771 1624 1621
f 1767 1623 1766
f 1623 1772 1766
f 1623 1626 1772
f 1769 1774 1770
f 1770 1775 1771
f 1775 1770 1774
f 1775 1624 1771
f 1775 1627 1624
f 1626 1629 1776
f 1626 1776 1772
f 1779 1775 1774
f 1779 1774 1778
f 1775 1779 1627
f 1627 1779 1630
f 1781 1631 1780
f 1781 1776 1629
f 1781 1629 1628
f 1781 1628 1631
f 1778 1783 1779
f 1779 1783 1630
f 1632 1630 1783
f 1789 1633 1788
f 1789 1780 1631
f 1789 1631 1634
f 1789 1634 1633
f 1632 1783 1790
f 1632 1790 1791
f 1635 1632 1791
f 1793 1637 1792
f 1793 1638 1637
f 1794 1638 1793
f 1795 1639 1794
f 1795 1640 1639
f 1796 1640 1795
f 1796 1788 1633
f 1796 1633 1641
f 1796 1641 1640
f 1790 1797 1791
f 1791 1797 1635
f 1642 1635 1797
f 1643 1635 1642
f 1636 1799 1792
f 1636 1798 1799
f 1636 1644 1798
f 1636 1792 1637
f 1794 1639 1638
f 1797 1800 1642
f 1642 1800 1643
f 1643 1800 1801
f 1643 1801 1645
f 1807 1644 1651
f 1650 1807 1651
f 1807 1798 1644
f 1802 1645 1801
f 1645 1802 1646
f 1646 1802 1803
f 1646 1803 1647
f 1647 1803 1804
f 1647 1804 1648
f 1805 1648 1804
f 1805 1649 1648
f 1805 1808 1649
f 1652 1649 1808
f 1650 1654 1809
f 1650 1806 1807
f 1650 1809 1806
f 1652 1808 1810
f 1652 1810 1655
f 1653 1812 1809
f 1653 1811 1812
f 1653 1657 1811
f 1653 1809 1654
f 1655 1810 1814
f 1655 1814 1658
f 1656 1816 1811
f 1656 1815 1816
f 1656 1660 1815
f 1656 1811 1657
f 1814 1817 1658
f 1661 1658 1817
f 1819 1662 1818
f 1819 1815 1660
f 1819 1660 1659
f 1819 1659 1662
f 1661 1817 1820
f 1661 1820 1663
f 1664 1661 1663
f 1824 1667 1823
f 1824 1818 1662
f 1824 1662 1668
f 1824 1668 1667
f 1820 1825 1663
f 1663 1825 1664
f 1664 1825 1669
f 1670 1664 1669
f 1828 1673 1827
f 1828 1674 1673
f 1829 1674 1828
f 1829 1675 1674
f 1665 1821 1822
f 1665 1829 1821
f 1665 1675 1829
f 1665 1822 1666
f 1666 1822 1823
f 1666 1823 1667
f 1830 1669 1825
f 1669 1830 1670
f 1831 1670 1830
f 1670 1831 1676
f 1835 1682 1681
f 1836 1682 1835
f 1671 1683 1836
f 1836 1683 1682
f 1671 1837 1826
f 1671 1836 1837
f 1671 1826 1672
f 1672 1826 1827
f 1672 1827 1673
f 1831 1838 1676
f 1677 1676 1838
f 1838 1839 1677
f 1678 1677 1839
f 1678 1840 1832
f 1678 1839 1840
f 1678 1832 1679
f 1679 1832 1833
f 1679 1833 1680
f 1680 1833 1834
f 1681 1680 1834
f 1834 1835 1681
f 1847 1846 1687
f 1847 1687 1688
f 1688 1848 1847
f 1689 1848 1688
f 1849 1842 1841
f 1849 1841 1848
f 1689 1849 1848
f 1690 1849 1689
f 1850 1843 1842
f 1850 1842 1849
f 1690 1850 1849
f 1850 1684 1843
f 1850 1691 1684
f 1691 1850 1690
f 1684 1844 1843
f 1684 1685 1844
f 1684 1692 1685
f 1692 1684 1691
f 1851 1844 1685
f 1692 1851 1685
f 1693 1851 1692
f 1693 1852 1851
f 1694 1852 1693
f 1686 1846 1845
f 1686 1845 1855
f 1696 1686 1855
f 1686 1687 1846
f 1686 1697 1687
f 1697 1686 1696
f 1694 1856 1852
f 1694 1698 1856
f 1698 1857 1856
f 1695 1855 1854
f 1695 1854 1859
f 1701 1695 1859
f 1855 1695 1696
f 1857 1698 1699
f 1699 1860 1857
f 1702 1860 1699
f 1861 1860 1702
f 1700 1859 1858
f 1700 1858 1862
f 1700 1862 1704
f 1859 1700 1701
f 1701 1700 1705
f 1700 1704 1705
f 1861 1702 1703
f 1861 1703 1863
f 1706 1863 1703
f 1870 1869 1709
f 1870 1704 1862
f 1870 1710 1704
f 1870 1709 1710
f 1706 1864 1863
f 1706 1871 1864
f 1711 1871 1706
f 1872 1864 1871
f 1711 1872 1871
f 1875 1866 1865
f 1875 1865 1874
f 1714 1875 1874
f 1875 1707 1866
f 1875 1715 1707
f 1715 1875 1714
f 1707 1867 1866
f 1707 1708 1867
f 1708 1868 1867
f 1708 1876 1868
f 1708 1717 1876
f 1877 1868 1876
f 1717 1877 1876
f 1718 1877 1717
f 1709 1869 1879
f 1720 1709 1879
f 1711 1712 1872
f 1880 1872 1712
f 1722 1880 1712
f 1713 1874 1873
f 1713 1873 1883
f 1724 1713 1883
f 1874 1713 1714
f 1718 1878 1877
f 1718 1719 1878
f 1725 1719 1718
f 1719 1879 1878
f 1879 1719 1720
f 1880 1722 1884
f 1884 1722 1726
f 1723 1883 1882
f 1723 1882 1888
f 1723 1888 1727
f 1883 1723 1724
f 1884 1726 1889
f 1728 1889 1726
f 1894 1888 1887
f 1894 1887 1893
f 1894 1893 1729
f 1894 1727 1888
f 1894 1730 1727
f 1894 1729 1730
f 1728 1895 1889
f 1728 1731 1895
f 1733 1897 1732
f 1898 1897 1733
f 1734 1898 1733
f 1903 1892 1891
f 1903 1891 1902
f 1892 1904 1893
f 1903 1904 1892
f 1904 1903 1737
f 1904 1729 1893
f 1904 1738 1729
f 1904 1737 1738
f 1895 1731 1896
f 1731 1732 1896
f 1896 1732 1897
f 1734 1899 1898
f 1899 1734 1735
f 1899 1735 1905
f 1739 1905 1735
f 1909 1902 1901
f 1909 1901 1908
f 1902 1736 1903
f 1909 1736 1902
f 1736 1909 1741
f 1736 1737 1903
f 1736 1742 1737
f 1736 1741 1742
f 1737 1743 1738
f 1737 1742 1743
f 1739 1910 1905
f 1744 1910 1739
f 1914 1908 1907
f 1914 1907 1913
f 1914 1913 1745
f 1914 1740 1908
f 1914 1746 1740
f 1914 1745 1746
f 1908 1740 1909
f 1740 1741 1909
f 1740 1747 1741
f 1740 1746 1747
f 1741 1748 1742
f 1741 1747 1748
f 1915 1910 1744
f 1915 1744 1750
f 1918 1913 1912
f 1918 1912 1917
f 1918 1745 1913
f 1745 1918 1751
f 1745 1752 1746
f 1745 1751 1752
f 1746 1753 1747
f 1746 1752 1753
f 1750 1920 1915
f 1750 1755 1920
f 1917 1923 1918
f 1922 1923 1917
f 1923 1922 1756
f 1923 1751 1918
f 1923 1757 1751
f 1923 1756 1757
f 1751 1758 1752
f 1751 1757 1758
f 1920 1755 1924
f 1924 1755 1761
f 1922 1927 1756
f 1926 1927 1922
f 1927 1757 1756
f 1927 1762 1757
f 1758 1757 1763
f 1757 1762 1763
f 1929 1924 1761
f 1929 1761 1767
f 1926 1932 1927
f 1931 1932 1926
f 1932 1762 1927
f 1932 1768 1762
f 1762 1769 1763
f 1762 1768 1769
f 1766 1928 1929
f 1766 1933 1928
f 1766 1772 1933
f 1766 1929 1767
f 1931 1935 1932
f 1935 1931 1934
f 1768 1932 1935
f 1768 1935 1936
f 1768 1773 1769
f 1768 1936 1773
f 1769 1773 1774
f 1772 1937 1933
f 1772 1776 1937
f 1934 1939 1935
f 1935 1940 1936
f 1940 1935 1939
f 1940 1773 1936
f 1940 1777 1773
f 1773 1778 1774
f 1773 1777 1778
f 1943 1780 1942
f 1943 1937 1776
f 1943 1776 1781
f 1943 1781 1780
f 1945 1940 1939
f 1940 1946 1777
f 1945 1946 1940
f 1946 1778 1777
f 1946 1782 1778
f 1778 1782 1783
f 1952 1788 1951
f 1952 1942 1780
f 1952 1780 1789
f 1952 1789 1788
f 1945 1954 1946
f 1946 1955 1782
f 1954 1955 1946
f 1955 1783 1782
f 1955 1790 1783
f 1784 1947 1948
f 1784 1956 1947
f 1784 1792 1956
f 1784 1948 1785
f 1784 1785 1793
f 1784 1793 1792
f 1785 1948 1949
f 1785 1949 1786
f 1785 1786 1794
f 1785 1794 1793
f 1786 1949 1950
f 1786 1950 1787
f 1786 1787 1795
f 1786 1795 1794
f 1787 1950 1951
f 1787 1951 1788
f 1787 1788 1796
f 1787 1796 1795
f 1955 1957 1790
f 1797 1790 1957
f 1959 1956 1792
f 1959 1792 1799
f 1798 1959 1799
f 1960 1797 1957
f 1960 1800 1797
f 1798 1958 1959
f 1798 1962 1958
f 1798 1807 1962
f 1960 1961 1800
f 1800 1961 1801
f 1801 1961 1963
f 1801 1963 1802
f 1963 1964 1802
f 1802 1964 1803
f 1964 1965 1803
f 1803 1965 1804
f 1965 1966 1804
f 1804 1966 1805
f 1967 1805 1966
f 1808 1805 1967
f 1969 1809 1968
f 1969 1962 1807
f 1969 1807 1806
f 1969 1806 1809
f 1966 1970 1967
f 1967 1970 1808
f 1808 1970 1810
f 1972 1968 1809
f 1972 1809 1812
f 1972 1812 1811
f 1810 1970 1973
f 1810 1973 1813
f 1814 1810 1813
f 1975 1815 1974
f 1975 1971 1811
f 1975 1811 1816
f 1975 1816 1815
f 1972 1811 1971
f 1973 1976 1813
f 1813 1976 1814
f 1814 1976 1817
f 1979 1818 1978
f 1979 1974 1815
f 1979 1815 1819
f 1979 1819 1818
f 1976 1980 1817
f 1817 1980 1820
f 1983 1977 1978
f 1983 1982 1977
f 1983 1823 1982
f 1983 1978 1818
f 1983 1818 1824
f 1983 1824 1823
f 1820 1980 1985
f 1820 1985 1825
f 1828 1827 1988
f 1989 1828 1988
f 1989 1829 1828
f 1821 1990 1981
f 1821 1989 1990
f 1821 1829 1989
f 1821 1981 1822
f 1822 1981 1982
f 1822 1982 1823
f 1825 1985 1992
f 1830 1825 1992
f 1995 1836 1835
f 1996 1836 1995
f 1996 1826 1837
f 1996 1837 1836
f 1826 1986 1987
f 1996 1986 1826
f 1826 1987 1827
f 1827 1987 1988
f 1997 1830 1992
f 1997 1831 1830
f 1998 1831 1997
f 1998 1838 1831
f 1999 1838 1998
f 1838 1999 1839
f 2000 1839 1999
f 1832 1840 2000
f 2000 1840 1839
f 2001 1832 2000
f 1833 1832 2001
f 1833 2001 2002
f 1833 2002 1834
f 1834 1993 1994
f 2002 1993 1834
f 1834 1994 1835
f 1995 1835 1994
f 2010 2009 1846
f 2010 1846 1847
f 1847 2011 2010
f 1841 2011 1848
f 1848 2011 1847
f 1841 2004 2003
f 1841 2003 2011
f 1841 1842 2004
f 1842 2005 2004
f 1842 1843 2005
f 1843 2006 2005
f 1843 1844 2006
f 2006 1844 2012
f 1851 2012 1844
f 1851 2013 2012
f 1852 2013 1851
f 2017 2008 2007
f 2017 2007 2016
f 2017 2016 1854
f 2017 1845 2008
f 2017 1855 1845
f 2017 1854 1855
f 1845 2009 2008
f 1845 1846 2009
f 2013 1852 2014
f 2014 1852 1853
f 1852 1856 1853
f 2018 2014 1853
f 1856 2018 1853
f 1857 2018 1856
f 2021 2020 1858
f 2021 1854 2016
f 2021 1859 1854
f 2021 1858 1859
f 2018 1857 2019
f 2019 1857 2022
f 1857 1860 2022
f 2023 2019 2022
f 1860 2023 2022
f 1861 2023 1860
f 1858 2020 2025
f 1858 2025 1862
f 2026 2023 1861
f 2026 1861 1863
f 2032 2025 2024
f 2032 2024 2031
f 2032 2031 1869
f 2032 1862 2025
f 2032 1870 1862
f 2032 1869 1870
f 2026 1863 2033
f 1863 1864 2033
f 1864 2034 2033
f 1872 2034 1864
f 1865 2028 2027
f 1865 2027 2038
f 1874 1865 2038
f 1865 1866 2028
f 1866 2029 2028
f 1866 1867 2029
f 1867 2030 2029
f 1867 1868 2030
f 2030 1868 2039
f 2039 1868 1877
f 1877 2040 2039
f 2041 2040 1878
f 2041 1869 2031
f 2041 1879 1869
f 2041 1878 1879
f 2042 2034 1872
f 1880 2042 1872
f 2048 2037 2036
f 2048 2036 2047
f 2048 2047 1882
f 2048 1873 2037
f 2048 1883 1873
f 2048 1882 1883
f 1873 2038 2037
f 2038 1873 1874
f 1877 1878 2040
f 2042 1880 2049
f 1880 1884 2049
f 2053 2045 2044
f 2053 2044 2052
f 2054 2046 2045
f 2054 2045 2053
f 2054 2053 1886
f 2054 1886 1887
f 2046 1881 2047
f 2054 1881 2046
f 1881 2054 1887
f 1881 1882 2047
f 1881 1888 1882
f 1881 1887 1888
f 2049 1884 2055
f 1889 2055 1884
f 2059 2052 2051
f 2059 2051 2058
f 2059 2058 1890
f 2059 1885 2052
f 2059 1891 1885
f 2059 1890 1891
f 2052 1885 2053
f 1885 1886 2053
f 1885 1892 1886
f 1885 1891 1892
f 1886 1893 1887
f 1893 1886 1892
f 2060 2055 1889
f 2060 1889 1895
f 2064 2058 2057
f 2064 2057 2063
f 2064 2063 1900
f 2064 1890 2058
f 2064 1901 1890
f 2064 1900 1901
f 1890 1902 1891
f 1890 1901 1902
f 2060 1895 2065
f 1895 1896 2065
f 1896 2066 2065
f 1897 2066 1896
f 1897 2067 2066
f 1897 1898 2067
f 2067 1898 2068
f 1899 2068 1898
f 1899 2069 2068
f 2069 1899 1905
f 2072 2063 2062
f 2072 2062 2071
f 2072 2071 1906
f 2072 1900 2063
f 2072 1907 1900
f 2072 1906 1907
f 1900 1908 1901
f 1900 1907 1908
f 2069 1905 2074
f 1910 2074 1905
f 2077 2071 2070
f 2077 2070 2076
f 2077 2076 1911
f 2077 1906 2071
f 2077 1912 1906
f 2077 1911 1912
f 1906 1913 1907
f 1906 1912 1913
f 1910 2078 2074
f 1910 1915 2078
f 2080 1911 2076
f 1911 2080 1916
f 1911 1917 1912
f 1911 1916 1917
f 1915 2081 2078
f 1915 1919 2081
f 1920 1919 1915
f 2083 1916 2080
f 1916 2083 1921
f 1917 1916 1922
f 1916 1921 1922
f 2085 2081 1919
f 2085 1919 1920
f 2085 1920 1924
f 2087 1921 2083
f 1921 2087 1925
f 1922 1921 1926
f 1921 1925 1926
f 2089 2084 2085
f 2089 2088 2084
f 2089 2085 1924
f 2089 1924 1929
f 2091 1925 2087
f 1925 2091 1930
f 1926 1925 1931
f 1925 1930 1931
f 1928 2088 2089
f 1928 2092 2088
f 1928 1933 2092
f 1928 2089 1929
f 2094 1930 2091
f 1930 2094 2095
f 1930 1934 1931
f 1930 2095 1934
f 1933 2097 2092
f 1933 1937 2097
f 2094 2099 2095
f 2099 2094 2098
f 2099 1934 2095
f 2099 1938 1934
f 1934 1938 1939
f 2105 2096 2097
f 2105 2104 2096
f 2105 1942 2104
f 2105 2097 1937
f 2105 1937 1943
f 2105 1943 1942
f 2098 2106 2099
f 1938 2099 2106
f 1938 2106 2107
f 1938 1944 1939
f 1938 2107 1944
f 1945 1939 1944
f 2109 2100 2101
f 2109 2108 2100
f 2109 1948 2108
f 2109 1949 1948
f 2110 2101 2102
f 2110 2109 2101
f 2110 1949 2109
f 2110 1950 1949
f 2111 2102 2103
f 2111 2110 2102
f 2111 1950 2110
f 2111 1951 1950
f 1941 2103 2104
f 1941 2111 2103
f 1941 1951 2111
f 1941 2104 1942
f 1941 1942 1952
f 1941 1952 1951
f 2106 2112 2107
f 2112 1944 2107
f 1944 2112 2113
f 1944 2113 1945
f 1945 2113 1953
f 1945 1953 1954
f 2115 1956 2114
f 2115 2108 1948
f 2115 1948 1947
f 2115 1947 1956
f 2112 2116 2113
f 2113 2117 1953
f 2116 2117 2113
f 2117 1954 1953
f 2118 1954 2117
f 1954 2118 1955
f 1955 2118 2119
f 1957 1955 2119
f 1956 1959 2120
f 1956 2120 2114
f 2121 2119 2118
f 2119 2121 1957
f 1957 2121 2122
f 1960 1957 2122
f 2124 1962 2123
f 2124 2120 1959
f 2124 1959 1958
f 2124 1958 1962
f 2125 1960 2122
f 2125 1961 1960
f 2125 2126 1961
f 1963 1961 2126
f 1963 2126 2127
f 1963 2127 1964
f 2128 1964 2127
f 2128 1965 1964
f 2129 1965 2128
f 1965 2129 1966
f 2131 1962 1969
f 2131 1969 1968
f 2131 2123 1962
f 2129 2133 1966
f 1966 2133 1970
f 1968 1972 2135
f 2131 1968 2130
f 1968 2135 2130
f 2133 2136 1970
f 1973 1970 2136
f 2138 1974 2137
f 2138 2134 1971
f 2138 1971 1975
f 2138 1975 1974
f 1971 2134 2135
f 1971 2135 1972
f 1973 2136 2139
f 1973 2139 2140
f 1973 2140 1976
f 2142 1978 2141
f 2142 2137 1974
f 2142 1974 1979
f 2142 1979 1978
f 2139 2143 2140
f 2140 2143 1976
f 1976 2143 1980
f 2146 1982 2145
f 2146 2141 1978
f 2146 1978 1977
f 2146 1977 1982
f 2143 2147 1980
f 1984 1980 2147
f 1985 1980 1984
f 2150 1989 1988
f 2151 1989 2150
f 2151 1981 1990
f 2151 1990 1989
f 1981 2144 2145
f 2151 2144 1981
f 1981 2145 1982
f 2147 2152 1984
f 1984 2152 1985
f 1991 1985 2152
f 1992 1985 1991
f 2156 1995 2155
f 2156 1996 1995
f 2157 1996 2156
f 2157 1987 1986
f 2157 1986 1996
f 1987 2148 2149
f 2157 2148 1987
f 1987 2149 1988
f 2150 1988 2149
f 2152 2158 1991
f 1991 2158 1992
f 1992 2158 2159
f 1997 1992 2159
f 2162 2000 1999
f 2163 2000 2162
f 2163 2001 2000
f 2164 2001 2163
f 2164 2002 2001
f 1993 2153 2154
f 1993 2164 2153
f 1993 2002 2164
f 1993 2154 1994
f 1994 2154 2155
f 1994 2155 1995
f 2160 1997 2159
f 2160 1998 1997
f 2161 1998 2160
f 1999 1998 2161
f 2162 1999 2161
f 2174 2173 2009
f 2174 2009 2010
f 2175 2166 2165
f 2175 2165 2174
f 2010 2175 2174
f 2175 2003 2166
f 2175 2011 2003
f 2011 2175 2010
f 2003 2167 2166
f 2003 2004 2167
f 2004 2168 2167
f 2004 2005 2168
f 2005 2169 2168
f 2005 2006 2169
f 2176 2169 2006
f 2012 2176 2006
f 2012 2177 2176
f 2013 2177 2012
f 2013 2178 2177
f 2007 2172 2171
f 2007 2171 2181
f 2016 2007 2181
f 2007 2008 2172
f 2172 2008 2173
f 2008 2009 2173
f 2013 2014 2178
f 2014 2182 2178
f 2018 2182 2014
f 2018 2183 2182
f 2015 2181 2180
f 2015 2180 2185
f 2015 2185 2020
f 2181 2015 2016
f 2016 2015 2021
f 2015 2020 2021
f 2018 2019 2183
f 2186 2183 2019
f 2186 2019 2023
f 2189 2188 2024
f 2189 2020 2185
f 2189 2025 2020
f 2189 2024 2025
f 2186 2023 2190
f 2023 2026 2190
f 2024 2188 2199
f 2024 2199 2031
f 2190 2026 2200
f 2033 2200 2026
f 2033 2201 2200
f 2034 2201 2033
f 2208 2193 2192
f 2208 2192 2207
f 2208 2207 2037
f 2208 2027 2193
f 2208 2038 2027
f 2208 2037 2038
f 2027 2194 2193
f 2027 2028 2194
f 2028 2195 2194
f 2028 2029 2195
f 2029 2196 2195
f 2029 2030 2196
f 2030 2209 2196
f 2030 2039 2209
f 2039 2210 2209
f 2210 2039 2040
f 2211 2199 2198
f 2211 2198 2210
f 2211 2210 2040
f 2211 2031 2199
f 2211 2041 2031
f 2211 2040 2041
f 2034 2212 2201
f 2042 2212 2034
f 2217 2204 2203
f 2217 2203 2216
f 2217 2216 2044
f 2217 2044 2045
f 2218 2205 2204
f 2218 2204 2217
f 2218 2217 2045
f 2218 2035 2205
f 2218 2046 2035
f 2218 2045 2046
f 2035 2206 2205
f 2035 2036 2206
f 2035 2047 2036
f 2047 2035 2046
f 2036 2207 2206
f 2036 2037 2207
f 2212 2042 2219
f 2042 2049 2219
f 2223 2215 2214
f 2223 2214 2222
f 2223 2222 2050
f 2223 2043 2215
f 2223 2051 2043
f 2223 2050 2051
f 2215 2043 2216
f 2043 2044 2216
f 2043 2052 2044
f 2043 2051 2052
f 2219 2049 2224
f 2224 2049 2055
f 2228 2222 2221
f 2228 2221 2227
f 2228 2227 2056
f 2228 2050 2222
f 2228 2057 2050
f 2228 2056 2057
f 2050 2058 2051
f 2050 2057 2058
f 2229 2224 2055
f 2229 2055 2060
f 2232 2227 2226
f 2232 2226 2231
f 2232 2231 2061
f 2232 2056 2227
f 2232 2062 2056
f 2232 2061 2062
f 2056 2063 2057
f 2056 2062 2063
f 2229 2060 2233
f 2060 2065 2233
f 2235 2231 2230
f 2235 2230 2234
f 2235 2061 2231
f 2061 2235 2070
f 2061 2071 2062
f 2061 2070 2071
f 2233 2065 2236
f 2236 2065 2066
f 2236 2066 2237
f 2066 2067 2237
f 2237 2067 2238
f 2067 2068 2238
f 2068 2239 2238
f 2069 2239 2068
f 2073 2239 2069
f 2074 2073 2069
f 2242 2235 2234
f 2242 2234 2241
f 2242 2070 2235
f 2242 2076 2070
f 2244 2239 2073
f 2244 2073 2074
f 2244 2074 2078
f 2241 2075 2242
f 2246 2075 2241
f 2075 2246 2079
f 2242 2075 2076
f 2076 2075 2080
f 2075 2079 2080
f 2078 2248 2244
f 2078 2081 2248
f 2250 2079 2246
f 2079 2250 2082
f 2080 2079 2083
f 2079 2082 2083
f 2081 2251 2248
f 2081 2084 2251
f 2085 2084 2081
f 2253 2082 2250
f 2082 2253 2086
f 2083 2082 2087
f 2082 2086 2087
f 2084 2255 2251
f 2084 2088 2255
f 2257 2086 2253
f 2086 2257 2090
f 2087 2086 2091
f 2086 2090 2091
f 2088 2260 2255
f 2088 2092 2260
f 2261 2090 2257
f 2090 2261 2093
f 2091 2090 2094
f 2090 2093 2094
f 2266 2259 2260
f 2266 2265 2259
f 2266 2260 2092
f 2266 2092 2097
f 2261 2268 2093
f 2268 2261 2267
f 2093 2268 2094
f 2268 2098 2094
f 2271 2262 2263
f 2271 2270 2262
f 2271 2101 2270
f 2271 2102 2101
f 2272 2263 2264
f 2272 2271 2263
f 2272 2102 2271
f 2272 2103 2102
f 2273 2264 2265
f 2273 2272 2264
f 2273 2103 2272
f 2273 2265 2096
f 2273 2096 2104
f 2273 2104 2103
f 2096 2265 2266
f 2096 2266 2097
f 2267 2274 2268
f 2274 2098 2268
f 2098 2274 2275
f 2098 2275 2106
f 2100 2269 2270
f 2100 2276 2269
f 2100 2108 2276
f 2100 2270 2101
f 2274 2278 2275
f 2106 2275 2278
f 2106 2278 2279
f 2106 2279 2112
f 2281 2276 2108
f 2281 2108 2115
f 2114 2281 2115
f 2283 2279 2278
f 2283 2112 2279
f 2112 2283 2284
f 2112 2284 2116
f 2114 2280 2281
f 2114 2285 2280
f 2114 2120 2285
f 2283 2287 2284
f 2287 2116 2284
f 2288 2116 2287
f 2288 2117 2116
f 2288 2289 2117
f 2118 2117 2289
f 2118 2289 2290
f 2121 2118 2290
f 2292 2285 2120
f 2292 2120 2124
f 2123 2292 2124
f 2295 2290 2289
f 2295 2121 2290
f 2295 2296 2121
f 2121 2296 2122
f 2122 2296 2297
f 2125 2122 2297
f 2123 2291 2292
f 2123 2302 2291
f 2123 2131 2302
f 2298 2125 2297
f 2125 2298 2126
f 2126 2298 2303
f 2126 2303 2127
f 2127 2299 2300
f 2303 2299 2127
f 2128 2127 2300
f 2300 2304 2128
f 2129 2128 2304
f 2132 2129 2304
f 2133 2129 2132
f 2130 2301 2302
f 2130 2306 2301
f 2130 2135 2306
f 2130 2302 2131
f 2304 2307 2132
f 2132 2307 2133
f 2307 2136 2133
f 2134 2138 2309
f 2309 2138 2137
f 2134 2305 2306
f 2134 2309 2305
f 2134 2306 2135
f 2310 2136 2307
f 2136 2310 2139
f 2312 2141 2311
f 2312 2137 2142
f 2312 2142 2141
f 2309 2137 2308
f 2312 2308 2137
f 2139 2310 2313
f 2139 2313 2314
f 2139 2314 2143
f 2317 2145 2316
f 2317 2311 2141
f 2317 2141 2146
f 2317 2146 2145
f 2313 2318 2314
f 2314 2318 2143
f 2147 2143 2318
f 2322 2150 2321
f 2322 2151 2150
f 2144 2315 2316
f 2144 2322 2315
f 2144 2151 2322
f 2144 2316 2145
f 2318 2324 2147
f 2324 2152 2147
f 2155 2328 2156
f 2329 2156 2328
f 2329 2157 2156
f 2148 2319 2320
f 2148 2329 2319
f 2148 2157 2329
f 2148 2320 2149
f 2149 2320 2321
f 2149 2321 2150
f 2324 2330 2152
f 2158 2152 2330
f 2335 2162 2334
f 2335 2163 2162
f 2336 2163 2335
f 2336 2164 2163
f 2153 2325 2326
f 2153 2336 2325
f 2153 2164 2336
f 2153 2326 2154
f 2154 2326 2327
f 2154 2327 2155
f 2155 2327 2328
f 2331 2158 2330
f 2158 2331 2159
f 2159 2331 2337
f 2159 2337 2160
f 2160 2332 2333
f 2337 2332 2160
f 2160 2333 2161
f 2161 2333 2334
f 2161 2334 2162
f 2342 2341 2166
f 2342 2166 2167
f 2343 2342 2167
f 2172 2350 2349
f 2173 2350 2172
f 2351 2340 2339
f 2351 2339 2350
f 2173 2351 2350
f 2351 2165 2340
f 2351 2174 2165
f 2174 2351 2173
f 2165 2341 2340
f 2165 2166 2341
f 2343 2167 2168
f 2168 2344 2343
f 2168 2169 2344
f 2169 2345 2344
f 2169 2170 2345
f 2176 2170 2169
f 2352 2346 2345
f 2352 2345 2170
f 2176 2352 2170
f 2177 2352 2176
f 2346 2352 2353
f 2177 2353 2352
f 2178 2353 2177
f 2356 2355 2180
f 2356 2171 2348
f 2356 2181 2171
f 2356 2180 2181
f 2171 2349 2348
f 2349 2171 2172
f 2178 2354 2353
f 2178 2179 2354
f 2182 2179 2178
f 2354 2179 2357
f 2182 2357 2179
f 2357 2182 2183
f 2360 2180 2355
f 2360 2185 2180
f 2357 2183 2358
f 2183 2361 2358
f 2186 2361 2183
f 2362 2358 2361
f 2186 2362 2361
f 2184 2360 2359
f 2184 2359 2364
f 2184 2364 2188
f 2360 2184 2185
f 2185 2184 2189
f 2184 2188 2189
f 2186 2187 2362
f 2186 2190 2187
f 2365 2362 2187
f 2365 2187 2190
f 2374 2373 2194
f 2374 2194 2195
f 2195 2375 2374
f 2378 2188 2364
f 2378 2199 2188
f 2365 2190 2191
f 2190 2200 2191
f 2365 2191 2379
f 2200 2379 2191
f 2201 2379 2200
f 2384 2383 2203
f 2384 2203 2204
f 2385 2369 2368
f 2385 2368 2384
f 2385 2384 2204
f 2385 2204 2205
f 2386 2370 2369
f 2386 2369 2385
f 2386 2385 2205
f 2386 2205 2206
f 2387 2371 2370
f 2387 2370 2386
f 2387 2386 2206
f 2387 2192 2371
f 2387 2207 2192
f 2387 2206 2207
f 2192 2372 2371
f 2192 2193 2372
f 2372 2193 2373
f 2193 2194 2373
f 2195 2196 2375
f 2196 2376 2375
f 2196 2197 2376
f 2209 2197 2196
f 2197 2377 2376
f 2197 2388 2377
f 2197 2210 2388
f 2210 2197 2209
f 2198 2378 2377
f 2198 2377 2388
f 2210 2198 2388
f 2378 2198 2199
f 2201 2389 2379
f 2212 2389 2201
f 2394 2382 2381
f 2394 2381 2393
f 2394 2393 2214
f 2394 2202 2382
f 2394 2215 2202
f 2394 2214 2215
f 2202 2383 2382
f 2202 2203 2383
f 2202 2216 2203
f 2216 2202 2215
f 2389 2212 2395
f 2212 2219 2395
f 2398 2392 2391
f 2398 2391 2397
f 2392 2213 2393
f 2398 2213 2392
f 2213 2398 2221
f 2213 2214 2393
f 2213 2222 2214
f 2213 2221 2222
f 2395 2219 2399
f 2399 2219 2224
f 2402 2397 2396
f 2402 2396 2401
f 2397 2220 2398
f 2402 2220 2397
f 2220 2402 2226
f 2220 2221 2398
f 2220 2227 2221
f 2220 2226 2227
f 2399 2224 2403
f 2229 2403 2224
f 2225 2402 2401
f 2225 2401 2405
f 2225 2405 2230
f 2225 2226 2402
f 2225 2231 2226
f 2225 2230 2231
f 2229 2406 2403
f 2229 2233 2406
f 2408 2405 2404
f 2408 2404 2407
f 2408 2230 2405
f 2408 2234 2230
f 2233 2409 2406
f 2233 2236 2409
f 2411 2408 2407
f 2411 2407 2410
f 2411 2410 2240
f 2411 2234 2408
f 2411 2241 2234
f 2411 2240 2241
f 2412 2409 2236
f 2413 2412 2236
f 2413 2236 2237
f 2413 2237 2414
f 2237 2238 2414
f 2414 2238 2415
f 2239 2243 2238
f 2238 2243 2415
f 2244 2243 2239
f 2417 2240 2410
f 2240 2417 2245
f 2241 2240 2246
f 2240 2245 2246
f 2419 2412 2413
f 2414 2420 2413
f 2413 2420 2419
f 2421 2414 2415
f 2421 2420 2414
f 2243 2421 2415
f 2243 2247 2421
f 2243 2244 2248
f 2243 2248 2247
f 2423 2245 2417
f 2423 2249 2245
f 2246 2245 2250
f 2245 2249 2250
f 2427 2420 2421
f 2428 2421 2247
f 2428 2427 2421
f 2428 2247 2248
f 2428 2248 2251
f 2430 2249 2423
f 2430 2252 2249
f 2250 2249 2253
f 2249 2252 2253
f 2434 2426 2427
f 2434 2433 2426
f 2435 2427 2428
f 2435 2434 2427
f 2435 2428 2251
f 2435 2251 2255
f 2437 2252 2430
f 2252 2437 2256
f 2253 2252 2257
f 2252 2256 2257
f 2440 2432 2433
f 2440 2439 2432
f 2441 2433 2434
f 2441 2440 2433
f 2254 2434 2435
f 2254 2441 2434
f 2254 2259 2441
f 2254 2435 2255
f 2254 2255 2260
f 2254 2260 2259
f 2256 2437 2443
f 2256 2443 2444
f 2257 2256 2261
f 2256 2444 2261
f 2446 2438 2439
f 2446 2445 2438
f 2446 2262 2445
f 2446 2263 2262
f 2447 2439 2440
f 2447 2446 2439
f 2447 2263 2446
f 2447 2264 2263
f 2258 2440 2441
f 2258 2447 2440
f 2258 2264 2447
f 2258 2441 2259
f 2258 2259 2265
f 2258 2265 2264
f 2449 2444 2443
f 2444 2449 2261
f 2449 2267 2261
f 2451 2445 2262
f 2451 2262 2270
f 2451 2270 2269
f 2267 2449 2453
f 2267 2453 2454
f 2267 2454 2274
f 2451 2269 2450
f 2269 2455 2450
f 2269 2276 2455
f 2453 2457 2454
f 2457 2453 2456
f 2457 2274 2454
f 2457 2277 2274
f 2274 2277 2278
f 2458 2455 2276
f 2458 2276 2281
f 2456 2459 2457
f 2457 2460 2277
f 2459 2460 2457
f 2277 2460 2278
f 2278 2460 2282
f 2283 2278 2282
f 2462 2285 2461
f 2462 2458 2281
f 2462 2281 2280
f 2462 2280 2285
f 2460 2464 2282
f 2464 2283 2282
f 2464 2286 2283
f 2283 2286 2287
f 2466 2461 2285
f 2466 2285 2292
f 2464 2468 2286
f 2468 2287 2286
f 2287 2468 2469
f 2288 2287 2469
f 2288 2469 2293
f 2289 2288 2294
f 2294 2288 2293
f 2295 2289 2294
f 2295 2472 2296
f 2291 2465 2466
f 2291 2475 2465
f 2291 2302 2475
f 2291 2466 2292
f 2470 2293 2469
f 2470 2294 2293
f 2471 2294 2470
f 2471 2295 2294
f 2295 2471 2472
f 2473 2296 2472
f 2296 2473 2297
f 2473 2476 2297
f 2298 2297 2476
f 2477 2298 2476
f 2303 2298 2477
f 2478 2303 2477
f 2300 2299 2478
f 2478 2299 2303
f 2478 2479 2300
f 2300 2479 2304
f 2301 2474 2475
f 2301 2481 2474
f 2301 2306 2481
f 2301 2475 2302
f 2304 2479 2482
f 2304 2482 2483
f 2304 2483 2307
f 2305 2480 2481
f 2305 2485 2480
f 2305 2309 2485
f 2305 2481 2306
f 2482 2486 2483
f 2483 2486 2307
f 2486 2310 2307
f 2311 2488 2312
f 2308 2484 2485
f 2308 2488 2484
f 2308 2312 2488
f 2308 2485 2309
f 2489 2310 2486
f 2310 2489 2313
f 2492 2316 2491
f 2492 2311 2317
f 2492 2317 2316
f 2311 2487 2488
f 2492 2487 2311
f 2494 2313 2489
f 2313 2494 2318
f 2497 2321 2496
f 2497 2322 2321
f 2315 2490 2491
f 2315 2497 2490
f 2315 2322 2497
f 2315 2491 2316
f 2494 2498 2318
f 2323 2318 2498
f 2324 2318 2323
f 2319 2329 2502
f 2502 2329 2328
f 2319 2503 2495
f 2319 2502 2503
f 2319 2495 2320
f 2320 2495 2496
f 2320 2496 2321
f 2498 2504 2323
f 2323 2504 2324
f 2505 2324 2504
f 2330 2324 2505
f 2508 2335 2334
f 2509 2335 2508
f 2509 2336 2335
f 2510 2336 2509
f 2510 2326 2325
f 2510 2325 2336
f 2326 2499 2500
f 2510 2499 2326
f 2326 2500 2327
f 2327 2500 2501
f 2328 2327 2501
f 2501 2502 2328
f 2505 2511 2330
f 2331 2330 2511
f 2512 2331 2511
f 2337 2331 2512
f 2513 2337 2512
f 2513 2333 2332
f 2513 2332 2337
f 2333 2506 2507
f 2513 2506 2333
f 2333 2507 2334
f 2507 2508 2334
f 2341 2519 2518
f 2342 2519 2341
f 2342 2520 2519
f 2343 2520 2342
f 2521 2520 2343
f 2526 2525 2348
f 2526 2348 2349
f 2338 2516 2515
f 2338 2515 2526
f 2349 2338 2526
f 2338 2339 2516
f 2338 2350 2339
f 2350 2338 2349
f 2339 2517 2516
f 2339 2340 2517
f 2340 2518 2517
f 2518 2340 2341
f 2521 2343 2344
f 2344 2522 2521
f 2344 2345 2522
f 2345 2523 2522
f 2345 2346 2523
f 2523 2346 2527
f 2353 2527 2346
f 2528 2527 2353
f 2347 2525 2524
f 2347 2524 2530
f 2347 2530 2355
f 2347 2348 2525
f 2347 2356 2348
f 2347 2355 2356
f 2528 2353 2354
f 2354 2531 2528
f 2354 2357 2531
f 2532 2531 2357
f 2534 2530 2529
f 2534 2529 2533
f 2534 2533 2359
f 2534 2355 2530
f 2534 2360 2355
f 2534 2359 2360
f 2532 2357 2358
f 2532 2358 2535
f 2362 2535 2358
f 2359 2533 2538
f 2364 2359 2538
f 2362 2539 2535
f 2365 2539 2362
f 2547 2546 2370
f 2547 2370 2371
f 2548 2547 2371
f 2548 2371 2372
f 2372 2549 2548
f 2373 2549 2372
f 2373 2550 2549
f 2374 2550 2373
f 2374 2551 2550
f 2551 2374 2375
f 2363 2538 2537
f 2363 2537 2553
f 2363 2553 2377
f 2538 2363 2364
f 2364 2363 2378
f 2363 2377 2378
f 2365 2540 2539
f 2365 2554 2540
f 2365 2379 2554
f 2555 2540 2554
f 2555 2554 2379
f 2559 2558 2381
f 2559 2381 2382
f 2366 2543 2542
f 2366 2542 2559
f 2366 2559 2382
f 2366 2367 2543
f 2366 2383 2367
f 2366 2382 2383
f 2543 2367 2544
f 2367 2368 2544
f 2367 2384 2368
f 2384 2367 2383
f 2544 2368 2545
f 2368 2369 2545
f 2545 2369 2546
f 2369 2370 2546
f 2551 2375 2552
f 2375 2376 2552
f 2376 2553 2552
f 2376 2377 2553
f 2555 2379 2560
f 2379 2389 2560
f 2561 2555 2560
f 2389 2561 2560
f 2564 2563 2391
f 2564 2391 2392
f 2380 2558 2557
f 2380 2557 2564
f 2392 2380 2564
f 2380 2381 2558
f 2380 2393 2381
f 2393 2380 2392
f 2389 2390 2561
f 2389 2395 2390
f 2565 2561 2390
f 2565 2390 2395
f 2568 2563 2562
f 2568 2562 2567
f 2568 2567 2396
f 2568 2391 2563
f 2568 2397 2391
f 2568 2396 2397
f 2565 2395 2569
f 2395 2399 2569
f 2396 2567 2571
f 2396 2571 2401
f 2399 2572 2569
f 2403 2572 2399
f 2400 2571 2570
f 2400 2570 2574
f 2400 2574 2404
f 2400 2401 2571
f 2400 2405 2401
f 2400 2404 2405
f 2403 2575 2572
f 2403 2406 2575
f 2577 2404 2574
f 2404 2577 2407
f 2406 2578 2575
f 2409 2578 2406
f 2580 2577 2576
f 2580 2576 2579
f 2580 2407 2577
f 2580 2410 2407
f 2581 2578 2409
f 2581 2409 2412
f 2583 2580 2579
f 2583 2579 2582
f 2583 2582 2416
f 2580 2583 2410
f 2410 2583 2417
f 2583 2416 2417
f 2412 2584 2581
f 2412 2418 2584
f 2419 2418 2412
f 2416 2582 2585
f 2416 2585 2422
f 2417 2416 2423
f 2416 2422 2423
f 2418 2586 2584
f 2418 2424 2586
f 2418 2419 2425
f 2418 2425 2424
f 2426 2419 2420
f 2425 2419 2426
f 2427 2426 2420
f 2422 2585 2587
f 2422 2587 2429
f 2423 2422 2430
f 2422 2429 2430
f 2424 2588 2586
f 2424 2431 2588
f 2424 2425 2432
f 2424 2432 2431
f 2425 2426 2433
f 2425 2433 2432
f 2429 2587 2589
f 2429 2589 2436
f 2430 2429 2437
f 2429 2436 2437
f 2431 2590 2588
f 2431 2438 2590
f 2431 2432 2439
f 2431 2439 2438
f 2436 2589 2591
f 2436 2591 2442
f 2436 2443 2437
f 2436 2442 2443
f 2438 2592 2590
f 2438 2445 2592
f 2594 2442 2591
f 2594 2443 2442
f 2594 2448 2443
f 2449 2443 2448
f 2596 2592 2445
f 2596 2445 2451
f 2597 2448 2594
f 2448 2597 2452
f 2449 2448 2453
f 2448 2452 2453
f 2450 2595 2596
f 2450 2598 2595
f 2450 2455 2598
f 2450 2596 2451
f 2597 2600 2452
f 2600 2597 2599
f 2452 2600 2453
f 2600 2456 2453
f 2601 2455 2458
f 2601 2598 2455
f 2599 2602 2600
f 2602 2456 2600
f 2456 2602 2603
f 2456 2603 2459
f 2605 2461 2604
f 2605 2601 2458
f 2605 2458 2462
f 2605 2462 2461
f 2602 2606 2603
f 2606 2459 2603
f 2459 2606 2607
f 2459 2463 2460
f 2459 2607 2463
f 2464 2460 2463
f 2609 2465 2608
f 2609 2604 2461
f 2609 2461 2466
f 2609 2466 2465
f 2606 2610 2607
f 2610 2463 2607
f 2610 2611 2463
f 2463 2611 2464
f 2464 2611 2467
f 2464 2467 2468
f 2465 2613 2608
f 2465 2475 2613
f 2614 2467 2611
f 2614 2468 2467
f 2614 2615 2468
f 2615 2469 2468
f 2615 2616 2469
f 2470 2469 2616
f 2470 2616 2617
f 2471 2470 2617
f 2618 2471 2617
f 2472 2471 2618
f 2619 2472 2618
f 2473 2472 2619
f 2619 2620 2473
f 2473 2620 2476
f 2622 2478 2477
f 2474 2612 2613
f 2474 2624 2612
f 2474 2481 2624
f 2474 2613 2475
f 2621 2476 2620
f 2621 2477 2476
f 2622 2477 2621
f 2625 2478 2622
f 2478 2625 2479
f 2482 2479 2625
f 2480 2623 2624
f 2480 2627 2623
f 2480 2485 2627
f 2480 2624 2481
f 2482 2625 2628
f 2482 2628 2629
f 2482 2629 2486
f 2484 2626 2627
f 2484 2631 2626
f 2484 2488 2631
f 2484 2627 2485
f 2628 2632 2629
f 2629 2632 2486
f 2632 2489 2486
f 2635 2491 2634
f 2635 2630 2487
f 2635 2487 2492
f 2635 2492 2491
f 2487 2630 2631
f 2487 2631 2488
f 2636 2489 2632
f 2489 2636 2493
f 2494 2489 2493
f 2639 2496 2638
f 2639 2633 2490
f 2639 2490 2497
f 2639 2497 2496
f 2490 2633 2634
f 2490 2634 2491
f 2640 2493 2636
f 2493 2640 2494
f 2640 2498 2494
f 2644 2502 2643
f 2644 2637 2495
f 2644 2495 2503
f 2644 2503 2502
f 2495 2637 2638
f 2495 2638 2496
f 2640 2645 2498
f 2504 2498 2645
f 2648 2509 2508
f 2649 2509 2648
f 2649 2510 2509
f 2650 2510 2649
f 2650 2500 2499
f 2650 2499 2510
f 2500 2641 2642
f 2650 2641 2500
f 2500 2642 2501
f 2501 2642 2643
f 2501 2643 2502
f 2651 2504 2645
f 2651 2505 2504
f 2652 2505 2651
f 2652 2511 2505
f 2653 2511 2652
f 2653 2512 2511
f 2654 2512 2653
f 2654 2513 2512
f 2506 2655 2646
f 2506 2654 2655
f 2506 2513 2654
f 2506 2646 2507
f 2507 2646 2647
f 2507 2647 2508
f 2647 2648 2508
f 2661 2660 2517
f 2661 2517 2518
f 2518 2662 2661
f 2519 2662 2518
f 2519 2663 2662
f 2520 2663 2519
f 2520 2664 2663
f 2521 2664 2520
f 2668 2667 2524
f 2668 2524 2525
f 2514 2658 2657
f 2514 2657 2668
f 2525 2514 2668
f 2514 2515 2658
f 2514 2526 2515
f 2526 2514 2525
f 2515 2659 2658
f 2515 2516 2659
f 2516 2660 2659
f 2516 2517 2660
f 2521 2665 2664
f 2521 2522 2665
f 2665 2522 2669
f 2523 2669 2522
f 2523 2670 2669
f 2527 2670 2523
f 2673 2667 2666
f 2673 2666 2672
f 2673 2672 2529
f 2673 2524 2667
f 2673 2530 2524
f 2673 2529 2530
f 2670 2527 2671
f 2671 2527 2528
f 2528 2674 2671
f 2531 2674 2528
f 2531 2675 2674
f 2532 2675 2531
f 2529 2672 2677
f 2529 2677 2533
f 2532 2678 2675
f 2532 2535 2678
f 2685 2677 2676
f 2685 2676 2684
f 2685 2684 2537
f 2685 2533 2677
f 2685 2538 2533
f 2685 2537 2538
f 2678 2535 2686
f 2535 2539 2686
f 2691 2690 2542
f 2691 2542 2543
f 2692 2680 2679
f 2692 2679 2691
f 2543 2692 2691
f 2544 2692 2543
f 2693 2681 2680
f 2693 2680 2692
f 2544 2693 2692
f 2545 2693 2544
f 2694 2682 2681
f 2694 2681 2693
f 2545 2694 2693
f 2694 2536 2682
f 2694 2546 2536
f 2546 2694 2545
f 2695 2683 2682
f 2695 2682 2536
f 2546 2695 2536
f 2547 2695 2546
f 2683 2695 2696
f 2547 2696 2695
f 2548 2696 2547
f 2548 2697 2696
f 2549 2697 2548
f 2549 2698 2697
f 2550 2698 2549
f 2550 2699 2698
f 2551 2699 2550
f 2701 2700 2552
f 2701 2552 2553
f 2537 2684 2701
f 2553 2537 2701
f 2686 2539 2687
f 2687 2539 2540
f 2702 2687 2540
f 2555 2702 2540
f 2706 2689 2688
f 2706 2688 2705
f 2706 2705 2557
f 2706 2541 2689
f 2706 2558 2541
f 2706 2557 2558
f 2541 2690 2689
f 2541 2542 2690
f 2541 2559 2542
f 2559 2541 2558
f 2699 2551 2700
f 2700 2551 2552
f 2707 2702 2555
f 2561 2707 2555
f 2556 2705 2704
f 2556 2704 2710
f 2563 2556 2710
f 2556 2557 2705
f 2556 2564 2557
f 2564 2556 2563
f 2711 2707 2561
f 2711 2561 2565
f 2562 2710 2709
f 2562 2709 2714
f 2562 2714 2567
f 2710 2562 2563
f 2711 2565 2715
f 2565 2569 2715
f 2566 2714 2713
f 2566 2713 2717
f 2566 2717 2570
f 2566 2567 2714
f 2566 2571 2567
f 2566 2570 2571
f 2569 2718 2715
f 2572 2718 2569
f 2720 2717 2716
f 2720 2716 2719
f 2720 2570 2717
f 2720 2574 2570
f 2572 2721 2718
f 2572 2575 2721
f 2573 2720 2719
f 2573 2719 2723
f 2573 2723 2576
f 2720 2573 2574
f 2574 2573 2577
f 2573 2576 2577
f 2575 2724 2721
f 2578 2724 2575
f 2726 2576 2723
f 2576 2726 2579
f 2727 2724 2578
f 2727 2578 2581
f 2729 2726 2725
f 2729 2725 2728
f 2729 2579 2726
f 2729 2582 2579
f 2730 2727 2581
f 2584 2730 2581
f 2732 2729 2728
f 2732 2728 2731
f 2732 2582 2729
f 2732 2585 2582
f 2584 2733 2730
f 2584 2586 2733
f 2735 2732 2731
f 2735 2731 2734
f 2735 2585 2732
f 2735 2587 2585
f 2586 2736 2733
f 2586 2588 2736
f 2738 2735 2734
f 2738 2734 2737
f 2738 2587 2735
f 2738 2589 2587
f 2588 2739 2736
f 2588 2590 2739
f 2741 2738 2737
f 2741 2737 2740
f 2738 2741 2589
f 2741 2591 2589
f 2742 2739 2590
f 2742 2590 2592
f 2740 2743 2741
f 2743 2591 2741
f 2743 2593 2591
f 2594 2591 2593
f 2745 2742 2592
f 2745 2592 2596
f 2593 2743 2746
f 2593 2746 2747
f 2594 2593 2597
f 2593 2747 2597
f 2749 2598 2748
f 2749 2745 2596
f 2749 2596 2595
f 2749 2595 2598
f 2746 2750 2747
f 2747 2750 2597
f 2597 2750 2599
f 2598 2751 2748
f 2598 2601 2751
f 2750 2753 2599
f 2753 2602 2599
f 2755 2604 2754
f 2755 2751 2601
f 2755 2601 2605
f 2755 2605 2604
f 2753 2757 2602
f 2602 2757 2606
f 2759 2754 2604
f 2759 2604 2609
f 2759 2609 2608
f 2757 2761 2606
f 2610 2606 2761
f 2608 2613 2763
f 2759 2608 2758
f 2608 2763 2758
f 2764 2610 2761
f 2610 2764 2611
f 2611 2764 2765
f 2614 2611 2765
f 2614 2765 2766
f 2614 2766 2615
f 2612 2762 2763
f 2612 2774 2762
f 2612 2624 2774
f 2612 2763 2613
f 2767 2615 2766
f 2615 2767 2616
f 2767 2775 2616
f 2616 2775 2617
f 2617 2768 2769
f 2775 2768 2617
f 2618 2617 2769
f 2770 2618 2769
f 2770 2619 2618
f 2771 2619 2770
f 2619 2771 2620
f 2620 2771 2772
f 2620 2772 2621
f 2621 2772 2773
f 2621 2773 2622
f 2773 2776 2622
f 2625 2622 2776
f 2623 2779 2774
f 2623 2778 2779
f 2623 2627 2778
f 2623 2774 2624
f 2625 2776 2780
f 2625 2780 2628
f 2626 2777 2778
f 2626 2782 2777
f 2626 2631 2782
f 2626 2778 2627
f 2783 2628 2780
f 2628 2783 2632
f 2786 2634 2785
f 2786 2781 2630
f 2786 2630 2635
f 2786 2635 2634
f 2630 2781 2782
f 2630 2782 2631
f 2783 2787 2632
f 2636 2632 2787
f 2790 2638 2789
f 2790 2784 2633
f 2790 2633 2639
f 2790 2639 2638
f 2633 2784 2785
f 2633 2785 2634
f 2636 2787 2791
f 2640 2636 2791
f 2795 2643 2794
f 2795 2788 2637
f 2795 2637 2644
f 2795 2644 2643
f 2637 2788 2789
f 2637 2789 2638
f 2640 2791 2796
f 2645 2640 2796
f 2801 2648 2800
f 2801 2649 2648
f 2802 2649 2801
f 2802 2650 2649
f 2641 2792 2793
f 2641 2802 2792
f 2641 2650 2802
f 2641 2793 2642
f 2642 2793 2794
f 2642 2794 2643
f 2645 2796 2803
f 2651 2645 2803
f 2804 2651 2803
f 2804 2652 2651
f 2805 2652 2804
f 2805 2653 2652
f 2806 2653 2805
f 2806 2654 2653
f 2807 2797 2798
f 2807 2806 2797
f 2807 2654 2806
f 2807 2798 2646
f 2807 2646 2655
f 2807 2655 2654
f 2646 2798 2799
f 2646 2799 2647
f 2647 2799 2800
f 2647 2800 2648
f 2812 2811 2659
f 2812 2659 2660
f 2660 2813 2812
f 2661 2813 2660
f 2661 2814 2813
f 2662 2814 2661
f 2662 2815 2814
f 2663 2815 2662
f 2663 2816 2815
f 2656 2809 2808
f 2656 2808 2819
f 2667 2656 2819
f 2656 2657 2809
f 2656 2668 2657
f 2668 2656 2667
f 2657 2810 2809
f 2657 2658 2810
f 2810 2658 2811
f 2658 2659 2811
f 2663 2664 2816
f 2664 2817 2816
f 2664 2665 2817
f 2820 2817 2665
f 2669 2820 2665
f 2669 2821 2820
f 2821 2669 2670
f 2666 2819 2818
f 2666 2818 2823
f 2666 2823 2672
f 2819 2666 2667
f 2821 2670 2822
f 2822 2670 2671
f 2822 2671 2824
f 2674 2824 2671
f 2674 2825 2824
f 2675 2825 2674
f 2827 2826 2676
f 2827 2672 2823
f 2827 2677 2672
f 2827 2676 2677
f 2825 2675 2828
f 2678 2828 2675
f 2676 2826 2838
f 2676 2838 2684
f 2828 2678 2839
f 2678 2686 2839
f 2843 2830 2829
f 2843 2829 2842
f 2843 2842 2689
f 2843 2689 2690
f 2844 2831 2830
f 2844 2830 2843
f 2690 2844 2843
f 2691 2844 2690
f 2679 2832 2831
f 2679 2831 2844
f 2691 2679 2844
f 2679 2680 2832
f 2680 2833 2832
f 2680 2681 2833
f 2681 2834 2833
f 2681 2682 2834
f 2682 2835 2834
f 2682 2683 2835
f 2845 2835 2683
f 2696 2845 2683
f 2696 2846 2845
f 2697 2846 2696
f 2697 2847 2846
f 2698 2847 2697
f 2837 2847 2848
f 2698 2848 2847
f 2699 2848 2698
f 2699 2849 2848
f 2850 2849 2700
f 2850 2684 2838
f 2850 2701 2684
f 2850 2700 2701
f 2839 2686 2851
f 2851 2686 2687
f 2852 2851 2687
f 2702 2852 2687
f 2855 2854 2704
f 2855 2688 2841
f 2855 2705 2688
f 2855 2704 2705
f 2688 2842 2841
f 2688 2689 2842
f 2849 2699 2700
f 2856 2852 2702
f 2707 2856 2702
f 2703 2854 2853
f 2703 2853 2858
f 2703 2858 2709
f 2703 2704 2854
f 2703 2710 2704
f 2703 2709 2710
f 2860 2856 2707
f 2711 2860 2707
f 2708 2858 2857
f 2708 2857 2862
f 2708 2862 2713
f 2708 2709 2858
f 2708 2714 2709
f 2708 2713 2714
f 2711 2863 2860
f 2711 2715 2863
f 2712 2862 2861
f 2712 2861 2864
f 2712 2864 2716
f 2712 2713 2862
f 2712 2717 2713
f 2712 2716 2717
f 2863 2715 2865
f 2718 2865 2715
f 2867 2716 2864
f 2867 2719 2716
f 2868 2865 2718
f 2868 2718 2721
f 2870 2867 2866
f 2870 2866 2869
f 2870 2719 2867
f 2870 2723 2719
f 2721 2871 2868
f 2724 2871 2721
f 2722 2870 2869
f 2722 2869 2872
f 2722 2872 2725
f 2870 2722 2723
f 2723 2722 2726
f 2722 2725 2726
f 2873 2871 2724
f 2873 2724 2727
f 2874 2725 2872
f 2725 2874 2728
f 2875 2873 2727
f 2875 2727 2730
f 2876 2728 2874
f 2876 2731 2728
f 2877 2875 2730
f 2877 2730 2733
f 2878 2731 2876
f 2878 2734 2731
f 2877 2733 2879
f 2733 2736 2879
f 2734 2878 2880
f 2734 2880 2737
f 2736 2881 2879
f 2736 2739 2881
f 2737 2880 2882
f 2737 2882 2740
f 2883 2881 2739
f 2883 2739 2742
f 2885 2740 2882
f 2740 2885 2743
f 2887 2883 2742
f 2887 2742 2745
f 2885 2888 2743
f 2743 2888 2746
f 2744 2886 2887
f 2744 2889 2886
f 2744 2748 2889
f 2744 2887 2745
f 2744 2745 2749
f 2744 2749 2748
f 2746 2888 2890
f 2746 2890 2891
f 2746 2891 2750
f 2748 2892 2889
f 2748 2751 2892
f 2890 2893 2891
f 2891 2893 2750
f 2752 2750 2893
f 2753 2750 2752
f 2895 2754 2894
f 2895 2892 2751
f 2895 2751 2755
f 2895 2755 2754
f 2893 2896 2752
f 2752 2896 2753
f 2756 2753 2896
f 2757 2753 2756
f 2754 2759 2897
f 2754 2897 2894
f 2896 2898 2756
f 2756 2898 2757
f 2760 2757 2898
f 2761 2757 2760
f 2758 2900 2897
f 2758 2899 2900
f 2758 2763 2899
f 2758 2897 2759
f 2898 2901 2760
f 2760 2901 2761
f 2901 2902 2761
f 2764 2761 2902
f 2906 2774 2905
f 2906 2899 2763
f 2906 2763 2762
f 2906 2762 2774
f 2902 2903 2764
f 2764 2903 2765
f 2765 2903 2907
f 2765 2907 2766
f 2907 2908 2766
f 2767 2766 2908
f 2908 2909 2767
f 2767 2909 2775
f 2910 2775 2909
f 2769 2768 2910
f 2910 2768 2775
f 2911 2769 2910
f 2770 2769 2911
f 2770 2911 2912
f 2771 2770 2912
f 2913 2771 2912
f 2772 2771 2913
f 2914 2772 2913
f 2773 2772 2914
f 2915 2773 2914
f 2773 2915 2776
f 2918 2904 2905
f 2918 2917 2904
f 2918 2778 2917
f 2918 2905 2774
f 2918 2774 2779
f 2918 2779 2778
f 2914 2919 2915
f 2919 2776 2915
f 2776 2919 2780
f 2922 2781 2921
f 2922 2782 2781
f 2777 2916 2917
f 2777 2922 2916
f 2777 2782 2922
f 2777 2917 2778
f 2780 2919 2923
f 2783 2780 2923
f 2926 2785 2925
f 2926 2921 2781
f 2926 2781 2786
f 2926 2786 2785
f 2923 2927 2783
f 2783 2927 2787
f 2931 2789 2930
f 2931 2924 2784
f 2931 2784 2790
f 2931 2790 2789
f 2784 2924 2925
f 2784 2925 2785
f 2932 2787 2927
f 2791 2787 2932
f 2936 2794 2935
f 2936 2929 2788
f 2936 2788 2795
f 2936 2795 2794
f 2788 2929 2930
f 2788 2930 2789
f 2791 2932 2937
f 2796 2791 2937
f 2941 2801 2800
f 2942 2801 2941
f 2942 2933 2792
f 2942 2792 2802
f 2942 2802 2801
f 2792 2933 2934
f 2792 2934 2793
f 2793 2934 2935
f 2793 2935 2794
f 2796 2937 2943
f 2803 2796 2943
f 2944 2803 2943
f 2944 2804 2803
f 2945 2804 2944
f 2945 2805 2804
f 2946 2805 2945
f 2946 2806 2805
f 2947 2806 2946
f 2947 2938 2798
f 2947 2798 2797
f 2947 2797 2806
f 2798 2938 2939
f 2798 2939 2799
f 2799 2939 2940
f 2799 2940 2800
f 2941 2800 2940
f 2812 2952 2811
f 2812 2953 2952
f 2813 2953 2812
f 2954 2953 2813
f 2814 2954 2813
f 2955 2954 2814
f 2815 2955 2814
f 2956 2955 2815
f 2816 2956 2815
f 2808 2949 2948
f 2808 2948 2960
f 2819 2808 2960
f 2808 2809 2949
f 2809 2950 2949
f 2809 2810 2950
f 2950 2810 2951
f 2810 2811 2951
f 2811 2952 2951
f 2816 2957 2956
f 2816 2817 2957
f 2817 2958 2957
f 2817 2961 2958
f 2820 2961 2817
f 2958 2961 2962
f 2820 2962 2961
f 2962 2820 2821
f 2818 2960 2959
f 2818 2959 2963
f 2823 2818 2963
f 2960 2818 2819
f 2962 2821 2964
f 2822 2964 2821
f 2822 2965 2964
f 2965 2822 2824
f 2968 2967 2826
f 2963 2968 2823
f 2823 2968 2827
f 2968 2826 2827
f 2965 2824 2966
f 2966 2824 2825
f 2966 2825 2969
f 2828 2969 2825
f 2975 2974 2832
f 2975 2832 2833
f 2833 2976 2975
f 2976 2833 2834
f 2834 2977 2976
f 2826 2967 2983
f 2838 2826 2983
f 2969 2828 2984
f 2828 2839 2984
f 2988 2987 2841
f 2988 2829 2971
f 2988 2842 2829
f 2988 2841 2842
f 2829 2972 2971
f 2829 2830 2972
f 2830 2973 2972
f 2830 2831 2973
f 2831 2974 2973
f 2831 2832 2974
f 2834 2835 2977
f 2835 2978 2977
f 2835 2836 2978
f 2845 2836 2835
f 2989 2978 2836
f 2845 2989 2836
f 2846 2989 2845
f 2990 2980 2979
f 2990 2979 2989
f 2846 2990 2989
f 2990 2837 2980
f 2990 2847 2837
f 2847 2990 2846
f 2837 2991 2980
f 2837 2848 2991
f 2848 2992 2991
f 2849 2992 2848
f 2993 2983 2982
f 2993 2982 2992
f 2849 2993 2992
f 2983 2993 2838
f 2838 2993 2850
f 2850 2993 2849
f 2984 2839 2994
f 2839 2851 2994
f 2851 2995 2994
f 2852 2995 2851
f 2998 2997 2853
f 2998 2853 2854
f 2840 2987 2986
f 2840 2986 2998
f 2854 2840 2998
f 2840 2841 2987
f 2840 2855 2841
f 2855 2840 2854
f 2999 2995 2852
f 2856 2999 2852
f 3001 3000 2857
f 3001 2853 2997
f 3001 2858 2853
f 3001 2857 2858
f 3002 2999 2856
f 3002 2856 2859
f 2860 2859 2856
f 3004 3003 2861
f 3004 2857 3000
f 3004 2862 2857
f 3004 2861 2862
f 3002 2859 3005
f 2860 3005 2859
f 2860 2863 3005
f 2861 3003 3007
f 2864 2861 3007
f 3008 3005 2863
f 3008 2863 2865
f 3010 3007 3006
f 3010 3006 3009
f 3010 3009 2866
f 3007 3010 2864
f 2864 3010 2867
f 3010 2866 2867
f 3011 3008 2865
f 3011 2865 2868
f 2866 3009 3012
f 2866 3012 2869
f 2868 3013 3011
f 2871 3013 2868
f 3015 2869 3012
f 2872 2869 3015
f 3016 3013 2871
f 3016 2871 2873
f 3015 3018 2872
f 2872 3018 2874
f 3019 3016 2873
f 3019 2873 2875
f 3018 3021 2874
f 2874 3021 2876
f 3022 3019 2875
f 3022 2875 2877
f 3021 3024 2876
f 2876 3024 2878
f 3025 3022 2877
f 3025 2877 2879
f 3024 3027 2878
f 2878 3027 2880
f 3028 3025 2879
f 3028 2879 2881
f 3027 3030 2880
f 2880 3030 2882
f 3031 3028 2881
f 3031 2881 2883
f 2882 3030 3032
f 2882 3032 2884
f 2885 2882 2884
f 3034 3031 2883
f 3034 2883 2887
f 3036 2884 3032
f 3036 3032 3035
f 2884 3036 2885
f 2885 3036 2888
f 2886 3033 3034
f 2886 3037 3033
f 2886 2889 3037
f 2886 3034 2887
f 3035 3038 3036
f 3036 3038 2888
f 2890 2888 3038
f 2889 3039 3037
f 2889 2892 3039
f 3040 2890 3038
f 3040 2893 2890
f 3042 3039 2892
f 3042 2892 2895
f 2894 3042 2895
f 3040 3043 2893
f 2893 3043 2896
f 2894 3041 3042
f 2894 3044 3041
f 2894 2897 3044
f 3043 3045 2896
f 2896 3045 2898
f 3047 2899 3046
f 3047 3044 2897
f 3047 2897 2900
f 3047 2900 2899
f 3048 2898 3045
f 3048 2901 2898
f 3048 3049 2901
f 2901 3049 2902
f 3053 2905 3052
f 3053 3046 2899
f 3053 2899 2906
f 3053 2906 2905
f 3050 2902 3049
f 2903 2902 3050
f 3050 3054 2903
f 2907 2903 3054
f 3054 3055 2907
f 2907 3055 2908
f 3058 2911 2910
f 2911 3058 3059
f 2911 3059 2912
f 2912 3059 3060
f 2912 3060 2913
f 2913 3060 3061
f 2913 3061 2914
f 2904 3051 3052
f 2904 3063 3051
f 2904 2917 3063
f 2904 3052 2905
f 3056 2908 3055
f 2908 3056 2909
f 2909 3056 3057
f 2910 2909 3057
f 3058 2910 3057
f 3061 3064 2914
f 3064 2919 2914
f 3067 2921 3066
f 3067 3062 2916
f 3067 2916 2922
f 3067 2922 2921
f 2916 3062 3063
f 2916 3063 2917
f 3068 2919 3064
f 2923 2919 3068
f 2920 3065 3066
f 2920 3071 3065
f 2920 2925 3071
f 2920 3066 2921
f 2920 2921 2926
f 2920 2926 2925
f 3072 2923 3068
f 3072 2927 2923
f 3076 2930 3075
f 3076 3070 2924
f 3076 2924 2931
f 3076 2931 2930
f 2924 3070 3071
f 2924 3071 2925
f 3072 3077 2927
f 2932 2927 3077
f 3081 2934 3080
f 3081 2935 2934
f 2928 3073 3074
f 2928 3081 3073
f 2928 2935 3081
f 2928 3074 2929
f 2928 2929 2936
f 2928 2936 2935
f 2929 3074 3075
f 2929 3075 2930
f 2932 3077 3082
f 2937 2932 3082
f 3088 2941 3087
f 3088 3079 2933
f 3088 2933 2942
f 3088 2942 2941
f 2933 3079 3080
f 2933 3080 2934
f 2937 3082 3083
f 2937 3083 3089
f 2943 2937 3089
f 3083 3090 3089
f 3090 2943 3089
f 3090 2944 2943
f 3091 2944 3090
f 3091 2945 2944
f 3092 2945 3091
f 3092 2946 2945
f 3093 2946 3092
f 3093 2938 2947
f 3093 2947 2946
f 2938 3084 3085
f 3093 3084 2938
f 2938 3085 2939
f 2939 3085 3086
f 2939 3086 2940
f 2940 3086 3087
f 2940 3087 2941
f 3104 3103 2960
f 3104 2948 2949
f 2948 3104 2960
f 2949 3095 3094
f 3104 2949 3094
f 2949 2950 3095
f 2950 3096 3095
f 2950 2951 3096
f 2951 3097 3096
f 2951 2952 3097
f 3097 2952 3098
f 3098 2952 2953
f 2953 3099 3098
f 2953 2954 3099
f 2954 3100 3099
f 2954 2955 3100
f 2955 3101 3100
f 2955 2956 3101
f 2956 3102 3101
f 2956 2957 3102
f 3102 2957 3105
f 2958 3105 2957
f 2958 3106 3105
f 2962 3106 2958
f 2959 3103 3108
f 2959 3108 3107
f 2959 3107 2963
f 2959 2960 3103
f 3106 2962 3109
f 2962 2964 3109
f 3111 2963 3107
f 2963 3111 2968
f 2967 2968 3111
f 3109 2964 3112
f 3112 2964 2965
f 3112 2965 3113
f 2966 3113 2965
f 2966 3114 3113
f 2969 3114 2966
f 3118 3117 2972
f 3120 3119 2974
f 3120 2974 2975
f 2975 3121 3120
f 2976 3121 2975
f 2976 3122 3121
f 2977 3122 2976
f 2967 3111 3110
f 2967 3110 3127
f 2983 2967 3127
f 2969 3128 3114
f 2969 2984 3128
f 2970 3116 3115
f 2970 3115 3132
f 2987 2970 3132
f 2970 2971 3116
f 2970 2988 2971
f 2988 2970 2987
f 2971 3117 3116
f 2971 2972 3117
f 3118 2972 2973
f 3118 2973 3119
f 2973 2974 3119
f 3122 2977 3123
f 3123 2977 2978
f 2978 3133 3123
f 2989 3133 2978
f 2979 3124 3134
f 2979 3134 3133
f 2989 2979 3133
f 2979 2980 3124
f 2980 3125 3124
f 2980 2981 3125
f 2991 2981 2980
f 2981 3126 3125
f 2981 3135 3126
f 2981 2992 3135
f 2992 2981 2991
f 2982 3127 3126
f 2982 3126 3135
f 2992 2982 3135
f 3127 2982 2983
f 3128 2984 3129
f 3129 2984 2985
f 2984 2994 2985
f 3136 3129 2985
f 2994 3136 2985
f 2995 3136 2994
f 3139 3138 2997
f 3139 2986 3131
f 3139 2998 2986
f 3139 2997 2998
f 2986 3132 3131
f 3132 2986 2987
f 3140 3136 2995
f 2999 3140 2995
f 2996 3138 3137
f 2996 3137 3142
f 3000 2996 3142
f 2996 2997 3138
f 2996 3001 2997
f 3001 2996 3000
f 3143 3140 2999
f 3143 2999 3002
f 3145 3142 3141
f 3145 3141 3144
f 3145 3144 3003
f 3142 3145 3000
f 3000 3145 3004
f 3145 3003 3004
f 3143 3002 3146
f 3002 3005 3146
f 3148 3003 3144
f 3148 3007 3003
f 3005 3149 3146
f 3008 3149 3005
f 3006 3148 3147
f 3006 3147 3151
f 3006 3151 3009
f 3148 3006 3007
f 3008 3152 3149
f 3008 3011 3152
f 3154 3009 3151
f 3154 3012 3009
f 3011 3155 3152
f 3011 3156 3155
f 3013 3156 3011
f 3158 3154 3153
f 3158 3153 3157
f 3158 3157 3014
f 3154 3158 3012
f 3012 3158 3015
f 3158 3014 3015
f 3155 3156 3159
f 3159 3156 3013
f 3159 3013 3016
f 3014 3157 3160
f 3014 3160 3017
f 3015 3014 3018
f 3014 3017 3018
f 3161 3159 3016
f 3161 3016 3019
f 3017 3160 3162
f 3017 3162 3020
f 3018 3017 3021
f 3017 3020 3021
f 3163 3161 3019
f 3163 3019 3022
f 3020 3162 3164
f 3020 3164 3023
f 3021 3020 3024
f 3020 3023 3024
f 3165 3163 3022
f 3165 3022 3025
f 3023 3164 3166
f 3023 3166 3026
f 3024 3023 3027
f 3023 3026 3027
f 3167 3165 3025
f 3167 3025 3028
f 3026 3166 3168
f 3026 3168 3029
f 3027 3026 3030
f 3026 3029 3030
f 3169 3167 3028
f 3169 3028 3031
f 3168 3170 3029
f 3029 3170 3030
f 3170 3032 3030
f 3172 3169 3031
f 3172 3031 3034
f 3173 3032 3170
f 3032 3173 3035
f 3175 3037 3174
f 3175 3172 3034
f 3175 3034 3033
f 3175 3033 3037
f 3173 3176 3035
f 3176 3038 3035
f 3037 3177 3174
f 3037 3039 3177
f 3176 3178 3038
f 3040 3038 3178
f 3180 3177 3039
f 3180 3039 3042
f 3040 3178 3181
f 3182 3040 3181
f 3043 3040 3182
f 3041 3179 3180
f 3041 3184 3179
f 3041 3044 3184
f 3041 3180 3042
f 3181 3185 3182
f 3182 3185 3043
f 3043 3185 3186
f 3045 3043 3186
f 3188 3046 3187
f 3188 3184 3044
f 3188 3044 3047
f 3188 3047 3046
f 3045 3186 3189
f 3048 3045 3189
f 3189 3190 3048
f 3049 3048 3190
f 3194 3052 3193
f 3194 3187 3046
f 3194 3046 3053
f 3194 3053 3052
f 3049 3190 3191
f 3049 3191 3050
f 3195 3050 3191
f 3195 3054 3050
f 3195 3196 3054
f 3055 3054 3196
f 3051 3192 3193
f 3051 3204 3192
f 3051 3063 3204
f 3051 3193 3052
f 3055 3196 3197
f 3055 3197 3056
f 3056 3197 3198
f 3056 3198 3057
f 3057 3198 3199
f 3057 3199 3058
f 3058 3199 3200
f 3058 3200 3059
f 3059 3200 3201
f 3059 3201 3060
f 3060 3201 3202
f 3060 3202 3061
f 3202 3205 3061
f 3205 3064 3061
f 3210 3066 3209
f 3210 3203 3062
f 3210 3062 3067
f 3210 3067 3066
f 3062 3203 3204
f 3062 3204 3063
f 3205 3211 3064
f 3068 3064 3211
f 3214 3070 3213
f 3214 3071 3070
f 3065 3208 3209
f 3065 3214 3208
f 3065 3071 3214
f 3065 3209 3066
f 3215 3068 3211
f 3072 3068 3215
f 3218 3074 3217
f 3218 3075 3074
f 3069 3212 3213
f 3069 3218 3212
f 3069 3075 3218
f 3069 3213 3070
f 3069 3070 3076
f 3069 3076 3075
f 3215 3219 3072
f 3072 3219 3077
f 3224 3080 3223
f 3224 3081 3080
f 3073 3216 3217
f 3073 3224 3216
f 3073 3081 3224
f 3073 3217 3074
f 3077 3219 3225
f 3077 3225 3082
f 3082 3225 3226
f 3233 3086 3232
f 3233 3087 3086
f 3078 3221 3222
f 3078 3233 3221
f 3078 3087 3233
f 3078 3222 3079
f 3078 3079 3088
f 3078 3088 3087
f 3079 3222 3223
f 3079 3223 3080
f 3082 3226 3083
f 3083 3226 3227
f 3083 3227 3234
f 3083 3234 3090
f 3235 3234 3227
f 3235 3090 3234
f 3235 3091 3090
f 3236 3091 3235
f 3236 3092 3091
f 3237 3229 3230
f 3237 3236 3229
f 3237 3092 3236
f 3237 3230 3084
f 3237 3084 3093
f 3237 3093 3092
f 3084 3230 3231
f 3084 3231 3085
f 3085 3231 3232
f 3085 3232 3086
f 3245 3103 3104
f 3246 3245 3104
f 3246 3094 3095
f 3094 3246 3104
f 3095 3239 3238
f 3246 3095 3238
f 3095 3096 3239
f 3096 3240 3239
f 3096 3097 3240
f 3097 3241 3240
f 3097 3098 3241
f 3098 3242 3241
f 3098 3099 3242
f 3099 3243 3242
f 3099 3100 3243
f 3243 3100 3247
f 3100 3101 3247
f 3247 3101 3248
f 3102 3248 3101
f 3102 3249 3248
f 3105 3249 3102
f 3103 3251 3108
f 3107 3108 3251
f 3103 3245 3244
f 3103 3244 3251
f 3105 3250 3249
f 3105 3106 3250
f 3250 3106 3252
f 3106 3109 3252
f 3107 3253 3111
f 3107 3251 3254
f 3107 3254 3253
f 3252 3109 3255
f 3109 3112 3255
f 3112 3256 3255
f 3113 3256 3112
f 3113 3257 3256
f 3114 3257 3113
f 3117 3260 3259
f 3118 3260 3117
f 3118 3261 3260
f 3119 3261 3118
f 3119 3262 3261
f 3120 3262 3119
f 3120 3263 3262
f 3121 3263 3120
f 3264 3263 3121
f 3264 3121 3122
f 3270 3269 3127
f 3270 3111 3253
f 3111 3270 3110
f 3110 3270 3127
f 3257 3114 3271
f 3128 3271 3114
f 3131 3132 3274
f 3132 3275 3274
f 3275 3116 3258
f 3275 3115 3116
f 3115 3275 3132
f 3116 3259 3258
f 3259 3116 3117
f 3264 3122 3265
f 3265 3122 3123
f 3265 3123 3276
f 3133 3276 3123
f 3133 3277 3276
f 3277 3124 3266
f 3277 3134 3124
f 3134 3277 3133
f 3124 3267 3266
f 3124 3125 3267
f 3125 3268 3267
f 3125 3126 3268
f 3126 3269 3268
f 3126 3127 3269
f 3271 3128 3278
f 3128 3129 3278
f 3129 3279 3278
f 3136 3279 3129
f 3130 3273 3272
f 3130 3272 3281
f 3138 3130 3281
f 3130 3131 3273
f 3130 3139 3131
f 3139 3130 3138
f 3131 3274 3273
f 3283 3279 3136
f 3140 3283 3136
f 3137 3281 3280
f 3137 3280 3285
f 3142 3137 3285
f 3281 3137 3138
f 3286 3283 3140
f 3286 3140 3143
f 3141 3285 3284
f 3141 3284 3287
f 3141 3287 3144
f 3285 3141 3142
f 3286 3143 3288
f 3146 3288 3143
f 3290 3289 3147
f 3290 3144 3287
f 3290 3148 3144
f 3290 3147 3148
f 3146 3291 3288
f 3146 3292 3291
f 3149 3292 3146
f 3147 3289 3294
f 3151 3147 3294
f 3291 3292 3295
f 3295 3292 3149
f 3152 3295 3149
f 3150 3294 3293
f 3150 3293 3296
f 3150 3296 3153
f 3294 3150 3151
f 3151 3150 3154
f 3150 3153 3154
f 3152 3297 3295
f 3152 3155 3297
f 3153 3296 3298
f 3153 3298 3157
f 3155 3300 3297
f 3155 3159 3300
f 3301 3157 3298
f 3301 3160 3157
f 3302 3300 3159
f 3302 3159 3161
f 3303 3160 3301
f 3303 3162 3160
f 3304 3302 3161
f 3304 3161 3163
f 3305 3162 3303
f 3305 3164 3162
f 3306 3304 3163
f 3306 3163 3165
f 3307 3164 3305
f 3164 3307 3166
f 3308 3306 3165
f 3308 3165 3167
f 3166 3307 3309
f 3166 3309 3168
f 3310 3308 3167
f 3310 3167 3169
f 3309 3311 3168
f 3168 3311 3170
f 3313 3310 3169
f 3313 3169 3172
f 3311 3314 3170
f 3314 3173 3170
f 3171 3312 3313
f 3171 3315 3312
f 3171 3174 3315
f 3171 3313 3172
f 3171 3172 3175
f 3171 3175 3174
f 3173 3314 3316
f 3173 3316 3176
f 3174 3318 3315
f 3174 3177 3318
f 3176 3316 3319
f 3178 3176 3319
f 3321 3318 3177
f 3321 3177 3180
f 3178 3319 3322
f 3181 3178 3322
f 3179 3320 3321
f 3179 3324 3320
f 3179 3184 3324
f 3179 3321 3180
f 3322 3325 3181
f 3325 3185 3181
f 3325 3326 3185
f 3186 3185 3326
f 3183 3323 3324
f 3183 3329 3323
f 3183 3187 3329
f 3183 3324 3184
f 3183 3184 3188
f 3183 3188 3187
f 3186 3326 3330
f 3189 3186 3330
f 3331 3189 3330
f 3331 3190 3189
f 3336 3328 3329
f 3336 3335 3328
f 3336 3193 3335
f 3336 3329 3187
f 3336 3187 3194
f 3336 3194 3193
f 3331 3332 3190
f 3190 3332 3191
f 3191 3332 3337
f 3195 3191 3337
f 3337 3338 3195
f 3196 3195 3338
f 3345 3203 3344
f 3345 3204 3203
f 3192 3334 3335
f 3192 3345 3334
f 3192 3204 3345
f 3192 3335 3193
f 3196 3338 3339
f 3196 3339 3197
f 3197 3339 3340
f 3197 3340 3198
f 3198 3340 3341
f 3198 3341 3199
f 3199 3341 3342
f 3199 3342 3200
f 3200 3342 3346
f 3200 3346 3201
f 3346 3347 3201
f 3202 3201 3347
f 3348 3202 3347
f 3348 3205 3202
f 3353 3208 3352
f 3353 3209 3208
f 3354 3343 3344
f 3354 3353 3343
f 3354 3209 3353
f 3354 3344 3203
f 3354 3203 3210
f 3354 3210 3209
f 3348 3349 3205
f 3206 3205 3349
f 3206 3211 3205
f 3206 3349 3355
f 3206 3355 3211
f 3207 3351 3352
f 3207 3358 3351
f 3207 3213 3358
f 3207 3352 3208
f 3207 3208 3214
f 3207 3214 3213
f 3359 3211 3355
f 3359 3215 3211
f 3364 3217 3363
f 3364 3218 3217
f 3212 3357 3358
f 3212 3364 3357
f 3212 3218 3364
f 3212 3358 3213
f 3359 3365 3215
f 3215 3365 3219
f 3371 3222 3370
f 3371 3223 3222
f 3372 3223 3371
f 3372 3362 3216
f 3372 3216 3224
f 3372 3224 3223
f 3216 3362 3363
f 3216 3363 3217
f 3220 3219 3365
f 3220 3225 3219
f 3373 3220 3365
f 3373 3225 3220
f 3373 3226 3225
f 3226 3373 3374
f 3378 3230 3377
f 3378 3231 3230
f 3379 3231 3378
f 3379 3232 3231
f 3380 3368 3369
f 3380 3379 3368
f 3380 3232 3379
f 3380 3369 3221
f 3380 3221 3233
f 3380 3233 3232
f 3221 3369 3370
f 3221 3370 3222
f 3226 3374 3227
f 3227 3374 3375
f 3227 3375 3228
f 3235 3227 3228
f 3228 3375 3376
f 3228 3376 3229
f 3228 3229 3236
f 3228 3236 3235
f 3229 3376 3377
f 3229 3377 3230
f 3381 3245 3246
f 3382 3381 3246
f 3239 3382 3238
f 3238 3382 3246
f 3383 3382 3239
f 3240 3383 3239
f 3240 3384 3383
f 3241 3384 3240
f 3241 3385 3384
f 3242 3385 3241
f 3242 3386 3385
f 3243 3386 3242
f 3243 3387 3386
f 3247 3387 3243
f 3247 3388 3387
f 3388 3247 3248
f 3245 3389 3244
f 3244 3389 3251
f 3245 3381 3390
f 3245 3390 3389
f 3388 3248 3392
f 3248 3249 3392
f 3249 3393 3392
f 3250 3393 3249
f 3394 3393 3250
f 3394 3250 3252
f 3395 3254 3251
f 3395 3253 3254
f 3396 3251 3389
f 3395 3251 3396
f 3394 3397 3393
f 3394 3252 3397
f 3397 3252 3398
f 3255 3398 3252
f 3399 3398 3255
f 3399 3255 3256
f 3260 3402 3259
f 3260 3403 3402
f 3261 3403 3260
f 3261 3404 3403
f 3404 3261 3262
f 3269 3412 3411
f 3253 3412 3270
f 3269 3270 3412
f 3253 3395 3413
f 3253 3413 3412
f 3399 3256 3414
f 3414 3256 3257
f 3415 3414 3257
f 3415 3257 3271
f 3417 3416 3273
f 3417 3273 3274
f 3274 3418 3417
f 3418 3275 3258
f 3275 3418 3274
f 3258 3401 3400
f 3418 3258 3400
f 3258 3259 3401
f 3259 3402 3401
f 3404 3262 3405
f 3405 3262 3263
f 3263 3406 3405
f 3263 3264 3406
f 3264 3407 3406
f 3264 3265 3407
f 3407 3265 3419
f 3276 3419 3265
f 3276 3420 3419
f 3420 3266 3408
f 3420 3277 3266
f 3277 3420 3276
f 3266 3409 3408
f 3266 3267 3409
f 3267 3410 3409
f 3267 3268 3410
f 3268 3411 3410
f 3268 3269 3411
f 3415 3271 3421
f 3271 3278 3421
f 3281 3423 3422
f 3423 3273 3416
f 3423 3272 3273
f 3272 3423 3281
f 3421 3278 3424
f 3424 3278 3279
f 3424 3279 3282
f 3283 3282 3279
f 3280 3422 3427
f 3280 3427 3426
f 3280 3426 3285
f 3422 3280 3281
f 3424 3282 3428
f 3283 3428 3282
f 3283 3286 3428
f 3284 3426 3425
f 3284 3425 3429
f 3284 3429 3287
f 3284 3285 3426
f 3430 3428 3286
f 3430 3286 3288
f 3432 3431 3289
f 3432 3287 3429
f 3432 3290 3287
f 3432 3289 3290
f 3433 3430 3288
f 3433 3288 3291
f 3435 3289 3431
f 3435 3294 3289
f 3433 3291 3436
f 3436 3291 3295
f 3293 3435 3434
f 3293 3434 3437
f 3293 3437 3296
f 3435 3293 3294
f 3438 3436 3295
f 3438 3295 3297
f 3439 3296 3437
f 3439 3298 3296
f 3297 3440 3438
f 3297 3299 3440
f 3300 3299 3297
f 3439 3441 3298
f 3298 3441 3301
f 3299 3442 3440
f 3299 3443 3442
f 3299 3300 3302
f 3299 3302 3443
f 3441 3444 3301
f 3301 3444 3303
f 3446 3442 3443
f 3446 3443 3302
f 3446 3302 3304
f 3444 3447 3303
f 3303 3447 3305
f 3449 3446 3304
f 3449 3304 3306
f 3450 3305 3447
f 3450 3307 3305
f 3452 3449 3306
f 3452 3306 3308
f 3307 3450 3454
f 3307 3454 3309
f 3456 3452 3308
f 3456 3308 3310
f 3454 3457 3309
f 3309 3457 3311
f 3459 3455 3456
f 3459 3458 3455
f 3459 3312 3458
f 3459 3456 3310
f 3459 3310 3313
f 3459 3313 3312
f 3457 3460 3311
f 3460 3314 3311
f 3312 3461 3458
f 3312 3315 3461
f 3314 3460 3462
f 3316 3314 3462
f 3464 3461 3315
f 3464 3315 3318
f 3316 3462 3465
f 3319 3316 3465
f 3317 3463 3464
f 3317 3467 3463
f 3317 3320 3467
f 3317 3464 3318
f 3317 3318 3321
f 3317 3321 3320
f 3319 3465 3468
f 3469 3319 3468
f 3322 3319 3469
f 3472 3466 3467
f 3472 3471 3466
f 3472 3323 3471
f 3472 3467 3320
f 3472 3320 3324
f 3472 3324 3323
f 3322 3469 3473
f 3322 3473 3325
f 3326 3325 3473
f 3477 3328 3476
f 3477 3471 3323
f 3477 3323 3329
f 3477 3329 3328
f 3326 3473 3474
f 3326 3474 3327
f 3330 3326 3327
f 3474 3478 3327
f 3478 3330 3327
f 3478 3331 3330
f 3478 3479 3331
f 3483 3334 3482
f 3483 3476 3328
f 3483 3328 3335
f 3483 3335 3334
f 3332 3331 3479
f 3332 3479 3480
f 3332 3480 3333
f 3337 3332 3333
f 3333 3480 3484
f 3333 3484 3337
f 3338 3337 3484
f 3493 3481 3482
f 3493 3492 3481
f 3493 3344 3492
f 3493 3482 3334
f 3493 3334 3345
f 3493 3345 3344
f 3338 3484 3485
f 3338 3485 3339
f 3339 3485 3486
f 3339 3486 3340
f 3340 3486 3487
f 3340 3487 3341
f 3341 3487 3488
f 3341 3488 3342
f 3342 3488 3494
f 3346 3342 3494
f 3495 3346 3494
f 3495 3347 3346
f 3496 3347 3495
f 3496 3348 3347
f 3497 3348 3496
f 3497 3349 3348
f 3504 3490 3491
f 3504 3503 3490
f 3504 3352 3503
f 3504 3491 3343
f 3504 3343 3353
f 3504 3353 3352
f 3343 3491 3492
f 3343 3492 3344
f 3497 3498 3349
f 3349 3498 3505
f 3349 3505 3355
f 3505 3498 3506
f 3355 3505 3506
f 3350 3501 3502
f 3350 3511 3501
f 3350 3357 3511
f 3350 3502 3351
f 3350 3351 3358
f 3350 3358 3357
f 3351 3502 3503
f 3351 3503 3352
f 3355 3506 3512
f 3359 3355 3512
f 3519 3509 3510
f 3519 3518 3509
f 3519 3362 3518
f 3519 3363 3362
f 3356 3510 3511
f 3356 3519 3510
f 3356 3363 3519
f 3356 3511 3357
f 3356 3357 3364
f 3356 3364 3363
f 3512 3360 3359
f 3359 3360 3365
f 3520 3360 3512
f 3520 3365 3360
f 3528 3369 3527
f 3528 3370 3369
f 3529 3516 3517
f 3529 3528 3516
f 3529 3370 3528
f 3529 3371 3370
f 3361 3517 3518
f 3361 3529 3517
f 3361 3371 3529
f 3361 3518 3362
f 3361 3362 3372
f 3361 3372 3371
f 3520 3366 3365
f 3373 3365 3366
f 3366 3520 3521
f 3366 3521 3530
f 3366 3530 3374
f 3366 3374 3373
f 3531 3521 3522
f 3531 3530 3521
f 3531 3374 3530
f 3531 3375 3374
f 3532 3522 3523
f 3532 3531 3522
f 3532 3375 3531
f 3532 3376 3375
f 3533 3523 3524
f 3533 3532 3523
f 3533 3376 3532
f 3533 3377 3376
f 3534 3524 3525
f 3534 3533 3524
f 3534 3377 3533
f 3534 3378 3377
f 3367 3525 3526
f 3367 3534 3525
f 3367 3378 3534
f 3367 3526 3368
f 3367 3368 3379
f 3367 3379 3378
f 3368 3526 3527
f 3368 3527 3369
f 3535 3390 3381
f 3382 3535 3381
f 3535 3382 3536
f 3383 3536 3382
f 3536 3383 3537
f 3383 3384 3537
f 3537 3384 3538
f 3384 3385 3538
f 3538 3385 3539
f 3385 3386 3539
f 3539 3386 3540
f 3387 3540 3386
f 3387 3541 3540
f 3388 3541 3387
f 3391 3541 3388
f 3391 3388 3392
f 3542 3396 3389
f 3390 3542 3389
f 3543 3390 3535
f 3390 3543 3542
f 3391 3545 3541
f 3391 3392 3545
f 3545 3392 3546
f 3546 3392 3393
f 3546 3393 3547
f 3397 3547 3393
f 3397 3548 3547
f 3398 3548 3397
f 3560 3413 3395
f 3413 3560 3412
f 3560 3395 3561
f 3396 3561 3395
f 3562 3396 3542
f 3561 3396 3562
f 3398 3549 3548
f 3398 3399 3549
f 3549 3399 3563
f 3414 3563 3399
f 3416 3417 3565
f 3417 3566 3565
f 3418 3566 3417
f 3418 3567 3566
f 3567 3400 3401
f 3400 3567 3418
f 3401 3551 3550
f 3567 3401 3550
f 3401 3402 3551
f 3551 3402 3552
f 3402 3403 3552
f 3552 3403 3553
f 3553 3403 3404
f 3404 3554 3553
f 3404 3405 3554
f 3405 3555 3554
f 3405 3406 3555
f 3406 3568 3555
f 3406 3407 3568
f 3568 3407 3569
f 3419 3569 3407
f 3419 3570 3569
f 3408 3570 3420
f 3420 3570 3419
f 3408 3556 3571
f 3408 3571 3570
f 3408 3409 3556
f 3409 3557 3556
f 3409 3410 3557
f 3410 3558 3557
f 3411 3558 3410
f 3558 3411 3559
f 3411 3412 3559
f 3412 3560 3559
f 3563 3414 3572
f 3572 3414 3415
f 3573 3572 3415
f 3573 3415 3421
f 3575 3574 3422
f 3575 3416 3564
f 3575 3423 3416
f 3423 3575 3422
f 3416 3565 3564
f 3573 3421 3577
f 3424 3577 3421
f 3579 3578 3426
f 3579 3422 3574
f 3422 3579 3427
f 3579 3426 3427
f 3424 3581 3577
f 3424 3428 3581
f 3583 3582 3429
f 3583 3426 3578
f 3583 3425 3426
f 3583 3429 3425
f 3581 3428 3584
f 3428 3585 3584
f 3430 3585 3428
f 3587 3586 3431
f 3587 3429 3582
f 3587 3432 3429
f 3587 3431 3432
f 3584 3585 3588
f 3588 3585 3430
f 3433 3588 3430
f 3590 3431 3586
f 3590 3435 3431
f 3433 3591 3588
f 3433 3592 3591
f 3433 3436 3592
f 3434 3590 3589
f 3434 3589 3593
f 3434 3593 3437
f 3590 3434 3435
f 3591 3592 3594
f 3594 3592 3436
f 3438 3594 3436
f 3595 3437 3593
f 3595 3439 3437
f 3438 3596 3594
f 3438 3440 3596
f 3595 3597 3439
f 3439 3597 3441
f 3440 3598 3596
f 3440 3442 3598
f 3597 3599 3441
f 3441 3599 3444
f 3442 3600 3598
f 3442 3445 3600
f 3446 3445 3442
f 3599 3601 3444
f 3444 3601 3447
f 3445 3602 3600
f 3445 3448 3602
f 3445 3446 3449
f 3445 3449 3448
f 3601 3603 3447
f 3450 3447 3603
f 3448 3604 3602
f 3448 3451 3604
f 3448 3449 3452
f 3448 3452 3451
f 3450 3603 3605
f 3450 3605 3453
f 3454 3450 3453
f 3451 3606 3604
f 3451 3455 3606
f 3451 3452 3456
f 3451 3456 3455
f 3605 3607 3453
f 3453 3607 3454
f 3454 3607 3457
f 3455 3608 3606
f 3455 3458 3608
f 3457 3607 3609
f 3457 3609 3460
f 3611 3608 3458
f 3611 3458 3461
f 3609 3612 3460
f 3462 3460 3612
f 3614 3610 3611
f 3614 3613 3610
f 3614 3463 3613
f 3614 3611 3461
f 3614 3461 3464
f 3614 3464 3463
f 3462 3612 3615
f 3465 3462 3615
f 3617 3613 3463
f 3617 3463 3467
f 3465 3615 3618
f 3468 3465 3618
f 3466 3616 3617
f 3466 3620 3616
f 3466 3471 3620
f 3466 3617 3467
f 3469 3468 3618
f 3618 3621 3469
f 3621 3473 3469
f 3470 3619 3620
f 3470 3625 3619
f 3470 3476 3625
f 3470 3620 3471
f 3470 3471 3477
f 3470 3477 3476
f 3621 3622 3473
f 3473 3622 3474
f 3626 3474 3622
f 3626 3478 3474
f 3627 3478 3626
f 3479 3478 3627
f 3475 3624 3625
f 3475 3631 3624
f 3475 3482 3631
f 3475 3625 3476
f 3475 3476 3483
f 3475 3483 3482
f 3479 3627 3628
f 3479 3628 3480
f 3628 3632 3480
f 3632 3484 3480
f 3644 3491 3643
f 3644 3492 3491
f 3481 3630 3631
f 3481 3644 3630
f 3481 3492 3644
f 3481 3631 3482
f 3632 3633 3484
f 3484 3633 3485
f 3485 3633 3634
f 3485 3634 3486
f 3486 3634 3635
f 3486 3635 3487
f 3487 3635 3636
f 3487 3636 3488
f 3488 3636 3637
f 3488 3637 3489
f 3494 3488 3489
f 3489 3637 3638
f 3489 3638 3645
f 3489 3645 3495
f 3489 3495 3494
f 3646 3645 3638
f 3646 3495 3645
f 3646 3496 3495
f 3647 3496 3646
f 3647 3497 3496
f 3648 3497 3647
f 3648 3498 3497
f 3498 3648 3649
f 3659 3501 3658
f 3659 3502 3501
f 3660 3641 3642
f 3660 3659 3641
f 3660 3502 3659
f 3660 3642 3490
f 3660 3490 3503
f 3660 3503 3502
f 3490 3642 3643
f 3490 3643 3491
f 3498 3649 3499
f 3498 3499 3506
f 3661 3649 3650
f 3661 3499 3649
f 3661 3506 3499
f 3650 3662 3661
f 3671 3655 3656
f 3671 3670 3655
f 3672 3656 3657
f 3672 3671 3656
f 3672 3509 3671
f 3672 3510 3509
f 3500 3657 3658
f 3500 3672 3657
f 3500 3510 3672
f 3500 3658 3501
f 3500 3501 3511
f 3500 3511 3510
f 3661 3507 3506
f 3506 3507 3513
f 3512 3506 3513
f 3673 3661 3662
f 3673 3507 3661
f 3673 3513 3507
f 3674 3662 3663
f 3674 3673 3662
f 3663 3675 3674
f 3680 3668 3669
f 3680 3679 3668
f 3681 3669 3670
f 3681 3680 3669
f 3681 3516 3680
f 3681 3517 3516
f 3508 3670 3671
f 3508 3681 3670
f 3508 3517 3681
f 3508 3671 3509
f 3508 3509 3518
f 3508 3518 3517
f 3513 3520 3512
f 3673 3514 3513
f 3513 3514 3521
f 3513 3521 3520
f 3514 3673 3674
f 3514 3674 3682
f 3514 3682 3522
f 3514 3522 3521
f 3683 3674 3675
f 3683 3682 3674
f 3683 3522 3682
f 3683 3523 3522
f 3684 3675 3676
f 3684 3683 3675
f 3684 3523 3683
f 3684 3524 3523
f 3685 3676 3677
f 3685 3684 3676
f 3685 3524 3684
f 3685 3525 3524
f 3686 3677 3678
f 3686 3685 3677
f 3686 3525 3685
f 3686 3526 3525
f 3687 3678 3679
f 3687 3686 3678
f 3687 3526 3686
f 3687 3679 3515
f 3687 3515 3527
f 3687 3527 3526
f 3515 3679 3680
f 3515 3680 3516
f 3515 3516 3528
f 3515 3528 3527
f 3688 3535 3536
f 3543 3535 3688
f 3688 3536 3689
f 3536 3537 3689
f 3689 3537 3690
f 3537 3538 3690
f 3690 3538 3691
f 3538 3539 3691
f 3691 3539 3692
f 3539 3540 3692
f 3694 3692 3540
f 3541 3544 3540
f 3694 3540 3544
f 3695 3544 3541
f 3545 3695 3541
f 3696 3695 3545
f 3546 3696 3545
f 3697 3696 3546
f 3697 3546 3547
f 3542 3704 3562
f 3562 3704 3561
f 3705 3704 3542
f 3543 3705 3542
f 3543 3706 3705
f 3543 3688 3706
f 3689 3707 3688
f 3706 3688 3707
f 3690 3708 3689
f 3707 3689 3708
f 3691 3709 3690
f 3708 3690 3709
f 3692 3710 3691
f 3709 3691 3710
f 3694 3711 3692
f 3710 3692 3711
f 3694 3544 3711
f 3693 3544 3695
f 3711 3544 3693
f 3697 3547 3698
f 3698 3547 3548
f 3698 3548 3712
f 3549 3712 3548
f 3549 3713 3712
f 3713 3549 3563
f 3566 3715 3565
f 3566 3716 3715
f 3567 3716 3566
f 3567 3717 3716
f 3551 3717 3550
f 3550 3717 3567
f 3551 3718 3717
f 3551 3552 3718
f 3718 3552 3719
f 3553 3719 3552
f 3553 3720 3719
f 3720 3553 3554
f 3720 3554 3721
f 3554 3555 3721
f 3721 3555 3722
f 3568 3722 3555
f 3568 3723 3722
f 3569 3723 3568
f 3569 3724 3723
f 3570 3724 3569
f 3725 3724 3570
f 3556 3725 3571
f 3571 3725 3570
f 3556 3726 3725
f 3556 3557 3726
f 3557 3700 3699
f 3726 3557 3699
f 3557 3558 3700
f 3558 3701 3700
f 3558 3559 3701
f 3559 3702 3701
f 3559 3560 3702
f 3560 3703 3702
f 3560 3561 3703
f 3703 3561 3704
f 3712 3713 3727
f 3713 3563 3727
f 3727 3563 3728
f 3572 3728 3563
f 3564 3730 3575
f 3574 3575 3730
f 3564 3714 3731
f 3564 3731 3730
f 3564 3565 3714
f 3565 3715 3714
f 3572 3732 3728
f 3573 3732 3572
f 3573 3576 3732
f 3577 3576 3573
f 3734 3733 3578
f 3734 3579 3574
f 3734 3578 3579
f 3574 3730 3729
f 3734 3574 3729
f 3732 3576 3735
f 3577 3735 3576
f 3577 3580 3735
f 3581 3580 3577
f 3737 3736 3582
f 3737 3578 3733
f 3737 3583 3578
f 3737 3582 3583
f 3735 3580 3738
f 3738 3580 3581
f 3584 3738 3581
f 3740 3739 3586
f 3740 3582 3736
f 3740 3587 3582
f 3740 3586 3587
f 3584 3742 3738
f 3584 3588 3742
f 3744 3590 3586
f 3744 3586 3739
f 3745 3742 3588
f 3745 3588 3591
f 3589 3744 3743
f 3589 3743 3746
f 3589 3746 3593
f 3744 3589 3590
f 3591 3747 3745
f 3591 3748 3747
f 3591 3594 3748
f 3593 3749 3595
f 3593 3746 3749
f 3747 3748 3751
f 3751 3748 3594
f 3751 3594 3596
f 3749 3752 3595
f 3595 3752 3597
f 3753 3751 3596
f 3753 3596 3598
f 3752 3754 3597
f 3597 3754 3599
f 3598 3755 3753
f 3598 3600 3755
f 3754 3756 3599
f 3599 3756 3601
f 3600 3757 3755
f 3600 3602 3757
f 3601 3756 3758
f 3601 3758 3603
f 3602 3759 3757
f 3602 3604 3759
f 3603 3758 3760
f 3605 3603 3760
f 3604 3761 3759
f 3604 3606 3761
f 3760 3762 3605
f 3605 3762 3607
f 3764 3761 3606
f 3764 3606 3608
f 3607 3762 3765
f 3609 3607 3765
f 3767 3763 3764
f 3767 3766 3763
f 3767 3610 3766
f 3767 3764 3608
f 3767 3608 3611
f 3767 3611 3610
f 3765 3768 3609
f 3609 3768 3612
f 3610 3770 3766
f 3610 3613 3770
f 3768 3771 3612
f 3615 3612 3771
f 3773 3616 3772
f 3773 3770 3613
f 3773 3613 3617
f 3773 3617 3616
f 3774 3615 3771
f 3618 3615 3774
f 3616 3777 3772
f 3616 3620 3777
f 3618 3774 3778
f 3618 3778 3621
f 3779 3621 3778
f 3783 3624 3782
f 3783 3625 3624
f 3619 3776 3777
f 3619 3783 3776
f 3619 3625 3783
f 3619 3777 3620
f 3779 3622 3621
f 3622 3779 3780
f 3622 3780 3623
f 3626 3622 3623
f 3780 3784 3623
f 3784 3626 3623
f 3784 3627 3626
f 3784 3785 3627
f 3790 3781 3782
f 3790 3789 3781
f 3790 3630 3789
f 3790 3782 3624
f 3790 3624 3631
f 3790 3631 3630
f 3628 3627 3785
f 3628 3785 3786
f 3628 3786 3791
f 3628 3791 3632
f 3786 3792 3791
f 3792 3632 3791
f 3808 3642 3807
f 3808 3643 3642
f 3629 3788 3789
f 3629 3808 3788
f 3629 3643 3808
f 3629 3789 3630
f 3629 3630 3644
f 3629 3644 3643
f 3792 3633 3632
f 3633 3792 3793
f 3633 3793 3634
f 3634 3793 3794
f 3634 3794 3635
f 3635 3794 3795
f 3635 3795 3636
f 3636 3795 3796
f 3636 3796 3637
f 3637 3796 3797
f 3637 3797 3638
f 3638 3797 3798
f 3638 3798 3639
f 3646 3638 3639
f 3639 3798 3799
f 3639 3799 3809
f 3639 3809 3647
f 3639 3647 3646
f 3799 3810 3809
f 3810 3647 3809
f 3810 3648 3647
f 3811 3648 3810
f 3811 3649 3648
f 3812 3649 3811
f 3821 3801 3802
f 3821 3820 3801
f 3822 3802 3803
f 3822 3821 3802
f 3822 3655 3821
f 3822 3656 3655
f 3823 3803 3804
f 3823 3822 3803
f 3823 3656 3822
f 3823 3657 3656
f 3824 3804 3805
f 3824 3823 3804
f 3824 3657 3823
f 3824 3658 3657
f 3640 3805 3806
f 3640 3824 3805
f 3640 3658 3824
f 3640 3806 3641
f 3640 3641 3659
f 3640 3659 3658
f 3641 3806 3807
f 3641 3807 3642
f 3812 3650 3649
f 3650 3812 3813
f 3650 3813 3651
f 3650 3651 3662
f 3651 3813 3814
f 3651 3814 3652
f 3651 3652 3663
f 3651 3663 3662
f 3652 3814 3815
f 3652 3815 3825
f 3652 3825 3664
f 3652 3664 3663
f 3826 3815 3816
f 3826 3825 3815
f 3826 3664 3825
f 3826 3665 3664
f 3827 3816 3817
f 3827 3826 3816
f 3827 3665 3826
f 3827 3666 3665
f 3828 3817 3818
f 3828 3827 3817
f 3828 3666 3827
f 3828 3667 3666
f 3829 3818 3819
f 3829 3828 3818
f 3829 3667 3828
f 3829 3668 3667
f 3653 3819 3820
f 3653 3829 3819
f 3653 3668 3829
f 3653 3820 3654
f 3653 3654 3669
f 3653 3669 3668
f 3654 3820 3821
f 3654 3821 3655
f 3654 3655 3670
f 3654 3670 3669
f 3663 3664 3675
f 3664 3665 3676
f 3664 3676 3675
f 3665 3666 3677
f 3665 3677 3676
f 3666 3667 3678
f 3666 3678 3677
f 3667 3668 3679
f 3667 3679 3678
f 3695 3840 3693
f 3693 3840 3711
f 3840 3695 3841
f 3841 3695 3696
f 3841 3696 3842
f 3697 3842 3696
f 3697 3843 3842
f 3698 3843 3697
f 3844 3843 3698
f 3844 3698 3712
f 3716 3846 3715
f 3846 3716 3847
f 3717 3847 3716
f 3717 3848 3847
f 3718 3848 3717
f 3718 3849 3848
f 3719 3849 3718
f 3719 3850 3849
f 3720 3850 3719
f 3851 3850 3720
f 3721 3851 3720
f 3851 3721 3852
f 3722 3852 3721
f 3722 3853 3852
f 3853 3722 3723
f 3726 3856 3725
f 3857 3856 3726
f 3700 3857 3699
f 3699 3857 3726
f 3700 3858 3857
f 3858 3700 3701
f 3701 3830 3859
f 3858 3701 3859
f 3701 3702 3830
f 3702 3831 3830
f 3702 3703 3831
f 3703 3832 3831
f 3703 3704 3832
f 3704 3833 3832
f 3704 3705 3833
f 3705 3834 3833
f 3705 3706 3834
f 3834 3706 3835
f 3706 3707 3835
f 3835 3707 3836
f 3707 3708 3836
f 3836 3708 3837
f 3708 3709 3837
f 3837 3709 3838
f 3709 3710 3838
f 3838 3710 3839
f 3710 3711 3839
f 3839 3711 3840
f 3844 3860 3843
f 3844 3712 3860
f 3860 3712 3861
f 3727 3861 3712
f 3714 3864 3731
f 3731 3864 3730
f 3714 3845 3865
f 3714 3865 3864
f 3714 3715 3845
f 3845 3715 3846
f 3853 3723 3854
f 3854 3723 3724
f 3724 3855 3854
f 3725 3855 3724
f 3855 3725 3856
f 3727 3866 3861
f 3728 3866 3727
f 3728 3867 3866
f 3867 3728 3732
f 3733 3734 3869
f 3729 3863 3862
f 3729 3862 3869
f 3734 3729 3869
f 3729 3730 3863
f 3730 3864 3863
f 3866 3867 3870
f 3867 3732 3870
f 3870 3732 3871
f 3732 3735 3871
f 3733 3873 3737
f 3736 3737 3873
f 3733 3869 3868
f 3733 3868 3873
f 3871 3735 3874
f 3735 3875 3874
f 3735 3738 3875
f 3736 3877 3740
f 3739 3740 3877
f 3736 3873 3872
f 3736 3872 3877
f 3874 3875 3878
f 3878 3875 3738
f 3878 3738 3741
f 3742 3741 3738
f 3739 3877 3876
f 3739 3876 3879
f 3739 3879 3744
f 3880 3878 3741
f 3880 3741 3742
f 3880 3742 3745
f 3882 3744 3879
f 3744 3882 3743
f 3882 3746 3743
f 3880 3745 3883
f 3745 3747 3883
f 3882 3881 3746
f 3746 3881 3884
f 3746 3884 3749
f 3747 3885 3883
f 3747 3750 3885
f 3747 3751 3750
f 3886 3752 3749
f 3886 3749 3884
f 3750 3887 3885
f 3750 3888 3887
f 3750 3751 3753
f 3750 3753 3888
f 3886 3889 3752
f 3752 3889 3754
f 3891 3887 3888
f 3891 3890 3887
f 3891 3888 3753
f 3891 3753 3755
f 3892 3754 3889
f 3756 3754 3892
f 3890 3891 3894
f 3894 3891 3755
f 3894 3755 3757
f 3895 3756 3892
f 3758 3756 3895
f 3897 3894 3757
f 3897 3757 3759
f 3895 3898 3758
f 3760 3758 3898
f 3900 3897 3759
f 3900 3759 3761
f 3901 3760 3898
f 3760 3901 3762
f 3903 3899 3900
f 3903 3902 3899
f 3903 3763 3902
f 3903 3900 3761
f 3903 3761 3764
f 3903 3764 3763
f 3904 3762 3901
f 3765 3762 3904
f 3763 3906 3902
f 3763 3766 3906
f 3907 3765 3904
f 3907 3768 3765
f 3910 3905 3906
f 3910 3909 3905
f 3910 3906 3766
f 3910 3766 3770
f 3907 3911 3768
f 3911 3771 3768
f 3769 3909 3910
f 3769 3914 3909
f 3769 3772 3914
f 3769 3910 3770
f 3769 3770 3773
f 3769 3773 3772
f 3911 3912 3771
f 3915 3771 3912
f 3915 3774 3771
f 3915 3912 3916
f 3915 3916 3774
f 3920 3913 3914
f 3920 3919 3913
f 3920 3776 3919
f 3920 3914 3772
f 3920 3772 3777
f 3920 3777 3776
f 3775 3774 3916
f 3775 3778 3774
f 3921 3775 3916
f 3921 3778 3775
f 3921 3779 3778
f 3921 3922 3779
f 3926 3918 3919
f 3926 3925 3918
f 3926 3782 3925
f 3926 3919 3776
f 3926 3776 3783
f 3926 3783 3782
f 3780 3779 3922
f 3927 3780 3922
f 3927 3784 3780
f 3927 3928 3784
f 3785 3784 3928
f 3936 3788 3935
f 3936 3789 3788
f 3781 3924 3925
f 3781 3936 3924
f 3781 3789 3936
f 3781 3925 3782
f 3785 3928 3929
f 3785 3929 3786
f 3937 3786 3929
f 3937 3792 3786
f 3938 3792 3937
f 3941 3795 3940
f 3941 3796 3795
f 3942 3796 3941
f 3942 3797 3796
f 3797 3942 3943
f 3957 3803 3956
f 3960 3933 3934
f 3960 3959 3933
f 3960 3806 3959
f 3960 3807 3806
f 3787 3934 3935
f 3787 3960 3934
f 3787 3807 3960
f 3787 3935 3788
f 3787 3788 3808
f 3787 3808 3807
f 3938 3793 3792
f 3793 3938 3939
f 3793 3939 3794
f 3794 3939 3940
f 3794 3940 3795
f 3797 3943 3798
f 3798 3943 3944
f 3798 3944 3799
f 3799 3944 3945
f 3799 3945 3961
f 3799 3961 3810
f 3945 3962 3961
f 3962 3810 3961
f 3962 3811 3810
f 3963 3811 3962
f 3963 3812 3811
f 3964 3812 3963
f 3964 3813 3812
f 3965 3813 3964
f 3965 3814 3813
f 3966 3814 3965
f 3966 3815 3814
f 3967 3815 3966
f 3967 3816 3815
f 3968 3816 3967
f 3968 3817 3816
f 3969 3817 3968
f 3969 3818 3817
f 3970 3952 3953
f 3970 3969 3952
f 3970 3818 3969
f 3970 3819 3818
f 3800 3953 3954
f 3800 3970 3953
f 3800 3819 3970
f 3800 3954 3801
f 3800 3801 3820
f 3800 3820 3819
f 3801 3954 3955
f 3801 3955 3802
f 3802 3955 3956
f 3802 3956 3803
f 3957 3804 3803
f 3804 3957 3958
f 3804 3958 3805
f 3805 3958 3959
f 3805 3959 3806
f 3858 3982 3857
f 3982 3858 3983
f 3830 3983 3859
f 3859 3983 3858
f 3830 3984 3983
f 3831 3984 3830
f 3831 3985 3984
f 3832 3985 3831
f 3832 3971 3986
f 3832 3986 3985
f 3832 3833 3971
f 3833 3972 3971
f 3833 3834 3972
f 3834 3973 3972
f 3834 3835 3973
f 3835 3974 3973
f 3835 3836 3974
f 3836 3975 3974
f 3836 3837 3975
f 3837 3987 3975
f 3837 3838 3987
f 3987 3838 3988
f 3839 3988 3838
f 3839 3989 3988
f 3840 3989 3839
f 3990 3989 3840
f 3841 3990 3840
f 3841 3991 3990
f 3841 3842 3991
f 3842 3992 3991
f 3843 3992 3842
f 3993 3992 3843
f 3993 3843 3860
f 3996 3864 3997
f 3845 3997 3865
f 3865 3997 3864
f 3845 3998 3997
f 3845 3846 3998
f 3998 3846 3999
f 3846 3847 3999
f 3976 3847 3977
f 3999 3847 3976
f 3847 3848 3977
f 3977 3848 3978
f 3848 3849 3978
f 3978 3849 4000
f 4000 3849 3850
f 3850 3979 4001
f 4000 3850 4001
f 3850 3851 3979
f 3851 3980 3979
f 3851 3852 3980
f 3980 3852 4002
f 4002 3852 3853
f 4002 3853 4003
f 3854 4003 3853
f 3854 4004 4003
f 3855 4004 3854
f 3855 4005 4004
f 4005 3855 3856
f 3856 3981 4006
f 4005 3856 4006
f 3857 3981 3856
f 3981 3857 3982
f 3993 3860 4007
f 4007 3860 3861
f 4008 4007 3861
f 3866 4008 3861
f 3862 3995 3994
f 3862 3994 4010
f 3869 3862 4010
f 3862 3863 3995
f 3863 3996 3995
f 3863 3864 3996
f 3866 4011 4008
f 3866 3870 4011
f 3868 4010 4009
f 3868 4009 4012
f 3868 4012 3873
f 4010 3868 3869
f 4013 4011 3870
f 4013 3870 3871
f 3874 4013 3871
f 3872 4012 4015
f 3872 4015 4014
f 3872 4014 3877
f 3872 3873 4012
f 4017 4013 3874
f 4017 3874 3878
f 4019 3877 4014
f 3877 4019 3876
f 4019 3879 3876
f 4017 3878 4020
f 3878 4021 4020
f 3880 4021 3878
f 3879 4022 3882
f 4019 4018 3879
f 3879 4018 4022
f 4024 4020 4021
f 4024 4021 3880
f 4024 3880 3883
f 4025 3882 4022
f 3882 4025 3881
f 3884 3881 4025
f 4026 4024 3883
f 4026 3883 3885
f 3884 4025 4027
f 3884 4027 3886
f 3885 4028 4026
f 3885 3887 4028
f 4027 4030 3886
f 3886 4030 4029
f 3886 4029 3889
f 3887 4031 4028
f 3887 3890 4031
f 4029 4032 3889
f 3889 4032 3892
f 3890 4033 4031
f 3890 3893 4033
f 3890 3894 3893
f 4032 4034 3892
f 3895 3892 4034
f 3893 4035 4033
f 3893 3896 4035
f 3893 3894 3897
f 3893 3897 3896
f 4034 4036 3895
f 3895 4036 3898
f 3896 4038 4035
f 3896 3899 4038
f 3896 3897 3900
f 3896 3900 3899
f 4039 3898 4036
f 3901 3898 4039
f 3899 4041 4038
f 3899 3902 4041
f 4039 4042 3901
f 4042 3904 3901
f 4044 4040 4041
f 4044 4043 4040
f 4044 3905 4043
f 4044 4041 3902
f 4044 3902 3906
f 4044 3906 3905
f 4042 4045 3904
f 3907 3904 4045
f 3905 4047 4043
f 3905 3909 4047
f 3908 3907 4045
f 3908 3911 3907
f 4045 4048 3908
f 4048 3911 3908
f 4052 4047 3909
f 4052 3909 3914
f 4048 3912 3911
f 4053 3912 4048
f 4053 3916 3912
f 3916 4053 4054
f 3913 4051 4052
f 3913 4058 4051
f 3913 3919 4058
f 3913 4052 3914
f 3916 4054 3917
f 3921 3916 3917
f 4059 3917 4054
f 4059 3921 3917
f 4059 3922 3921
f 3922 4059 4060
f 4065 4056 4057
f 4065 4064 4056
f 4065 3924 4064
f 4065 4057 3918
f 4065 3918 3925
f 4065 3925 3924
f 3918 4057 4058
f 3918 4058 3919
f 3922 4060 4066
f 3927 3922 4066
f 4060 4067 4066
f 4067 3927 4066
f 4067 3928 3927
f 3928 4067 4068
f 4081 3933 4080
f 4081 3934 3933
f 4082 4062 4063
f 4082 4081 4062
f 4082 3934 4081
f 4082 4063 3923
f 4082 3923 3935
f 4082 3935 3934
f 3923 4063 4064
f 3923 4064 3924
f 3923 3924 3936
f 3923 3936 3935
f 3928 4068 3929
f 3929 4068 4069
f 3929 4069 3930
f 3937 3929 3930
f 3930 4069 4070
f 3930 4070 4083
f 3930 4083 3938
f 3930 3938 3937
f 4084 4070 4071
f 4084 4083 4070
f 4084 3938 4083
f 4084 3939 3938
f 4071 4085 4084
f 4085 3939 4084
f 4085 3940 3939
f 4086 3940 4085
f 4086 3941 3940
f 4087 3941 4086
f 4087 3942 3941
f 4088 3942 4087
f 4088 3943 3942
f 4089 3943 4088
f 4089 3944 3943
f 3944 4089 4090
f 4101 3954 4100
f 4101 3955 3954
f 4102 3955 4101
f 4102 3956 3955
f 4103 3956 4102
f 4103 3957 3956
f 3931 4078 4079
f 3931 4103 4078
f 3931 3957 4103
f 3931 4079 3932
f 3931 3932 3958
f 3931 3958 3957
f 3932 4079 4080
f 3932 4080 3933
f 3932 3933 3959
f 3932 3959 3958
f 3944 4090 3945
f 3945 4090 4091
f 3945 4091 3946
f 3945 3946 3962
f 3946 4091 4092
f 3946 4092 4104
f 3946 4104 3963
f 3946 3963 3962
f 3947 4092 4093
f 3947 4104 4092
f 3947 3963 4104
f 3947 4093 3948
f 3947 3948 3964
f 3947 3964 3963
f 3948 4093 4094
f 3948 4094 3949
f 3948 3949 3965
f 3948 3965 3964
f 3949 4094 4095
f 3949 4095 3950
f 3949 3950 3966
f 3949 3966 3965
f 4105 4095 4096
f 4105 3950 4095
f 4105 3966 3950
f 4105 3967 3966
f 4106 4096 4097
f 4106 4105 4096
f 4106 3967 4105
f 4106 4097 3951
f 4106 3951 3968
f 4106 3968 3967
f 3951 4097 4098
f 3951 4098 3952
f 3951 3952 3969
f 3951 3969 3968
f 3952 4098 4099
f 3952 4099 3953
f 3953 4099 4100
f 3953 4100 3954
f 4111 4117 4118
f 3985 4123 3984
f 4124 4123 3985
f 3971 4124 3986
f 3986 4124 3985
f 3971 4125 4124
f 3972 4125 3971
f 3972 4126 4125
f 3972 3973 4126
f 4126 3973 4127
f 3973 3974 4127
f 4127 3974 4128
f 3974 3975 4128
f 4128 3975 4129
f 3987 4129 3975
f 3987 4130 4129
f 3988 4130 3987
f 4116 4135 4117
f 4134 4135 4116
f 4117 4136 4118
f 4135 4136 4117
f 4137 4119 4118
f 4136 4137 4118
f 3995 4137 4136
f 4119 4137 4138
f 3996 4138 4137
f 3997 4139 4138
f 3998 4139 3997
f 4140 4139 3998
f 3999 4140 3998
f 4141 4140 3999
f 3977 4141 3976
f 3976 4141 3999
f 4142 4141 3977
f 3978 4142 3977
f 4143 4142 3978
f 4000 4143 3978
f 4144 4143 4000
f 3979 4144 4001
f 4001 4144 4000
f 4145 4144 3979
f 3980 4145 3979
f 4146 4145 3980
f 4002 4146 3980
f 4147 4146 4002
f 4147 4002 4003
f 4005 4149 4004
f 4150 4149 4005
f 3981 4150 4006
f 4006 4150 4005
f 4150 3981 4151
f 3982 4151 3981
f 3982 4121 4152
f 3982 4152 4151
f 3982 3983 4121
f 4121 3983 4122
f 3983 3984 4122
f 4122 3984 4123
f 4130 3988 4131
f 4131 3988 3989
f 3989 4153 4131
f 3989 3990 4153
f 4153 3990 4154
f 3991 4154 3990
f 4154 3991 4155
f 4155 3991 3992
f 4156 4155 3992
f 3993 4156 3992
f 4157 4156 3993
f 4157 3993 4007
f 4160 4134 4133
f 4160 4133 4159
f 4134 4161 4135
f 4160 4161 4134
f 4161 4160 4009
f 4161 3994 4135
f 4161 4010 3994
f 4161 4009 4010
f 4135 3994 4136
f 3994 3995 4136
f 3995 3996 4137
f 4138 3996 3997
f 4147 4003 4148
f 4003 4004 4148
f 4148 4004 4149
f 4157 4007 4162
f 4162 4007 4008
f 4162 4008 4163
f 4163 4008 4011
f 4165 4160 4159
f 4165 4159 4164
f 4165 4009 4160
f 4009 4165 4012
f 4162 4163 4166
f 4163 4011 4166
f 4011 4167 4166
f 4013 4167 4011
f 4170 4165 4164
f 4170 4164 4169
f 4170 4169 4014
f 4170 4012 4165
f 4170 4015 4012
f 4170 4014 4015
f 4166 4167 4171
f 4171 4167 4013
f 4171 4013 4016
f 4017 4016 4013
f 4173 4014 4169
f 4173 4019 4014
f 4175 4171 4016
f 4175 4016 4017
f 4020 4175 4017
f 4018 4173 4172
f 4018 4172 4176
f 4018 4176 4022
f 4173 4018 4019
f 4020 4177 4175
f 4020 4023 4177
f 4024 4023 4020
f 4179 4022 4176
f 4179 4025 4022
f 4023 4180 4177
f 4023 4181 4180
f 4023 4024 4026
f 4023 4026 4181
f 4179 4183 4025
f 4025 4183 4027
f 4185 4180 4181
f 4185 4184 4180
f 4185 4181 4026
f 4185 4026 4028
f 4183 4187 4027
f 4027 4187 4030
f 4029 4030 4187
f 4189 4184 4185
f 4189 4188 4184
f 4189 4185 4028
f 4189 4028 4031
f 4187 4190 4029
f 4029 4190 4032
f 4192 4188 4189
f 4192 4191 4188
f 4192 4189 4031
f 4192 4031 4033
f 4190 4193 4032
f 4032 4193 4034
f 4195 4191 4192
f 4195 4194 4191
f 4195 4192 4033
f 4195 4033 4035
f 4196 4034 4193
f 4034 4196 4036
f 4198 4194 4195
f 4198 4197 4194
f 4198 4195 4035
f 4198 4035 4038
f 4196 4199 4036
f 4039 4036 4199
f 4037 4197 4198
f 4037 4201 4197
f 4037 4040 4201
f 4037 4198 4038
f 4037 4038 4041
f 4037 4041 4040
f 4039 4199 4202
f 4039 4202 4042
f 4040 4204 4201
f 4040 4043 4204
f 4205 4042 4202
f 4042 4205 4045
f 4205 4202 4206
f 4045 4205 4206
f 4209 4203 4204
f 4209 4208 4203
f 4209 4046 4208
f 4209 4204 4043
f 4209 4043 4047
f 4209 4047 4046
f 4045 4206 4210
f 4045 4210 4048
f 4210 4206 4211
f 4210 4211 4048
f 4046 4214 4208
f 4046 4051 4214
f 4046 4047 4052
f 4046 4052 4051
f 4049 4048 4211
f 4049 4053 4048
f 4215 4049 4211
f 4215 4053 4049
f 4215 4054 4053
f 4054 4215 4216
f 4050 4213 4214
f 4050 4219 4213
f 4050 4057 4219
f 4050 4214 4051
f 4050 4051 4058
f 4050 4058 4057
f 4054 4216 4055
f 4059 4054 4055
f 4216 4220 4055
f 4220 4059 4055
f 4060 4059 4220
f 4225 4062 4224
f 4225 4063 4062
f 4226 4217 4218
f 4226 4225 4217
f 4226 4063 4225
f 4226 4218 4056
f 4226 4056 4064
f 4226 4064 4063
f 4056 4218 4219
f 4056 4219 4057
f 4060 4220 4221
f 4060 4221 4227
f 4060 4227 4067
f 4221 4228 4227
f 4228 4067 4227
f 4228 4068 4067
f 4229 4068 4228
f 4247 4079 4246
f 4247 4080 4079
f 4061 4223 4224
f 4061 4247 4223
f 4061 4080 4247
f 4061 4224 4062
f 4061 4062 4081
f 4061 4081 4080
f 4229 4069 4068
f 4069 4229 4230
f 4069 4230 4070
f 4070 4230 4231
f 4070 4231 4071
f 4071 4231 4232
f 4071 4232 4072
f 4071 4072 4085
f 4072 4232 4233
f 4072 4233 4073
f 4072 4073 4086
f 4072 4086 4085
f 4073 4233 4234
f 4073 4234 4074
f 4073 4074 4087
f 4073 4087 4086
f 4074 4234 4235
f 4074 4235 4248
f 4074 4248 4088
f 4074 4088 4087
f 4075 4235 4236
f 4075 4248 4235
f 4075 4088 4248
f 4075 4236 4076
f 4075 4076 4089
f 4075 4089 4088
f 4249 4236 4237
f 4249 4076 4236
f 4249 4089 4076
f 4249 4090 4089
f 4250 4249 4237
f 4250 4090 4249
f 4250 4091 4090
f 4091 4250 4251
f 4254 4094 4253
f 4254 4095 4094
f 4095 4254 4255
f 4259 4099 4258
f 4259 4100 4099
f 4260 4100 4259
f 4260 4101 4100
f 4261 4101 4260
f 4261 4102 4101
f 4077 4244 4245
f 4077 4261 4244
f 4077 4102 4261
f 4077 4245 4078
f 4077 4078 4103
f 4077 4103 4102
f 4078 4245 4246
f 4078 4246 4079
f 4091 4251 4092
f 4092 4251 4252
f 4092 4252 4093
f 4093 4252 4253
f 4093 4253 4094
f 4095 4255 4096
f 4096 4255 4256
f 4096 4256 4097
f 4097 4256 4257
f 4097 4257 4098
f 4098 4257 4258
f 4098 4258 4099
f 4270 4264 4263
f 4270 4263 4269
f 4271 4264 4270
f 4276 4268 4267
f 4276 4267 4275
f 4276 4275 4109
f 4276 4109 4110
f 4277 4269 4268
f 4277 4268 4276
f 4277 4276 4110
f 4277 4107 4269
f 4277 4111 4107
f 4277 4110 4111
f 4269 4107 4270
f 4107 4108 4270
f 4107 4112 4108
f 4107 4111 4112
f 4270 4278 4271
f 4108 4278 4270
f 4278 4108 4112
f 4278 4112 4113
f 4278 4279 4271
f 4113 4279 4278
f 4274 4283 4275
f 4282 4283 4274
f 4283 4282 4114
f 4283 4109 4275
f 4283 4115 4109
f 4283 4114 4115
f 4109 4116 4110
f 4109 4115 4116
f 4110 4117 4111
f 4117 4110 4116
f 4111 4118 4112
f 4112 4119 4113
f 4112 4118 4119
f 4113 4284 4279
f 4284 4113 4119
f 4284 4285 4279
f 4125 4288 4124
f 4289 4288 4125
f 4126 4289 4125
f 4290 4289 4126
f 4127 4290 4126
f 4127 4291 4290
f 4128 4291 4127
f 4128 4292 4291
f 4129 4292 4128
f 4129 4293 4292
f 4130 4293 4129
f 4297 4282 4281
f 4297 4281 4296
f 4297 4114 4282
f 4297 4132 4114
f 4114 4133 4115
f 4114 4132 4133
f 4116 4115 4134
f 4115 4133 4134
f 4284 4119 4120
f 4119 4138 4120
f 4285 4284 4298
f 4120 4298 4284
f 4138 4298 4120
f 4298 4138 4139
f 4121 4301 4152
f 4152 4301 4151
f 4302 4301 4121
f 4122 4302 4121
f 4122 4303 4302
f 4122 4123 4303
f 4123 4287 4286
f 4303 4123 4286
f 4124 4287 4123
f 4287 4124 4288
f 4130 4294 4293
f 4294 4130 4131
f 4294 4131 4304
f 4153 4304 4131
f 4153 4305 4304
f 4154 4305 4153
f 4306 4305 4154
f 4155 4306 4154
f 4296 4309 4297
f 4309 4296 4308
f 4309 4132 4297
f 4309 4158 4132
f 4132 4159 4133
f 4132 4158 4159
f 4298 4139 4299
f 4139 4140 4299
f 4140 4310 4299
f 4140 4141 4310
f 4310 4141 4311
f 4141 4142 4311
f 4311 4142 4312
f 4142 4143 4312
f 4312 4143 4313
f 4143 4144 4313
f 4313 4144 4314
f 4144 4145 4314
f 4314 4145 4315
f 4146 4315 4145
f 4146 4316 4315
f 4147 4316 4146
f 4147 4317 4316
f 4148 4317 4147
f 4318 4317 4148
f 4149 4318 4148
f 4319 4318 4149
f 4150 4319 4149
f 4150 4320 4319
f 4150 4151 4320
f 4321 4151 4301
f 4320 4151 4321
f 4155 4322 4306
f 4322 4155 4156
f 4322 4156 4323
f 4157 4323 4156
f 4157 4324 4323
f 4324 4157 4162
f 4326 4309 4308
f 4326 4158 4309
f 4158 4326 4327
f 4158 4164 4159
f 4158 4327 4164
f 4324 4162 4329
f 4166 4329 4162
f 4326 4332 4327
f 4331 4332 4326
f 4332 4164 4327
f 4332 4169 4164
f 4166 4333 4329
f 4166 4334 4333
f 4166 4171 4334
f 4331 4168 4332
f 4336 4168 4331
f 4168 4336 4172
f 4168 4169 4332
f 4168 4173 4169
f 4168 4172 4173
f 4333 4334 4337
f 4334 4171 4337
f 4171 4174 4337
f 4175 4174 4171
f 4340 4336 4335
f 4340 4335 4339
f 4340 4172 4336
f 4172 4340 4176
f 4342 4337 4174
f 4342 4341 4337
f 4342 4174 4175
f 4342 4175 4177
f 4345 4340 4339
f 4345 4339 4344
f 4345 4344 4178
f 4345 4176 4340
f 4345 4179 4176
f 4345 4178 4179
f 4347 4341 4342
f 4347 4342 4177
f 4347 4177 4180
f 4349 4178 4344
f 4178 4349 4182
f 4179 4178 4183
f 4178 4182 4183
f 4351 4347 4180
f 4351 4180 4184
f 4353 4182 4349
f 4182 4353 4186
f 4183 4182 4187
f 4182 4186 4187
f 4355 4351 4184
f 4355 4184 4188
f 4186 4353 4356
f 4186 4356 4357
f 4187 4186 4190
f 4186 4357 4190
f 4188 4359 4355
f 4188 4191 4359
f 4361 4357 4356
f 4361 4356 4360
f 4357 4361 4190
f 4361 4193 4190
f 4191 4363 4359
f 4191 4194 4363
f 4360 4364 4361
f 4364 4193 4361
f 4193 4364 4196
f 4366 4363 4194
f 4366 4194 4197
f 4364 4367 4196
f 4196 4367 4199
f 4369 4365 4366
f 4369 4368 4365
f 4369 4366 4197
f 4369 4197 4201
f 4199 4367 4370
f 4202 4199 4370
f 4200 4368 4369
f 4200 4372 4368
f 4200 4203 4372
f 4200 4369 4201
f 4200 4201 4204
f 4200 4204 4203
f 4373 4202 4370
f 4206 4202 4373
f 4203 4377 4372
f 4203 4208 4377
f 4378 4206 4373
f 4378 4211 4206
f 4211 4378 4379
f 4207 4376 4377
f 4207 4382 4376
f 4207 4213 4382
f 4207 4377 4208
f 4207 4208 4214
f 4207 4214 4213
f 4211 4379 4383
f 4215 4211 4383
f 4379 4384 4383
f 4384 4215 4383
f 4216 4215 4384
f 4388 4217 4387
f 4388 4218 4217
f 4212 4381 4382
f 4212 4388 4381
f 4212 4218 4388
f 4212 4382 4213
f 4212 4213 4219
f 4212 4219 4218
f 4216 4384 4385
f 4216 4385 4389
f 4216 4389 4220
f 4385 4390 4389
f 4390 4220 4389
f 4407 4386 4387
f 4407 4406 4386
f 4407 4224 4406
f 4407 4387 4217
f 4407 4217 4225
f 4407 4225 4224
f 4390 4221 4220
f 4221 4390 4391
f 4221 4391 4408
f 4221 4408 4228
f 4409 4408 4391
f 4409 4228 4408
f 4409 4229 4228
f 4410 4229 4409
f 4410 4230 4229
f 4411 4230 4410
f 4411 4231 4230
f 4412 4231 4411
f 4412 4232 4231
f 4413 4232 4412
f 4413 4233 4232
f 4414 4233 4413
f 4417 4236 4416
f 4417 4237 4236
f 4418 4237 4417
f 4431 4245 4430
f 4431 4246 4245
f 4222 4404 4405
f 4222 4431 4404
f 4222 4246 4431
f 4222 4405 4223
f 4222 4223 4247
f 4222 4247 4246
f 4223 4405 4406
f 4223 4406 4224
f 4414 4234 4233
f 4234 4414 4415
f 4234 4415 4235
f 4235 4415 4416
f 4235 4416 4236
f 4418 4238 4237
f 4250 4237 4238
f 4238 4418 4419
f 4238 4419 4239
f 4238 4239 4251
f 4238 4251 4250
f 4239 4419 4420
f 4239 4420 4240
f 4239 4240 4252
f 4239 4252 4251
f 4240 4420 4421
f 4240 4421 4241
f 4240 4241 4253
f 4240 4253 4252
f 4241 4421 4422
f 4241 4422 4242
f 4241 4242 4254
f 4241 4254 4253
f 4242 4422 4423
f 4242 4423 4432
f 4242 4432 4255
f 4242 4255 4254
f 4433 4423 4424
f 4433 4432 4423
f 4433 4255 4432
f 4433 4256 4255
f 4434 4424 4425
f 4434 4433 4424
f 4434 4256 4433
f 4434 4257 4256
f 4435 4425 4426
f 4435 4434 4425
f 4435 4257 4434
f 4435 4258 4257
f 4436 4426 4427
f 4436 4435 4426
f 4436 4258 4435
f 4436 4259 4258
f 4437 4427 4428
f 4437 4436 4427
f 4437 4259 4436
f 4437 4260 4259
f 4243 4428 4429
f 4243 4437 4428
f 4243 4260 4437
f 4243 4429 4244
f 4243 4244 4261
f 4243 4261 4260
f 4244 4429 4430
f 4244 4430 4245
f 4444 4443 4263
f 4444 4263 4264
f 4445 4440 4439
f 4445 4439 4444
f 4445 4444 4264
f 4445 4264 4265
f 4446 4440 4445
f 4265 4446 4445
f 4450 4449 4267
f 4450 4267 4268
f 4262 4443 4442
f 4262 4442 4450
f 4262 4450 4268
f 4262 4263 4443
f 4262 4269 4263
f 4262 4268 4269
f 4271 4265 4264
f 4265 4451 4446
f 4265 4272 4451
f 4265 4271 4272
f 4452 4446 4451
f 4272 4452 4451
f 4455 4448 4447
f 4455 4447 4454
f 4455 4454 4273
f 4455 4266 4448
f 4455 4274 4266
f 4455 4273 4274
f 4448 4266 4449
f 4266 4267 4449
f 4266 4275 4267
f 4275 4266 4274
f 4271 4279 4272
f 4452 4272 4456
f 4279 4456 4272
f 4458 4273 4454
f 4458 4281 4273
f 4274 4273 4282
f 4273 4281 4282
f 4456 4279 4459
f 4459 4279 4285
f 4280 4458 4457
f 4280 4457 4465
f 4280 4465 4295
f 4280 4281 4458
f 4280 4296 4281
f 4280 4295 4296
f 4459 4285 4466
f 4298 4466 4285
f 4303 4469 4302
f 4469 4303 4470
f 4287 4470 4286
f 4286 4470 4303
f 4287 4471 4470
f 4471 4287 4288
f 4471 4288 4472
f 4288 4289 4472
f 4289 4462 4461
f 4472 4289 4461
f 4290 4462 4289
f 4462 4290 4463
f 4290 4291 4463
f 4463 4291 4464
f 4291 4292 4464
f 4464 4292 4473
f 4473 4292 4293
f 4473 4293 4474
f 4294 4474 4293
f 4294 4475 4474
f 4475 4294 4304
f 4295 4465 4477
f 4295 4477 4307
f 4295 4308 4296
f 4295 4307 4308
f 4466 4298 4299
f 4299 4467 4466
f 4299 4300 4467
f 4310 4300 4299
f 4478 4467 4300
f 4310 4478 4300
f 4311 4478 4310
f 4301 4481 4321
f 4321 4481 4320
f 4301 4482 4481
f 4302 4482 4301
f 4468 4302 4469
f 4482 4302 4468
f 4475 4304 4476
f 4476 4304 4305
f 4476 4305 4483
f 4305 4306 4483
f 4483 4306 4484
f 4322 4484 4306
f 4486 4307 4477
f 4486 4477 4485
f 4486 4308 4307
f 4486 4325 4308
f 4326 4308 4325
f 4478 4311 4479
f 4311 4312 4479
f 4479 4312 4487
f 4312 4313 4487
f 4487 4313 4488
f 4313 4314 4488
f 4488 4314 4489
f 4314 4315 4489
f 4489 4315 4490
f 4315 4316 4490
f 4490 4316 4491
f 4491 4316 4317
f 4491 4317 4492
f 4317 4318 4492
f 4492 4318 4493
f 4319 4493 4318
f 4493 4319 4494
f 4319 4320 4494
f 4480 4320 4481
f 4494 4320 4480
f 4484 4322 4495
f 4322 4323 4495
f 4495 4323 4496
f 4324 4496 4323
f 4328 4496 4324
f 4329 4328 4324
f 4498 4486 4485
f 4498 4325 4486
f 4498 4330 4325
f 4326 4325 4331
f 4325 4330 4331
f 4500 4496 4328
f 4500 4328 4329
f 4333 4500 4329
f 4502 4330 4498
f 4330 4502 4335
f 4331 4330 4336
f 4330 4335 4336
f 4333 4503 4500
f 4333 4504 4503
f 4333 4337 4504
f 4506 4502 4501
f 4506 4501 4505
f 4506 4335 4502
f 4506 4339 4335
f 4508 4503 4504
f 4508 4504 4337
f 4508 4337 4341
f 4338 4506 4505
f 4338 4505 4509
f 4338 4509 4343
f 4338 4339 4506
f 4338 4344 4339
f 4338 4343 4344
f 4341 4511 4508
f 4341 4346 4511
f 4347 4346 4341
f 4512 4343 4509
f 4343 4512 4348
f 4344 4343 4349
f 4343 4348 4349
f 4346 4514 4511
f 4346 4350 4514
f 4346 4347 4351
f 4346 4351 4350
f 4515 4348 4512
f 4348 4515 4352
f 4349 4348 4353
f 4348 4352 4353
f 4350 4517 4514
f 4350 4354 4517
f 4350 4351 4355
f 4350 4355 4354
f 4352 4515 4518
f 4352 4518 4519
f 4352 4356 4353
f 4352 4519 4356
f 4354 4521 4517
f 4354 4358 4521
f 4354 4355 4359
f 4354 4359 4358
f 4523 4519 4518
f 4523 4356 4519
f 4523 4360 4356
f 4358 4525 4521
f 4358 4362 4525
f 4358 4359 4363
f 4358 4363 4362
f 4360 4523 4526
f 4360 4526 4527
f 4360 4527 4364
f 4362 4529 4525
f 4362 4365 4529
f 4362 4363 4366
f 4362 4366 4365
f 4526 4530 4527
f 4530 4364 4527
f 4364 4530 4531
f 4364 4531 4367
f 4365 4533 4529
f 4365 4368 4533
f 4530 4534 4531
f 4531 4534 4367
f 4367 4534 4535
f 4370 4367 4535
f 4538 4532 4533
f 4538 4537 4532
f 4538 4371 4537
f 4538 4533 4368
f 4538 4368 4372
f 4538 4372 4371
f 4535 4539 4370
f 4539 4373 4370
f 4371 4543 4537
f 4371 4376 4543
f 4371 4372 4377
f 4371 4377 4376
f 4539 4540 4373
f 4374 4373 4540
f 4374 4378 4373
f 4540 4544 4374
f 4544 4378 4374
f 4379 4378 4544
f 4375 4542 4543
f 4375 4549 4542
f 4375 4381 4549
f 4375 4543 4376
f 4375 4376 4382
f 4375 4382 4381
f 4379 4544 4545
f 4379 4545 4550
f 4379 4550 4384
f 4551 4550 4545
f 4551 4384 4550
f 4380 4548 4549
f 4380 4563 4548
f 4380 4387 4563
f 4380 4549 4381
f 4380 4381 4388
f 4380 4388 4387
f 4551 4385 4384
f 4385 4551 4552
f 4385 4552 4564
f 4385 4564 4390
f 4565 4564 4552
f 4565 4390 4564
f 4565 4391 4390
f 4391 4565 4566
f 4589 4404 4588
f 4589 4405 4404
f 4590 4561 4562
f 4590 4589 4561
f 4590 4405 4589
f 4590 4562 4386
f 4590 4386 4406
f 4590 4406 4405
f 4386 4562 4563
f 4386 4563 4387
f 4391 4566 4392
f 4409 4391 4392
f 4392 4566 4567
f 4392 4567 4393
f 4392 4393 4410
f 4392 4410 4409
f 4393 4567 4568
f 4393 4568 4394
f 4393 4394 4411
f 4393 4411 4410
f 4394 4568 4569
f 4394 4569 4395
f 4394 4395 4412
f 4394 4412 4411
f 4395 4569 4570
f 4395 4570 4396
f 4395 4396 4413
f 4395 4413 4412
f 4396 4570 4571
f 4396 4571 4397
f 4396 4397 4414
f 4396 4414 4413
f 4397 4571 4572
f 4397 4572 4398
f 4397 4398 4415
f 4397 4415 4414
f 4398 4572 4573
f 4398 4573 4399
f 4398 4399 4416
f 4398 4416 4415
f 4399 4573 4574
f 4399 4574 4400
f 4399 4400 4417
f 4399 4417 4416
f 4400 4574 4575
f 4400 4575 4401
f 4400 4401 4418
f 4400 4418 4417
f 4401 4575 4576
f 4401 4576 4402
f 4401 4402 4419
f 4401 4419 4418
f 4591 4576 4577
f 4591 4402 4576
f 4591 4419 4402
f 4591 4420 4419
f 4592 4577 4578
f 4592 4591 4577
f 4592 4420 4591
f 4592 4421 4420
f 4593 4578 4579
f 4593 4592 4578
f 4593 4421 4592
f 4593 4422 4421
f 4594 4579 4580
f 4594 4593 4579
f 4594 4422 4593
f 4594 4423 4422
f 4595 4580 4581
f 4595 4594 4580
f 4595 4423 4594
f 4595 4424 4423
f 4596 4581 4582
f 4596 4595 4581
f 4596 4424 4595
f 4596 4425 4424
f 4582 4597 4596
f 4597 4425 4596
f 4597 4426 4425
f 4426 4597 4598
f 4601 4586 4587
f 4601 4600 4586
f 4601 4429 4600
f 4601 4430 4429
f 4403 4587 4588
f 4403 4601 4587
f 4403 4430 4601
f 4403 4588 4404
f 4403 4404 4431
f 4403 4431 4430
f 4426 4598 4427
f 4427 4598 4599
f 4427 4599 4428
f 4428 4599 4600
f 4428 4600 4429
f 4608 4607 4442
f 4608 4442 4443
f 4438 4603 4602
f 4438 4602 4608
f 4443 4438 4608
f 4438 4439 4603
f 4438 4444 4439
f 4444 4438 4443
f 4439 4604 4603
f 4439 4440 4604
f 4609 4604 4440
f 4609 4440 4446
f 4612 4606 4605
f 4612 4605 4611
f 4448 4612 4611
f 4449 4612 4448
f 4441 4607 4606
f 4441 4606 4612
f 4449 4441 4612
f 4441 4442 4607
f 4441 4450 4442
f 4450 4441 4449
f 4609 4446 4613
f 4452 4613 4446
f 4447 4611 4610
f 4447 4610 4615
f 4454 4447 4615
f 4611 4447 4448
f 4452 4616 4613
f 4616 4452 4456
f 4453 4615 4614
f 4453 4614 4617
f 4453 4617 4457
f 4615 4453 4454
f 4454 4453 4458
f 4453 4457 4458
f 4616 4456 4618
f 4456 4459 4618
f 4620 4457 4617
f 4620 4465 4457
f 4618 4459 4460
f 4459 4466 4460
f 4460 4621 4618
f 4466 4621 4460
f 4621 4466 4467
f 4467 4622 4621
f 4471 4624 4470
f 4625 4624 4471
f 4472 4625 4471
f 4626 4625 4472
f 4462 4626 4461
f 4461 4626 4472
f 4627 4626 4462
f 4463 4627 4462
f 4628 4627 4463
f 4464 4628 4463
f 4629 4628 4464
f 4629 4464 4473
f 4631 4465 4620
f 4631 4477 4465
f 4467 4632 4622
f 4478 4632 4467
f 4633 4622 4632
f 4633 4632 4478
f 4634 4481 4482
f 4634 4482 4635
f 4469 4635 4468
f 4468 4635 4482
f 4469 4636 4635
f 4469 4470 4636
f 4623 4470 4624
f 4636 4470 4623
f 4629 4473 4630
f 4473 4474 4630
f 4630 4474 4637
f 4637 4474 4475
f 4637 4475 4638
f 4476 4638 4475
f 4476 4639 4638
f 4483 4639 4476
f 4477 4631 4640
f 4477 4640 4485
f 4633 4478 4479
f 4641 4633 4479
f 4641 4479 4487
f 4481 4646 4480
f 4480 4646 4494
f 4481 4634 4647
f 4481 4647 4646
f 4483 4649 4639
f 4483 4484 4649
f 4484 4650 4649
f 4484 4495 4650
f 4485 4640 4651
f 4485 4651 4497
f 4498 4485 4497
f 4641 4487 4653
f 4487 4488 4653
f 4653 4488 4654
f 4488 4489 4654
f 4642 4489 4643
f 4654 4489 4642
f 4489 4490 4643
f 4643 4490 4644
f 4490 4491 4644
f 4644 4491 4656
f 4491 4492 4656
f 4656 4492 4657
f 4492 4493 4657
f 4657 4493 4658
f 4493 4494 4658
f 4645 4494 4646
f 4658 4494 4645
f 4650 4495 4659
f 4495 4660 4659
f 4495 4496 4660
f 4499 4660 4496
f 4500 4499 4496
f 4497 4651 4662
f 4497 4662 4501
f 4498 4497 4502
f 4497 4501 4502
f 4659 4660 4663
f 4499 4663 4660
f 4499 4664 4663
f 4499 4500 4503
f 4499 4503 4664
f 4666 4501 4662
f 4666 4505 4501
f 4668 4663 4664
f 4668 4664 4503
f 4668 4503 4507
f 4508 4507 4503
f 4670 4666 4665
f 4670 4665 4669
f 4670 4505 4666
f 4670 4509 4505
f 4507 4672 4668
f 4507 4510 4672
f 4507 4508 4511
f 4507 4511 4510
f 4674 4670 4669
f 4674 4669 4673
f 4670 4674 4509
f 4509 4674 4512
f 4510 4676 4672
f 4510 4513 4676
f 4510 4511 4514
f 4510 4514 4513
f 4673 4677 4674
f 4674 4677 4512
f 4512 4677 4515
f 4513 4679 4676
f 4513 4516 4679
f 4513 4514 4517
f 4513 4517 4516
f 4677 4680 4515
f 4515 4680 4518
f 4516 4682 4679
f 4516 4520 4682
f 4516 4517 4521
f 4516 4521 4520
f 4518 4680 4683
f 4518 4683 4522
f 4523 4518 4522
f 4520 4685 4682
f 4520 4524 4685
f 4520 4521 4525
f 4520 4525 4524
f 4683 4686 4522
f 4522 4686 4523
f 4526 4523 4686
f 4524 4688 4685
f 4524 4528 4688
f 4524 4525 4529
f 4524 4529 4528
f 4686 4690 4526
f 4690 4530 4526
f 4693 4687 4688
f 4693 4692 4687
f 4528 4693 4688
f 4528 4532 4693
f 4528 4529 4533
f 4528 4533 4532
f 4690 4694 4530
f 4534 4530 4694
f 4697 4692 4693
f 4697 4696 4692
f 4697 4536 4696
f 4697 4693 4532
f 4697 4532 4537
f 4697 4537 4536
f 4698 4534 4694
f 4534 4698 4535
f 4535 4698 4699
f 4535 4699 4539
f 4702 4695 4696
f 4702 4701 4695
f 4536 4702 4696
f 4536 4542 4702
f 4536 4537 4543
f 4536 4543 4542
f 4703 4539 4699
f 4540 4539 4703
f 4703 4704 4540
f 4704 4544 4540
f 4705 4544 4704
f 4545 4544 4705
f 4719 4700 4701
f 4719 4718 4700
f 4541 4701 4702
f 4541 4719 4701
f 4541 4548 4719
f 4541 4702 4542
f 4541 4542 4549
f 4541 4549 4548
f 4545 4705 4706
f 4545 4706 4546
f 4551 4545 4546
f 4720 4706 4707
f 4720 4546 4706
f 4720 4551 4546
f 4720 4552 4551
f 4707 4721 4720
f 4552 4720 4721
f 4746 4717 4718
f 4746 4745 4717
f 4746 4561 4745
f 4746 4718 4547
f 4746 4547 4562
f 4746 4562 4561
f 4547 4718 4719
f 4547 4719 4548
f 4547 4548 4563
f 4547 4563 4562
f 4552 4721 4553
f 4565 4552 4553
f 4553 4721 4722
f 4553 4722 4747
f 4553 4747 4566
f 4553 4566 4565
f 4748 4722 4723
f 4748 4747 4722
f 4748 4566 4747
f 4748 4567 4566
f 4723 4749 4748
f 4749 4567 4748
f 4749 4568 4567
f 4750 4568 4749
f 4750 4569 4568
f 4751 4569 4750
f 4751 4570 4569
f 4752 4726 4727
f 4752 4751 4726
f 4752 4570 4751
f 4752 4571 4570
f 4753 4727 4728
f 4753 4752 4727
f 4753 4571 4752
f 4753 4728 4554
f 4753 4554 4572
f 4753 4572 4571
f 4554 4728 4729
f 4554 4729 4555
f 4554 4555 4573
f 4554 4573 4572
f 4555 4729 4730
f 4555 4730 4556
f 4555 4556 4574
f 4555 4574 4573
f 4556 4730 4731
f 4556 4731 4557
f 4556 4557 4575
f 4556 4575 4574
f 4557 4731 4732
f 4557 4732 4558
f 4557 4558 4576
f 4557 4576 4575
f 4558 4732 4733
f 4558 4733 4559
f 4558 4559 4577
f 4558 4577 4576
f 4754 4733 4734
f 4754 4559 4733
f 4754 4577 4559
f 4754 4578 4577
f 4755 4734 4735
f 4755 4754 4734
f 4755 4578 4754
f 4755 4579 4578
f 4756 4755 4735
f 4756 4579 4755
f 4756 4580 4579
f 4757 4580 4756
f 4757 4581 4580
f 4758 4581 4757
f 4758 4582 4581
f 4582 4758 4759
f 4764 4743 4744
f 4764 4763 4743
f 4764 4587 4763
f 4764 4588 4587
f 4560 4744 4745
f 4560 4764 4744
f 4560 4588 4764
f 4560 4745 4561
f 4560 4561 4589
f 4560 4589 4588
f 4582 4759 4583
f 4582 4583 4597
f 4583 4759 4760
f 4583 4760 4584
f 4583 4584 4598
f 4583 4598 4597
f 4584 4760 4761
f 4584 4761 4585
f 4584 4585 4599
f 4584 4599 4598
f 4585 4761 4762
f 4585 4762 4586
f 4585 4586 4600
f 4585 4600 4599
f 4586 4762 4763
f 4586 4763 4587
f 4772 4766 4765
f 4772 4765 4771
f 4772 4771 4607
f 4772 4602 4766
f 4772 4608 4602
f 4772 4607 4608
f 4602 4767 4766
f 4602 4603 4767
f 4603 4768 4767
f 4603 4604 4768
f 4604 4773 4768
f 4609 4773 4604
f 4775 4774 4610
f 4775 4610 4611
f 4605 4770 4769
f 4605 4769 4775
f 4611 4605 4775
f 4605 4606 4770
f 4606 4771 4770
f 4606 4607 4771
f 4773 4609 4776
f 4609 4613 4776
f 4778 4777 4614
f 4778 4610 4774
f 4778 4615 4610
f 4778 4614 4615
f 4613 4779 4776
f 4616 4779 4613
f 4614 4777 4780
f 4617 4614 4780
f 4616 4781 4779
f 4616 4618 4781
f 4782 4781 4618
f 4780 4783 4617
f 4617 4783 4620
f 4782 4618 4619
f 4618 4621 4619
f 4782 4619 4784
f 4621 4784 4619
f 4622 4784 4621
f 4783 4785 4620
f 4620 4785 4631
f 4622 4786 4784
f 4633 4786 4622
f 4624 4788 4623
f 4623 4788 4636
f 4789 4788 4624
f 4625 4789 4624
f 4790 4789 4625
f 4790 4625 4626
f 4790 4626 4791
f 4791 4626 4627
f 4791 4627 4792
f 4628 4792 4627
f 4793 4792 4628
f 4629 4793 4628
f 4794 4793 4629
f 4630 4794 4629
f 4795 4794 4630
f 4795 4630 4637
f 4785 4796 4631
f 4631 4796 4640
f 4797 4786 4633
f 4641 4797 4633
f 4798 4647 4634
f 4798 4634 4635
f 4798 4635 4799
f 4635 4636 4799
f 4787 4636 4788
f 4799 4636 4787
f 4795 4637 4801
f 4637 4638 4801
f 4638 4802 4801
f 4639 4802 4638
f 4648 4802 4639
f 4648 4639 4649
f 4796 4803 4640
f 4803 4651 4640
f 4641 4804 4797
f 4641 4652 4804
f 4652 4641 4653
f 4643 4805 4642
f 4642 4805 4654
f 4806 4805 4643
f 4644 4806 4643
f 4655 4806 4644
f 4655 4644 4656
f 4646 4807 4645
f 4645 4807 4658
f 4807 4646 4808
f 4647 4808 4646
f 4809 4647 4798
f 4808 4647 4809
f 4801 4802 4810
f 4811 4802 4648
f 4810 4802 4811
f 4649 4811 4648
f 4649 4812 4811
f 4650 4659 4649
f 4649 4659 4812
f 4814 4651 4803
f 4814 4662 4651
f 4804 4652 4815
f 4652 4653 4815
f 4815 4653 4816
f 4653 4654 4816
f 4817 4654 4805
f 4816 4654 4817
f 4806 4818 4805
f 4819 4806 4655
f 4818 4806 4819
f 4656 4819 4655
f 4656 4820 4819
f 4656 4657 4820
f 4820 4657 4821
f 4658 4821 4657
f 4658 4822 4821
f 4658 4807 4822
f 4825 4811 4812
f 4659 4825 4812
f 4659 4826 4825
f 4659 4663 4826
f 4661 4814 4813
f 4661 4813 4827
f 4661 4827 4665
f 4814 4661 4662
f 4662 4661 4666
f 4661 4665 4666
f 4820 4829 4819
f 4830 4820 4821
f 4829 4820 4830
f 4832 4825 4826
f 4832 4831 4825
f 4832 4826 4663
f 4832 4663 4667
f 4668 4667 4663
f 4665 4827 4833
f 4665 4833 4669
f 4831 4832 4835
f 4667 4835 4832
f 4667 4671 4835
f 4667 4668 4672
f 4667 4672 4671
f 4669 4833 4836
f 4669 4836 4673
f 4671 4838 4835
f 4671 4675 4838
f 4671 4672 4676
f 4671 4676 4675
f 4839 4673 4836
f 4673 4839 4677
f 4675 4841 4838
f 4675 4678 4841
f 4675 4676 4679
f 4675 4679 4678
f 4839 4842 4677
f 4677 4842 4680
f 4678 4844 4841
f 4678 4681 4844
f 4678 4679 4682
f 4678 4682 4681
f 4680 4842 4845
f 4683 4680 4845
f 4681 4847 4844
f 4681 4684 4847
f 4681 4682 4685
f 4681 4685 4684
f 4845 4848 4683
f 4683 4848 4686
f 4684 4850 4847
f 4684 4687 4850
f 4684 4685 4688
f 4684 4688 4687
f 4686 4848 4851
f 4689 4686 4851
f 4690 4686 4689
f 4854 4849 4850
f 4854 4853 4849
f 4854 4850 4687
f 4854 4687 4692
f 4851 4855 4689
f 4689 4855 4690
f 4856 4690 4855
f 4694 4690 4856
f 4691 4853 4854
f 4691 4863 4853
f 4691 4695 4863
f 4691 4854 4692
f 4691 4692 4696
f 4691 4696 4695
f 4856 4864 4694
f 4698 4694 4864
f 4878 4862 4863
f 4878 4877 4862
f 4878 4700 4877
f 4878 4863 4695
f 4878 4695 4701
f 4878 4701 4700
f 4864 4865 4698
f 4698 4865 4699
f 4699 4865 4879
f 4703 4699 4879
f 4880 4703 4879
f 4880 4704 4703
f 4881 4704 4880
f 4881 4705 4704
f 4882 4705 4881
f 4882 4706 4705
f 4883 4706 4882
f 4893 4867 4868
f 4893 4892 4867
f 4894 4868 4869
f 4894 4893 4868
f 4895 4869 4870
f 4895 4894 4869
f 4896 4895 4870
f 4909 4876 4877
f 4909 4908 4876
f 4909 4717 4908
f 4909 4877 4700
f 4909 4700 4718
f 4909 4718 4717
f 4883 4707 4706
f 4707 4883 4884
f 4707 4884 4708
f 4707 4708 4721
f 4910 4884 4885
f 4910 4708 4884
f 4910 4721 4708
f 4910 4722 4721
f 4911 4910 4885
f 4911 4722 4910
f 4916 4890 4891
f 4916 4915 4890
f 4916 4727 4915
f 4916 4891 4709
f 4916 4709 4728
f 4916 4728 4727
f 4709 4891 4892
f 4709 4892 4710
f 4709 4710 4729
f 4709 4729 4728
f 4710 4892 4893
f 4710 4893 4711
f 4710 4711 4730
f 4710 4730 4729
f 4711 4893 4894
f 4711 4894 4712
f 4711 4712 4731
f 4711 4731 4730
f 4712 4894 4895
f 4712 4895 4713
f 4712 4713 4732
f 4712 4732 4731
f 4713 4895 4896
f 4713 4896 4714
f 4713 4714 4733
f 4713 4733 4732
f 4714 4896 4897
f 4714 4897 4715
f 4714 4715 4734
f 4714 4734 4733
f 4715 4897 4898
f 4715 4898 4917
f 4715 4917 4735
f 4715 4735 4734
f 4918 4898 4899
f 4918 4917 4898
f 4918 4735 4917
f 4919 4918 4899
f 4926 4906 4907
f 4926 4925 4906
f 4926 4743 4925
f 4926 4744 4743
f 4716 4907 4908
f 4716 4926 4907
f 4716 4744 4926
f 4716 4908 4717
f 4716 4717 4745
f 4716 4745 4744
f 4911 4723 4722
f 4723 4911 4912
f 4723 4912 4724
f 4723 4724 4749
f 4724 4912 4913
f 4724 4913 4725
f 4724 4725 4750
f 4724 4750 4749
f 4725 4913 4914
f 4725 4914 4726
f 4725 4726 4751
f 4725 4751 4750
f 4726 4914 4915
f 4726 4915 4727
f 4918 4736 4735
f 4756 4735 4736
f 4736 4918 4919
f 4736 4919 4737
f 4736 4737 4757
f 4736 4757 4756
f 4737 4919 4920
f 4737 4920 4738
f 4737 4738 4758
f 4737 4758 4757
f 4738 4920 4921
f 4738 4921 4739
f 4738 4739 4759
f 4738 4759 4758
f 4739 4921 4922
f 4739 4922 4740
f 4739 4740 4760
f 4739 4760 4759
f 4740 4922 4923
f 4740 4923 4741
f 4740 4741 4761
f 4740 4761 4760
f 4741 4923 4924
f 4741 4924 4742
f 4741 4742 4762
f 4741 4762 4761
f 4742 4924 4925
f 4742 4925 4743
f 4742 4743 4763
f 4742 4763 4762
f 4934 4928 4927
f 4934 4927 4933
f 4934 4933 4770
f 4934 4765 4928
f 4934 4771 4765
f 4934 4770 4771
f 4765 4929 4928
f 4765 4766 4929
f 4766 4930 4929
f 4766 4767 4930
f 4767 4931 4930
f 4767 4768 4931
f 4931 4768 4935
f 4773 4935 4768
f 4937 4936 4774
f 4937 4774 4775
f 4769 4933 4932
f 4769 4932 4937
f 4775 4769 4937
f 4769 4770 4933
f 4938 4935 4773
f 4938 4773 4776
f 4940 4774 4936
f 4940 4778 4774
f 4940 4777 4778
f 4938 4776 4941
f 4776 4942 4941
f 4779 4942 4776
f 4940 4939 4777
f 4777 4939 4943
f 4777 4943 4780
f 4941 4942 4944
f 4779 4944 4942
f 4779 4781 4944
f 4781 4945 4944
f 4782 4945 4781
f 4946 4780 4943
f 4780 4946 4783
f 4947 4945 4782
f 4947 4782 4784
f 4946 4948 4783
f 4783 4948 4785
f 4947 4784 4949
f 4786 4949 4784
f 4948 4950 4785
f 4785 4950 4796
f 4951 4949 4786
f 4797 4951 4786
f 4788 4952 4787
f 4787 4952 4799
f 4953 4952 4788
f 4789 4953 4788
f 4954 4953 4789
f 4790 4954 4789
f 4955 4954 4790
f 4791 4955 4790
f 4791 4956 4955
f 4792 4956 4791
f 4957 4956 4792
f 4793 4957 4792
f 4958 4957 4793
f 4794 4958 4793
f 4959 4958 4794
f 4795 4959 4794
f 4800 4959 4795
f 4800 4795 4801
f 4950 4960 4796
f 4796 4960 4803
f 4797 4961 4951
f 4797 4804 4961
f 4962 4809 4798
f 4799 4962 4798
f 4799 4963 4962
f 4799 4952 4963
f 4964 4952 4953
f 4963 4952 4964
f 4959 4966 4958
f 4800 4967 4959
f 4966 4959 4967
f 4800 4801 4967
f 4801 4968 4967
f 4801 4810 4968
f 4970 4969 4813
f 4960 4970 4803
f 4803 4970 4814
f 4970 4813 4814
f 4961 4804 4971
f 4804 4815 4971
f 4817 4805 4818
f 4823 4807 4808
f 4807 4823 4822
f 4823 4808 4972
f 4809 4972 4808
f 4973 4809 4962
f 4809 4973 4972
f 4975 4967 4968
f 4810 4975 4968
f 4810 4976 4975
f 4810 4811 4824
f 4810 4824 4976
f 4825 4824 4811
f 4813 4969 4977
f 4813 4977 4827
f 4971 4815 4978
f 4978 4815 4979
f 4815 4816 4979
f 4979 4816 4980
f 4817 4980 4816
f 4981 4980 4817
f 4818 4981 4817
f 4818 4982 4981
f 4818 4819 4828
f 4818 4828 4982
f 4828 4819 4829
f 4983 4821 4822
f 4830 4821 4983
f 4983 4822 4984
f 4823 4984 4822
f 4985 4823 4972
f 4823 4985 4984
f 4987 4975 4976
f 4824 4987 4976
f 4824 4988 4987
f 4824 4825 4831
f 4824 4831 4988
f 4827 4977 4989
f 4827 4989 4833
f 4994 4981 4982
f 4828 4994 4982
f 4995 4994 4828
f 4995 4828 4829
f 4995 4829 4996
f 4829 4830 4996
f 4996 4830 4997
f 4983 4997 4830
f 4998 4983 4984
f 4983 4998 4997
f 5001 4987 4988
f 5001 5000 4987
f 5001 4988 4831
f 5001 4831 4834
f 4831 4835 4834
f 4833 4989 5002
f 4833 5002 4836
f 5005 4994 4995
f 5006 4995 4996
f 5006 5005 4995
f 5007 4996 4997
f 4996 5007 5006
f 5010 5000 5001
f 5010 5009 5000
f 4834 5010 5001
f 4834 4837 5010
f 4834 4835 4838
f 4834 4838 4837
f 5002 5011 4836
f 4839 4836 5011
f 5018 5009 5010
f 5018 5017 5009
f 4837 5018 5010
f 4837 4840 5018
f 4837 4838 4841
f 4837 4841 4840
f 5011 5019 4839
f 4839 5019 4842
f 5026 5017 5018
f 5026 5025 5017
f 4840 5026 5018
f 4840 4843 5026
f 4840 4841 4844
f 4840 4844 4843
f 4842 5019 5027
f 4845 4842 5027
f 5035 5025 5026
f 5035 5034 5025
f 4843 5035 5026
f 4843 4846 5035
f 4843 4844 4847
f 4843 4847 4846
f 5027 5036 4845
f 4845 5036 4848
f 5040 5039 5029
f 5046 5034 5035
f 5046 5045 5034
f 5046 5035 4846
f 5046 4846 4849
f 4846 4847 4850
f 4846 4850 4849
f 4848 5036 5047
f 4851 4848 5047
f 5050 5038 5039
f 5050 5049 5038
f 5051 5039 5040
f 5051 5050 5039
f 5052 5051 5040
f 5059 5045 5046
f 5059 5058 5045
f 5059 4852 5058
f 5059 5046 4849
f 5059 4849 4853
f 5059 4853 4852
f 5047 5060 4851
f 5060 4855 4851
f 5066 5049 5050
f 5066 5065 5049
f 5067 5050 5051
f 5067 5066 5050
f 5067 4858 5066
f 5067 4859 4858
f 5068 5051 5052
f 5068 5067 5051
f 4859 5067 5068
f 5069 5052 5053
f 5069 5068 5052
f 5053 5070 5069
f 5077 5057 5058
f 5077 5076 5057
f 5077 4861 5076
f 5077 5058 4852
f 5077 4852 4862
f 5077 4862 4861
f 4852 4853 4863
f 4852 4863 4862
f 5060 5061 4855
f 4856 4855 5061
f 5061 5078 4856
f 5078 4864 4856
f 5089 5064 5065
f 5089 5088 5064
f 5089 4866 5088
f 5089 5065 4857
f 5089 4857 4867
f 5089 4867 4866
f 4857 5065 5066
f 4857 5066 4858
f 4857 4858 4868
f 4857 4868 4867
f 4858 4859 4869
f 4858 4869 4868
f 4859 5068 4860
f 4859 4860 4870
f 4859 4870 4869
f 4860 5068 5069
f 4860 5069 5090
f 4860 5090 4871
f 4860 4871 4870
f 5091 5069 5070
f 5091 5090 5069
f 5091 4871 5090
f 5091 4872 4871
f 5092 5070 5071
f 5092 5091 5070
f 4872 5091 5092
f 5092 5071 5093
f 5102 5075 5076
f 5102 5101 5075
f 5102 4875 5101
f 5102 5076 4861
f 5102 4861 4876
f 5102 4876 4875
f 4861 4862 4877
f 4861 4877 4876
f 5078 5079 4864
f 4865 4864 5079
f 5079 5103 4865
f 4879 4865 5103
f 5104 4879 5103
f 5104 4880 4879
f 5105 4880 5104
f 5105 4881 4880
f 5106 4881 5105
f 5106 4882 4881
f 5107 4882 5106
f 5107 4883 4882
f 5108 4883 5107
f 5108 4884 4883
f 5109 5081 5082
f 5109 5108 5081
f 5109 4884 5108
f 5109 4885 4884
f 5110 5082 5083
f 5110 5109 5082
f 5110 4885 5109
f 5083 5111 5110
f 5114 5086 5087
f 5114 5113 5086
f 5115 5087 5088
f 5115 5114 5087
f 5115 4890 5114
f 5115 5088 4866
f 5115 4866 4891
f 5115 4891 4890
f 4866 4867 4892
f 4866 4892 4891
f 4896 4870 4871
f 4871 4872 4897
f 4871 4897 4896
f 4872 5092 4873
f 4872 4873 4898
f 4872 4898 4897
f 5116 5092 5093
f 5116 4873 5092
f 5116 4898 4873
f 5116 4899 4898
f 5117 5116 5093
f 4899 5116 5117
f 5120 5096 5097
f 5120 5119 5096
f 4902 5119 5120
f 5121 5120 5097
f 5122 5098 5099
f 5122 5121 5098
f 5123 5099 5100
f 5123 5122 5099
f 5123 4905 5122
f 5123 4906 4905
f 4874 5100 5101
f 4874 5123 5100
f 4874 4906 5123
f 4874 5101 4875
f 4874 4875 4907
f 4874 4907 4906
f 4875 4876 4908
f 4875 4908 4907
f 5110 4886 4885
f 4911 4885 4886
f 4886 5110 5111
f 4886 5111 4887
f 4886 4887 4912
f 4886 4912 4911
f 4887 5111 5112
f 4887 5112 4888
f 4887 4888 4913
f 4887 4913 4912
f 4888 5112 5113
f 4888 5113 4889
f 4888 4889 4914
f 4888 4914 4913
f 4889 5113 5114
f 4889 5114 4890
f 4889 4890 4915
f 4889 4915 4914
f 4899 5117 4900
f 4919 4899 4900
f 4900 5117 5118
f 4900 5118 4901
f 4900 4901 4920
f 4900 4920 4919
f 4901 5118 5119
f 4901 5119 4902
f 4901 4902 4921
f 4901 4921 4920
f 4902 5120 4903
f 4902 4903 4922
f 4902 4922 4921
f 4903 5120 5121
f 4903 5121 4904
f 4903 4904 4923
f 4903 4923 4922
f 4904 5121 5122
f 4904 5122 4905
f 4904 4905 4924
f 4904 4924 4923
f 4905 4906 4925
f 4905 4925 4924
f 4927 5125 5124
f 4927 5124 5129
f 4933 4927 5129
f 4927 4928 5125
f 4928 5126 5125
f 4928 4929 5126
f 4929 5127 5126
f 4929 4930 5127
f 5127 4930 5130
f 4931 5130 4930
f 4931 5131 5130
f 5131 4931 4935
f 4936 4937 5133
f 4932 5129 5128
f 4932 5128 5133
f 4937 4932 5133
f 5129 4932 4933
f 5130 5131 5134
f 5131 4935 5134
f 4935 5135 5134
f 4938 5135 4935
f 4936 5136 4940
f 4936 5133 5132
f 4936 5132 5136
f 5134 5135 5137
f 4938 5137 5135
f 4938 4941 5137
f 4939 5136 5139
f 4939 5139 5138
f 4939 5138 4943
f 5136 4939 4940
f 5140 5137 4941
f 4944 5140 4941
f 4943 5138 5141
f 4946 4943 5141
f 4944 5142 5140
f 5142 4944 4945
f 5142 4945 5143
f 4947 5143 4945
f 5144 4946 5141
f 4948 4946 5144
f 5146 5143 4947
f 4949 5146 4947
f 5147 4948 5144
f 4950 4948 5147
f 5148 5146 4949
f 5148 4949 5149
f 4951 5149 4949
f 4950 5150 4960
f 5150 4950 5147
f 5148 5149 5151
f 4951 5151 5149
f 4951 4961 5151
f 5152 4964 4953
f 4954 5152 4953
f 5153 5152 4954
f 4955 5153 4954
f 5154 5153 4955
f 4956 5154 4955
f 5155 5154 4956
f 4957 5155 4956
f 5156 5155 4957
f 4958 5156 4957
f 4965 5156 4958
f 4965 4958 4966
f 5150 5157 4960
f 4960 5157 4970
f 4969 4970 5157
f 4961 5159 5151
f 4961 4971 5159
f 5160 4973 4962
f 5160 4962 4963
f 5160 4963 5161
f 4964 5161 4963
f 5152 5162 4964
f 4964 5162 5161
f 5153 5163 5152
f 5162 5152 5163
f 5154 5164 5153
f 5163 5153 5164
f 5155 5165 5154
f 5164 5154 5165
f 5156 5166 5155
f 5165 5155 5166
f 5167 5156 4965
f 5167 5166 5156
f 4966 5167 4965
f 4966 5168 5167
f 4966 4967 4974
f 4966 4974 5168
f 4975 4974 4967
f 4969 5157 5170
f 4969 5170 5169
f 4969 5169 4977
f 5171 5159 4971
f 4978 5171 4971
f 5172 4985 4972
f 4973 5172 4972
f 5160 5173 4973
f 4973 5173 5172
f 5174 5160 5161
f 5173 5160 5174
f 5166 5167 5180
f 5181 5167 5168
f 5181 5180 5167
f 4974 5181 5168
f 4974 5182 5181
f 4974 4975 4986
f 4974 4986 5182
f 4987 4986 4975
f 4977 5169 5183
f 4977 5183 4989
f 4978 5184 5171
f 4978 4990 5184
f 4978 4979 4991
f 4978 4991 4990
f 4980 4992 4979
f 4991 4979 4992
f 4981 4993 4980
f 4992 4980 4993
f 4994 4993 4981
f 4985 5185 4984
f 4998 4984 5185
f 5186 4985 5172
f 5186 5185 4985
f 5172 5173 5187
f 5172 5187 5186
f 5180 5181 5191
f 5192 5181 5182
f 5192 5191 5181
f 5192 5182 4986
f 5192 4986 4999
f 4986 4987 5000
f 4986 5000 4999
f 5183 5193 4989
f 5002 4989 5193
f 5184 4990 5195
f 4991 5195 4990
f 4991 5196 5195
f 4991 4992 5196
f 5196 4992 5197
f 4992 4993 5197
f 5197 4993 5003
f 4993 4994 5004
f 4993 5004 5003
f 5005 5004 4994
f 5198 4997 4998
f 5007 4997 5198
f 5198 4998 5199
f 5185 5199 4998
f 5200 5185 5186
f 5185 5200 5199
f 5205 5191 5192
f 5205 5204 5191
f 4999 5205 5192
f 4999 5008 5205
f 4999 5000 5009
f 4999 5009 5008
f 5193 5206 5002
f 5002 5206 5011
f 5209 5195 5196
f 5209 5208 5195
f 5210 5196 5197
f 5210 5209 5196
f 5003 5210 5197
f 5003 5211 5210
f 5003 5004 5012
f 5003 5012 5211
f 5004 5005 5013
f 5004 5013 5012
f 5006 5014 5005
f 5013 5005 5014
f 5015 5006 5007
f 5014 5006 5015
f 5198 5212 5007
f 5007 5212 5015
f 5213 5198 5199
f 5213 5212 5198
f 5199 5200 5214
f 5199 5214 5213
f 5219 5204 5205
f 5219 5218 5204
f 5008 5219 5205
f 5008 5016 5219
f 5008 5009 5017
f 5008 5017 5016
f 5206 5220 5011
f 5011 5220 5019
f 5208 5209 5223
f 5224 5209 5210
f 5224 5223 5209
f 5225 5210 5211
f 5225 5224 5210
f 5225 5211 5012
f 5225 5012 5020
f 5012 5013 5021
f 5012 5021 5020
f 5013 5014 5022
f 5013 5022 5021
f 5014 5015 5023
f 5014 5023 5022
f 5212 5226 5015
f 5015 5226 5023
f 5227 5212 5213
f 5227 5226 5212
f 5213 5228 5227
f 5233 5218 5219
f 5233 5232 5218
f 5016 5233 5219
f 5016 5024 5233
f 5016 5017 5025
f 5016 5025 5024
f 5234 5019 5220
f 5027 5019 5234
f 5238 5223 5224
f 5238 5237 5223
f 5239 5224 5225
f 5239 5238 5224
f 5239 5225 5020
f 5239 5020 5028
f 5020 5021 5029
f 5020 5029 5028
f 5021 5022 5030
f 5021 5030 5029
f 5022 5023 5031
f 5022 5031 5030
f 5226 5240 5023
f 5023 5240 5031
f 5241 5226 5227
f 5241 5240 5226
f 5227 5228 5242
f 5227 5242 5241
f 5248 5232 5233
f 5248 5247 5232
f 5024 5248 5233
f 5024 5033 5248
f 5024 5025 5034
f 5024 5034 5033
f 5234 5249 5027
f 5027 5249 5036
f 5253 5237 5238
f 5253 5252 5237
f 5254 5238 5239
f 5254 5253 5238
f 5254 5037 5253
f 5254 5239 5028
f 5254 5028 5038
f 5254 5038 5037
f 5028 5029 5039
f 5028 5039 5038
f 5040 5029 5030
f 5030 5031 5041
f 5030 5041 5040
f 5240 5032 5031
f 5031 5032 5042
f 5031 5042 5041
f 5255 5240 5241
f 5255 5032 5240
f 5255 5042 5032
f 5256 5241 5242
f 5256 5255 5241
f 5256 5242 5257
f 5266 5247 5248
f 5266 5265 5247
f 5033 5266 5248
f 5033 5044 5266
f 5033 5034 5045
f 5033 5045 5044
f 5267 5036 5249
f 5047 5036 5267
f 5271 5251 5252
f 5271 5270 5251
f 5272 5252 5253
f 5272 5271 5252
f 5037 5272 5253
f 5037 5048 5272
f 5037 5038 5049
f 5037 5049 5048
f 5041 5052 5040
f 5041 5042 5053
f 5041 5053 5052
f 5255 5043 5042
f 5042 5043 5054
f 5042 5054 5053
f 5273 5255 5256
f 5273 5043 5255
f 5273 5054 5043
f 5274 5256 5257
f 5274 5273 5256
f 5274 5257 5275
f 5283 5265 5266
f 5283 5282 5265
f 5283 5056 5282
f 5283 5266 5044
f 5283 5044 5057
f 5283 5057 5056
f 5044 5045 5058
f 5044 5058 5057
f 5267 5284 5047
f 5284 5060 5047
f 5289 5269 5270
f 5289 5288 5269
f 5290 5270 5271
f 5290 5289 5270
f 5291 5271 5272
f 5291 5290 5271
f 5291 5063 5290
f 5291 5272 5048
f 5291 5048 5064
f 5291 5064 5063
f 5048 5049 5065
f 5048 5065 5064
f 5053 5054 5070
f 5273 5055 5054
f 5054 5055 5071
f 5054 5071 5070
f 5292 5273 5274
f 5292 5055 5273
f 5292 5071 5055
f 5293 5274 5275
f 5293 5292 5274
f 5294 5293 5275
f 5299 5280 5281
f 5299 5298 5280
f 5300 5281 5282
f 5300 5299 5281
f 5300 5074 5299
f 5300 5282 5056
f 5300 5056 5075
f 5300 5075 5074
f 5056 5057 5076
f 5056 5076 5075
f 5284 5285 5060
f 5061 5060 5285
f 5285 5301 5061
f 5301 5078 5061
f 5306 5082 5305
f 5306 5083 5082
f 5307 5286 5287
f 5307 5306 5286
f 5307 5083 5306
f 5307 5084 5083
f 5308 5287 5288
f 5308 5307 5287
f 5308 5084 5307
f 5308 5085 5084
f 5309 5288 5289
f 5309 5308 5288
f 5309 5085 5308
f 5309 5086 5085
f 5062 5289 5290
f 5062 5309 5289
f 5062 5086 5309
f 5062 5290 5063
f 5062 5063 5087
f 5062 5087 5086
f 5063 5064 5088
f 5063 5088 5087
f 5292 5072 5071
f 5071 5072 5093
f 5072 5292 5293
f 5072 5293 5310
f 5072 5310 5094
f 5072 5094 5093
f 5311 5293 5294
f 5311 5310 5293
f 5311 5094 5310
f 5311 5095 5094
f 5312 5294 5295
f 5312 5311 5294
f 5312 5095 5311
f 5312 5096 5095
f 5313 5295 5296
f 5313 5312 5295
f 5313 5096 5312
f 5313 5097 5096
f 5314 5296 5297
f 5314 5313 5296
f 5314 5097 5313
f 5314 5098 5097
f 5315 5297 5298
f 5315 5314 5297
f 5315 5098 5314
f 5315 5099 5098
f 5073 5298 5299
f 5073 5315 5298
f 5073 5099 5315
f 5073 5299 5074
f 5073 5074 5100
f 5073 5100 5099
f 5074 5075 5101
f 5074 5101 5100
f 5301 5302 5078
f 5079 5078 5302
f 5302 5316 5079
f 5316 5103 5079
f 5317 5103 5316
f 5317 5104 5103
f 5318 5104 5317
f 5318 5105 5104
f 5319 5105 5318
f 5319 5106 5105
f 5320 5106 5319
f 5320 5107 5106
f 5080 5303 5304
f 5080 5320 5303
f 5080 5107 5320
f 5080 5304 5081
f 5080 5081 5108
f 5080 5108 5107
f 5081 5304 5305
f 5081 5305 5082
f 5083 5084 5111
f 5084 5085 5112
f 5084 5112 5111
f 5085 5086 5113
f 5085 5113 5112
f 5117 5093 5094
f 5094 5095 5118
f 5094 5118 5117
f 5095 5096 5119
f 5095 5119 5118
f 5121 5097 5098
f 5128 5129 5324
f 5124 5321 5325
f 5124 5325 5324
f 5129 5124 5324
f 5124 5125 5321
f 5125 5322 5321
f 5125 5126 5322
f 5126 5326 5322
f 5126 5127 5326
f 5327 5326 5127
f 5130 5327 5127
f 5128 5328 5133
f 5128 5324 5323
f 5128 5323 5328
f 5329 5327 5130
f 5134 5329 5130
f 5132 5328 5331
f 5132 5331 5330
f 5132 5330 5136
f 5328 5132 5133
f 5134 5333 5329
f 5134 5137 5333
f 5136 5334 5139
f 5138 5139 5334
f 5334 5136 5330
f 5333 5137 5335
f 5137 5336 5335
f 5140 5336 5137
f 5334 5337 5138
f 5337 5141 5138
f 5335 5336 5338
f 5338 5336 5140
f 5339 5338 5140
f 5142 5339 5140
f 5337 5340 5141
f 5141 5340 5144
f 5142 5341 5339
f 5142 5143 5341
f 5143 5145 5341
f 5146 5145 5143
f 5340 5343 5144
f 5144 5343 5342
f 5144 5342 5147
f 5341 5145 5344
f 5146 5344 5145
f 5146 5148 5344
f 5147 5342 5345
f 5147 5345 5150
f 5347 5344 5148
f 5347 5148 5151
f 5150 5348 5157
f 5150 5345 5348
f 5347 5151 5349
f 5151 5158 5349
f 5159 5158 5151
f 5350 5157 5348
f 5157 5350 5170
f 5169 5170 5350
f 5352 5349 5158
f 5352 5158 5159
f 5352 5159 5171
f 5175 5161 5162
f 5174 5161 5175
f 5162 5163 5176
f 5162 5176 5175
f 5163 5164 5177
f 5163 5177 5176
f 5164 5165 5178
f 5164 5178 5177
f 5165 5166 5179
f 5165 5179 5178
f 5166 5180 5179
f 5350 5353 5169
f 5183 5169 5353
f 5354 5352 5171
f 5184 5354 5171
f 5173 5174 5188
f 5173 5188 5187
f 5174 5175 5355
f 5174 5355 5188
f 5355 5175 5356
f 5175 5176 5356
f 5356 5176 5357
f 5177 5357 5176
f 5358 5357 5177
f 5178 5358 5177
f 5359 5358 5178
f 5359 5178 5179
f 5359 5179 5189
f 5179 5180 5190
f 5179 5190 5189
f 5180 5191 5190
f 5353 5360 5183
f 5183 5360 5193
f 5184 5361 5354
f 5184 5194 5361
f 5184 5195 5194
f 5201 5186 5187
f 5200 5186 5201
f 5187 5188 5202
f 5187 5202 5201
f 5202 5188 5362
f 5355 5362 5188
f 5363 5355 5356
f 5363 5362 5355
f 5364 5356 5357
f 5364 5363 5356
f 5365 5357 5358
f 5365 5364 5357
f 5366 5358 5359
f 5366 5365 5358
f 5367 5359 5189
f 5367 5366 5359
f 5367 5189 5190
f 5367 5190 5203
f 5190 5191 5204
f 5190 5204 5203
f 5360 5368 5193
f 5193 5368 5206
f 5194 5369 5361
f 5194 5207 5369
f 5194 5195 5208
f 5194 5208 5207
f 5200 5201 5215
f 5200 5215 5214
f 5201 5202 5370
f 5201 5370 5215
f 5371 5202 5362
f 5370 5202 5371
f 5372 5362 5363
f 5372 5371 5362
f 5373 5363 5364
f 5373 5372 5363
f 5374 5364 5365
f 5374 5373 5364
f 5375 5365 5366
f 5375 5374 5365
f 5376 5366 5367
f 5376 5375 5366
f 5376 5367 5203
f 5376 5203 5217
f 5203 5204 5218
f 5203 5218 5217
f 5368 5377 5206
f 5377 5220 5206
f 5207 5379 5369
f 5207 5221 5379
f 5207 5208 5222
f 5207 5222 5221
f 5208 5223 5222
f 5213 5214 5228
f 5214 5215 5229
f 5214 5229 5228
f 5370 5216 5215
f 5215 5216 5230
f 5215 5230 5229
f 5380 5370 5371
f 5380 5216 5370
f 5230 5216 5380
f 5381 5371 5372
f 5381 5380 5371
f 5382 5372 5373
f 5382 5381 5372
f 5383 5373 5374
f 5383 5382 5373
f 5384 5374 5375
f 5384 5383 5374
f 5385 5375 5376
f 5385 5384 5375
f 5217 5385 5376
f 5217 5231 5385
f 5217 5218 5232
f 5217 5232 5231
f 5220 5377 5386
f 5234 5220 5386
f 5221 5388 5379
f 5221 5235 5388
f 5221 5222 5236
f 5221 5236 5235
f 5222 5223 5237
f 5222 5237 5236
f 5228 5229 5243
f 5228 5243 5242
f 5229 5230 5244
f 5229 5244 5243
f 5389 5230 5380
f 5389 5244 5230
f 5390 5380 5381
f 5390 5389 5380
f 5391 5381 5382
f 5391 5390 5381
f 5392 5382 5383
f 5392 5391 5382
f 5393 5383 5384
f 5393 5392 5383
f 5394 5384 5385
f 5394 5393 5384
f 5394 5385 5231
f 5394 5231 5246
f 5231 5232 5247
f 5231 5247 5246
f 5386 5395 5234
f 5395 5249 5234
f 5235 5397 5388
f 5235 5250 5397
f 5235 5236 5251
f 5235 5251 5250
f 5236 5237 5252
f 5236 5252 5251
f 5242 5243 5257
f 5243 5244 5258
f 5243 5258 5257
f 5389 5398 5244
f 5244 5398 5259
f 5244 5259 5258
f 5399 5389 5390
f 5399 5398 5389
f 5399 5259 5398
f 5400 5390 5391
f 5400 5399 5390
f 5401 5391 5392
f 5401 5400 5391
f 5402 5392 5393
f 5402 5401 5392
f 5245 5393 5394
f 5245 5402 5393
f 5245 5263 5402
f 5245 5394 5246
f 5245 5246 5264
f 5245 5264 5263
f 5246 5247 5265
f 5246 5265 5264
f 5395 5403 5249
f 5267 5249 5403
f 5406 5396 5397
f 5406 5405 5396
f 5406 5268 5405
f 5406 5397 5250
f 5406 5250 5269
f 5406 5269 5268
f 5250 5251 5270
f 5250 5270 5269
f 5257 5258 5275
f 5258 5259 5276
f 5258 5276 5275
f 5399 5260 5259
f 5259 5260 5277
f 5259 5277 5276
f 5260 5399 5400
f 5260 5400 5261
f 5260 5261 5278
f 5260 5278 5277
f 5261 5400 5401
f 5261 5401 5262
f 5261 5262 5279
f 5261 5279 5278
f 5262 5401 5402
f 5262 5402 5263
f 5262 5263 5280
f 5262 5280 5279
f 5263 5264 5281
f 5263 5281 5280
f 5264 5265 5282
f 5264 5282 5281
f 5267 5403 5407
f 5267 5407 5284
f 5410 5404 5405
f 5410 5409 5404
f 5410 5286 5409
f 5410 5405 5268
f 5410 5268 5287
f 5410 5287 5286
f 5268 5269 5288
f 5268 5288 5287
f 5294 5275 5276
f 5276 5277 5295
f 5276 5295 5294
f 5277 5278 5296
f 5277 5296 5295
f 5278 5279 5297
f 5278 5297 5296
f 5279 5280 5298
f 5279 5298 5297
f 5285 5284 5407
f 5411 5285 5407
f 5411 5301 5285
f 5411 5412 5301
f 5417 5304 5416
f 5417 5305 5304
f 5418 5408 5409
f 5418 5417 5408
f 5418 5305 5417
f 5418 5409 5286
f 5418 5286 5306
f 5418 5306 5305
f 5302 5301 5412
f 5302 5412 5419
f 5302 5419 5316
f 5420 5316 5419
f 5420 5317 5316
f 5421 5317 5420
f 5421 5318 5317
f 5422 5318 5421
f 5422 5319 5318
f 5423 5319 5422
f 5423 5415 5303
f 5423 5303 5320
f 5423 5320 5319
f 5303 5415 5416
f 5303 5416 5304
f 5321 5425 5325
f 5325 5425 5324
f 5321 5426 5425
f 5426 5321 5322
f 5426 5322 5427
f 5326 5427 5322
f 5430 5429 5328
f 5430 5324 5424
f 5324 5430 5323
f 5323 5430 5328
f 5324 5425 5424
f 5427 5326 5428
f 5428 5326 5327
f 5432 5428 5327
f 5329 5432 5327
f 5434 5328 5429
f 5328 5434 5331
f 5434 5330 5331
f 5435 5432 5329
f 5435 5329 5332
f 5333 5332 5329
f 5434 5433 5330
f 5330 5433 5436
f 5330 5436 5334
f 5435 5332 5437
f 5437 5332 5333
f 5437 5333 5335
f 5438 5334 5436
f 5334 5438 5337
f 5437 5335 5440
f 5338 5440 5335
f 5438 5441 5337
f 5337 5441 5340
f 5338 5442 5440
f 5442 5338 5339
f 5442 5339 5443
f 5443 5339 5341
f 5441 5444 5340
f 5340 5444 5343
f 5342 5343 5444
f 5442 5443 5445
f 5443 5341 5445
f 5341 5446 5445
f 5341 5344 5446
f 5444 5447 5342
f 5345 5342 5447
f 5445 5446 5448
f 5446 5344 5448
f 5344 5346 5448
f 5347 5346 5344
f 5345 5447 5449
f 5345 5449 5348
f 5451 5448 5346
f 5451 5346 5347
f 5451 5347 5349
f 5449 5453 5348
f 5348 5453 5452
f 5350 5348 5452
f 5349 5454 5451
f 5349 5351 5454
f 5352 5351 5349
f 5455 5350 5452
f 5353 5350 5455
f 5351 5456 5454
f 5351 5457 5456
f 5351 5352 5354
f 5351 5354 5457
f 5458 5353 5455
f 5360 5353 5458
f 5460 5456 5457
f 5460 5459 5456
f 5460 5457 5354
f 5460 5354 5361
f 5461 5360 5458
f 5360 5461 5368
f 5463 5459 5460
f 5463 5462 5459
f 5463 5460 5361
f 5463 5361 5369
f 5461 5464 5368
f 5368 5464 5377
f 5466 5462 5463
f 5466 5465 5462
f 5466 5463 5369
f 5466 5369 5379
f 5464 5467 5377
f 5386 5377 5467
f 5378 5465 5466
f 5378 5468 5465
f 5378 5387 5468
f 5378 5466 5379
f 5378 5379 5388
f 5378 5388 5387
f 5469 5386 5467
f 5469 5395 5386
f 5387 5472 5468
f 5387 5396 5472
f 5387 5388 5397
f 5387 5397 5396
f 5469 5473 5395
f 5395 5473 5403
f 5476 5472 5396
f 5476 5396 5405
f 5473 5477 5403
f 5403 5477 5407
f 5404 5475 5476
f 5404 5481 5475
f 5404 5409 5481
f 5404 5476 5405
f 5477 5478 5407
f 5407 5478 5482
f 5411 5407 5482
f 5478 5483 5482
f 5483 5411 5482
f 5412 5411 5483
f 5488 5416 5487
f 5488 5417 5416
f 5408 5480 5481
f 5408 5488 5480
f 5408 5417 5488
f 5408 5481 5409
f 5412 5483 5484
f 5412 5484 5413
f 5419 5412 5413
f 5489 5413 5484
f 5489 5419 5413
f 5489 5420 5419
f 5490 5420 5489
f 5490 5421 5420
f 5491 5421 5490
f 5491 5422 5421
f 5414 5485 5486
f 5414 5491 5485
f 5414 5422 5491
f 5414 5486 5415
f 5414 5415 5423
f 5414 5423 5422
f 5415 5486 5487
f 5415 5487 5416
f 5426 5493 5425
f 5424 5496 5430
f 5496 5429 5430
f 5424 5492 5497
f 5424 5497 5496
f 5424 5425 5492
f 5492 5425 5493
f 5426 5494 5493
f 5426 5427 5494
f 5494 5427 5498
f 5427 5428 5498
f 5428 5431 5498
f 5432 5431 5428
f 5429 5499 5434
f 5429 5496 5495
f 5429 5495 5499
f 5498 5431 5500
f 5432 5500 5431
f 5432 5435 5500
f 5433 5499 5502
f 5433 5502 5501
f 5433 5501 5436
f 5433 5434 5499
f 5503 5500 5435
f 5503 5435 5437
f 5436 5504 5438
f 5436 5501 5504
f 5505 5503 5437
f 5505 5437 5439
f 5440 5439 5437
f 5504 5506 5438
f 5438 5506 5441
f 5505 5439 5507
f 5440 5507 5439
f 5440 5508 5507
f 5508 5440 5442
f 5506 5509 5441
f 5441 5509 5444
f 5508 5442 5510
f 5445 5510 5442
f 5509 5511 5444
f 5444 5511 5447
f 5445 5512 5510
f 5445 5513 5512
f 5445 5448 5513
f 5511 5514 5447
f 5447 5514 5449
f 5512 5513 5515
f 5515 5513 5448
f 5515 5448 5450
f 5451 5450 5448
f 5514 5517 5449
f 5449 5517 5453
f 5452 5453 5517
f 5450 5518 5515
f 5450 5519 5518
f 5450 5451 5454
f 5450 5454 5519
f 5452 5517 5521
f 5452 5521 5455
f 5523 5518 5519
f 5523 5519 5454
f 5523 5454 5456
f 5521 5524 5455
f 5455 5524 5458
f 5456 5525 5523
f 5456 5459 5525
f 5524 5526 5458
f 5461 5458 5526
f 5459 5527 5525
f 5459 5462 5527
f 5528 5461 5526
f 5461 5528 5464
f 5462 5529 5527
f 5462 5465 5529
f 5530 5464 5528
f 5467 5464 5530
f 5465 5531 5529
f 5465 5468 5531
f 5467 5530 5532
f 5469 5467 5532
f 5534 5531 5468
f 5534 5468 5472
f 5470 5469 5532
f 5470 5473 5469
f 5470 5532 5535
f 5470 5535 5473
f 5471 5533 5534
f 5471 5537 5533
f 5471 5475 5537
f 5471 5534 5472
f 5471 5472 5476
f 5471 5476 5475
f 5474 5473 5535
f 5474 5477 5473
f 5474 5535 5538
f 5474 5538 5477
f 5541 5536 5537
f 5541 5540 5536
f 5541 5480 5540
f 5541 5537 5475
f 5541 5475 5481
f 5541 5481 5480
f 5478 5477 5538
f 5538 5542 5478
f 5542 5483 5478
f 5548 5486 5547
f 5548 5487 5486
f 5479 5539 5540
f 5479 5548 5539
f 5479 5487 5548
f 5479 5540 5480
f 5479 5480 5488
f 5479 5488 5487
f 5542 5543 5483
f 5484 5483 5543
f 5484 5543 5544
f 5484 5544 5549
f 5489 5484 5549
f 5550 5549 5544
f 5550 5489 5549
f 5550 5490 5489
f 5551 5545 5546
f 5551 5550 5545
f 5551 5490 5550
f 5551 5546 5485
f 5551 5485 5491
f 5551 5491 5490
f 5485 5546 5547
f 5485 5547 5486
f 5492 5552 5497
f 5552 5496 5497
f 5552 5492 5553
f 5493 5553 5492
f 5493 5554 5553
f 5494 5554 5493
f 5494 5555 5554
f 5555 5494 5498
f 5557 5495 5496
f 5557 5499 5495
f 5496 5552 5558
f 5557 5496 5558
f 5555 5498 5559
f 5498 5500 5559
f 5560 5502 5499
f 5501 5502 5560
f 5557 5556 5499
f 5560 5499 5556
f 5500 5561 5559
f 5503 5561 5500
f 5501 5560 5563
f 5501 5563 5562
f 5501 5562 5504
f 5564 5561 5503
f 5564 5503 5505
f 5566 5506 5504
f 5566 5504 5562
f 5564 5505 5567
f 5505 5507 5567
f 5568 5506 5566
f 5506 5568 5509
f 5567 5507 5569
f 5507 5508 5569
f 5508 5570 5569
f 5510 5570 5508
f 5568 5571 5509
f 5571 5511 5509
f 5569 5570 5572
f 5510 5572 5570
f 5510 5512 5572
f 5573 5511 5571
f 5573 5514 5511
f 5574 5572 5512
f 5574 5512 5515
f 5573 5576 5514
f 5514 5576 5517
f 5577 5574 5515
f 5518 5577 5515
f 5516 5576 5575
f 5516 5575 5578
f 5516 5578 5520
f 5576 5516 5517
f 5517 5516 5521
f 5516 5520 5521
f 5518 5579 5577
f 5518 5522 5579
f 5523 5522 5518
f 5581 5520 5578
f 5520 5581 5521
f 5521 5581 5524
f 5583 5579 5522
f 5583 5522 5523
f 5583 5523 5525
f 5581 5584 5524
f 5524 5584 5526
f 5585 5583 5525
f 5585 5525 5527
f 5586 5526 5584
f 5528 5526 5586
f 5587 5585 5527
f 5587 5527 5529
f 5586 5588 5528
f 5530 5528 5588
f 5589 5587 5529
f 5589 5529 5531
f 5590 5530 5588
f 5530 5590 5532
f 5592 5533 5591
f 5592 5589 5531
f 5592 5531 5534
f 5592 5534 5533
f 5590 5593 5532
f 5532 5593 5535
f 5533 5595 5591
f 5533 5537 5595
f 5535 5593 5596
f 5538 5535 5596
f 5536 5594 5595
f 5536 5599 5594
f 5536 5540 5599
f 5536 5595 5537
f 5538 5596 5600
f 5538 5600 5542
f 5600 5601 5542
f 5606 5547 5605
f 5606 5548 5547
f 5539 5598 5599
f 5539 5606 5598
f 5539 5548 5606
f 5539 5599 5540
f 5543 5542 5601
f 5543 5601 5602
f 5543 5602 5544
f 5602 5607 5544
f 5550 5544 5607
f 5545 5603 5604
f 5545 5607 5603
f 5545 5550 5607
f 5545 5604 5546
f 5546 5604 5605
f 5546 5605 5547
f 5552 5609 5558
f 5558 5609 5557
f 5552 5610 5609
f 5552 5553 5610
f 5610 5553 5611
f 5553 5554 5611
f 5611 5554 5612
f 5554 5555 5612
f 5555 5613 5612
f 5613 5555 5559
f 5557 5615 5556
f 5556 5615 5560
f 5608 5557 5609
f 5615 5557 5608
f 5613 5559 5617
f 5561 5617 5559
f 5560 5618 5563
f 5562 5563 5618
f 5560 5615 5614
f 5618 5560 5614
f 5619 5617 5561
f 5564 5619 5561
f 5562 5618 5621
f 5562 5621 5620
f 5562 5620 5566
f 5564 5565 5619
f 5564 5567 5565
f 5622 5619 5565
f 5622 5565 5567
f 5566 5620 5623
f 5568 5566 5623
f 5622 5567 5625
f 5567 5569 5625
f 5626 5622 5625
f 5569 5626 5625
f 5627 5568 5623
f 5568 5627 5571
f 5569 5628 5626
f 5569 5572 5628
f 5627 5630 5571
f 5571 5630 5573
f 5572 5631 5628
f 5572 5632 5631
f 5574 5632 5572
f 5634 5630 5629
f 5634 5629 5633
f 5634 5633 5575
f 5630 5634 5573
f 5573 5634 5576
f 5634 5575 5576
f 5631 5632 5635
f 5635 5632 5574
f 5635 5574 5577
f 5575 5633 5636
f 5575 5636 5578
f 5637 5635 5577
f 5579 5637 5577
f 5578 5636 5638
f 5578 5638 5580
f 5581 5578 5580
f 5579 5639 5637
f 5579 5582 5639
f 5583 5582 5579
f 5638 5640 5580
f 5580 5640 5581
f 5640 5584 5581
f 5582 5641 5639
f 5582 5642 5641
f 5582 5583 5585
f 5582 5585 5642
f 5584 5640 5643
f 5586 5584 5643
f 5641 5642 5644
f 5644 5642 5585
f 5644 5585 5587
f 5645 5586 5643
f 5586 5645 5588
f 5646 5644 5587
f 5646 5587 5589
f 5588 5645 5647
f 5590 5588 5647
f 5648 5646 5589
f 5648 5589 5592
f 5591 5648 5592
f 5649 5590 5647
f 5649 5593 5590
f 5591 5653 5648
f 5591 5652 5653
f 5591 5595 5652
f 5649 5654 5593
f 5593 5654 5596
f 5657 5598 5656
f 5657 5651 5594
f 5657 5594 5599
f 5657 5599 5598
f 5594 5651 5652
f 5594 5652 5595
f 5654 5658 5596
f 5600 5596 5658
f 5658 5659 5600
f 5661 5605 5604
f 5597 5655 5656
f 5597 5661 5655
f 5597 5605 5661
f 5597 5656 5598
f 5597 5598 5606
f 5597 5606 5605
f 5659 5662 5600
f 5600 5662 5601
f 5663 5601 5662
f 5602 5601 5663
f 5602 5663 5664
f 5602 5664 5607
f 5604 5603 5665
f 5607 5665 5603
f 5661 5604 5660
f 5604 5665 5660
f 5662 5667 5663
f 5663 5668 5664
f 5667 5668 5663
f 5607 5664 5668
f 5607 5669 5665
f 5669 5607 5668
f 5609 5672 5608
f 5608 5672 5615
f 5609 5673 5672
f 5610 5673 5609
f 5673 5610 5674
f 5610 5611 5674
f 5674 5611 5675
f 5611 5612 5675
f 5675 5612 5676
f 5613 5676 5612
f 5616 5676 5613
f 5617 5616 5613
f 5615 5678 5614
f 5614 5678 5618
f 5679 5615 5672
f 5615 5679 5678
f 5616 5680 5676
f 5617 5680 5616
f 5617 5681 5680
f 5619 5681 5617
f 5618 5682 5621
f 5682 5620 5621
f 5677 5618 5678
f 5618 5677 5682
f 5683 5681 5619
f 5622 5683 5619
f 5620 5682 5685
f 5620 5685 5623
f 5686 5683 5622
f 5686 5622 5624
f 5626 5624 5622
f 5623 5687 5627
f 5685 5684 5623
f 5623 5684 5687
f 5686 5624 5688
f 5626 5688 5624
f 5626 5628 5688
f 5687 5690 5627
f 5627 5690 5630
f 5690 5629 5630
f 5628 5691 5688
f 5628 5631 5691
f 5690 5689 5629
f 5629 5689 5692
f 5629 5692 5633
f 5693 5691 5631
f 5693 5631 5635
f 5633 5692 5694
f 5633 5694 5636
f 5695 5693 5635
f 5695 5635 5637
f 5636 5694 5696
f 5636 5696 5638
f 5637 5697 5695
f 5637 5639 5697
f 5696 5698 5638
f 5698 5640 5638
f 5639 5699 5697
f 5641 5699 5639
f 5698 5700 5640
f 5640 5700 5701
f 5643 5640 5701
f 5641 5702 5699
f 5644 5702 5641
f 5700 5703 5701
f 5701 5703 5643
f 5645 5643 5703
f 5644 5704 5702
f 5704 5644 5646
f 5703 5705 5645
f 5645 5705 5647
f 5704 5646 5706
f 5646 5648 5706
f 5706 5707 5704
f 5708 5647 5705
f 5649 5647 5708
f 5653 5712 5648
f 5706 5648 5712
f 5713 5707 5706
f 5712 5713 5706
f 5650 5649 5708
f 5650 5654 5649
f 5650 5708 5714
f 5650 5714 5654
f 5716 5655 5715
f 5716 5656 5655
f 5717 5709 5711
f 5717 5716 5709
f 5717 5656 5716
f 5717 5711 5651
f 5717 5651 5657
f 5717 5657 5656
f 5711 5718 5651
f 5651 5718 5652
f 5718 5719 5652
f 5719 5653 5652
f 5653 5720 5712
f 5719 5720 5653
f 5714 5721 5654
f 5721 5658 5654
f 5722 5715 5655
f 5722 5655 5661
f 5658 5721 5723
f 5658 5723 5724
f 5658 5662 5659
f 5658 5724 5662
f 5726 5722 5661
f 5726 5661 5660
f 5726 5660 5665
f 5723 5728 5724
f 5662 5724 5728
f 5662 5728 5666
f 5662 5666 5667
f 5726 5665 5725
f 5665 5729 5725
f 5669 5729 5665
f 5666 5728 5730
f 5666 5730 5731
f 5666 5670 5667
f 5666 5731 5670
f 5668 5667 5671
f 5671 5667 5670
f 5668 5671 5732
f 5669 5668 5732
f 5729 5669 5732
f 5734 5731 5730
f 5734 5730 5733
f 5734 5670 5731
f 5734 5735 5670
f 5670 5735 5671
f 5671 5736 5732
f 5735 5736 5671
f 5733 5738 5734
f 5734 5739 5735
f 5738 5739 5734
f 5740 5736 5735
f 5740 5735 5739
f 5738 5743 5739
f 5672 5746 5679
f 5746 5678 5679
f 5747 5746 5672
f 5673 5747 5672
f 5673 5748 5747
f 5673 5674 5748
f 5748 5674 5749
f 5674 5675 5749
f 5749 5675 5750
f 5750 5675 5676
f 5750 5676 5751
f 5680 5751 5676
f 5678 5752 5677
f 5752 5682 5677
f 5752 5678 5753
f 5746 5753 5678
f 5680 5754 5751
f 5754 5680 5681
f 5755 5754 5681
f 5683 5755 5681
f 5682 5756 5685
f 5682 5752 5757
f 5682 5757 5756
f 5758 5755 5683
f 5758 5683 5686
f 5756 5760 5685
f 5685 5760 5684
f 5684 5760 5687
f 5758 5686 5761
f 5761 5686 5688
f 5762 5690 5687
f 5687 5760 5759
f 5762 5687 5759
f 5761 5688 5763
f 5688 5691 5763
f 5764 5690 5762
f 5690 5764 5689
f 5692 5689 5764
f 5691 5766 5763
f 5693 5766 5691
f 5692 5764 5767
f 5692 5767 5694
f 5768 5766 5693
f 5768 5693 5695
f 5767 5769 5694
f 5696 5694 5769
f 5770 5768 5695
f 5697 5770 5695
f 5769 5771 5696
f 5696 5771 5698
f 5697 5773 5770
f 5699 5773 5697
f 5698 5771 5774
f 5700 5698 5774
f 5699 5775 5773
f 5699 5702 5775
f 5776 5773 5775
f 5776 5775 5702
f 5777 5700 5774
f 5777 5703 5700
f 5776 5702 5779
f 5702 5704 5779
f 5780 5776 5779
f 5780 5779 5704
f 5777 5781 5703
f 5781 5705 5703
f 5780 5704 5783
f 5783 5704 5707
f 5784 5780 5783
f 5707 5784 5783
f 5781 5785 5705
f 5785 5708 5705
f 5707 5789 5784
f 5707 5713 5789
f 5791 5708 5785
f 5714 5708 5791
f 5794 5787 5788
f 5794 5793 5787
f 5794 5715 5793
f 5794 5788 5710
f 5794 5710 5716
f 5794 5716 5715
f 5795 5710 5788
f 5795 5716 5710
f 5711 5709 5795
f 5795 5709 5716
f 5796 5711 5795
f 5796 5718 5711
f 5797 5718 5796
f 5718 5797 5719
f 5712 5799 5713
f 5799 5712 5720
f 5799 5800 5713
f 5789 5713 5800
f 5791 5802 5714
f 5802 5721 5714
f 5804 5793 5715
f 5804 5715 5722
f 5798 5719 5797
f 5798 5720 5719
f 5799 5720 5798
f 5721 5802 5805
f 5721 5805 5723
f 5806 5804 5722
f 5806 5722 5726
f 5723 5805 5807
f 5723 5807 5727
f 5723 5727 5728
f 5808 5806 5726
f 5808 5726 5725
f 5729 5808 5725
f 5810 5727 5807
f 5810 5807 5809
f 5727 5810 5728
f 5810 5730 5728
f 5729 5811 5808
f 5729 5732 5811
f 5812 5810 5809
f 5812 5730 5810
f 5812 5733 5730
f 5811 5732 5814
f 5732 5813 5814
f 5732 5736 5813
f 5815 5733 5812
f 5815 5737 5733
f 5733 5737 5738
f 5813 5736 5816
f 5740 5816 5736
f 5817 5737 5815
f 5737 5817 5741
f 5737 5742 5738
f 5737 5741 5742
f 5738 5742 5743
f 5740 5739 5818
f 5818 5739 5743
f 5816 5740 5818
f 5819 5741 5817
f 5741 5819 5820
f 5741 5744 5742
f 5741 5820 5744
f 5742 5745 5743
f 5742 5744 5745
f 5745 5821 5743
f 5818 5743 5821
f 5819 5823 5820
f 5823 5819 5822
f 5823 5744 5820
f 5823 5824 5744
f 5745 5744 5824
f 5745 5825 5821
f 5824 5825 5745
f 5827 5823 5822
f 5827 5822 5826
f 5823 5828 5824
f 5827 5828 5823
f 5826 5830 5827
f 5827 5831 5828
f 5831 5827 5830
f 5747 5833 5746
f 5746 5833 5753
f 5834 5833 5747
f 5834 5747 5748
f 5834 5748 5835
f 5748 5749 5835
f 5835 5749 5836
f 5749 5750 5836
f 5836 5750 5837
f 5751 5837 5750
f 5838 5837 5751
f 5754 5838 5751
f 5839 5757 5752
f 5839 5752 5753
f 5839 5753 5840
f 5753 5833 5840
f 5834 5841 5833
f 5840 5833 5841
f 5842 5834 5835
f 5841 5834 5842
f 5843 5835 5836
f 5837 5844 5836
f 5838 5845 5837
f 5844 5837 5845
f 5846 5838 5754
f 5846 5845 5838
f 5846 5754 5755
f 5758 5846 5755
f 5757 5847 5756
f 5756 5847 5760
f 5839 5848 5757
f 5757 5848 5847
f 5845 5846 5853
f 5854 5846 5758
f 5854 5853 5846
f 5854 5758 5761
f 5855 5759 5760
f 5855 5762 5759
f 5855 5760 5856
f 5760 5847 5856
f 5853 5854 5860
f 5860 5854 5761
f 5763 5860 5761
f 5861 5764 5762
f 5855 5861 5762
f 5855 5856 5862
f 5855 5862 5861
f 5763 5864 5860
f 5763 5765 5864
f 5766 5765 5763
f 5861 5865 5764
f 5767 5764 5865
f 5765 5868 5864
f 5765 5869 5868
f 5765 5766 5768
f 5765 5768 5869
f 5870 5767 5865
f 5769 5767 5870
f 5873 5868 5869
f 5873 5872 5868
f 5873 5869 5768
f 5873 5768 5770
f 5874 5769 5870
f 5874 5771 5769
f 5872 5873 5877
f 5877 5873 5770
f 5772 5877 5770
f 5773 5772 5770
f 5874 5878 5771
f 5771 5878 5774
f 5874 5879 5878
f 5774 5878 5879
f 5772 5881 5877
f 5881 5772 5773
f 5882 5881 5773
f 5776 5882 5773
f 5774 5879 5883
f 5777 5774 5883
f 5883 5879 5884
f 5887 5882 5776
f 5887 5776 5780
f 5883 5778 5777
f 5778 5781 5777
f 5889 5883 5884
f 5889 5778 5883
f 5889 5781 5778
f 5887 5780 5888
f 5780 5894 5888
f 5780 5784 5894
f 5895 5888 5894
f 5784 5895 5894
f 5889 5782 5781
f 5782 5785 5781
f 5896 5782 5889
f 5782 5896 5785
f 5787 5899 5900
f 5784 5901 5895
f 5784 5790 5901
f 5789 5790 5784
f 5902 5895 5901
f 5790 5902 5901
f 5896 5904 5785
f 5791 5785 5904
f 5786 5898 5899
f 5786 5905 5898
f 5786 5792 5905
f 5786 5899 5787
f 5786 5787 5793
f 5786 5793 5792
f 5787 5900 5788
f 5788 5900 5906
f 5795 5788 5906
f 5906 5907 5795
f 5795 5907 5796
f 5790 5789 5801
f 5789 5800 5801
f 5908 5902 5790
f 5801 5908 5790
f 5904 5910 5791
f 5910 5802 5791
f 5792 5911 5905
f 5792 5803 5911
f 5792 5793 5804
f 5792 5804 5803
f 5912 5796 5907
f 5797 5796 5912
f 5912 5913 5797
f 5798 5797 5913
f 5914 5798 5913
f 5799 5798 5914
f 5799 5914 5915
f 5800 5799 5915
f 5800 5915 5916
f 5801 5800 5916
f 5801 5917 5908
f 5916 5917 5801
f 5910 5919 5802
f 5802 5919 5805
f 5803 5920 5911
f 5803 5921 5920
f 5803 5804 5806
f 5803 5806 5921
f 5805 5919 5922
f 5805 5922 5807
f 5920 5921 5923
f 5923 5921 5806
f 5923 5806 5808
f 5807 5922 5924
f 5807 5924 5809
f 5925 5923 5808
f 5925 5808 5811
f 5924 5927 5809
f 5812 5809 5927
f 5928 5925 5811
f 5928 5811 5814
f 5813 5928 5814
f 5927 5929 5812
f 5812 5929 5815
f 5930 5928 5813
f 5816 5930 5813
f 5929 5931 5815
f 5815 5931 5817
f 5932 5930 5816
f 5932 5816 5818
f 5931 5933 5817
f 5817 5933 5819
f 5932 5818 5934
f 5818 5821 5934
f 5933 5935 5819
f 5822 5819 5935
f 5934 5821 5937
f 5821 5936 5937
f 5825 5936 5821
f 5822 5935 5938
f 5822 5938 5826
f 5824 5939 5825
f 5824 5828 5939
f 5936 5825 5939
f 5826 5938 5940
f 5826 5940 5829
f 5826 5829 5830
f 5828 5941 5939
f 5831 5941 5828
f 5829 5940 5942
f 5829 5942 5943
f 5829 5832 5830
f 5829 5943 5832
f 5831 5830 5944
f 5944 5830 5832
f 5945 5941 5831
f 5945 5831 5944
f 5942 5946 5943
f 5946 5832 5943
f 5946 5947 5832
f 5944 5832 5947
f 5946 5949 5947
f 5842 5835 5843
f 5843 5836 5844
f 5849 5839 5840
f 5839 5849 5848
f 5840 5841 5850
f 5840 5850 5849
f 5850 5841 5950
f 5841 5842 5950
f 5950 5842 5951
f 5842 5843 5951
f 5951 5843 5952
f 5843 5844 5851
f 5843 5851 5952
f 5844 5845 5852
f 5844 5852 5851
f 5845 5853 5852
f 5857 5847 5848
f 5847 5857 5856
f 5848 5849 5953
f 5848 5953 5857
f 5953 5849 5954
f 5850 5954 5849
f 5955 5850 5950
f 5955 5954 5850
f 5956 5950 5951
f 5956 5955 5950
f 5957 5951 5952
f 5957 5956 5951
f 5851 5957 5952
f 5958 5957 5851
f 5958 5851 5852
f 5958 5852 5858
f 5852 5853 5859
f 5852 5859 5858
f 5853 5860 5859
f 5856 5857 5959
f 5856 5959 5862
f 5959 5857 5960
f 5953 5960 5857
f 5961 5953 5954
f 5961 5960 5953
f 5962 5954 5955
f 5962 5961 5954
f 5963 5955 5956
f 5963 5962 5955
f 5964 5956 5957
f 5964 5963 5956
f 5965 5957 5958
f 5965 5964 5957
f 5966 5958 5858
f 5966 5965 5958
f 5966 5858 5859
f 5966 5859 5863
f 5859 5860 5864
f 5859 5864 5863
f 5866 5861 5862
f 5861 5866 5865
f 5959 5967 5862
f 5862 5967 5866
f 5968 5959 5960
f 5968 5967 5959
f 5969 5960 5961
f 5969 5968 5960
f 5970 5961 5962
f 5970 5969 5961
f 5971 5962 5963
f 5971 5970 5962
f 5972 5963 5964
f 5972 5971 5963
f 5973 5964 5965
f 5973 5972 5964
f 5974 5965 5966
f 5974 5973 5965
f 5863 5974 5966
f 5863 5867 5974
f 5863 5864 5868
f 5863 5868 5867
f 5865 5866 5871
f 5870 5865 5871
f 5967 5975 5866
f 5866 5975 5871
f 5976 5967 5968
f 5976 5975 5967
f 5977 5968 5969
f 5977 5976 5968
f 5978 5969 5970
f 5978 5977 5969
f 5979 5970 5971
f 5979 5978 5970
f 5980 5971 5972
f 5980 5979 5971
f 5981 5972 5973
f 5981 5980 5972
f 5982 5973 5974
f 5982 5981 5973
f 5867 5982 5974
f 5867 5983 5982
f 5867 5868 5872
f 5867 5872 5983
f 5875 5870 5871
f 5875 5874 5870
f 5975 5984 5871
f 5871 5984 5875
f 5985 5975 5976
f 5985 5984 5975
f 5986 5976 5977
f 5986 5985 5976
f 5987 5977 5978
f 5987 5986 5977
f 5988 5978 5979
f 5988 5987 5978
f 5989 5979 5980
f 5989 5988 5979
f 5990 5980 5981
f 5990 5989 5980
f 5991 5981 5982
f 5991 5990 5981
f 5992 5982 5983
f 5992 5991 5982
f 5992 5983 5872
f 5992 5872 5993
f 5872 5877 5993
f 5874 5875 5879
f 5984 5876 5875
f 5875 5876 5880
f 5875 5880 5879
f 5994 5984 5985
f 5994 5876 5984
f 5880 5876 5994
f 5995 5985 5986
f 5995 5994 5985
f 5996 5986 5987
f 5996 5995 5986
f 5997 5987 5988
f 5997 5996 5987
f 5998 5988 5989
f 5998 5997 5988
f 5999 5989 5990
f 5999 5998 5989
f 5991 6000 5990
f 5990 6000 5999
f 5993 6002 5992
f 6002 5993 5877
f 6002 5877 6003
f 5881 6003 5877
f 5881 6004 6003
f 5882 6004 5881
f 5879 5880 5884
f 5880 5994 6005
f 5880 6005 5884
f 6006 5994 5995
f 6006 6005 5994
f 6007 5995 5996
f 6007 6006 5995
f 6008 5996 5997
f 6008 6007 5996
f 6009 5997 5998
f 6009 6008 5997
f 6010 5998 5999
f 6010 6009 5998
f 6004 5882 6012
f 5887 6012 5882
f 6005 5885 5884
f 5884 5885 5890
f 5889 5884 5890
f 6014 6005 6006
f 6014 5885 6005
f 5890 5885 6014
f 6015 6006 6007
f 6015 6014 6006
f 6016 6007 6008
f 6016 6015 6007
f 6017 6008 6009
f 6017 6016 6008
f 6017 5891 6016
f 6017 6009 5886
f 6017 5886 5892
f 6017 5892 5891
f 6018 6009 6010
f 6018 5886 6009
f 6018 5892 5886
f 6018 5893 5892
f 6010 6019 6018
f 5893 6018 6019
f 6012 5887 6013
f 6013 5887 5888
f 6020 6013 5888
f 6020 5888 5895
f 5895 6021 6020
f 5896 5889 5890
f 6014 6022 5890
f 5896 5890 6022
f 6015 6023 6014
f 6022 6014 6023
f 6024 6015 6016
f 6024 6023 6015
f 5891 6024 6016
f 5891 5897 6024
f 5891 5892 5898
f 5891 5898 5897
f 5892 5893 5899
f 5892 5899 5898
f 5893 6019 6025
f 5893 6025 5900
f 5893 5900 5899
f 6025 6019 6026
f 6025 6026 5900
f 5895 6027 6021
f 5895 5902 6027
f 6021 6027 6028
f 6028 6027 5902
f 5896 6022 6031
f 5904 5896 6031
f 6023 6024 6033
f 5897 6033 6024
f 5897 6034 6033
f 5897 5898 5905
f 5897 5905 6034
f 6035 5900 6026
f 6035 5906 5900
f 6035 6026 6036
f 6035 6036 5906
f 5907 5906 6036
f 6028 5902 5903
f 5902 5909 5903
f 5908 5909 5902
f 5903 6037 6028
f 5909 6037 5903
f 5904 6031 6030
f 6039 5904 6030
f 5910 5904 6039
f 6041 6033 6034
f 6041 6040 6033
f 6041 6034 5905
f 6041 5905 5911
f 6036 6042 5907
f 5912 5907 6042
f 5909 5908 5918
f 5918 5908 5917
f 5918 6044 5909
f 5909 6044 6037
f 6044 6045 6037
f 5910 6039 6046
f 5919 5910 6046
f 6040 6041 6047
f 5911 6047 6041
f 5911 5920 6047
f 6042 6043 5912
f 6043 5913 5912
f 6043 6048 5913
f 6048 5914 5913
f 6048 6049 5914
f 5915 5914 6049
f 5915 6049 6050
f 5916 5915 6050
f 5916 6050 6051
f 5916 6051 5917
f 6051 6052 5917
f 5918 5917 6052
f 5918 6053 6044
f 6053 5918 6052
f 6055 5919 6046
f 6055 5922 5919
f 5920 6056 6047
f 5920 6057 6056
f 5920 5923 6057
f 6058 5922 6055
f 5922 6058 5924
f 6060 6056 6057
f 6060 6057 5923
f 6060 5923 5925
f 5924 6058 6061
f 5924 6061 5926
f 5924 5926 5927
f 6062 6060 5925
f 6062 5925 5928
f 6064 5926 6061
f 5926 6064 5927
f 5927 6064 5929
f 6065 6062 5928
f 6065 5928 5930
f 6064 6066 5929
f 5929 6066 5931
f 6067 6065 5930
f 6067 5930 5932
f 6068 5931 6066
f 5931 6068 5933
f 6069 6067 5932
f 6069 5932 5934
f 6070 5933 6068
f 5935 5933 6070
f 6071 6069 5934
f 6071 5934 5937
f 5936 6071 5937
f 6072 5935 6070
f 5938 5935 6072
f 5936 6074 6071
f 5936 5939 6074
f 5938 6072 6075
f 5938 6075 5940
f 6074 5939 6073
f 5939 6076 6073
f 5941 6076 5939
f 6075 6077 5940
f 5942 5940 6077
f 5945 6078 5941
f 5945 5944 6078
f 6076 5941 6078
f 6077 6079 5942
f 5942 6079 5946
f 6080 6078 5944
f 5947 6080 5944
f 6079 6081 5946
f 5948 5946 6081
f 5946 5948 5949
f 5947 6082 6080
f 5947 5949 6082
f 6084 5948 6081
f 6084 5949 5948
f 6085 6082 5949
f 6085 5949 6084
f 5992 6001 5991
f 5991 6001 6000
f 6087 6001 5992
f 6002 6087 5992
f 6088 6087 6002
f 6088 6002 6003
f 6011 5999 6000
f 6011 6010 5999
f 6011 6000 6089
f 6000 6001 6089
f 6086 6001 6087
f 6089 6001 6086
f 6088 6003 6090
f 6003 6004 6090
f 6004 6091 6090
f 6091 6004 6012
f 6010 6011 6019
f 6011 6089 6092
f 6019 6011 6092
f 6091 6012 6093
f 6013 6093 6012
f 6094 6093 6013
f 6020 6094 6013
f 6095 6094 6020
f 6021 6095 6020
f 6092 6096 6019
f 6026 6019 6096
f 6095 6021 6099
f 6028 6099 6021
f 6028 6100 6099
f 6022 6023 6101
f 6022 6101 6031
f 6101 6023 6032
f 6023 6033 6032
f 6102 6026 6096
f 6036 6026 6102
f 6028 6029 6100
f 6028 6037 6029
f 6103 6100 6029
f 6037 6103 6029
f 6103 6037 6038
f 6031 6105 6030
f 6105 6039 6030
f 6031 6106 6105
f 6031 6101 6106
f 6107 6101 6032
f 6107 6106 6101
f 6107 6032 6033
f 6107 6033 6040
f 6108 6036 6102
f 6108 6042 6036
f 6038 6037 6045
f 6103 6038 6104
f 6038 6109 6104
f 6038 6045 6109
f 6110 6104 6109
f 6039 6105 6112
f 6039 6112 6111
f 6039 6111 6046
f 6106 6107 6113
f 6040 6113 6107
f 6040 6114 6113
f 6040 6047 6114
f 6108 6115 6042
f 6115 6043 6042
f 6115 6116 6043
f 6043 6116 6048
f 6044 6054 6045
f 6054 6044 6053
f 6054 6117 6045
f 6109 6045 6117
f 6110 6109 6118
f 6117 6118 6109
f 6046 6119 6055
f 6046 6111 6119
f 6121 6113 6114
f 6121 6114 6047
f 6056 6121 6047
f 6122 6048 6116
f 6048 6122 6049
f 6122 6123 6049
f 6050 6049 6123
f 6124 6050 6123
f 6051 6050 6124
f 6125 6051 6124
f 6052 6051 6125
f 6052 6125 6126
f 6053 6052 6126
f 6127 6053 6126
f 6127 6054 6053
f 6054 6128 6117
f 6127 6128 6054
f 6117 6129 6118
f 6128 6129 6117
f 6130 6055 6119
f 6055 6130 6058
f 6056 6131 6121
f 6056 6059 6131
f 6060 6059 6056
f 6130 6132 6058
f 6132 6061 6058
f 6134 6131 6059
f 6134 6059 6060
f 6134 6060 6062
f 6135 6061 6132
f 6135 6063 6061
f 6064 6061 6063
f 6136 6134 6062
f 6136 6062 6065
f 6135 6138 6063
f 6138 6135 6137
f 6063 6138 6064
f 6064 6138 6066
f 6139 6136 6065
f 6139 6065 6067
f 6137 6141 6138
f 6138 6141 6066
f 6141 6068 6066
f 6142 6139 6067
f 6142 6067 6069
f 6143 6068 6141
f 6068 6143 6070
f 6144 6142 6069
f 6144 6069 6071
f 6070 6143 6145
f 6070 6145 6072
f 6146 6144 6071
f 6146 6071 6074
f 6072 6145 6148
f 6075 6072 6148
f 6149 6146 6074
f 6149 6074 6073
f 6149 6073 6076
f 6148 6150 6075
f 6075 6150 6077
f 6149 6076 6152
f 6076 6151 6152
f 6076 6078 6151
f 6150 6153 6077
f 6077 6153 6079
f 6078 6154 6151
f 6080 6154 6078
f 6155 6079 6153
f 6155 6081 6079
f 6082 6156 6080
f 6154 6080 6156
f 6081 6155 6157
f 6081 6157 6083
f 6084 6081 6083
f 6156 6082 6158
f 6085 6158 6082
f 6085 6084 6158
f 6157 6159 6083
f 6083 6159 6084
f 6084 6159 6160
f 6158 6084 6160
f 6087 6161 6086
f 6086 6161 6089
f 6161 6087 6162
f 6088 6162 6087
f 6088 6163 6162
f 6090 6163 6088
f 6090 6164 6163
f 6091 6164 6090
f 6092 6089 6165
f 6089 6161 6165
f 6166 6164 6091
f 6093 6166 6091
f 6092 6165 6167
f 6092 6167 6096
f 6168 6166 6093
f 6094 6168 6093
f 6097 6168 6094
f 6095 6098 6094
f 6097 6094 6098
f 6098 6095 6099
f 6169 6096 6167
f 6102 6096 6169
f 6097 6171 6168
f 6097 6098 6171
f 6171 6098 6172
f 6099 6172 6098
f 6099 6173 6172
f 6099 6100 6173
f 6174 6173 6100
f 6174 6100 6103
f 6169 6175 6102
f 6108 6102 6175
f 6174 6178 6173
f 6174 6103 6178
f 6178 6103 6179
f 6104 6179 6103
f 6180 6179 6104
f 6110 6180 6104
f 6181 6112 6105
f 6181 6105 6106
f 6181 6106 6182
f 6106 6113 6182
f 6175 6176 6108
f 6183 6108 6176
f 6183 6115 6108
f 6183 6176 6184
f 6183 6184 6115
f 6116 6115 6184
f 6180 6185 6179
f 6185 6180 6110
f 6186 6185 6110
f 6186 6110 6118
f 6112 6188 6111
f 6188 6119 6111
f 6189 6112 6181
f 6188 6112 6189
f 6190 6181 6182
f 6190 6182 6113
f 6190 6113 6120
f 6121 6120 6113
f 6116 6184 6191
f 6122 6116 6191
f 6191 6192 6122
f 6122 6192 6123
f 6186 6118 6194
f 6194 6118 6129
f 6119 6195 6130
f 6188 6187 6119
f 6119 6187 6195
f 6197 6190 6120
f 6197 6196 6190
f 6197 6120 6121
f 6197 6121 6131
f 6193 6123 6192
f 6193 6124 6123
f 6193 6198 6124
f 6125 6124 6198
f 6198 6199 6125
f 6125 6199 6126
f 6199 6200 6126
f 6127 6126 6200
f 6200 6201 6127
f 6201 6128 6127
f 6201 6202 6128
f 6202 6129 6128
f 6202 6203 6129
f 6203 6194 6129
f 6195 6204 6130
f 6130 6204 6132
f 6196 6197 6205
f 6131 6205 6197
f 6131 6133 6205
f 6134 6133 6131
f 6204 6206 6132
f 6132 6206 6135
f 6133 6207 6205
f 6133 6208 6207
f 6133 6134 6136
f 6133 6136 6208
f 6206 6209 6135
f 6209 6137 6135
f 6211 6207 6208
f 6211 6208 6136
f 6211 6136 6139
f 6137 6209 6212
f 6137 6212 6140
f 6137 6140 6141
f 6214 6211 6139
f 6214 6139 6142
f 6212 6216 6140
f 6216 6212 6215
f 6140 6216 6141
f 6216 6143 6141
f 6217 6214 6142
f 6217 6142 6144
f 6215 6218 6216
f 6143 6216 6218
f 6143 6218 6145
f 6219 6217 6144
f 6219 6144 6146
f 6145 6218 6220
f 6145 6220 6147
f 6148 6145 6147
f 6221 6219 6146
f 6221 6146 6149
f 6223 6147 6220
f 6147 6223 6148
f 6148 6223 6150
f 6224 6221 6149
f 6224 6149 6152
f 6151 6224 6152
f 6223 6225 6150
f 6150 6225 6153
f 6226 6224 6151
f 6226 6151 6154
f 6153 6225 6227
f 6155 6153 6227
f 6226 6154 6228
f 6154 6156 6228
f 6155 6227 6229
f 6155 6229 6157
f 6228 6156 6230
f 6156 6158 6230
f 6229 6231 6157
f 6157 6231 6159
f 6230 6158 6233
f 6158 6160 6233
f 6231 6234 6159
f 6235 6159 6234
f 6160 6159 6235
f 6233 6160 6232
f 6160 6235 6232
f 6237 6161 6162
f 6161 6237 6165
f 6237 6162 6238
f 6162 6163 6238
f 6236 6163 6239
f 6238 6163 6236
f 6239 6163 6164
f 6239 6164 6240
f 6166 6240 6164
f 6241 6165 6237
f 6167 6165 6241
f 6166 6242 6240
f 6168 6242 6166
f 6167 6241 6243
f 6169 6167 6243
f 6244 6242 6168
f 6171 6244 6168
f 6170 6169 6243
f 6170 6175 6169
f 6170 6243 6245
f 6170 6245 6175
f 6171 6246 6244
f 6246 6171 6172
f 6246 6172 6247
f 6173 6247 6172
f 6177 6247 6173
f 6177 6173 6178
f 6176 6175 6245
f 6176 6245 6248
f 6184 6176 6248
f 6177 6249 6247
f 6177 6178 6249
f 6178 6250 6249
f 6178 6179 6250
f 6251 6250 6179
f 6251 6179 6185
f 6190 6189 6181
f 6184 6248 6252
f 6191 6184 6252
f 6251 6254 6250
f 6251 6185 6254
f 6254 6185 6255
f 6255 6185 6186
f 6194 6255 6186
f 6256 6187 6188
f 6256 6195 6187
f 6256 6188 6257
f 6189 6257 6188
f 6189 6258 6257
f 6189 6190 6196
f 6189 6196 6258
f 6252 6253 6191
f 6191 6253 6192
f 6253 6259 6192
f 6193 6192 6259
f 6260 6193 6259
f 6260 6198 6193
f 6261 6198 6260
f 6198 6261 6199
f 6194 6263 6255
f 6263 6194 6203
f 6256 6265 6195
f 6195 6265 6204
f 6267 6257 6258
f 6196 6267 6258
f 6196 6268 6267
f 6196 6205 6268
f 6262 6199 6261
f 6262 6200 6199
f 6269 6200 6262
f 6269 6201 6200
f 6269 6270 6201
f 6270 6202 6201
f 6270 6271 6202
f 6271 6203 6202
f 6271 6272 6203
f 6263 6203 6272
f 6273 6206 6204
f 6204 6265 6264
f 6273 6204 6264
f 6275 6267 6268
f 6275 6274 6267
f 6275 6268 6205
f 6275 6205 6207
f 6276 6206 6273
f 6206 6276 6209
f 6274 6275 6278
f 6207 6278 6275
f 6207 6210 6278
f 6211 6210 6207
f 6276 6279 6209
f 6209 6279 6212
f 6210 6280 6278
f 6210 6213 6280
f 6210 6211 6214
f 6210 6214 6213
f 6279 6282 6212
f 6282 6215 6212
f 6284 6280 6213
f 6284 6283 6280
f 6284 6213 6214
f 6284 6214 6217
f 6281 6285 6282
f 6215 6282 6285
f 6215 6285 6286
f 6215 6286 6218
f 6288 6283 6284
f 6288 6287 6283
f 6288 6284 6217
f 6288 6217 6219
f 6285 6290 6286
f 6286 6290 6218
f 6218 6290 6220
f 6287 6288 6292
f 6292 6288 6219
f 6292 6219 6221
f 6220 6290 6293
f 6220 6293 6222
f 6223 6220 6222
f 6295 6292 6221
f 6295 6221 6224
f 6296 6222 6293
f 6222 6296 6223
f 6223 6296 6225
f 6297 6295 6224
f 6297 6224 6226
f 6296 6298 6225
f 6227 6225 6298
f 6299 6297 6226
f 6299 6226 6228
f 6227 6298 6300
f 6227 6300 6229
f 6301 6299 6228
f 6301 6228 6230
f 6300 6302 6229
f 6229 6302 6231
f 6303 6301 6230
f 6303 6230 6233
f 6302 6304 6231
f 6304 6234 6231
f 6305 6303 6233
f 6305 6233 6232
f 6235 6305 6232
f 6304 6306 6234
f 6306 6235 6234
f 6235 6307 6305
f 6235 6306 6307
f 6239 6309 6236
f 6236 6309 6238
f 6310 6309 6239
f 6240 6310 6239
f 6241 6237 6311
f 6238 6311 6237
f 6308 6238 6309
f 6311 6238 6308
f 6240 6312 6310
f 6312 6240 6242
f 6241 6311 6313
f 6243 6241 6313
f 6314 6312 6242
f 6244 6314 6242
f 6243 6313 6315
f 6243 6315 6245
f 6317 6314 6244
f 6317 6244 6246
f 6315 6318 6245
f 6245 6318 6248
f 6317 6246 6320
f 6246 6247 6320
f 6247 6321 6320
f 6321 6247 6249
f 6318 6322 6248
f 6252 6248 6322
f 6322 6323 6252
f 6321 6249 6324
f 6249 6250 6324
f 6250 6325 6324
f 6325 6250 6254
f 6253 6252 6323
f 6326 6253 6323
f 6326 6259 6253
f 6327 6259 6326
f 6259 6327 6260
f 6325 6254 6329
f 6329 6254 6255
f 6329 6255 6330
f 6330 6255 6263
f 6257 6266 6256
f 6256 6266 6265
f 6267 6266 6257
f 6331 6260 6327
f 6261 6260 6331
f 6331 6332 6261
f 6262 6261 6332
f 6332 6333 6262
f 6269 6262 6333
f 6329 6330 6335
f 6330 6263 6335
f 6263 6272 6335
f 6336 6264 6265
f 6336 6273 6264
f 6336 6265 6337
f 6266 6337 6265
f 6266 6338 6337
f 6266 6267 6274
f 6266 6274 6338
f 6334 6269 6333
f 6334 6270 6269
f 6334 6340 6270
f 6270 6340 6271
f 6341 6271 6340
f 6272 6271 6341
f 6335 6272 6343
f 6341 6343 6272
f 6276 6273 6345
f 6336 6345 6273
f 6346 6336 6337
f 6345 6336 6346
f 6347 6337 6338
f 6274 6347 6338
f 6274 6277 6347
f 6274 6278 6277
f 6340 6348 6341
f 6276 6349 6279
f 6276 6345 6344
f 6276 6344 6349
f 6352 6347 6277
f 6352 6351 6347
f 6352 6277 6278
f 6352 6278 6280
f 6353 6279 6349
f 6279 6353 6282
f 6281 6282 6353
f 6355 6351 6352
f 6355 6352 6280
f 6355 6280 6283
f 6281 6353 6357
f 6281 6357 6356
f 6281 6356 6358
f 6281 6358 6285
f 6283 6360 6355
f 6283 6287 6360
f 6356 6362 6358
f 6358 6362 6285
f 6285 6362 6289
f 6290 6285 6289
f 6287 6363 6360
f 6287 6291 6363
f 6287 6292 6291
f 6362 6365 6289
f 6365 6362 6364
f 6289 6365 6290
f 6365 6293 6290
f 6291 6366 6363
f 6291 6294 6366
f 6291 6292 6295
f 6291 6295 6294
f 6364 6367 6365
f 6367 6293 6365
f 6293 6367 6368
f 6296 6293 6368
f 6370 6366 6294
f 6370 6369 6366
f 6370 6294 6295
f 6370 6295 6297
f 6371 6368 6367
f 6368 6371 6296
f 6371 6298 6296
f 6369 6370 6373
f 6373 6370 6297
f 6373 6297 6299
f 6371 6374 6298
f 6298 6374 6300
f 6375 6373 6299
f 6375 6299 6301
f 6376 6300 6374
f 6300 6376 6302
f 6377 6375 6301
f 6377 6301 6303
f 6376 6378 6302
f 6378 6304 6302
f 6303 6379 6377
f 6305 6379 6303
f 6378 6380 6304
f 6306 6304 6380
f 6381 6306 6380
f 6381 6379 6305
f 6381 6305 6307
f 6381 6307 6306
f 6309 6382 6308
f 6308 6382 6311
f 6383 6382 6309
f 6310 6383 6309
f 6384 6383 6310
f 6312 6384 6310
f 6313 6311 6385
f 6382 6385 6311
f 6384 6312 6387
f 6387 6312 6314
f 6313 6385 6388
f 6315 6313 6388
f 6387 6314 6390
f 6317 6390 6314
f 6388 6316 6315
f 6316 6318 6315
f 6391 6316 6388
f 6391 6318 6316
f 6317 6392 6390
f 6320 6392 6317
f 6391 6319 6318
f 6319 6322 6318
f 6393 6319 6391
f 6393 6322 6319
f 6323 6322 6393
f 6392 6320 6395
f 6320 6321 6395
f 6321 6396 6395
f 6396 6321 6324
f 6323 6393 6397
f 6326 6323 6397
f 6397 6398 6326
f 6396 6324 6399
f 6325 6399 6324
f 6328 6399 6325
f 6328 6325 6329
f 6327 6326 6398
f 6327 6398 6400
f 6331 6327 6400
f 6400 6401 6331
f 6331 6401 6332
f 6328 6402 6399
f 6328 6329 6402
f 6402 6329 6403
f 6335 6403 6329
f 6404 6332 6401
f 6332 6404 6333
f 6333 6404 6405
f 6334 6333 6405
f 6334 6405 6339
f 6334 6339 6340
f 6335 6407 6403
f 6335 6342 6407
f 6335 6343 6342
f 6347 6346 6337
f 6408 6339 6405
f 6408 6340 6339
f 6340 6408 6409
f 6348 6340 6409
f 6407 6342 6410
f 6409 6410 6348
f 6410 6342 6343
f 6410 6343 6341
f 6410 6341 6348
f 6411 6344 6345
f 6411 6349 6344
f 6411 6345 6412
f 6345 6346 6412
f 6412 6346 6350
f 6346 6347 6351
f 6346 6351 6350
f 6413 6353 6349
f 6411 6413 6349
f 6414 6411 6412
f 6414 6413 6411
f 6415 6412 6350
f 6415 6414 6412
f 6415 6350 6351
f 6415 6351 6354
f 6355 6354 6351
f 6353 6416 6357
f 6416 6356 6357
f 6417 6353 6413
f 6353 6417 6416
f 6419 6414 6415
f 6354 6419 6415
f 6354 6359 6419
f 6354 6355 6360
f 6354 6360 6359
f 6421 6356 6416
f 6356 6421 6362
f 6424 6419 6359
f 6424 6423 6419
f 6424 6359 6360
f 6424 6360 6363
f 6361 6421 6420
f 6361 6420 6425
f 6361 6425 6426
f 6421 6361 6362
f 6361 6364 6362
f 6361 6426 6364
f 6428 6423 6424
f 6428 6427 6423
f 6428 6424 6363
f 6428 6363 6366
f 6425 6429 6426
f 6429 6364 6426
f 6364 6429 6430
f 6364 6430 6367
f 6427 6428 6432
f 6366 6432 6428
f 6366 6369 6432
f 6429 6433 6430
f 6433 6367 6430
f 6367 6433 6434
f 6371 6367 6434
f 6369 6435 6432
f 6369 6372 6435
f 6369 6373 6372
f 6433 6436 6434
f 6434 6436 6371
f 6371 6436 6374
f 6438 6435 6372
f 6438 6372 6373
f 6438 6373 6375
f 6374 6436 6440
f 6376 6374 6440
f 6441 6438 6375
f 6441 6375 6377
f 6440 6442 6376
f 6442 6378 6376
f 6377 6443 6441
f 6377 6379 6443
f 6442 6444 6378
f 6378 6444 6380
f 6379 6445 6443
f 6381 6445 6379
f 6380 6444 6445
f 6381 6380 6445
f 6383 6386 6382
f 6386 6385 6382
f 6446 6386 6383
f 6384 6446 6383
f 6384 6447 6446
f 6384 6387 6447
f 6387 6448 6447
f 6386 6449 6385
f 6449 6388 6385
f 6450 6386 6446
f 6386 6450 6449
f 6387 6451 6448
f 6387 6390 6451
f 6452 6448 6451
f 6452 6451 6390
f 6449 6389 6388
f 6389 6391 6388
f 6449 6450 6453
f 6449 6453 6389
f 6389 6453 6391
f 6452 6390 6454
f 6390 6392 6454
f 6455 6391 6453
f 6455 6393 6391
f 6455 6453 6456
f 6455 6456 6393
f 6454 6392 6457
f 6392 6395 6457
f 6394 6393 6456
f 6394 6397 6393
f 6458 6394 6456
f 6458 6397 6394
f 6398 6397 6458
f 6457 6395 6460
f 6395 6396 6460
f 6396 6461 6460
f 6399 6461 6396
f 6398 6458 6462
f 6400 6398 6462
f 6462 6463 6400
f 6401 6400 6463
f 6464 6461 6399
f 6402 6464 6399
f 6463 6465 6401
f 6404 6401 6465
f 6466 6404 6465
f 6405 6404 6466
f 6402 6467 6464
f 6403 6467 6402
f 6403 6406 6467
f 6407 6406 6403
f 6405 6466 6468
f 6408 6405 6468
f 6470 6467 6406
f 6470 6406 6407
f 6470 6407 6410
f 6470 6410 6409
f 6468 6471 6408
f 6471 6409 6408
f 6470 6409 6472
f 6409 6471 6472
f 6414 6418 6413
f 6417 6413 6418
f 6419 6418 6414
f 6473 6421 6416
f 6417 6473 6416
f 6417 6474 6473
f 6417 6418 6474
f 6474 6418 6422
f 6418 6419 6423
f 6418 6423 6422
f 6421 6475 6420
f 6475 6425 6420
f 6476 6421 6473
f 6421 6476 6475
f 6474 6477 6473
f 6478 6474 6422
f 6478 6477 6474
f 6478 6422 6423
f 6478 6423 6427
f 6425 6475 6479
f 6425 6479 6429
f 6481 6477 6478
f 6427 6481 6478
f 6427 6431 6481
f 6427 6432 6431
f 6482 6429 6479
f 6482 6483 6429
f 6429 6483 6433
f 6485 6481 6431
f 6485 6484 6481
f 6485 6431 6432
f 6485 6432 6435
f 6486 6483 6482
f 6486 6433 6483
f 6433 6486 6487
f 6433 6487 6436
f 6484 6485 6488
f 6485 6435 6488
f 6435 6437 6488
f 6438 6437 6435
f 6486 6489 6487
f 6487 6489 6436
f 6439 6436 6489
f 6440 6436 6439
f 6491 6488 6437
f 6491 6437 6438
f 6491 6438 6441
f 6489 6492 6439
f 6439 6492 6440
f 6442 6440 6492
f 6493 6491 6441
f 6493 6441 6443
f 6442 6492 6494
f 6442 6494 6444
f 6493 6443 6495
f 6443 6445 6495
f 6444 6494 6495
f 6444 6495 6445
f 6496 6450 6446
f 6447 6496 6446
f 6447 6497 6496
f 6497 6447 6448
f 6498 6497 6448
f 6452 6498 6448
f 6499 6450 6496
f 6499 6453 6450
f 6501 6498 6452
f 6501 6452 6454
f 6499 6502 6453
f 6453 6502 6456
f 6499 6503 6502
f 6456 6502 6503
f 6501 6454 6504
f 6454 6457 6504
f 6456 6503 6505
f 6458 6456 6505
f 6505 6503 6506
f 6505 6506 6458
f 6504 6457 6507
f 6457 6460 6507
f 6459 6458 6506
f 6459 6462 6458
f 6459 6506 6508
f 6459 6508 6462
f 6463 6462 6508
f 6507 6460 6509
f 6509 6460 6461
f 6510 6509 6461
f 6464 6510 6461
f 6511 6463 6508
f 6511 6465 6463
f 6513 6510 6464
f 6513 6464 6467
f 6511 6514 6465
f 6514 6466 6465
f 6515 6466 6514
f 6468 6466 6515
f 6513 6467 6516
f 6467 6469 6516
f 6470 6469 6467
f 6468 6515 6517
f 6468 6517 6471
f 6518 6516 6469
f 6518 6517 6516
f 6518 6471 6517
f 6518 6469 6470
f 6518 6470 6472
f 6518 6472 6471
f 6476 6473 6477
f 6475 6519 6479
f 6520 6519 6475
f 6476 6520 6475
f 6476 6521 6520
f 6476 6477 6480
f 6476 6480 6521
f 6481 6480 6477
f 6519 6522 6479
f 6479 6522 6482
f 6521 6524 6520
f 6521 6480 6524
f 6480 6525 6524
f 6480 6481 6484
f 6480 6484 6525
f 6522 6526 6482
f 6527 6482 6526
f 6486 6482 6527
f 6524 6525 6528
f 6525 6484 6528
f 6484 6529 6528
f 6484 6488 6529
f 6526 6530 6527
f 6530 6486 6527
f 6486 6530 6531
f 6486 6531 6489
f 6528 6529 6532
f 6488 6532 6529
f 6488 6490 6532
f 6491 6490 6488
f 6530 6533 6531
f 6533 6489 6531
f 6489 6533 6534
f 6489 6534 6492
f 6536 6532 6490
f 6536 6490 6491
f 6536 6491 6493
f 6492 6534 6537
f 6494 6492 6537
f 6538 6494 6537
f 6538 6536 6493
f 6538 6493 6495
f 6538 6495 6494
f 6500 6496 6497
f 6500 6499 6496
f 6500 6497 6539
f 6539 6497 6498
f 6540 6539 6498
f 6501 6540 6498
f 6499 6500 6503
f 6500 6539 6541
f 6503 6500 6541
f 6542 6540 6501
f 6504 6542 6501
f 6503 6541 6543
f 6503 6543 6506
f 6543 6541 6544
f 6506 6543 6544
f 6504 6545 6542
f 6504 6507 6545
f 6546 6542 6545
f 6546 6545 6507
f 6544 6547 6506
f 6506 6547 6508
f 6546 6507 6549
f 6507 6509 6549
f 6547 6550 6508
f 6511 6508 6550
f 6549 6509 6551
f 6510 6551 6509
f 6510 6512 6551
f 6513 6512 6510
f 6550 6552 6511
f 6552 6514 6511
f 6551 6512 6554
f 6554 6512 6513
f 6516 6554 6513
f 6552 6555 6514
f 6555 6515 6514
f 6556 6515 6555
f 6517 6515 6556
f 6516 6556 6554
f 6516 6517 6556
f 6520 6523 6519
f 6519 6523 6522
f 6523 6520 6524
f 6523 6557 6522
f 6522 6557 6526
f 6558 6557 6523
f 6558 6523 6524
f 6558 6524 6559
f 6524 6528 6559
f 6557 6560 6526
f 6560 6530 6526
f 6562 6558 6559
f 6528 6562 6559
f 6528 6563 6562
f 6528 6532 6563
f 6560 6564 6530
f 6564 6533 6530
f 6565 6533 6564
f 6566 6562 6563
f 6566 6565 6562
f 6566 6563 6532
f 6535 6566 6532
f 6536 6535 6532
f 6534 6533 6565
f 6567 6565 6566
f 6567 6534 6565
f 6567 6537 6534
f 6535 6567 6566
f 6535 6537 6567
f 6535 6536 6538
f 6535 6538 6537
f 6539 6540 6568
f 6539 6568 6541
f 6569 6568 6540
f 6542 6569 6540
f 6568 6570 6541
f 6544 6541 6570
f 6572 6569 6542
f 6546 6572 6542
f 6570 6573 6544
f 6544 6573 6547
f 6546 6574 6572
f 6546 6549 6574
f 6548 6547 6573
f 6548 6550 6547
f 6548 6573 6575
f 6548 6575 6550
f 6574 6549 6576
f 6551 6576 6549
f 6577 6550 6575
f 6577 6552 6550
f 6577 6575 6578
f 6577 6578 6552
f 6551 6578 6576
f 6551 6553 6578
f 6551 6554 6553
f 6553 6552 6578
f 6553 6555 6552
f 6553 6554 6556
f 6553 6556 6555
f 6558 6561 6557
f 6561 6560 6557
f 6562 6561 6558
f 6561 6564 6560
f 6561 6562 6565
f 6561 6565 6564
f 6569 6571 6568
f 6571 6570 6568
f 6572 6571 6569
f 6570 6571 6573
f 6579 6573 6571
f 6579 6571 6572
f 6574 6579 6572
f 6579 6574 6573
f 6573 6574 6575
f 6574 6576 6575
f 6575 6576 6578
