# this file was generated by MTVT
v -0.060436 -0.320405 -0.400663
v -0.079703 -0.319077 -0.398949
v -0.040585 -0.320538 -0.400841
v -0.018987 -0.318552 -0.399417
v -0.100092 -0.300438 -0.400603
v -0.083043 -0.303172 -0.401017
v -0.061607 -0.301922 -0.402623
v -0.041994 -0.302368 -0.403223
v -0.022178 -0.302533 -0.403474
v -0.001953 -0.302206 -0.403079
v 0.001301 -0.312241 -0.397760
v 0.018667 -0.301177 -0.401632
v 0.040261 -0.299625 -0.399817
v -0.102667 -0.282794 -0.400921
v -0.119900 -0.279598 -0.399563
v -0.081459 -0.281768 -0.402376
v -0.061726 -0.282086 -0.402785
v -0.041366 -0.281513 -0.402559
v -0.021354 -0.281543 -0.402571
v -0.002322 -0.282300 -0.403483
v 0.017415 -0.283059 -0.404113
v 0.037187 -0.283294 -0.404501
v 0.057145 -0.283251 -0.404523
v 0.062459 -0.296145 -0.397877
v 0.077955 -0.282568 -0.403121
v 0.098822 -0.281018 -0.401624
v 0.119957 -0.280024 -0.400039
v -0.280187 -0.260715 -0.400925
v -0.261202 -0.261478 -0.401623
v -0.241498 -0.261759 -0.401677
v -0.221475 -0.261643 -0.401639
v -0.200784 -0.260771 -0.400860
v -0.178309 -0.259298 -0.398647
v -0.122579 -0.262728 -0.401071
v -0.139868 -0.259470 -0.399173
v -0.101275 -0.261613 -0.402546
v -0.080603 -0.260196 -0.400879
v -0.060326 -0.258910 -0.397214
v -0.052740 -0.272740 -0.400000
v 0.019462 -0.262371 -0.398572
v 0.040288 -0.260143 -0.400826
v 0.057892 -0.262259 -0.403183
v 0.076872 -0.263778 -0.405009
v 0.096687 -0.263901 -0.405252
v 0.116661 -0.263879 -0.405313
v 0.136834 -0.263597 -0.405016
v 0.142322 -0.276187 -0.397921
v 0.157064 -0.263304 -0.404689
v 0.162788 -0.273525 -0.396019
v 0.177927 -0.261888 -0.402801
v 0.203941 -0.259544 -0.395752
v -0.300029 -0.240225 -0.400186
v -0.283868 -0.243979 -0.400793
v -0.261270 -0.241536 -0.402056
v -0.241286 -0.241543 -0.402057
v -0.221188 -0.241425 -0.401897
v -0.201224 -0.241453 -0.401939
v -0.181339 -0.241571 -0.402124
v -0.160391 -0.241876 -0.401740
v -0.141542 -0.241855 -0.402568
v -0.121759 -0.242124 -0.402883
v -0.100225 -0.240054 -0.400278
v 0.081821 -0.242045 -0.396959
v 0.069467 -0.250533 -0.400000
v 0.100317 -0.240143 -0.400787
v 0.117435 -0.242785 -0.403896
v 0.136556 -0.244164 -0.405511
v 0.156256 -0.244493 -0.406002
v 0.176391 -0.244254 -0.405716
v 0.197257 -0.243084 -0.404185
v 0.221295 -0.235879 -0.398106
v -0.300357 -0.220673 -0.400918
v -0.281144 -0.221391 -0.401867
v -0.261126 -0.221356 -0.401808
v -0.241096 -0.221319 -0.401751
v -0.220995 -0.221195 -0.401586
v -0.201046 -0.221261 -0.401675
v -0.181153 -0.221395 -0.401853
v -0.161655 -0.221990 -0.402656
v -0.141866 -0.222254 -0.403025
v -0.120996 -0.220916 -0.401532
v -0.113107 -0.233107 -0.400000
v 0.141909 -0.222013 -0.396744
v 0.130271 -0.229729 -0.400000
v 0.159362 -0.221432 -0.402252
v 0.176509 -0.224224 -0.405570
v 0.196784 -0.223776 -0.405029
v 0.218967 -0.220840 -0.401672
v -0.300553 -0.200944 -0.401187
v -0.281085 -0.201316 -0.401759
v -0.261079 -0.201294 -0.401722
v -0.241048 -0.201257 -0.401674
v -0.220978 -0.201171 -0.401561
v -0.200962 -0.201156 -0.401541
v -0.181122 -0.201353 -0.401803
v -0.161578 -0.201922 -0.402565
v -0.141860 -0.202249 -0.402997
v -0.118817 -0.200866 -0.398690
v 0.179211 -0.201840 -0.402647
v 0.197062 -0.203547 -0.404667
v 0.218263 -0.201751 -0.402612
v -0.300507 -0.180868 -0.401044
v -0.281191 -0.181441 -0.401923
v -0.261341 -0.181604 -0.402147
v -0.241163 -0.181388 -0.401858
v -0.221186 -0.181418 -0.401897
v -0.201355 -0.181619 -0.402177
v -0.181559 -0.181862 -0.402516
v -0.161779 -0.182140 -0.402885
v -0.142101 -0.182527 -0.403391
v -0.120780 -0.180643 -0.401444
v 0.179717 -0.180767 -0.401013
v 0.197490 -0.183087 -0.404073
v 0.218054 -0.182287 -0.403029
v 0.229259 -0.190741 -0.400000
v 0.229908 -0.180000 -0.400000
v -0.300222 -0.160369 -0.400602
v -0.281349 -0.161642 -0.402195
v -0.261605 -0.161927 -0.402583
v -0.241657 -0.161969 -0.402647
v -0.222244 -0.162671 -0.403631
v -0.202830 -0.163354 -0.404610
v -0.182937 -0.163455 -0.404754
v -0.162314 -0.162716 -0.403734
v -0.141856 -0.161654 -0.402779
v -0.122242 -0.162641 -0.403543
v -0.110406 -0.160000 -0.400000
v 0.176392 -0.163842 -0.401547
v 0.160267 -0.158902 -0.398570
v 0.197598 -0.162922 -0.403943
v 0.217913 -0.162457 -0.403273
v 0.240472 -0.159919 -0.399231
v -0.281400 -0.141731 -0.402303
v -0.297342 -0.138313 -0.398594
v -0.262123 -0.142558 -0.403439
v -0.242739 -0.143264 -0.404446
v -0.222682 -0.143208 -0.404372
v -0.202005 -0.142434 -0.403226
v -0.181410 -0.141730 -0.402234
v -0.159885 -0.140018 -0.399822
v -0.150121 -0.150121 -0.400000
v -0.122102 -0.142649 -0.403459
v -0.133748 -0.138682 -0.398256
v -0.099383 -0.139811 -0.399286
v 0.156295 -0.143921 -0.401597
v 0.140064 -0.139763 -0.399727
v 0.177494 -0.143050 -0.404171
v 0.197223 -0.143324 -0.404466
v 0.217487 -0.142958 -0.403968
v 0.238378 -0.141858 -0.402506
v 0.250089 -0.140000 -0.400000
v -0.281570 -0.121987 -0.402649
v -0.291863 -0.119022 -0.397357
v -0.262602 -0.123167 -0.404275
v -0.242982 -0.123631 -0.404912
v -0.222879 -0.123405 -0.404554
v -0.201665 -0.121945 -0.402568
v -0.180834 -0.120994 -0.401308
v -0.159890 -0.119613 -0.399284
v -0.120728 -0.121421 -0.401810
v -0.101549 -0.121314 -0.402440
v 0.135540 -0.124708 -0.401840
v 0.120027 -0.119876 -0.399862
v 0.157758 -0.122710 -0.403702
v 0.178156 -0.122233 -0.402955
v 0.198471 -0.121861 -0.402459
v 0.219758 -0.120233 -0.400671
v 0.237861 -0.122561 -0.403378
v 0.258788 -0.121666 -0.401649
v -0.281664 -0.102102 -0.402874
v -0.289544 -0.109544 -0.400000
v -0.299714 -0.098514 -0.395835
v -0.262919 -0.103592 -0.404829
v -0.243760 -0.104578 -0.406166
v -0.222615 -0.103040 -0.404060
v -0.200358 -0.099311 -0.400692
v -0.179752 -0.099876 -0.399249
v -0.120662 -0.101252 -0.401554
v -0.102201 -0.103224 -0.404340
v -0.094310 -0.096504 -0.401174
v 0.116121 -0.104155 -0.401725
v 0.101063 -0.097176 -0.395790
v 0.136850 -0.103844 -0.405278
v 0.158433 -0.101828 -0.402427
v 0.180165 -0.099986 -0.400733
v 0.200039 -0.100140 -0.399010
v 0.240956 -0.099351 -0.397751
v 0.257799 -0.102673 -0.403519
v 0.279040 -0.101391 -0.401298
v -0.300740 -0.081205 -0.401746
v -0.282059 -0.082538 -0.403434
v -0.262780 -0.083427 -0.404586
v -0.243146 -0.083897 -0.405145
v -0.221361 -0.081659 -0.402517
v -0.199469 -0.079392 -0.398834
v -0.120316 -0.080719 -0.400880
v -0.102998 -0.082682 -0.404355
v 0.117393 -0.083379 -0.404627
v 0.100388 -0.078993 -0.398650
v 0.136430 -0.084323 -0.405808
v 0.158551 -0.081627 -0.402151
v 0.180019 -0.079093 -0.400141
v 0.259070 -0.081917 -0.402384
v 0.277888 -0.082474 -0.403307
v 0.299897 -0.080021 -0.400259
v -0.320220 -0.061326 -0.401103
v -0.301508 -0.061858 -0.402537
v -0.282258 -0.062762 -0.403710
v -0.262723 -0.063321 -0.404435
v -0.242998 -0.063622 -0.404827
v -0.219619 -0.060857 -0.399495
v -0.125149 -0.065487 -0.401976
v -0.139387 -0.057586 -0.396316
v -0.101208 -0.060286 -0.401428
v 0.117264 -0.063537 -0.404754
v 0.100319 -0.059076 -0.398819
v 0.137025 -0.063608 -0.404765
v 0.158728 -0.061442 -0.401883
v 0.179959 -0.059984 -0.399741
v 0.258194 -0.062375 -0.403294
v 0.250247 -0.069753 -0.400000
v 0.240718 -0.058666 -0.398204
v 0.277675 -0.062747 -0.403724
v 0.299317 -0.060664 -0.401347
v -0.340075 -0.040540 -0.400472
v -0.324742 -0.044888 -0.401056
v -0.301896 -0.042304 -0.403103
v -0.282366 -0.042877 -0.403856
v -0.262729 -0.043308 -0.404418
v -0.242952 -0.043578 -0.404765
v -0.221409 -0.041461 -0.402197
v -0.145159 -0.045393 -0.401818
v -0.159966 -0.039869 -0.399853
v -0.122279 -0.042899 -0.404174
v -0.109501 -0.044706 -0.400000
v 0.117387 -0.043388 -0.404521
v 0.100850 -0.036375 -0.395656
v 0.138444 -0.041851 -0.402445
v 0.160448 -0.040381 -0.399326
v 0.171336 -0.048664 -0.400000
v 0.239503 -0.041226 -0.400960
v 0.228910 -0.051090 -0.400000
v 0.220538 -0.039351 -0.399216
v 0.257648 -0.042946 -0.404123
v 0.278085 -0.042256 -0.402971
v 0.300023 -0.040015 -0.399970
v -0.340525 -0.021146 -0.401563
v -0.321710 -0.022082 -0.402809
v -0.302114 -0.022558 -0.403436
v -0.282387 -0.022890 -0.403864
v -0.262567 -0.023110 -0.404140
v -0.242711 -0.023282 -0.404355
v -0.222988 -0.023518 -0.404705
v -0.202612 -0.022923 -0.404028
v -0.197431 -0.037660 -0.396447
v -0.182395 -0.022734 -0.403892
v -0.177666 -0.037757 -0.396666
v -0.162534 -0.022981 -0.404203
v -0.142540 -0.023114 -0.404248
v -0.118929 -0.020207 -0.398695
v 0.119090 -0.022140 -0.403151
v 0.137749 -0.022670 -0.403527
v 0.152514 -0.027486 -0.400000
v 0.161456 -0.019046 -0.398906
v 0.238257 -0.022299 -0.403086
v 0.220272 -0.019002 -0.399146
v 0.258396 -0.022027 -0.403008
v 0.280111 -0.019969 -0.399862
v 0.288440 -0.031560 -0.400000
v -0.340613 -0.001332 -0.401770
v -0.321981 -0.002418 -0.403243
v -0.302289 -0.002761 -0.403700
v -0.282373 -0.002859 -0.403818
v -0.262382 -0.002871 -0.403819
v -0.242456 -0.002967 -0.403938
v -0.222655 -0.003226 -0.404279
v -0.202627 -0.003163 -0.404186
v -0.182661 -0.003220 -0.404263
v -0.162672 -0.003234 -0.404278
v -0.140916 -0.000248 -0.401088
v -0.133330 -0.013330 -0.400000
v 0.121063 0.000119 -0.397881
v 0.137286 -0.003325 -0.404381
v 0.157429 -0.002903 -0.403960
v 0.177631 -0.002648 -0.403758
v 0.181934 -0.018060 -0.397681
v 0.198449 -0.001724 -0.402501
v 0.201709 -0.018022 -0.397814
v 0.218277 -0.002028 -0.402868
v 0.239004 -0.001276 -0.401875
v 0.259912 0.001188 -0.396717
v -0.340184 0.019791 -0.400482
v -0.321793 0.017785 -0.402945
v -0.302291 0.017225 -0.403694
v -0.282354 0.017171 -0.403770
v -0.262488 0.017015 -0.403983
v -0.242470 0.017038 -0.403958
v -0.222306 0.017217 -0.403700
v -0.202311 0.017218 -0.403681
v -0.182109 0.017450 -0.403370
v -0.161237 0.018825 -0.401924
v -0.150647 0.009353 -0.400000
v 0.139819 0.019634 -0.400388
v 0.157552 0.017008 -0.403908
v 0.177337 0.016760 -0.404303
v 0.197446 0.016982 -0.404008
v 0.219009 0.018970 -0.401768
v 0.241834 0.017837 -0.396454
v -0.320904 0.039649 -0.400689
v -0.332525 0.040000 -0.398418
v -0.301965 0.037586 -0.403190
v -0.282219 0.037323 -0.403554
v -0.262443 0.037050 -0.403929
v -0.242471 0.037036 -0.403950
v -0.222271 0.037290 -0.403608
v -0.202222 0.037333 -0.403553
v -0.181815 0.037833 -0.402879
v -0.161035 0.035974 -0.399464
v 0.159651 0.039205 -0.401404
v 0.178047 0.037600 -0.403142
v 0.198303 0.037950 -0.402685
v 0.219207 0.036594 -0.399524
v -0.301205 0.058508 -0.399430
v -0.281445 0.058774 -0.401621
v -0.262061 0.057484 -0.403325
v -0.242224 0.057316 -0.403555
v -0.222219 0.057343 -0.403528
v -0.202068 0.057517 -0.403303
v -0.181623 0.058070 -0.402560
v -0.169810 0.055250 -0.400000
v 0.179084 0.058493 -0.402219
v 0.199373 0.059328 -0.401384
v 0.210103 0.050103 -0.400000
v -0.263935 0.072767 -0.400000
v -0.239859 0.080016 -0.400068
v -0.221497 0.078561 -0.401810
v -0.201876 0.077739 -0.402992
v -0.181550 0.078157 -0.402446
v -0.159802 0.080866 -0.398269
v 0.179214 0.078377 -0.402059
v 0.199496 0.079522 -0.400922
v -0.200146 0.099740 -0.400549
v -0.181494 0.098215 -0.402369
v -0.160474 0.099520 -0.400642
v 0.159957 0.099786 -0.400246
v 0.176304 0.096154 -0.401064
v 0.199975 0.100226 -0.400043
v -0.181226 0.118492 -0.401973
v -0.192338 0.121059 -0.398147
v -0.161058 0.118754 -0.401659
v -0.153279 0.106721 -0.400000
v -0.138046 0.121587 -0.397658
v 0.119501 0.119536 -0.400756
v 0.100295 0.120910 -0.399172
v 0.138808 0.118723 -0.401771
v 0.156204 0.116066 -0.401037
v 0.179025 0.120132 -0.401306
v 0.190122 0.110122 -0.400000
v -0.180500 0.138944 -0.401263
v -0.161127 0.138656 -0.401793
v -0.140900 0.138954 -0.401405
v -0.119292 0.140527 -0.399565
v 0.019449 0.139478 -0.400822
v 0.000034 0.140085 -0.399937
v 0.039072 0.139050 -0.401329
v 0.058683 0.138534 -0.401777
v 0.075748 0.135645 -0.400974
v 0.081732 0.121866 -0.397805
v 0.098614 0.138356 -0.402261
v 0.118916 0.138903 -0.402014
v 0.139192 0.139097 -0.401420
v 0.159967 0.139896 -0.399971
v 0.169401 0.129401 -0.400000
v -0.180000 0.150994 -0.400000
v -0.161180 0.158566 -0.401892
v -0.176450 0.161431 -0.398283
v -0.141274 0.158482 -0.402032
v -0.121295 0.158483 -0.402049
v -0.101032 0.158302 -0.401799
v -0.081596 0.158263 -0.401919
v -0.061637 0.158200 -0.402027
v -0.041463 0.158290 -0.402387
v -0.038322 0.141743 -0.397755
v -0.048810 0.151190 -0.400000
v -0.021720 0.157938 -0.402843
v -0.019418 0.140668 -0.399347
v -0.001351 0.158559 -0.402445
v 0.018794 0.158682 -0.402034
v 0.039803 0.159789 -0.400276
v 0.059926 0.160037 -0.399995
v 0.079431 0.157460 -0.398637
v 0.104160 0.149433 -0.400000
v 0.089910 0.149910 -0.400000
v -0.158271 0.181532 -0.398960
v -0.141055 0.178716 -0.401697
v -0.121229 0.178518 -0.401970
v -0.101366 0.178355 -0.402191
v -0.081355 0.178312 -0.402456
v -0.060242 0.179819 -0.400264
v -0.040144 0.180066 -0.399993
v -0.016470 0.169591 -0.400000
v -0.028604 0.171396 -0.400000
v -0.140000 0.190019 -0.400000
v -0.120125 0.199389 -0.399621
v -0.102542 0.196290 -0.399417
v -0.080000 0.190516 -0.400000
v -0.090448 0.189552 -0.400000
v -0.083170 -0.327270 -0.385598
v -0.074500 -0.332241 -0.376201
v -0.098897 -0.316471 -0.376935
v -0.096561 -0.315221 -0.393017
v -0.070528 -0.330528 -0.390528
v -0.056529 -0.334459 -0.375782
v -0.055619 -0.331525 -0.391525
v -0.040000 -0.333516 -0.376748
v -0.040000 -0.331484 -0.391484
v -0.024144 -0.327562 -0.385707
v -0.030530 -0.330530 -0.375294
v 0.000561 -0.319239 -0.379495
v -0.108857 -0.308857 -0.384093
v -0.119440 -0.296391 -0.377162
v -0.116864 -0.294131 -0.392295
v 0.020000 -0.312854 -0.376442
v 0.020000 -0.310522 -0.390522
v 0.035327 -0.306854 -0.384926
v 0.059839 -0.300241 -0.380169
v 0.050432 -0.300000 -0.389568
v -0.280030 -0.280125 -0.380520
v -0.263639 -0.286289 -0.384432
v -0.276729 -0.276030 -0.393868
v -0.258384 -0.278419 -0.397259
v -0.244491 -0.287366 -0.385118
v -0.237901 -0.278426 -0.396819
v -0.222364 -0.283619 -0.382510
v -0.218331 -0.277653 -0.395196
v -0.210201 -0.280000 -0.376540
v -0.126280 -0.286280 -0.382972
v -0.137205 -0.273380 -0.378751
v -0.131483 -0.276792 -0.391484
v 0.085340 -0.292463 -0.374188
v 0.089844 -0.290156 -0.390156
v 0.100000 -0.288805 -0.384713
v 0.116493 -0.284836 -0.383768
v 0.139818 -0.280627 -0.380248
v -0.300395 -0.262049 -0.381304
v -0.299217 -0.257511 -0.393938
v -0.289889 -0.269888 -0.389888
v -0.291167 -0.271167 -0.380000
v -0.197416 -0.276423 -0.377074
v -0.196086 -0.273104 -0.393104
v -0.180000 -0.272123 -0.380000
v -0.180000 -0.269873 -0.389873
v -0.163357 -0.264778 -0.383389
v -0.158195 -0.258373 -0.396599
v -0.142923 -0.266799 -0.385230
v -0.036612 -0.260000 -0.393523
v -0.016142 -0.260000 -0.392190
v 0.003285 -0.260000 -0.393126
v 0.161581 -0.277580 -0.378202
v 0.183862 -0.274140 -0.375730
v 0.183900 -0.272997 -0.392997
v 0.200000 -0.271160 -0.375910
v 0.200000 -0.268224 -0.388224
v 0.218810 -0.261692 -0.380810
v -0.309044 -0.249044 -0.384324
v -0.314125 -0.236993 -0.375268
v -0.312916 -0.237051 -0.392916
v -0.080000 -0.240000 -0.392821
v -0.063892 -0.240000 -0.386363
v -0.038790 -0.239341 -0.378503
v -0.018306 -0.238057 -0.377181
v 0.001779 -0.237958 -0.377008
v 0.021740 -0.237970 -0.377086
v 0.040224 -0.239627 -0.380635
v 0.053845 -0.240000 -0.386155
v 0.064420 -0.240000 -0.389510
v 0.220000 -0.252568 -0.392568
v 0.239519 -0.241610 -0.381152
v 0.229890 -0.240000 -0.390110
v -0.320130 -0.221417 -0.383760
v -0.316855 -0.218432 -0.396855
v -0.100000 -0.220000 -0.392961
v -0.084960 -0.220000 -0.384960
v -0.080000 -0.224735 -0.384735
v -0.077129 -0.212928 -0.380298
v -0.055204 -0.230295 -0.380000
v -0.057879 -0.217439 -0.376332
v 0.060000 -0.229160 -0.380000
v 0.081396 -0.218378 -0.377424
v 0.093280 -0.226720 -0.386720
v 0.101952 -0.216958 -0.380883
v 0.113619 -0.220000 -0.386381
v 0.124565 -0.220000 -0.389447
v 0.240000 -0.227633 -0.387633
v 0.240000 -0.215713 -0.390485
v 0.250617 -0.220000 -0.380000
v -0.321810 -0.199816 -0.379750
v -0.320000 -0.208353 -0.388352
v -0.318706 -0.199339 -0.393498
v -0.100000 -0.203691 -0.385808
v -0.078979 -0.199028 -0.378280
v 0.120000 -0.209178 -0.380000
v 0.140808 -0.198083 -0.376898
v 0.132670 -0.207330 -0.380000
v 0.149305 -0.210695 -0.390695
v 0.159575 -0.199225 -0.387187
v 0.240000 -0.197248 -0.393929
v 0.261547 -0.197653 -0.377183
v -0.320290 -0.183584 -0.385195
v -0.316084 -0.177580 -0.396084
v -0.100000 -0.182894 -0.386552
v -0.079820 -0.179869 -0.379581
v 0.158106 -0.182983 -0.384816
v 0.149340 -0.190660 -0.380000
v 0.146872 -0.178230 -0.379217
v 0.245984 -0.178378 -0.393231
v 0.252458 -0.187542 -0.387542
v 0.261637 -0.181643 -0.382634
v -0.314054 -0.160000 -0.380000
v -0.311289 -0.160000 -0.391289
v -0.100000 -0.170481 -0.390481
v -0.100000 -0.157861 -0.395003
v -0.081108 -0.160952 -0.381881
v 0.139572 -0.161690 -0.382650
v 0.152715 -0.167285 -0.387285
v 0.143783 -0.154280 -0.392024
v 0.260000 -0.167911 -0.387910
v 0.260000 -0.156350 -0.391338
v 0.277793 -0.160942 -0.382702
v -0.299680 -0.142723 -0.382566
v -0.088963 -0.148963 -0.388963
v -0.080000 -0.141517 -0.383438
v -0.060069 -0.140041 -0.379904
v 0.117925 -0.141853 -0.384178
v 0.121437 -0.158410 -0.377652
v 0.105151 -0.154671 -0.378528
v 0.100280 -0.138422 -0.378352
v 0.131739 -0.148261 -0.388261
v 0.261819 -0.138176 -0.397319
v 0.269549 -0.150451 -0.390451
v 0.280000 -0.147545 -0.387545
v 0.284282 -0.133974 -0.391589
v 0.296806 -0.143212 -0.384754
v 0.301647 -0.153368 -0.377490
v 0.319972 -0.140016 -0.380021
v -0.291208 -0.116479 -0.380000
v -0.138200 -0.117804 -0.397125
v -0.080000 -0.122240 -0.385069
v -0.059710 -0.119843 -0.380616
v 0.098426 -0.121948 -0.382841
v 0.084644 -0.135228 -0.378984
v 0.080579 -0.118903 -0.378469
v 0.111439 -0.128561 -0.388561
v 0.107381 -0.116815 -0.392619
v 0.120000 -0.132481 -0.392481
v 0.281699 -0.118215 -0.397475
v 0.300000 -0.129358 -0.389358
v 0.307363 -0.117177 -0.390910
v 0.316750 -0.124548 -0.386255
v 0.330699 -0.129301 -0.380000
v 0.340020 -0.119990 -0.379975
v -0.300555 -0.105264 -0.384235
v -0.158212 -0.097868 -0.397304
v -0.137740 -0.097101 -0.396248
v -0.080000 -0.108692 -0.388692
v -0.080000 -0.095124 -0.390762
v -0.059994 -0.100055 -0.379990
v 0.096782 -0.106169 -0.387882
v 0.080240 -0.099365 -0.379106
v 0.222142 -0.097496 -0.396661
v 0.302200 -0.097706 -0.396815
v 0.320000 -0.109145 -0.389145
v 0.320000 -0.096142 -0.391594
v 0.336857 -0.103235 -0.384521
v 0.350241 -0.100000 -0.380000
v -0.320948 -0.084468 -0.383237
v -0.318745 -0.078413 -0.397199
v -0.311279 -0.091279 -0.391279
v -0.312016 -0.092016 -0.380000
v -0.177802 -0.077278 -0.396521
v -0.156801 -0.076181 -0.394951
v -0.136528 -0.075545 -0.393793
v -0.080000 -0.080000 -0.388391
v -0.059909 -0.079915 -0.379840
v 0.079877 -0.080777 -0.380338
v 0.090940 -0.084286 -0.389060
v 0.200593 -0.079300 -0.399057
v 0.221436 -0.078355 -0.397777
v 0.242081 -0.077364 -0.396408
v 0.324923 -0.074958 -0.393200
v 0.331358 -0.088642 -0.388642
v 0.340000 -0.083098 -0.386705
v 0.361886 -0.078579 -0.377366
v -0.340064 -0.060383 -0.381746
v -0.330734 -0.070734 -0.390734
v -0.332050 -0.072050 -0.380000
v -0.338452 -0.057399 -0.396508
v -0.196607 -0.055973 -0.394646
v -0.176008 -0.055136 -0.393355
v -0.156692 -0.056033 -0.394319
v -0.080000 -0.062399 -0.384060
v -0.059509 -0.059467 -0.378972
v 0.079856 -0.060238 -0.380320
v 0.090295 -0.064834 -0.389705
v 0.200489 -0.059413 -0.399218
v 0.220541 -0.059362 -0.399131
v 0.323786 -0.055983 -0.394955
v 0.340000 -0.064104 -0.388484
v 0.361616 -0.058721 -0.377946
v -0.349878 -0.049878 -0.384710
v -0.356030 -0.037669 -0.376624
v -0.353518 -0.037029 -0.393518
v -0.100000 -0.040000 -0.392808
v -0.086181 -0.046181 -0.386181
v -0.079487 -0.040092 -0.379377
v -0.069396 -0.049396 -0.380000
v 0.091537 -0.044386 -0.388463
v 0.080478 -0.038760 -0.378416
v 0.180884 -0.038912 -0.398606
v 0.200590 -0.039245 -0.399013
v 0.322296 -0.036279 -0.392562
v 0.340000 -0.043742 -0.387091
v 0.363898 -0.036643 -0.375411
v -0.358514 -0.019004 -0.378717
v -0.354730 -0.017218 -0.394730
v -0.100000 -0.026171 -0.386171
v -0.097404 -0.014283 -0.380347
v -0.078348 -0.017930 -0.377019
v 0.095560 -0.022451 -0.384440
v 0.081232 -0.017342 -0.376130
v 0.103274 -0.018032 -0.391096
v 0.301472 -0.016680 -0.394201
v 0.320000 -0.020000 -0.389589
v 0.335963 -0.023618 -0.385082
v 0.351438 -0.028562 -0.380000
v -0.355802 0.001485 -0.377853
v -0.354571 -0.000000 -0.394571
v -0.120000 -0.000000 -0.387509
v -0.098055 0.001802 -0.377103
v 0.100461 0.001419 -0.377752
v 0.111512 -0.000000 -0.388488
v 0.284372 -0.000000 -0.392404
v 0.300000 -0.000000 -0.388334
v 0.311681 -0.008319 -0.388319
v 0.318513 0.001093 -0.382648
v 0.338760 -0.003823 -0.378306
v -0.348954 0.011046 -0.388954
v -0.345958 0.020000 -0.382931
v -0.140000 0.020000 -0.393235
v -0.134242 0.005758 -0.394242
v -0.117764 0.020901 -0.377364
v -0.110105 0.009895 -0.380000
v 0.119535 0.015972 -0.384363
v 0.128511 0.020000 -0.391489
v 0.260000 0.020000 -0.386628
v 0.270255 0.010255 -0.389745
v 0.279335 0.019857 -0.382242
v 0.301083 0.018906 -0.377970
v 0.310446 0.010446 -0.380000
v -0.340000 0.030018 -0.376964
v -0.335411 0.040000 -0.376790
v -0.151059 0.040000 -0.391059
v -0.139317 0.042478 -0.381313
v -0.127863 0.032137 -0.380000
v 0.137281 0.038639 -0.385250
v 0.147172 0.044255 -0.392828
v 0.226903 0.040000 -0.393097
v 0.240000 0.030751 -0.389249
v 0.241354 0.043574 -0.379268
v 0.262974 0.027214 -0.380000
v 0.252011 0.032011 -0.380000
v -0.320000 0.055027 -0.380000
v -0.297745 0.062824 -0.377829
v -0.308030 0.060000 -0.388030
v -0.160000 0.061452 -0.396809
v -0.137446 0.062112 -0.376621
v 0.140000 0.050234 -0.380000
v 0.140867 0.062401 -0.376623
v 0.152611 0.060000 -0.387389
v 0.161704 0.062806 -0.396190
v 0.220000 0.062602 -0.395440
v 0.234070 0.057469 -0.380000
v -0.280000 0.068985 -0.376168
v -0.269486 0.070514 -0.389486
v -0.260123 0.074644 -0.384063
v -0.254523 0.080000 -0.394523
v -0.145244 0.078790 -0.385644
v 0.153357 0.076565 -0.386643
v 0.140297 0.081425 -0.377745
v 0.162407 0.083151 -0.395413
v 0.220000 0.080000 -0.391990
v 0.230264 0.070264 -0.380000
v 0.227687 0.083466 -0.380000
v -0.237309 0.084161 -0.377076
v -0.220000 0.086602 -0.377067
v -0.200800 0.101536 -0.378892
v -0.140000 0.092845 -0.387155
v -0.140000 0.103208 -0.391644
v -0.116496 0.102374 -0.375914
v 0.119770 0.099328 -0.381411
v 0.136126 0.095338 -0.385514
v 0.142387 0.102729 -0.395692
v 0.150563 0.090563 -0.389437
v 0.220000 0.091052 -0.388948
v 0.222886 0.101771 -0.381819
v -0.193535 0.121427 -0.376058
v -0.128465 0.111535 -0.388465
v -0.120000 0.115438 -0.384562
v -0.117867 0.123807 -0.390049
v -0.097392 0.121217 -0.377608
v 0.018630 0.118953 -0.382247
v 0.000108 0.120198 -0.379552
v 0.036902 0.116937 -0.384439
v 0.056085 0.113109 -0.384322
v 0.063298 0.102756 -0.374801
v 0.062106 0.122197 -0.396367
v 0.076361 0.112342 -0.387658
v 0.082428 0.101969 -0.376102
v 0.091124 0.111124 -0.388876
v 0.101421 0.101174 -0.377625
v 0.104585 0.109775 -0.390225
v 0.123214 0.107039 -0.392961
v 0.200000 0.120000 -0.396942
v 0.219322 0.116555 -0.379620
v -0.190698 0.140000 -0.380000
v -0.190087 0.140000 -0.390087
v -0.100000 0.131559 -0.388441
v -0.098040 0.141967 -0.396823
v -0.083732 0.132880 -0.387120
v -0.076944 0.122480 -0.375366
v -0.077841 0.142162 -0.396408
v -0.063342 0.133314 -0.386686
v -0.056924 0.122538 -0.375213
v -0.058071 0.141986 -0.396728
v -0.043662 0.132462 -0.387538
v -0.037371 0.122195 -0.375771
v -0.028773 0.131226 -0.388774
v -0.018527 0.121178 -0.377616
v -0.015249 0.129967 -0.390033
v 0.003871 0.128116 -0.391884
v 0.023047 0.126376 -0.393624
v 0.040000 0.124602 -0.395398
v 0.180000 0.140000 -0.396444
v 0.192001 0.140000 -0.387999
v 0.200000 0.131437 -0.388563
v 0.200467 0.143325 -0.377423
v 0.210858 0.130858 -0.380000
v -0.180543 0.159689 -0.384781
v 0.102546 0.160000 -0.395454
v 0.120000 0.160000 -0.393032
v 0.131385 0.160000 -0.388615
v 0.141539 0.162377 -0.378393
v 0.151600 0.151600 -0.388400
v 0.158246 0.159125 -0.380000
v 0.177455 0.154160 -0.380000
v 0.189448 0.149448 -0.380000
v -0.169991 0.180000 -0.380000
v -0.170078 0.180000 -0.390078
v -0.020000 0.180000 -0.395882
v -0.010362 0.180000 -0.390362
v 0.000984 0.182033 -0.379066
v 0.011044 0.171044 -0.388956
v 0.018999 0.177802 -0.380000
v 0.023040 0.168059 -0.391941
v 0.037612 0.174858 -0.380000
v 0.056555 0.172740 -0.380000
v 0.071437 0.171437 -0.380000
v 0.084954 0.170365 -0.380000
v 0.102971 0.168725 -0.373419
v 0.123462 0.165895 -0.375632
v -0.160000 0.186906 -0.377088
v -0.140535 0.198171 -0.380000
v -0.140000 0.191848 -0.388152
v -0.134879 0.200000 -0.394879
v -0.090735 0.200000 -0.390735
v -0.079603 0.200671 -0.379388
v -0.071223 0.188777 -0.391223
v -0.061443 0.196836 -0.380000
v -0.042964 0.193494 -0.380000
v -0.029438 0.190562 -0.380000
v -0.017383 0.188385 -0.373453
v -0.117139 0.204548 -0.376730
v -0.097457 0.204335 -0.376843
v -0.082175 -0.324223 -0.363029
v -0.092237 -0.317035 -0.358357
v -0.056686 -0.333269 -0.360000
v -0.070467 -0.330467 -0.360000
v -0.040000 -0.331937 -0.355303
v -0.020000 -0.327512 -0.363765
v -0.030332 -0.330332 -0.360000
v -0.000392 -0.320443 -0.360182
v -0.108251 -0.308251 -0.364246
v -0.117364 -0.294152 -0.358468
v 0.020000 -0.312956 -0.360000
v 0.030468 -0.309532 -0.364746
v 0.040000 -0.306318 -0.363135
v 0.059991 -0.300011 -0.360002
v -0.262625 -0.284706 -0.363595
v -0.276903 -0.275312 -0.358506
v -0.243856 -0.286241 -0.364845
v -0.220123 -0.280142 -0.360068
v -0.126266 -0.283695 -0.363865
v -0.131310 -0.276907 -0.360000
v 0.082318 -0.292163 -0.356099
v 0.100000 -0.287509 -0.363823
v 0.117319 -0.283915 -0.362994
v 0.139740 -0.280650 -0.360437
v -0.288790 -0.268790 -0.364710
v -0.298304 -0.255644 -0.359086
v -0.195200 -0.271625 -0.360000
v -0.180000 -0.267790 -0.360000
v -0.180000 -0.269947 -0.369947
v -0.160923 -0.261664 -0.361015
v -0.142149 -0.264166 -0.362998
v 0.160839 -0.278784 -0.353895
v 0.183662 -0.274601 -0.355738
v 0.200000 -0.272448 -0.355862
v 0.214801 -0.267443 -0.365422
v 0.231466 -0.260000 -0.360000
v -0.305403 -0.245403 -0.363033
v -0.309335 -0.235671 -0.360000
v 0.240000 -0.254249 -0.357202
v 0.240000 -0.250785 -0.370785
v 0.258724 -0.234559 -0.358915
v -0.315112 -0.217537 -0.360000
v -0.037431 -0.216963 -0.375890
v -0.017268 -0.216775 -0.375639
v 0.002830 -0.216653 -0.375470
v 0.023020 -0.216444 -0.375182
v 0.043172 -0.216231 -0.374902
v 0.062888 -0.216545 -0.375378
v 0.263046 -0.222670 -0.362670
v 0.260000 -0.216312 -0.370518
v -0.314291 -0.197048 -0.360000
v -0.058355 -0.198062 -0.377380
v -0.038101 -0.197756 -0.376970
v -0.018007 -0.197643 -0.376818
v 0.002161 -0.197438 -0.376537
v 0.022237 -0.197360 -0.376432
v 0.042432 -0.197121 -0.376115
v 0.062476 -0.197071 -0.376049
v 0.082771 -0.196737 -0.375610
v 0.103021 -0.196424 -0.375210
v 0.122911 -0.196467 -0.375288
v 0.272597 -0.207403 -0.360000
v 0.282927 -0.195795 -0.355535
v -0.313320 -0.180000 -0.360000
v -0.059067 -0.178895 -0.378514
v -0.038790 -0.178570 -0.378079
v -0.018575 -0.178306 -0.377726
v 0.001547 -0.178156 -0.377524
v 0.021589 -0.178112 -0.377461
v 0.041778 -0.177894 -0.377166
v 0.061951 -0.177684 -0.376881
v 0.082124 -0.177503 -0.376637
v 0.102559 -0.176986 -0.375930
v 0.122593 -0.176861 -0.375668
v 0.280000 -0.186386 -0.366386
v 0.284019 -0.174633 -0.372198
v 0.304767 -0.174407 -0.358161
v -0.308554 -0.168554 -0.360000
v -0.300707 -0.157007 -0.356117
v -0.309891 -0.160000 -0.369891
v -0.059475 -0.159377 -0.379165
v -0.039317 -0.159192 -0.378914
v -0.018933 -0.158735 -0.378301
v 0.001206 -0.158563 -0.378072
v 0.021237 -0.158527 -0.378027
v 0.041306 -0.158444 -0.377915
v 0.061495 -0.158219 -0.377613
v 0.081588 -0.158116 -0.377464
v 0.300000 -0.167764 -0.367764
v 0.317222 -0.164933 -0.364933
v 0.321660 -0.170646 -0.356681
v 0.322145 -0.156150 -0.370141
v 0.337863 -0.161472 -0.363004
v 0.349650 -0.160000 -0.360000
v -0.300000 -0.147926 -0.367926
v -0.288729 -0.140000 -0.360000
v -0.039606 -0.139531 -0.379375
v -0.019375 -0.139253 -0.379004
v 0.000855 -0.138977 -0.378631
v 0.020961 -0.138858 -0.378472
v 0.041130 -0.138651 -0.378197
v 0.061211 -0.138554 -0.378063
v 0.340000 -0.149432 -0.369432
v 0.347124 -0.137664 -0.371483
v 0.357369 -0.143626 -0.365029
v 0.360979 -0.157702 -0.356645
v 0.384999 -0.138407 -0.353829
v -0.280000 -0.123744 -0.365536
v -0.272962 -0.116896 -0.360000
v -0.039680 -0.119619 -0.379493
v -0.019350 -0.119221 -0.378965
v 0.000766 -0.119077 -0.378772
v 0.020707 -0.119155 -0.378876
v 0.040954 -0.118856 -0.378475
v 0.061040 -0.118749 -0.378324
v 0.360000 -0.129207 -0.369207
v 0.360000 -0.116651 -0.372574
v 0.377112 -0.121227 -0.363445
v -0.281803 -0.104801 -0.360979
v -0.039609 -0.099531 -0.379379
v -0.019227 -0.099073 -0.378771
v 0.000920 -0.098892 -0.378531
v 0.020864 -0.098963 -0.378627
v 0.041037 -0.098749 -0.378342
v 0.060975 -0.098810 -0.378413
v 0.364003 -0.096030 -0.374596
v 0.370908 -0.109091 -0.369091
v 0.380000 -0.102828 -0.366269
v 0.389617 -0.110383 -0.360000
v 0.404204 -0.096854 -0.354973
v -0.320000 -0.080000 -0.370452
v -0.305949 -0.085949 -0.363537
v -0.296544 -0.090834 -0.360000
v -0.316757 -0.074625 -0.360000
v -0.039153 -0.078980 -0.378652
v -0.019008 -0.078807 -0.378422
v 0.001168 -0.078592 -0.378138
v 0.021210 -0.078544 -0.378075
v 0.041370 -0.078348 -0.377815
v 0.061257 -0.078447 -0.377934
v 0.380000 -0.084137 -0.368638
v 0.401346 -0.079003 -0.358376
v -0.326205 -0.066205 -0.363684
v -0.331473 -0.057062 -0.360000
v -0.038703 -0.058439 -0.377937
v -0.018603 -0.058316 -0.377775
v 0.001545 -0.058141 -0.377545
v 0.021633 -0.058030 -0.377396
v 0.041759 -0.057884 -0.377206
v 0.061677 -0.057916 -0.377243
v 0.380000 -0.064542 -0.369111
v 0.401602 -0.058679 -0.358200
v -0.344306 -0.046509 -0.363136
v -0.349423 -0.035097 -0.360000
v -0.058446 -0.038120 -0.377523
v -0.038297 -0.037945 -0.377283
v -0.018116 -0.037734 -0.377005
v 0.001951 -0.037650 -0.376894
v 0.022151 -0.037411 -0.376586
v 0.042181 -0.037367 -0.376530
v 0.062293 -0.037185 -0.376308
v 0.380000 -0.044171 -0.368177
v 0.398275 -0.039223 -0.357780
v -0.349774 -0.020000 -0.360000
v -0.057783 -0.017311 -0.376449
v -0.037778 -0.017316 -0.376453
v -0.017758 -0.017301 -0.376432
v 0.002432 -0.017073 -0.376131
v 0.022573 -0.016915 -0.375929
v 0.042813 -0.016608 -0.375529
v 0.062892 -0.016494 -0.375392
v 0.360000 -0.015550 -0.372940
v 0.371493 -0.020000 -0.368507
v 0.381931 -0.021384 -0.362945
v 0.390512 -0.029488 -0.360000
v -0.348684 -0.004572 -0.360000
v -0.077257 0.003328 -0.375591
v -0.057258 0.003310 -0.375608
v -0.037318 0.003225 -0.375737
v -0.017278 0.003282 -0.375670
v 0.002878 0.003460 -0.375448
v 0.023067 0.003693 -0.375145
v 0.043391 0.004084 -0.374634
v 0.063563 0.004311 -0.374344
v 0.083570 0.004408 -0.374268
v 0.346721 -0.000000 -0.373279
v 0.360000 -0.000000 -0.367210
v 0.378861 -0.003790 -0.357268
v 0.368782 0.002793 -0.360000
v -0.339509 0.017722 -0.363470
v -0.096588 0.024157 -0.374484
v -0.076775 0.023903 -0.374825
v -0.056957 0.023671 -0.375156
v -0.036919 0.023706 -0.375127
v -0.016701 0.023984 -0.374771
v 0.003462 0.024174 -0.374521
v 0.023746 0.024522 -0.374049
v 0.044033 0.024846 -0.373617
v 0.064315 0.025194 -0.373161
v 0.084504 0.025445 -0.372861
v 0.104047 0.025159 -0.373324
v 0.320000 0.020000 -0.371050
v 0.332641 0.020000 -0.367359
v 0.340000 0.008493 -0.371507
v 0.343399 0.022331 -0.361291
v 0.358870 0.016770 -0.356749
v -0.331957 0.028043 -0.360000
v -0.317995 0.043587 -0.355977
v -0.116105 0.044706 -0.373783
v -0.096174 0.044677 -0.373811
v -0.076479 0.044261 -0.374378
v -0.056485 0.044237 -0.374423
v -0.036327 0.044420 -0.374179
v -0.015976 0.044831 -0.373643
v 0.004240 0.045115 -0.373269
v 0.024445 0.045368 -0.372928
v 0.044618 0.045553 -0.372686
v 0.064928 0.045920 -0.372209
v 0.085189 0.046245 -0.371782
v 0.105246 0.046441 -0.371559
v 0.123547 0.044722 -0.373860
v 0.260000 0.040000 -0.368860
v 0.280215 0.037662 -0.361878
v 0.285596 0.025596 -0.374404
v 0.297771 0.035033 -0.360000
v 0.324428 0.029800 -0.360000
v 0.312330 0.032330 -0.360000
v -0.320000 0.050930 -0.369070
v -0.305524 0.053600 -0.361420
v -0.277621 0.063040 -0.357960
v -0.115568 0.065324 -0.372967
v -0.095639 0.065326 -0.372985
v -0.075947 0.064926 -0.373523
v -0.055860 0.064992 -0.373436
v -0.035645 0.065252 -0.373095
v -0.015407 0.065522 -0.372733
v 0.004910 0.065915 -0.372208
v 0.025047 0.066099 -0.371963
v 0.045182 0.066238 -0.371773
v 0.065404 0.066493 -0.371408
v 0.084495 0.060000 -0.371096
v 0.103293 0.066762 -0.370955
v 0.124526 0.065711 -0.372235
v 0.240000 0.060000 -0.370948
v 0.253324 0.053324 -0.360000
v 0.262440 0.046670 -0.360000
v 0.247432 0.062916 -0.360000
v -0.269659 0.070341 -0.369659
v -0.260000 0.068222 -0.356738
v -0.260000 0.072965 -0.367035
v -0.241620 0.077844 -0.361579
v -0.115181 0.085572 -0.372588
v -0.094989 0.086077 -0.372006
v -0.075178 0.085879 -0.372280
v -0.055234 0.085776 -0.372393
v -0.035080 0.085930 -0.372153
v -0.014908 0.086108 -0.371889
v 0.005291 0.086334 -0.371562
v 0.025339 0.086410 -0.371421
v 0.045297 0.086329 -0.371463
v 0.065274 0.086263 -0.371468
v 0.084509 0.069007 -0.370993
v 0.085086 0.086022 -0.371674
v 0.104600 0.085489 -0.372267
v 0.123436 0.084166 -0.374061
v 0.240327 0.081198 -0.359879
v -0.218934 0.081428 -0.356102
v -0.204094 0.093099 -0.366901
v -0.200000 0.089167 -0.356690
v -0.192830 0.104368 -0.360000
v -0.094877 0.105875 -0.371972
v -0.074817 0.106144 -0.371693
v -0.055003 0.105967 -0.371917
v -0.035320 0.105589 -0.372316
v -0.015446 0.105317 -0.372580
v 0.004412 0.105109 -0.372758
v 0.024189 0.104811 -0.373057
v 0.043676 0.104162 -0.373875
v 0.235929 0.096358 -0.362218
v 0.229253 0.103588 -0.370747
v -0.187598 0.120000 -0.360000
v 0.233478 0.113478 -0.360000
v 0.229952 0.124166 -0.360000
v -0.188339 0.131661 -0.368339
v -0.181894 0.141221 -0.359307
v 0.220073 0.140423 -0.359660
v -0.180000 0.152208 -0.367792
v -0.170513 0.160000 -0.360000
v 0.160697 0.160886 -0.360223
v 0.180185 0.158948 -0.360071
v 0.195632 0.153965 -0.363165
v 0.209206 0.149206 -0.360000
v -0.159526 0.178378 -0.362270
v -0.174080 0.165920 -0.374080
v 0.020069 0.180181 -0.359908
v 0.038238 0.177028 -0.362294
v 0.056896 0.174858 -0.363988
v 0.075439 0.172506 -0.365782
v 0.090075 0.170075 -0.369925
v 0.090969 0.170969 -0.360000
v 0.104010 0.168720 -0.360000
v 0.124284 0.167194 -0.354156
v 0.142355 0.163814 -0.356867
v -0.140000 0.189727 -0.356056
v -0.150020 0.189980 -0.370020
v -0.140000 0.194201 -0.365799
v -0.118844 0.200202 -0.358856
v -0.080156 0.199750 -0.364487
v -0.061774 0.196971 -0.362246
v -0.043064 0.194773 -0.363943
v -0.027896 0.192104 -0.364110
v -0.017831 0.189929 -0.353866
v 0.003150 0.185257 -0.355977
v -0.097290 0.201156 -0.354945
v -0.059226 -0.322011 -0.340733
v -0.050723 -0.330723 -0.350723
v -0.043625 -0.327709 -0.340000
v -0.024087 -0.325480 -0.344237
v -0.012964 -0.320000 -0.337963
v -0.006651 -0.320000 -0.346651
v -0.099977 -0.299958 -0.339985
v -0.077159 -0.313339 -0.340000
v -0.088853 -0.308853 -0.340000
v 0.003600 -0.314223 -0.340000
v 0.020000 -0.308611 -0.344866
v 0.039460 -0.300697 -0.340524
v 0.050755 -0.300000 -0.349245
v -0.260000 -0.280000 -0.350414
v -0.249376 -0.280000 -0.349376
v -0.236050 -0.280000 -0.350428
v -0.118620 -0.277066 -0.339302
v -0.108622 -0.288621 -0.340000
v 0.063076 -0.295119 -0.336696
v 0.083135 -0.292893 -0.335273
v 0.090059 -0.289941 -0.349941
v 0.097948 -0.288110 -0.342538
v 0.116014 -0.286921 -0.344734
v 0.123633 -0.297171 -0.334450
v 0.137143 -0.285406 -0.345406
v 0.141192 -0.297267 -0.334917
v 0.158018 -0.282747 -0.341135
v -0.280729 -0.265946 -0.344579
v -0.290696 -0.260000 -0.350696
v -0.256707 -0.273329 -0.340000
v -0.269078 -0.269078 -0.340000
v -0.236255 -0.273404 -0.340000
v -0.220000 -0.269183 -0.340000
v -0.199651 -0.263726 -0.341661
v -0.180308 -0.260356 -0.340237
v -0.166798 -0.260000 -0.346798
v -0.130243 -0.270243 -0.350243
v -0.127428 -0.267428 -0.340000
v -0.136868 -0.255631 -0.340000
v 0.181907 -0.277248 -0.333461
v 0.200000 -0.270429 -0.335480
v 0.215192 -0.266797 -0.345388
v 0.228752 -0.260000 -0.336168
v 0.231281 -0.260000 -0.348719
v -0.299060 -0.235549 -0.340664
v -0.291029 -0.251029 -0.340000
v -0.158803 -0.254195 -0.336401
v 0.240000 -0.253961 -0.336836
v 0.260425 -0.239327 -0.339438
v -0.306881 -0.222479 -0.346881
v -0.301332 -0.218281 -0.336875
v 0.281705 -0.217475 -0.337806
v -0.310179 -0.210179 -0.350179
v -0.302008 -0.199097 -0.337004
v -0.309417 -0.200000 -0.349417
v 0.280000 -0.208814 -0.348814
v 0.291629 -0.200000 -0.340000
v -0.299525 -0.179731 -0.340173
v 0.302153 -0.191380 -0.336444
v 0.300000 -0.185368 -0.345368
v 0.318226 -0.180794 -0.342295
v 0.337978 -0.181260 -0.343349
v 0.358727 -0.180433 -0.341235
v -0.300000 -0.167762 -0.347762
v -0.277033 -0.159071 -0.336577
v 0.344364 -0.172222 -0.352222
v 0.360000 -0.169599 -0.349599
v 0.379477 -0.162162 -0.343678
v 0.369275 -0.160000 -0.350725
v -0.292473 -0.152473 -0.352473
v -0.280000 -0.146282 -0.346282
v -0.280000 -0.137648 -0.353392
v -0.258654 -0.137760 -0.337675
v 0.380000 -0.150611 -0.350611
v 0.397145 -0.143824 -0.345239
v 0.401773 -0.156505 -0.334357
v 0.409230 -0.140000 -0.340000
v -0.271893 -0.131893 -0.351893
v -0.260000 -0.123381 -0.348474
v -0.241048 -0.118269 -0.337395
v 0.400000 -0.129670 -0.349670
v 0.400000 -0.117127 -0.353517
v 0.418162 -0.120469 -0.342220
v -0.271656 -0.100000 -0.351656
v -0.260000 -0.106189 -0.346189
v -0.256734 -0.097353 -0.341186
v -0.246782 -0.106782 -0.340000
v 0.411596 -0.108404 -0.348404
v 0.421909 -0.102292 -0.343663
v -0.300000 -0.080000 -0.351062
v -0.279973 -0.080020 -0.339962
v -0.267747 -0.087747 -0.340000
v 0.420000 -0.083324 -0.346890
v 0.428548 -0.091452 -0.340000
v 0.429578 -0.075381 -0.340000
v -0.320000 -0.060000 -0.349023
v -0.309456 -0.069456 -0.349456
v -0.296015 -0.069697 -0.340000
v -0.303308 -0.061020 -0.337361
v 0.420000 -0.063429 -0.346895
v 0.428074 -0.056395 -0.340000
v -0.340000 -0.040000 -0.349227
v -0.328981 -0.048981 -0.348981
v -0.317432 -0.053001 -0.340000
v -0.325593 -0.045593 -0.340000
v -0.332156 -0.036685 -0.340000
v 0.408529 -0.040000 -0.351471
v 0.421563 -0.041344 -0.342803
v -0.340000 -0.027672 -0.347672
v -0.335071 -0.016396 -0.341567
v 0.400000 -0.020000 -0.352282
v 0.419818 -0.021332 -0.339451
v -0.340000 -0.006945 -0.346945
v -0.340000 0.003539 -0.350225
v -0.332071 -0.000000 -0.340000
v 0.392094 -0.000000 -0.347906
v 0.400634 0.001375 -0.341623
v 0.411509 -0.008491 -0.340000
v -0.321477 0.017789 -0.342261
v 0.380398 0.019641 -0.339536
v 0.391440 0.011440 -0.340000
v -0.320000 0.031274 -0.348726
v -0.302851 0.039246 -0.343226
v 0.300000 0.040000 -0.351603
v 0.311490 0.040000 -0.348510
v 0.322650 0.044069 -0.336939
v 0.339999 0.040002 -0.340000
v 0.348694 0.028694 -0.351306
v 0.355250 0.035250 -0.340000
v 0.364211 0.030488 -0.340000
v -0.300000 0.049669 -0.350331
v -0.278496 0.043152 -0.334174
v -0.283609 0.053671 -0.346329
v -0.264749 0.058867 -0.344437
v 0.260000 0.060000 -0.348909
v 0.269605 0.049605 -0.350395
v 0.274670 0.054670 -0.340000
v 0.284225 0.050151 -0.340000
v 0.268544 0.063513 -0.340000
v 0.305148 0.046824 -0.336309
v -0.238685 0.062478 -0.333288
v -0.251421 0.068579 -0.351421
v -0.240000 0.071385 -0.348615
v -0.223901 0.073610 -0.342254
v -0.199634 0.080014 -0.339625
v 0.260697 0.080973 -0.339398
v -0.181544 0.101442 -0.339952
v 0.253771 0.093770 -0.340000
v 0.249564 0.103793 -0.340000
v -0.180000 0.115027 -0.344973
v -0.180000 0.124527 -0.349447
v -0.173849 0.123506 -0.340000
v 0.240000 0.111752 -0.348248
v 0.241414 0.123782 -0.339266
v -0.170053 0.140000 -0.340000
v 0.233107 0.134942 -0.343900
v -0.160000 0.150199 -0.336503
v -0.171273 0.148727 -0.351273
v -0.156848 0.158365 -0.341635
v -0.160000 0.163418 -0.350010
v 0.200812 0.162503 -0.337793
v 0.215464 0.153661 -0.343415
v 0.227968 0.147968 -0.335703
v -0.141200 0.178241 -0.341882
v 0.040075 0.181420 -0.338851
v 0.059985 0.179989 -0.340004
v 0.079026 0.177641 -0.341513
v 0.096067 0.173274 -0.345143
v 0.111724 0.171724 -0.344416
v 0.124928 0.170586 -0.340000
v 0.144080 0.168440 -0.340000
v 0.163933 0.168071 -0.340000
v 0.185486 0.167362 -0.336069
v -0.118201 0.188997 -0.336625
v -0.124207 0.193174 -0.346826
v -0.102329 0.196454 -0.342274
v -0.082160 0.196370 -0.342440
v -0.063146 0.194732 -0.343708
v -0.043991 0.193186 -0.344174
v -0.028821 0.191179 -0.344175
v -0.016056 0.188535 -0.340000
v 0.002489 0.185196 -0.340000
v 0.020905 0.181747 -0.340000
v -0.035130 -0.320000 -0.329202
v -0.078344 -0.296121 -0.320493
v -0.068400 -0.308400 -0.328400
v -0.062328 -0.304023 -0.318591
v -0.044039 -0.309495 -0.320000
v -0.024011 -0.305531 -0.318640
v 0.000680 -0.300030 -0.319406
v 0.019977 -0.299634 -0.319559
v 0.039393 -0.300880 -0.320691
v 0.058991 -0.301583 -0.324750
v 0.077812 -0.302085 -0.325925
v 0.094684 -0.301701 -0.327793
v 0.103952 -0.317316 -0.313841
v 0.090610 -0.309390 -0.320000
v 0.116849 -0.306514 -0.326514
v 0.123700 -0.317850 -0.314239
v 0.136608 -0.306841 -0.326841
v 0.141456 -0.317066 -0.312712
v 0.154004 -0.304315 -0.322733
v -0.096676 -0.277031 -0.321613
v -0.085990 -0.285990 -0.320000
v 0.006991 -0.293009 -0.320000
v 0.160000 -0.292269 -0.332269
v 0.176302 -0.286189 -0.326189
v 0.180000 -0.291872 -0.317190
v 0.201481 -0.277187 -0.316717
v -0.272792 -0.260000 -0.332792
v -0.260000 -0.260000 -0.327284
v -0.243382 -0.260000 -0.326680
v -0.228534 -0.260000 -0.328534
v -0.216125 -0.260000 -0.331401
v -0.118199 -0.255277 -0.320764
v -0.107642 -0.267642 -0.320000
v 0.215085 -0.265782 -0.321330
v -0.280000 -0.250383 -0.330383
v -0.280000 -0.240000 -0.324346
v -0.257537 -0.237297 -0.316299
v -0.270787 -0.236385 -0.320000
v -0.244741 -0.249767 -0.320000
v -0.224060 -0.245616 -0.318940
v -0.203533 -0.244926 -0.318100
v -0.183482 -0.246894 -0.320000
v -0.163726 -0.247402 -0.320000
v -0.150963 -0.250963 -0.330963
v -0.142839 -0.245216 -0.320000
v -0.135325 -0.249814 -0.329814
v -0.126074 -0.246074 -0.320000
v 0.240000 -0.252695 -0.316887
v 0.260364 -0.239568 -0.319771
v -0.281301 -0.219992 -0.322025
v 0.280000 -0.229481 -0.315630
v 0.280000 -0.226169 -0.326169
v 0.289476 -0.220000 -0.320000
v -0.284869 -0.203928 -0.325594
v 0.300000 -0.210069 -0.316567
v 0.301455 -0.201927 -0.323789
v -0.291823 -0.191823 -0.331823
v -0.280000 -0.185868 -0.325868
v -0.280000 -0.175752 -0.329672
v -0.269342 -0.189342 -0.320000
v -0.256354 -0.178523 -0.315910
v 0.322128 -0.191546 -0.315263
v 0.320000 -0.186526 -0.326526
v 0.335993 -0.188486 -0.328486
v 0.344144 -0.192906 -0.314865
v 0.355040 -0.189919 -0.329919
v 0.363147 -0.195148 -0.316791
v 0.376727 -0.185924 -0.325924
v 0.380000 -0.191459 -0.316834
v 0.380000 -0.177343 -0.332394
v 0.402171 -0.176517 -0.316104
v -0.263563 -0.165862 -0.325862
v -0.260000 -0.155561 -0.329065
v -0.249451 -0.160000 -0.320000
v 0.388492 -0.171508 -0.331508
v 0.400000 -0.167227 -0.327227
v 0.421816 -0.157306 -0.317084
v -0.240844 -0.141902 -0.321750
v -0.250241 -0.140000 -0.330241
v 0.420000 -0.147270 -0.327270
v 0.420000 -0.137508 -0.333579
v 0.439187 -0.133993 -0.318173
v -0.240000 -0.129572 -0.329572
v -0.227709 -0.120000 -0.320000
v 0.431584 -0.128416 -0.328416
v 0.442757 -0.119890 -0.322563
v -0.240000 -0.100000 -0.334234
v -0.225025 -0.102524 -0.320000
v 0.440000 -0.108528 -0.328528
v 0.440000 -0.095592 -0.330803
v 0.451473 -0.100000 -0.320000
v -0.260000 -0.080000 -0.330716
v -0.240818 -0.081240 -0.320601
v -0.230837 -0.090837 -0.320000
v 0.440000 -0.075763 -0.331815
v 0.454651 -0.083683 -0.318181
v -0.291570 -0.060000 -0.331570
v -0.280000 -0.060000 -0.326926
v -0.261215 -0.062513 -0.319566
v -0.252202 -0.072202 -0.320000
v 0.440000 -0.060000 -0.330854
v 0.452335 -0.063691 -0.320000
v -0.320000 -0.035287 -0.331477
v -0.303567 -0.040000 -0.325508
v -0.300000 -0.049047 -0.329047
v -0.281715 -0.040531 -0.318526
v -0.273306 -0.053306 -0.320000
v 0.440000 -0.048286 -0.328286
v 0.443346 -0.038560 -0.323304
v 0.450165 -0.049835 -0.320000
v -0.320000 -0.020000 -0.328038
v -0.299679 -0.020346 -0.319629
v 0.427978 -0.020000 -0.332022
v 0.440593 -0.018263 -0.319785
v -0.320000 -0.010031 -0.330031
v -0.320000 0.002755 -0.333359
v -0.303306 -0.002590 -0.324365
v 0.420000 -0.000000 -0.328883
v 0.434060 -0.005940 -0.320000
v 0.427681 0.002679 -0.320000
v -0.311724 0.008276 -0.331724
v -0.300000 0.012207 -0.327793
v -0.300000 0.023108 -0.332350
v -0.282185 0.019140 -0.322579
v 0.400000 0.020000 -0.328727
v 0.407103 0.007103 -0.332897
v 0.416763 0.014605 -0.320000
v -0.290981 0.029019 -0.330981
v -0.280000 0.032280 -0.327720
v -0.260444 0.039882 -0.320490
v 0.363375 0.045337 -0.315986
v 0.379802 0.040313 -0.319973
v 0.380000 0.032014 -0.327986
v 0.402697 0.027409 -0.320000
v 0.393768 0.033768 -0.320000
v -0.260000 0.049714 -0.330286
v -0.242689 0.054893 -0.323627
v -0.229942 0.060000 -0.320000
v 0.280000 0.060000 -0.331308
v 0.296748 0.057179 -0.319540
v 0.300000 0.051817 -0.328183
v 0.310956 0.050956 -0.320000
v 0.324578 0.049343 -0.320000
v 0.343751 0.047951 -0.320000
v -0.215848 0.065900 -0.315793
v -0.220000 0.069595 -0.330405
v -0.203570 0.073329 -0.324896
v -0.180002 0.079507 -0.319977
v 0.280000 0.073322 -0.326678
v 0.284505 0.084003 -0.317307
v -0.180000 0.089345 -0.330655
v -0.157244 0.102100 -0.316896
v 0.260000 0.100000 -0.333505
v 0.279696 0.098155 -0.318625
v -0.171966 0.108034 -0.331966
v -0.158300 0.118602 -0.322378
v 0.260000 0.112752 -0.327248
v 0.262240 0.124661 -0.318744
v 0.271945 0.111945 -0.320000
v -0.160000 0.136347 -0.328289
v -0.147533 0.132467 -0.320000
v -0.138339 0.140816 -0.317919
v 0.240033 0.139815 -0.320140
v 0.251991 0.131991 -0.320000
v -0.147943 0.152057 -0.327943
v -0.140000 0.159809 -0.327097
v -0.117382 0.161109 -0.316709
v 0.218891 0.155338 -0.323227
v 0.229369 0.149369 -0.320000
v -0.128634 0.171365 -0.328634
v -0.120000 0.177630 -0.326587
v -0.101849 0.178643 -0.322149
v -0.077889 0.180184 -0.317867
v 0.104508 0.180000 -0.331547
v 0.120000 0.180000 -0.329928
v 0.145811 0.181706 -0.318718
v 0.158469 0.176723 -0.322307
v 0.175625 0.172975 -0.325737
v 0.190624 0.170624 -0.320000
v 0.204940 0.166651 -0.316155
v -0.095285 0.189319 -0.330681
v -0.075172 0.189672 -0.330328
v -0.057578 0.183252 -0.317400
v -0.055030 0.189661 -0.330339
v -0.035441 0.188024 -0.320000
v -0.024086 0.191122 -0.326505
v -0.002403 0.192392 -0.326173
v 0.014531 0.194531 -0.325469
v 0.021360 0.199008 -0.317447
v 0.020000 0.188486 -0.331514
v 0.030276 0.190276 -0.329724
v 0.041214 0.199334 -0.317954
v 0.049198 0.189198 -0.330802
v 0.060325 0.199881 -0.319509
v 0.078629 0.197824 -0.318486
v 0.097267 0.193865 -0.320000
v 0.123557 0.188528 -0.320000
v 0.111091 0.191091 -0.320000
v 0.059694 -0.320709 -0.301961
v 0.077021 -0.323529 -0.304373
v 0.096169 -0.326801 -0.304375
v 0.106823 -0.331349 -0.297565
v 0.117436 -0.325044 -0.305044
v 0.120000 -0.329190 -0.295394
v 0.137195 -0.324485 -0.302968
v 0.162366 -0.317260 -0.298454
v -0.054206 -0.300000 -0.314206
v -0.035989 -0.300000 -0.312487
v -0.000120 -0.299942 -0.299900
v 0.016217 -0.307295 -0.305475
v 0.023224 -0.314045 -0.295999
v 0.030777 -0.309223 -0.309223
v 0.041571 -0.318998 -0.296586
v 0.044296 -0.310859 -0.310859
v 0.063469 -0.312800 -0.312800
v 0.160000 -0.311171 -0.311171
v 0.178220 -0.303160 -0.305080
v 0.180000 -0.309034 -0.295898
v -0.080000 -0.280000 -0.312379
v -0.068569 -0.280000 -0.308569
v -0.060000 -0.289535 -0.309535
v -0.058559 -0.272644 -0.301162
v -0.046379 -0.286379 -0.306379
v -0.040479 -0.277103 -0.298176
v -0.018418 -0.290980 -0.294607
v -0.028012 -0.288012 -0.300000
v 0.189393 -0.290607 -0.310607
v 0.203402 -0.292799 -0.295182
v 0.200000 -0.286157 -0.306157
v 0.216893 -0.280698 -0.302912
v -0.100000 -0.260000 -0.309929
v -0.080812 -0.259621 -0.301423
v -0.062418 -0.262418 -0.297622
v 0.220000 -0.270424 -0.310424
v 0.238660 -0.262706 -0.303463
v 0.240000 -0.269611 -0.296647
v -0.238577 -0.236418 -0.313558
v -0.213272 -0.240000 -0.313272
v -0.180295 -0.239704 -0.300108
v -0.162131 -0.243355 -0.302747
v -0.140736 -0.241280 -0.300752
v -0.129191 -0.240000 -0.309191
v -0.115997 -0.234655 -0.295995
v -0.099985 -0.240480 -0.299885
v -0.089054 -0.249054 -0.300000
v 0.251628 -0.248372 -0.308372
v 0.260000 -0.247633 -0.300653
v 0.281969 -0.236538 -0.295914
v -0.258003 -0.216841 -0.313217
v -0.240000 -0.220000 -0.309278
v -0.222348 -0.223387 -0.303845
v -0.195681 -0.233628 -0.297054
v -0.208651 -0.228651 -0.300000
v 0.296732 -0.223649 -0.302099
v -0.260000 -0.197372 -0.314364
v -0.250167 -0.210167 -0.310167
v -0.250521 -0.200000 -0.310521
v -0.240000 -0.203730 -0.307327
v -0.228488 -0.208488 -0.300000
v -0.231731 -0.196556 -0.300000
v 0.320103 -0.199801 -0.299878
v -0.249213 -0.189213 -0.309213
v -0.240000 -0.186035 -0.306035
v -0.233092 -0.177612 -0.294542
v 0.343940 -0.193473 -0.295058
v 0.361755 -0.197064 -0.297780
v 0.382064 -0.197049 -0.297954
v 0.390414 -0.189586 -0.309586
v 0.400000 -0.190815 -0.296177
v 0.400000 -0.186158 -0.306158
v 0.418040 -0.175460 -0.298983
v -0.240000 -0.167215 -0.307215
v -0.240000 -0.156582 -0.311980
v -0.231880 -0.154593 -0.293660
v 0.420000 -0.167594 -0.307594
v 0.439313 -0.157737 -0.296895
v -0.229679 -0.140000 -0.300000
v 0.440000 -0.146808 -0.306808
v 0.451560 -0.140000 -0.300000
v -0.230636 -0.130636 -0.310636
v -0.223457 -0.120971 -0.301854
v 0.450780 -0.129220 -0.309220
v 0.460000 -0.130989 -0.297096
v 0.461841 -0.120385 -0.302377
v -0.220000 -0.110147 -0.295408
v -0.219240 -0.096886 -0.300064
v 0.460000 -0.108647 -0.308647
v 0.460000 -0.095783 -0.311172
v 0.468559 -0.095576 -0.300000
v -0.225571 -0.083941 -0.303064
v 0.469437 -0.075385 -0.300000
v -0.242975 -0.065349 -0.301752
v -0.232724 -0.072724 -0.296191
v 0.460000 -0.072305 -0.312305
v 0.460000 -0.060000 -0.311548
v 0.468148 -0.056246 -0.300000
v -0.260600 -0.041162 -0.300353
v -0.252266 -0.052266 -0.295814
v 0.460000 -0.049347 -0.309347
v 0.467200 -0.037930 -0.294153
v -0.280000 -0.016402 -0.312557
v -0.266506 -0.022912 -0.300000
v 0.459291 -0.021845 -0.300467
v 0.452131 -0.020000 -0.307869
v -0.280000 0.002032 -0.315317
v -0.266722 -0.003479 -0.300000
v 0.440000 -0.000000 -0.309523
v 0.452250 -0.007750 -0.300000
v 0.442905 0.006579 -0.298563
v -0.260382 0.020080 -0.300216
v 0.420000 0.020000 -0.311417
v 0.429685 0.009685 -0.310315
v 0.434810 0.014810 -0.300000
v 0.423429 0.026437 -0.298390
v -0.260000 0.029824 -0.310176
v -0.241766 0.045145 -0.296613
v 0.400465 0.040906 -0.299055
v 0.408340 0.028340 -0.311660
v 0.413540 0.033540 -0.300000
v -0.240000 0.050550 -0.309450
v -0.218594 0.061938 -0.298872
v 0.315851 0.052913 -0.305549
v 0.307281 0.062587 -0.300000
v 0.335221 0.050058 -0.309942
v 0.335945 0.051626 -0.300000
v 0.350050 0.050050 -0.309950
v 0.355865 0.051817 -0.300000
v 0.370852 0.050852 -0.300000
v 0.382754 0.048716 -0.293269
v -0.200000 0.070043 -0.304601
v -0.182643 0.076252 -0.302722
v -0.156625 0.080641 -0.296659
v 0.298908 0.078249 -0.300956
v -0.160000 0.087787 -0.312213
v -0.149854 0.090146 -0.309854
v -0.137861 0.081262 -0.296142
v -0.140000 0.092785 -0.307215
v -0.140000 0.104144 -0.310862
v -0.122969 0.098025 -0.303447
v 0.294151 0.094151 -0.300000
v 0.290751 0.104508 -0.300000
v -0.135636 0.124466 -0.313703
v -0.128492 0.111508 -0.308492
v -0.120000 0.116888 -0.306836
v -0.101863 0.119696 -0.298692
v 0.281961 0.124526 -0.298575
v -0.120000 0.130172 -0.309828
v -0.120000 0.143188 -0.312815
v -0.103564 0.137257 -0.304611
v 0.262388 0.142929 -0.300889
v 0.274164 0.134164 -0.300000
v -0.111344 0.148656 -0.311344
v -0.100000 0.151782 -0.308218
v -0.096384 0.165110 -0.312666
v -0.080252 0.160292 -0.300298
v 0.220000 0.160000 -0.311244
v 0.239364 0.158926 -0.300242
v 0.251212 0.151212 -0.300000
v -0.080000 0.169602 -0.310398
v -0.060853 0.178767 -0.299247
v 0.180000 0.180000 -0.310790
v 0.199371 0.176229 -0.302809
v 0.211702 0.171702 -0.300000
v 0.222556 0.166114 -0.300000
v -0.040000 0.190683 -0.300000
v -0.040000 0.189358 -0.310641
v -0.019186 0.200877 -0.299332
v -0.007916 0.200000 -0.307916
v 0.003659 0.200000 -0.311968
v 0.087233 0.200000 -0.312767
v 0.100000 0.200000 -0.309479
v 0.119479 0.200516 -0.300219
v 0.130834 0.190834 -0.309166
v 0.137544 0.194180 -0.300000
v 0.151952 0.191952 -0.300000
v 0.164355 0.189781 -0.300000
v 0.182110 0.187654 -0.293671
v 0.003325 0.206441 -0.300000
v 0.024131 0.208146 -0.300000
v 0.043836 0.207998 -0.300000
v 0.063263 0.206835 -0.300000
v 0.083545 0.206373 -0.295023
v 0.102477 0.204208 -0.296806
v 0.100073 -0.340054 -0.279798
v 0.035023 -0.321826 -0.285211
v 0.020362 -0.318952 -0.274705
v 0.056682 -0.327361 -0.287361
v 0.064277 -0.332870 -0.274863
v 0.050376 -0.329624 -0.275392
v 0.069587 -0.330413 -0.290413
v 0.081712 -0.337085 -0.277842
v 0.124437 -0.333299 -0.275121
v 0.135327 -0.329001 -0.289001
v 0.140000 -0.330655 -0.275613
v 0.155977 -0.325900 -0.284233
v 0.184327 -0.315415 -0.278884
v -0.003973 -0.306606 -0.286009
v 0.003203 -0.314262 -0.276037
v -0.019425 -0.297058 -0.277934
v 0.010208 -0.309792 -0.289792
v 0.198973 -0.301906 -0.282232
v -0.028538 -0.288538 -0.284750
v -0.038934 -0.273410 -0.275295
v 0.221228 -0.297964 -0.272552
v 0.220000 -0.289929 -0.289929
v 0.236816 -0.284467 -0.282417
v -0.052115 -0.272115 -0.292115
v -0.044741 -0.264741 -0.280000
v -0.050726 -0.256630 -0.278322
v 0.258093 -0.262844 -0.283157
v -0.161743 -0.242916 -0.282177
v -0.179437 -0.238722 -0.278934
v -0.140627 -0.241047 -0.280689
v -0.080000 -0.240000 -0.292900
v -0.074151 -0.254151 -0.294151
v -0.061316 -0.242378 -0.280000
v 0.271181 -0.248819 -0.288819
v 0.280000 -0.250961 -0.276529
v 0.280000 -0.245167 -0.285167
v 0.302664 -0.236072 -0.275442
v -0.201183 -0.226131 -0.284511
v -0.192173 -0.232173 -0.276167
v -0.115704 -0.233968 -0.275567
v -0.100000 -0.227826 -0.280000
v -0.083145 -0.226364 -0.280000
v -0.071220 -0.231220 -0.275540
v 0.300000 -0.229440 -0.289440
v 0.319499 -0.217981 -0.277114
v 0.308218 -0.220000 -0.291782
v -0.219951 -0.199450 -0.279606
v -0.211941 -0.211941 -0.275880
v 0.320000 -0.208190 -0.288190
v 0.344518 -0.193920 -0.275677
v -0.230384 -0.190385 -0.290385
v -0.226304 -0.182758 -0.280000
v 0.363316 -0.194368 -0.275551
v 0.381822 -0.197083 -0.277763
v 0.400000 -0.195332 -0.277710
v 0.415133 -0.185436 -0.281951
v -0.229106 -0.164331 -0.280000
v 0.428070 -0.171930 -0.291930
v 0.440000 -0.171034 -0.276270
v 0.440000 -0.166083 -0.286083
v 0.449568 -0.160000 -0.280000
v -0.228335 -0.142088 -0.284344
v 0.449142 -0.150858 -0.290858
v 0.460614 -0.142799 -0.284031
v -0.223096 -0.121751 -0.282547
v 0.468806 -0.131194 -0.280000
v 0.474594 -0.120000 -0.280000
v 0.468262 -0.120000 -0.291738
v -0.219722 -0.093458 -0.277843
v 0.478471 -0.098024 -0.278428
v 0.472871 -0.107129 -0.287129
v -0.222891 -0.081372 -0.282176
v -0.220000 -0.091122 -0.291122
v 0.478913 -0.080385 -0.280465
v -0.240252 -0.061246 -0.281016
v -0.231501 -0.071501 -0.275999
v 0.477315 -0.061746 -0.282132
v -0.249486 -0.049486 -0.280000
v -0.255352 -0.037404 -0.276592
v 0.474823 -0.042354 -0.280000
v 0.471761 -0.048239 -0.288239
v -0.260061 -0.020207 -0.280051
v 0.471015 -0.028985 -0.280000
v 0.466419 -0.015472 -0.276732
v -0.261451 0.000038 -0.280280
v 0.457882 -0.004140 -0.281743
v -0.260000 0.011780 -0.288220
v -0.255465 0.020000 -0.277692
v 0.440442 0.022184 -0.278272
v 0.449869 0.009869 -0.280000
v -0.250405 0.029595 -0.275697
v -0.243793 0.041282 -0.282689
v 0.419238 0.036142 -0.283036
v 0.430404 0.030404 -0.280000
v -0.216865 0.063609 -0.277152
v 0.321885 0.064798 -0.279224
v 0.334937 0.051598 -0.286399
v 0.355589 0.051267 -0.288733
v 0.349747 0.049747 -0.275817
v 0.366344 0.049999 -0.277975
v 0.371311 0.051311 -0.288689
v 0.382087 0.048879 -0.274850
v 0.402869 0.044992 -0.276305
v -0.200000 0.070423 -0.284928
v -0.182444 0.076675 -0.282586
v -0.160115 0.079839 -0.282076
v -0.141477 0.077574 -0.281781
v -0.122739 0.075511 -0.283224
v -0.120000 0.081642 -0.294024
v -0.109283 0.080000 -0.275158
v 0.309170 0.069170 -0.290830
v 0.314123 0.074123 -0.280000
v 0.308995 0.083507 -0.280000
v -0.100000 0.092016 -0.282850
v -0.109839 0.090161 -0.289839
v -0.100000 0.103679 -0.290487
v -0.095287 0.103190 -0.276528
v 0.300000 0.089749 -0.290251
v 0.300294 0.101877 -0.278507
v -0.090682 0.120000 -0.275578
v 0.292465 0.112465 -0.284391
v 0.288657 0.123381 -0.278304
v -0.086759 0.136230 -0.280000
v -0.092366 0.140000 -0.292366
v 0.278034 0.135948 -0.280886
v 0.271130 0.140000 -0.288870
v 0.280000 0.130112 -0.289888
v -0.078918 0.156620 -0.281893
v 0.257325 0.152188 -0.287812
v 0.254897 0.158210 -0.280000
v 0.263332 0.149695 -0.278189
v -0.071331 0.168669 -0.277033
v -0.060971 0.182673 -0.278286
v 0.209658 0.180000 -0.290342
v 0.220578 0.182521 -0.278345
v 0.230543 0.170543 -0.289457
v 0.237985 0.174798 -0.280000
v 0.248187 0.168187 -0.275554
v -0.039287 0.198671 -0.277154
v -0.051337 0.188663 -0.280000
v -0.029641 0.200000 -0.289641
v 0.140292 0.200450 -0.279711
v 0.159623 0.199460 -0.280341
v 0.174893 0.193177 -0.283843
v 0.189680 0.189680 -0.280000
v 0.203672 0.186520 -0.274888
v -0.020000 0.208666 -0.280000
v -0.003217 0.215799 -0.277849
v 0.000000 0.212180 -0.287820
v 0.018381 0.216858 -0.282213
v 0.039953 0.220248 -0.279922
v 0.056912 0.215037 -0.284231
v 0.069289 0.209289 -0.290711
v 0.073331 0.213331 -0.280000
v 0.084401 0.210267 -0.280000
v 0.104285 0.207166 -0.274141
v 0.121388 0.202559 -0.277952
v 0.016137 -0.321302 -0.264033
v 0.000288 -0.319238 -0.256644
v 0.036352 -0.328233 -0.268233
v 0.042404 -0.335773 -0.257190
v 0.028828 -0.331172 -0.256289
v 0.062405 -0.339119 -0.256374
v 0.082143 -0.339233 -0.252422
v 0.100285 -0.339850 -0.259489
v 0.122093 -0.339130 -0.257009
v 0.144099 -0.334044 -0.255815
v 0.155253 -0.328612 -0.268612
v 0.160000 -0.329956 -0.255430
v 0.178234 -0.322488 -0.261311
v -0.020110 -0.300550 -0.263254
v -0.009601 -0.309601 -0.269601
v -0.011687 -0.311687 -0.256126
v 0.200000 -0.307454 -0.263411
v 0.218089 -0.302695 -0.261658
v -0.028950 -0.288950 -0.264302
v -0.039184 -0.274762 -0.256252
v 0.240000 -0.294158 -0.257362
v 0.240000 -0.289649 -0.269649
v 0.258483 -0.276579 -0.257985
v 0.248604 -0.280000 -0.271396
v -0.047015 -0.262627 -0.265685
v -0.050458 -0.258423 -0.253987
v 0.260000 -0.270106 -0.270106
v 0.279556 -0.260527 -0.260226
v -0.180103 -0.240328 -0.263798
v -0.163213 -0.245523 -0.263955
v -0.143138 -0.244955 -0.263539
v -0.118906 -0.238652 -0.258949
v -0.130122 -0.240000 -0.270122
v -0.060549 -0.242943 -0.262166
v 0.296087 -0.246560 -0.265008
v 0.309343 -0.240000 -0.260000
v -0.200788 -0.223816 -0.262866
v -0.192591 -0.232591 -0.256356
v -0.100000 -0.231413 -0.256182
v -0.100000 -0.228933 -0.268933
v -0.084218 -0.226598 -0.264887
v -0.070522 -0.230522 -0.255453
v 0.320000 -0.232208 -0.256962
v 0.320000 -0.226155 -0.266155
v 0.328476 -0.220000 -0.260000
v -0.211219 -0.211219 -0.255660
v -0.219639 -0.197035 -0.258043
v 0.337711 -0.202900 -0.262789
v -0.225421 -0.183047 -0.264080
v 0.364274 -0.190756 -0.260000
v 0.382833 -0.194111 -0.260000
v 0.405931 -0.191437 -0.253208
v 0.408230 -0.191770 -0.271770
v 0.420000 -0.186381 -0.263065
v 0.438394 -0.177449 -0.258364
v 0.429579 -0.180000 -0.270421
v -0.228537 -0.168537 -0.264352
v -0.230254 -0.153896 -0.257964
v -0.229595 -0.160000 -0.269595
v 0.458128 -0.157596 -0.259627
v -0.229241 -0.144813 -0.269241
v -0.232587 -0.136933 -0.255072
v 0.460000 -0.150706 -0.270706
v 0.470823 -0.140000 -0.260000
v 0.466894 -0.140000 -0.273106
v -0.227344 -0.124198 -0.265099
v -0.238757 -0.116643 -0.255102
v 0.481034 -0.119530 -0.259528
v -0.225513 -0.102957 -0.265513
v -0.239296 -0.098248 -0.257511
v 0.480000 -0.109714 -0.269714
v 0.486285 -0.095816 -0.254997
v -0.226732 -0.082819 -0.266732
v -0.239901 -0.079375 -0.259260
v 0.488161 -0.074831 -0.253517
v -0.242918 -0.064563 -0.263920
v 0.486654 -0.056132 -0.254746
v -0.249857 -0.049857 -0.269857
v -0.259401 -0.037407 -0.256278
v 0.480000 -0.050495 -0.270495
v 0.480858 -0.036795 -0.259435
v -0.260183 -0.022373 -0.261408
v 0.474360 -0.022975 -0.264535
v -0.260421 -0.000181 -0.260334
v 0.460000 -0.000000 -0.269549
v 0.469705 -0.010295 -0.260000
v 0.460693 0.004250 -0.256780
v -0.252200 0.026555 -0.257690
v 0.452991 0.012991 -0.263909
v 0.441515 0.026301 -0.255196
v -0.246032 0.040000 -0.262966
v 0.419697 0.039272 -0.260660
v 0.432358 0.032358 -0.264113
v -0.240000 0.048808 -0.260000
v -0.240000 0.046917 -0.273083
v -0.230155 0.060000 -0.255854
v -0.226599 0.060000 -0.266599
v 0.339380 0.058078 -0.261602
v 0.347888 0.047889 -0.260000
v 0.359689 0.038281 -0.241412
v 0.380989 0.041600 -0.254985
v 0.401993 0.043357 -0.257648
v -0.220000 0.067828 -0.255433
v -0.201848 0.074979 -0.262355
v -0.179191 0.081075 -0.260124
v -0.167895 0.080000 -0.267895
v -0.138994 0.079323 -0.259255
v -0.121517 0.077543 -0.261485
v 0.321746 0.085084 -0.259398
v 0.331216 0.071216 -0.260000
v -0.159046 0.081570 -0.258769
v -0.097309 0.101540 -0.257934
v -0.100000 0.091767 -0.268233
v 0.313067 0.093067 -0.264316
v 0.308393 0.103252 -0.258059
v -0.092830 0.120000 -0.256672
v 0.297033 0.113835 -0.262215
v -0.087471 0.135912 -0.265727
v -0.089752 0.130248 -0.255076
v 0.279206 0.136014 -0.263043
v 0.287856 0.127856 -0.255590
v -0.078207 0.160255 -0.259682
v 0.260189 0.160935 -0.259317
v 0.268742 0.148742 -0.260000
v -0.069220 0.180000 -0.255390
v -0.066594 0.180000 -0.266594
v 0.239268 0.178341 -0.261715
v 0.251261 0.171261 -0.260000
v -0.060000 0.189818 -0.260000
v -0.050785 0.200000 -0.256611
v -0.042597 0.203061 -0.262597
v 0.178526 0.197324 -0.262104
v 0.161104 0.202050 -0.258118
v 0.194519 0.192614 -0.263948
v 0.209494 0.189494 -0.255469
v 0.222951 0.185348 -0.256143
v -0.022331 0.216824 -0.259262
v -0.006489 0.220000 -0.266489
v 0.007517 0.220000 -0.272483
v 0.060291 0.220871 -0.259469
v 0.078346 0.217266 -0.261806
v 0.094613 0.212716 -0.263916
v 0.111047 0.211047 -0.260000
v 0.125801 0.208250 -0.256004
v 0.142401 0.204169 -0.256873
v 0.002588 0.225186 -0.260000
v 0.022387 0.228405 -0.253036
v 0.043109 0.225058 -0.255958
v 0.037220 -0.341184 -0.243656
v 0.026879 -0.339159 -0.235613
v 0.056951 -0.345108 -0.243497
v 0.078035 -0.343074 -0.242058
v 0.097039 -0.345701 -0.243961
v 0.106449 -0.349662 -0.237900
v 0.117013 -0.346077 -0.246077
v 0.120000 -0.350608 -0.235885
v 0.138710 -0.342001 -0.245580
v 0.162412 -0.336386 -0.233930
v -0.001046 -0.323547 -0.242262
v 0.016308 -0.328663 -0.248663
v 0.009398 -0.330602 -0.235752
v 0.177037 -0.323612 -0.241729
v -0.020638 -0.303566 -0.242428
v 0.200000 -0.312723 -0.236873
v 0.200000 -0.310066 -0.250066
v 0.216569 -0.304790 -0.243482
v 0.229416 -0.300000 -0.236018
v 0.228465 -0.300000 -0.251535
v -0.029636 -0.289636 -0.249636
v -0.030371 -0.290371 -0.235391
v -0.039394 -0.276177 -0.237368
v 0.240000 -0.295978 -0.237880
v 0.260512 -0.279384 -0.239662
v -0.045728 -0.265728 -0.242830
v -0.053187 -0.256611 -0.235141
v 0.268119 -0.271881 -0.251881
v 0.280000 -0.267077 -0.243002
v 0.289554 -0.260000 -0.240000
v -0.180655 -0.242338 -0.241773
v -0.163915 -0.248322 -0.246268
v -0.155310 -0.252226 -0.234535
v -0.144518 -0.248870 -0.248870
v -0.140000 -0.252357 -0.236674
v -0.123335 -0.244927 -0.243396
v -0.109650 -0.240000 -0.240000
v -0.060787 -0.244687 -0.243344
v 0.300000 -0.252623 -0.236590
v 0.300000 -0.249610 -0.249610
v 0.319835 -0.240202 -0.240129
v -0.200863 -0.224468 -0.243270
v -0.193257 -0.233257 -0.236705
v -0.096847 -0.235317 -0.236695
v -0.090078 -0.230078 -0.250078
v -0.078234 -0.231408 -0.234976
v -0.080000 -0.227803 -0.247803
v 0.339654 -0.218054 -0.236261
v 0.334997 -0.220000 -0.245003
v -0.211946 -0.211946 -0.236164
v -0.219918 -0.199473 -0.238125
v 0.340000 -0.209162 -0.249162
v 0.348937 -0.200000 -0.240000
v -0.226708 -0.182957 -0.245191
v -0.231336 -0.178190 -0.235193
v 0.360000 -0.186978 -0.243442
v 0.377976 -0.186104 -0.244750
v 0.388561 -0.191439 -0.251439
v 0.396392 -0.187717 -0.240000
v 0.418340 -0.186131 -0.243052
v 0.437863 -0.177916 -0.239641
v -0.230130 -0.170130 -0.250130
v -0.239745 -0.158363 -0.237655
v 0.457384 -0.162705 -0.241603
v -0.243856 -0.144366 -0.242036
v -0.259754 -0.138930 -0.238529
v 0.474320 -0.140000 -0.243215
v -0.265459 -0.125735 -0.242053
v -0.279921 -0.119601 -0.239575
v -0.243870 -0.129425 -0.249425
v -0.250082 -0.115347 -0.250082
v 0.480000 -0.130254 -0.235432
v 0.480000 -0.126844 -0.246844
v 0.485117 -0.116443 -0.236028
v -0.282073 -0.102575 -0.243662
v -0.288948 -0.108948 -0.240000
v -0.299831 -0.098686 -0.239139
v -0.263770 -0.105989 -0.248049
v -0.255622 -0.094429 -0.252284
v 0.489214 -0.100000 -0.235199
v -0.300492 -0.080991 -0.241367
v -0.283394 -0.084351 -0.246010
v -0.269700 -0.084660 -0.249700
v -0.256652 -0.075443 -0.253817
v 0.490019 -0.089981 -0.240000
v 0.491318 -0.080000 -0.240000
v -0.300221 -0.060476 -0.240683
v -0.283206 -0.064247 -0.245664
v -0.269429 -0.064811 -0.249429
v 0.491414 -0.064294 -0.240000
v -0.281879 -0.042550 -0.243337
v -0.298997 -0.037945 -0.237114
v -0.268950 -0.044648 -0.248950
v 0.489634 -0.050366 -0.235202
v 0.486099 -0.036641 -0.235507
v -0.279794 -0.019406 -0.239180
v -0.267967 -0.024143 -0.247967
v 0.479993 -0.020163 -0.240148
v -0.265224 -0.002733 -0.245224
v -0.278596 0.004524 -0.234032
v 0.471730 -0.008270 -0.244501
v 0.461023 0.005013 -0.236635
v -0.259790 0.022990 -0.236730
v -0.260000 0.007756 -0.252244
v 0.454478 0.014478 -0.242835
v 0.441341 0.025224 -0.236401
v -0.251577 0.040000 -0.236210
v -0.248705 0.040000 -0.248705
v 0.377111 0.035159 -0.243243
v 0.398405 0.036881 -0.243141
v 0.389891 0.040000 -0.250109
v 0.417616 0.035913 -0.242765
v 0.431935 0.031935 -0.243686
v -0.238788 0.056388 -0.242388
v 0.351579 0.051579 -0.240000
v 0.349958 0.049958 -0.250042
v 0.346803 0.064775 -0.236612
v -0.220000 0.072227 -0.240000
v -0.196946 0.084065 -0.237110
v -0.196621 0.080000 -0.251293
v -0.120000 0.080000 -0.250139
v 0.337854 0.076401 -0.241810
v -0.175088 0.087921 -0.233569
v -0.155976 0.086386 -0.234735
v -0.136983 0.084448 -0.236216
v -0.120000 0.084493 -0.237057
v -0.107049 0.092951 -0.247049
v -0.100541 0.100706 -0.243902
v 0.320258 0.101933 -0.238454
v 0.329423 0.089423 -0.240000
v -0.095525 0.123169 -0.236834
v 0.300786 0.123493 -0.237189
v 0.311706 0.111706 -0.240000
v -0.089410 0.140000 -0.235259
v -0.087719 0.140000 -0.247719
v 0.280000 0.140000 -0.250531
v 0.291030 0.131030 -0.240000
v 0.280848 0.143955 -0.237047
v -0.080776 0.159526 -0.244800
v 0.271888 0.151888 -0.244579
v 0.260875 0.163644 -0.237297
v -0.074351 0.180000 -0.237599
v 0.238999 0.177240 -0.242262
v 0.251248 0.171248 -0.244338
v -0.057619 0.202571 -0.240799
v 0.178236 0.196909 -0.242265
v 0.160544 0.201458 -0.238918
v 0.195812 0.192674 -0.245357
v 0.209022 0.189022 -0.235206
v 0.222110 0.183936 -0.237000
v -0.038356 0.219553 -0.234682
v -0.040000 0.212559 -0.247441
v -0.027408 0.220000 -0.247408
v 0.100991 0.219831 -0.239117
v 0.117084 0.215053 -0.243992
v 0.130229 0.210229 -0.240000
v 0.143671 0.206498 -0.234799
v -0.020000 0.227318 -0.240000
v -0.004638 0.232410 -0.240000
v 0.004691 0.229286 -0.250714
v 0.017128 0.234207 -0.240000
v 0.030629 0.230629 -0.240000
v 0.043864 0.227925 -0.240000
v 0.062844 0.228798 -0.232835
v 0.082518 0.224487 -0.236435
v 0.036979 -0.345422 -0.223927
v 0.020484 -0.338911 -0.219009
v 0.051304 -0.348696 -0.224170
v 0.063263 -0.350516 -0.212838
v 0.060000 -0.349231 -0.229231
v 0.075188 -0.349274 -0.229274
v 0.084755 -0.352241 -0.214221
v 0.090081 -0.349919 -0.229919
v 0.104584 -0.353057 -0.214610
v 0.125636 -0.351640 -0.213445
v 0.130080 -0.349920 -0.229920
v 0.140000 -0.349091 -0.224200
v 0.157384 -0.343436 -0.222117
v -0.003770 -0.325234 -0.226908
v 0.001627 -0.331982 -0.215344
v -0.018847 -0.314022 -0.216153
v 0.180000 -0.331312 -0.216394
v 0.180000 -0.327386 -0.227386
v 0.199725 -0.320366 -0.220179
v -0.022579 -0.305459 -0.225390
v 0.211298 -0.308702 -0.228702
v 0.220000 -0.306248 -0.222742
v 0.230188 -0.300000 -0.220000
v -0.039952 -0.279705 -0.219021
v 0.240000 -0.293591 -0.216852
v 0.259682 -0.280332 -0.219866
v -0.047158 -0.267158 -0.223405
v -0.058831 -0.252969 -0.215319
v 0.280000 -0.270018 -0.224888
v 0.297440 -0.257449 -0.219812
v -0.181142 -0.244348 -0.222982
v -0.169927 -0.249927 -0.229927
v -0.157380 -0.255613 -0.216805
v -0.171200 -0.251200 -0.215740
v -0.137171 -0.255928 -0.217057
v -0.130722 -0.250722 -0.230722
v -0.120000 -0.251518 -0.216149
v -0.120000 -0.248372 -0.228372
v -0.099669 -0.239443 -0.219711
v -0.062765 -0.245071 -0.226380
v -0.072907 -0.238871 -0.215319
v 0.311513 -0.248487 -0.223468
v 0.322137 -0.242413 -0.220422
v -0.203718 -0.224233 -0.222951
v 0.341239 -0.221967 -0.220606
v -0.222864 -0.202269 -0.223063
v -0.233746 -0.198957 -0.218170
v 0.347657 -0.212343 -0.220000
v 0.354303 -0.200000 -0.223445
v -0.260061 -0.180201 -0.220306
v -0.244638 -0.184613 -0.222108
v -0.228928 -0.188928 -0.228928
v 0.360000 -0.191288 -0.216108
v 0.360000 -0.186264 -0.226264
v 0.366385 -0.180000 -0.217285
v 0.368202 -0.180000 -0.231797
v 0.390972 -0.180000 -0.229028
v 0.401570 -0.177543 -0.221379
v 0.418648 -0.178920 -0.222829
v 0.429101 -0.180000 -0.230899
v -0.281276 -0.161810 -0.222179
v -0.299688 -0.158805 -0.218321
v -0.263853 -0.163188 -0.226417
v -0.248678 -0.168678 -0.228678
v 0.383517 -0.172287 -0.220000
v 0.440000 -0.172618 -0.220000
v 0.459671 -0.160335 -0.220255
v -0.304994 -0.145242 -0.222094
v -0.319895 -0.139519 -0.219336
v -0.284061 -0.145891 -0.228212
v -0.276889 -0.136267 -0.234494
v -0.270145 -0.150145 -0.230145
v -0.260000 -0.152004 -0.232004
v 0.476646 -0.137856 -0.222261
v -0.325140 -0.125463 -0.222288
v -0.339741 -0.118215 -0.218069
v -0.308173 -0.128173 -0.228173
v -0.311054 -0.115953 -0.231054
v -0.295940 -0.130983 -0.230983
v -0.297432 -0.116814 -0.235429
v 0.485764 -0.116048 -0.215737
v -0.340515 -0.101349 -0.222019
v -0.323936 -0.106599 -0.228711
v -0.316751 -0.095786 -0.234098
v 0.490115 -0.100000 -0.215138
v -0.340943 -0.082744 -0.223964
v -0.330028 -0.084814 -0.230028
v -0.317566 -0.076666 -0.235569
v 0.491369 -0.085695 -0.226648
v -0.341096 -0.063042 -0.224202
v -0.329798 -0.064956 -0.229798
v -0.316659 -0.055346 -0.233928
v 0.491813 -0.065110 -0.226213
v -0.340460 -0.041491 -0.222156
v -0.328138 -0.044231 -0.228138
v -0.314036 -0.035819 -0.231651
v 0.489197 -0.050803 -0.215715
v 0.485324 -0.037050 -0.216205
v -0.323164 -0.024520 -0.225807
v -0.338992 -0.016307 -0.215170
v -0.309889 -0.020000 -0.229889
v -0.296334 -0.014762 -0.233309
v 0.479824 -0.021631 -0.221139
v -0.319874 0.000370 -0.219561
v -0.306777 -0.003769 -0.226777
v -0.295763 -0.000000 -0.230050
v 0.471921 -0.008079 -0.223986
v 0.460232 0.000939 -0.214955
v -0.301839 0.017676 -0.223248
v -0.312110 0.021855 -0.217031
v -0.287329 0.015886 -0.227329
v -0.275382 0.020000 -0.229416
v 0.439773 0.019413 -0.222111
v 0.452263 0.012263 -0.227737
v 0.449484 0.009484 -0.215743
v -0.278398 0.038498 -0.217391
v -0.289794 0.030206 -0.220000
v -0.261319 0.039477 -0.222596
v 0.369954 0.029954 -0.230046
v 0.369456 0.029456 -0.220000
v 0.380753 0.020606 -0.217773
v 0.361531 0.044804 -0.218807
v 0.384234 0.028461 -0.231539
v 0.400992 0.020585 -0.218458
v 0.404881 0.029585 -0.230415
v 0.421602 0.021086 -0.217171
v 0.424359 0.029310 -0.230690
v -0.240890 0.059793 -0.224007
v 0.354794 0.057272 -0.224177
v -0.218782 0.078029 -0.221001
v -0.231672 0.068328 -0.220000
v -0.210667 0.080000 -0.230667
v 0.340000 0.080000 -0.229774
v 0.349876 0.069876 -0.220000
v 0.340707 0.084415 -0.216289
v -0.195114 0.088771 -0.220000
v -0.180000 0.092288 -0.220000
v -0.164119 0.091338 -0.220000
v -0.144615 0.090674 -0.220000
v -0.124115 0.092181 -0.220000
v -0.112319 0.100000 -0.216930
v -0.106790 0.100000 -0.226790
v 0.331517 0.091517 -0.224595
v 0.322238 0.105801 -0.218982
v -0.100685 0.119569 -0.222786
v 0.313702 0.115909 -0.222945
v -0.091363 0.147124 -0.217552
v 0.292993 0.132993 -0.223781
v 0.302248 0.128141 -0.213776
v 0.280951 0.144154 -0.216808
v -0.085903 0.156711 -0.224458
v 0.272206 0.152206 -0.223804
v 0.260285 0.161313 -0.218950
v -0.080074 0.180036 -0.220285
v 0.238991 0.177387 -0.222241
v 0.250158 0.170158 -0.224796
v -0.070441 0.189559 -0.230441
v -0.069520 0.200000 -0.215341
v -0.066198 0.200000 -0.226198
v 0.180195 0.200223 -0.219709
v 0.197156 0.194969 -0.223867
v 0.210724 0.190724 -0.220000
v 0.223428 0.186374 -0.215088
v -0.060000 0.208621 -0.220000
v -0.043527 0.221081 -0.222044
v 0.120292 0.220613 -0.219420
v 0.133537 0.213537 -0.223509
v 0.144462 0.210111 -0.220000
v 0.163356 0.206149 -0.215307
v -0.020000 0.233044 -0.224304
v -0.031524 0.228476 -0.220000
v -0.001097 0.238556 -0.220768
v 0.019579 0.240662 -0.219976
v 0.036957 0.234537 -0.224415
v 0.051049 0.231049 -0.228951
v 0.056984 0.233827 -0.220000
v 0.071949 0.231949 -0.220000
v 0.082170 0.229981 -0.213753
v 0.103163 0.225331 -0.215959
v 0.037542 -0.344444 -0.203370
v 0.020776 -0.338043 -0.198434
v 0.051845 -0.348155 -0.204237
v 0.062100 -0.350863 -0.194640
v 0.084039 -0.353579 -0.195333
v 0.104898 -0.352751 -0.194574
v 0.120000 -0.350322 -0.195191
v 0.137827 -0.348344 -0.204297
v 0.157253 -0.343861 -0.202705
v 0.168348 -0.340000 -0.211652
v -0.020183 -0.320854 -0.203119
v -0.008091 -0.328091 -0.208091
v 0.002010 -0.336616 -0.197622
v -0.011167 -0.331167 -0.196047
v 0.186132 -0.332853 -0.197862
v 0.196298 -0.326320 -0.204873
v 0.209099 -0.320000 -0.200000
v -0.029208 -0.303753 -0.209208
v -0.030759 -0.310759 -0.195922
v -0.039262 -0.295171 -0.197052
v 0.220000 -0.313615 -0.197193
v 0.220000 -0.309958 -0.209958
v 0.242205 -0.296919 -0.197170
v -0.042357 -0.284764 -0.204655
v 0.260723 -0.279172 -0.199389
v -0.049482 -0.269482 -0.209482
v -0.059884 -0.259275 -0.197324
v 0.280000 -0.268885 -0.204676
v 0.298036 -0.257946 -0.199618
v -0.183730 -0.245219 -0.206882
v -0.178212 -0.251284 -0.195048
v -0.199699 -0.238925 -0.196367
v -0.158272 -0.257177 -0.197937
v -0.139001 -0.258488 -0.198911
v -0.116135 -0.253562 -0.194989
v -0.104467 -0.245985 -0.204296
v -0.079904 -0.239804 -0.199598
v -0.066351 -0.246351 -0.202924
v 0.310070 -0.249930 -0.209930
v 0.322066 -0.242628 -0.200748
v 0.308784 -0.251216 -0.195708
v -0.240085 -0.220198 -0.200419
v -0.221708 -0.221428 -0.203290
v -0.209657 -0.223614 -0.209657
v -0.215845 -0.231426 -0.193856
v 0.344128 -0.221629 -0.197238
v 0.340000 -0.226093 -0.206093
v -0.281804 -0.201950 -0.202713
v -0.299718 -0.198969 -0.198220
v -0.263362 -0.204474 -0.206485
v -0.258331 -0.218619 -0.197240
v -0.256189 -0.195636 -0.213361
v -0.247775 -0.207775 -0.207775
v -0.235254 -0.209630 -0.209630
v 0.358840 -0.199043 -0.199133
v 0.352776 -0.207224 -0.207224
v -0.303339 -0.182798 -0.205843
v -0.308960 -0.188960 -0.200000
v -0.319961 -0.179818 -0.199723
v -0.288385 -0.188385 -0.208385
v -0.275881 -0.190975 -0.210975
v 0.367721 -0.180000 -0.195805
v -0.323393 -0.162888 -0.205991
v -0.328940 -0.168940 -0.200000
v -0.339761 -0.158684 -0.198040
v -0.309558 -0.169558 -0.209558
v -0.300000 -0.172242 -0.212242
v 0.380925 -0.164009 -0.202025
v 0.399442 -0.161408 -0.201200
v 0.408627 -0.171373 -0.211373
v 0.421531 -0.161656 -0.196716
v 0.420000 -0.172971 -0.212971
v 0.430596 -0.169404 -0.209404
v 0.438972 -0.161915 -0.199704
v 0.452756 -0.160000 -0.207244
v -0.344047 -0.143943 -0.202239
v -0.352181 -0.137443 -0.198667
v -0.329433 -0.149433 -0.209433
v -0.320000 -0.152764 -0.212764
v 0.460000 -0.150901 -0.200000
v 0.468244 -0.140000 -0.196769
v 0.472774 -0.140000 -0.207226
v -0.360047 -0.120309 -0.200499
v -0.343928 -0.129791 -0.209791
v -0.351047 -0.115973 -0.211047
v 0.480989 -0.119420 -0.196948
v 0.480000 -0.127078 -0.207078
v -0.361490 -0.102148 -0.205219
v 0.487380 -0.095300 -0.194877
v -0.361223 -0.082518 -0.205456
v 0.491089 -0.084696 -0.208911
v 0.488911 -0.077810 -0.194969
v -0.365308 -0.066044 -0.202866
v -0.371273 -0.058475 -0.196997
v 0.490566 -0.064632 -0.209434
v 0.486593 -0.056226 -0.195398
v -0.361086 -0.044281 -0.205887
v -0.352191 -0.035709 -0.212191
v 0.480280 -0.037807 -0.194637
v -0.360197 -0.020880 -0.201186
v -0.349580 -0.020000 -0.209580
v 0.478276 -0.024742 -0.205040
v -0.344363 -0.003139 -0.206411
v -0.356714 0.001669 -0.194032
v -0.331843 0.004620 -0.211843
v 0.459298 -0.002525 -0.201764
v 0.468160 -0.011840 -0.196471
v 0.470782 -0.009218 -0.209218
v -0.339164 0.020348 -0.198164
v -0.328420 0.020000 -0.208420
v 0.379334 0.016615 -0.202370
v 0.395472 0.011552 -0.208448
v 0.388112 0.008112 -0.196636
v 0.402777 0.001940 -0.195607
v 0.416481 0.013197 -0.206803
v 0.423294 0.002325 -0.194676
v 0.436231 0.011740 -0.208260
v 0.442210 0.001682 -0.195944
v -0.318777 0.040641 -0.197679
v -0.306753 0.040000 -0.206753
v -0.296302 0.040000 -0.211220
v 0.371139 0.031139 -0.204584
v 0.368954 0.042591 -0.192814
v -0.300000 0.050945 -0.200000
v -0.280342 0.062073 -0.197009
v -0.268825 0.051175 -0.208825
v -0.259936 0.061899 -0.201797
v -0.248553 0.060000 -0.208553
v 0.360152 0.061434 -0.198909
v -0.240000 0.071660 -0.200000
v -0.217678 0.084564 -0.198886
v -0.220000 0.080000 -0.209985
v 0.352858 0.072858 -0.203902
v 0.346700 0.084356 -0.197027
v -0.200000 0.093328 -0.203968
v -0.179497 0.100606 -0.199660
v -0.160076 0.100615 -0.199762
v -0.140536 0.099315 -0.200352
v -0.122308 0.100940 -0.203691
v 0.332593 0.098643 -0.203391
v 0.340000 0.091713 -0.200000
v -0.109844 0.110156 -0.209844
v -0.106402 0.120000 -0.202703
v 0.318911 0.113469 -0.205314
v -0.099228 0.140442 -0.196565
v -0.100000 0.128564 -0.211436
v 0.293508 0.133508 -0.203226
v 0.304815 0.127306 -0.196810
v 0.281027 0.144839 -0.195888
v -0.091089 0.167180 -0.197191
v -0.089179 0.160000 -0.209179
v 0.271969 0.151969 -0.203969
v 0.260358 0.161510 -0.198741
v -0.086667 0.176573 -0.204791
v 0.240424 0.181745 -0.198703
v 0.251282 0.171282 -0.204539
v -0.080000 0.191659 -0.200000
v -0.074345 0.200000 -0.197641
v 0.199339 0.198475 -0.200105
v 0.212751 0.192751 -0.203899
v 0.224041 0.189402 -0.197907
v -0.058593 0.219399 -0.195196
v -0.060000 0.213288 -0.206712
v -0.050728 0.220000 -0.210728
v 0.138092 0.216377 -0.202850
v 0.121037 0.222627 -0.198310
v 0.150242 0.210242 -0.209758
v 0.152583 0.212583 -0.200000
v 0.162018 0.209808 -0.193698
v 0.182113 0.203633 -0.197182
v -0.040000 0.232357 -0.200000
v -0.040000 0.227415 -0.212585
v -0.017895 0.242477 -0.198970
v -0.011351 0.240000 -0.211351
v 0.039088 0.237545 -0.201714
v 0.056275 0.233894 -0.204646
v 0.071633 0.231633 -0.204213
v 0.084189 0.229190 -0.197950
v 0.103547 0.226090 -0.195561
v 0.004130 0.246916 -0.194607
v 0.021892 0.243443 -0.197340
v -0.000221 -0.340671 -0.183554
v 0.018302 -0.340632 -0.183533
v 0.036963 -0.346648 -0.184993
v 0.041775 -0.351569 -0.175261
v 0.050371 -0.349629 -0.189629
v 0.062165 -0.359258 -0.172461
v 0.081983 -0.359358 -0.177155
v 0.101490 -0.357871 -0.172889
v 0.125185 -0.351642 -0.174011
v 0.135117 -0.349151 -0.189151
v 0.140000 -0.350285 -0.175613
v 0.155780 -0.346378 -0.184649
v 0.181528 -0.337681 -0.178964
v -0.023321 -0.325347 -0.186524
v -0.017120 -0.334235 -0.176038
v -0.034097 -0.317052 -0.175950
v 0.200000 -0.329812 -0.175230
v 0.200000 -0.328018 -0.188018
v 0.221398 -0.318178 -0.174211
v -0.040254 -0.301627 -0.185095
v 0.230806 -0.309194 -0.189194
v 0.241905 -0.303834 -0.182294
v -0.048928 -0.283668 -0.188928
v -0.049904 -0.289904 -0.175418
v -0.059006 -0.272289 -0.177615
v 0.261213 -0.283188 -0.181747
v -0.061648 -0.263683 -0.183959
v 0.280000 -0.269286 -0.175466
v 0.280000 -0.267710 -0.187710
v 0.297524 -0.257853 -0.179915
v -0.204799 -0.242495 -0.184621
v -0.219676 -0.239014 -0.177132
v -0.188632 -0.248632 -0.188632
v -0.178395 -0.257285 -0.178102
v -0.158301 -0.259726 -0.177381
v -0.139845 -0.259761 -0.177218
v -0.118006 -0.257248 -0.178022
v -0.100000 -0.248402 -0.183785
v -0.083580 -0.245400 -0.183821
v -0.068960 -0.248960 -0.188960
v -0.071594 -0.251594 -0.176235
v 0.325169 -0.241200 -0.176260
v 0.308145 -0.251855 -0.176541
v 0.320000 -0.244535 -0.184535
v -0.300150 -0.220476 -0.181116
v -0.284772 -0.224490 -0.182733
v -0.278407 -0.232850 -0.176581
v -0.263559 -0.227756 -0.187756
v -0.257605 -0.238437 -0.175979
v -0.249375 -0.229375 -0.189375
v -0.238086 -0.238803 -0.176817
v -0.235189 -0.230299 -0.190299
v 0.343727 -0.221366 -0.177497
v 0.340000 -0.225820 -0.185820
v -0.324506 -0.204281 -0.182532
v -0.317358 -0.217660 -0.175039
v -0.339695 -0.198599 -0.177470
v -0.308224 -0.208224 -0.188224
v -0.296032 -0.211189 -0.191189
v -0.280000 -0.214353 -0.194353
v 0.359352 -0.200495 -0.180337
v -0.344827 -0.184640 -0.182620
v -0.359602 -0.173973 -0.178350
v -0.329445 -0.189445 -0.189445
v -0.320000 -0.192707 -0.192707
v 0.370258 -0.180000 -0.180000
v -0.360852 -0.161905 -0.183030
v -0.344205 -0.170162 -0.190162
v -0.351309 -0.156115 -0.191309
v 0.381558 -0.159420 -0.179068
v -0.362897 -0.145356 -0.186917
v -0.379249 -0.137749 -0.176494
v 0.392438 -0.147562 -0.180000
v 0.399763 -0.140605 -0.181255
v 0.400000 -0.152429 -0.192429
v 0.423529 -0.135703 -0.174973
v 0.438866 -0.141692 -0.178415
v 0.446619 -0.153381 -0.193381
v 0.458244 -0.138264 -0.183405
v -0.380056 -0.120494 -0.180527
v -0.368219 -0.128219 -0.188219
v -0.370331 -0.115533 -0.190331
v 0.470587 -0.129413 -0.189413
v 0.467420 -0.118338 -0.176586
v 0.474740 -0.120000 -0.185259
v -0.380804 -0.102486 -0.183815
v 0.479862 -0.101985 -0.182297
v -0.385046 -0.085108 -0.182404
v -0.392552 -0.078740 -0.177029
v 0.480461 -0.078227 -0.177388
v -0.384746 -0.065908 -0.182741
v 0.480087 -0.059226 -0.179020
v -0.380912 -0.043804 -0.185313
v -0.373083 -0.036300 -0.193083
v 0.478060 -0.044045 -0.184129
v -0.380097 -0.020505 -0.180694
v -0.371109 -0.020000 -0.191109
v 0.459921 -0.020273 -0.180533
v 0.471617 -0.023510 -0.188383
v -0.367369 -0.004078 -0.187369
v -0.376890 0.001584 -0.173302
v 0.396087 -0.004725 -0.186274
v 0.405016 -0.016804 -0.174461
v 0.386947 0.003657 -0.174798
v 0.416898 -0.006168 -0.186168
v 0.422451 -0.018017 -0.176296
v 0.436895 -0.006247 -0.186247
v 0.441931 -0.018301 -0.176816
v 0.455975 -0.009185 -0.189185
v -0.359484 0.022644 -0.176408
v -0.348524 0.020000 -0.188524
v 0.379799 0.018448 -0.180934
v -0.340175 0.037839 -0.182234
v -0.329265 0.040000 -0.189265
v 0.373877 0.035620 -0.183039
v -0.319861 0.061474 -0.178337
v -0.331008 0.048992 -0.180000
v -0.307479 0.060000 -0.187479
v -0.297155 0.060000 -0.193106
v 0.369663 0.049663 -0.180000
v 0.360984 0.066643 -0.175283
v -0.297718 0.081235 -0.176569
v -0.287083 0.072917 -0.187083
v -0.279805 0.082469 -0.182002
v -0.262973 0.080000 -0.186479
v -0.248993 0.080000 -0.188993
v -0.236580 0.080000 -0.192384
v 0.353681 0.077517 -0.184348
v -0.255065 0.089747 -0.180000
v -0.240000 0.091917 -0.180000
v -0.223594 0.093532 -0.180000
v -0.198896 0.101722 -0.181039
v -0.192975 0.100000 -0.192975
v 0.339012 0.094880 -0.184085
v -0.175012 0.109783 -0.180000
v -0.155526 0.109631 -0.180000
v -0.140000 0.107721 -0.180000
v -0.115022 0.122470 -0.175758
v -0.127876 0.112124 -0.180000
v -0.120000 0.107099 -0.192901
v -0.110043 0.120000 -0.190043
v 0.319059 0.115453 -0.183563
v 0.327291 0.107291 -0.176473
v -0.106681 0.134242 -0.181673
v 0.297568 0.133896 -0.184064
v 0.289547 0.143438 -0.178187
v -0.099017 0.160513 -0.175916
v 0.276060 0.154005 -0.182792
v 0.261326 0.166397 -0.175616
v -0.092174 0.180000 -0.176607
v -0.089478 0.180000 -0.189478
v 0.253026 0.173025 -0.183672
v 0.240884 0.183044 -0.177632
v -0.080065 0.200048 -0.180172
v 0.216712 0.193941 -0.184620
v 0.200632 0.201764 -0.178529
v 0.229150 0.189150 -0.175594
v -0.069782 0.210218 -0.189782
v -0.063287 0.223336 -0.179955
v 0.138698 0.217850 -0.181242
v 0.120668 0.221505 -0.178877
v 0.130813 0.220000 -0.189187
v 0.152861 0.212861 -0.183606
v 0.164014 0.208964 -0.180000
v 0.183398 0.206099 -0.175390
v -0.045980 0.234020 -0.185980
v -0.037942 0.242316 -0.178777
v -0.031858 0.240000 -0.191858
v 0.039944 0.239897 -0.180104
v 0.058022 0.236644 -0.182571
v 0.075500 0.232667 -0.184558
v 0.103634 0.226295 -0.174947
v -0.015257 0.249197 -0.180000
v 0.004653 0.249869 -0.180000
v 0.023999 0.247113 -0.174468
v 0.059053 -0.362547 -0.161933
v 0.076769 -0.365433 -0.163792
v 0.098110 -0.362848 -0.161678
v -0.005720 -0.342223 -0.166044
v -0.019666 -0.338939 -0.155017
v 0.016388 -0.347049 -0.165083
v 0.021822 -0.351851 -0.155422
v 0.030799 -0.349201 -0.169201
v 0.041992 -0.356498 -0.157483
v 0.123786 -0.354049 -0.155543
v 0.144957 -0.352533 -0.154362
v 0.155212 -0.349109 -0.169109
v 0.160000 -0.350246 -0.155173
v 0.179630 -0.340687 -0.160357
v -0.028094 -0.328094 -0.168094
v -0.030626 -0.330626 -0.155796
v -0.039869 -0.319225 -0.158041
v 0.200000 -0.333629 -0.157289
v 0.217440 -0.323596 -0.161650
v -0.045985 -0.303647 -0.165668
v -0.052450 -0.298500 -0.155817
v 0.240000 -0.313561 -0.157069
v 0.240000 -0.309494 -0.169494
v 0.257690 -0.297908 -0.160259
v -0.060037 -0.280248 -0.160832
v 0.260000 -0.290634 -0.170634
v 0.278432 -0.276930 -0.158201
v 0.268766 -0.280000 -0.171234
v -0.181480 -0.260940 -0.163749
v -0.193249 -0.259430 -0.157674
v -0.161470 -0.262412 -0.161714
v -0.169222 -0.260000 -0.169222
v -0.140807 -0.261284 -0.160928
v -0.119915 -0.259840 -0.159626
v -0.067898 -0.263482 -0.165968
v -0.078778 -0.254640 -0.156304
v 0.297532 -0.263057 -0.161473
v -0.282077 -0.243205 -0.163455
v -0.299938 -0.239822 -0.159515
v -0.263726 -0.246707 -0.164354
v -0.256375 -0.253973 -0.156210
v -0.243129 -0.246330 -0.166330
v -0.236636 -0.254269 -0.156450
v -0.223267 -0.246596 -0.166596
v -0.216697 -0.258201 -0.154720
v -0.204312 -0.250093 -0.170093
v -0.095863 -0.253315 -0.155250
v -0.095257 -0.250806 -0.170806
v -0.080000 -0.249182 -0.169182
v 0.320000 -0.247401 -0.163449
v 0.329980 -0.240000 -0.160000
v -0.340015 -0.220056 -0.160133
v -0.323232 -0.224255 -0.165172
v -0.314706 -0.237279 -0.154453
v -0.308443 -0.228443 -0.168443
v -0.295960 -0.231111 -0.171111
v 0.340000 -0.229591 -0.155318
v 0.340000 -0.226668 -0.166668
v 0.346557 -0.220000 -0.156519
v -0.360143 -0.200686 -0.161401
v -0.346861 -0.206861 -0.166861
v -0.355938 -0.213975 -0.152862
v -0.351187 -0.196334 -0.171187
v -0.336047 -0.210716 -0.170716
v 0.361770 -0.198859 -0.158828
v -0.363154 -0.187790 -0.167790
v -0.371492 -0.195952 -0.153984
v -0.379837 -0.178938 -0.158052
v -0.369704 -0.175530 -0.169704
v 0.372414 -0.180000 -0.164078
v -0.383665 -0.163810 -0.162356
v -0.391602 -0.158152 -0.155857
v 0.381463 -0.162130 -0.161581
v -0.387247 -0.143335 -0.167247
v -0.399147 -0.136623 -0.154658
v 0.390786 -0.140000 -0.164462
v -0.400084 -0.120719 -0.160999
v -0.389619 -0.129619 -0.169619
v -0.391949 -0.116261 -0.171949
v 0.398981 -0.120646 -0.162269
v 0.415693 -0.120000 -0.168090
v 0.437169 -0.120000 -0.165291
v 0.440000 -0.132379 -0.172379
v 0.452077 -0.120000 -0.167923
v -0.401846 -0.102649 -0.165986
v 0.420571 -0.099637 -0.161058
v 0.439587 -0.099982 -0.159272
v 0.457687 -0.103593 -0.164431
v 0.469878 -0.100000 -0.170122
v -0.405715 -0.084103 -0.164808
v -0.411546 -0.078379 -0.156717
v 0.458848 -0.081615 -0.162126
v 0.447464 -0.077608 -0.159509
v 0.471050 -0.084692 -0.168950
v -0.402621 -0.063946 -0.167576
v -0.409124 -0.069124 -0.160000
v -0.411313 -0.058373 -0.156752
v 0.421096 -0.061406 -0.160240
v 0.458354 -0.062145 -0.162967
v 0.440093 -0.059611 -0.159619
v 0.471011 -0.068989 -0.168989
v 0.469745 -0.055458 -0.170255
v -0.401046 -0.044148 -0.165586
v -0.391321 -0.035224 -0.171321
v 0.414810 -0.045436 -0.162075
v 0.405844 -0.038790 -0.157385
v 0.437541 -0.042749 -0.163947
v 0.456191 -0.044275 -0.167048
v -0.399822 -0.018837 -0.158601
v -0.388762 -0.020000 -0.168762
v 0.399914 -0.020611 -0.161407
v 0.415796 -0.028987 -0.168987
v 0.430403 -0.029597 -0.169597
v 0.444606 -0.030153 -0.170152
v -0.385446 -0.003020 -0.165446
v -0.392072 0.001434 -0.157251
v 0.393341 -0.006659 -0.163321
v 0.388987 0.003896 -0.157905
v -0.380507 0.017079 -0.163652
v -0.369498 0.020000 -0.169498
v 0.380622 0.026741 -0.155110
v -0.365617 0.036793 -0.165617
v -0.377104 0.041637 -0.155245
v -0.355891 0.040000 -0.169750
v 0.376164 0.037863 -0.162949
v -0.360000 0.050873 -0.160000
v -0.342812 0.060456 -0.163070
v -0.331333 0.060000 -0.171333
v 0.371049 0.051049 -0.160000
v 0.370075 0.050076 -0.169924
v 0.361057 0.066254 -0.155690
v -0.321574 0.079311 -0.163078
v -0.310107 0.080000 -0.170107
v 0.353877 0.077693 -0.164960
v 0.348662 0.081328 -0.154756
v -0.298908 0.099678 -0.158161
v -0.307989 0.092011 -0.160000
v -0.282719 0.100000 -0.166914
v -0.270145 0.100000 -0.170145
v -0.255227 0.100000 -0.170778
v -0.240000 0.100000 -0.170701
v -0.229456 0.100000 -0.169456
v -0.215800 0.100000 -0.171002
v 0.334647 0.097002 -0.166037
v 0.329502 0.101504 -0.153987
v -0.276322 0.106831 -0.160000
v -0.255832 0.108699 -0.160000
v -0.236656 0.107199 -0.160000
v -0.216814 0.105999 -0.160000
v -0.200000 0.107465 -0.160000
v -0.192552 0.107448 -0.172552
v -0.181374 0.115647 -0.162258
v -0.161175 0.118279 -0.161220
v -0.142745 0.113980 -0.166020
v -0.138133 0.118248 -0.157309
v -0.121864 0.120575 -0.164218
v 0.319016 0.115218 -0.163461
v -0.112218 0.140000 -0.156674
v -0.108160 0.140000 -0.168160
v 0.299467 0.137356 -0.162111
v 0.308431 0.128431 -0.155597
v -0.104180 0.157105 -0.162858
v 0.279059 0.156403 -0.163077
v 0.288955 0.148955 -0.155512
v -0.098894 0.180628 -0.156124
v 0.253956 0.173956 -0.163026
v 0.261516 0.168758 -0.154521
v 0.240200 0.180598 -0.154932
v -0.089692 0.190308 -0.169692
v -0.090359 0.200000 -0.155912
v -0.086536 0.200000 -0.166536
v 0.217341 0.193738 -0.164912
v 0.221902 0.189878 -0.154170
v 0.200212 0.200632 -0.155529
v -0.078892 0.219365 -0.155344
v 0.159136 0.216893 -0.162365
v 0.169205 0.209205 -0.170795
v 0.172122 0.212122 -0.160000
v 0.183760 0.207003 -0.154990
v -0.056468 0.238970 -0.157918
v -0.060000 0.232085 -0.167915
v -0.048902 0.240000 -0.168902
v 0.059917 0.239702 -0.160164
v 0.077240 0.235094 -0.163799
v 0.092172 0.232172 -0.164306
v 0.104813 0.230588 -0.160000
v 0.124320 0.227511 -0.154229
v 0.142213 0.223929 -0.157013
v -0.040000 0.248584 -0.160000
v -0.029740 0.250260 -0.160000
v -0.020000 0.251831 -0.164539
v -0.005187 0.252048 -0.166264
v 0.011529 0.251529 -0.164531
v 0.024468 0.250085 -0.160000
v 0.043123 0.245448 -0.155812
v 0.055090 -0.361357 -0.145146
v 0.040173 -0.359820 -0.138715
v 0.075901 -0.366943 -0.145163
v 0.096045 -0.366107 -0.144540
v 0.123262 -0.355515 -0.136911
v 0.108990 -0.360000 -0.151010
v -0.020789 -0.342750 -0.141938
v -0.006940 -0.346940 -0.146940
v 0.004196 -0.352901 -0.134950
v -0.009684 -0.349684 -0.135402
v 0.004643 -0.349698 -0.149698
v 0.021800 -0.356838 -0.137746
v 0.142074 -0.352134 -0.135994
v 0.160000 -0.350392 -0.140000
v 0.177069 -0.344000 -0.143044
v 0.190545 -0.340000 -0.135081
v -0.042912 -0.325058 -0.144819
v -0.035350 -0.337541 -0.134963
v 0.202558 -0.336532 -0.137357
v 0.208386 -0.331614 -0.151614
v 0.220000 -0.328318 -0.143535
v 0.238612 -0.317298 -0.138274
v -0.049654 -0.309654 -0.149654
v -0.059923 -0.299468 -0.138622
v 0.257746 -0.303443 -0.143438
v 0.249818 -0.310182 -0.136163
v -0.066099 -0.282745 -0.144543
v -0.072415 -0.278552 -0.135771
v -0.060000 -0.289581 -0.149581
v 0.269890 -0.290110 -0.150110
v 0.280660 -0.281859 -0.143383
v -0.280086 -0.260223 -0.140735
v -0.262339 -0.261507 -0.144235
v -0.242708 -0.261566 -0.144535
v -0.223078 -0.265491 -0.142963
v -0.229867 -0.260000 -0.149867
v -0.202771 -0.264469 -0.142984
v -0.182167 -0.263596 -0.142500
v -0.163734 -0.266144 -0.144455
v -0.142140 -0.263300 -0.142366
v -0.120138 -0.260457 -0.140113
v -0.080249 -0.260811 -0.142299
v -0.070497 -0.270497 -0.150497
v 0.286633 -0.273367 -0.153367
v 0.300000 -0.270870 -0.135677
v 0.300000 -0.267813 -0.147813
v 0.312801 -0.260000 -0.140000
v -0.320426 -0.241325 -0.144087
v -0.308034 -0.248034 -0.143341
v -0.301440 -0.261621 -0.122099
v -0.295370 -0.249604 -0.149604
v -0.095121 -0.258108 -0.134889
v 0.320000 -0.253484 -0.137007
v 0.320000 -0.249365 -0.149365
v 0.332118 -0.240000 -0.144296
v -0.360118 -0.220515 -0.141405
v -0.346915 -0.226915 -0.146915
v -0.337979 -0.238442 -0.135590
v -0.351048 -0.231048 -0.136216
v -0.335785 -0.230395 -0.150395
v 0.340000 -0.232191 -0.136169
v 0.349454 -0.220000 -0.135030
v -0.367683 -0.207683 -0.147683
v -0.371875 -0.211875 -0.136559
v -0.379963 -0.199793 -0.139490
v 0.361393 -0.201109 -0.140893
v -0.383276 -0.186101 -0.147978
v -0.389600 -0.189600 -0.135693
v -0.398899 -0.176376 -0.133934
v 0.373314 -0.180000 -0.143401
v -0.400140 -0.160999 -0.141882
v -0.390463 -0.170463 -0.150463
v 0.384997 -0.157489 -0.137152
v 0.380000 -0.167436 -0.147436
v -0.402925 -0.146066 -0.145695
v 0.385163 -0.154837 -0.154837
v 0.391832 -0.140000 -0.144259
v -0.407445 -0.123400 -0.147445
v -0.418935 -0.116002 -0.133852
v 0.397266 -0.121984 -0.142130
v -0.409999 -0.109999 -0.149999
v -0.419564 -0.097962 -0.137097
v 0.400311 -0.100951 -0.140813
v 0.404440 -0.097725 -0.155560
v -0.419741 -0.078751 -0.138166
v 0.401632 -0.078975 -0.138787
v 0.406446 -0.076773 -0.153554
v 0.420898 -0.078920 -0.158544
v -0.419949 -0.058747 -0.139299
v 0.401679 -0.058968 -0.138751
v 0.405902 -0.057102 -0.154098
v -0.420139 -0.040754 -0.141225
v -0.412179 -0.035769 -0.152179
v 0.400177 -0.035712 -0.137003
v -0.419269 -0.019473 -0.138465
v -0.410012 -0.020000 -0.150012
v 0.399057 -0.023445 -0.143598
v -0.403862 -0.002803 -0.146004
v -0.410692 0.001908 -0.136592
v 0.393320 -0.003582 -0.145038
v -0.400617 0.016981 -0.144093
v -0.392515 0.020000 -0.152515
v 0.389763 0.009763 -0.140000
v 0.385130 0.022726 -0.136182
v -0.388413 0.035324 -0.148413
v -0.395148 0.040000 -0.138145
v 0.378533 0.035622 -0.141092
v -0.378399 0.059347 -0.134428
v -0.366983 0.060000 -0.146983
v -0.357730 0.060000 -0.153521
v 0.370525 0.050525 -0.144699
v 0.360695 0.064730 -0.136331
v -0.360000 0.072169 -0.140000
v -0.351148 0.068852 -0.151148
v -0.356886 0.080000 -0.134048
v -0.345757 0.080000 -0.145757
v -0.337107 0.080000 -0.152140
v 0.353791 0.073791 -0.142974
v 0.342644 0.085888 -0.138776
v -0.340000 0.090654 -0.140000
v -0.326469 0.096821 -0.143109
v -0.316482 0.104545 -0.141213
v -0.310577 0.100000 -0.150577
v 0.334602 0.094602 -0.142651
v 0.328607 0.103335 -0.138177
v 0.340000 0.090120 -0.149880
v -0.300000 0.113109 -0.140000
v -0.278915 0.118775 -0.137203
v -0.280000 0.113878 -0.146122
v -0.258301 0.122096 -0.138786
v -0.240068 0.120344 -0.139841
v -0.222685 0.114113 -0.145887
v -0.217560 0.118991 -0.136289
v -0.203927 0.112706 -0.147294
v -0.197880 0.118570 -0.135969
v -0.178434 0.121706 -0.139873
v -0.152375 0.120000 -0.152375
v -0.136104 0.124733 -0.140156
v 0.319200 0.115306 -0.143473
v -0.157257 0.124331 -0.136504
v -0.117253 0.141713 -0.137909
v -0.120000 0.129721 -0.150279
v 0.300001 0.140003 -0.139965
v 0.309762 0.129762 -0.135065
v -0.111336 0.148664 -0.151336
v -0.111558 0.160000 -0.136171
v -0.108320 0.160000 -0.148320
v 0.279145 0.156699 -0.142584
v 0.288648 0.148648 -0.135832
v -0.104526 0.176931 -0.143125
v 0.239547 0.178612 -0.141078
v 0.253138 0.173138 -0.143305
v 0.263580 0.166855 -0.135072
v -0.100000 0.190563 -0.140000
v -0.092433 0.206631 -0.137845
v 0.199291 0.198035 -0.141535
v 0.212167 0.192167 -0.143682
v 0.223129 0.185984 -0.135618
v -0.085807 0.214193 -0.145807
v -0.081512 0.223852 -0.137714
v 0.160008 0.220030 -0.139294
v 0.171513 0.211513 -0.144302
v 0.182592 0.204924 -0.136321
v -0.058672 0.241402 -0.139758
v 0.079611 0.238637 -0.140726
v 0.096997 0.234857 -0.144000
v 0.111175 0.231175 -0.148825
v 0.116341 0.231928 -0.140000
v 0.128805 0.228805 -0.135754
v 0.143169 0.225522 -0.135959
v -0.040000 0.252275 -0.140000
v -0.040000 0.250109 -0.149891
v -0.024575 0.253469 -0.145224
v -0.003551 0.254398 -0.144326
v 0.015493 0.252485 -0.145703
v 0.029949 0.249949 -0.150051
v 0.030452 0.250452 -0.140000
v 0.044930 0.248145 -0.133843
v 0.062205 0.243804 -0.137065
v 0.038227 -0.363029 -0.122184
v 0.020766 -0.358693 -0.118737
v 0.030075 -0.360000 -0.129925
v 0.058670 -0.362227 -0.121641
v 0.077886 -0.363615 -0.122787
v 0.098490 -0.362520 -0.121801
v 0.113585 -0.360000 -0.126415
v -0.040294 -0.341177 -0.123982
v -0.023529 -0.348119 -0.128119
v -0.017040 -0.354964 -0.116434
v -0.030245 -0.350245 -0.115588
v 0.001557 -0.357444 -0.118144
v 0.122153 -0.356844 -0.117736
v 0.140000 -0.351536 -0.116129
v 0.154080 -0.348883 -0.126953
v 0.179217 -0.340935 -0.119717
v -0.049442 -0.329442 -0.129442
v -0.052692 -0.332692 -0.116595
v -0.059923 -0.319397 -0.117317
v -0.053242 -0.320000 -0.133242
v 0.201267 -0.335571 -0.117616
v 0.220000 -0.329767 -0.124877
v 0.242166 -0.316288 -0.119866
v -0.065404 -0.302978 -0.122595
v -0.060000 -0.309010 -0.129010
v 0.265337 -0.301522 -0.116446
v 0.260000 -0.305363 -0.125363
v -0.069135 -0.289135 -0.129135
v -0.079542 -0.276782 -0.117915
v 0.280000 -0.286587 -0.123026
v 0.288007 -0.280000 -0.116401
v 0.286030 -0.280000 -0.133970
v -0.314089 -0.259449 -0.118326
v -0.282955 -0.265191 -0.123569
v -0.264146 -0.268798 -0.128798
v -0.256744 -0.274411 -0.116151
v -0.270631 -0.270631 -0.115626
v -0.244633 -0.269204 -0.129204
v -0.236703 -0.274800 -0.116365
v -0.229647 -0.269647 -0.129647
v -0.216145 -0.274022 -0.115701
v -0.204922 -0.269661 -0.129661
v -0.200000 -0.272814 -0.116715
v -0.183078 -0.264491 -0.123180
v -0.164126 -0.266981 -0.125181
v -0.144632 -0.267147 -0.125278
v -0.121851 -0.262801 -0.122013
v -0.110055 -0.260000 -0.120000
v -0.082496 -0.267145 -0.125808
v -0.099276 -0.257826 -0.118314
v 0.300000 -0.271858 -0.115731
v 0.318497 -0.257803 -0.119277
v -0.343794 -0.242110 -0.123979
v -0.358947 -0.235992 -0.117354
v -0.327887 -0.247887 -0.127887
v -0.316144 -0.251226 -0.131227
v 0.334800 -0.238053 -0.123646
v -0.363929 -0.225998 -0.127319
v -0.379696 -0.218597 -0.115956
v 0.350251 -0.220000 -0.120000
v -0.383518 -0.205992 -0.126952
v -0.399663 -0.198242 -0.115787
v 0.361565 -0.203577 -0.121723
v -0.403144 -0.184719 -0.123853
v 0.368855 -0.191145 -0.115206
v 0.365520 -0.194480 -0.134480
v 0.374162 -0.180000 -0.123005
v -0.408021 -0.168021 -0.128021
v -0.419802 -0.157922 -0.117245
v -0.410451 -0.155632 -0.130451
v 0.380000 -0.169751 -0.115149
v 0.380000 -0.168564 -0.128564
v 0.386577 -0.155249 -0.115039
v -0.420426 -0.141588 -0.122625
v -0.413490 -0.140000 -0.133490
v 0.393037 -0.140000 -0.123585
v -0.425769 -0.122964 -0.124013
v -0.433840 -0.116549 -0.116113
v -0.420000 -0.129395 -0.129395
v 0.397561 -0.121728 -0.121881
v -0.427258 -0.103486 -0.127258
v -0.439114 -0.095536 -0.113369
v 0.399809 -0.099907 -0.124877
v -0.427117 -0.083603 -0.127117
v -0.439041 -0.074622 -0.112550
v 0.400333 -0.079789 -0.115048
v -0.427309 -0.063615 -0.127309
v -0.437946 -0.058752 -0.113696
v 0.401167 -0.059278 -0.119131
v -0.428387 -0.044060 -0.128387
v -0.434836 -0.036480 -0.116421
v 0.400090 -0.037830 -0.118669
v -0.427070 -0.023647 -0.127070
v -0.431123 -0.020000 -0.116043
v 0.398218 -0.021052 -0.121328
v -0.420859 -0.000479 -0.122378
v -0.420000 -0.011770 -0.131770
v 0.394411 -0.003176 -0.124195
v -0.413412 0.023930 -0.114903
v -0.409478 0.020000 -0.129478
v 0.390232 0.010232 -0.115102
v 0.390130 0.010130 -0.129870
v 0.385534 0.023061 -0.115961
v -0.404169 0.036240 -0.122656
v 0.379370 0.034899 -0.123744
v -0.389546 0.050454 -0.129546
v -0.383184 0.061311 -0.121832
v 0.370536 0.050536 -0.124757
v 0.361896 0.064510 -0.118533
v -0.371942 0.068058 -0.131942
v -0.363840 0.081859 -0.122227
v 0.352773 0.077540 -0.123957
v -0.347573 0.092427 -0.127573
v -0.340686 0.101586 -0.122282
v 0.339395 0.095849 -0.123284
v 0.348115 0.088115 -0.115386
v -0.320000 0.114460 -0.120000
v -0.332572 0.107428 -0.120000
v -0.320000 0.107761 -0.132239
v -0.299100 0.121049 -0.119525
v -0.289203 0.120000 -0.129203
v 0.320060 0.120244 -0.119821
v 0.329045 0.109045 -0.120000
v -0.278331 0.126421 -0.116538
v -0.260000 0.129935 -0.120000
v -0.249675 0.130325 -0.120000
v -0.235312 0.129941 -0.120000
v -0.216317 0.127604 -0.120000
v -0.196715 0.126361 -0.120000
v -0.175970 0.128042 -0.120000
v -0.155763 0.128452 -0.120000
v -0.140000 0.128337 -0.120000
v -0.126772 0.133228 -0.126772
v -0.120741 0.139123 -0.119450
v 0.299623 0.138350 -0.121276
v 0.310257 0.130257 -0.120000
v -0.113287 0.162278 -0.116987
v 0.275606 0.157431 -0.125258
v 0.286990 0.146989 -0.116675
v -0.108670 0.171330 -0.128670
v -0.107066 0.180000 -0.123313
v 0.239160 0.177627 -0.121943
v 0.251816 0.171816 -0.124014
v 0.262809 0.165398 -0.116091
v -0.100347 0.199897 -0.121762
v 0.199505 0.198760 -0.121098
v 0.211707 0.191707 -0.124181
v 0.222820 0.185424 -0.116035
v -0.088257 0.220000 -0.123728
v 0.159640 0.219107 -0.120756
v 0.171888 0.211888 -0.124024
v 0.183057 0.205715 -0.115865
v -0.080000 0.229368 -0.115142
v -0.056994 0.243744 -0.117695
v 0.097514 0.235768 -0.123198
v 0.080734 0.242076 -0.118603
v 0.116187 0.231609 -0.126485
v 0.121907 0.229301 -0.114266
v 0.142230 0.223891 -0.117187
v -0.040000 0.252373 -0.123831
v -0.023781 0.254337 -0.124276
v -0.004013 0.253450 -0.124832
v 0.012150 0.252150 -0.123748
v 0.026318 0.250598 -0.127009
v 0.044867 0.248040 -0.113964
v 0.063813 0.246505 -0.115150
v 0.000269 -0.360032 -0.100090
v 0.019879 -0.360026 -0.100265
v 0.038225 -0.363050 -0.102265
v 0.059560 -0.360682 -0.100518
v 0.079812 -0.360307 -0.100237
v 0.099389 -0.360956 -0.100747
v 0.119986 -0.359506 -0.099895
v -0.043170 -0.344569 -0.105948
v -0.036035 -0.350062 -0.097912
v -0.051842 -0.337100 -0.098477
v -0.019299 -0.358791 -0.099079
v 0.143835 -0.354550 -0.096011
v 0.150703 -0.349297 -0.109297
v 0.160000 -0.348055 -0.103822
v 0.181801 -0.337826 -0.098232
v -0.060502 -0.323429 -0.102292
v 0.200000 -0.330158 -0.100000
v 0.209487 -0.330513 -0.110513
v 0.218682 -0.324879 -0.102646
v 0.227329 -0.320000 -0.097336
v 0.238497 -0.316207 -0.098737
v -0.068603 -0.306067 -0.104423
v -0.073639 -0.296628 -0.095282
v 0.247603 -0.312397 -0.112397
v 0.262020 -0.302811 -0.100927
v 0.250370 -0.309630 -0.100000
v -0.240775 -0.280732 -0.101518
v -0.080141 -0.281059 -0.104472
v 0.285038 -0.281731 -0.096718
v 0.280000 -0.286950 -0.106950
v -0.324701 -0.262184 -0.104999
v -0.339166 -0.257128 -0.097955
v -0.303783 -0.268150 -0.108150
v -0.296063 -0.273731 -0.095601
v -0.311204 -0.271204 -0.096108
v -0.284305 -0.269136 -0.109136
v -0.275959 -0.273255 -0.095141
v -0.258596 -0.277501 -0.098187
v -0.219272 -0.278867 -0.095292
v -0.196237 -0.274744 -0.096354
v -0.189513 -0.269513 -0.109513
v -0.180000 -0.268992 -0.095241
v -0.180000 -0.265958 -0.105958
v -0.163396 -0.265623 -0.104097
v -0.149536 -0.269536 -0.104907
v -0.140000 -0.272599 -0.096472
v -0.140000 -0.269638 -0.109638
v -0.123670 -0.267291 -0.105259
v -0.130414 -0.270414 -0.095449
v -0.100061 -0.260089 -0.100566
v -0.087441 -0.267441 -0.103523
v 0.300000 -0.269784 -0.100000
v 0.318334 -0.257560 -0.099147
v -0.360321 -0.241232 -0.104786
v -0.347903 -0.247903 -0.107903
v -0.350827 -0.250827 -0.095848
v 0.333027 -0.240000 -0.103414
v -0.384285 -0.222586 -0.104133
v -0.398748 -0.214019 -0.096076
v -0.370577 -0.230577 -0.110577
v 0.340000 -0.231399 -0.095695
v 0.340000 -0.232086 -0.112086
v 0.350121 -0.220000 -0.095073
v 0.350522 -0.220000 -0.109478
v -0.402780 -0.204634 -0.104449
v -0.391327 -0.211327 -0.111327
v 0.363820 -0.201950 -0.097468
v 0.360000 -0.207542 -0.107542
v -0.420232 -0.181405 -0.103457
v -0.410605 -0.190605 -0.110605
v 0.370870 -0.189130 -0.100000
v 0.376654 -0.177941 -0.102269
v -0.425827 -0.163957 -0.105354
v -0.431510 -0.158006 -0.095235
v 0.387195 -0.154917 -0.094590
v -0.427485 -0.147485 -0.107485
v -0.434710 -0.137065 -0.096383
v -0.429881 -0.135579 -0.109881
v 0.392478 -0.140000 -0.103703
v -0.440076 -0.120568 -0.101282
v 0.395882 -0.122830 -0.103079
v -0.442016 -0.105249 -0.105472
v 0.398026 -0.101264 -0.101452
v -0.445053 -0.083066 -0.103486
v 0.399250 -0.080476 -0.100552
v -0.444075 -0.062570 -0.102805
v 0.400100 -0.057504 -0.095827
v -0.440486 -0.043544 -0.105297
v 0.400006 -0.039894 -0.099574
v -0.437462 -0.018270 -0.092848
v 0.397529 -0.021464 -0.101826
v -0.426969 -0.004134 -0.106970
v -0.429002 -0.000000 -0.095588
v 0.393341 -0.003814 -0.104838
v -0.420296 0.019824 -0.101150
v 0.389125 0.009125 -0.095253
v 0.384909 0.022738 -0.096278
v -0.411882 0.040000 -0.096553
v -0.407543 0.040000 -0.107543
v 0.379630 0.036669 -0.102240
v -0.398755 0.059335 -0.094362
v -0.400000 0.049750 -0.110250
v -0.390347 0.060000 -0.110347
v 0.372267 0.052267 -0.104014
v 0.368906 0.062498 -0.093010
v -0.378901 0.079479 -0.095838
v -0.380000 0.071357 -0.108643
v -0.370687 0.080000 -0.110687
v 0.359933 0.079239 -0.100622
v -0.359665 0.098933 -0.098836
v -0.350547 0.100000 -0.110547
v 0.352148 0.092148 -0.100000
v 0.341209 0.106377 -0.095144
v -0.340000 0.110934 -0.100000
v -0.321770 0.118101 -0.101121
v -0.310540 0.120000 -0.110540
v 0.332872 0.112872 -0.104072
v 0.321090 0.123737 -0.097047
v -0.294602 0.127603 -0.094030
v -0.280000 0.130370 -0.100000
v -0.263568 0.135197 -0.104046
v -0.239773 0.140387 -0.099903
v -0.220350 0.138126 -0.100809
v -0.204041 0.133315 -0.105652
v -0.190369 0.129631 -0.110369
v -0.181467 0.132596 -0.104401
v -0.164697 0.132726 -0.105926
v -0.143174 0.136240 -0.101831
v -0.128160 0.140000 -0.108160
v 0.298814 0.135475 -0.103124
v 0.310285 0.130285 -0.109715
v 0.309405 0.129404 -0.095372
v -0.115895 0.158077 -0.097229
v 0.278276 0.153027 -0.104542
v 0.261276 0.164723 -0.096421
v -0.110340 0.169660 -0.110340
v -0.111187 0.168813 -0.100000
v -0.106675 0.180000 -0.103499
v 0.238891 0.176733 -0.102634
v 0.250876 0.170876 -0.104425
v -0.099380 0.200453 -0.099655
v 0.199050 0.197279 -0.102208
v 0.211347 0.191347 -0.104236
v 0.222596 0.184974 -0.096386
v -0.087789 0.220000 -0.104129
v 0.158314 0.216846 -0.102263
v 0.140828 0.221990 -0.098368
v 0.151116 0.220000 -0.108884
v 0.171166 0.211166 -0.108834
v 0.169877 0.209877 -0.095336
v 0.182393 0.204362 -0.096866
v -0.080000 0.228359 -0.096094
v -0.055916 0.245289 -0.098566
v 0.099107 0.237689 -0.101573
v 0.089677 0.240000 -0.110323
v 0.111936 0.231936 -0.104121
v 0.123742 0.226871 -0.094996
v -0.040000 0.252019 -0.103925
v -0.023650 0.254518 -0.104127
v -0.002779 0.255424 -0.103483
v 0.016341 0.253983 -0.104650
v 0.030106 0.250106 -0.109894
v 0.031197 0.251197 -0.100000
v 0.043060 0.248994 -0.093154
v 0.063930 0.246585 -0.095060
v 0.081676 0.242943 -0.097787
v 0.039656 -0.360524 -0.080251
v 0.049520 -0.360000 -0.076271
v 0.059986 -0.359656 -0.080183
v 0.079536 -0.359805 -0.080677
v 0.090738 -0.360000 -0.089262
v 0.100212 -0.359696 -0.080012
v 0.119696 -0.359593 -0.080222
v -0.041112 -0.344695 -0.083531
v -0.017517 -0.355312 -0.076236
v -0.030970 -0.350970 -0.080000
v 0.000999 -0.358303 -0.078688
v 0.020529 -0.359162 -0.079352
v 0.144115 -0.354346 -0.075278
v 0.160000 -0.350297 -0.084894
v 0.178573 -0.341811 -0.081035
v -0.060059 -0.320502 -0.080369
v 0.200000 -0.327590 -0.083988
v 0.210873 -0.320000 -0.075424
v 0.217257 -0.320000 -0.087957
v -0.067914 -0.307914 -0.084047
v -0.073368 -0.295451 -0.076859
v 0.224726 -0.312974 -0.074142
v 0.240000 -0.310413 -0.080000
v 0.257267 -0.303158 -0.082444
v -0.241566 -0.282649 -0.081950
v -0.259081 -0.278602 -0.078586
v -0.250301 -0.280000 -0.090301
v -0.222200 -0.283460 -0.082492
v -0.200927 -0.281485 -0.080845
v -0.208342 -0.280000 -0.088342
v -0.080440 -0.283446 -0.082493
v 0.284861 -0.281604 -0.076665
v 0.280000 -0.286449 -0.086449
v -0.340227 -0.260796 -0.084119
v -0.323814 -0.269017 -0.089017
v -0.317264 -0.275035 -0.076467
v -0.329094 -0.269094 -0.080000
v -0.297421 -0.279112 -0.075011
v -0.279163 -0.278673 -0.074005
v -0.174290 -0.271750 -0.073685
v -0.164035 -0.267678 -0.085790
v -0.149997 -0.269997 -0.089997
v -0.135280 -0.272780 -0.074624
v -0.150339 -0.270339 -0.075051
v -0.117927 -0.270527 -0.075637
v -0.120000 -0.269078 -0.089078
v -0.103340 -0.264814 -0.083544
v -0.089119 -0.269119 -0.089119
v -0.090831 -0.270831 -0.075766
v 0.300000 -0.269536 -0.084897
v 0.319215 -0.259066 -0.079790
v -0.363523 -0.246191 -0.085863
v -0.356586 -0.253462 -0.075431
v -0.379758 -0.239065 -0.074389
v 0.335587 -0.238140 -0.083020
v -0.400029 -0.220138 -0.080566
v -0.388160 -0.228160 -0.088160
v -0.390500 -0.230500 -0.075541
v -0.380000 -0.232402 -0.092402
v 0.349620 -0.220000 -0.075296
v -0.408602 -0.208602 -0.083976
v -0.419282 -0.195428 -0.076850
v -0.412479 -0.200000 -0.092479
v 0.362983 -0.201610 -0.078112
v 0.360000 -0.206916 -0.086916
v -0.425732 -0.183160 -0.082919
v -0.420000 -0.189620 -0.089620
v 0.368002 -0.191998 -0.076550
v 0.370051 -0.189948 -0.089949
v 0.375029 -0.180000 -0.082442
v -0.429871 -0.169871 -0.089871
v -0.438212 -0.155915 -0.075674
v 0.380000 -0.170075 -0.080000
v 0.380000 -0.170893 -0.090893
v 0.385650 -0.156035 -0.075860
v -0.440114 -0.141119 -0.082058
v 0.391742 -0.140000 -0.084055
v -0.442256 -0.125734 -0.086001
v 0.394318 -0.123826 -0.084242
v -0.447113 -0.103499 -0.085159
v -0.450026 -0.097965 -0.075883
v 0.396345 -0.102343 -0.082696
v -0.448298 -0.084182 -0.086071
v -0.450960 -0.078121 -0.076223
v 0.397712 -0.081458 -0.081685
v -0.447517 -0.064058 -0.085336
v -0.450304 -0.058021 -0.076078
v 0.399000 -0.060637 -0.080738
v -0.446508 -0.044122 -0.084581
v 0.398748 -0.040774 -0.080922
v -0.443872 -0.022537 -0.082604
v 0.396153 -0.022259 -0.082819
v -0.439569 0.000225 -0.078405
v 0.392646 -0.004519 -0.082706
v -0.428676 0.015317 -0.088676
v -0.433113 0.020000 -0.076917
v 0.386311 0.023464 -0.075316
v -0.418764 0.041025 -0.075791
v -0.420000 0.027673 -0.092327
v 0.380085 0.040905 -0.079413
v -0.405950 0.054050 -0.085950
v -0.401141 0.063543 -0.077776
v 0.374146 0.054146 -0.083062
v 0.370067 0.064064 -0.078001
v -0.392607 0.067392 -0.092608
v -0.386025 0.080000 -0.082465
v 0.360414 0.082558 -0.078243
v -0.380000 0.088531 -0.075430
v -0.372717 0.087283 -0.092717
v -0.362217 0.103296 -0.078631
v 0.353167 0.093167 -0.083573
v 0.341419 0.107023 -0.075022
v -0.340000 0.113739 -0.083548
v -0.350761 0.109239 -0.075650
v -0.318182 0.122701 -0.078477
v 0.334499 0.114499 -0.082827
v 0.320950 0.123395 -0.077382
v -0.300000 0.127230 -0.076459
v -0.282382 0.131725 -0.084052
v -0.259299 0.140871 -0.080207
v -0.251296 0.140000 -0.091296
v -0.198269 0.142600 -0.078353
v -0.179832 0.141007 -0.079679
v -0.159464 0.141096 -0.079370
v -0.149714 0.140000 -0.089714
v 0.298587 0.134806 -0.084033
v 0.308913 0.128913 -0.075619
v -0.238201 0.142889 -0.077822
v -0.217843 0.143385 -0.077424
v -0.140000 0.145829 -0.076655
v -0.116077 0.158876 -0.077098
v -0.128017 0.151983 -0.080000
v -0.120000 0.154103 -0.085897
v 0.273529 0.153529 -0.083065
v 0.282762 0.145554 -0.076015
v 0.260276 0.160944 -0.074445
v -0.109176 0.170824 -0.084091
v -0.101239 0.182731 -0.077779
v 0.237760 0.175713 -0.083072
v 0.221143 0.183986 -0.077025
v 0.230733 0.180000 -0.089267
v 0.249990 0.169990 -0.090010
v 0.248262 0.168262 -0.076283
v -0.100000 0.191498 -0.088502
v -0.093000 0.200000 -0.075701
v 0.194795 0.198295 -0.085533
v 0.181006 0.202382 -0.077950
v 0.210736 0.190736 -0.089264
v 0.209905 0.189905 -0.075286
v -0.087871 0.212129 -0.080000
v -0.081520 0.222225 -0.079469
v 0.139963 0.219916 -0.080849
v 0.157371 0.213964 -0.084637
v 0.164082 0.210169 -0.077982
v -0.058654 0.241820 -0.078916
v 0.099140 0.238268 -0.081624
v 0.111649 0.231649 -0.084124
v 0.122791 0.225060 -0.076418
v -0.032385 0.249641 -0.077012
v -0.040000 0.250405 -0.089595
v -0.023817 0.252829 -0.085382
v -0.003021 0.255224 -0.083507
v 0.016401 0.254078 -0.084416
v 0.031764 0.251764 -0.084095
v 0.041975 0.248724 -0.074883
v 0.063327 0.245611 -0.076042
v 0.078580 0.238679 -0.062103
v -0.038561 -0.336935 -0.059648
v -0.026584 -0.346584 -0.063767
v -0.015767 -0.349855 -0.060000
v 0.003604 -0.353607 -0.054825
v 0.021771 -0.357097 -0.057688
v 0.041675 -0.357283 -0.057856
v 0.060735 -0.358871 -0.059099
v 0.082283 -0.356562 -0.057261
v 0.104336 -0.353657 -0.054876
v 0.121941 -0.351997 -0.055562
v 0.140000 -0.350521 -0.060000
v 0.158112 -0.347111 -0.063769
v 0.179653 -0.340386 -0.060200
v -0.050409 -0.330409 -0.070409
v -0.048243 -0.328243 -0.060000
v -0.057512 -0.314000 -0.058653
v 0.200000 -0.327157 -0.063555
v 0.208103 -0.320000 -0.056422
v -0.066059 -0.303257 -0.063725
v 0.220000 -0.309375 -0.060000
v 0.237897 -0.307102 -0.063669
v 0.262852 -0.297042 -0.058559
v -0.300867 -0.281811 -0.061522
v -0.281560 -0.282529 -0.061792
v -0.260020 -0.280005 -0.060052
v -0.241353 -0.282327 -0.061730
v -0.222521 -0.284115 -0.063091
v -0.201517 -0.281863 -0.060210
v -0.080156 -0.281070 -0.060761
v 0.281654 -0.282632 -0.061098
v -0.344309 -0.261766 -0.064667
v -0.358817 -0.256054 -0.057438
v -0.330042 -0.270042 -0.070042
v -0.318121 -0.276466 -0.057300
v -0.330658 -0.270658 -0.060000
v -0.174051 -0.271230 -0.053314
v -0.160000 -0.267136 -0.063630
v -0.135910 -0.273023 -0.054955
v -0.149834 -0.269834 -0.060000
v -0.115717 -0.272853 -0.054975
v -0.097103 -0.275246 -0.056528
v -0.100000 -0.269830 -0.069830
v 0.300000 -0.270670 -0.060000
v 0.300000 -0.270016 -0.070016
v 0.319707 -0.259568 -0.059843
v -0.380465 -0.241829 -0.061324
v -0.368325 -0.248325 -0.068325
v -0.369781 -0.249781 -0.055025
v 0.336846 -0.238569 -0.062156
v -0.400473 -0.222392 -0.061691
v -0.391988 -0.231988 -0.055927
v 0.340000 -0.232793 -0.072793
v 0.349266 -0.220000 -0.055562
v -0.409837 -0.209837 -0.069837
v -0.410275 -0.210275 -0.055119
v -0.419588 -0.197567 -0.058286
v 0.361932 -0.199234 -0.059169
v -0.427923 -0.183267 -0.066242
v -0.433514 -0.176743 -0.055397
v 0.372473 -0.180000 -0.063494
v -0.440196 -0.161421 -0.063979
v 0.381517 -0.160143 -0.060002
v -0.447167 -0.143176 -0.067167
v -0.449457 -0.149457 -0.055307
v -0.454207 -0.136763 -0.056058
v 0.388676 -0.140000 -0.055917
v 0.390401 -0.140000 -0.069599
v -0.449744 -0.129744 -0.069744
v -0.459449 -0.116496 -0.054430
v -0.451025 -0.115596 -0.071025
v 0.390392 -0.129608 -0.055183
v 0.392810 -0.123836 -0.065436
v -0.459661 -0.097568 -0.056443
v 0.394766 -0.103353 -0.063848
v -0.459820 -0.078016 -0.057381
v 0.396333 -0.082345 -0.062706
v -0.459667 -0.059783 -0.058183
v 0.397721 -0.061455 -0.061686
v -0.456926 -0.037833 -0.057649
v -0.451380 -0.035407 -0.071380
v 0.397915 -0.041295 -0.061543
v -0.453763 -0.020000 -0.056743
v -0.450316 -0.020000 -0.070316
v 0.396312 -0.022180 -0.062750
v -0.447545 -0.006281 -0.062032
v 0.393426 -0.003841 -0.064964
v -0.437507 0.018077 -0.058401
v 0.390070 0.010070 -0.055253
v 0.390014 0.010014 -0.069986
v 0.385858 0.023201 -0.055817
v -0.424850 0.035842 -0.060785
v 0.380020 0.040177 -0.059325
v -0.403879 0.061926 -0.062478
v 0.373573 0.057381 -0.065127
v 0.370333 0.061895 -0.053775
v -0.390476 0.080000 -0.055225
v -0.389414 0.080000 -0.069414
v 0.359993 0.079954 -0.060346
v -0.380000 0.091503 -0.060000
v -0.368420 0.100000 -0.063907
v 0.350520 0.090520 -0.055258
v 0.352394 0.092394 -0.067606
v 0.340384 0.101890 -0.053132
v -0.355415 0.106477 -0.055290
v -0.340000 0.113476 -0.063162
v -0.319103 0.121360 -0.059096
v 0.333017 0.113017 -0.063304
v 0.320162 0.120629 -0.056625
v -0.295475 0.127724 -0.056317
v -0.289901 0.130099 -0.069901
v -0.280000 0.132118 -0.063858
v -0.259311 0.141078 -0.059380
v 0.297321 0.134779 -0.063808
v 0.281293 0.144840 -0.056427
v 0.290232 0.140000 -0.069768
v 0.308039 0.128039 -0.056226
v -0.237707 0.143761 -0.057119
v -0.217857 0.143423 -0.057422
v -0.196987 0.144697 -0.056447
v -0.176123 0.145700 -0.055465
v -0.155306 0.146438 -0.054658
v -0.140000 0.148900 -0.060000
v -0.120896 0.158699 -0.060744
v 0.259378 0.157980 -0.061521
v 0.271946 0.151946 -0.063840
v -0.100000 0.169872 -0.056374
v -0.100000 0.174522 -0.065478
v -0.092846 0.184415 -0.060000
v 0.236463 0.171849 -0.066217
v 0.245757 0.162423 -0.053851
v 0.220023 0.180086 -0.059675
v -0.086731 0.200000 -0.060000
v 0.197734 0.195721 -0.063103
v 0.180791 0.202221 -0.058294
v 0.207852 0.187852 -0.056456
v -0.080000 0.210340 -0.056683
v -0.079082 0.218278 -0.064043
v 0.137025 0.219139 -0.063117
v 0.127861 0.220577 -0.057839
v 0.156881 0.212638 -0.065785
v 0.161790 0.209208 -0.054497
v -0.060000 0.235714 -0.061715
v -0.071424 0.228576 -0.071424
v -0.037827 0.242859 -0.057835
v 0.060204 0.240344 -0.058222
v 0.096394 0.233787 -0.063068
v 0.109951 0.229951 -0.070049
v -0.016092 0.246091 -0.055895
v -0.020000 0.250234 -0.069766
v -0.004071 0.252317 -0.067683
v 0.006046 0.249646 -0.058166
v 0.016180 0.252104 -0.067896
v 0.024064 0.247057 -0.055204
v 0.030050 0.250050 -0.069950
v 0.041847 0.243181 -0.057829
v -0.018912 -0.338200 -0.039456
v -0.006797 -0.346797 -0.043991
v 0.004720 -0.349266 -0.040000
v 0.023271 -0.353100 -0.040000
v 0.042822 -0.354228 -0.040000
v 0.062497 -0.355147 -0.040000
v 0.083480 -0.353439 -0.040000
v 0.100000 -0.351405 -0.040000
v 0.115214 -0.348749 -0.040000
v 0.136695 -0.343810 -0.042181
v 0.154324 -0.340000 -0.045676
v 0.164154 -0.340000 -0.050049
v -0.040552 -0.324093 -0.043785
v -0.030806 -0.330806 -0.040000
v 0.162883 -0.334900 -0.040000
v 0.180000 -0.331196 -0.040000
v 0.198092 -0.322606 -0.039258
v -0.058636 -0.296969 -0.039364
v -0.049503 -0.309503 -0.040000
v 0.220000 -0.305550 -0.043169
v 0.238976 -0.301174 -0.040406
v 0.251291 -0.300000 -0.048709
v -0.300583 -0.281255 -0.041135
v -0.282474 -0.284038 -0.043019
v -0.262698 -0.284189 -0.043067
v -0.240717 -0.281234 -0.039683
v -0.227530 -0.280000 -0.047530
v -0.218927 -0.278431 -0.039079
v -0.208791 -0.280000 -0.048791
v -0.068043 -0.288043 -0.044570
v -0.079760 -0.279273 -0.034596
v 0.260000 -0.294419 -0.036751
v 0.277253 -0.283358 -0.038461
v -0.341823 -0.263449 -0.042571
v -0.359060 -0.257563 -0.037867
v -0.349608 -0.260000 -0.049608
v -0.329066 -0.269066 -0.044730
v -0.316467 -0.273412 -0.034807
v -0.196936 -0.275652 -0.036716
v -0.180000 -0.270292 -0.035186
v -0.162094 -0.267336 -0.043507
v -0.149393 -0.269393 -0.044718
v -0.136081 -0.272917 -0.034691
v -0.118643 -0.277689 -0.038298
v -0.098966 -0.278316 -0.038785
v 0.300000 -0.268748 -0.044455
v 0.310505 -0.260000 -0.035842
v 0.314241 -0.260000 -0.045759
v -0.380561 -0.242329 -0.041774
v -0.370335 -0.250335 -0.040000
v 0.320000 -0.254156 -0.040000
v 0.333750 -0.240000 -0.042844
v -0.400264 -0.221446 -0.041092
v -0.391102 -0.231102 -0.035331
v 0.340000 -0.231186 -0.040000
v 0.340000 -0.233381 -0.053381
v 0.347016 -0.220000 -0.036913
v -0.410131 -0.210131 -0.035091
v -0.419645 -0.198099 -0.038642
v 0.359416 -0.200150 -0.043549
v -0.427676 -0.187676 -0.043760
v -0.439026 -0.174203 -0.035905
v 0.368919 -0.180000 -0.035907
v 0.370740 -0.180000 -0.049260
v -0.445679 -0.163095 -0.042863
v -0.440000 -0.169492 -0.049492
v 0.379735 -0.159911 -0.042100
v -0.459632 -0.135582 -0.037041
v 0.386841 -0.135523 -0.035064
v -0.461505 -0.124342 -0.044533
v 0.390996 -0.120000 -0.044227
v -0.464618 -0.102796 -0.043236
v 0.392805 -0.104629 -0.045249
v -0.464741 -0.082913 -0.043333
v 0.394728 -0.083385 -0.043866
v -0.463216 -0.062013 -0.042287
v 0.396170 -0.062444 -0.042815
v -0.459078 -0.039472 -0.039236
v 0.396746 -0.042036 -0.042391
v -0.452283 -0.020000 -0.035898
v 0.395068 -0.022962 -0.043609
v -0.445850 -0.004438 -0.044597
v 0.392135 -0.003760 -0.045909
v 0.388839 0.001895 -0.034854
v -0.438735 0.017458 -0.042171
v 0.380713 0.025907 -0.036656
v -0.432838 0.027162 -0.052838
v -0.426627 0.040000 -0.042993
v 0.378709 0.036226 -0.043968
v -0.420000 0.048170 -0.035706
v -0.404413 0.061787 -0.042750
v 0.372743 0.052743 -0.043349
v 0.361239 0.067527 -0.037605
v -0.400000 0.067273 -0.052727
v -0.389988 0.080000 -0.040000
v 0.357519 0.075314 -0.044558
v -0.380000 0.090352 -0.035107
v -0.380000 0.090969 -0.049031
v -0.357255 0.103856 -0.037950
v 0.339372 0.096714 -0.042032
v -0.340000 0.109785 -0.035412
v -0.340000 0.111460 -0.048540
v -0.321689 0.117353 -0.041248
v 0.319166 0.116792 -0.042201
v 0.328244 0.103601 -0.033802
v 0.330581 0.110580 -0.049419
v -0.295993 0.125846 -0.035700
v -0.280000 0.129573 -0.035510
v -0.280000 0.130932 -0.049068
v -0.258747 0.141893 -0.038993
v 0.296674 0.132107 -0.046108
v 0.305313 0.122819 -0.034223
v 0.280209 0.140761 -0.036883
v -0.236512 0.145709 -0.035799
v -0.217363 0.144252 -0.036848
v -0.197220 0.144267 -0.036800
v -0.175239 0.146938 -0.034740
v -0.160000 0.150142 -0.040000
v -0.141674 0.153129 -0.043931
v -0.121461 0.157714 -0.041757
v 0.256469 0.153876 -0.043044
v 0.240006 0.160019 -0.039928
v 0.270397 0.150397 -0.049603
v -0.099159 0.161341 -0.034129
v -0.080418 0.182611 -0.037391
v -0.087395 0.180000 -0.047395
v 0.214553 0.177036 -0.045164
v 0.200379 0.181572 -0.035844
v 0.229964 0.169964 -0.050036
v -0.078817 0.197939 -0.043822
v 0.179698 0.199158 -0.044846
v 0.196845 0.192234 -0.047766
v 0.189900 0.189900 -0.035901
v -0.058604 0.220363 -0.038745
v 0.119872 0.219667 -0.042500
v 0.137510 0.215687 -0.043040
v 0.152137 0.212137 -0.047863
v 0.149461 0.209461 -0.035899
v 0.162035 0.200970 -0.032652
v -0.060000 0.229275 -0.050725
v -0.043301 0.233901 -0.044358
v -0.022203 0.239205 -0.043149
v 0.000819 0.240283 -0.039112
v 0.037865 0.239240 -0.042961
v 0.020146 0.240251 -0.039199
v 0.057642 0.235990 -0.042780
v 0.075832 0.233234 -0.043455
v 0.095627 0.230127 -0.049873
v 0.105442 0.222199 -0.034274
v 0.000000 -0.340000 -0.028210
v 0.018768 -0.339179 -0.022096
v 0.037087 -0.346145 -0.026145
v 0.041426 -0.341134 -0.017390
v 0.055926 -0.348746 -0.028746
v 0.061776 -0.341713 -0.016394
v 0.075377 -0.348535 -0.028535
v 0.081708 -0.341719 -0.016421
v 0.096866 -0.345057 -0.024077
v 0.119593 -0.340443 -0.020252
v 0.131244 -0.340000 -0.028756
v -0.021526 -0.319809 -0.021629
v 0.002775 -0.333397 -0.020000
v -0.007811 -0.327811 -0.020000
v 0.140000 -0.332500 -0.020000
v 0.160110 -0.322078 -0.017707
v 0.160000 -0.328619 -0.028619
v 0.180772 -0.315567 -0.017545
v 0.190901 -0.320000 -0.029099
v -0.040000 -0.311176 -0.031176
v -0.039090 -0.297888 -0.020311
v -0.028889 -0.308889 -0.020000
v 0.200000 -0.309379 -0.020000
v 0.220098 -0.299888 -0.020052
v 0.230338 -0.300000 -0.029662
v -0.279587 -0.280871 -0.020085
v -0.260966 -0.281289 -0.020454
v -0.247665 -0.280000 -0.027665
v -0.079924 -0.281350 -0.020023
v -0.099955 -0.279947 -0.019962
v -0.089684 -0.280000 -0.029684
v -0.061996 -0.280552 -0.022297
v -0.047853 -0.287852 -0.020000
v 0.241357 -0.295550 -0.017707
v 0.260000 -0.289777 -0.020000
v 0.276609 -0.278938 -0.021984
v -0.342146 -0.263813 -0.022840
v -0.358937 -0.255756 -0.016916
v -0.326371 -0.266371 -0.023213
v -0.315425 -0.269264 -0.020000
v -0.297035 -0.274807 -0.015773
v -0.237964 -0.276634 -0.017348
v -0.218219 -0.277219 -0.017816
v -0.197656 -0.276690 -0.017397
v -0.180000 -0.270433 -0.015022
v -0.164602 -0.266772 -0.025122
v -0.148312 -0.268312 -0.024286
v -0.136635 -0.272030 -0.020000
v -0.118328 -0.276985 -0.017623
v 0.300476 -0.261034 -0.017452
v 0.292377 -0.267623 -0.020000
v -0.380008 -0.240038 -0.020028
v -0.369559 -0.249559 -0.024899
v 0.321714 -0.240727 -0.013579
v 0.320000 -0.250004 -0.030004
v 0.329973 -0.240000 -0.030028
v -0.399905 -0.219542 -0.019720
v -0.389672 -0.229672 -0.020000
v 0.340765 -0.219826 -0.018104
v -0.410269 -0.210269 -0.020000
v -0.419950 -0.199736 -0.019799
v 0.352215 -0.207785 -0.027785
v 0.355461 -0.200000 -0.021969
v -0.428832 -0.188832 -0.024284
v -0.439335 -0.175778 -0.016827
v 0.360000 -0.190947 -0.020000
v 0.366066 -0.176500 -0.015388
v -0.447636 -0.163031 -0.026086
v -0.450500 -0.158351 -0.013816
v 0.374956 -0.163785 -0.023579
v -0.459948 -0.138930 -0.019144
v 0.380000 -0.149884 -0.020000
v 0.381535 -0.139002 -0.013902
v -0.464030 -0.122307 -0.022973
v 0.386086 -0.116084 -0.015716
v 0.389379 -0.115078 -0.030621
v -0.465175 -0.103173 -0.023879
v 0.388077 -0.094863 -0.014300
v 0.390815 -0.100000 -0.029185
v -0.464778 -0.083001 -0.023610
v 0.391637 -0.084167 -0.026070
v -0.461318 -0.060560 -0.021070
v 0.392834 -0.064534 -0.025115
v -0.460000 -0.049059 -0.029059
v -0.456214 -0.037335 -0.017196
v 0.393519 -0.044048 -0.024619
v -0.450217 -0.020000 -0.015325
v 0.391986 -0.023994 -0.025845
v 0.388364 -0.018123 -0.015206
v -0.443901 -0.002975 -0.023159
v 0.390168 -0.009832 -0.029832
v 0.381934 0.005364 -0.014375
v -0.440000 0.008341 -0.016953
v -0.440000 0.012368 -0.027632
v -0.436707 0.021429 -0.018670
v 0.379796 0.018287 -0.024648
v -0.434398 0.025602 -0.034398
v -0.424774 0.041944 -0.023254
v 0.372873 0.036660 -0.025287
v 0.366224 0.043266 -0.015746
v -0.409086 0.060000 -0.024328
v 0.359742 0.058517 -0.023759
v 0.369457 0.049457 -0.030543
v -0.400000 0.068993 -0.015966
v -0.400000 0.067820 -0.032180
v -0.390115 0.080000 -0.024879
v 0.339946 0.079727 -0.020801
v 0.348164 0.068164 -0.016290
v 0.351570 0.071570 -0.028430
v 0.347189 0.080000 -0.032811
v -0.380000 0.088706 -0.016072
v -0.359564 0.100604 -0.019580
v 0.329346 0.089346 -0.015835
v 0.336404 0.090372 -0.029628
v 0.320058 0.100265 -0.018986
v -0.340000 0.107526 -0.016428
v -0.323998 0.114244 -0.024207
v -0.297034 0.124165 -0.017314
v 0.316607 0.111389 -0.028611
v 0.309089 0.109089 -0.016181
v 0.300021 0.120090 -0.019690
v -0.280000 0.127596 -0.016328
v -0.259465 0.140753 -0.019435
v 0.275517 0.137953 -0.024808
v 0.260396 0.141172 -0.013994
v 0.290675 0.130675 -0.029325
v 0.287667 0.127667 -0.016584
v -0.237209 0.144346 -0.016718
v -0.217625 0.143819 -0.017082
v -0.197868 0.143417 -0.017455
v -0.176408 0.145433 -0.016094
v -0.160000 0.150304 -0.024919
v -0.145087 0.152451 -0.025691
v -0.122878 0.155653 -0.023188
v -0.101080 0.158109 -0.021191
v 0.219809 0.159481 -0.021781
v 0.236457 0.153858 -0.022970
v 0.230225 0.160000 -0.029775
v 0.255317 0.149399 -0.030601
v -0.079073 0.161920 -0.013749
v -0.080000 0.170287 -0.029713
v -0.056754 0.181285 -0.016175
v 0.196794 0.175349 -0.025530
v 0.202646 0.161895 -0.014997
v 0.180215 0.180815 -0.018156
v 0.209452 0.169452 -0.030548
v 0.220000 0.166176 -0.033825
v -0.072066 0.187934 -0.032066
v -0.060000 0.198087 -0.024780
v -0.050540 0.200000 -0.020000
v 0.156312 0.197862 -0.023464
v 0.140445 0.201496 -0.016433
v 0.176461 0.191918 -0.028082
v -0.060000 0.209104 -0.030896
v -0.038405 0.206967 -0.017615
v -0.042787 0.216424 -0.024980
v -0.018992 0.220449 -0.019053
v 0.098605 0.219070 -0.022868
v 0.080222 0.220465 -0.018782
v 0.115985 0.213332 -0.023169
v 0.135889 0.211135 -0.028865
v -0.035551 0.228253 -0.031747
v -0.020000 0.230805 -0.029195
v -0.004232 0.231882 -0.028118
v 0.001921 0.221362 -0.017185
v 0.016335 0.232763 -0.027237
v 0.022769 0.222010 -0.015657
v 0.036213 0.232213 -0.027787
v 0.042467 0.221800 -0.015963
v 0.051132 0.231132 -0.028868
v 0.061855 0.221323 -0.016926
v 0.064716 0.229821 -0.030179
v 0.080000 0.228267 -0.031733
v 0.000000 -0.320000 -0.010883
v 0.012915 -0.320000 -0.007085
v 0.021546 -0.315981 -0.002536
v 0.040398 -0.319761 0.000444
v 0.063213 -0.315825 0.005093
v 0.083447 -0.315534 0.005522
v 0.102905 -0.315985 0.005053
v 0.120003 -0.320282 -0.000292
v 0.137749 -0.320000 -0.005334
v 0.149865 -0.320000 -0.010135
v -0.020000 -0.300000 -0.010220
v -0.001338 -0.299350 -0.002142
v 0.013608 -0.306392 0.000000
v 0.144449 -0.311452 0.000000
v 0.160000 -0.307024 0.000000
v 0.176723 -0.305941 0.000000
v 0.196976 -0.303284 -0.002387
v 0.212916 -0.300000 -0.007084
v -0.041882 -0.281956 -0.000663
v -0.036030 -0.291508 -0.011508
v -0.020659 -0.281820 0.004465
v -0.009000 -0.289000 0.000000
v 0.221334 -0.294723 0.002970
v 0.240000 -0.291357 0.000000
v 0.257249 -0.282858 -0.001953
v 0.268593 -0.280000 -0.011407
v -0.340348 -0.260726 -0.000706
v -0.322550 -0.264382 -0.003399
v -0.305612 -0.267646 -0.003977
v -0.276012 -0.271954 0.000000
v -0.290067 -0.270067 0.000000
v -0.255920 -0.271789 0.000000
v -0.236372 -0.272366 0.000000
v -0.217235 -0.274554 0.000000
v -0.196391 -0.273663 0.000000
v -0.180000 -0.268906 0.000000
v -0.164214 -0.266022 -0.004687
v -0.144047 -0.265498 -0.002723
v -0.135606 -0.269547 -0.009547
v -0.116778 -0.272534 0.000000
v -0.128897 -0.268897 0.000000
v -0.098040 -0.276741 0.002702
v -0.078248 -0.276985 0.002373
v -0.058223 -0.276929 0.002364
v 0.286490 -0.261466 0.001363
v 0.280000 -0.271687 -0.011687
v 0.297353 -0.256896 -0.002647
v -0.366938 -0.246938 -0.003716
v -0.354738 -0.252489 0.003875
v -0.379025 -0.234644 0.003913
v 0.307359 -0.252641 -0.012641
v 0.316981 -0.238678 -0.001705
v -0.388302 -0.228302 -0.004337
v -0.399571 -0.218020 0.001701
v 0.328513 -0.231487 -0.011487
v 0.330786 -0.220000 0.004448
v 0.335048 -0.220000 -0.004952
v -0.409645 -0.209645 -0.004907
v -0.419674 -0.198307 0.001413
v 0.340000 -0.210049 0.000000
v 0.346152 -0.200000 0.002531
v 0.350983 -0.200000 -0.009017
v -0.428718 -0.188718 -0.004406
v -0.438985 -0.173047 0.005621
v 0.359730 -0.179730 -0.000577
v -0.445593 -0.165593 -0.002838
v -0.450395 -0.156026 0.002149
v 0.368207 -0.155746 0.005908
v 0.372009 -0.160000 -0.007991
v -0.459146 -0.135513 0.000660
v 0.376353 -0.142566 -0.002487
v -0.462357 -0.121372 -0.001793
v 0.380077 -0.119172 0.001101
v -0.464621 -0.102841 -0.003516
v 0.381469 -0.099067 0.005453
v -0.464938 -0.083106 -0.003722
v 0.384665 -0.077070 0.003228
v 0.388882 -0.075444 -0.011118
v -0.462573 -0.061707 -0.001931
v 0.385600 -0.056559 0.003867
v 0.389688 -0.055140 -0.010312
v -0.460000 -0.050487 0.003832
v -0.460000 -0.052265 -0.012265
v -0.456652 -0.037476 0.002750
v 0.385307 -0.036846 0.003662
v 0.389521 -0.035452 -0.010479
v -0.451465 -0.020000 0.000000
v 0.379243 -0.022917 0.016260
v -0.444597 -0.004597 -0.004597
v -0.441577 0.002466 0.001926
v 0.379955 -0.000506 -0.001082
v -0.434003 0.020000 0.003170
v 0.374704 0.017098 -0.003718
v -0.422835 0.037531 -0.002289
v 0.368125 0.028125 0.003680
v 0.370488 0.030488 -0.009512
v 0.360253 0.041668 0.006387
v -0.420000 0.045903 -0.014097
v -0.401906 0.062123 0.000165
v 0.353789 0.056630 -0.005991
v 0.348254 0.061424 0.004958
v -0.382249 0.082183 0.000004
v 0.339007 0.074936 -0.003517
v -0.364899 0.094263 -0.001453
v 0.315645 0.097508 -0.004316
v 0.307279 0.101302 0.004961
v -0.335963 0.105795 0.004057
v -0.329634 0.110365 -0.009634
v -0.320000 0.110531 0.004597
v -0.320000 0.112937 -0.007063
v -0.301332 0.118341 -0.001381
v 0.296567 0.114838 -0.006491
v 0.281004 0.123971 0.002669
v -0.276784 0.125551 0.004256
v -0.264103 0.134863 -0.001510
v 0.259222 0.137774 -0.001676
v 0.276556 0.131669 -0.008331
v 0.270336 0.130336 0.004489
v -0.238157 0.142821 0.002078
v -0.216976 0.144906 0.003603
v -0.197397 0.144300 0.003136
v -0.177861 0.143404 0.002421
v -0.156635 0.145245 0.003716
v -0.155379 0.148949 -0.011050
v -0.135252 0.147252 0.005159
v -0.140000 0.150289 -0.009711
v -0.124052 0.151887 -0.005855
v -0.104013 0.153736 -0.004422
v -0.082111 0.156778 -0.002263
v -0.056997 0.160540 0.002949
v 0.179758 0.159403 -0.001353
v 0.195626 0.157673 -0.004592
v 0.216863 0.153283 -0.006717
v 0.210519 0.150519 0.004756
v 0.222000 0.148885 0.005172
v 0.235518 0.149700 -0.010300
v 0.245045 0.142088 0.005379
v -0.060000 0.168527 -0.011473
v -0.043928 0.173245 -0.006754
v -0.038578 0.163725 0.002084
v -0.040000 0.184619 -0.009217
v -0.022234 0.178599 -0.002216
v 0.139807 0.179372 -0.000932
v 0.155361 0.175735 -0.004557
v 0.161600 0.161284 0.002468
v 0.172319 0.172319 -0.007681
v 0.184057 0.169359 -0.010641
v -0.024153 0.192626 -0.007374
v -0.017780 0.204215 -0.010108
v 0.001441 0.181809 0.002378
v -0.002632 0.197262 -0.003991
v 0.019456 0.199493 -0.000531
v 0.040236 0.200180 0.000311
v 0.059921 0.199945 -0.000088
v 0.079694 0.199724 -0.000441
v 0.098409 0.198523 -0.002461
v 0.115114 0.195660 -0.004793
v 0.121354 0.181330 0.002142
v 0.132985 0.192985 -0.007015
v 0.144666 0.190561 -0.009439
v 0.160000 0.186524 -0.013476
v 0.000000 0.210341 -0.009659
v 0.015687 0.211850 -0.008150
v 0.036253 0.212585 -0.007415
v 0.056134 0.212149 -0.007851
v 0.075824 0.211546 -0.008454
v 0.090506 0.210506 -0.009494
v 0.104081 0.208822 -0.011178
v 0.120000 0.206089 -0.013911
v 0.023222 -0.300000 0.005627
v 0.040000 -0.300000 0.010190
v 0.055906 -0.300000 0.012455
v 0.076524 -0.300000 0.013081
v 0.096542 -0.300000 0.013065
v 0.115887 -0.300000 0.011137
v 0.135125 -0.300000 0.009242
v 0.156044 -0.300000 0.011742
v 0.178694 -0.299463 0.017868
v 0.191854 -0.300000 0.011854
v -0.036086 -0.280000 0.009348
v -0.011367 -0.280000 0.008633
v 0.002407 -0.276184 0.022770
v 0.020859 -0.277725 0.021342
v 0.020000 -0.286958 0.013042
v 0.040065 -0.280025 0.020097
v 0.058680 -0.282192 0.021323
v 0.081581 -0.280647 0.022538
v 0.100622 -0.281115 0.022167
v 0.120842 -0.281429 0.022335
v 0.144409 -0.289239 0.020000
v 0.132470 -0.287530 0.020000
v 0.162118 -0.295228 0.020000
v 0.202751 -0.295279 0.020000
v 0.220000 -0.290239 0.020000
v 0.236641 -0.283676 0.017462
v 0.251501 -0.280000 0.011501
v -0.319374 -0.260199 0.020509
v -0.303023 -0.265263 0.015929
v -0.285681 -0.267561 0.015995
v -0.275501 -0.270412 0.009588
v -0.264330 -0.269112 0.020000
v -0.260000 -0.270709 0.009291
v -0.244710 -0.269497 0.010503
v -0.244145 -0.268009 0.020000
v -0.228729 -0.268729 0.011271
v -0.223469 -0.266876 0.020000
v -0.215182 -0.270645 0.009355
v -0.203160 -0.266291 0.020000
v -0.195221 -0.270450 0.009550
v -0.181562 -0.266246 0.016688
v -0.160926 -0.261781 0.018943
v -0.140049 -0.259807 0.020041
v -0.122150 -0.263719 0.017213
v -0.110001 -0.270001 0.009999
v -0.095254 -0.269891 0.020000
v -0.106872 -0.266872 0.020000
v -0.076060 -0.271317 0.020000
v -0.057880 -0.272426 0.026422
v -0.038387 -0.277430 0.022103
v -0.017312 -0.275761 0.023405
v 0.260000 -0.269764 0.020000
v 0.276792 -0.258951 0.018015
v -0.364029 -0.241758 0.015010
v -0.335288 -0.253604 0.023514
v -0.349117 -0.249117 0.020000
v 0.298756 -0.241427 0.020394
v 0.309054 -0.240000 0.009054
v -0.385526 -0.225526 0.017052
v -0.376526 -0.231013 0.021867
v -0.397057 -0.214025 0.021282
v 0.321385 -0.219216 0.023816
v 0.320000 -0.227418 0.012582
v -0.406554 -0.206554 0.016436
v -0.417301 -0.194279 0.021214
v 0.339299 -0.200084 0.018624
v -0.426260 -0.186260 0.016655
v -0.433080 -0.175430 0.023265
v 0.349375 -0.190625 0.009375
v 0.350644 -0.180000 0.024548
v 0.354351 -0.180000 0.014351
v -0.442029 -0.164593 0.018448
v 0.360963 -0.159455 0.024092
v -0.450024 -0.150024 0.020000
v -0.452894 -0.138056 0.025918
v 0.368747 -0.133069 0.022528
v 0.371563 -0.140000 0.011563
v -0.460105 -0.123075 0.017483
v 0.373382 -0.123286 0.015330
v -0.463322 -0.101996 0.017482
v 0.376193 -0.102458 0.017420
v -0.463003 -0.081882 0.017709
v 0.379630 -0.083552 0.015265
v -0.460617 -0.060106 0.019891
v 0.379921 -0.060685 0.019053
v -0.453909 -0.038152 0.023156
v 0.379865 -0.040962 0.018588
v -0.448088 -0.020000 0.015557
v -0.440236 -0.000134 0.019874
v 0.375396 -0.002634 0.016824
v -0.431434 0.020000 0.020000
v 0.368720 0.008720 0.023745
v 0.370873 0.016021 0.010873
v 0.360946 0.023594 0.026254
v -0.418866 0.038628 0.019791
v 0.359538 0.036522 0.018018
v -0.397279 0.059203 0.020861
v -0.415379 0.044621 0.004621
v 0.350028 0.050028 0.024401
v 0.352652 0.052652 0.012652
v 0.340900 0.064992 0.023222
v -0.379463 0.078316 0.016642
v -0.389053 0.070947 0.010947
v 0.333045 0.077425 0.014415
v 0.321339 0.085804 0.023982
v 0.340000 0.070551 0.010550
v -0.360000 0.089034 0.023809
v -0.374134 0.085866 0.005866
v -0.360000 0.092989 0.012989
v -0.340556 0.099029 0.019644
v 0.316888 0.092058 0.013712
v 0.300282 0.101091 0.025118
v -0.320000 0.106188 0.022978
v -0.303676 0.114894 0.016415
v -0.278028 0.122927 0.021701
v -0.293059 0.120000 0.006941
v 0.279651 0.118677 0.015122
v 0.291559 0.111559 0.011559
v 0.289083 0.109083 0.024133
v -0.260000 0.128280 0.023530
v -0.260000 0.132472 0.012472
v -0.240343 0.139555 0.019624
v 0.256961 0.133401 0.015120
v 0.265574 0.122724 0.025952
v 0.240025 0.140081 0.020255
v -0.219065 0.141506 0.026325
v -0.198405 0.142597 0.021885
v -0.180883 0.139673 0.035559
v -0.158704 0.140410 0.022752
v -0.139012 0.141516 0.025967
v -0.116112 0.145978 0.024269
v -0.115193 0.149278 0.009278
v -0.100000 0.147858 0.023617
v -0.100000 0.150507 0.010507
v -0.083748 0.152671 0.014625
v -0.090184 0.149816 0.024555
v -0.062605 0.156085 0.017196
v -0.040746 0.158830 0.014885
v -0.022568 0.159038 0.016004
v -0.002417 0.158781 0.016262
v 0.018033 0.158780 0.017022
v 0.039828 0.159896 0.019748
v 0.079258 0.159409 0.018822
v 0.060161 0.160283 0.020850
v 0.098454 0.158717 0.017527
v 0.117066 0.157970 0.014497
v 0.135807 0.154570 0.012101
v 0.142672 0.144705 0.023096
v 0.143029 0.163512 0.005316
v 0.155613 0.150827 0.010827
v 0.163112 0.141455 0.025475
v 0.175554 0.151043 0.011043
v 0.183478 0.145580 0.023789
v 0.195609 0.150810 0.010810
v 0.203676 0.146161 0.024231
v 0.215624 0.136257 0.037362
v -0.017291 0.164956 0.004956
v 0.004250 0.167876 0.007876
v 0.020000 0.170363 0.010363
v 0.023660 0.183955 0.005786
v 0.035668 0.171681 0.011681
v 0.044464 0.184895 0.007242
v 0.056248 0.172721 0.012721
v 0.064561 0.185045 0.007522
v 0.076390 0.172752 0.012752
v 0.084068 0.184572 0.006848
v 0.095998 0.171714 0.011714
v 0.102947 0.183415 0.005123
v 0.109948 0.169948 0.009948
v 0.067445 -0.280000 0.027445
v 0.140000 -0.280000 0.028281
v 0.157478 -0.278825 0.036328
v 0.180017 -0.281351 0.040439
v 0.180000 -0.291740 0.028260
v 0.192787 -0.287213 0.032787
v 0.202401 -0.277890 0.042494
v 0.220006 -0.277953 0.037847
v 0.230014 -0.280000 0.030014
v -0.298285 -0.257250 0.042169
v -0.279632 -0.260941 0.039836
v -0.261287 -0.263075 0.038018
v -0.240536 -0.260665 0.039676
v -0.222157 -0.258746 0.036172
v -0.198703 -0.256762 0.042030
v -0.180373 -0.261130 0.039621
v -0.167340 -0.260000 0.032660
v -0.106704 -0.260000 0.033296
v -0.098941 -0.257376 0.041916
v -0.080833 -0.262308 0.038640
v -0.064729 -0.266198 0.036444
v -0.035664 -0.271122 0.040000
v -0.049061 -0.269061 0.040000
v -0.015578 -0.271163 0.040000
v 0.003807 -0.271834 0.040000
v 0.024130 -0.273168 0.045274
v 0.043065 -0.274801 0.043929
v 0.062367 -0.276207 0.042878
v 0.081784 -0.277296 0.042120
v 0.102583 -0.276328 0.042917
v 0.124517 -0.271569 0.040000
v 0.144067 -0.271366 0.040000
v 0.240000 -0.267692 0.040000
v 0.245109 -0.274891 0.025109
v 0.256862 -0.258542 0.037186
v -0.342279 -0.244569 0.036254
v -0.353857 -0.238258 0.041329
v -0.317208 -0.253521 0.040000
v -0.328776 -0.248776 0.040000
v -0.158722 -0.254826 0.042997
v -0.135527 -0.250688 0.040000
v -0.117035 -0.253264 0.040000
v 0.281341 -0.240383 0.046042
v 0.272668 -0.247332 0.040000
v 0.280000 -0.248741 0.031259
v 0.291569 -0.240000 0.031569
v -0.380894 -0.223684 0.036870
v -0.370732 -0.230732 0.044600
v 0.300000 -0.229004 0.040000
v 0.308979 -0.220000 0.043494
v 0.314155 -0.220000 0.034155
v -0.401023 -0.205025 0.035702
v -0.391889 -0.211889 0.044193
v 0.320000 -0.210421 0.040000
v 0.327103 -0.200000 0.042854
v 0.332520 -0.200000 0.032520
v -0.420840 -0.184812 0.035947
v -0.411562 -0.191562 0.044598
v 0.341836 -0.179195 0.046134
v -0.439103 -0.157685 0.040613
v -0.430961 -0.170961 0.040000
v 0.354153 -0.163971 0.037824
v -0.446201 -0.144439 0.036810
v 0.360273 -0.137364 0.043494
v -0.450422 -0.130422 0.040000
v -0.453481 -0.114962 0.043858
v 0.361967 -0.118746 0.046701
v 0.369343 -0.115077 0.029343
v -0.456924 -0.098025 0.042232
v 0.366141 -0.096124 0.044131
v 0.371006 -0.100000 0.031006
v -0.460000 -0.087002 0.032998
v -0.460000 -0.075975 0.030055
v -0.456512 -0.077556 0.042972
v 0.372430 -0.083990 0.032430
v 0.368921 -0.073103 0.042527
v -0.453416 -0.058359 0.043836
v 0.373665 -0.063246 0.033665
v 0.369285 -0.058133 0.043739
v -0.449344 -0.040000 0.040000
v 0.373104 -0.043778 0.035335
v 0.369774 -0.033927 0.041807
v -0.446810 -0.026810 0.033190
v -0.441237 -0.018552 0.041488
v 0.373005 -0.023418 0.033005
v 0.366401 -0.016348 0.044227
v -0.440000 -0.007771 0.032229
v -0.432841 0.002255 0.043724
v 0.370397 -0.004393 0.030397
v 0.360277 0.001927 0.043833
v -0.426911 0.020000 0.036114
v 0.357983 0.016261 0.036122
v -0.420000 0.027025 0.042779
v -0.420000 0.032157 0.032157
v -0.410259 0.040000 0.040000
v 0.352178 0.036565 0.032178
v 0.340936 0.043494 0.046270
v -0.400000 0.049086 0.043639
v -0.400000 0.053271 0.033271
v -0.390305 0.060000 0.040000
v 0.339767 0.058381 0.035827
v -0.380000 0.067098 0.042879
v -0.380000 0.071543 0.031543
v -0.357237 0.083227 0.042128
v -0.369865 0.080000 0.030135
v 0.328558 0.068558 0.043669
v 0.332026 0.072026 0.032026
v 0.320012 0.080052 0.040156
v -0.344108 0.093240 0.033240
v -0.340000 0.090859 0.044496
v -0.315308 0.105255 0.041664
v 0.299070 0.097109 0.038085
v 0.311130 0.091130 0.031130
v 0.303863 0.088565 0.046368
v -0.308172 0.111828 0.031828
v -0.300000 0.115461 0.037817
v -0.279328 0.121264 0.040634
v 0.258692 0.118937 0.037217
v 0.246278 0.120650 0.041494
v 0.276268 0.111945 0.034144
v -0.257138 0.124208 0.042821
v -0.249434 0.130566 0.030566
v -0.237807 0.129689 0.044065
v -0.240000 0.133849 0.033849
v -0.222189 0.136764 0.037824
v -0.201947 0.139313 0.036324
v -0.161207 0.138031 0.038582
v -0.141785 0.137125 0.037975
v -0.120286 0.139962 0.039709
v 0.155247 0.138536 0.035058
v 0.140161 0.140299 0.041595
v 0.178922 0.138270 0.034995
v 0.197801 0.138796 0.036484
v 0.221818 0.128225 0.043800
v 0.236930 0.133032 0.033032
v 0.249525 0.129525 0.029525
v -0.098613 0.142063 0.046367
v -0.075882 0.148377 0.045974
v -0.080000 0.150802 0.030802
v -0.064706 0.152924 0.034850
v -0.043455 0.154541 0.036077
v -0.023793 0.153806 0.035625
v -0.004136 0.153199 0.035253
v 0.016524 0.154424 0.036066
v 0.037007 0.155341 0.036673
v 0.056332 0.153850 0.035677
v 0.076015 0.152068 0.034275
v 0.082125 0.149136 0.045355
v 0.090877 0.150877 0.030877
v 0.103417 0.145912 0.044152
v 0.104560 0.149700 0.029700
v 0.121900 0.143224 0.042266
v 0.120000 0.147461 0.027461
v -0.056053 -0.255472 0.061975
v -0.039159 -0.261542 0.059751
v -0.023827 -0.266006 0.055043
v -0.005301 -0.266722 0.056071
v 0.004440 -0.269550 0.050450
v 0.024169 -0.271206 0.060000
v 0.011436 -0.268564 0.060000
v 0.043046 -0.273345 0.060000
v 0.063372 -0.274677 0.064385
v 0.083416 -0.274698 0.064303
v 0.105314 -0.271919 0.066311
v 0.120000 -0.269056 0.060000
v 0.120000 -0.271055 0.048945
v 0.136106 -0.265968 0.055105
v 0.160283 -0.259658 0.060196
v 0.179974 -0.259870 0.060048
v 0.199775 -0.261174 0.060955
v 0.219860 -0.256599 0.062145
v 0.232513 -0.260000 0.052513
v 0.242877 -0.260000 0.047281
v -0.340000 -0.240000 0.050120
v -0.321123 -0.244333 0.056571
v -0.310348 -0.250348 0.049652
v -0.303095 -0.246949 0.060000
v -0.275316 -0.250241 0.060000
v -0.288834 -0.248834 0.060000
v -0.255967 -0.251821 0.060000
v -0.240000 -0.251686 0.060000
v -0.220000 -0.248234 0.060000
v -0.230093 -0.250093 0.060000
v -0.217588 -0.254674 0.045326
v -0.195627 -0.250867 0.060000
v -0.209502 -0.249502 0.060000
v -0.175465 -0.251965 0.060000
v -0.160000 -0.248806 0.060000
v -0.141842 -0.242534 0.057899
v -0.121103 -0.242977 0.058054
v -0.109698 -0.249698 0.050302
v -0.102724 -0.246249 0.060000
v -0.076112 -0.251348 0.060000
v -0.088939 -0.248939 0.060000
v 0.240000 -0.251443 0.060000
v 0.256213 -0.246171 0.060000
v 0.260000 -0.250191 0.049809
v 0.276552 -0.239317 0.058227
v -0.380757 -0.223346 0.057575
v -0.358865 -0.238199 0.064581
v -0.376261 -0.231924 0.065994
v -0.339066 -0.238501 0.066003
v 0.300634 -0.219800 0.061584
v 0.293432 -0.226568 0.060000
v -0.399991 -0.199939 0.060193
v -0.391270 -0.215924 0.066501
v 0.308287 -0.211713 0.060000
v 0.318812 -0.200731 0.056998
v -0.420000 -0.180000 0.049856
v -0.408881 -0.188881 0.060000
v -0.419323 -0.175629 0.063199
v 0.332049 -0.187951 0.052049
v 0.335307 -0.180000 0.058129
v -0.426941 -0.166941 0.056068
v -0.430184 -0.158191 0.066261
v 0.340000 -0.171178 0.060000
v 0.342628 -0.158268 0.067184
v 0.350909 -0.160000 0.050909
v -0.439468 -0.133529 0.064539
v 0.353276 -0.143382 0.055292
v -0.446585 -0.121707 0.054372
v 0.356466 -0.122291 0.057666
v -0.448126 -0.103680 0.060000
v 0.359649 -0.102848 0.056237
v -0.449906 -0.084802 0.060000
v 0.359965 -0.080196 0.059638
v -0.447822 -0.064214 0.060000
v 0.360127 -0.059378 0.060916
v -0.448583 -0.048583 0.051417
v -0.444298 -0.041045 0.057563
v 0.360023 -0.039640 0.060320
v -0.440000 -0.031749 0.062770
v -0.437967 -0.021664 0.058688
v 0.359584 -0.021946 0.057045
v -0.428325 -0.000000 0.060000
v 0.353840 -0.003606 0.057119
v 0.360000 -0.009390 0.050610
v -0.418516 0.018608 0.059558
v 0.350959 0.010959 0.050959
v 0.340241 0.021887 0.063788
v -0.399780 0.040637 0.060801
v 0.338362 0.036221 0.056033
v -0.380245 0.059225 0.059521
v -0.388442 0.051558 0.060000
v 0.331572 0.051572 0.056517
v 0.320212 0.061049 0.062839
v 0.330457 0.060000 0.050457
v -0.360000 0.070790 0.064350
v -0.369325 0.070675 0.050675
v -0.360000 0.075149 0.055149
v -0.335391 0.085287 0.061847
v 0.316315 0.074281 0.051989
v 0.310029 0.070029 0.064094
v 0.300106 0.080431 0.061303
v -0.323212 0.094220 0.055748
v -0.309150 0.100000 0.060000
v 0.277958 0.098129 0.055655
v 0.260317 0.100908 0.062814
v 0.292424 0.092424 0.052424
v -0.293533 0.107652 0.061851
v -0.300000 0.110938 0.050938
v -0.282429 0.115546 0.056736
v -0.262824 0.119750 0.057114
v 0.217677 0.118336 0.055782
v 0.200325 0.120871 0.065208
v 0.235795 0.114862 0.052200
v 0.229983 0.109983 0.064304
v 0.243069 0.105558 0.063686
v 0.251127 0.111127 0.051127
v 0.263933 0.108715 0.048715
v -0.238397 0.122443 0.061724
v -0.216282 0.125960 0.064117
v -0.220000 0.130841 0.050842
v -0.204112 0.132114 0.052114
v -0.193129 0.128782 0.062462
v -0.183083 0.134052 0.054052
v -0.177838 0.130022 0.064139
v -0.163639 0.134083 0.055918
v -0.144182 0.133091 0.055077
v -0.124041 0.133657 0.055479
v -0.102507 0.136079 0.057326
v -0.077909 0.140604 0.062064
v 0.116937 0.139065 0.056074
v 0.100394 0.140894 0.064426
v 0.137671 0.136053 0.057297
v 0.156622 0.134202 0.055950
v 0.171804 0.131804 0.051804
v 0.169573 0.129573 0.064411
v 0.183515 0.126217 0.064382
v 0.184536 0.129935 0.049935
v 0.203770 0.127979 0.047979
v -0.058798 0.141940 0.065269
v -0.055051 0.149834 0.049834
v -0.038586 0.142287 0.067182
v -0.035006 0.150084 0.050084
v -0.017149 0.144774 0.063266
v -0.015538 0.149113 0.049113
v 0.002924 0.141642 0.065017
v 0.004502 0.148838 0.048838
v 0.021194 0.141841 0.065106
v 0.020000 0.149756 0.049756
v 0.035195 0.150596 0.050596
v 0.044072 0.146393 0.064533
v 0.050809 0.150809 0.050809
v 0.064245 0.146989 0.065022
v 0.064720 0.149707 0.049707
v 0.083069 0.145320 0.063772
v -0.400010 -0.260049 0.079951
v -0.384628 -0.264773 0.078726
v -0.378817 -0.278181 0.082077
v -0.361748 -0.261284 0.078922
v -0.020000 -0.260000 0.069741
v -0.000701 -0.258558 0.080372
v 0.017417 -0.264344 0.076831
v 0.031238 -0.268762 0.071238
v 0.036753 -0.266984 0.080000
v 0.044466 -0.270502 0.069498
v 0.055718 -0.269133 0.080000
v 0.075066 -0.269765 0.080000
v 0.095207 -0.269363 0.080000
v 0.117883 -0.268275 0.075810
v 0.137602 -0.263392 0.077932
v 0.148468 -0.260000 0.068468
v -0.404833 -0.245033 0.078686
v -0.419068 -0.238005 0.082577
v -0.383541 -0.244275 0.073921
v -0.363852 -0.244816 0.072999
v -0.343042 -0.242139 0.075604
v -0.337532 -0.257614 0.083548
v -0.320723 -0.240235 0.079355
v -0.307566 -0.240000 0.072434
v -0.299233 -0.238969 0.084728
v -0.278462 -0.237002 0.082055
v -0.257627 -0.236248 0.083014
v -0.240475 -0.237063 0.081652
v -0.220924 -0.239227 0.078093
v -0.199336 -0.239040 0.080900
v -0.179456 -0.239104 0.080848
v -0.160734 -0.238841 0.077886
v -0.149810 -0.240000 0.070190
v -0.097540 -0.236170 0.077915
v -0.082260 -0.238941 0.076534
v -0.060756 -0.243968 0.076744
v -0.036173 -0.251341 0.080000
v -0.047873 -0.247873 0.080000
v -0.017938 -0.255473 0.080000
v 0.161726 -0.253622 0.083348
v 0.180000 -0.249579 0.080000
v 0.195241 -0.249691 0.080000
v 0.216694 -0.245957 0.080000
v 0.240357 -0.239360 0.079848
v 0.252922 -0.240000 0.072922
v 0.262791 -0.240000 0.067333
v -0.402056 -0.222734 0.076197
v -0.418958 -0.217132 0.083751
v -0.389406 -0.229406 0.070594
v -0.135748 -0.231740 0.080000
v -0.116171 -0.231903 0.080000
v 0.260000 -0.233459 0.080000
v 0.281652 -0.220577 0.084064
v 0.272162 -0.227838 0.080000
v 0.280000 -0.232118 0.067882
v 0.293082 -0.220000 0.073082
v -0.402518 -0.204466 0.074102
v -0.418748 -0.196079 0.085615
v 0.300000 -0.208530 0.080000
v 0.306162 -0.200000 0.082423
v 0.311798 -0.200000 0.071798
v -0.409167 -0.189167 0.070833
v -0.419763 -0.178629 0.082525
v 0.321364 -0.179066 0.083103
v 0.320000 -0.191699 0.068302
v 0.329108 -0.180000 0.069108
v -0.426380 -0.166380 0.077039
v -0.432446 -0.158402 0.083985
v 0.334902 -0.162910 0.076247
v -0.439717 -0.137757 0.083759
v 0.340082 -0.139484 0.080729
v 0.348192 -0.135652 0.068192
v -0.443351 -0.121860 0.077534
v 0.340761 -0.116009 0.085569
v 0.350135 -0.120000 0.070135
v -0.446869 -0.103991 0.074862
v 0.351163 -0.104586 0.071163
v 0.341076 -0.094682 0.087535
v -0.448019 -0.084945 0.073854
v 0.352145 -0.084013 0.072145
v 0.341245 -0.074095 0.088466
v -0.444675 -0.063151 0.076317
v 0.352604 -0.063737 0.072604
v 0.341280 -0.054129 0.088545
v -0.439418 -0.039933 0.081443
v 0.352319 -0.043798 0.072319
v 0.341170 -0.034946 0.087594
v -0.431704 -0.020000 0.083839
v 0.351455 -0.028545 0.071455
v 0.340788 -0.016910 0.084934
v 0.349964 -0.015388 0.069964
v -0.419245 0.000954 0.080910
v 0.339916 -0.000756 0.078806
v 0.346982 -0.000000 0.066982
v -0.420000 0.008674 0.068674
v -0.401708 0.025073 0.081084
v 0.337275 0.014295 0.074600
v -0.400000 0.033046 0.073046
v -0.388650 0.040000 0.080000
v 0.332005 0.032005 0.072005
v 0.320262 0.041497 0.083415
v 0.328250 0.043492 0.068250
v -0.380000 0.046762 0.082609
v -0.380000 0.052860 0.072860
v -0.355263 0.065328 0.081769
v 0.316923 0.054758 0.073773
v 0.300517 0.062253 0.085885
v -0.343060 0.074655 0.076011
v -0.329365 0.080000 0.080000
v 0.296292 0.074707 0.073427
v 0.280091 0.080322 0.080870
v -0.318522 0.082487 0.087431
v -0.320000 0.089525 0.069525
v -0.305091 0.094258 0.078146
v 0.256413 0.094681 0.074953
v 0.265727 0.083047 0.086114
v 0.240055 0.100177 0.080790
v 0.271244 0.091244 0.071244
v -0.276596 0.106428 0.084657
v -0.280000 0.110826 0.070826
v -0.263869 0.114366 0.076187
v -0.240487 0.119262 0.079253
v 0.197238 0.118507 0.078673
v 0.216303 0.111898 0.073909
v 0.223245 0.105911 0.084072
v -0.218141 0.120964 0.083397
v -0.198712 0.120724 0.082349
v -0.178822 0.120592 0.081859
v -0.156594 0.121650 0.085236
v -0.155041 0.129731 0.069731
v -0.138561 0.122338 0.087283
v -0.135070 0.129710 0.069710
v -0.117289 0.124629 0.083102
v -0.115467 0.129621 0.069621
v -0.097882 0.121075 0.083706
v -0.100000 0.128981 0.068981
v -0.084755 0.131181 0.071181
v -0.077009 0.121780 0.084744
v -0.062951 0.134570 0.074570
v -0.058422 0.128285 0.082981
v -0.042553 0.136010 0.077561
v -0.049617 0.140000 0.070383
v -0.022740 0.138586 0.075510
v -0.002694 0.135374 0.077000
v -0.009849 0.140000 0.070151
v 0.016822 0.134715 0.076557
v 0.037838 0.139539 0.077859
v 0.095541 0.138507 0.075359
v 0.080311 0.140780 0.082479
v 0.116132 0.133341 0.075344
v 0.135496 0.132604 0.074676
v 0.155610 0.130839 0.070839
v 0.149645 0.129645 0.084449
v 0.164041 0.126981 0.084978
v 0.062085 0.141267 0.083581
v -0.380444 -0.301926 0.097050
v -0.363523 -0.303448 0.093805
v -0.357582 -0.318016 0.104258
v -0.342286 -0.302376 0.096121
v -0.350303 -0.310303 0.100000
v -0.330884 -0.300000 0.100000
v -0.440127 -0.280549 0.098971
v -0.425581 -0.285262 0.097198
v -0.416996 -0.294708 0.103225
v -0.403556 -0.287833 0.092167
v -0.398088 -0.298315 0.103928
v -0.397618 -0.277204 0.084154
v -0.389984 -0.289984 0.090016
v -0.375501 -0.291034 0.088966
v -0.357307 -0.277179 0.084015
v -0.349996 -0.289996 0.090004
v -0.340000 -0.288817 0.091183
v -0.340000 -0.276664 0.087583
v -0.321761 -0.280466 0.097739
v -0.443435 -0.265378 0.094223
v -0.459640 -0.258942 0.101614
v -0.438043 -0.254275 0.089484
v -0.429701 -0.269701 0.090298
v -0.420000 -0.271727 0.088273
v -0.417788 -0.257206 0.083888
v -0.329088 -0.269088 0.090912
v -0.320000 -0.266083 0.093917
v -0.320000 -0.255486 0.090651
v -0.309412 -0.260000 0.100000
v 0.041200 -0.256751 0.102160
v 0.059986 -0.259937 0.100027
v 0.079064 -0.262110 0.098615
v 0.098020 -0.264019 0.097265
v 0.118932 -0.261330 0.099357
v 0.139289 -0.259114 0.093891
v -0.460111 -0.241387 0.099027
v -0.447866 -0.243791 0.092134
v -0.437530 -0.233647 0.088187
v -0.301314 -0.243225 0.097523
v -0.052104 -0.240000 0.087895
v -0.037237 -0.237477 0.100201
v -0.023232 -0.243658 0.098086
v -0.015973 -0.249905 0.090095
v -0.003199 -0.247032 0.100000
v 0.022737 -0.253765 0.100000
v 0.009751 -0.250249 0.100000
v 0.160000 -0.250747 0.100000
v 0.171673 -0.248327 0.091673
v 0.178528 -0.244506 0.098517
v 0.200302 -0.239648 0.100233
v 0.213906 -0.240000 0.093906
v 0.223353 -0.240000 0.088720
v -0.459941 -0.219829 0.100258
v -0.447010 -0.223603 0.092990
v -0.435865 -0.217783 0.089322
v -0.275150 -0.232670 0.105133
v -0.260000 -0.229484 0.104719
v -0.242964 -0.225661 0.100000
v -0.232839 -0.232839 0.087161
v -0.218764 -0.221393 0.102893
v -0.215588 -0.231932 0.088068
v -0.199085 -0.221075 0.102052
v -0.179167 -0.220794 0.101672
v -0.159207 -0.220871 0.101771
v -0.160000 -0.229268 0.090732
v -0.140731 -0.220787 0.099312
v -0.121210 -0.218905 0.097570
v -0.100019 -0.218200 0.101382
v -0.085578 -0.225578 0.094422
v -0.078970 -0.220713 0.101823
v -0.076101 -0.230114 0.089886
v -0.062095 -0.223420 0.101449
v -0.049980 -0.229980 0.100000
v 0.221655 -0.233370 0.103902
v 0.240000 -0.229362 0.100000
v 0.259922 -0.220079 0.099925
v 0.272007 -0.220000 0.092007
v -0.442446 -0.203585 0.095378
v -0.453271 -0.198943 0.102313
v -0.429452 -0.200000 0.090548
v 0.280000 -0.210300 0.100000
v 0.289837 -0.210163 0.089837
v 0.298378 -0.198333 0.096123
v -0.440488 -0.181396 0.098201
v -0.429449 -0.189449 0.090551
v -0.429980 -0.175486 0.090020
v 0.308494 -0.191506 0.088494
v 0.307768 -0.176044 0.105342
v 0.313936 -0.180000 0.093936
v -0.441085 -0.162749 0.095851
v 0.320229 -0.158439 0.102009
v 0.328946 -0.160000 0.088946
v -0.445718 -0.142636 0.094282
v -0.459271 -0.137969 0.103165
v -0.440000 -0.149800 0.090200
v 0.331668 -0.144627 0.091668
v 0.322889 -0.138176 0.107092
v -0.460189 -0.121382 0.098310
v -0.448432 -0.128432 0.091568
v -0.450626 -0.115587 0.089374
v 0.334144 -0.123092 0.094144
v 0.328515 -0.118367 0.103192
v -0.461077 -0.102962 0.095649
v -0.452111 -0.096026 0.087889
v 0.334366 -0.103334 0.096488
v 0.329686 -0.098176 0.103607
v -0.460856 -0.082996 0.095821
v -0.451330 -0.075376 0.088670
v 0.335064 -0.083028 0.096858
v -0.459992 -0.059948 0.100065
v -0.449589 -0.060000 0.090411
v 0.335303 -0.062858 0.097006
v -0.446195 -0.043389 0.093805
v -0.452681 -0.040000 0.102586
v 0.333674 -0.044337 0.098894
v -0.439238 -0.019637 0.101944
v 0.332554 -0.024955 0.098238
v -0.419226 0.000970 0.099929
v 0.332727 -0.007273 0.092727
v 0.320941 0.003226 0.105392
v 0.330414 0.004734 0.090414
v -0.399502 0.019200 0.102706
v 0.319873 0.019018 0.098356
v 0.327385 0.020000 0.087385
v -0.382962 0.036037 0.095524
v 0.316827 0.033916 0.093263
v 0.300450 0.042200 0.104555
v -0.360000 0.054815 0.097959
v -0.369265 0.050735 0.090735
v -0.349802 0.060000 0.100000
v 0.297315 0.056100 0.095382
v 0.280263 0.061017 0.102432
v 0.309881 0.049881 0.089881
v -0.338638 0.062507 0.107313
v -0.340000 0.070104 0.090104
v -0.324759 0.074242 0.098620
v 0.260000 0.080000 0.099999
v 0.273536 0.073536 0.093536
v 0.269224 0.069224 0.103804
v 0.284417 0.070178 0.090178
v -0.296418 0.086858 0.104845
v -0.300000 0.091605 0.091605
v -0.281881 0.097763 0.098547
v 0.237192 0.094799 0.097578
v 0.220110 0.100317 0.101118
v 0.231070 0.100000 0.091070
v 0.250420 0.090420 0.090420
v -0.258385 0.102470 0.106534
v -0.260000 0.110409 0.090409
v -0.243747 0.113235 0.093235
v -0.238130 0.109057 0.103598
v -0.223328 0.114797 0.096554
v -0.203079 0.114360 0.096211
v -0.193654 0.110257 0.101876
v -0.183011 0.113879 0.093879
v -0.178326 0.108401 0.103382
v -0.163554 0.113937 0.096158
v -0.158042 0.109675 0.103786
v -0.142433 0.116171 0.097547
v -0.123128 0.118294 0.094798
v -0.102533 0.115738 0.097190
v -0.109294 0.120000 0.090706
v -0.083011 0.115026 0.096684
v -0.064602 0.114858 0.097232
v -0.058100 0.109630 0.103567
v -0.041770 0.118937 0.097472
v -0.017889 0.120764 0.102160
v 0.019637 0.119514 0.099228
v 0.179652 0.119155 0.096057
v 0.196830 0.113352 0.095215
v 0.203198 0.105954 0.103915
v 0.209654 0.109654 0.089654
v -0.035727 0.128306 0.088306
v -0.015403 0.129179 0.089179
v 0.001519 0.121027 0.102652
v 0.003945 0.128235 0.088235
v 0.024545 0.128208 0.088208
v 0.041498 0.121043 0.102187
v 0.040000 0.130894 0.090894
v 0.056422 0.133535 0.093535
v 0.063186 0.122375 0.104880
v 0.076932 0.133751 0.093751
v 0.085444 0.121089 0.107183
v 0.095967 0.131110 0.091110
v 0.101504 0.122332 0.106397
v 0.115724 0.131063 0.091063
v 0.124304 0.127112 0.104824
v 0.135197 0.130443 0.090443
v 0.143408 0.125925 0.104006
v 0.161804 0.121326 0.103622
v -0.379933 -0.322571 0.116360
v -0.363025 -0.326385 0.113615
v -0.355526 -0.332811 0.124796
v -0.370419 -0.330419 0.123988
v -0.343099 -0.326128 0.113872
v -0.340000 -0.331703 0.123298
v -0.336223 -0.315210 0.106747
v -0.320366 -0.318921 0.121598
v -0.440072 -0.300259 0.119239
v -0.424460 -0.301890 0.114690
v -0.403076 -0.306125 0.115708
v -0.390470 -0.310470 0.109530
v -0.380000 -0.314205 0.105795
v -0.320000 -0.307957 0.112043
v -0.320000 -0.297560 0.106089
v -0.308565 -0.300000 0.120000
v -0.460273 -0.281341 0.116787
v -0.448582 -0.288582 0.111418
v -0.453069 -0.293069 0.122951
v -0.456762 -0.274275 0.107626
v -0.436785 -0.292662 0.107338
v -0.300321 -0.280445 0.119574
v -0.467807 -0.263485 0.112193
v -0.471358 -0.271358 0.123620
v -0.479153 -0.257400 0.128489
v -0.300000 -0.267100 0.112900
v -0.300000 -0.257140 0.107602
v -0.291411 -0.260000 0.120000
v -0.470105 -0.250105 0.109895
v -0.479706 -0.237583 0.123397
v -0.470904 -0.235375 0.109096
v -0.283832 -0.245407 0.114603
v -0.258496 -0.237409 0.122945
v -0.012297 -0.240000 0.107703
v 0.001983 -0.236633 0.117945
v 0.020887 -0.242566 0.118933
v 0.030202 -0.249798 0.110202
v 0.037372 -0.245948 0.120000
v 0.064770 -0.249743 0.120000
v 0.051932 -0.248068 0.120000
v 0.083951 -0.251856 0.120000
v 0.103824 -0.252722 0.120000
v 0.120000 -0.251132 0.120000
v 0.135853 -0.247441 0.120000
v 0.140000 -0.253555 0.106445
v 0.153719 -0.246281 0.113719
v 0.159277 -0.241323 0.120460
v 0.173628 -0.240000 0.113628
v 0.185717 -0.240000 0.105717
v -0.479064 -0.219384 0.123489
v -0.470452 -0.220000 0.109548
v -0.240606 -0.222839 0.118258
v -0.250844 -0.230844 0.120000
v -0.231958 -0.220000 0.108042
v -0.040846 -0.219650 0.119062
v -0.015871 -0.230477 0.120000
v -0.026507 -0.226507 0.120000
v 0.183097 -0.234378 0.120000
v 0.200000 -0.230748 0.120000
v 0.215813 -0.227685 0.120000
v 0.239530 -0.220490 0.119640
v 0.249329 -0.220000 0.109329
v -0.468019 -0.204294 0.111981
v -0.472683 -0.194027 0.121647
v -0.220000 -0.211513 0.124317
v -0.203462 -0.206072 0.120000
v -0.182431 -0.203619 0.121236
v -0.163305 -0.206891 0.120000
v -0.143177 -0.204635 0.122027
v -0.118816 -0.201303 0.122781
v -0.115682 -0.210739 0.109260
v -0.098559 -0.201448 0.123006
v -0.082316 -0.203602 0.121305
v -0.055834 -0.209661 0.120000
v -0.067080 -0.207080 0.120000
v 0.266132 -0.201767 0.121114
v 0.277587 -0.200000 0.113638
v -0.462440 -0.187795 0.112205
v -0.466987 -0.179171 0.119784
v -0.456470 -0.178282 0.110010
v 0.280000 -0.191509 0.120000
v 0.295194 -0.183841 0.113167
v 0.289296 -0.177954 0.123430
v -0.465873 -0.165925 0.116880
v -0.481166 -0.163333 0.135833
v 0.300000 -0.168876 0.120000
v 0.300997 -0.155009 0.126321
v 0.311955 -0.160000 0.111955
v -0.463754 -0.149697 0.110303
v -0.479868 -0.138674 0.121893
v -0.469931 -0.135415 0.110069
v 0.315215 -0.142696 0.115215
v 0.309397 -0.138273 0.123326
v -0.480598 -0.122118 0.116643
v -0.472949 -0.116633 0.107051
v 0.319151 -0.124144 0.114404
v -0.480741 -0.103116 0.115317
v 0.319474 -0.102443 0.116609
v -0.480294 -0.081581 0.117644
v -0.472308 -0.075777 0.107692
v 0.319663 -0.081538 0.117832
v 0.327635 -0.076166 0.107635
v -0.475953 -0.057062 0.122755
v -0.469805 -0.060000 0.110195
v 0.319761 -0.061078 0.118462
v 0.327731 -0.056152 0.107731
v -0.463015 -0.041521 0.113139
v 0.319661 -0.041472 0.117872
v -0.460000 -0.029460 0.120000
v -0.450791 -0.030791 0.109209
v -0.453389 -0.020000 0.122509
v -0.446688 -0.020000 0.113312
v 0.319328 -0.022697 0.115993
v 0.326619 -0.020000 0.106619
v -0.438297 -0.000840 0.125803
v -0.428433 -0.000000 0.111567
v 0.317162 -0.005880 0.113808
v 0.301278 0.003811 0.126055
v -0.420000 0.013131 0.120000
v -0.411625 0.020000 0.123296
v -0.402736 0.023136 0.117264
v 0.311940 0.011940 0.111940
v 0.300003 0.020017 0.120031
v 0.308785 0.023855 0.108785
v -0.379119 0.038859 0.123218
v -0.386891 0.033109 0.120000
v -0.374209 0.040000 0.105791
v 0.296387 0.034234 0.113392
v 0.280157 0.040705 0.121553
v -0.360000 0.047211 0.123999
v -0.360000 0.049427 0.109427
v -0.343664 0.055060 0.116582
v -0.329716 0.060000 0.120000
v 0.272672 0.057053 0.112672
v 0.269438 0.049438 0.123806
v 0.260242 0.061131 0.122576
v 0.284243 0.050114 0.110114
v -0.314524 0.066390 0.121269
v -0.320000 0.070340 0.110340
v -0.301220 0.077677 0.114403
v -0.289455 0.080000 0.120000
v 0.239943 0.079801 0.119441
v 0.256460 0.072253 0.114409
v 0.250179 0.080000 0.110179
v -0.278571 0.082092 0.124344
v -0.280000 0.091287 0.111287
v -0.262640 0.094676 0.116375
v -0.242053 0.099465 0.117952
v -0.120067 0.099941 0.119859
v -0.100495 0.099648 0.119213
v -0.080767 0.099463 0.118755
v -0.061359 0.099076 0.117679
v -0.041753 0.099382 0.118220
v 0.199830 0.099551 0.118477
v 0.216271 0.094388 0.114921
v 0.216107 0.076447 0.137576
v 0.230804 0.090804 0.110804
v 0.240000 0.087909 0.107909
v -0.218500 0.100741 0.122386
v -0.215921 0.108345 0.108345
v -0.198386 0.100743 0.122689
v -0.178155 0.101059 0.123508
v -0.159588 0.100267 0.120779
v -0.139612 0.100286 0.120661
v -0.135478 0.108981 0.108981
v -0.115466 0.109148 0.109148
v -0.095667 0.108783 0.108783
v -0.076207 0.107912 0.107912
v -0.040000 0.108957 0.108957
v -0.018712 0.100875 0.121819
v -0.024598 0.111614 0.111614
v -0.003681 0.112731 0.112731
v 0.002977 0.101934 0.124573
v 0.016007 0.111663 0.111663
v 0.023629 0.102199 0.125742
v 0.035719 0.111567 0.111567
v 0.043646 0.102157 0.125920
v 0.056106 0.112408 0.112408
v 0.063574 0.102289 0.125971
v 0.076497 0.113104 0.113104
v 0.081229 0.102702 0.126378
v 0.094370 0.112397 0.118858
v 0.118348 0.119245 0.117651
v 0.138451 0.119069 0.117337
v 0.156508 0.114036 0.117339
v 0.150528 0.120000 0.110528
v 0.171917 0.111917 0.111917
v 0.182214 0.101586 0.124612
v 0.184342 0.109422 0.109422
v -0.383690 -0.328491 0.133479
v -0.376865 -0.334307 0.144090
v -0.399849 -0.319414 0.143008
v -0.359101 -0.338605 0.141031
v -0.336891 -0.336078 0.143046
v -0.328999 -0.328999 0.131001
v -0.320000 -0.327282 0.136921
v -0.311448 -0.320000 0.144258
v -0.445847 -0.302832 0.133690
v -0.458910 -0.295339 0.143507
v -0.428468 -0.308468 0.131532
v -0.416018 -0.313130 0.144935
v -0.430790 -0.310790 0.144386
v -0.415361 -0.310174 0.129826
v -0.302007 -0.302120 0.137874
v -0.467801 -0.283259 0.133968
v -0.474769 -0.277414 0.143764
v -0.460000 -0.289979 0.130021
v -0.300000 -0.290704 0.129296
v -0.291503 -0.280000 0.140000
v -0.480551 -0.263992 0.137620
v -0.278458 -0.260824 0.140379
v -0.484478 -0.242661 0.136853
v -0.269692 -0.249692 0.130308
v -0.260000 -0.251000 0.143840
v -0.260000 -0.246349 0.133651
v -0.241737 -0.236070 0.142300
v 0.040000 -0.240000 0.130454
v 0.052994 -0.240000 0.132994
v 0.061701 -0.237329 0.138581
v 0.078985 -0.239439 0.138347
v 0.099942 -0.237983 0.141838
v 0.119232 -0.238535 0.137673
v 0.131968 -0.240000 0.131968
v 0.144117 -0.240000 0.128685
v -0.484068 -0.222549 0.137124
v -0.240000 -0.228543 0.131457
v -0.221757 -0.215478 0.142862
v -0.020000 -0.220000 0.131105
v 0.000071 -0.220390 0.139746
v 0.008394 -0.231606 0.128394
v 0.024516 -0.229673 0.140000
v 0.014085 -0.225915 0.140000
v 0.042895 -0.233812 0.140000
v 0.143954 -0.231991 0.140000
v 0.160000 -0.231200 0.140000
v 0.175959 -0.227099 0.140000
v 0.180000 -0.230813 0.129187
v 0.199123 -0.220926 0.139332
v 0.213428 -0.220000 0.133428
v 0.223962 -0.220000 0.129550
v -0.480740 -0.200480 0.137142
v -0.480000 -0.209101 0.130899
v -0.204519 -0.198094 0.137030
v -0.197348 -0.200000 0.127379
v -0.173981 -0.200000 0.126019
v -0.155499 -0.200000 0.128556
v -0.132036 -0.200000 0.127964
v -0.072390 -0.200000 0.127610
v -0.060000 -0.200000 0.129859
v -0.039861 -0.199732 0.140126
v -0.016904 -0.212463 0.140000
v -0.027155 -0.207155 0.140000
v 0.220000 -0.213111 0.140000
v 0.243435 -0.199890 0.143890
v 0.230277 -0.209723 0.140000
v 0.257529 -0.200000 0.132419
v -0.479885 -0.178793 0.143519
v -0.177568 -0.181089 0.143512
v -0.188179 -0.188179 0.140000
v -0.155242 -0.189256 0.140000
v -0.166764 -0.186764 0.140000
v -0.135477 -0.191171 0.140000
v -0.120000 -0.190808 0.140000
v -0.099837 -0.182335 0.142392
v -0.076793 -0.176200 0.144396
v -0.056451 -0.190991 0.140000
v -0.066469 -0.186469 0.140000
v 0.260000 -0.190398 0.140000
v 0.268636 -0.191364 0.128636
v 0.263268 -0.178439 0.146095
v 0.277269 -0.180000 0.132326
v 0.280623 -0.157309 0.143458
v 0.292640 -0.160000 0.132640
v -0.486702 -0.143380 0.135246
v -0.491058 -0.137801 0.145118
v 0.297062 -0.140950 0.135242
v -0.487913 -0.123771 0.132087
v -0.491716 -0.114718 0.145981
v 0.299297 -0.122869 0.136156
v 0.308216 -0.115781 0.128216
v -0.487835 -0.103925 0.132165
v -0.490825 -0.100000 0.144278
v 0.299687 -0.101244 0.138300
v 0.309210 -0.095325 0.129210
v -0.486088 -0.083934 0.135733
v 0.299923 -0.080302 0.139581
v 0.309701 -0.075140 0.129701
v -0.480654 -0.059946 0.136306
v 0.299922 -0.060294 0.139584
v 0.309673 -0.055214 0.129673
v -0.472568 -0.040000 0.143791
v -0.470356 -0.040000 0.129644
v 0.299667 -0.041181 0.138300
v 0.309007 -0.035656 0.129007
v -0.460758 -0.020194 0.137868
v 0.298901 -0.023070 0.135649
v 0.307222 -0.016619 0.127222
v -0.448768 -0.008768 0.131232
v -0.443385 0.001558 0.138075
v 0.297113 -0.005752 0.132694
v 0.280719 0.002008 0.143137
v -0.417220 0.022856 0.141816
v 0.279731 0.018224 0.137560
v 0.291424 0.011424 0.131424
v 0.288145 0.023527 0.128145
v -0.400000 0.033022 0.140000
v -0.400000 0.029412 0.129412
v -0.389933 0.040000 0.144507
v -0.385820 0.040000 0.134180
v 0.259971 0.039857 0.139734
v 0.254810 0.014428 0.157115
v 0.272105 0.036721 0.132105
v 0.280000 0.030343 0.130343
v -0.375205 0.046720 0.145244
v -0.360000 0.051413 0.140000
v -0.349265 0.050735 0.130735
v -0.341510 0.054841 0.137545
v -0.320713 0.058964 0.135734
v -0.295918 0.060585 0.144159
v 0.239787 0.059198 0.138386
v 0.235455 0.035209 0.157473
v 0.256273 0.054153 0.131915
v -0.300000 0.068160 0.128160
v -0.284389 0.072408 0.132408
v -0.277053 0.066366 0.144164
v -0.264965 0.078601 0.135332
v -0.120174 0.079528 0.138891
v -0.101639 0.078720 0.137408
v -0.081748 0.078607 0.137393
v -0.061323 0.078952 0.138075
v -0.040469 0.079645 0.139305
v -0.020871 0.079356 0.138663
v 0.000798 0.080407 0.140752
v 0.221957 0.067100 0.141074
v 0.200313 0.081084 0.142557
v 0.231862 0.071862 0.131862
v 0.243685 0.068469 0.128469
v -0.255375 0.088408 0.128408
v -0.237222 0.081539 0.143868
v -0.240000 0.091256 0.131256
v -0.223623 0.093234 0.133234
v -0.213280 0.088532 0.142134
v -0.202601 0.094896 0.134896
v -0.198116 0.089799 0.143725
v -0.183136 0.094947 0.136700
v -0.165231 0.092140 0.138005
v -0.143975 0.091701 0.131701
v -0.138093 0.081474 0.143833
v -0.129757 0.090243 0.130243
v -0.115549 0.089001 0.129001
v -0.095525 0.088895 0.128895
v -0.075366 0.089180 0.129180
v -0.055305 0.089448 0.129448
v -0.035186 0.089441 0.129441
v -0.020000 0.089796 0.129796
v -0.004234 0.092161 0.132161
v 0.016946 0.094200 0.134200
v 0.023393 0.082377 0.144685
v 0.037653 0.095412 0.135412
v 0.041513 0.088575 0.142953
v 0.054959 0.092933 0.138840
v 0.076763 0.094356 0.136412
v 0.081411 0.088205 0.142819
v 0.094634 0.094781 0.137491
v 0.118320 0.098848 0.137667
v 0.139025 0.099276 0.138519
v 0.158446 0.098842 0.137210
v 0.174977 0.097596 0.135310
v 0.193078 0.093078 0.133078
v 0.204339 0.089899 0.129899
v 0.124697 0.109408 0.129408
v 0.144128 0.108798 0.128798
v 0.160000 0.106305 0.126305
v -0.401042 -0.323262 0.157545
v -0.388927 -0.328927 0.151073
v -0.377297 -0.335483 0.163359
v -0.390651 -0.330651 0.164436
v -0.359944 -0.339920 0.160065
v -0.339124 -0.337769 0.161004
v -0.320000 -0.328044 0.155967
v -0.312705 -0.320000 0.163207
v -0.442940 -0.307243 0.154243
v -0.436141 -0.310554 0.161721
v -0.458963 -0.295143 0.164008
v -0.417759 -0.318276 0.164932
v -0.299193 -0.299630 0.164244
v -0.467686 -0.287686 0.156204
v -0.474631 -0.277384 0.164168
v -0.288957 -0.280000 0.155129
v -0.480817 -0.266712 0.155378
v -0.280000 -0.268827 0.156022
v -0.261622 -0.257015 0.162031
v -0.485394 -0.243251 0.155991
v -0.240607 -0.240626 0.160343
v -0.484683 -0.222985 0.156480
v -0.220645 -0.219020 0.160306
v 0.020000 -0.220000 0.148667
v 0.032544 -0.220000 0.152544
v 0.042333 -0.216174 0.158696
v 0.059957 -0.219799 0.159642
v 0.076490 -0.229227 0.150773
v 0.080551 -0.220756 0.161288
v 0.091861 -0.228139 0.151861
v 0.100107 -0.220683 0.160415
v 0.119733 -0.219499 0.159212
v 0.139349 -0.219077 0.158316
v 0.159320 -0.218903 0.158156
v 0.172793 -0.220000 0.152793
v 0.183295 -0.220000 0.148156
v -0.482834 -0.201853 0.157868
v -0.206753 -0.200000 0.156384
v -0.020000 -0.200000 0.148943
v -0.005857 -0.200000 0.154143
v 0.001866 -0.196220 0.159528
v 0.017736 -0.203972 0.161325
v 0.029672 -0.210328 0.160000
v 0.180000 -0.212138 0.160000
v 0.201552 -0.199248 0.162924
v 0.194204 -0.205796 0.160000
v 0.217052 -0.200000 0.153034
v 0.229852 -0.200000 0.149852
v -0.482956 -0.181879 0.157839
v -0.200000 -0.189235 0.155093
v -0.194849 -0.180000 0.162379
v -0.192150 -0.180000 0.147850
v -0.160000 -0.180000 0.147419
v -0.144820 -0.180000 0.151565
v -0.128415 -0.180000 0.151585
v -0.115933 -0.180000 0.149644
v -0.060000 -0.180000 0.145994
v -0.050476 -0.180000 0.149524
v -0.040000 -0.180000 0.153304
v -0.019504 -0.180213 0.160795
v -0.008920 -0.188920 0.160000
v 0.220000 -0.189548 0.160000
v 0.239968 -0.180172 0.159795
v 0.253110 -0.180000 0.153110
v -0.487602 -0.163485 0.154280
v -0.490902 -0.156991 0.166868
v -0.178536 -0.160926 0.163190
v -0.159064 -0.161477 0.162253
v -0.144146 -0.169781 0.160000
v -0.124852 -0.169086 0.160000
v -0.100476 -0.162621 0.156895
v -0.093006 -0.173006 0.146994
v -0.083055 -0.160000 0.153337
v -0.061624 -0.158168 0.156697
v -0.060000 -0.168086 0.151914
v -0.038370 -0.161109 0.162692
v -0.031928 -0.171928 0.160000
v 0.259780 -0.161322 0.158270
v 0.270635 -0.160000 0.150635
v -0.490074 -0.150074 0.149926
v -0.494114 -0.136340 0.164425
v -0.076927 -0.136157 0.164694
v -0.093475 -0.153475 0.160000
v -0.067664 -0.147664 0.160000
v 0.275138 -0.143496 0.152703
v 0.261236 -0.135742 0.166048
v -0.493799 -0.115883 0.164756
v 0.278809 -0.124409 0.154173
v 0.287721 -0.116029 0.147721
v -0.490918 -0.093856 0.167009
v 0.279263 -0.102662 0.156388
v 0.288807 -0.095509 0.148807
v -0.489554 -0.089554 0.150446
v -0.488347 -0.080000 0.156031
v 0.279477 -0.081825 0.157497
v 0.289400 -0.075311 0.149400
v -0.483393 -0.062053 0.157352
v 0.279469 -0.061759 0.157528
v 0.289115 -0.055553 0.149115
v -0.472261 -0.040000 0.163882
v 0.279106 -0.042804 0.155932
v 0.287846 -0.036277 0.147846
v -0.462835 -0.021335 0.158530
v 0.270229 -0.029771 0.160000
v 0.276598 -0.023385 0.153761
v 0.261010 -0.017102 0.164456
v -0.452679 -0.000000 0.163700
v -0.450403 -0.000000 0.149597
v 0.259987 -0.000094 0.159889
v 0.276210 -0.009770 0.150230
v 0.270148 0.004616 0.150148
v -0.435760 0.018962 0.162655
v -0.440000 0.011845 0.151844
v -0.428038 0.020000 0.151962
v 0.240285 0.021394 0.162271
v -0.420000 0.027227 0.163792
v -0.402009 0.035750 0.159603
v 0.220333 0.041367 0.162566
v 0.250964 0.030964 0.150964
v -0.380000 0.047353 0.163806
v -0.370083 0.049917 0.160000
v -0.360000 0.052632 0.156139
v -0.342701 0.056057 0.156936
v -0.321365 0.057929 0.158415
v -0.301504 0.057649 0.158254
v -0.280513 0.059196 0.157316
v -0.261564 0.059593 0.158374
v -0.120105 0.059617 0.159115
v -0.103296 0.055920 0.155032
v -0.098055 0.041834 0.163040
v -0.093947 0.061566 0.149594
v -0.082780 0.054371 0.154371
v -0.078989 0.040938 0.161418
v -0.074109 0.061521 0.149213
v -0.062876 0.054220 0.154220
v -0.058988 0.040882 0.161272
v -0.058194 0.063448 0.148781
v -0.043128 0.056791 0.155058
v -0.037426 0.042209 0.163341
v -0.022058 0.057906 0.156308
v -0.002862 0.057694 0.155714
v 0.017385 0.058813 0.157666
v 0.216409 0.054945 0.154313
v 0.200001 0.060003 0.160005
v 0.230390 0.050390 0.150390
v -0.260000 0.068537 0.148537
v -0.238078 0.061205 0.162517
v -0.244740 0.071386 0.151386
v -0.222514 0.076459 0.154291
v -0.218398 0.068794 0.163016
v -0.201935 0.078842 0.157246
v -0.181166 0.079243 0.158178
v -0.161591 0.078900 0.157265
v -0.143613 0.073403 0.158452
v -0.148453 0.080000 0.151547
v -0.128083 0.071917 0.151917
v -0.116017 0.068789 0.148789
v -0.035879 0.068328 0.148328
v -0.015902 0.068200 0.148200
v 0.004789 0.068775 0.148775
v 0.020000 0.070841 0.150841
v 0.041566 0.062415 0.164452
v 0.036535 0.075152 0.152736
v 0.057251 0.077860 0.155248
v 0.076931 0.077500 0.154974
v 0.096013 0.077113 0.153613
v 0.114780 0.074740 0.157834
v 0.138540 0.078957 0.157908
v 0.158577 0.078874 0.157847
v 0.174873 0.075075 0.157606
v 0.182211 0.067365 0.161025
v 0.193280 0.073280 0.153280
v 0.204460 0.070215 0.150215
v -0.176274 0.087661 0.147661
v -0.160000 0.086457 0.146457
v 0.124012 0.087716 0.147716
v 0.144504 0.088992 0.148992
v 0.164131 0.088666 0.148666
v 0.180000 0.086759 0.146759
v -0.421103 -0.323885 0.177538
v -0.404030 -0.329052 0.170948
v -0.397270 -0.335427 0.183288
v -0.411246 -0.331246 0.184065
v -0.377624 -0.336532 0.182703
v -0.359142 -0.336818 0.181696
v -0.340000 -0.333782 0.180000
v -0.326724 -0.326724 0.173276
v -0.320840 -0.320959 0.180516
v -0.443153 -0.306261 0.175474
v -0.451760 -0.298042 0.186425
v -0.303175 -0.301874 0.177142
v -0.464284 -0.286920 0.177043
v -0.470711 -0.276074 0.182291
v -0.291905 -0.280000 0.183398
v -0.289153 -0.280000 0.170847
v -0.479541 -0.257272 0.180302
v -0.280000 -0.268212 0.175652
v -0.270540 -0.260000 0.183620
v -0.267357 -0.260000 0.172643
v -0.482218 -0.241435 0.178551
v -0.260000 -0.253642 0.183998
v -0.240591 -0.238503 0.180900
v -0.480985 -0.219275 0.180768
v -0.221010 -0.217437 0.181519
v -0.480839 -0.200577 0.179603
v -0.206092 -0.200000 0.177032
v 0.027113 -0.200000 0.167113
v 0.040000 -0.200000 0.170636
v 0.053408 -0.200000 0.173408
v 0.062891 -0.195264 0.178699
v 0.079540 -0.199131 0.178740
v 0.080000 -0.209206 0.170794
v 0.093677 -0.206323 0.173677
v 0.099840 -0.199485 0.179362
v 0.104759 -0.209976 0.170024
v 0.119836 -0.199336 0.179228
v 0.139723 -0.198746 0.178582
v 0.159947 -0.197583 0.177694
v 0.173397 -0.200000 0.173397
v 0.184375 -0.200000 0.170188
v -0.484102 -0.182472 0.176922
v -0.200000 -0.189750 0.175224
v -0.191741 -0.173010 0.182417
v 0.000000 -0.180000 0.168482
v 0.019266 -0.182611 0.175285
v 0.040681 -0.177352 0.184916
v 0.050233 -0.189767 0.180000
v 0.180000 -0.189507 0.180000
v 0.199947 -0.179907 0.180191
v 0.211957 -0.180000 0.171957
v 0.225113 -0.176135 0.166996
v -0.487781 -0.167781 0.176182
v -0.491034 -0.155939 0.180000
v -0.190579 -0.170579 0.169421
v -0.184843 -0.160000 0.177758
v -0.136507 -0.160000 0.167260
v -0.115307 -0.156389 0.166101
v -0.020000 -0.160000 0.169770
v -0.011274 -0.171275 0.168725
v -0.000741 -0.159666 0.178835
v 0.011889 -0.168111 0.180000
v 0.219760 -0.161348 0.178252
v 0.232583 -0.160000 0.172583
v 0.245899 -0.155756 0.168286
v -0.492902 -0.135538 0.185614
v -0.180000 -0.149640 0.180000
v -0.172539 -0.152539 0.167461
v -0.172581 -0.138582 0.182297
v -0.164159 -0.140000 0.175841
v -0.160000 -0.152429 0.167571
v -0.156071 -0.133999 0.178794
v -0.147705 -0.147705 0.172295
v -0.139892 -0.141039 0.177413
v -0.123286 -0.147299 0.172701
v -0.121652 -0.137916 0.177429
v -0.107453 -0.140000 0.172547
v -0.096293 -0.140000 0.168668
v -0.058368 -0.136016 0.166746
v -0.040000 -0.140000 0.170503
v -0.021592 -0.141309 0.178312
v -0.008865 -0.148865 0.180000
v 0.239117 -0.142590 0.176618
v 0.251606 -0.140000 0.171606
v -0.492297 -0.114840 0.186120
v -0.100052 -0.120175 0.179759
v -0.088023 -0.128023 0.171977
v -0.082419 -0.120000 0.174457
v -0.063313 -0.120000 0.173322
v -0.042315 -0.121581 0.177436
v -0.028103 -0.128103 0.180000
v 0.240335 -0.119044 0.181406
v 0.253395 -0.123536 0.173395
v 0.262223 -0.113209 0.168729
v -0.491023 -0.100000 0.180000
v -0.079203 -0.099476 0.179511
v -0.060448 -0.099953 0.179416
v -0.047894 -0.107894 0.180000
v 0.254673 -0.102735 0.174673
v 0.240810 -0.097717 0.183081
v 0.263382 -0.098290 0.169048
v -0.488144 -0.082270 0.176001
v 0.257638 -0.085271 0.173563
v 0.240960 -0.077361 0.183649
v 0.263563 -0.078225 0.169652
v -0.482342 -0.060713 0.179003
v 0.257564 -0.065239 0.173535
v 0.240848 -0.057704 0.183245
v 0.261694 -0.053825 0.169998
v -0.480000 -0.053540 0.166460
v -0.471915 -0.040000 0.184281
v 0.254041 -0.042890 0.174041
v 0.240467 -0.038750 0.181808
v 0.263276 -0.035343 0.166575
v -0.460320 -0.020192 0.179858
v -0.080451 -0.020852 0.178838
v -0.078879 -0.038487 0.180908
v -0.060661 -0.021374 0.179056
v 0.239935 -0.020690 0.179524
v 0.252314 -0.023648 0.172314
v -0.451221 -0.000000 0.184783
v -0.091095 -0.011095 0.180000
v -0.082619 -0.003215 0.175440
v -0.099933 0.000341 0.180397
v -0.062918 -0.003329 0.175295
v -0.041066 -0.001692 0.178239
v -0.018653 0.001255 0.181790
v 0.235286 -0.004992 0.177697
v 0.220408 0.001965 0.183012
v 0.250186 -0.009814 0.170186
v -0.438112 0.017520 0.179281
v -0.104860 0.014842 0.177989
v -0.119621 0.022055 0.182646
v -0.084183 0.013748 0.171413
v -0.075570 0.025001 0.167216
v -0.064401 0.011263 0.171263
v -0.052817 0.022678 0.169111
v -0.043459 0.015043 0.173048
v -0.022568 0.017277 0.176067
v -0.003996 0.016169 0.179488
v 0.216058 0.015824 0.178163
v 0.200327 0.021333 0.182253
v 0.231978 0.011978 0.171978
v 0.228164 0.023503 0.168164
v -0.420000 0.028950 0.184556
v -0.403186 0.036027 0.177411
v -0.123357 0.036472 0.178642
v -0.139639 0.041339 0.182155
v -0.107739 0.032261 0.172261
v -0.111553 0.043572 0.168447
v -0.095794 0.029118 0.169118
v -0.035073 0.029298 0.169298
v -0.020000 0.031216 0.171216
v -0.016590 0.043589 0.165506
v -0.003921 0.032526 0.172526
v 0.003055 0.044391 0.166601
v 0.022771 0.022641 0.184400
v 0.016741 0.037245 0.174571
v 0.042553 0.041370 0.181977
v 0.179897 0.039662 0.179393
v 0.194148 0.034466 0.177164
v 0.215888 0.030561 0.170561
v -0.380000 0.048442 0.184283
v -0.365864 0.051724 0.173606
v -0.342495 0.056306 0.177185
v -0.321561 0.057560 0.178170
v -0.301729 0.057200 0.177916
v -0.282924 0.055221 0.176512
v -0.263757 0.052165 0.172165
v -0.269514 0.050486 0.184825
v -0.256328 0.046475 0.184408
v -0.244345 0.051421 0.171421
v -0.237931 0.040932 0.187215
v -0.223095 0.055584 0.173163
v -0.217159 0.042570 0.185114
v -0.202787 0.058077 0.176266
v -0.181312 0.059002 0.178103
v -0.161850 0.058465 0.177139
v -0.145057 0.055681 0.174948
v -0.124300 0.050256 0.170256
v 0.030129 0.050129 0.170129
v 0.040000 0.052762 0.172762
v 0.059078 0.057829 0.175953
v 0.050574 0.060000 0.170574
v 0.077543 0.058185 0.176308
v 0.096148 0.055707 0.174759
v 0.103029 0.042520 0.184555
v 0.106508 0.061967 0.168387
v 0.117579 0.056382 0.174165
v 0.123068 0.042472 0.184362
v 0.138649 0.053989 0.177191
v 0.131895 0.060000 0.171895
v 0.141684 0.063403 0.169676
v 0.154713 0.058204 0.172173
v 0.162085 0.041901 0.183475
v 0.172551 0.052551 0.172551
v 0.184762 0.050352 0.170352
v 0.200000 0.047354 0.167354
v -0.195673 0.068527 0.168527
v -0.175587 0.068932 0.168932
v -0.156149 0.068102 0.168102
v 0.063522 0.067082 0.167082
v 0.160000 0.066179 0.166179
v -0.423524 -0.324925 0.193354
v -0.415957 -0.330156 0.202241
v -0.436967 -0.313234 0.201316
v -0.398376 -0.337294 0.202150
v -0.378248 -0.337679 0.201926
v -0.360000 -0.331901 0.204696
v -0.352348 -0.332348 0.187652
v -0.336208 -0.321206 0.202051
v -0.347794 -0.327794 0.200000
v -0.340000 -0.328509 0.191491
v -0.327693 -0.320000 0.192307
v -0.445312 -0.303399 0.197740
v -0.440000 -0.308923 0.191077
v -0.320000 -0.307964 0.200000
v -0.313449 -0.296229 0.204842
v -0.308259 -0.300000 0.191741
v -0.460235 -0.281548 0.198765
v -0.451781 -0.291781 0.204471
v -0.299812 -0.280058 0.200113
v -0.467878 -0.267878 0.200000
v -0.472014 -0.256422 0.200000
v -0.278579 -0.258251 0.198819
v -0.473038 -0.235602 0.205738
v -0.260000 -0.247553 0.200000
v -0.252162 -0.240000 0.203117
v -0.246832 -0.240000 0.193168
v -0.480000 -0.233006 0.186994
v -0.474374 -0.216580 0.204636
v -0.240000 -0.230821 0.200000
v -0.230252 -0.220000 0.203913
v -0.226192 -0.220000 0.193808
v -0.476733 -0.198113 0.202664
v -0.220000 -0.211611 0.200000
v -0.211554 -0.200000 0.203552
v -0.208378 -0.200000 0.191622
v -0.480673 -0.183986 0.199588
v -0.199233 -0.180052 0.202634
v 0.060000 -0.180000 0.188645
v 0.075097 -0.180000 0.191091
v 0.096216 -0.180000 0.192496
v 0.116203 -0.180000 0.192239
v 0.135889 -0.180000 0.191601
v 0.150767 -0.180000 0.190767
v 0.164353 -0.180000 0.189539
v 0.185028 -0.176249 0.186696
v -0.486375 -0.163580 0.195098
v -0.190687 -0.160000 0.204030
v -0.187883 -0.160000 0.192117
v 0.020000 -0.160000 0.187425
v 0.035411 -0.160000 0.192253
v 0.057021 -0.162368 0.196586
v 0.080942 -0.158893 0.201542
v 0.101727 -0.157952 0.202889
v 0.122102 -0.157403 0.203650
v 0.141598 -0.157933 0.202955
v 0.159691 -0.159908 0.200652
v 0.176919 -0.164549 0.194647
v 0.192302 -0.160000 0.192302
v 0.205866 -0.155834 0.188292
v -0.490116 -0.150116 0.189884
v -0.488638 -0.148638 0.200000
v -0.490293 -0.135176 0.200000
v -0.181156 -0.140698 0.195960
v 0.000000 -0.140000 0.187680
v 0.017881 -0.144377 0.192137
v 0.040133 -0.139949 0.200160
v 0.050852 -0.149148 0.200000
v 0.180975 -0.139026 0.202596
v 0.197641 -0.143466 0.195645
v 0.210714 -0.140000 0.190714
v 0.222661 -0.135956 0.185195
v -0.490332 -0.120000 0.200000
v -0.175232 -0.117817 0.203168
v -0.170425 -0.120000 0.189575
v -0.156825 -0.120000 0.186652
v -0.137190 -0.113182 0.188442
v -0.117063 -0.115925 0.185169
v -0.020000 -0.116076 0.187036
v -0.010290 -0.120000 0.189710
v 0.000000 -0.124663 0.192112
v 0.018641 -0.120348 0.198412
v 0.031109 -0.128891 0.200000
v 0.200079 -0.119803 0.200279
v 0.213369 -0.123614 0.193369
v 0.223827 -0.118013 0.189292
v -0.488409 -0.104486 0.200000
v -0.489239 -0.100000 0.190761
v -0.161285 -0.104757 0.194325
v -0.150869 -0.110869 0.189131
v -0.143219 -0.100000 0.193199
v -0.124289 -0.100000 0.190867
v -0.111161 -0.095340 0.188839
v -0.097387 -0.096386 0.184747
v -0.035660 -0.095222 0.186084
v -0.020000 -0.100000 0.190667
v -0.004419 -0.104852 0.194063
v 0.021367 -0.098772 0.202196
v 0.216987 -0.104355 0.194250
v 0.200554 -0.098680 0.201714
v 0.229230 -0.095315 0.189230
v -0.486060 -0.084114 0.195227
v -0.159158 -0.079500 0.201724
v -0.141773 -0.082352 0.197042
v -0.124054 -0.085319 0.193188
v -0.109284 -0.080000 0.190716
v -0.096234 -0.074952 0.186800
v -0.078806 -0.078576 0.181892
v -0.058059 -0.077862 0.182823
v -0.040000 -0.076414 0.187208
v -0.030293 -0.075235 0.189707
v -0.020000 -0.084171 0.192130
v -0.002161 -0.082260 0.196765
v 0.011251 -0.088749 0.200000
v 0.217509 -0.083480 0.195338
v 0.200846 -0.077981 0.202685
v 0.229644 -0.075212 0.189644
v -0.478580 -0.059329 0.200579
v -0.140254 -0.060417 0.199567
v -0.122786 -0.063645 0.195199
v -0.108967 -0.064594 0.191033
v -0.096362 -0.055174 0.186590
v -0.078711 -0.058482 0.182049
v -0.057969 -0.057773 0.182992
v -0.034451 -0.053969 0.188094
v -0.020000 -0.063866 0.192181
v -0.002382 -0.062613 0.196532
v 0.020891 -0.059236 0.201939
v 0.217580 -0.063350 0.195454
v 0.200889 -0.057900 0.202897
v 0.229254 -0.055478 0.189254
v -0.469998 -0.040000 0.200000
v -0.140252 -0.040406 0.199505
v -0.122667 -0.043463 0.195319
v -0.109188 -0.044548 0.190812
v -0.096954 -0.035959 0.185572
v -0.058876 -0.038778 0.181676
v -0.035886 -0.035597 0.186076
v -0.020000 -0.048576 0.191424
v -0.020000 -0.035320 0.190112
v -0.003288 -0.043580 0.195188
v 0.020265 -0.039930 0.200574
v 0.217119 -0.043947 0.194560
v 0.200508 -0.038824 0.201661
v 0.228166 -0.036090 0.188166
v -0.458699 -0.021329 0.199053
v -0.144316 -0.024444 0.199136
v -0.159656 -0.014100 0.200673
v -0.123395 -0.024364 0.193997
v -0.109833 -0.029833 0.190167
v -0.111214 -0.015921 0.188786
v -0.097979 -0.017378 0.183721
v -0.038154 -0.018043 0.182779
v -0.013277 -0.017457 0.188381
v -0.004102 -0.025722 0.192345
v 0.018225 -0.021882 0.197380
v 0.041490 -0.018296 0.201949
v 0.199911 -0.020773 0.199502
v 0.216826 -0.025851 0.192488
v 0.221563 -0.015243 0.188124
v -0.449053 -0.000000 0.200000
v -0.160593 -0.000839 0.198851
v -0.142142 -0.002640 0.196326
v -0.123811 -0.006347 0.191644
v -0.116393 0.004636 0.186627
v 0.000000 -0.010333 0.189667
v 0.004279 0.004339 0.186308
v 0.016197 -0.006795 0.193205
v 0.020000 0.004605 0.190748
v 0.038177 -0.001903 0.197283
v 0.060854 0.000556 0.201270
v 0.190125 -0.009875 0.200000
v 0.197781 -0.002696 0.195189
v 0.180002 0.000009 0.200012
v 0.211401 -0.008599 0.191401
v -0.440000 0.010399 0.204128
v -0.440000 0.013970 0.193970
v -0.432750 0.020000 0.200000
v -0.183116 0.016757 0.198846
v -0.179023 0.001249 0.201341
v -0.199938 0.020156 0.200296
v -0.162855 0.016581 0.195155
v -0.143389 0.012748 0.192748
v -0.149485 0.024636 0.190515
v -0.138225 0.024603 0.188112
v -0.129912 0.010088 0.190088
v 0.035780 0.014095 0.191850
v 0.057154 0.017022 0.195693
v 0.078928 0.018509 0.198189
v 0.067720 0.007720 0.200000
v 0.098565 0.018591 0.198197
v 0.118567 0.018673 0.198051
v 0.138942 0.019019 0.198574
v 0.155621 0.015505 0.198591
v 0.162226 0.007804 0.200817
v 0.176081 0.016844 0.193507
v 0.191368 0.011368 0.191368
v -0.420000 0.028142 0.203555
v -0.402723 0.036270 0.197924
v -0.243934 0.038608 0.195880
v -0.258832 0.043076 0.202480
v -0.223433 0.033240 0.195166
v -0.215470 0.022643 0.204769
v -0.203356 0.033183 0.193183
v -0.195787 0.044504 0.186817
v -0.183428 0.032960 0.192960
v -0.175693 0.044872 0.187235
v -0.164126 0.031224 0.191224
v -0.156929 0.043595 0.185318
v 0.044759 0.028721 0.188721
v 0.060000 0.031207 0.191207
v 0.063573 0.043806 0.185760
v 0.075946 0.032270 0.192270
v 0.083734 0.044170 0.186366
v 0.095950 0.031750 0.191750
v 0.115626 0.031164 0.191164
v 0.135855 0.031892 0.191892
v 0.151400 0.031400 0.191400
v 0.164585 0.029944 0.189944
v 0.180000 0.027169 0.187169
v -0.380000 0.047994 0.203649
v -0.364817 0.053217 0.194797
v -0.341502 0.057764 0.198280
v -0.321598 0.057472 0.198086
v -0.302573 0.055794 0.196890
v -0.283558 0.052540 0.194387
v -0.278057 0.049466 0.205780
v -0.420765 -0.323257 0.217335
v -0.396938 -0.333476 0.220000
v -0.409312 -0.329311 0.220000
v -0.375893 -0.333310 0.220000
v -0.360000 -0.328130 0.220000
v -0.341630 -0.316948 0.221656
v -0.340000 -0.320000 0.211824
v -0.440681 -0.304669 0.216405
v -0.432839 -0.312839 0.220000
v -0.328111 -0.308111 0.211889
v -0.321109 -0.299376 0.215802
v -0.449550 -0.289550 0.220000
v -0.454847 -0.277437 0.224068
v -0.311127 -0.280000 0.223867
v -0.306932 -0.280000 0.213068
v -0.462383 -0.265994 0.218088
v -0.298953 -0.260564 0.224813
v -0.289861 -0.260000 0.210139
v -0.469792 -0.249792 0.210208
v -0.467270 -0.243386 0.220000
v -0.280000 -0.247677 0.220000
v -0.261287 -0.239646 0.216675
v -0.468064 -0.223947 0.220000
v -0.242594 -0.222807 0.220612
v -0.469229 -0.209229 0.220000
v -0.471178 -0.195996 0.220000
v -0.219544 -0.199969 0.220975
v -0.475088 -0.177777 0.220000
v -0.206380 -0.183866 0.215109
v -0.480000 -0.166581 0.213419
v -0.479359 -0.157418 0.220512
v -0.198753 -0.159297 0.223579
v -0.482336 -0.140383 0.219387
v -0.187603 -0.144426 0.212397
v -0.190707 -0.137942 0.223802
v 0.063876 -0.135404 0.205854
v 0.085438 -0.133437 0.208318
v 0.104209 -0.140000 0.208160
v 0.124517 -0.140000 0.209053
v 0.144090 -0.140000 0.208572
v 0.164311 -0.134205 0.207412
v -0.484751 -0.123164 0.216361
v -0.181727 -0.121170 0.214915
v 0.043394 -0.116074 0.205070
v 0.065983 -0.113020 0.209023
v 0.080000 -0.120000 0.210100
v 0.095541 -0.120000 0.211445
v 0.100000 -0.130198 0.209802
v 0.114242 -0.127040 0.211106
v 0.134836 -0.126473 0.211820
v 0.150177 -0.129823 0.210177
v 0.152161 -0.120000 0.212161
v 0.164775 -0.120000 0.210474
v 0.183610 -0.115067 0.206522
v -0.481999 -0.100827 0.219108
v -0.180264 -0.102014 0.217400
v -0.173125 -0.096371 0.206875
v 0.044817 -0.094472 0.207255
v 0.060000 -0.095151 0.209530
v 0.077710 -0.104398 0.211331
v 0.095512 -0.105340 0.213114
v 0.116756 -0.103913 0.214982
v 0.136929 -0.103775 0.215147
v 0.156186 -0.104865 0.213699
v 0.170935 -0.104803 0.210935
v 0.182675 -0.093318 0.208713
v -0.479683 -0.079871 0.220167
v -0.180018 -0.080105 0.219860
v -0.170996 -0.075423 0.209004
v 0.022081 -0.077694 0.203082
v 0.045087 -0.074251 0.207661
v 0.060000 -0.075060 0.209962
v 0.074709 -0.086097 0.212008
v 0.096349 -0.084266 0.214408
v 0.117499 -0.082944 0.216130
v 0.137847 -0.082606 0.216563
v 0.156959 -0.083801 0.214971
v 0.172072 -0.084034 0.212072
v 0.181930 -0.073999 0.209521
v -0.480000 -0.069836 0.210164
v -0.472832 -0.058040 0.224020
v -0.180197 -0.060836 0.218818
v -0.170774 -0.055523 0.209226
v -0.158006 -0.057456 0.203464
v 0.044416 -0.055057 0.206657
v 0.060000 -0.055447 0.209397
v 0.074693 -0.066028 0.211973
v 0.096432 -0.064119 0.214511
v 0.117481 -0.062944 0.216078
v 0.137765 -0.062664 0.216439
v 0.156938 -0.063788 0.214910
v 0.171985 -0.063980 0.211985
v 0.182769 -0.053535 0.208657
v -0.468231 -0.040000 0.215558
v -0.180871 -0.043015 0.215437
v -0.172391 -0.036310 0.207609
v -0.158366 -0.037952 0.202800
v 0.043332 -0.036316 0.205046
v 0.065534 -0.033822 0.208452
v 0.070526 -0.049474 0.210526
v 0.080000 -0.044073 0.211579
v 0.095753 -0.044840 0.213468
v 0.116797 -0.043710 0.214990
v 0.137012 -0.043530 0.215212
v 0.156255 -0.044575 0.213758
v 0.171330 -0.048671 0.211329
v 0.170262 -0.035112 0.210262
v 0.183863 -0.035049 0.206857
v -0.458219 -0.023357 0.218724
v -0.187150 -0.023670 0.215074
v -0.197601 -0.014739 0.225514
v -0.180000 -0.029431 0.210569
v -0.177087 -0.016371 0.205257
v 0.063562 -0.016091 0.205480
v 0.080000 -0.029882 0.210118
v 0.085166 -0.014255 0.208089
v 0.091205 -0.028795 0.211205
v 0.100000 -0.023924 0.211594
v 0.115471 -0.025168 0.212876
v 0.135535 -0.025220 0.212775
v 0.155720 -0.026340 0.211369
v 0.164515 -0.014548 0.207741
v 0.182549 -0.016828 0.204510
v -0.446318 -0.006318 0.213682
v -0.439074 0.001436 0.221585
v -0.200203 -0.001254 0.217419
v -0.189707 -0.009707 0.210293
v -0.196853 0.005349 0.207077
v 0.082218 0.002443 0.203540
v 0.104687 -0.010843 0.209157
v 0.103031 0.003335 0.204881
v 0.124893 -0.010125 0.209875
v 0.123366 0.003758 0.205496
v 0.144424 -0.010800 0.209200
v 0.143003 0.003454 0.205033
v -0.418034 0.022527 0.221372
v -0.210977 0.009023 0.224035
v -0.207946 0.012054 0.212053
v -0.219976 0.020106 0.220461
v -0.409030 0.030970 0.210970
v -0.400000 0.033085 0.217035
v -0.376398 0.044778 0.222925
v -0.242783 0.034897 0.216346
v -0.259818 0.040534 0.223740
v -0.229990 0.030010 0.210010
v -0.231740 0.028260 0.223772
v -0.370183 0.049817 0.209817
v -0.360000 0.050456 0.224801
v -0.360000 0.052770 0.212770
v -0.343120 0.055285 0.216617
v -0.322289 0.056309 0.217322
v -0.303300 0.054464 0.215957
v -0.288321 0.051679 0.211679
v -0.289668 0.050332 0.224828
v -0.276287 0.046653 0.224751
v -0.401133 -0.324607 0.236876
v -0.384830 -0.330250 0.229750
v -0.382926 -0.326156 0.240000
v -0.362593 -0.322871 0.238154
v -0.350321 -0.320000 0.229679
v -0.429561 -0.309561 0.230439
v -0.415061 -0.313134 0.243822
v -0.426878 -0.306878 0.240000
v -0.437706 -0.294996 0.241170
v -0.340000 -0.310255 0.240000
v -0.330169 -0.300000 0.244450
v -0.327245 -0.300000 0.232755
v -0.446901 -0.284761 0.236600
v -0.316284 -0.281989 0.242430
v -0.320000 -0.292453 0.227547
v -0.459400 -0.257427 0.240371
v -0.451639 -0.271639 0.244710
v -0.306201 -0.265210 0.238205
v -0.464185 -0.242479 0.236704
v -0.292627 -0.252627 0.227373
v -0.283459 -0.237304 0.239929
v -0.276461 -0.240000 0.229593
v -0.464808 -0.222997 0.236178
v -0.258626 -0.220512 0.243682
v -0.268380 -0.228380 0.240000
v -0.260000 -0.231552 0.228448
v -0.247631 -0.220000 0.232369
v -0.464207 -0.202544 0.236571
v -0.240000 -0.207578 0.240000
v -0.236695 -0.198171 0.247700
v -0.227355 -0.200000 0.232645
v -0.464845 -0.183804 0.237085
v -0.470008 -0.175731 0.229992
v -0.219107 -0.179437 0.242196
v -0.210967 -0.180000 0.229033
v -0.467005 -0.163207 0.240000
v -0.206167 -0.163641 0.233833
v -0.210469 -0.157874 0.243768
v -0.469501 -0.149501 0.240000
v -0.471394 -0.135979 0.240000
v -0.200330 -0.143680 0.235631
v -0.471352 -0.114224 0.246846
v -0.198452 -0.119012 0.244415
v -0.189787 -0.120000 0.230213
v -0.480000 -0.113288 0.226712
v -0.471892 -0.095698 0.240000
v -0.188548 -0.104458 0.231452
v -0.194428 -0.096535 0.243733
v -0.470265 -0.080000 0.240000
v -0.187965 -0.084025 0.232035
v -0.194146 -0.076500 0.243961
v -0.468035 -0.064333 0.240000
v -0.188546 -0.068546 0.231454
v -0.195722 -0.057497 0.242899
v -0.189592 -0.055058 0.230408
v -0.467751 -0.047751 0.232249
v -0.461594 -0.038629 0.241012
v -0.199800 -0.037876 0.244535
v -0.191991 -0.036310 0.228009
v -0.460000 -0.029132 0.230868
v -0.451856 -0.020000 0.240000
v -0.200504 -0.022111 0.236354
v -0.440000 -0.009018 0.244583
v -0.440000 -0.005254 0.234746
v -0.433073 -0.000000 0.240000
v -0.207583 -0.003428 0.234356
v -0.218853 0.006017 0.243630
v -0.420000 0.010711 0.244481
v -0.420000 0.014883 0.234883
v -0.410932 0.020000 0.240000
v -0.222585 0.016053 0.235018
v -0.239014 0.023873 0.242711
v -0.400000 0.027386 0.243427
v -0.400000 0.030190 0.230190
v -0.380065 0.039910 0.239956
v -0.260784 0.037807 0.238340
v -0.243782 0.031247 0.231247
v -0.249922 0.030078 0.244654
v -0.352952 0.048851 0.242911
v -0.344150 0.052212 0.234147
v -0.324066 0.053567 0.235328
v -0.303988 0.051822 0.233929
v -0.298067 0.048998 0.245451
v -0.277794 0.043953 0.242838
v -0.391102 -0.320000 0.248898
v -0.375300 -0.320000 0.250550
v -0.419456 -0.298938 0.260242
v -0.396620 -0.312366 0.260000
v -0.407483 -0.307483 0.260000
v -0.377191 -0.314768 0.260000
v -0.360000 -0.312337 0.260000
v -0.341141 -0.302256 0.263365
v -0.439797 -0.278921 0.261144
v -0.430061 -0.290061 0.260000
v -0.318843 -0.283390 0.257899
v -0.448238 -0.268238 0.260000
v -0.453497 -0.255340 0.263431
v -0.312083 -0.272083 0.263886
v -0.309440 -0.269440 0.250560
v -0.303333 -0.257794 0.257811
v -0.460099 -0.243053 0.257255
v -0.300000 -0.252243 0.247757
v -0.292782 -0.240000 0.264208
v -0.462953 -0.221842 0.257732
v -0.276373 -0.220907 0.262255
v -0.280000 -0.227824 0.252176
v -0.267712 -0.220000 0.252288
v -0.461613 -0.201027 0.258766
v -0.260000 -0.211271 0.260000
v -0.251856 -0.211856 0.248144
v -0.243654 -0.198276 0.257964
v -0.459917 -0.173802 0.261261
v -0.231342 -0.180000 0.263769
v -0.226846 -0.180000 0.253154
v -0.461317 -0.160772 0.258920
v -0.221001 -0.160574 0.257543
v -0.220000 -0.170693 0.249307
v -0.467094 -0.145323 0.256046
v -0.470097 -0.135493 0.249903
v -0.214767 -0.136402 0.263487
v -0.209028 -0.140000 0.250972
v -0.469657 -0.124393 0.262192
v -0.205524 -0.123082 0.254476
v -0.209067 -0.120000 0.264559
v -0.467592 -0.104042 0.260000
v -0.470052 -0.100000 0.249948
v -0.200563 -0.104514 0.254139
v -0.461758 -0.080926 0.259067
v -0.199975 -0.079185 0.260713
v -0.460000 -0.065898 0.254102
v -0.460000 -0.055303 0.251039
v -0.454032 -0.058564 0.263462
v -0.200186 -0.061229 0.258029
v -0.451181 -0.040000 0.260000
v -0.201522 -0.045052 0.254774
v -0.442384 -0.019069 0.260344
v -0.206929 -0.023271 0.254859
v -0.211156 -0.018327 0.265404
v -0.420512 0.001956 0.263456
v -0.427021 -0.000000 0.252979
v -0.220186 -0.001050 0.256977
v -0.210615 -0.010615 0.249385
v -0.402501 0.022533 0.260087
v -0.240257 0.018929 0.255761
v -0.231784 0.008216 0.263793
v -0.228662 0.011338 0.251338
v -0.386447 0.033553 0.253553
v -0.390268 0.029732 0.264532
v -0.377697 0.037606 0.258470
v -0.262240 0.035699 0.256937
v -0.279695 0.040844 0.264857
v -0.270189 0.040000 0.249811
v -0.252118 0.027882 0.263675
v -0.356612 0.044805 0.263687
v -0.335068 0.049522 0.260000
v -0.340000 0.050715 0.250715
v -0.324304 0.051334 0.253640
v -0.309458 0.050542 0.250542
v -0.310560 0.049440 0.264677
v -0.296453 0.046492 0.264710
v -0.398686 -0.297719 0.278855
v -0.379741 -0.303397 0.277627
v -0.361614 -0.301821 0.278607
v -0.342956 -0.297303 0.277044
v -0.420737 -0.281559 0.279669
v -0.420000 -0.292026 0.267974
v -0.409696 -0.289696 0.280000
v -0.320428 -0.280474 0.280270
v -0.441219 -0.262128 0.279044
v -0.431839 -0.271839 0.280000
v -0.303687 -0.258084 0.277602
v -0.449651 -0.249651 0.280000
v -0.454327 -0.235740 0.283250
v -0.300000 -0.252624 0.267376
v -0.290090 -0.240000 0.280000
v -0.460000 -0.230500 0.269500
v -0.459718 -0.217479 0.280157
v -0.280000 -0.230889 0.283772
v -0.280000 -0.226819 0.273181
v -0.271064 -0.220000 0.284888
v -0.461408 -0.200952 0.279450
v -0.260000 -0.208765 0.275297
v -0.250336 -0.200000 0.275298
v -0.463772 -0.182346 0.277270
v -0.234214 -0.175461 0.281895
v -0.240000 -0.189944 0.270056
v -0.464862 -0.162893 0.276628
v -0.229627 -0.169627 0.270373
v -0.227129 -0.160000 0.276756
v -0.467796 -0.143662 0.274234
v -0.471051 -0.137963 0.285279
v -0.221619 -0.140883 0.274556
v -0.470198 -0.130198 0.269802
v -0.472890 -0.115098 0.285256
v -0.217847 -0.118548 0.287083
v -0.468321 -0.104414 0.271679
v -0.469909 -0.100000 0.284821
v -0.208093 -0.104456 0.271906
v -0.210913 -0.100000 0.283922
v -0.458909 -0.081709 0.278521
v -0.205379 -0.083514 0.276268
v -0.448101 -0.060000 0.280000
v -0.204200 -0.062604 0.277034
v -0.446011 -0.046011 0.273989
v -0.441292 -0.039165 0.280375
v -0.205663 -0.043368 0.275910
v -0.440000 -0.026286 0.273714
v -0.433559 -0.020000 0.280000
v -0.208508 -0.028508 0.275927
v -0.213022 -0.017184 0.280000
v -0.417802 -0.002564 0.279778
v -0.431783 -0.011783 0.268217
v -0.221078 -0.005704 0.276151
v -0.397381 0.022960 0.281787
v -0.244546 0.017370 0.275177
v -0.259415 0.022033 0.286218
v -0.380000 0.035565 0.277854
v -0.370521 0.040000 0.283914
v -0.370204 0.040000 0.269796
v -0.280838 0.037601 0.278215
v -0.263409 0.031840 0.271840
v -0.270574 0.029426 0.283881
v -0.357479 0.044228 0.280000
v -0.340000 0.049616 0.280000
v -0.340000 0.049650 0.269650
v -0.329448 0.050552 0.275284
v -0.317695 0.050876 0.275737
v -0.295926 0.045739 0.282926
v -0.410289 -0.280000 0.289711
v -0.398201 -0.277445 0.301206
v -0.392458 -0.292458 0.287542
v -0.382276 -0.283731 0.301585
v -0.363352 -0.286751 0.300000
v -0.341252 -0.282349 0.300172
v -0.326898 -0.280000 0.293102
v -0.421069 -0.262178 0.299449
v -0.410281 -0.270281 0.300000
v -0.320000 -0.271115 0.300000
v -0.310240 -0.260000 0.304258
v -0.306896 -0.260000 0.293104
v -0.441170 -0.241860 0.299032
v -0.431902 -0.251902 0.300000
v -0.300000 -0.251074 0.300000
v -0.300000 -0.253056 0.286944
v -0.281830 -0.238179 0.300134
v -0.448473 -0.228473 0.300000
v -0.452859 -0.217019 0.300000
v -0.267120 -0.220000 0.300000
v -0.458921 -0.197343 0.300890
v -0.260000 -0.210780 0.304745
v -0.260000 -0.209350 0.290650
v -0.249595 -0.200000 0.304771
v -0.249972 -0.200000 0.290028
v -0.465240 -0.182982 0.296125
v -0.237286 -0.179375 0.300921
v -0.469122 -0.169122 0.295585
v -0.471224 -0.157150 0.306732
v -0.469304 -0.160000 0.290696
v -0.232099 -0.160000 0.303783
v -0.229649 -0.160000 0.290351
v -0.469930 -0.149930 0.290070
v -0.473370 -0.135912 0.304962
v -0.227524 -0.145001 0.294602
v -0.474096 -0.115990 0.304456
v -0.223335 -0.122242 0.297603
v -0.471129 -0.100000 0.304332
v -0.220000 -0.109837 0.300000
v -0.215604 -0.096775 0.303369
v -0.459230 -0.079636 0.302262
v -0.210025 -0.090025 0.289975
v -0.209370 -0.080000 0.295791
v -0.454910 -0.074910 0.285090
v -0.446378 -0.060000 0.296789
v -0.205255 -0.063457 0.296202
v -0.440000 -0.050785 0.304580
v -0.440000 -0.048914 0.291086
v -0.432946 -0.040000 0.303638
v -0.198629 -0.039756 0.301392
v -0.422557 -0.018661 0.300071
v -0.198440 -0.018732 0.301670
v -0.420000 -0.009517 0.290483
v -0.410099 -0.000000 0.300000
v -0.219685 -0.001156 0.299401
v -0.207744 -0.007744 0.300000
v -0.210096 -0.010096 0.289904
v -0.394737 0.018454 0.303769
v -0.400000 0.015270 0.295270
v -0.263963 0.018015 0.295777
v -0.278703 0.027018 0.305108
v -0.248435 0.011565 0.296383
v -0.234587 0.008381 0.306699
v -0.380000 0.032297 0.296657
v -0.370921 0.042267 0.303868
v -0.283329 0.035743 0.295769
v -0.358456 0.060349 0.304062
v -0.360000 0.049655 0.289655
v -0.342938 0.060000 0.293011
v -0.324669 0.060000 0.290202
v -0.300981 0.061430 0.298914
v -0.339809 0.079918 0.299639
v -0.321163 0.079313 0.298564
v -0.307460 0.072540 0.300000
v -0.372914 -0.280000 0.307086
v -0.356539 -0.280000 0.307488
v -0.411646 -0.260000 0.308354
v -0.398428 -0.257435 0.319590
v -0.378301 -0.261690 0.323273
v -0.363939 -0.268283 0.320000
v -0.343798 -0.265422 0.321695
v -0.321902 -0.261580 0.317795
v -0.420083 -0.239995 0.319906
v -0.408949 -0.248949 0.320000
v -0.300000 -0.248334 0.315228
v -0.281705 -0.237445 0.321188
v -0.440000 -0.228364 0.311636
v -0.438981 -0.217939 0.320687
v -0.430002 -0.230002 0.320000
v -0.263372 -0.218317 0.317630
v -0.450395 -0.210395 0.309605
v -0.446497 -0.206497 0.320000
v -0.451298 -0.196545 0.320000
v -0.251351 -0.200000 0.324149
v -0.460066 -0.181847 0.318343
v -0.239948 -0.179997 0.322395
v -0.467594 -0.167594 0.315914
v -0.470868 -0.156009 0.320000
v -0.231946 -0.154493 0.326082
v -0.473949 -0.136985 0.320000
v -0.229739 -0.149739 0.310261
v -0.227457 -0.140000 0.316300
v -0.471380 -0.114353 0.326974
v -0.223382 -0.122271 0.317435
v -0.470778 -0.100000 0.320000
v -0.217169 -0.098174 0.322311
v -0.220000 -0.106956 0.313044
v -0.466990 -0.086990 0.316377
v -0.461621 -0.075831 0.322075
v -0.209842 -0.080000 0.315129
v -0.450142 -0.060000 0.315652
v -0.197879 -0.062568 0.319648
v -0.200000 -0.057360 0.309216
v -0.440000 -0.048325 0.320000
v -0.432340 -0.040000 0.323971
v -0.180430 -0.041135 0.319240
v -0.419638 -0.020181 0.319662
v -0.180000 -0.023346 0.312687
v -0.162014 -0.017555 0.323924
v -0.405488 0.001865 0.316170
v -0.200000 -0.000000 0.309570
v -0.186976 -0.000000 0.313024
v -0.180000 -0.005859 0.314141
v -0.173459 0.002572 0.319407
v -0.167719 -0.007719 0.320000
v -0.400000 0.009884 0.309884
v -0.388394 0.020000 0.320000
v -0.263582 0.012032 0.313991
v -0.255163 0.009978 0.320000
v -0.279857 0.020946 0.321913
v -0.249373 0.010627 0.310627
v -0.240000 0.009050 0.320000
v -0.224762 0.010569 0.320000
v -0.203904 0.011971 0.320000
v -0.188186 0.011814 0.320000
v -0.378021 0.040414 0.320592
v -0.286218 0.036730 0.315419
v -0.372215 0.063573 0.325324
v -0.366192 0.060000 0.313808
v -0.288859 0.051141 0.315340
v -0.289837 0.064835 0.320000
v -0.361538 0.078970 0.316357
v -0.360000 0.070773 0.310773
v -0.353110 0.083829 0.306890
v -0.300000 0.080000 0.307643
v -0.292099 0.083684 0.320000
v -0.359897 0.100544 0.320745
v -0.349829 0.100000 0.310171
v -0.335258 0.106048 0.307558
v -0.320000 0.103879 0.306753
v -0.307211 0.100000 0.312789
v -0.300000 0.092350 0.312350
v -0.295653 0.102777 0.323470
v -0.345377 0.116196 0.312428
v -0.357757 0.120947 0.325049
v -0.324496 0.120000 0.310957
v -0.300347 0.117743 0.320829
v -0.340858 0.137348 0.316711
v -0.322756 0.137265 0.315951
v -0.307713 0.132287 0.320000
v -0.340000 0.149609 0.320000
v -0.322033 0.158506 0.321688
v -0.356086 -0.260000 0.327754
v -0.334245 -0.260000 0.325755
v -0.400000 -0.240000 0.332006
v -0.380508 -0.239994 0.338740
v -0.357049 -0.236190 0.344371
v -0.339408 -0.241735 0.342175
v -0.320294 -0.237054 0.344314
v -0.300160 -0.238315 0.337832
v -0.291694 -0.240000 0.328306
v -0.418782 -0.216546 0.337205
v -0.396111 -0.229991 0.340000
v -0.403491 -0.221079 0.342323
v -0.280000 -0.229401 0.340000
v -0.263502 -0.216566 0.339853
v -0.440000 -0.200000 0.332100
v -0.422730 -0.202730 0.343112
v -0.432343 -0.197244 0.340000
v -0.260000 -0.213424 0.326576
v -0.252373 -0.200000 0.343393
v -0.442652 -0.186442 0.337348
v -0.441305 -0.177589 0.343610
v -0.240607 -0.180456 0.339513
v -0.458917 -0.155763 0.339492
v -0.450161 -0.170161 0.340000
v -0.233097 -0.155524 0.344730
v -0.466938 -0.142995 0.333062
v -0.461578 -0.137866 0.343748
v -0.228266 -0.140000 0.336014
v -0.470959 -0.130959 0.329041
v -0.468164 -0.123784 0.340000
v -0.225202 -0.123497 0.336166
v -0.468194 -0.102052 0.335768
v -0.220255 -0.100145 0.337603
v -0.458887 -0.079881 0.341149
v -0.210580 -0.080000 0.344352
v -0.209066 -0.080000 0.330934
v -0.440728 -0.056830 0.343854
v -0.448221 -0.060000 0.331779
v -0.200000 -0.070357 0.344846
v -0.200000 -0.069526 0.330474
v -0.187698 -0.060000 0.340000
v -0.440000 -0.048775 0.331225
v -0.431614 -0.040000 0.340000
v -0.180000 -0.054158 0.342607
v -0.180000 -0.049693 0.330307
v -0.158065 -0.037111 0.343594
v -0.418806 -0.023798 0.337544
v -0.160000 -0.029518 0.330482
v -0.138859 -0.018047 0.342047
v -0.397993 -0.000462 0.340274
v -0.160000 0.003756 0.326073
v -0.150254 -0.010254 0.329746
v -0.150606 -0.000000 0.329394
v -0.140000 -0.002347 0.335008
v -0.130899 0.004288 0.340000
v -0.400000 0.005708 0.325708
v -0.387507 0.020000 0.335782
v -0.282980 0.015141 0.334435
v -0.278540 0.002515 0.346184
v -0.290053 0.026195 0.341951
v -0.264697 0.009651 0.329651
v -0.254582 0.007386 0.345582
v -0.244261 0.011464 0.333453
v -0.221750 0.017899 0.339401
v -0.206111 0.020000 0.333889
v -0.195427 0.020000 0.330817
v -0.175405 0.020000 0.329136
v -0.160000 0.020000 0.331532
v -0.143190 0.017672 0.336531
v -0.379938 0.039989 0.342629
v -0.288025 0.036499 0.334358
v -0.198645 0.025833 0.343485
v -0.180000 0.028461 0.340000
v -0.155545 0.029364 0.340000
v -0.170073 0.029927 0.340000
v -0.374089 0.064156 0.344703
v -0.288248 0.054968 0.333871
v -0.372654 0.084601 0.345794
v -0.370567 0.080000 0.329433
v -0.288169 0.073751 0.335728
v -0.290001 0.084890 0.329999
v -0.368881 0.095268 0.331119
v -0.371200 0.105757 0.346679
v -0.288340 0.095950 0.340000
v -0.366987 0.116771 0.335377
v -0.289330 0.110670 0.340000
v -0.290558 0.124576 0.340000
v -0.363498 0.135564 0.335605
v -0.356667 0.141814 0.329711
v -0.300000 0.140000 0.328517
v -0.292345 0.143665 0.340000
v -0.360738 0.156750 0.335677
v -0.350625 0.164918 0.329375
v -0.337532 0.163068 0.323864
v -0.313980 0.160000 0.326020
v -0.300000 0.151017 0.331017
v -0.296506 0.162198 0.338459
v -0.360457 0.178219 0.337547
v -0.349576 0.180000 0.330424
v -0.338088 0.184381 0.328105
v -0.320000 0.180000 0.327921
v -0.300786 0.179370 0.339203
v -0.358891 0.200453 0.340678
v -0.345847 0.195989 0.331860
v -0.324932 0.190279 0.330279
v -0.323911 0.200000 0.332448
v -0.305876 0.194124 0.340000
v -0.310153 0.203931 0.340000
v -0.343102 0.215751 0.334538
v -0.354097 0.222514 0.343607
v -0.320934 0.219857 0.338974
v -0.340193 0.239464 0.339003
v -0.328564 0.231436 0.340000
v -0.393278 -0.220000 0.346722
v -0.380000 -0.220000 0.351131
v -0.363459 -0.220000 0.353629
v -0.342488 -0.220000 0.355197
v -0.335746 -0.231587 0.348413
v -0.322246 -0.220000 0.355536
v -0.302444 -0.220000 0.354894
v -0.283709 -0.220000 0.351322
v -0.409512 -0.200000 0.350488
v -0.400000 -0.210922 0.349078
v -0.400000 -0.200000 0.354691
v -0.379712 -0.199823 0.360343
v -0.357342 -0.196832 0.364267
v -0.344509 -0.209555 0.360000
v -0.324953 -0.210004 0.360000
v -0.297424 -0.197080 0.364091
v -0.309275 -0.209275 0.360000
v -0.280910 -0.200123 0.361268
v -0.263646 -0.202960 0.354867
v -0.431960 -0.180000 0.348040
v -0.420000 -0.189321 0.350679
v -0.420000 -0.180000 0.354865
v -0.397672 -0.178832 0.362763
v -0.391609 -0.191609 0.360000
v -0.259212 -0.179043 0.362623
v -0.249970 -0.189970 0.350030
v -0.245923 -0.180000 0.354077
v -0.440000 -0.160000 0.352058
v -0.418781 -0.159451 0.361389
v -0.241532 -0.161064 0.357152
v -0.447209 -0.140000 0.352791
v -0.437986 -0.140582 0.357872
v -0.428501 -0.148501 0.360000
v -0.239869 -0.139559 0.360705
v -0.231312 -0.135430 0.348688
v -0.460000 -0.115536 0.349014
v -0.439890 -0.120163 0.360128
v -0.239430 -0.118029 0.362668
v -0.229549 -0.120000 0.350451
v -0.460000 -0.096545 0.347642
v -0.440306 -0.100214 0.359603
v -0.227634 -0.104079 0.352366
v -0.238565 -0.094708 0.366853
v -0.446253 -0.086253 0.353747
v -0.438061 -0.081435 0.357672
v -0.219536 -0.079523 0.360363
v -0.440000 -0.067557 0.352443
v -0.419260 -0.059852 0.361216
v -0.200000 -0.068874 0.360000
v -0.181868 -0.057099 0.361270
v -0.430796 -0.050796 0.349204
v -0.420000 -0.040091 0.353137
v -0.396809 -0.037657 0.363683
v -0.170278 -0.050278 0.355655
v -0.158245 -0.042993 0.358133
v -0.401840 -0.023382 0.356020
v -0.140000 -0.031944 0.363400
v -0.140000 -0.027164 0.352836
v -0.118289 -0.017077 0.363507
v -0.400000 -0.010032 0.349968
v -0.390772 -0.010772 0.360000
v -0.381337 0.003335 0.364669
v -0.284416 -0.002729 0.355596
v -0.299979 0.000651 0.360153
v -0.260584 -0.000158 0.359471
v -0.120000 -0.008886 0.351114
v -0.120000 0.003011 0.346271
v -0.097784 0.000386 0.362383
v -0.389222 0.010777 0.350777
v -0.380843 0.022228 0.362223
v -0.300100 0.019676 0.359407
v -0.290459 0.009541 0.349541
v -0.240000 0.011900 0.356127
v -0.218116 0.023965 0.360218
v -0.120000 0.020000 0.346948
v -0.107599 0.015951 0.352401
v -0.097280 0.019825 0.357666
v -0.380469 0.039761 0.359711
v -0.298635 0.040917 0.363535
v -0.291090 0.044793 0.348910
v -0.200000 0.032300 0.360000
v -0.180881 0.039028 0.359280
v -0.166204 0.040000 0.353796
v -0.156896 0.044390 0.358116
v -0.144566 0.040000 0.351315
v -0.125790 0.040000 0.354210
v -0.120000 0.032815 0.352815
v -0.117675 0.043684 0.358938
v -0.099204 0.039138 0.361810
v -0.378137 0.061174 0.361173
v -0.291164 0.067030 0.362779
v -0.289739 0.060000 0.350261
v -0.136092 0.047758 0.360000
v -0.375333 0.082911 0.362962
v -0.287854 0.076036 0.354110
v -0.371597 0.100000 0.363466
v -0.286330 0.096060 0.355185
v -0.370251 0.109749 0.364438
v -0.369785 0.120000 0.364670
v -0.369754 0.120000 0.350246
v -0.286171 0.116237 0.355132
v -0.368157 0.134678 0.353731
v -0.287171 0.135647 0.354202
v -0.365981 0.156130 0.355401
v -0.286160 0.156979 0.360000
v -0.289066 0.150934 0.350934
v -0.292095 0.163687 0.347905
v -0.363711 0.177505 0.357140
v -0.287714 0.176364 0.360000
v -0.360158 0.200002 0.356879
v -0.300000 0.200000 0.348004
v -0.289739 0.190260 0.360000
v -0.292691 0.203265 0.360000
v -0.355930 0.222747 0.363266
v -0.299059 0.223074 0.360154
v -0.351829 0.245521 0.366518
v -0.352329 0.244172 0.347671
v -0.320000 0.243740 0.346379
v -0.303154 0.238126 0.361896
v -0.349837 0.260000 0.355374
v -0.336552 0.260000 0.346024
v -0.320000 0.260000 0.351276
v -0.308682 0.251318 0.360000
v -0.311933 0.263677 0.360000
v -0.343753 0.276839 0.357972
v -0.335149 0.269750 0.349750
v -0.320423 0.277499 0.355470
v -0.324676 0.290697 0.360000
v -0.336123 -0.195031 0.366084
v -0.316574 -0.195470 0.365586
v -0.376019 -0.180000 0.367407
v -0.360000 -0.180000 0.369855
v -0.344726 -0.180000 0.370878
v -0.324370 -0.180000 0.371266
v -0.309491 -0.180000 0.370509
v -0.295631 -0.180000 0.369304
v -0.277441 -0.173569 0.368084
v -0.395173 -0.160000 0.368697
v -0.380000 -0.170969 0.369031
v -0.380000 -0.160000 0.371952
v -0.365279 -0.166288 0.372259
v -0.343317 -0.164077 0.374942
v -0.323056 -0.163868 0.375179
v -0.303889 -0.165047 0.373661
v -0.288159 -0.164572 0.371841
v -0.275181 -0.160000 0.370681
v -0.256317 -0.154849 0.366728
v -0.415028 -0.134502 0.367042
v -0.400000 -0.150911 0.369089
v -0.400000 -0.140000 0.370917
v -0.384914 -0.145621 0.372922
v -0.362347 -0.142764 0.376482
v -0.341213 -0.141455 0.378134
v -0.321249 -0.141537 0.378010
v -0.301876 -0.142371 0.376925
v -0.283202 -0.144177 0.374595
v -0.268428 -0.144507 0.371572
v -0.256082 -0.137971 0.369045
v -0.420000 -0.116401 0.367162
v -0.410227 -0.115120 0.369773
v -0.400000 -0.124033 0.372305
v -0.383063 -0.123479 0.375522
v -0.361306 -0.121527 0.378015
v -0.340664 -0.120789 0.378963
v -0.320871 -0.121056 0.378602
v -0.301520 -0.121867 0.377519
v -0.282457 -0.123097 0.375890
v -0.264288 -0.125660 0.372525
v -0.250710 -0.115187 0.369290
v -0.415370 -0.096180 0.368065
v -0.400000 -0.103674 0.372663
v -0.382672 -0.102990 0.376054
v -0.360955 -0.101111 0.378530
v -0.340726 -0.100862 0.378854
v -0.321015 -0.101225 0.378360
v -0.301461 -0.101782 0.377615
v -0.282257 -0.102796 0.376272
v -0.263702 -0.104788 0.373632
v -0.249891 -0.100000 0.370109
v -0.416200 -0.076008 0.365493
v -0.400000 -0.088305 0.371695
v -0.400000 -0.075210 0.370232
v -0.383527 -0.083865 0.374765
v -0.361476 -0.081680 0.377734
v -0.341120 -0.081326 0.378215
v -0.321585 -0.081906 0.377427
v -0.302020 -0.082427 0.376715
v -0.282329 -0.082831 0.376188
v -0.262755 -0.083514 0.375362
v -0.244439 -0.083084 0.373862
v -0.229247 -0.080000 0.370753
v -0.400000 -0.056719 0.367242
v -0.383897 -0.065442 0.372838
v -0.390221 -0.055497 0.369779
v -0.362670 -0.062990 0.375924
v -0.341981 -0.062316 0.376850
v -0.322489 -0.062989 0.375925
v -0.303074 -0.063667 0.374987
v -0.282620 -0.063097 0.375799
v -0.259409 -0.060778 0.381186
v -0.235723 -0.070893 0.380000
v -0.251463 -0.071463 0.380000
v -0.220000 -0.068896 0.380000
v -0.201848 -0.062970 0.381599
v -0.189680 -0.060000 0.370320
v -0.380000 -0.048340 0.371660
v -0.380000 -0.035408 0.369760
v -0.363692 -0.044045 0.374462
v -0.342646 -0.043098 0.375820
v -0.323565 -0.044324 0.374107
v -0.304401 -0.045251 0.372775
v -0.283450 -0.043937 0.374604
v -0.271859 -0.051859 0.380000
v -0.270808 -0.040000 0.380000
v -0.180000 -0.050335 0.380000
v -0.160380 -0.040392 0.379734
v -0.150371 -0.040000 0.369629
v -0.380000 -0.016225 0.367341
v -0.364487 -0.024657 0.373593
v -0.342005 -0.022346 0.376888
v -0.324048 -0.025104 0.373110
v -0.304722 -0.029734 0.370266
v -0.311032 -0.015937 0.368968
v -0.296251 -0.015857 0.366169
v -0.284349 -0.028284 0.371716
v -0.280000 -0.017347 0.367021
v -0.268942 -0.028942 0.380000
v -0.260800 -0.016889 0.384015
v -0.135770 -0.033461 0.380000
v -0.128857 -0.028857 0.371143
v -0.120000 -0.025732 0.377620
v -0.102007 -0.014989 0.383766
v -0.359795 0.000124 0.380234
v -0.339503 0.002060 0.383579
v -0.322874 -0.003952 0.374748
v -0.311451 0.004523 0.368549
v -0.270051 -0.010051 0.369949
v -0.260000 -0.006372 0.373628
v -0.249261 -0.000000 0.380000
v -0.100000 -0.009144 0.370856
v -0.084514 -0.005026 0.378766
v -0.367490 0.012510 0.380000
v -0.370798 0.023716 0.380000
v -0.319999 0.020009 0.380011
v -0.309809 0.020000 0.370191
v -0.240000 0.007352 0.383238
v -0.240000 0.010612 0.370612
v -0.222355 0.022543 0.380365
v -0.080000 0.008955 0.368955
v -0.080000 0.023076 0.365773
v -0.063010 0.016056 0.374755
v -0.060000 0.009220 0.383398
v -0.070110 0.024750 0.369890
v -0.050141 0.020000 0.380000
v -0.374497 0.044328 0.383451
v -0.306408 0.036476 0.373592
v -0.312452 0.043848 0.385175
v -0.204982 0.034348 0.376148
v -0.190622 0.040000 0.369378
v -0.080000 0.040000 0.367707
v -0.062196 0.037086 0.373447
v -0.037867 0.041783 0.382906
v -0.380000 0.051067 0.371067
v -0.379766 0.061357 0.380195
v -0.300133 0.058443 0.378155
v -0.180000 0.048524 0.380000
v -0.163335 0.054492 0.380000
v -0.160000 0.050664 0.370664
v -0.139356 0.061335 0.379653
v -0.121540 0.061759 0.376555
v -0.101643 0.061787 0.376574
v -0.087058 0.052942 0.372942
v -0.080403 0.060106 0.379138
v -0.058885 0.058345 0.382815
v -0.380989 0.079383 0.376032
v -0.380000 0.068844 0.368844
v -0.293552 0.084362 0.384396
v -0.289892 0.080000 0.370108
v -0.380520 0.096223 0.375146
v -0.287022 0.096298 0.372978
v -0.289148 0.100000 0.384628
v -0.377196 0.124505 0.382740
v -0.284128 0.117342 0.376932
v -0.366693 0.136509 0.373307
v -0.369778 0.140000 0.383818
v -0.282564 0.138388 0.378007
v -0.361601 0.159316 0.378734
v -0.282651 0.158350 0.377908
v -0.359252 0.179863 0.383893
v -0.360000 0.183948 0.370020
v -0.283848 0.177678 0.376937
v -0.355103 0.203253 0.383625
v -0.285837 0.196636 0.375250
v -0.351630 0.225586 0.386286
v -0.286777 0.213223 0.380000
v -0.290373 0.209627 0.369627
v -0.289264 0.224832 0.380000
v -0.349639 0.240000 0.380000
v -0.291504 0.242695 0.386918
v -0.347913 0.258001 0.375813
v -0.299236 0.263455 0.379969
v -0.344955 0.276576 0.376093
v -0.303789 0.276579 0.377936
v -0.309987 0.284114 0.370013
v -0.339440 0.299867 0.379882
v -0.334047 0.300000 0.365953
v -0.320000 0.304281 0.366330
v -0.305617 0.297380 0.380000
v -0.328965 0.311035 0.371035
v -0.327126 0.320000 0.379757
v -0.317863 0.324545 0.379232
v -0.307628 0.312372 0.380000
v -0.240000 -0.060000 0.388381
v -0.228540 -0.060000 0.391460
v -0.217309 -0.055741 0.398132
v -0.207621 -0.060000 0.392379
v -0.260000 -0.035412 0.388878
v -0.236687 -0.040736 0.404393
v -0.230809 -0.050808 0.400000
v -0.196035 -0.053281 0.400000
v -0.180000 -0.048363 0.400000
v -0.180000 -0.049922 0.390078
v -0.168162 -0.040000 0.396019
v -0.249579 -0.024639 0.400000
v -0.160000 -0.033409 0.403023
v -0.138766 -0.018149 0.399715
v -0.120165 -0.017795 0.397363
v -0.109059 -0.020000 0.390941
v -0.240011 -0.000058 0.399883
v -0.100000 -0.011455 0.400000
v -0.089315 -0.009315 0.395080
v -0.079036 -0.002858 0.399247
v -0.060520 0.001688 0.398526
v -0.355260 0.020000 0.388657
v -0.335936 0.020000 0.389940
v -0.217058 0.023173 0.401510
v -0.049470 0.010530 0.390530
v -0.040000 0.013780 0.397359
v -0.036145 0.024923 0.387177
v -0.035990 0.020000 0.405584
v -0.359296 0.040926 0.398943
v -0.341296 0.038213 0.401365
v -0.324992 0.036216 0.392671
v -0.206046 0.033954 0.393954
v -0.198850 0.038834 0.399896
v -0.020000 0.031078 0.396663
v -0.020000 0.040000 0.391049
v -0.007806 0.040000 0.400000
v -0.367291 0.052709 0.400000
v -0.372475 0.062865 0.400000
v -0.318858 0.060317 0.402675
v -0.308529 0.060000 0.391471
v -0.180000 0.050921 0.395142
v -0.156240 0.064442 0.403200
v -0.157251 0.060000 0.389465
v -0.040000 0.060000 0.388265
v -0.022388 0.055882 0.391747
v -0.000512 0.059720 0.399443
v -0.379467 0.080908 0.400437
v -0.312257 0.067743 0.400000
v -0.302100 0.078960 0.394758
v -0.140000 0.071382 0.400000
v -0.133392 0.066608 0.386608
v -0.118656 0.078573 0.403400
v -0.120000 0.071605 0.391605
v -0.100517 0.079355 0.399493
v -0.078487 0.082382 0.402013
v -0.060002 0.080104 0.400074
v -0.039279 0.079015 0.401654
v -0.018950 0.077840 0.402896
v -0.009443 0.070557 0.400000
v -0.383264 0.098007 0.397546
v -0.298596 0.100773 0.403539
v -0.384992 0.116869 0.396358
v -0.287327 0.115943 0.392673
v -0.290368 0.122281 0.404120
v -0.381314 0.139344 0.396636
v -0.284156 0.137298 0.397107
v -0.369521 0.150479 0.390479
v -0.377682 0.161114 0.404861
v -0.366709 0.160000 0.393291
v -0.282543 0.158399 0.398139
v -0.363534 0.177548 0.397982
v -0.281709 0.178940 0.398710
v -0.359201 0.200341 0.402464
v -0.281940 0.198814 0.398501
v -0.353900 0.224102 0.404365
v -0.284025 0.217654 0.396836
v -0.350525 0.240000 0.404341
v -0.349643 0.240000 0.390357
v -0.286837 0.234846 0.396279
v -0.346618 0.255588 0.394974
v -0.288532 0.251468 0.400000
v -0.290663 0.264366 0.400000
v -0.341242 0.280694 0.400422
v -0.293595 0.282993 0.400000
v -0.340000 0.291144 0.391144
v -0.336220 0.302628 0.402902
v -0.300000 0.288553 0.388553
v -0.295145 0.303188 0.403676
v -0.332232 0.320000 0.403996
v -0.297520 0.320567 0.400754
v -0.325316 0.335201 0.397389
v -0.300531 0.340481 0.399337
v -0.313869 0.346131 0.400000
v -0.218763 -0.033616 0.418414
v -0.199800 -0.041822 0.418817
v -0.182470 -0.042794 0.418077
v -0.167721 -0.040000 0.412279
v -0.240000 -0.015783 0.409006
v -0.224377 -0.022576 0.421360
v -0.160000 -0.033879 0.423372
v -0.141702 -0.017718 0.420497
v -0.225360 -0.003748 0.421634
v -0.120868 0.001665 0.418029
v -0.110340 -0.000000 0.409660
v -0.096836 -0.000000 0.406977
v -0.220000 0.007472 0.422473
v -0.216696 0.017554 0.417554
v -0.098798 0.018499 0.426545
v -0.110768 0.009232 0.420000
v -0.079574 0.017909 0.416866
v -0.071368 0.008632 0.408632
v -0.062482 0.021973 0.416126
v -0.048131 0.020000 0.411869
v -0.198183 0.035943 0.417554
v -0.040474 0.037794 0.421598
v -0.022159 0.038903 0.416274
v -0.009617 0.040000 0.410383
v -0.360000 0.060000 0.409978
v -0.343559 0.060000 0.413981
v -0.340000 0.047606 0.407606
v -0.329482 0.060000 0.410518
v -0.180000 0.049031 0.424135
v -0.180000 0.050920 0.410920
v -0.162127 0.062094 0.420192
v 0.000000 0.051048 0.420000
v -0.014664 0.045336 0.420000
v 0.000000 0.049207 0.409207
v 0.011981 0.060000 0.420000
v -0.359439 0.078873 0.420967
v -0.344056 0.070407 0.420000
v -0.321477 0.079567 0.416963
v -0.320000 0.069930 0.409930
v -0.312123 0.080000 0.407877
v -0.151814 0.068186 0.424016
v -0.140000 0.074740 0.417075
v -0.130711 0.080000 0.424126
v -0.126769 0.080000 0.413231
v 0.000000 0.080000 0.406728
v 0.020000 0.070268 0.416456
v 0.009734 0.080000 0.409734
v 0.020000 0.080000 0.412708
v 0.027989 0.082250 0.423722
v -0.380000 0.100000 0.410460
v -0.370329 0.089671 0.420000
v -0.376208 0.101466 0.420000
v -0.307475 0.095609 0.412525
v -0.316915 0.101504 0.425775
v -0.118616 0.084983 0.422538
v -0.100000 0.089075 0.420000
v -0.084582 0.091499 0.420000
v -0.063203 0.093814 0.420000
v -0.042752 0.094439 0.420000
v -0.019085 0.098581 0.422453
v 0.000533 0.099046 0.421470
v 0.019037 0.098207 0.420423
v -0.380820 0.116151 0.419416
v -0.300229 0.117697 0.417330
v -0.385392 0.136644 0.415915
v -0.297603 0.141558 0.425617
v -0.288803 0.140000 0.411197
v -0.387091 0.155494 0.414878
v -0.286918 0.156367 0.413082
v -0.291085 0.161974 0.423673
v -0.380554 0.176057 0.415119
v -0.370953 0.180000 0.409047
v -0.285023 0.176795 0.416593
v -0.366653 0.196169 0.413347
v -0.377009 0.201491 0.425454
v -0.283783 0.197631 0.417333
v -0.360150 0.217724 0.417357
v -0.283609 0.217802 0.417362
v -0.353976 0.244144 0.424224
v -0.284485 0.237334 0.416598
v -0.347923 0.255622 0.412077
v -0.349383 0.260000 0.424720
v -0.286587 0.256115 0.414862
v -0.342726 0.278613 0.417895
v -0.287265 0.276516 0.420000
v -0.288802 0.271198 0.411198
v -0.291218 0.284187 0.408782
v -0.336326 0.302596 0.422768
v -0.288680 0.295821 0.420000
v -0.331489 0.320000 0.424227
v -0.289480 0.315358 0.420000
v -0.326977 0.335044 0.414607
v -0.289696 0.330304 0.420000
v -0.290041 0.344891 0.420000
v -0.320000 0.351195 0.415213
v -0.313931 0.360000 0.421921
v -0.306542 0.360000 0.413458
v -0.298163 0.363885 0.419090
v -0.201602 -0.018865 0.438012
v -0.200000 -0.031144 0.428856
v -0.175263 -0.029993 0.440000
v -0.187436 -0.027436 0.440000
v -0.160000 -0.029957 0.440000
v -0.144026 -0.024662 0.436350
v -0.220000 -0.013735 0.426265
v -0.202066 0.001389 0.443391
v -0.127720 -0.007720 0.440000
v -0.120740 0.000987 0.440752
v -0.199070 0.021537 0.441287
v -0.101857 0.023114 0.441362
v -0.200000 0.029531 0.429531
v -0.180573 0.042062 0.443460
v -0.188145 0.040000 0.431855
v -0.078633 0.039652 0.445559
v -0.087402 0.032598 0.440000
v -0.080000 0.027466 0.427466
v -0.066175 0.040000 0.433825
v -0.056216 0.040000 0.429391
v -0.157598 0.062794 0.441598
v -0.060000 0.047578 0.440000
v -0.042125 0.056848 0.441520
v -0.032250 0.047750 0.427750
v -0.021992 0.061293 0.436605
v -0.009686 0.060000 0.430314
v 0.002809 0.060000 0.426646
v -0.335327 0.083526 0.426152
v -0.140000 0.074957 0.437549
v -0.131436 0.080000 0.440000
v 0.000000 0.072952 0.440000
v -0.011345 0.068655 0.440000
v 0.021278 0.085074 0.443376
v -0.360000 0.100000 0.432964
v -0.352996 0.087004 0.427004
v -0.342238 0.101688 0.436905
v -0.340000 0.092733 0.432733
v -0.327990 0.100000 0.432010
v -0.120000 0.086581 0.443173
v -0.110862 0.089138 0.429138
v -0.102195 0.093016 0.436460
v -0.080179 0.099785 0.439918
v -0.066393 0.100000 0.433607
v -0.055467 0.100000 0.430620
v -0.036608 0.100000 0.427646
v 0.040738 0.100305 0.441889
v 0.028169 0.103425 0.428169
v -0.369369 0.110631 0.430631
v -0.358776 0.117973 0.442116
v -0.350206 0.109794 0.440000
v -0.320517 0.117465 0.436639
v -0.309793 0.120000 0.430207
v -0.058830 0.105153 0.443040
v -0.035447 0.108197 0.440000
v -0.020000 0.110932 0.440000
v 0.000496 0.118177 0.442535
v 0.015454 0.110039 0.430039
v 0.020975 0.121705 0.439301
v 0.038886 0.120672 0.438092
v -0.380000 0.128017 0.428017
v -0.379005 0.144732 0.439255
v -0.371162 0.128838 0.440000
v -0.306179 0.136511 0.433821
v -0.317139 0.141298 0.445150
v -0.383525 0.157777 0.437423
v -0.300642 0.156466 0.435571
v -0.388250 0.174856 0.433779
v -0.300000 0.170147 0.440000
v -0.299491 0.182980 0.443858
v -0.290546 0.180000 0.429454
v -0.388420 0.194598 0.434006
v -0.289142 0.195223 0.430858
v -0.297465 0.201616 0.446483
v -0.380275 0.218140 0.437776
v -0.369173 0.220000 0.430827
v -0.287623 0.216114 0.432377
v -0.291196 0.226838 0.442512
v -0.361604 0.239564 0.435090
v -0.286824 0.236613 0.433176
v -0.290273 0.242176 0.444132
v -0.357208 0.261968 0.446461
v -0.286698 0.255892 0.435218
v -0.346413 0.276533 0.435221
v -0.286523 0.275994 0.435130
v -0.339685 0.299719 0.441141
v -0.286895 0.295769 0.434701
v -0.332391 0.320000 0.443604
v -0.286711 0.315816 0.434732
v -0.325836 0.335827 0.435584
v -0.286131 0.336128 0.435096
v -0.320000 0.351269 0.435873
v -0.316031 0.360000 0.441976
v -0.284252 0.356668 0.437530
v -0.290056 0.363963 0.429944
v -0.300000 0.373696 0.435709
v -0.286763 0.373237 0.440000
v -0.180000 -0.020000 0.449648
v -0.162020 -0.018564 0.456546
v -0.140417 -0.018227 0.456926
v -0.178929 0.000863 0.461091
v -0.170697 -0.010697 0.460000
v -0.118393 -0.004685 0.457046
v -0.181008 0.020720 0.461496
v -0.098041 0.022203 0.462224
v -0.176460 0.037600 0.457600
v -0.081232 0.041816 0.460640
v -0.160000 0.050789 0.464082
v -0.171717 0.048283 0.448283
v -0.156383 0.057881 0.457881
v -0.058772 0.057061 0.458077
v -0.069383 0.050617 0.460000
v -0.048992 0.060000 0.451008
v -0.140000 0.068624 0.463606
v -0.140000 0.072474 0.452474
v -0.121505 0.082630 0.461603
v -0.128524 0.080000 0.451476
v -0.040000 0.069416 0.460000
v -0.020369 0.079356 0.460058
v -0.007999 0.080000 0.452001
v 0.002658 0.080000 0.446727
v -0.107853 0.092147 0.452147
v -0.112102 0.087898 0.463274
v -0.100000 0.095689 0.457841
v -0.089878 0.100000 0.455299
v 0.000000 0.089222 0.460000
v 0.019484 0.099311 0.461016
v 0.032980 0.100000 0.452980
v -0.335261 0.123515 0.446405
v -0.078259 0.105079 0.462234
v -0.060000 0.111650 0.460000
v -0.048471 0.111529 0.451529
v -0.039463 0.116550 0.458751
v -0.018530 0.122557 0.459256
v -0.010093 0.120000 0.449907
v 0.040000 0.110956 0.460000
v 0.046263 0.120000 0.462585
v -0.355396 0.128122 0.448122
v -0.360000 0.140000 0.453542
v -0.342327 0.142089 0.456745
v -0.340000 0.132871 0.452871
v -0.328627 0.140000 0.451373
v 0.000000 0.129479 0.460000
v 0.019866 0.139692 0.460050
v 0.036287 0.140000 0.451476
v 0.049255 0.129255 0.464252
v 0.045697 0.125697 0.445697
v 0.049686 0.144194 0.460000
v -0.371150 0.148850 0.448850
v -0.356881 0.162671 0.464338
v -0.349395 0.150605 0.460000
v -0.321248 0.155465 0.454093
v -0.311417 0.160000 0.448583
v 0.040000 0.150105 0.460000
v -0.379747 0.180552 0.458648
v -0.371422 0.168578 0.460000
v -0.316700 0.184241 0.461808
v -0.308431 0.175295 0.451569
v -0.386278 0.197758 0.455191
v -0.305888 0.197408 0.456320
v -0.390781 0.209219 0.449219
v -0.390568 0.215191 0.460000
v -0.389372 0.220000 0.450628
v -0.300636 0.216489 0.455393
v -0.386929 0.235477 0.455227
v -0.376592 0.240000 0.449083
v -0.299895 0.240606 0.460853
v -0.376921 0.259747 0.463429
v -0.366390 0.255970 0.453610
v -0.298282 0.261121 0.464262
v -0.290462 0.260000 0.449538
v -0.358043 0.280759 0.464916
v -0.349954 0.280000 0.450046
v -0.288951 0.275404 0.451049
v -0.291301 0.286919 0.462531
v -0.345899 0.296189 0.457878
v -0.287026 0.296484 0.452974
v -0.289231 0.300000 0.464632
v -0.340000 0.309429 0.460000
v -0.332109 0.326746 0.462347
v -0.285343 0.316583 0.456031
v -0.326385 0.336151 0.454932
v -0.282861 0.338157 0.457809
v -0.316919 0.357769 0.462019
v -0.320000 0.350337 0.450337
v -0.279943 0.362060 0.459962
v -0.299868 0.379823 0.459720
v -0.280571 0.379429 0.460495
v -0.160000 -0.000000 0.470753
v -0.140367 0.000667 0.478969
v -0.129041 -0.009041 0.470959
v -0.120808 -0.001544 0.480398
v -0.111444 -0.000000 0.468556
v -0.170489 0.024083 0.469511
v -0.158743 0.019133 0.478062
v -0.150242 0.009758 0.480000
v -0.100000 0.011223 0.476171
v -0.091566 0.020000 0.480000
v -0.158762 0.038289 0.477011
v -0.078978 0.038959 0.479050
v -0.139529 0.059847 0.480423
v -0.060325 0.059610 0.479637
v -0.122036 0.077007 0.476186
v -0.035196 0.078803 0.482959
v -0.040000 0.073230 0.473229
v -0.028756 0.080000 0.471244
v -0.100000 0.090203 0.484307
v -0.100000 0.093469 0.473469
v -0.075067 0.105906 0.481945
v -0.088774 0.100000 0.471226
v -0.020000 0.088169 0.480000
v -0.000272 0.099740 0.479620
v 0.009512 0.100000 0.469512
v -0.070977 0.109023 0.469023
v -0.060000 0.114029 0.476822
v -0.038344 0.123992 0.480240
v 0.020000 0.111677 0.480000
v 0.036450 0.121493 0.477912
v -0.020000 0.131223 0.480000
v 0.001113 0.141409 0.479770
v 0.009209 0.140000 0.469209
v 0.049081 0.140000 0.483832
v 0.049476 0.140000 0.469476
v -0.337062 0.164491 0.465571
v 0.020000 0.153610 0.480000
v 0.027632 0.160000 0.482896
v 0.037356 0.160000 0.473094
v 0.053063 0.153063 0.476301
v 0.048608 0.161858 0.485412
v -0.360000 0.180000 0.471965
v -0.347802 0.180000 0.472198
v -0.335324 0.180000 0.471104
v -0.360091 0.199945 0.479546
v -0.340665 0.199323 0.479039
v -0.327335 0.195883 0.472665
v -0.315332 0.203278 0.467058
v -0.379423 0.221570 0.478533
v -0.368521 0.211479 0.480000
v -0.321168 0.216299 0.474956
v -0.311270 0.220000 0.468730
v -0.387770 0.235994 0.472230
v -0.384357 0.237360 0.481764
v -0.319832 0.240707 0.480937
v -0.310000 0.230000 0.470000
v -0.308705 0.240000 0.471295
v -0.390761 0.249239 0.469239
v -0.390049 0.249951 0.480000
v -0.390100 0.260000 0.475529
v -0.306244 0.256650 0.473756
v -0.317021 0.261405 0.485644
v -0.379824 0.282998 0.483313
v -0.366996 0.280000 0.473004
v -0.303271 0.274943 0.477167
v -0.358202 0.300818 0.483904
v -0.349459 0.300000 0.470541
v -0.298147 0.301278 0.484415
v -0.343953 0.316298 0.478321
v -0.287622 0.315913 0.472378
v -0.290579 0.320000 0.483932
v -0.330709 0.340000 0.484028
v -0.327452 0.340000 0.472548
v -0.283416 0.337715 0.477561
v -0.319155 0.356386 0.477453
v -0.279942 0.359884 0.480710
v -0.306647 0.373353 0.473353
v -0.310881 0.369119 0.483853
v -0.298020 0.382568 0.481615
v -0.279452 0.383199 0.482315
v -0.140000 0.020000 0.489513
v -0.120779 0.021276 0.498681
v -0.120000 0.012024 0.492024
v -0.102581 0.016107 0.501362
v -0.100000 0.012311 0.492311
v -0.091820 0.020000 0.503245
v -0.087912 0.020000 0.492088
v -0.140000 0.031191 0.491191
v -0.140000 0.044462 0.490421
v -0.122552 0.040601 0.502763
v -0.080000 0.028025 0.504700
v -0.080000 0.030213 0.490213
v -0.068949 0.040000 0.500000
v -0.118949 0.060151 0.501182
v -0.060000 0.052995 0.499796
v -0.052919 0.060000 0.504457
v -0.120000 0.070529 0.490529
v -0.099006 0.081473 0.501626
v -0.106782 0.080000 0.493218
v -0.037975 0.077393 0.499347
v -0.079651 0.098615 0.499747
v -0.090550 0.089450 0.500000
v -0.020000 0.091024 0.495105
v -0.009782 0.100000 0.504623
v -0.006854 0.100000 0.493146
v -0.060000 0.110903 0.504852
v -0.060000 0.113282 0.493282
v -0.042063 0.123757 0.502454
v -0.049566 0.120000 0.490435
v 0.000000 0.107294 0.504107
v 0.022753 0.122920 0.499821
v -0.028522 0.131478 0.495239
v -0.018277 0.137400 0.498858
v -0.009923 0.140000 0.490077
v 0.040498 0.139914 0.501235
v 0.000000 0.149285 0.500000
v 0.019306 0.161497 0.497140
v 0.051371 0.151371 0.491371
v 0.052657 0.160000 0.500000
v 0.040000 0.174746 0.496623
v 0.030262 0.170262 0.500000
v 0.052113 0.172113 0.500000
v -0.356887 0.220000 0.486520
v -0.337276 0.224204 0.485279
v -0.367943 0.240000 0.492057
v -0.360000 0.232779 0.492779
v -0.360000 0.244014 0.497988
v -0.350797 0.229203 0.489203
v -0.346869 0.240000 0.493131
v -0.336031 0.240000 0.489813
v -0.379693 0.260392 0.499231
v -0.366974 0.253026 0.500000
v -0.340163 0.260000 0.500207
v -0.329705 0.250295 0.490295
v -0.327368 0.260000 0.492632
v -0.390070 0.269930 0.489930
v -0.387929 0.278163 0.495992
v -0.320639 0.276705 0.495481
v -0.310960 0.280000 0.489040
v -0.377394 0.302716 0.499353
v -0.368714 0.300000 0.491286
v -0.306526 0.296243 0.493474
v -0.316401 0.301893 0.506803
v -0.357985 0.321072 0.503762
v -0.348438 0.320000 0.491562
v -0.299417 0.320371 0.501325
v -0.338404 0.340892 0.503625
v -0.340000 0.329045 0.489045
v -0.287544 0.335630 0.492456
v -0.290809 0.340000 0.503743
v -0.320963 0.359740 0.495156
v -0.329162 0.350838 0.500000
v -0.282132 0.358625 0.498503
v -0.294633 0.381637 0.505066
v -0.279993 0.380037 0.500195
v -0.109680 0.040000 0.510320
v -0.100000 0.030452 0.510452
v -0.094485 0.043310 0.518922
v -0.083023 0.035190 0.521432
v -0.062980 0.040699 0.518333
v -0.109046 0.050954 0.510954
v -0.098483 0.058051 0.516974
v -0.046311 0.060000 0.520000
v -0.100000 0.070885 0.510885
v -0.079023 0.081565 0.522485
v -0.040000 0.067062 0.522786
v -0.040000 0.072560 0.512560
v -0.031255 0.080000 0.520000
v -0.080000 0.091713 0.511713
v -0.060636 0.102032 0.522965
v -0.020000 0.091913 0.516095
v -0.011120 0.100000 0.524438
v -0.034617 0.125902 0.521480
v 0.000000 0.110146 0.520000
v 0.010020 0.120000 0.524432
v 0.013073 0.120000 0.513073
v -0.026301 0.133699 0.513699
v -0.018685 0.138390 0.519609
v 0.020000 0.128274 0.520000
v 0.029858 0.140000 0.524099
v 0.034050 0.140000 0.514050
v 0.000000 0.152496 0.515882
v 0.007962 0.160000 0.523868
v 0.010666 0.160000 0.510666
v 0.040000 0.150926 0.520000
v 0.045052 0.163273 0.523443
v 0.049747 0.160000 0.509747
v 0.020000 0.169617 0.520000
v 0.040734 0.181690 0.521265
v 0.040000 0.180000 0.510055
v 0.051107 0.171107 0.511107
v -0.354889 0.263911 0.506578
v -0.380000 0.280000 0.511012
v -0.361333 0.277135 0.514645
v -0.347203 0.280000 0.512797
v -0.336921 0.280000 0.507929
v -0.379112 0.298988 0.521072
v -0.370337 0.289663 0.520000
v -0.339508 0.303669 0.524360
v -0.346884 0.293116 0.520000
v -0.330040 0.289960 0.509960
v -0.326381 0.300000 0.513619
v -0.379716 0.314806 0.516342
v -0.369610 0.320000 0.510390
v -0.318573 0.320594 0.523035
v -0.307828 0.320000 0.512172
v -0.356174 0.337008 0.520000
v -0.346371 0.340000 0.513629
v -0.300002 0.339965 0.519963
v -0.340000 0.350382 0.520000
v -0.328523 0.360000 0.516661
v -0.289062 0.350938 0.510938
v -0.290993 0.361835 0.523580
v -0.286066 0.360000 0.513934
v -0.320000 0.369421 0.524612
v -0.299166 0.381323 0.521287
v -0.285486 0.374514 0.517905
v -0.072606 0.040000 0.527394
v -0.080000 0.046901 0.526901
v -0.080000 0.063903 0.528469
v -0.058426 0.059205 0.542162
v -0.060000 0.049813 0.529813
v -0.041870 0.060238 0.539437
v -0.058436 0.080432 0.541721
v -0.024278 0.081403 0.536726
v -0.060000 0.093246 0.533246
v -0.049095 0.100000 0.540000
v -0.020000 0.090154 0.530154
v -0.009631 0.100000 0.540000
v -0.040000 0.108582 0.543101
v -0.052287 0.107713 0.527713
v -0.036436 0.117590 0.537590
v 0.000000 0.111586 0.535791
v 0.007157 0.120000 0.543423
v -0.018493 0.136114 0.537691
v 0.024505 0.142221 0.543867
v 0.020000 0.131771 0.531771
v 0.000000 0.153357 0.536747
v 0.007453 0.160000 0.540000
v 0.038336 0.158918 0.536605
v 0.020000 0.170592 0.535178
v 0.037188 0.176506 0.537291
v -0.356586 0.300000 0.527686
v -0.372781 0.307219 0.527219
v -0.358377 0.319075 0.536485
v -0.344043 0.317997 0.535474
v -0.329539 0.320000 0.530461
v -0.360000 0.335066 0.535066
v -0.352079 0.340000 0.540000
v -0.350783 0.340000 0.529217
v -0.320331 0.337789 0.537306
v -0.309535 0.340000 0.530465
v -0.338432 0.347665 0.542438
v -0.340000 0.353162 0.533162
v -0.328657 0.360000 0.536376
v -0.304016 0.357733 0.534520
v -0.319436 0.361805 0.543028
v -0.304906 0.370837 0.530837
v -0.053326 0.066674 0.546674
v -0.040000 0.080000 0.555598
v -0.021790 0.082659 0.558210
v -0.040000 0.096971 0.552251
v -0.033616 0.086384 0.560000
v -0.031614 0.100000 0.560000
v -0.020000 0.085894 0.545894
v -0.007988 0.100000 0.556089
v -0.018394 0.120494 0.561832
v 0.000000 0.110195 0.555557
v 0.001618 0.124876 0.567894
v -0.020000 0.129612 0.549612
v 0.003694 0.142077 0.564750
v -0.010030 0.140000 0.549970
v 0.018353 0.138900 0.556556
v 0.000000 0.150509 0.550509
v 0.020000 0.150005 0.560000
v 0.020052 0.160685 0.560284
v 0.024505 0.166019 0.548367
v -0.018101 0.103916 0.567918
v -0.008261 0.111739 0.571739
f 7 1 2
f 7 2 6
f 1 8 3
f 7 8 1
f 9 4 3
f 8 9 3
f 10 11 4
f 10 4 9
f 11 10 12
f 5 16 6
f 14 16 5
f 6 17 7
f 16 17 6
f 7 18 8
f 17 18 7
f 8 19 9
f 18 19 8
f 9 20 10
f 19 20 9
f 10 21 12
f 20 21 10
f 22 13 12
f 21 22 12
f 23 24 13
f 23 13 22
f 25 24 23
f 36 14 15
f 36 15 34
f 14 37 16
f 36 37 14
f 16 38 17
f 38 16 37
f 17 39 18
f 38 39 17
f 20 40 21
f 21 41 22
f 40 41 21
f 22 42 23
f 41 42 22
f 23 43 25
f 42 43 23
f 25 44 26
f 43 44 25
f 26 45 27
f 44 45 26
f 46 47 27
f 45 46 27
f 48 49 47
f 48 47 46
f 49 48 50
f 28 54 29
f 53 54 28
f 29 55 30
f 54 55 29
f 30 56 31
f 55 56 30
f 31 57 32
f 56 57 31
f 58 33 32
f 57 58 32
f 59 33 58
f 60 35 59
f 61 34 35
f 61 35 60
f 34 62 36
f 61 62 34
f 63 43 64
f 42 64 43
f 43 65 44
f 63 65 43
f 44 66 45
f 65 66 44
f 45 67 46
f 66 67 45
f 46 68 48
f 67 68 46
f 48 69 50
f 68 69 48
f 70 51 50
f 69 70 50
f 71 51 70
f 52 73 53
f 72 73 52
f 53 74 54
f 73 74 53
f 54 75 55
f 74 75 54
f 55 76 56
f 75 76 55
f 56 77 57
f 76 77 56
f 57 78 58
f 77 78 57
f 58 79 59
f 78 79 58
f 59 80 60
f 79 80 59
f 60 81 61
f 80 81 60
f 61 82 62
f 82 61 81
f 83 67 84
f 66 84 67
f 67 85 68
f 83 85 67
f 68 86 69
f 85 86 68
f 69 87 70
f 86 87 69
f 88 71 70
f 87 88 70
f 72 90 73
f 89 90 72
f 73 91 74
f 90 91 73
f 74 92 75
f 91 92 74
f 75 93 76
f 92 93 75
f 76 94 77
f 93 94 76
f 77 95 78
f 94 95 77
f 78 96 79
f 95 96 78
f 79 97 80
f 96 97 79
f 80 98 81
f 97 98 80
f 85 99 86
f 86 100 87
f 99 100 86
f 87 101 88
f 100 101 87
f 89 103 90
f 102 103 89
f 90 104 91
f 103 104 90
f 91 105 92
f 104 105 91
f 92 106 93
f 105 106 92
f 93 107 94
f 106 107 93
f 94 108 95
f 107 108 94
f 95 109 96
f 108 109 95
f 96 110 97
f 109 110 96
f 111 98 97
f 110 111 97
f 99 113 100
f 112 113 99
f 100 114 101
f 113 114 100
f 115 101 116
f 114 116 101
f 102 118 103
f 117 118 102
f 103 119 104
f 118 119 103
f 104 120 105
f 119 120 104
f 105 121 106
f 120 121 105
f 106 122 107
f 121 122 106
f 107 123 108
f 122 123 107
f 108 124 109
f 123 124 108
f 109 125 110
f 124 125 109
f 110 126 111
f 125 126 110
f 126 127 111
f 112 130 113
f 128 130 112
f 113 131 114
f 130 131 113
f 132 116 114
f 131 132 114
f 117 133 118
f 133 117 134
f 118 135 119
f 133 135 118
f 119 136 120
f 135 136 119
f 120 137 121
f 136 137 120
f 121 138 122
f 137 138 121
f 122 139 123
f 138 139 122
f 123 140 124
f 139 140 123
f 124 141 125
f 140 141 124
f 125 142 126
f 142 125 143
f 144 127 126
f 142 144 126
f 147 128 129
f 147 129 145
f 128 148 130
f 147 148 128
f 130 149 131
f 148 149 130
f 150 132 131
f 149 150 131
f 151 132 150
f 152 133 134
f 152 134 153
f 133 154 135
f 152 154 133
f 135 155 136
f 154 155 135
f 136 156 137
f 155 156 136
f 137 157 138
f 156 157 137
f 138 158 139
f 157 158 138
f 159 140 139
f 158 159 139
f 143 160 142
f 161 144 142
f 160 161 142
f 164 145 146
f 164 146 162
f 145 165 147
f 164 165 145
f 147 166 148
f 165 166 147
f 148 167 149
f 166 167 148
f 149 168 150
f 167 168 149
f 151 150 169
f 168 169 150
f 170 152 171
f 153 171 152
f 170 171 172
f 152 173 154
f 170 173 152
f 154 174 155
f 173 174 154
f 155 175 156
f 174 175 155
f 156 176 157
f 175 176 156
f 157 177 158
f 177 157 176
f 177 159 158
f 160 179 161
f 178 179 160
f 179 180 161
f 183 162 163
f 183 163 181
f 162 184 164
f 183 184 162
f 164 185 165
f 184 185 164
f 165 186 166
f 186 165 185
f 166 186 167
f 187 168 167
f 168 188 169
f 188 168 187
f 188 189 169
f 191 170 172
f 191 172 190
f 170 192 173
f 191 192 170
f 173 193 174
f 192 193 173
f 174 194 175
f 193 194 174
f 175 195 176
f 194 195 175
f 178 197 179
f 196 197 178
f 180 179 197
f 198 181 182
f 198 182 199
f 181 200 183
f 198 200 181
f 183 201 184
f 200 201 183
f 184 202 185
f 201 202 184
f 187 203 188
f 188 204 189
f 203 204 188
f 204 205 189
f 207 190 206
f 190 208 191
f 207 208 190
f 191 209 192
f 208 209 191
f 192 210 193
f 209 210 192
f 193 211 194
f 210 211 193
f 196 214 197
f 212 214 196
f 215 198 199
f 215 199 216
f 198 217 200
f 215 217 198
f 200 218 201
f 217 218 200
f 201 219 202
f 218 219 201
f 220 203 221
f 220 221 222
f 203 223 204
f 220 223 203
f 204 224 205
f 223 224 204
f 206 227 207
f 226 227 206
f 207 228 208
f 227 228 207
f 208 229 209
f 228 229 208
f 209 230 210
f 229 230 209
f 231 211 210
f 230 231 210
f 234 212 213
f 234 213 232
f 212 235 214
f 234 235 212
f 236 215 216
f 236 216 237
f 215 238 217
f 236 238 215
f 217 239 218
f 238 239 217
f 240 219 218
f 239 240 218
f 241 242 243
f 244 220 222
f 244 222 241
f 220 245 223
f 244 245 220
f 223 246 224
f 245 246 223
f 225 248 226
f 247 248 225
f 226 249 227
f 248 249 226
f 227 250 228
f 249 250 227
f 228 251 229
f 250 251 228
f 229 252 230
f 251 252 229
f 230 253 231
f 252 253 230
f 254 255 231
f 253 254 231
f 256 257 255
f 256 255 254
f 258 233 257
f 258 257 256
f 259 232 233
f 259 233 258
f 232 260 234
f 259 260 232
f 261 236 237
f 236 262 238
f 261 262 236
f 263 239 238
f 263 238 264
f 262 264 238
f 265 241 243
f 265 243 266
f 241 267 244
f 265 267 241
f 244 268 245
f 267 268 244
f 269 246 245
f 268 269 245
f 247 271 248
f 270 271 247
f 248 272 249
f 271 272 248
f 249 273 250
f 272 273 249
f 250 274 251
f 273 274 250
f 251 275 252
f 274 275 251
f 252 276 253
f 275 276 252
f 253 277 254
f 276 277 253
f 254 278 256
f 277 278 254
f 256 279 258
f 278 279 256
f 258 280 259
f 279 280 258
f 281 260 259
f 281 259 280
f 261 283 262
f 283 261 282
f 284 264 262
f 283 284 262
f 285 286 264
f 285 264 284
f 287 288 286
f 287 286 285
f 289 266 288
f 289 288 287
f 290 265 266
f 290 266 289
f 265 291 267
f 290 291 265
f 270 293 271
f 292 293 270
f 271 294 272
f 293 294 271
f 272 295 273
f 294 295 272
f 273 296 274
f 295 296 273
f 274 297 275
f 296 297 274
f 275 298 276
f 297 298 275
f 276 299 277
f 298 299 276
f 277 300 278
f 299 300 277
f 278 301 279
f 300 301 278
f 279 302 280
f 302 279 301
f 282 303 283
f 283 304 284
f 303 304 283
f 284 305 285
f 304 305 284
f 285 306 287
f 305 306 285
f 287 307 289
f 306 307 287
f 289 308 290
f 308 289 307
f 292 309 293
f 309 292 310
f 293 311 294
f 309 311 293
f 294 312 295
f 311 312 294
f 295 313 296
f 312 313 295
f 296 314 297
f 313 314 296
f 297 315 298
f 314 315 297
f 298 316 299
f 315 316 298
f 299 317 300
f 316 317 299
f 300 318 301
f 317 318 300
f 303 319 304
f 304 320 305
f 319 320 304
f 305 321 306
f 320 321 305
f 306 322 307
f 321 322 306
f 309 323 311
f 311 324 312
f 324 311 323
f 312 325 313
f 324 325 312
f 313 326 314
f 325 326 313
f 314 327 315
f 326 327 314
f 315 328 316
f 327 328 315
f 316 329 317
f 328 329 316
f 330 318 317
f 329 330 317
f 319 331 320
f 320 332 321
f 331 332 320
f 333 322 321
f 333 321 332
f 324 334 325
f 325 335 326
f 334 335 325
f 326 336 327
f 335 336 326
f 327 337 328
f 336 337 327
f 328 338 329
f 337 338 328
f 339 330 329
f 338 339 329
f 331 341 332
f 340 341 331
f 336 342 337
f 337 343 338
f 342 343 337
f 339 338 344
f 343 344 338
f 340 347 341
f 346 347 340
f 342 348 343
f 348 342 349
f 343 350 344
f 348 350 343
f 351 344 352
f 350 352 344
f 345 357 346
f 356 357 345
f 346 358 347
f 358 346 357
f 349 359 348
f 348 360 350
f 359 360 348
f 361 352 350
f 360 361 350
f 362 352 361
f 369 354 368
f 369 368 367
f 370 353 354
f 370 354 369
f 353 371 355
f 370 371 353
f 355 372 356
f 371 372 355
f 356 373 357
f 372 373 356
f 359 375 360
f 375 359 376
f 374 376 359
f 360 377 361
f 375 377 360
f 378 362 361
f 377 378 361
f 379 362 378
f 382 383 384
f 382 384 381
f 385 386 383
f 385 383 382
f 387 364 386
f 387 386 385
f 388 363 364
f 388 364 387
f 363 389 365
f 388 389 363
f 365 390 366
f 389 390 365
f 366 391 367
f 391 366 390
f 392 369 393
f 367 393 369
f 391 393 367
f 369 392 370
f 376 394 375
f 375 395 377
f 394 395 375
f 377 396 378
f 395 396 377
f 378 397 379
f 396 397 378
f 379 398 380
f 397 398 379
f 380 399 381
f 398 399 380
f 381 400 382
f 399 400 381
f 401 385 402
f 382 402 385
f 402 382 400
f 385 401 387
f 403 395 394
f 395 404 396
f 403 404 395
f 396 405 397
f 404 405 396
f 406 398 407
f 397 407 398
f 405 407 397
f 408 410 411
f 408 411 2
f 412 413 409
f 412 409 408
f 412 408 2
f 412 414 413
f 412 1 414
f 412 2 1
f 414 415 413
f 414 416 415
f 414 3 416
f 3 414 1
f 417 418 416
f 415 416 418
f 3 417 416
f 417 3 4
f 4 419 417
f 420 421 422
f 420 411 410
f 420 5 411
f 420 422 5
f 411 6 2
f 6 411 5
f 4 11 419
f 11 423 419
f 11 424 423
f 11 12 424
f 423 424 425
f 12 425 424
f 425 12 13
f 426 425 427
f 13 427 425
f 429 428 430
f 429 430 431
f 432 429 431
f 432 431 433
f 434 432 433
f 434 433 435
f 435 436 434
f 437 438 439
f 437 422 421
f 437 15 422
f 437 439 15
f 5 422 14
f 422 15 14
f 13 24 427
f 426 427 24
f 24 440 426
f 24 25 440
f 441 442 440
f 441 440 25
f 441 26 442
f 26 441 25
f 26 443 442
f 27 443 26
f 27 444 443
f 447 428 448
f 447 448 445
f 447 445 446
f 447 430 428
f 447 28 430
f 447 446 28
f 430 29 431
f 29 430 28
f 431 30 433
f 30 431 29
f 433 31 435
f 31 433 30
f 436 435 449
f 435 450 449
f 435 32 450
f 32 435 31
f 450 451 449
f 450 452 451
f 450 33 452
f 450 32 33
f 451 452 453
f 453 452 33
f 453 33 454
f 455 453 454
f 455 454 35
f 439 438 455
f 439 455 35
f 439 34 15
f 439 35 34
f 18 39 456
f 456 39 38
f 19 18 457
f 457 18 456
f 20 19 458
f 458 19 457
f 20 458 40
f 444 27 47
f 47 459 444
f 47 49 459
f 49 460 459
f 49 461 460
f 49 50 461
f 461 462 460
f 461 463 462
f 461 51 463
f 461 50 51
f 462 463 464
f 464 463 51
f 465 466 467
f 465 446 445
f 465 52 446
f 465 467 52
f 28 446 53
f 53 446 52
f 59 454 33
f 454 59 35
f 37 36 468
f 36 62 468
f 37 468 469
f 38 37 469
f 469 470 38
f 470 456 38
f 470 471 456
f 471 457 456
f 471 472 457
f 472 458 457
f 472 473 458
f 473 40 458
f 473 474 40
f 40 474 41
f 41 474 475
f 42 41 476
f 476 41 475
f 42 476 64
f 63 64 476
f 464 51 477
f 51 71 477
f 477 478 464
f 478 477 479
f 71 479 477
f 467 466 480
f 467 480 481
f 52 467 72
f 467 481 72
f 62 82 482
f 82 81 482
f 62 482 483
f 468 62 484
f 484 62 485
f 485 62 483
f 486 469 487
f 468 487 469
f 487 468 485
f 484 485 468
f 486 470 469
f 488 475 474
f 488 476 475
f 488 489 476
f 489 63 476
f 490 63 491
f 489 491 63
f 63 490 65
f 490 491 65
f 65 491 492
f 66 65 493
f 493 65 492
f 66 493 84
f 83 84 493
f 71 494 479
f 478 479 494
f 71 495 494
f 88 495 71
f 494 496 478
f 495 496 494
f 497 498 480
f 497 499 498
f 498 481 480
f 481 498 499
f 72 481 89
f 481 499 89
f 482 81 500
f 500 81 98
f 485 483 501
f 482 501 483
f 500 501 482
f 502 492 491
f 502 493 492
f 503 493 504
f 502 504 493
f 503 83 493
f 505 83 503
f 505 503 506
f 83 505 85
f 505 506 85
f 99 85 506
f 495 88 507
f 88 101 507
f 508 496 495
f 507 508 495
f 499 497 509
f 499 509 510
f 89 499 102
f 499 510 102
f 500 98 511
f 111 511 98
f 512 501 500
f 511 512 500
f 513 506 514
f 503 514 506
f 513 514 515
f 99 506 112
f 506 513 112
f 115 516 101
f 507 101 516
f 115 116 516
f 517 508 507
f 517 507 516
f 517 518 508
f 517 516 518
f 510 509 519
f 510 519 520
f 102 510 117
f 510 520 117
f 511 111 521
f 521 111 522
f 111 127 522
f 523 512 511
f 521 523 511
f 522 523 521
f 525 513 515
f 525 515 524
f 525 524 526
f 525 129 513
f 525 526 129
f 112 513 128
f 513 129 128
f 516 116 132
f 518 516 527
f 516 528 527
f 516 132 528
f 527 529 518
f 528 529 527
f 519 530 520
f 520 530 117
f 134 117 530
f 125 141 143
f 143 141 140
f 522 127 144
f 522 531 523
f 531 522 144
f 531 532 523
f 531 144 532
f 532 533 523
f 534 535 536
f 534 536 537
f 538 524 535
f 538 535 534
f 538 526 524
f 538 146 526
f 538 534 146
f 526 145 129
f 526 146 145
f 132 539 528
f 151 539 132
f 528 540 529
f 540 528 539
f 540 541 529
f 540 542 541
f 540 539 542
f 543 544 529
f 541 543 529
f 542 543 541
f 544 543 545
f 134 530 546
f 134 546 153
f 140 547 143
f 140 159 547
f 143 547 160
f 532 144 548
f 161 548 144
f 549 533 532
f 548 549 532
f 550 537 551
f 550 551 552
f 553 534 537
f 553 537 550
f 553 550 554
f 553 555 534
f 553 163 555
f 553 554 163
f 534 555 163
f 534 162 146
f 534 163 162
f 151 169 539
f 539 556 542
f 539 169 556
f 542 557 543
f 542 558 557
f 542 556 558
f 543 559 545
f 557 559 543
f 559 557 558
f 560 545 561
f 559 561 545
f 153 546 562
f 153 562 172
f 153 172 171
f 563 159 177
f 159 564 547
f 159 563 564
f 160 547 178
f 547 564 178
f 548 161 565
f 565 161 566
f 161 180 566
f 548 567 549
f 565 567 548
f 566 567 565
f 568 550 552
f 568 552 569
f 568 554 550
f 554 568 182
f 554 181 163
f 554 182 181
f 167 186 570
f 187 167 570
f 169 189 556
f 556 571 558
f 556 189 571
f 559 558 572
f 558 573 572
f 558 571 573
f 574 561 559
f 572 574 559
f 573 574 572
f 575 561 574
f 578 562 579
f 578 579 576
f 578 576 577
f 578 172 562
f 578 190 172
f 578 577 190
f 177 176 580
f 580 176 195
f 177 581 563
f 177 580 581
f 563 582 564
f 563 581 582
f 178 564 196
f 564 582 196
f 566 180 583
f 180 197 583
f 584 567 566
f 583 584 566
f 586 568 569
f 586 569 585
f 586 182 568
f 586 199 182
f 186 185 587
f 185 202 587
f 186 588 570
f 186 587 588
f 570 589 187
f 570 588 589
f 187 589 203
f 189 205 571
f 571 590 573
f 571 205 590
f 573 591 574
f 591 573 590
f 591 592 574
f 591 590 592
f 593 575 574
f 592 593 574
f 595 576 596
f 595 596 594
f 595 594 597
f 595 577 576
f 595 206 577
f 595 597 206
f 190 577 206
f 194 598 195
f 598 194 211
f 195 599 580
f 195 598 599
f 580 600 581
f 580 599 600
f 581 213 582
f 581 600 213
f 196 582 212
f 582 213 212
f 583 197 601
f 197 214 601
f 602 584 583
f 601 602 583
f 585 604 586
f 603 604 585
f 604 199 586
f 604 216 199
f 587 202 605
f 605 202 219
f 587 606 588
f 587 605 606
f 588 222 589
f 588 606 222
f 203 589 221
f 589 222 221
f 590 205 607
f 205 224 607
f 592 590 608
f 590 607 608
f 609 593 592
f 608 609 592
f 610 611 612
f 610 597 594
f 610 225 597
f 610 612 225
f 206 597 226
f 226 597 225
f 211 255 598
f 231 255 211
f 598 257 599
f 598 255 257
f 599 233 600
f 599 257 233
f 600 232 213
f 600 233 232
f 214 235 613
f 613 615 214
f 614 214 615
f 601 214 615
f 614 615 214
f 616 602 601
f 615 616 601
f 603 617 604
f 617 603 618
f 617 216 604
f 617 237 216
f 240 619 219
f 619 240 239
f 219 620 605
f 219 619 620
f 605 243 606
f 605 620 243
f 606 242 222
f 241 222 242
f 606 243 242
f 607 224 621
f 621 224 246
f 608 607 622
f 607 621 622
f 623 609 608
f 622 623 608
f 612 611 624
f 612 624 625
f 225 612 247
f 612 625 247
f 613 235 626
f 234 627 235
f 626 235 627
f 627 234 260
f 628 615 613
f 628 613 627
f 626 627 613
f 629 617 618
f 629 618 630
f 629 237 617
f 629 631 237
f 261 237 631
f 263 264 239
f 239 286 619
f 239 264 286
f 619 288 620
f 619 286 288
f 620 266 243
f 620 288 266
f 269 632 246
f 632 269 268
f 246 633 621
f 246 632 633
f 633 634 621
f 622 621 634
f 635 623 622
f 635 622 634
f 625 624 636
f 625 636 637
f 247 625 270
f 625 637 270
f 281 638 260
f 281 280 638
f 627 260 639
f 638 639 260
f 630 640 629
f 640 631 629
f 631 640 641
f 631 282 261
f 631 641 282
f 267 642 268
f 642 267 291
f 268 643 632
f 268 642 643
f 644 632 645
f 643 645 632
f 644 645 632
f 633 632 645
f 633 646 634
f 646 633 645
f 647 637 636
f 647 636 648
f 637 647 270
f 270 647 292
f 647 648 292
f 280 302 649
f 302 301 649
f 649 651 280
f 650 280 651
f 638 280 651
f 650 651 280
f 652 639 638
f 651 652 638
f 640 653 641
f 282 641 653
f 282 653 654
f 282 654 303
f 290 655 291
f 655 290 308
f 656 291 657
f 655 657 291
f 656 657 291
f 642 291 657
f 658 642 657
f 658 643 642
f 643 659 645
f 658 659 643
f 648 660 292
f 292 660 661
f 310 292 661
f 649 301 663
f 318 662 301
f 663 301 662
f 664 651 649
f 664 649 663
f 653 665 654
f 654 665 303
f 303 665 666
f 319 303 666
f 308 307 668
f 668 307 669
f 322 667 307
f 669 307 667
f 670 308 671
f 671 308 669
f 668 669 308
f 670 655 308
f 655 670 657
f 661 672 310
f 309 310 672
f 309 672 673
f 674 309 673
f 309 674 323
f 330 675 318
f 663 662 676
f 318 676 662
f 675 676 318
f 666 665 678
f 677 678 665
f 666 678 679
f 666 680 319
f 666 679 680
f 331 319 680
f 333 681 322
f 333 332 681
f 669 667 682
f 322 682 667
f 681 682 322
f 673 323 674
f 683 323 673
f 324 323 683
f 683 685 324
f 684 324 685
f 684 685 334
f 684 334 324
f 686 334 685
f 335 334 686
f 675 330 339
f 676 675 687
f 339 687 675
f 688 679 678
f 688 678 689
f 688 680 679
f 688 690 680
f 331 680 340
f 680 690 340
f 681 332 691
f 332 341 691
f 692 682 681
f 692 681 693
f 691 693 681
f 685 694 686
f 686 694 335
f 335 694 695
f 335 695 336
f 336 695 696
f 342 336 696
f 339 697 687
f 339 698 697
f 339 344 698
f 697 699 687
f 698 699 697
f 703 688 689
f 703 689 701
f 703 701 702
f 703 690 688
f 703 345 690
f 703 702 345
f 340 690 346
f 346 690 345
f 691 341 704
f 704 341 705
f 341 347 705
f 693 691 705
f 704 705 691
f 342 696 706
f 349 342 706
f 351 352 344
f 698 344 352
f 707 699 698
f 707 698 352
f 707 708 699
f 707 709 708
f 707 352 709
f 710 699 708
f 709 710 708
f 714 713 716
f 717 718 715
f 717 715 714
f 717 714 716
f 717 716 368
f 719 720 718
f 719 718 717
f 719 717 368
f 719 721 720
f 719 354 721
f 719 368 354
f 721 700 720
f 721 722 700
f 721 353 722
f 721 354 353
f 700 722 701
f 722 702 701
f 722 355 702
f 355 722 353
f 345 702 356
f 356 702 355
f 347 358 723
f 358 357 723
f 723 724 347
f 705 347 724
f 349 706 725
f 349 725 726
f 349 726 359
f 352 362 709
f 709 727 710
f 709 728 727
f 709 362 728
f 729 730 710
f 729 710 727
f 729 727 728
f 729 728 731
f 732 733 730
f 732 730 729
f 732 729 731
f 732 731 734
f 735 736 733
f 735 733 732
f 735 732 734
f 735 734 383
f 737 738 736
f 737 736 735
f 737 735 383
f 737 739 738
f 737 386 739
f 737 383 386
f 739 712 738
f 739 740 712
f 739 364 740
f 739 386 364
f 740 711 712
f 740 741 711
f 740 363 741
f 740 364 363
f 711 741 713
f 741 742 713
f 741 365 742
f 365 741 363
f 365 713 742
f 713 366 716
f 366 713 365
f 716 367 368
f 367 716 366
f 357 373 743
f 743 373 372
f 357 743 744
f 723 357 745
f 745 357 746
f 746 357 744
f 747 724 723
f 747 723 746
f 745 746 723
f 725 748 726
f 726 748 359
f 374 359 748
f 374 748 376
f 379 728 362
f 728 380 731
f 380 728 379
f 731 381 734
f 381 731 380
f 734 384 383
f 384 734 381
f 392 393 749
f 749 393 391
f 370 392 750
f 750 392 749
f 370 750 751
f 371 370 752
f 752 370 751
f 752 754 371
f 753 371 754
f 753 754 372
f 753 372 371
f 754 755 372
f 755 743 372
f 746 744 756
f 743 756 744
f 755 756 743
f 376 748 757
f 376 757 758
f 376 758 394
f 401 402 759
f 402 400 759
f 401 759 760
f 387 401 761
f 761 401 760
f 762 761 763
f 762 387 761
f 762 763 764
f 388 387 764
f 762 764 387
f 763 765 764
f 764 765 389
f 764 389 388
f 765 766 389
f 389 766 390
f 390 767 768
f 766 767 390
f 391 390 768
f 769 391 768
f 769 749 391
f 770 749 769
f 770 750 749
f 752 751 770
f 750 770 751
f 757 771 758
f 758 771 394
f 771 772 394
f 394 772 773
f 403 394 773
f 773 772 403
f 774 403 772
f 403 774 404
f 406 407 776
f 405 775 407
f 776 407 775
f 777 776 778
f 777 406 776
f 777 778 399
f 777 399 398
f 777 398 406
f 778 779 399
f 399 779 400
f 400 780 781
f 779 780 400
f 759 400 781
f 761 760 781
f 759 781 760
f 772 782 774
f 782 404 774
f 783 404 782
f 783 405 404
f 776 775 783
f 405 783 775
f 784 785 410
f 409 784 408
f 784 410 408
f 409 786 787
f 409 787 784
f 409 413 786
f 413 788 786
f 413 415 788
f 418 789 790
f 418 790 415
f 788 415 790
f 417 789 418
f 417 791 789
f 419 791 417
f 792 793 421
f 792 410 785
f 792 420 410
f 792 421 420
f 419 794 791
f 419 423 794
f 794 423 795
f 795 425 796
f 425 795 423
f 425 797 796
f 426 797 425
f 798 799 428
f 429 798 428
f 429 800 798
f 432 800 429
f 432 801 800
f 434 801 432
f 434 436 801
f 802 421 793
f 802 437 421
f 438 437 802
f 797 426 804
f 804 426 440
f 440 805 804
f 442 805 440
f 442 806 805
f 443 806 442
f 443 807 806
f 444 807 443
f 808 809 445
f 808 428 799
f 428 808 448
f 448 808 445
f 801 436 810
f 810 436 449
f 449 811 810
f 449 812 811
f 451 812 449
f 811 812 813
f 451 813 812
f 453 813 451
f 453 814 813
f 438 814 455
f 455 814 453
f 438 802 803
f 438 803 814
f 807 444 815
f 815 444 459
f 459 816 815
f 459 460 816
f 460 817 816
f 460 462 817
f 817 462 818
f 464 818 462
f 819 818 464
f 820 821 466
f 820 445 809
f 445 820 465
f 820 466 465
f 819 464 822
f 822 464 823
f 464 478 823
f 824 822 823
f 824 823 478
f 466 821 825
f 466 825 480
f 486 826 470
f 826 486 487
f 470 827 471
f 470 826 827
f 471 828 472
f 471 827 828
f 472 829 473
f 472 828 829
f 473 830 474
f 473 829 830
f 488 474 831
f 831 474 830
f 488 831 489
f 824 478 832
f 832 478 833
f 478 496 833
f 834 480 825
f 497 480 834
f 487 485 835
f 835 485 501
f 487 836 826
f 487 835 836
f 826 837 827
f 826 836 837
f 827 838 828
f 827 837 838
f 828 839 829
f 828 838 839
f 829 840 830
f 829 839 840
f 830 841 831
f 830 840 841
f 831 842 489
f 831 841 842
f 489 843 491
f 489 842 843
f 502 491 844
f 844 491 843
f 502 844 504
f 503 504 844
f 833 496 508
f 845 832 833
f 845 833 846
f 508 846 833
f 847 497 834
f 509 497 847
f 501 848 835
f 501 512 848
f 835 849 836
f 835 848 849
f 836 850 837
f 836 849 850
f 837 851 838
f 837 850 851
f 838 852 839
f 838 851 852
f 839 853 840
f 839 852 853
f 840 854 841
f 840 853 854
f 841 855 842
f 841 854 855
f 842 856 843
f 842 855 856
f 843 857 844
f 843 856 857
f 844 515 503
f 844 857 515
f 503 515 514
f 508 858 846
f 508 859 858
f 518 859 508
f 860 846 858
f 859 860 858
f 509 847 861
f 862 509 861
f 863 509 862
f 519 509 863
f 512 864 848
f 523 864 512
f 848 865 849
f 848 864 865
f 849 866 850
f 849 865 866
f 850 867 851
f 850 866 867
f 851 868 852
f 851 867 868
f 852 869 853
f 852 868 869
f 853 870 854
f 853 869 870
f 854 871 855
f 854 870 871
f 855 536 856
f 855 871 536
f 856 535 857
f 856 536 535
f 857 524 515
f 857 535 524
f 518 529 859
f 859 872 860
f 859 544 872
f 859 529 544
f 873 874 860
f 873 860 872
f 873 872 544
f 873 544 875
f 874 873 876
f 875 876 873
f 878 519 862
f 863 862 519
f 878 530 519
f 878 862 879
f 878 879 530
f 864 523 533
f 864 880 865
f 864 533 880
f 865 881 866
f 865 880 881
f 866 882 867
f 866 881 882
f 867 883 868
f 867 882 883
f 868 884 869
f 868 883 884
f 869 885 870
f 869 884 885
f 870 551 871
f 870 885 551
f 871 537 536
f 871 551 537
f 544 545 875
f 875 886 876
f 875 887 886
f 875 545 887
f 888 889 876
f 877 876 889
f 886 888 876
f 888 886 887
f 890 889 888
f 879 891 530
f 891 546 530
f 533 893 880
f 549 893 533
f 880 894 881
f 880 893 894
f 881 895 882
f 881 894 895
f 882 896 883
f 882 895 896
f 883 897 884
f 883 896 897
f 884 898 885
f 884 897 898
f 885 552 551
f 885 898 552
f 560 561 545
f 887 545 561
f 888 887 899
f 887 900 899
f 887 561 900
f 890 888 901
f 899 901 888
f 900 901 899
f 891 902 546
f 546 902 562
f 902 891 892
f 893 549 903
f 903 549 567
f 893 904 894
f 893 903 904
f 894 905 895
f 894 904 905
f 895 906 896
f 895 905 906
f 896 907 897
f 896 906 907
f 897 908 898
f 897 907 908
f 898 569 552
f 898 908 569
f 561 909 900
f 575 909 561
f 900 910 901
f 910 900 909
f 910 911 901
f 910 909 911
f 912 901 913
f 911 913 901
f 915 917 576
f 914 576 917
f 915 562 916
f 562 915 579
f 579 915 576
f 562 902 916
f 567 918 903
f 567 584 918
f 903 919 904
f 903 918 919
f 904 920 905
f 904 919 920
f 905 921 906
f 905 920 921
f 906 922 907
f 906 921 922
f 907 923 908
f 907 922 923
f 908 585 569
f 908 923 585
f 909 575 593
f 911 909 924
f 909 593 924
f 925 913 911
f 924 925 911
f 926 927 594
f 926 576 917
f 914 917 576
f 576 926 596
f 596 926 594
f 584 928 918
f 584 602 928
f 918 929 919
f 918 928 929
f 919 930 920
f 919 929 930
f 920 931 921
f 920 930 931
f 921 932 922
f 921 931 932
f 922 933 923
f 922 932 933
f 585 923 603
f 923 933 603
f 924 593 934
f 593 609 934
f 935 925 924
f 934 935 924
f 936 937 611
f 594 936 610
f 936 611 610
f 936 594 927
f 616 938 602
f 938 616 615
f 602 939 928
f 602 938 939
f 928 940 929
f 928 939 940
f 929 941 930
f 929 940 941
f 930 942 931
f 930 941 942
f 931 943 932
f 931 942 943
f 932 944 933
f 932 943 944
f 933 618 603
f 933 944 618
f 934 609 945
f 609 623 945
f 946 935 934
f 945 946 934
f 611 937 947
f 611 947 624
f 615 948 938
f 615 628 948
f 938 949 939
f 938 948 949
f 939 950 940
f 939 949 950
f 940 951 941
f 940 950 951
f 941 952 942
f 941 951 952
f 942 953 943
f 942 952 953
f 943 954 944
f 943 953 954
f 944 630 618
f 944 954 630
f 635 955 623
f 635 634 955
f 955 956 623
f 945 623 957
f 623 956 957
f 958 946 945
f 958 945 957
f 947 959 624
f 624 959 636
f 628 627 960
f 960 627 639
f 628 961 948
f 628 960 961
f 948 962 949
f 948 961 962
f 949 963 950
f 949 962 963
f 950 964 951
f 950 963 964
f 951 965 952
f 951 964 965
f 952 966 953
f 952 965 966
f 953 967 954
f 953 966 967
f 954 968 630
f 954 967 968
f 630 968 640
f 955 634 970
f 646 969 634
f 970 634 969
f 955 971 956
f 971 955 972
f 970 972 955
f 971 957 956
f 959 973 636
f 973 648 636
f 652 974 639
f 974 652 651
f 639 975 960
f 639 974 975
f 960 976 961
f 960 975 976
f 961 977 962
f 961 976 977
f 962 978 963
f 962 977 978
f 963 979 964
f 963 978 979
f 964 980 965
f 964 979 980
f 965 981 966
f 965 980 981
f 966 982 967
f 966 981 982
f 967 983 968
f 967 982 983
f 968 984 640
f 968 983 984
f 640 984 653
f 645 659 985
f 985 659 658
f 645 985 986
f 646 645 987
f 987 645 988
f 988 645 986
f 646 989 969
f 989 646 988
f 987 988 646
f 989 970 969
f 989 972 970
f 973 660 648
f 973 990 660
f 991 660 990
f 661 660 991
f 664 992 651
f 664 663 992
f 651 993 974
f 651 992 993
f 974 994 975
f 974 993 994
f 975 995 976
f 975 994 995
f 976 996 977
f 976 995 996
f 977 997 978
f 977 996 997
f 978 998 979
f 978 997 998
f 979 999 980
f 979 998 999
f 980 1000 981
f 980 999 1000
f 981 1001 982
f 981 1000 1001
f 982 1002 983
f 982 1001 1002
f 983 1003 984
f 983 1002 1003
f 984 1004 653
f 984 1003 1004
f 665 653 1004
f 670 671 1005
f 671 669 1005
f 1005 1006 670
f 657 670 1006
f 1007 1006 1008
f 1007 657 1006
f 658 657 1008
f 1007 1008 657
f 1009 658 1010
f 1008 1010 658
f 1009 985 658
f 988 986 1009
f 985 1009 986
f 1011 661 991
f 1011 672 661
f 991 1012 1011
f 1012 672 1011
f 1012 673 672
f 673 1012 1013
f 992 663 1014
f 1014 663 676
f 992 1015 993
f 992 1014 1015
f 993 1016 994
f 993 1015 1016
f 994 1017 995
f 994 1016 1017
f 995 1018 996
f 995 1017 1018
f 996 1019 997
f 996 1018 1019
f 997 1020 998
f 997 1019 1020
f 998 1021 999
f 998 1020 1021
f 999 1022 1000
f 999 1021 1022
f 1000 1023 1001
f 1000 1022 1023
f 1001 1024 1002
f 1001 1023 1024
f 1002 1025 1003
f 1002 1024 1025
f 1003 1026 1004
f 1003 1025 1026
f 1004 678 665
f 677 665 678
f 1004 1026 678
f 669 682 1027
f 669 1028 1029
f 669 1030 1028
f 1027 1030 669
f 1005 669 1029
f 1029 1006 1005
f 673 1013 683
f 1031 1013 1032
f 1031 683 1013
f 1031 1032 1033
f 1031 1033 685
f 1031 685 683
f 1032 1034 1033
f 1034 685 1033
f 676 1035 1014
f 676 687 1035
f 1014 1036 1015
f 1014 1035 1036
f 1015 1037 1016
f 1015 1036 1037
f 1016 1038 1017
f 1016 1037 1038
f 1017 1039 1018
f 1017 1038 1039
f 1018 1040 1019
f 1018 1039 1040
f 1019 1041 1020
f 1019 1040 1041
f 1020 1042 1021
f 1020 1041 1042
f 1021 1043 1022
f 1021 1042 1043
f 1022 1044 1023
f 1022 1043 1044
f 1024 1023 1045
f 1023 1046 1045
f 1023 1044 1046
f 1045 1025 1024
f 1045 1047 1025
f 1045 1046 1047
f 1025 1048 1026
f 1025 1047 1048
f 1026 689 678
f 1026 1048 689
f 1027 682 1049
f 692 1049 682
f 692 693 1049
f 1030 1027 1049
f 1034 694 685
f 694 1034 1050
f 694 1050 695
f 1051 1050 1052
f 1051 695 1050
f 1051 696 695
f 1051 1052 1053
f 696 1051 1053
f 1035 687 699
f 1035 1054 1036
f 1035 699 1054
f 1036 1055 1037
f 1036 1054 1055
f 1037 1056 1038
f 1037 1055 1056
f 1038 1057 1039
f 1038 1056 1057
f 1039 1058 1040
f 1039 1057 1058
f 1040 1059 1041
f 1040 1058 1059
f 1041 1060 1042
f 1041 1059 1060
f 1042 1061 1043
f 1042 1060 1061
f 1043 715 1044
f 1043 1061 715
f 1044 718 1046
f 1044 715 718
f 1046 720 1047
f 1046 718 720
f 1047 700 1048
f 1047 720 700
f 1048 701 689
f 701 1048 700
f 1062 1049 693
f 705 1063 693
f 1062 693 1063
f 1064 696 1053
f 706 696 1064
f 699 710 1054
f 1054 730 1055
f 1054 710 730
f 1055 733 1056
f 1055 730 733
f 1056 736 1057
f 1056 733 736
f 1057 738 1058
f 1057 736 738
f 1058 712 1059
f 1058 738 712
f 1059 711 1060
f 1059 712 711
f 1060 713 1061
f 713 1060 711
f 1061 714 715
f 714 1061 713
f 1062 1063 1065
f 1063 1066 1065
f 1063 724 1066
f 1063 705 724
f 1067 706 1068
f 1064 1068 706
f 1067 1068 706
f 725 706 1068
f 747 1069 724
f 747 746 1069
f 1066 724 1069
f 1070 725 1068
f 725 1070 748
f 1070 1068 1071
f 748 1070 1071
f 1073 754 1072
f 1073 755 754
f 1074 755 1073
f 1074 746 756
f 1074 756 755
f 746 1075 1069
f 1074 1075 746
f 1071 1076 748
f 1077 748 1076
f 757 748 1076
f 1077 1076 748
f 763 761 1078
f 1079 763 1078
f 1079 765 763
f 1080 765 1079
f 1080 766 765
f 1081 766 1080
f 768 767 1081
f 1081 767 766
f 1082 1083 1084
f 1082 1081 1083
f 1082 768 1081
f 1082 1084 769
f 1082 769 768
f 769 1084 1085
f 769 1085 770
f 770 1085 1086
f 770 1086 752
f 752 1086 1072
f 752 1072 754
f 1076 771 757
f 1088 1076 1087
f 1088 771 1076
f 1088 1087 1089
f 1088 1089 772
f 1088 772 771
f 1089 1087 1090
f 1089 1090 772
f 1092 776 1091
f 1092 778 776
f 1093 778 1092
f 1093 779 778
f 1094 779 1093
f 1094 1095 781
f 1094 781 780
f 1094 780 779
f 781 1095 1096
f 781 1096 761
f 761 1096 1078
f 782 772 1090
f 782 1090 1097
f 782 1097 783
f 783 1097 1091
f 783 1091 776
f 786 1098 787
f 787 1098 784
f 1099 1100 1098
f 786 1099 1098
f 1099 788 1100
f 1099 786 788
f 1100 788 1101
f 789 1101 790
f 790 1101 788
f 1102 1101 1103
f 789 1103 1101
f 1103 789 791
f 785 1104 792
f 1104 793 792
f 785 1105 1106
f 785 1106 1104
f 784 1105 785
f 784 1098 1105
f 1102 1103 1107
f 1103 791 1107
f 1107 791 1108
f 791 794 1108
f 794 1109 1108
f 796 1109 795
f 795 1109 794
f 796 1110 1109
f 1110 796 797
f 1111 799 798
f 1112 1111 798
f 1112 798 1113
f 800 1113 798
f 1113 800 801
f 793 1114 802
f 1114 803 802
f 793 1104 1115
f 793 1115 1114
f 1109 1110 1116
f 1110 797 1116
f 1116 797 1117
f 1117 797 804
f 1118 1119 804
f 1117 804 1119
f 1118 804 1119
f 805 1119 804
f 805 1120 1119
f 806 1120 805
f 1122 1123 1121
f 1122 1121 1120
f 806 1122 1120
f 807 1122 806
f 1123 1122 1124
f 807 1124 1122
f 1124 807 815
f 799 1125 808
f 1125 1126 808
f 809 808 1126
f 799 1127 1128
f 799 1128 1125
f 1111 1127 799
f 1112 1129 1111
f 1127 1111 1129
f 1112 1113 1129
f 1129 1113 1130
f 1113 801 1130
f 1130 801 1131
f 801 810 1131
f 810 1132 1131
f 811 1132 810
f 811 1133 1132
f 1133 811 813
f 1134 1114 1135
f 1134 1135 1136
f 1134 1136 814
f 1134 803 1114
f 803 1134 814
f 1124 815 1137
f 815 816 1137
f 816 1138 1137
f 816 817 1138
f 1138 817 1139
f 818 1139 817
f 1140 1139 1141
f 818 1141 1139
f 819 1141 818
f 809 1142 820
f 1142 821 820
f 809 1126 1143
f 1125 1143 1126
f 809 1143 1142
f 1132 1133 1144
f 1133 813 1144
f 1144 813 1136
f 813 814 1136
f 1140 1141 1145
f 819 822 1141
f 1145 1141 822
f 1146 1145 822
f 824 1146 822
f 1147 1142 1148
f 1147 821 1142
f 825 821 1147
f 1149 1146 824
f 832 1149 824
f 1150 1147 1151
f 1148 1151 1147
f 1150 1151 1152
f 1147 1150 825
f 1150 1152 825
f 834 825 1152
f 832 1153 1149
f 845 846 832
f 1153 832 846
f 1154 1149 1153
f 846 1154 1153
f 1151 1155 1152
f 1152 1155 834
f 1155 847 834
f 1154 846 1156
f 846 1157 1156
f 846 860 1157
f 1156 1157 1158
f 860 1158 1157
f 1155 1161 847
f 862 861 1161
f 847 1161 861
f 1162 1161 1155
f 862 1161 1162
f 860 874 1158
f 1158 874 1159
f 874 1163 1159
f 874 876 1163
f 1159 1163 1160
f 1163 1164 1160
f 1163 889 1164
f 1163 876 889
f 877 889 876
f 1164 1165 1160
f 1165 1164 1166
f 889 1166 1164
f 1167 862 1162
f 1167 1162 1168
f 1167 1168 1169
f 879 862 1169
f 1167 1169 862
f 1168 1162 1170
f 1169 1168 1170
f 889 1171 1166
f 1165 1166 1171
f 889 890 1171
f 1172 1173 1165
f 1171 1172 1165
f 1172 1171 890
f 1174 1173 1172
f 1169 891 879
f 1175 1169 1170
f 1175 891 1169
f 1175 1170 1176
f 892 891 1176
f 1175 1176 891
f 1176 1170 1177
f 1172 890 1178
f 890 1179 1178
f 890 901 1179
f 1174 1172 1180
f 1178 1180 1172
f 1179 1180 1178
f 1176 1182 892
f 1183 892 1182
f 1181 902 1183
f 892 1183 902
f 1176 1177 1184
f 1176 1184 1182
f 1183 1182 1184
f 912 913 901
f 1179 901 913
f 1179 1185 1180
f 1185 1179 913
f 1185 1186 1180
f 1185 913 1186
f 916 1187 915
f 1187 917 915
f 1187 916 1188
f 902 1188 916
f 1181 1183 902
f 1189 902 1183
f 1188 902 1189
f 1186 913 1190
f 913 925 1190
f 1191 1186 1192
f 1190 1192 1186
f 917 1193 926
f 1193 927 926
f 1194 1195 1196
f 1194 1196 917
f 1193 917 1196
f 1194 917 1195
f 1187 1195 917
f 1187 1188 1195
f 1190 925 1197
f 925 935 1197
f 1192 1190 1198
f 1197 1198 1190
f 1199 937 936
f 1200 1201 1202
f 1200 1202 1203
f 1200 1203 936
f 1199 936 1203
f 1200 927 1201
f 1193 1201 927
f 927 1200 936
f 1193 1196 1201
f 946 1204 935
f 1197 935 1205
f 935 1204 1205
f 1198 1197 1205
f 1199 1206 937
f 1207 937 1206
f 1207 947 937
f 1199 1203 1206
f 1207 1206 1203
f 958 1208 946
f 958 957 1208
f 946 1209 1204
f 1208 1209 946
f 1209 1205 1204
f 1207 1210 947
f 1211 959 1210
f 947 1210 959
f 1212 1210 1207
f 1211 1210 1212
f 1208 957 1214
f 971 1213 957
f 1214 957 1213
f 1215 1209 1208
f 1215 1208 1214
f 1211 973 959
f 1212 1216 1211
f 1216 973 1211
f 971 972 1217
f 1217 972 989
f 1214 1213 1218
f 971 1218 1213
f 1217 1218 971
f 1216 1219 973
f 991 990 1219
f 973 1219 990
f 1220 1219 1216
f 991 1219 1220
f 1221 1008 1006
f 1008 1221 1222
f 1009 1010 1223
f 1008 1222 1010
f 1223 1010 1222
f 1009 1223 1224
f 988 1009 1224
f 1225 1226 1227
f 1225 1224 1226
f 1225 988 1224
f 989 988 1227
f 1225 1227 988
f 1227 1217 989
f 991 1220 1228
f 991 1228 1012
f 1230 1220 1229
f 1230 1228 1220
f 1230 1012 1228
f 1230 1013 1012
f 1229 1231 1230
f 1013 1230 1231
f 1029 1028 1232
f 1028 1030 1232
f 1233 1234 1235
f 1233 1236 1234
f 1232 1236 1029
f 1233 1029 1236
f 1233 1235 1006
f 1233 1006 1029
f 1237 1006 1235
f 1237 1221 1006
f 1223 1222 1237
f 1221 1237 1222
f 1013 1231 1032
f 1239 1231 1238
f 1239 1032 1231
f 1239 1238 1240
f 1239 1240 1034
f 1239 1034 1032
f 1238 1241 1240
f 1241 1034 1240
f 1241 1050 1034
f 1050 1241 1242
f 1232 1030 1243
f 1030 1049 1243
f 1236 1232 1243
f 1050 1242 1052
f 1052 1242 1244
f 1053 1052 1244
f 1049 1245 1243
f 1049 1246 1245
f 1062 1246 1049
f 1247 1053 1244
f 1248 1053 1247
f 1248 1064 1053
f 1247 1244 1249
f 1248 1247 1249
f 1065 1251 1062
f 1250 1062 1251
f 1065 1066 1251
f 1246 1062 1251
f 1250 1251 1062
f 1064 1248 1068
f 1252 1248 1249
f 1068 1248 1252
f 1253 1251 1066
f 1253 1066 1069
f 1252 1254 1068
f 1255 1068 1254
f 1255 1254 1256
f 1255 1256 1257
f 1071 1068 1257
f 1255 1257 1068
f 1258 1074 1073
f 1259 1074 1258
f 1259 1069 1075
f 1259 1075 1074
f 1253 1069 1260
f 1259 1260 1069
f 1257 1076 1071
f 1256 1261 1257
f 1261 1076 1257
f 1079 1078 1262
f 1262 1263 1079
f 1263 1080 1079
f 1264 1080 1263
f 1264 1081 1080
f 1265 1081 1264
f 1084 1083 1265
f 1265 1083 1081
f 1266 1084 1265
f 1266 1267 1085
f 1266 1085 1084
f 1085 1267 1268
f 1085 1268 1086
f 1086 1268 1269
f 1086 1269 1072
f 1072 1269 1270
f 1073 1072 1270
f 1258 1073 1270
f 1261 1087 1076
f 1272 1261 1271
f 1272 1087 1261
f 1272 1090 1087
f 1271 1273 1272
f 1273 1090 1272
f 1273 1097 1090
f 1274 1097 1273
f 1274 1091 1097
f 1275 1091 1274
f 1275 1092 1091
f 1276 1092 1275
f 1276 1093 1092
f 1277 1093 1276
f 1277 1278 1095
f 1277 1095 1094
f 1277 1094 1093
f 1095 1278 1279
f 1095 1279 1096
f 1096 1279 1280
f 1096 1280 1078
f 1078 1280 1262
f 1100 1281 1098
f 1281 1100 1101
f 1105 1282 1106
f 1282 1104 1106
f 1283 1284 1282
f 1283 1282 1105
f 1283 1098 1284
f 1098 1283 1105
f 1284 1098 1285
f 1098 1281 1285
f 1285 1281 1286
f 1281 1101 1286
f 1287 1101 1102
f 1286 1101 1287
f 1107 1287 1102
f 1288 1287 1107
f 1108 1288 1107
f 1289 1288 1108
f 1109 1289 1108
f 1109 1290 1289
f 1292 1293 1294
f 1292 1294 1291
f 1295 1296 1293
f 1295 1293 1292
f 1295 1292 1121
f 1297 1298 1296
f 1297 1296 1295
f 1297 1295 1121
f 1297 1121 1123
f 1298 1297 1299
f 1123 1299 1297
f 1104 1300 1115
f 1300 1114 1115
f 1104 1282 1301
f 1104 1301 1300
f 1302 1287 1288
f 1290 1109 1116
f 1290 1116 1291
f 1116 1117 1291
f 1291 1117 1292
f 1117 1119 1292
f 1292 1120 1121
f 1120 1292 1119
f 1123 1303 1299
f 1123 1124 1303
f 1304 1305 1299
f 1303 1304 1299
f 1124 1304 1303
f 1304 1124 1137
f 1306 1305 1304
f 1137 1306 1304
f 1127 1308 1128
f 1307 1125 1308
f 1128 1308 1125
f 1309 1308 1127
f 1129 1309 1127
f 1310 1309 1129
f 1130 1311 1129
f 1310 1129 1311
f 1311 1130 1131
f 1114 1312 1135
f 1312 1136 1135
f 1114 1300 1313
f 1114 1313 1312
f 1137 1138 1306
f 1306 1138 1314
f 1139 1314 1138
f 1139 1140 1314
f 1316 1143 1315
f 1125 1315 1143
f 1316 1142 1143
f 1307 1317 1125
f 1125 1317 1315
f 1318 1315 1317
f 1316 1315 1318
f 1307 1308 1317
f 1309 1319 1308
f 1317 1308 1319
f 1310 1320 1309
f 1319 1309 1320
f 1310 1311 1320
f 1320 1311 1321
f 1311 1131 1321
f 1321 1131 1322
f 1131 1132 1322
f 1322 1132 1323
f 1323 1132 1144
f 1324 1325 1144
f 1323 1144 1325
f 1324 1326 1325
f 1324 1144 1326
f 1136 1326 1144
f 1326 1312 1327
f 1325 1326 1327
f 1326 1136 1312
f 1314 1140 1328
f 1328 1140 1145
f 1329 1328 1145
f 1146 1329 1145
f 1330 1148 1142
f 1316 1330 1142
f 1316 1318 1330
f 1146 1331 1329
f 1146 1332 1331
f 1146 1149 1332
f 1333 1331 1332
f 1149 1333 1332
f 1334 1148 1330
f 1151 1148 1334
f 1333 1149 1335
f 1149 1336 1335
f 1154 1336 1149
f 1337 1151 1334
f 1337 1155 1151
f 1337 1334 1338
f 1337 1338 1339
f 1337 1339 1155
f 1334 1340 1338
f 1341 1338 1340
f 1339 1338 1341
f 1336 1154 1156
f 1156 1342 1336
f 1156 1343 1342
f 1156 1158 1343
f 1344 1345 1342
f 1344 1342 1343
f 1158 1344 1343
f 1159 1344 1158
f 1346 1347 1345
f 1346 1345 1344
f 1159 1346 1344
f 1160 1346 1159
f 1348 1349 1347
f 1348 1347 1346
f 1160 1348 1346
f 1348 1160 1350
f 1351 1349 1348
f 1350 1351 1348
f 1162 1155 1339
f 1352 1339 1341
f 1352 1162 1339
f 1352 1353 1162
f 1352 1341 1354
f 1353 1352 1354
f 1160 1165 1350
f 1355 1351 1350
f 1165 1355 1350
f 1355 1356 1351
f 1355 1173 1356
f 1355 1165 1173
f 1357 1351 1356
f 1173 1357 1356
f 1162 1353 1170
f 1354 1358 1353
f 1170 1353 1359
f 1358 1359 1353
f 1173 1360 1357
f 1173 1361 1360
f 1174 1361 1173
f 1362 1357 1360
f 1361 1362 1360
f 1358 1363 1359
f 1170 1359 1363
f 1170 1363 1177
f 1364 1363 1358
f 1177 1363 1364
f 1174 1180 1361
f 1365 1362 1361
f 1180 1365 1361
f 1365 1366 1362
f 1365 1180 1366
f 1367 1184 1177
f 1367 1183 1184
f 1177 1364 1368
f 1367 1177 1368
f 1366 1180 1369
f 1369 1180 1370
f 1180 1186 1370
f 1369 1371 1366
f 1370 1371 1369
f 1183 1372 1189
f 1189 1372 1188
f 1372 1183 1373
f 1367 1373 1183
f 1367 1368 1374
f 1373 1367 1374
f 1191 1375 1186
f 1370 1186 1375
f 1191 1192 1375
f 1376 1371 1370
f 1375 1376 1370
f 1377 1196 1195
f 1378 1195 1188
f 1377 1195 1378
f 1378 1188 1379
f 1188 1372 1379
f 1372 1373 1380
f 1379 1372 1380
f 1375 1192 1381
f 1192 1198 1381
f 1382 1376 1375
f 1381 1382 1375
f 1201 1383 1202
f 1383 1203 1202
f 1384 1383 1201
f 1384 1201 1385
f 1196 1385 1201
f 1377 1386 1196
f 1196 1386 1385
f 1384 1385 1386
f 1377 1378 1386
f 1378 1379 1387
f 1386 1378 1387
f 1381 1198 1388
f 1388 1198 1389
f 1198 1205 1389
f 1390 1382 1381
f 1390 1381 1389
f 1388 1389 1381
f 1391 1203 1383
f 1391 1207 1203
f 1384 1392 1383
f 1391 1383 1392
f 1392 1384 1386
f 1389 1205 1394
f 1209 1393 1205
f 1394 1205 1393
f 1391 1395 1207
f 1396 1207 1395
f 1396 1212 1207
f 1397 1391 1392
f 1397 1395 1391
f 1396 1395 1397
f 1215 1398 1209
f 1215 1214 1398
f 1394 1393 1399
f 1209 1399 1393
f 1399 1209 1400
f 1398 1400 1209
f 1396 1216 1212
f 1401 1396 1397
f 1401 1216 1396
f 1401 1397 1402
f 1401 1402 1403
f 1401 1403 1216
f 1404 1402 1397
f 1403 1402 1404
f 1214 1218 1405
f 1405 1218 1217
f 1405 1407 1214
f 1406 1214 1407
f 1398 1214 1407
f 1406 1407 1214
f 1407 1400 1398
f 1403 1220 1216
f 1408 1403 1404
f 1408 1220 1403
f 1408 1404 1409
f 1408 1409 1229
f 1408 1229 1220
f 1410 1409 1404
f 1229 1409 1410
f 1227 1226 1411
f 1226 1224 1411
f 1227 1411 1412
f 1227 1412 1217
f 1413 1217 1412
f 1414 1217 1415
f 1415 1217 1412
f 1413 1412 1217
f 1414 1405 1217
f 1414 1407 1405
f 1229 1410 1416
f 1229 1416 1231
f 1417 1416 1410
f 1417 1231 1416
f 1417 1238 1231
f 1238 1417 1418
f 1235 1234 1419
f 1234 1236 1419
f 1419 1420 1235
f 1237 1235 1421
f 1420 1421 1235
f 1237 1422 1423
f 1420 1422 1421
f 1237 1421 1422
f 1237 1423 1223
f 1223 1423 1424
f 1223 1424 1224
f 1224 1424 1411
f 1418 1425 1238
f 1238 1425 1426
f 1238 1426 1241
f 1427 1426 1425
f 1427 1241 1426
f 1427 1242 1241
f 1428 1242 1427
f 1419 1236 1429
f 1429 1236 1430
f 1236 1243 1430
f 1420 1419 1430
f 1429 1430 1419
f 1428 1431 1242
f 1242 1431 1244
f 1432 1431 1428
f 1244 1431 1432
f 1243 1245 1433
f 1245 1246 1433
f 1433 1434 1243
f 1430 1243 1434
f 1435 1244 1432
f 1435 1432 1436
f 1249 1244 1436
f 1435 1436 1244
f 1433 1246 1437
f 1437 1246 1438
f 1246 1251 1438
f 1439 1434 1433
f 1439 1433 1438
f 1437 1438 1433
f 1436 1440 1249
f 1440 1252 1249
f 1436 1441 1440
f 1442 1440 1441
f 1251 1253 1443
f 1251 1444 1438
f 1251 1443 1444
f 1440 1254 1252
f 1445 1440 1442
f 1445 1254 1440
f 1445 1442 1446
f 1256 1254 1446
f 1445 1446 1254
f 1446 1442 1447
f 1448 1259 1258
f 1260 1449 1443
f 1260 1448 1449
f 1260 1259 1448
f 1260 1443 1253
f 1446 1261 1256
f 1450 1446 1447
f 1450 1261 1446
f 1450 1447 1451
f 1450 1451 1261
f 1447 1452 1451
f 1454 1265 1264
f 1267 1266 1455
f 1265 1454 1266
f 1455 1266 1454
f 1267 1455 1456
f 1268 1267 1456
f 1457 1268 1456
f 1269 1268 1457
f 1458 1269 1457
f 1270 1269 1458
f 1270 1459 1460
f 1270 1458 1459
f 1270 1460 1258
f 1448 1258 1460
f 1451 1271 1261
f 1271 1451 1452
f 1271 1452 1461
f 1271 1461 1273
f 1461 1452 1453
f 1461 1453 1462
f 1461 1462 1274
f 1461 1274 1273
f 1462 1453 1463
f 1462 1463 1464
f 1462 1464 1275
f 1462 1275 1274
f 1464 1463 1465
f 1464 1465 1276
f 1464 1276 1275
f 1466 1276 1465
f 1278 1277 1466
f 1466 1277 1276
f 1467 1278 1466
f 1279 1278 1467
f 1468 1467 1469
f 1468 1279 1467
f 1468 1469 1470
f 1280 1279 1470
f 1468 1470 1279
f 1469 1472 1470
f 1471 1470 1472
f 1471 1280 1470
f 1471 1472 1262
f 1471 1262 1280
f 1472 1474 1262
f 1473 1262 1474
f 1473 1474 1263
f 1473 1263 1262
f 1474 1475 1263
f 1475 1264 1263
f 1475 1476 1264
f 1476 1454 1264
f 1477 1454 1478
f 1476 1478 1454
f 1477 1455 1454
f 1455 1477 1456
f 1481 1480 1293
f 1483 1484 1482
f 1483 1482 1481
f 1483 1481 1293
f 1483 1293 1296
f 1484 1483 1485
f 1485 1483 1296
f 1485 1296 1298
f 1298 1486 1485
f 1487 1284 1488
f 1285 1488 1284
f 1488 1285 1286
f 1287 1489 1286
f 1490 1489 1287
f 1490 1287 1288
f 1492 1493 1491
f 1492 1491 1490
f 1492 1490 1288
f 1492 1494 1493
f 1492 1289 1494
f 1492 1288 1289
f 1494 1479 1493
f 1494 1495 1479
f 1494 1290 1495
f 1290 1494 1289
f 1479 1495 1480
f 1495 1291 1480
f 1291 1495 1290
f 1480 1294 1293
f 1294 1480 1291
f 1298 1496 1486
f 1298 1299 1496
f 1497 1498 1486
f 1497 1486 1496
f 1299 1497 1496
f 1282 1499 1301
f 1499 1300 1301
f 1500 1499 1282
f 1284 1501 1282
f 1502 1282 1501
f 1500 1282 1502
f 1503 1284 1487
f 1503 1501 1284
f 1502 1501 1504
f 1503 1504 1501
f 1488 1504 1487
f 1503 1487 1504
f 1506 1488 1505
f 1488 1506 1504
f 1488 1286 1505
f 1505 1286 1489
f 1287 1302 1288
f 1497 1299 1305
f 1507 1508 1497
f 1305 1507 1497
f 1507 1509 1508
f 1507 1306 1509
f 1507 1305 1306
f 1508 1509 1510
f 1306 1510 1509
f 1300 1511 1313
f 1511 1312 1313
f 1512 1511 1300
f 1499 1512 1300
f 1500 1502 1499
f 1513 1499 1502
f 1499 1513 1512
f 1306 1514 1510
f 1306 1314 1514
f 1515 1516 1510
f 1514 1515 1510
f 1314 1515 1514
f 1319 1517 1317
f 1517 1319 1320
f 1518 1320 1321
f 1322 1519 1321
f 1520 1519 1322
f 1323 1520 1322
f 1323 1521 1520
f 1325 1521 1323
f 1325 1522 1521
f 1312 1523 1327
f 1522 1325 1523
f 1327 1523 1325
f 1523 1312 1524
f 1511 1524 1312
f 1525 1511 1512
f 1524 1511 1525
f 1515 1314 1328
f 1526 1527 1515
f 1328 1526 1515
f 1526 1329 1527
f 1526 1328 1329
f 1329 1528 1527
f 1529 1318 1317
f 1529 1330 1318
f 1317 1517 1530
f 1317 1530 1529
f 1530 1517 1531
f 1320 1531 1517
f 1518 1532 1320
f 1533 1320 1532
f 1320 1533 1531
f 1518 1321 1532
f 1532 1321 1519
f 1521 1522 1523
f 1329 1331 1528
f 1528 1331 1534
f 1333 1534 1331
f 1535 1330 1529
f 1535 1334 1330
f 1535 1529 1537
f 1536 1537 1529
f 1530 1538 1529
f 1536 1529 1538
f 1536 1538 1537
f 1539 1530 1531
f 1530 1539 1538
f 1540 1538 1539
f 1534 1333 1335
f 1335 1541 1534
f 1336 1541 1335
f 1341 1340 1535
f 1334 1535 1340
f 1542 1535 1537
f 1542 1341 1535
f 1538 1543 1537
f 1542 1537 1543
f 1542 1543 1544
f 1542 1544 1341
f 1538 1540 1543
f 1544 1543 1540
f 1336 1342 1541
f 1342 1545 1541
f 1342 1345 1545
f 1345 1546 1545
f 1345 1347 1546
f 1347 1547 1546
f 1347 1349 1547
f 1548 1549 1547
f 1548 1547 1349
f 1548 1550 1549
f 1548 1351 1550
f 1548 1349 1351
f 1551 1549 1550
f 1351 1551 1550
f 1544 1552 1341
f 1341 1552 1553
f 1354 1341 1553
f 1554 1552 1544
f 1553 1552 1554
f 1351 1555 1551
f 1351 1357 1555
f 1556 1551 1555
f 1357 1556 1555
f 1553 1358 1354
f 1557 1553 1554
f 1553 1557 1358
f 1357 1558 1556
f 1357 1362 1558
f 1559 1556 1558
f 1362 1559 1558
f 1560 1358 1561
f 1557 1561 1358
f 1560 1561 1358
f 1364 1358 1561
f 1562 1563 1362
f 1559 1362 1563
f 1562 1564 1563
f 1562 1362 1564
f 1366 1564 1362
f 1566 1364 1565
f 1561 1565 1364
f 1364 1566 1368
f 1564 1366 1567
f 1567 1366 1568
f 1366 1371 1568
f 1567 1569 1564
f 1568 1569 1567
f 1570 1368 1566
f 1368 1570 1374
f 1374 1570 1373
f 1568 1371 1376
f 1569 1568 1571
f 1376 1571 1568
f 1373 1572 1380
f 1380 1572 1379
f 1373 1570 1573
f 1572 1373 1573
f 1382 1575 1376
f 1574 1376 1575
f 1571 1376 1576
f 1574 1576 1376
f 1575 1576 1574
f 1379 1577 1387
f 1387 1577 1386
f 1379 1572 1578
f 1577 1379 1578
f 1575 1382 1579
f 1390 1580 1382
f 1579 1382 1580
f 1390 1389 1580
f 1576 1575 1580
f 1579 1580 1575
f 1386 1581 1392
f 1386 1577 1582
f 1581 1386 1582
f 1580 1389 1583
f 1394 1584 1389
f 1583 1389 1584
f 1392 1581 1585
f 1397 1392 1585
f 1581 1582 1586
f 1585 1581 1586
f 1394 1399 1587
f 1399 1400 1587
f 1583 1584 1588
f 1394 1588 1584
f 1394 1589 1588
f 1587 1589 1394
f 1585 1404 1397
f 1585 1586 1590
f 1585 1590 1404
f 1592 1593 1589
f 1592 1594 1593
f 1591 1594 1407
f 1592 1407 1594
f 1587 1400 1589
f 1592 1589 1400
f 1592 1400 1407
f 1595 1404 1590
f 1595 1410 1404
f 1595 1590 1596
f 1595 1596 1410
f 1414 1415 1597
f 1415 1412 1597
f 1598 1599 1594
f 1598 1597 1599
f 1598 1414 1597
f 1591 1407 1594
f 1598 1594 1407
f 1598 1407 1414
f 1600 1410 1596
f 1600 1417 1410
f 1600 1596 1601
f 1600 1601 1417
f 1418 1417 1601
f 1602 1420 1603
f 1423 1422 1602
f 1602 1422 1420
f 1604 1602 1605
f 1604 1423 1602
f 1424 1423 1604
f 1605 1607 1604
f 1606 1604 1607
f 1606 1424 1604
f 1606 1607 1411
f 1606 1411 1424
f 1411 1608 1609
f 1607 1608 1411
f 1411 1609 1412
f 1412 1609 1597
f 1425 1418 1601
f 1425 1601 1610
f 1427 1425 1610
f 1611 1427 1610
f 1611 1428 1427
f 1611 1612 1428
f 1430 1613 1420
f 1613 1603 1420
f 1614 1428 1612
f 1432 1428 1614
f 1615 1612 1616
f 1615 1614 1612
f 1615 1432 1614
f 1615 1616 1617
f 1615 1617 1618
f 1615 1618 1432
f 1619 1617 1616
f 1618 1617 1619
f 1430 1620 1613
f 1430 1621 1620
f 1430 1434 1621
f 1432 1618 1622
f 1436 1432 1622
f 1623 1618 1619
f 1623 1622 1618
f 1623 1619 1624
f 1623 1624 1622
f 1619 1625 1624
f 1439 1626 1434
f 1439 1438 1626
f 1621 1434 1626
f 1442 1441 1622
f 1436 1622 1441
f 1624 1627 1622
f 1622 1627 1628
f 1622 1628 1442
f 1629 1624 1625
f 1629 1627 1624
f 1628 1627 1629
f 1438 1444 1630
f 1630 1444 1443
f 1438 1631 1626
f 1438 1630 1631
f 1442 1628 1447
f 1632 1628 1629
f 1632 1447 1628
f 1632 1629 1633
f 1632 1633 1634
f 1632 1634 1447
f 1635 1633 1629
f 1634 1633 1635
f 1636 1637 1448
f 1637 1443 1449
f 1637 1449 1448
f 1630 1443 1638
f 1637 1638 1443
f 1447 1634 1452
f 1634 1635 1639
f 1634 1639 1453
f 1634 1453 1452
f 1640 1639 1635
f 1640 1453 1639
f 1641 1458 1457
f 1641 1642 1458
f 1460 1459 1642
f 1642 1459 1458
f 1460 1643 1644
f 1460 1642 1643
f 1636 1448 1644
f 1460 1644 1448
f 1644 1637 1636
f 1640 1463 1453
f 1463 1640 1645
f 1463 1645 1646
f 1465 1463 1646
f 1646 1645 1647
f 1646 1647 1465
f 1466 1465 1647
f 1466 1647 1648
f 1466 1648 1467
f 1649 1467 1648
f 1467 1649 1469
f 1475 1650 1476
f 1651 1476 1650
f 1476 1651 1652
f 1477 1478 1652
f 1476 1652 1478
f 1653 1652 1654
f 1653 1477 1652
f 1653 1654 1456
f 1653 1456 1477
f 1456 1655 1656
f 1654 1655 1456
f 1457 1456 1656
f 1657 1457 1656
f 1657 1641 1457
f 1657 1642 1641
f 1658 1648 1647
f 1658 1649 1648
f 1659 1649 1658
f 1659 1469 1649
f 1660 1469 1659
f 1660 1472 1469
f 1661 1472 1660
f 1661 1474 1472
f 1662 1474 1661
f 1662 1475 1474
f 1663 1650 1662
f 1475 1662 1650
f 1663 1651 1650
f 1651 1663 1652
f 1667 1668 1669
f 1667 1669 1665
f 1667 1665 1493
f 1667 1493 1479
f 1670 1671 1668
f 1670 1668 1667
f 1479 1670 1667
f 1670 1480 1671
f 1480 1670 1479
f 1480 1664 1671
f 1480 1482 1664
f 1480 1481 1482
f 1482 1672 1664
f 1482 1484 1672
f 1673 1674 1672
f 1673 1672 1484
f 1485 1673 1484
f 1674 1673 1675
f 1485 1675 1673
f 1675 1485 1486
f 1486 1676 1675
f 1680 1666 1678
f 1680 1678 1677
f 1680 1677 1489
f 1680 1491 1666
f 1680 1490 1491
f 1680 1489 1490
f 1491 1665 1666
f 1491 1493 1665
f 1486 1498 1676
f 1681 1676 1498
f 1497 1681 1498
f 1682 1683 1504
f 1682 1505 1679
f 1682 1506 1505
f 1682 1504 1506
f 1505 1677 1679
f 1505 1489 1677
f 1681 1497 1508
f 1508 1684 1681
f 1508 1685 1684
f 1508 1510 1685
f 1684 1685 1686
f 1510 1686 1685
f 1687 1683 1688
f 1687 1688 1689
f 1687 1689 1502
f 1513 1502 1689
f 1687 1504 1683
f 1687 1502 1504
f 1686 1510 1516
f 1516 1690 1686
f 1515 1690 1516
f 1691 1692 1519
f 1691 1519 1520
f 1520 1693 1691
f 1521 1693 1520
f 1512 1694 1525
f 1525 1694 1524
f 1695 1696 1512
f 1694 1512 1696
f 1695 1512 1696
f 1513 1696 1512
f 1696 1513 1689
f 1690 1515 1527
f 1697 1698 1690
f 1527 1697 1690
f 1697 1699 1698
f 1697 1528 1699
f 1697 1527 1528
f 1700 1698 1699
f 1528 1700 1699
f 1532 1701 1533
f 1701 1531 1533
f 1532 1692 1702
f 1532 1702 1701
f 1532 1519 1692
f 1693 1521 1703
f 1703 1521 1523
f 1523 1704 1703
f 1523 1524 1704
f 1704 1524 1705
f 1524 1694 1705
f 1694 1696 1706
f 1705 1694 1706
f 1528 1707 1700
f 1528 1534 1707
f 1708 1700 1707
f 1708 1707 1709
f 1534 1709 1707
f 1531 1710 1539
f 1710 1540 1539
f 1701 1711 1531
f 1531 1711 1710
f 1534 1712 1709
f 1708 1709 1712
f 1712 1534 1541
f 1713 1708 1712
f 1541 1713 1712
f 1714 1710 1715
f 1714 1715 1544
f 1714 1540 1710
f 1714 1544 1540
f 1541 1545 1713
f 1545 1716 1713
f 1545 1546 1716
f 1546 1717 1716
f 1546 1547 1717
f 1547 1718 1717
f 1547 1549 1718
f 1718 1549 1719
f 1551 1719 1549
f 1715 1720 1544
f 1544 1720 1554
f 1721 1722 1719
f 1551 1721 1719
f 1721 1723 1722
f 1721 1556 1723
f 1721 1551 1556
f 1724 1722 1723
f 1556 1724 1723
f 1720 1725 1554
f 1557 1554 1725
f 1726 1727 1556
f 1724 1556 1727
f 1726 1556 1727
f 1559 1727 1556
f 1725 1728 1557
f 1557 1728 1561
f 1727 1559 1563
f 1729 1727 1730
f 1563 1730 1727
f 1730 1563 1731
f 1564 1731 1563
f 1565 1561 1728
f 1565 1728 1732
f 1566 1565 1732
f 1730 1731 1733
f 1734 1733 1731
f 1734 1731 1564
f 1569 1733 1564
f 1734 1564 1733
f 1735 1736 1732
f 1735 1570 1736
f 1566 1736 1570
f 1566 1732 1736
f 1737 1733 1569
f 1571 1737 1569
f 1573 1735 1739
f 1573 1739 1738
f 1572 1573 1738
f 1735 1573 1570
f 1740 1737 1571
f 1576 1740 1571
f 1578 1738 1741
f 1578 1741 1742
f 1578 1742 1577
f 1738 1578 1572
f 1744 1743 1740
f 1744 1580 1743
f 1744 1740 1576
f 1744 1576 1580
f 1577 1745 1582
f 1745 1577 1742
f 1743 1580 1746
f 1580 1747 1746
f 1580 1583 1747
f 1745 1748 1582
f 1582 1748 1586
f 1749 1583 1588
f 1589 1749 1588
f 1749 1747 1583
f 1750 1586 1748
f 1586 1750 1590
f 1750 1748 1751
f 1590 1750 1751
f 1589 1593 1752
f 1593 1594 1752
f 1589 1753 1749
f 1589 1752 1753
f 1590 1751 1754
f 1755 1590 1754
f 1596 1590 1755
f 1594 1599 1756
f 1756 1599 1597
f 1594 1757 1752
f 1594 1756 1757
f 1596 1755 1758
f 1601 1596 1758
f 1602 1603 1759
f 1760 1602 1759
f 1760 1605 1602
f 1761 1762 1763
f 1761 1760 1762
f 1761 1605 1760
f 1761 1607 1605
f 1764 1763 1765
f 1764 1761 1763
f 1764 1607 1761
f 1764 1765 1609
f 1764 1609 1608
f 1764 1608 1607
f 1609 1765 1766
f 1609 1766 1597
f 1756 1597 1766
f 1601 1758 1767
f 1610 1601 1767
f 1768 1610 1767
f 1768 1611 1610
f 1769 1611 1768
f 1612 1611 1769
f 1770 1612 1769
f 1770 1616 1612
f 1771 1616 1770
f 1771 1772 1616
f 1772 1771 1773
f 1774 1775 1759
f 1774 1776 1775
f 1774 1613 1776
f 1774 1759 1603
f 1774 1603 1613
f 1619 1616 1772
f 1773 1777 1772
f 1778 1772 1777
f 1778 1619 1772
f 1778 1777 1779
f 1778 1779 1619
f 1779 1777 1780
f 1620 1782 1613
f 1781 1613 1782
f 1620 1621 1782
f 1776 1613 1782
f 1781 1782 1613
f 1619 1779 1625
f 1783 1779 1780
f 1625 1779 1783
f 1784 1626 1785
f 1784 1782 1621
f 1784 1621 1626
f 1625 1783 1786
f 1787 1625 1786
f 1629 1625 1787
f 1626 1631 1790
f 1788 1790 1631
f 1630 1789 1631
f 1788 1631 1789
f 1788 1785 1790
f 1626 1790 1785
f 1786 1791 1787
f 1787 1791 1629
f 1791 1635 1629
f 1792 1793 1794
f 1792 1637 1793
f 1630 1638 1792
f 1792 1638 1637
f 1788 1789 1794
f 1630 1794 1789
f 1630 1792 1794
f 1791 1795 1635
f 1635 1795 1796
f 1635 1796 1640
f 1644 1643 1798
f 1642 1797 1643
f 1798 1643 1797
f 1799 1798 1800
f 1799 1644 1798
f 1799 1800 1637
f 1799 1637 1644
f 1801 1793 1637
f 1800 1801 1637
f 1802 1640 1803
f 1796 1803 1640
f 1802 1645 1640
f 1804 1645 1802
f 1647 1645 1804
f 1654 1652 1805
f 1805 1806 1654
f 1656 1655 1806
f 1806 1655 1654
f 1807 1656 1806
f 1807 1657 1656
f 1657 1808 1809
f 1807 1808 1657
f 1657 1809 1642
f 1798 1797 1809
f 1642 1809 1797
f 1802 1810 1804
f 1804 1810 1647
f 1810 1811 1647
f 1647 1811 1812
f 1658 1647 1812
f 1811 1813 1812
f 1813 1658 1812
f 1659 1658 1813
f 1813 1814 1659
f 1660 1659 1814
f 1815 1660 1814
f 1661 1660 1815
f 1816 1817 1818
f 1816 1815 1817
f 1816 1661 1815
f 1816 1818 1662
f 1816 1662 1661
f 1662 1818 1819
f 1662 1819 1663
f 1663 1819 1820
f 1663 1820 1652
f 1652 1820 1805
f 1823 1824 1825
f 1823 1825 1821
f 1823 1821 1666
f 1823 1666 1665
f 1669 1826 1824
f 1669 1824 1823
f 1665 1669 1823
f 1669 1668 1826
f 1668 1827 1826
f 1668 1671 1827
f 1671 1828 1827
f 1671 1664 1828
f 1828 1664 1829
f 1829 1664 1672
f 1672 1830 1829
f 1672 1674 1830
f 1831 1832 1830
f 1831 1830 1674
f 1675 1831 1674
f 1832 1831 1833
f 1675 1833 1831
f 1833 1675 1676
f 1835 1822 1836
f 1835 1836 1834
f 1835 1834 1679
f 1835 1678 1822
f 1835 1677 1678
f 1835 1679 1677
f 1678 1821 1822
f 1678 1666 1821
f 1833 1676 1837
f 1681 1837 1676
f 1681 1838 1837
f 1838 1681 1684
f 1839 1840 1683
f 1839 1679 1834
f 1839 1682 1679
f 1839 1683 1682
f 1838 1684 1841
f 1684 1842 1841
f 1684 1686 1842
f 1843 1841 1842
f 1843 1842 1844
f 1686 1844 1842
f 1845 1683 1840
f 1845 1688 1683
f 1689 1688 1845
f 1686 1847 1844
f 1843 1844 1847
f 1686 1690 1847
f 1843 1847 1848
f 1690 1848 1847
f 1850 1849 1692
f 1850 1692 1691
f 1691 1851 1850
f 1693 1851 1691
f 1852 1851 1853
f 1693 1853 1851
f 1689 1845 1846
f 1689 1846 1854
f 1696 1689 1854
f 1848 1690 1698
f 1698 1855 1848
f 1855 1698 1700
f 1700 1856 1855
f 1702 1849 1858
f 1702 1858 1857
f 1701 1702 1857
f 1702 1692 1849
f 1693 1703 1853
f 1852 1853 1703
f 1703 1859 1852
f 1703 1860 1859
f 1704 1860 1703
f 1859 1860 1861
f 1704 1861 1860
f 1705 1861 1704
f 1706 1854 1862
f 1706 1862 1861
f 1705 1706 1861
f 1854 1706 1696
f 1856 1700 1863
f 1700 1864 1863
f 1700 1708 1864
f 1865 1863 1864
f 1708 1865 1864
f 1711 1857 1866
f 1711 1866 1867
f 1711 1867 1710
f 1857 1711 1701
f 1865 1708 1868
f 1713 1868 1708
f 1869 1710 1867
f 1869 1715 1710
f 1713 1870 1868
f 1713 1716 1870
f 1716 1871 1870
f 1716 1717 1871
f 1717 1872 1871
f 1717 1718 1872
f 1873 1874 1872
f 1873 1872 1718
f 1873 1719 1874
f 1719 1873 1718
f 1875 1874 1876
f 1719 1876 1874
f 1877 1878 1879
f 1869 1877 1715
f 1715 1877 1720
f 1877 1879 1720
f 1719 1722 1876
f 1875 1876 1722
f 1880 1875 1722
f 1724 1880 1722
f 1881 1879 1878
f 1881 1878 1882
f 1879 1881 1720
f 1720 1881 1725
f 1724 1883 1880
f 1724 1727 1883
f 1884 1880 1883
f 1884 1883 1885
f 1727 1885 1883
f 1882 1886 1881
f 1881 1886 1725
f 1725 1886 1728
f 1884 1885 1888
f 1727 1888 1885
f 1729 1888 1727
f 1729 1730 1888
f 1889 1886 1887
f 1889 1887 1890
f 1886 1889 1728
f 1889 1732 1728
f 1888 1730 1891
f 1891 1730 1733
f 1891 1892 1888
f 1733 1892 1891
f 1893 1889 1890
f 1893 1890 1894
f 1893 1732 1889
f 1893 1735 1732
f 1892 1733 1895
f 1737 1895 1733
f 1739 1893 1894
f 1739 1894 1896
f 1738 1739 1896
f 1893 1739 1735
f 1895 1737 1897
f 1740 1897 1737
f 1898 1896 1899
f 1898 1899 1742
f 1896 1898 1738
f 1738 1898 1741
f 1898 1742 1741
f 1743 1901 1740
f 1900 1740 1901
f 1897 1740 1901
f 1900 1901 1740
f 1742 1899 1902
f 1745 1742 1902
f 1903 1901 1743
f 1903 1743 1746
f 1747 1903 1746
f 1902 1904 1745
f 1745 1904 1748
f 1747 1906 1903
f 1747 1907 1906
f 1905 1907 1749
f 1747 1749 1907
f 1748 1904 1908
f 1751 1748 1908
f 1909 1752 1910
f 1905 1749 1907
f 1909 1907 1749
f 1909 1749 1753
f 1909 1753 1752
f 1754 1751 1908
f 1754 1908 1911
f 1755 1754 1911
f 1913 1756 1912
f 1913 1910 1752
f 1913 1752 1757
f 1913 1757 1756
f 1915 1755 1914
f 1911 1914 1755
f 1915 1914 1916
f 1915 1916 1755
f 1917 1755 1916
f 1758 1755 1917
f 1759 1918 1760
f 1762 1919 1920
f 1762 1918 1919
f 1762 1760 1918
f 1762 1920 1763
f 1763 1920 1921
f 1763 1921 1765
f 1765 1921 1922
f 1765 1922 1766
f 1766 1922 1912
f 1766 1912 1756
f 1916 1923 1917
f 1917 1923 1758
f 1923 1924 1758
f 1767 1758 1924
f 1924 1925 1767
f 1767 1925 1768
f 1768 1925 1926
f 1768 1926 1769
f 1927 1770 1769
f 1928 1770 1927
f 1928 1771 1770
f 1773 1771 1928
f 1759 1775 1929
f 1775 1776 1929
f 1759 1930 1918
f 1759 1929 1930
f 1931 1926 1925
f 1931 1769 1926
f 1931 1927 1769
f 1928 1932 1773
f 1933 1773 1932
f 1933 1777 1773
f 1933 1932 1777
f 1780 1777 1932
f 1934 1782 1935
f 1934 1929 1776
f 1934 1776 1782
f 1780 1932 1936
f 1780 1936 1783
f 1937 1782 1784
f 1785 1937 1784
f 1937 1935 1782
f 1938 1783 1939
f 1936 1939 1783
f 1783 1938 1786
f 1785 1941 1937
f 1785 1940 1941
f 1785 1788 1940
f 1938 1942 1786
f 1942 1791 1786
f 1794 1793 1943
f 1794 1944 1940
f 1794 1943 1944
f 1794 1940 1788
f 1795 1791 1942
f 1795 1942 1945
f 1795 1945 1946
f 1796 1795 1946
f 1798 1947 1800
f 1801 1948 1943
f 1801 1947 1948
f 1801 1800 1947
f 1801 1943 1793
f 1945 1949 1946
f 1946 1949 1796
f 1796 1949 1950
f 1951 1796 1950
f 1796 1951 1803
f 1802 1803 1951
f 1952 1806 1953
f 1952 1807 1806
f 1954 1807 1952
f 1954 1809 1808
f 1954 1808 1807
f 1809 1955 1956
f 1954 1955 1809
f 1809 1956 1798
f 1798 1956 1947
f 1951 1957 1802
f 1957 1810 1802
f 1958 1810 1957
f 1810 1958 1811
f 1811 1959 1813
f 1815 1814 1960
f 1961 1815 1960
f 1818 1817 1961
f 1961 1817 1815
f 1962 1818 1961
f 1962 1819 1818
f 1819 1963 1964
f 1962 1963 1819
f 1819 1964 1820
f 1820 1964 1965
f 1820 1965 1805
f 1805 1965 1953
f 1805 1953 1806
f 1957 1966 1958
f 1966 1811 1958
f 1967 1959 1966
f 1811 1966 1959
f 1967 1813 1959
f 1968 1813 1967
f 1813 1968 1814
f 1814 1968 1960
f 1971 1969 1826
f 1972 1971 1826
f 1972 1826 1827
f 1973 1972 1827
f 1973 1827 1828
f 1975 1976 1974
f 1975 1974 1973
f 1975 1973 1828
f 1975 1828 1829
f 1976 1975 1977
f 1977 1975 1829
f 1980 1970 1981
f 1980 1981 1979
f 1980 1979 1822
f 1980 1822 1821
f 1825 1969 1970
f 1825 1970 1980
f 1821 1825 1980
f 1825 1824 1969
f 1824 1826 1969
f 1977 1829 1830
f 1830 1978 1977
f 1830 1832 1978
f 1978 1832 1982
f 1833 1982 1832
f 1836 1979 1983
f 1834 1836 1983
f 1836 1822 1979
f 1982 1833 1984
f 1984 1833 1985
f 1833 1837 1985
f 1984 1985 1986
f 1837 1986 1985
f 1838 1986 1837
f 1987 1986 1988
f 1838 1988 1986
f 1989 1983 1990
f 1989 1990 1991
f 1989 1991 1840
f 1983 1989 1834
f 1834 1989 1839
f 1989 1840 1839
f 1987 1988 1992
f 1838 1841 1988
f 1992 1988 1841
f 1993 1992 1841
f 1843 1993 1841
f 1994 1995 1846
f 1994 1840 1991
f 1994 1845 1840
f 1994 1846 1845
f 1996 1997 1993
f 1996 1993 1843
f 1996 1848 1997
f 1848 1996 1843
f 1998 1997 1848
f 1849 2000 1999
f 1850 2000 1849
f 2002 2003 2001
f 2002 2001 2000
f 1850 2002 2000
f 1851 2002 1850
f 2003 2002 2004
f 1851 2004 2002
f 2004 1851 1852
f 1852 2005 2004
f 1846 1995 2006
f 1854 1846 2006
f 1998 1848 2007
f 2007 1848 2008
f 1848 1855 2008
f 2007 2008 2009
f 1855 2009 2008
f 1856 2009 1855
f 1858 1999 2011
f 1858 2011 2010
f 1857 1858 2010
f 1999 1858 1849
f 2005 1852 2012
f 1852 1859 2012
f 2013 2014 2012
f 2013 2012 1859
f 2013 2015 2014
f 2013 1861 2015
f 1861 2013 1859
f 1862 2006 2014
f 1862 2014 2015
f 1861 1862 2015
f 2006 1862 1854
f 2009 1856 1863
f 1863 2016 2009
f 2016 1863 2017
f 1865 2017 1863
f 1866 2010 2018
f 1866 2018 2019
f 1866 2019 1867
f 2010 1866 1857
f 1865 2020 2017
f 2016 2017 2020
f 1865 1868 2020
f 2021 2016 2020
f 2021 2020 1868
f 2022 1867 2019
f 2022 1869 1867
f 2021 1868 2024
f 1868 1870 2024
f 1870 2025 2024
f 1871 2025 1870
f 2026 2027 2025
f 1871 2026 2025
f 2026 1872 2027
f 2026 1871 1872
f 2027 1872 2028
f 1874 2028 1872
f 1874 2029 2028
f 1875 2029 1874
f 2030 2022 2023
f 2030 2023 2031
f 2030 2031 1878
f 2022 2030 1869
f 1869 2030 1877
f 2030 1878 1877
f 2029 1875 2032
f 1880 2032 1875
f 1878 2031 2033
f 1878 2033 1882
f 1880 2035 2032
f 1884 2035 1880
f 2038 2033 2034
f 2038 2034 2036
f 2038 2036 2039
f 2038 2039 1887
f 2038 1882 2033
f 1882 2038 1887
f 1882 1887 1886
f 1884 2041 2035
f 2040 2035 2041
f 1884 1888 2041
f 2042 2040 2041
f 2042 2041 1888
f 2043 2037 2044
f 2043 2044 2045
f 2046 2036 2037
f 2046 2037 2043
f 2046 2039 2036
f 2039 2046 2047
f 2039 1890 1887
f 2039 2047 1890
f 1888 2048 2042
f 1888 1892 2048
f 2050 2043 2045
f 2050 2045 2049
f 2043 2051 2046
f 2050 2051 2043
f 2051 2047 2046
f 2051 2052 2047
f 2047 1894 1890
f 2047 2052 1894
f 2048 1892 2053
f 1892 2054 2053
f 1892 1895 2054
f 2049 2056 2050
f 2055 2056 2049
f 2050 2057 2051
f 2056 2057 2050
f 2057 2052 2051
f 2057 1896 2052
f 2052 1896 1894
f 2054 1895 2058
f 1895 1897 2058
f 2055 2059 2056
f 2059 2055 2060
f 2056 2061 2057
f 2059 2061 2056
f 2061 1896 2057
f 2061 1899 1896
f 2058 1897 2062
f 1897 2063 2062
f 1897 1901 2063
f 2060 2064 2059
f 2059 2065 2061
f 2065 2059 2064
f 2065 1899 2061
f 2065 1902 1899
f 1901 1903 2066
f 1901 2066 2063
f 2067 2065 2064
f 2067 2064 2068
f 2065 2067 1902
f 1902 2067 1904
f 2069 1907 2070
f 2069 2066 1903
f 2069 1903 1906
f 2069 1906 1907
f 2068 2071 2067
f 2072 1904 2071
f 2067 2071 1904
f 2072 2071 1904
f 1908 1904 2071
f 2073 1910 2074
f 2073 2070 1907
f 2073 1907 1909
f 2073 1909 1910
f 1908 2071 2075
f 1908 2075 2076
f 1911 1908 2076
f 2077 1921 1920
f 1921 2077 2079
f 2078 2079 2077
f 2080 1912 2078
f 2081 1912 2080
f 2081 2074 1910
f 2081 1910 1913
f 2081 1913 1912
f 2075 2082 2076
f 2076 2082 1911
f 2082 1914 1911
f 1916 1914 2082
f 2084 2083 1920
f 2084 2085 2083
f 2084 1918 2085
f 2084 1920 1919
f 2084 1919 1918
f 2078 1922 2079
f 1921 2079 1922
f 1922 2078 1912
f 2082 2086 1916
f 1923 1916 2086
f 1923 2086 2087
f 1923 2087 1924
f 2088 1924 2087
f 1925 1924 2088
f 2089 1928 1927
f 2090 1918 1930
f 1929 2090 1930
f 2090 2085 1918
f 2091 2088 2087
f 2088 2091 1925
f 1925 2091 2092
f 1925 2092 1931
f 1931 2092 2093
f 1931 2093 1927
f 2094 1927 2093
f 2094 2089 1927
f 2089 2095 1928
f 2095 2089 2096
f 2094 2096 2089
f 2095 2096 1928
f 1932 1928 2096
f 1929 1934 2097
f 1934 1935 2097
f 1929 2098 2090
f 1929 2097 2098
f 1932 2096 2099
f 1932 2099 1936
f 1935 2101 2097
f 1935 2100 2101
f 1935 1937 2100
f 1939 1936 2099
f 1939 2099 2102
f 1939 2102 2103
f 1938 1939 2103
f 1941 2105 2100
f 1941 2106 2105
f 2104 2106 1940
f 1941 1940 2106
f 1941 2100 1937
f 2102 2107 2103
f 2103 2107 1938
f 1942 1938 2107
f 2108 1943 2109
f 2104 1940 2106
f 2108 2106 1940
f 2108 1940 1944
f 2108 1944 1943
f 1942 2107 2110
f 1942 2110 1945
f 2112 1947 2111
f 2112 2109 1943
f 2112 1943 1948
f 2112 1948 1947
f 2110 2113 1945
f 1949 1945 2113
f 1949 2113 1950
f 2114 1953 2115
f 2114 1952 1953
f 2116 1952 2114
f 2116 1954 1952
f 1955 2117 2118
f 1955 2116 2117
f 1955 1954 2116
f 1955 2118 1956
f 1956 2118 2111
f 1956 2111 1947
f 2119 1950 2113
f 2120 1950 2119
f 2120 1951 1950
f 2120 2119 1951
f 2121 1951 2119
f 1951 2121 1957
f 2122 1962 1961
f 2123 1962 2122
f 1964 1963 2123
f 2123 1963 1962
f 1964 2124 2125
f 1964 2123 2124
f 1964 2125 1965
f 1965 2125 2115
f 1965 2115 1953
f 2119 2126 2121
f 2126 1957 2121
f 2126 2127 1957
f 2128 1957 2127
f 2128 1966 1957
f 2127 2129 2128
f 2128 2129 1967
f 2128 1967 1966
f 1967 2130 2131
f 2129 2130 1967
f 1967 2131 1968
f 1968 2131 2132
f 1968 2132 1960
f 1960 2132 2133
f 1961 1960 2133
f 2133 2122 1961
f 2134 2135 1970
f 2134 1970 1969
f 1969 2136 2134
f 2136 2138 2137
f 2136 1971 2138
f 1971 2136 1969
f 2139 2140 2137
f 2139 2137 2138
f 1971 2139 2138
f 1972 2139 1971
f 2141 2142 2140
f 2141 2140 2139
f 1972 2141 2139
f 2141 1974 2142
f 2141 1973 1974
f 1973 2141 1972
f 1974 2143 2142
f 1974 1976 2143
f 2144 2145 2143
f 2144 2143 1976
f 2144 1977 2145
f 1977 2144 1976
f 1977 2146 2145
f 2146 1977 1978
f 1981 2135 2148
f 1981 2148 2147
f 1979 1981 2147
f 1981 1970 2135
f 2146 1978 2150
f 1978 2151 2150
f 1978 1982 2151
f 2150 2151 2152
f 1982 2152 2151
f 1979 2147 2149
f 1979 2149 2153
f 1983 1979 2153
f 2152 1982 1984
f 2154 2155 2152
f 1984 2154 2152
f 2154 1986 2155
f 1986 2154 1984
f 2156 2155 1987
f 1986 1987 2155
f 1990 2153 2157
f 1990 2157 1991
f 2153 1990 1983
f 2156 1987 2158
f 2158 1987 1992
f 2158 1992 2159
f 1993 2159 1992
f 2160 2161 1995
f 2160 1991 2157
f 2160 1994 1991
f 2160 1995 1994
f 1993 2162 2159
f 1997 2162 1993
f 1997 2163 2162
f 1998 2163 1997
f 2165 2166 2167
f 2165 2167 2164
f 1999 2165 2164
f 2165 2001 2166
f 2165 2000 2001
f 2000 2165 1999
f 2001 2168 2166
f 2001 2003 2168
f 2169 2170 2168
f 2169 2168 2003
f 2169 2171 2170
f 2169 2004 2171
f 2004 2169 2003
f 2172 2170 2171
f 2004 2172 2171
f 2005 2172 2004
f 1995 2161 2173
f 2006 1995 2173
f 1998 2007 2163
f 2163 2007 2175
f 2175 2009 2176
f 2009 2175 2007
f 2011 2164 2177
f 2010 2011 2177
f 2164 2011 1999
f 2005 2012 2172
f 2012 2174 2172
f 2012 2014 2174
f 2014 2173 2174
f 2173 2014 2006
f 2176 2009 2178
f 2178 2009 2016
f 2018 2177 2179
f 2018 2179 2019
f 2177 2018 2010
f 2181 2178 2016
f 2181 2016 2182
f 2021 2182 2016
f 2185 2179 2180
f 2185 2180 2184
f 2185 2184 2023
f 2185 2019 2179
f 2185 2022 2019
f 2185 2023 2022
f 2021 2187 2182
f 2186 2182 2187
f 2021 2024 2187
f 2188 2186 2187
f 2188 2187 2189
f 2024 2189 2187
f 2189 2024 2025
f 2190 2025 2191
f 2027 2191 2025
f 2192 2191 2027
f 2028 2192 2027
f 2193 2192 2028
f 2029 2193 2028
f 2196 2183 2194
f 2183 2197 2184
f 2196 2197 2183
f 2197 2031 2184
f 2197 2196 2031
f 2023 2184 2031
f 2188 2189 2198
f 2189 2025 2198
f 2190 2191 2025
f 2198 2025 2191
f 2193 2199 2192
f 2199 2193 2029
f 2199 2029 2200
f 2032 2200 2029
f 2203 2194 2195
f 2203 2195 2201
f 2194 2205 2196
f 2203 2205 2194
f 2205 2203 2204
f 2205 2206 2196
f 2205 2034 2206
f 2205 2204 2034
f 2196 2206 2034
f 2196 2033 2031
f 2196 2034 2033
f 2032 2207 2200
f 2035 2207 2032
f 2210 2201 2202
f 2210 2202 2208
f 2210 2208 2211
f 2210 2212 2201
f 2210 2213 2212
f 2210 2211 2213
f 2201 2212 2203
f 2212 2204 2203
f 2212 2037 2204
f 2212 2213 2037
f 2204 2036 2034
f 2204 2037 2036
f 2035 2040 2207
f 2214 2207 2040
f 2214 2040 2042
f 2216 2208 2209
f 2216 2209 2215
f 2216 2211 2208
f 2211 2216 2217
f 2211 2045 2213
f 2211 2217 2045
f 2213 2044 2037
f 2213 2045 2044
f 2042 2218 2214
f 2042 2048 2218
f 2215 2220 2216
f 2219 2220 2215
f 2220 2217 2216
f 2220 2221 2217
f 2217 2049 2045
f 2217 2221 2049
f 2218 2048 2222
f 2222 2048 2053
f 2054 2222 2053
f 2219 2224 2220
f 2223 2224 2219
f 2224 2221 2220
f 2224 2225 2221
f 2049 2221 2055
f 2221 2225 2055
f 2226 2222 2054
f 2226 2054 2058
f 2223 2228 2224
f 2227 2228 2223
f 2228 2225 2224
f 2228 2229 2225
f 2225 2060 2055
f 2225 2229 2060
f 2062 2230 2226
f 2062 2231 2230
f 2062 2063 2231
f 2062 2226 2058
f 2227 2232 2228
f 2232 2227 2233
f 2229 2228 2232
f 2229 2232 2234
f 2229 2235 2060
f 2229 2234 2235
f 2060 2235 2064
f 2063 2236 2231
f 2063 2066 2236
f 2233 2237 2232
f 2232 2238 2234
f 2238 2232 2237
f 2238 2235 2234
f 2238 2239 2235
f 2235 2068 2064
f 2235 2239 2068
f 2240 2070 2241
f 2240 2236 2066
f 2240 2066 2069
f 2240 2069 2070
f 2242 2238 2237
f 2242 2237 2243
f 2239 2238 2242
f 2242 2244 2239
f 2244 2068 2239
f 2244 2245 2068
f 2068 2245 2071
f 2247 2248 2241
f 2247 2246 2248
f 2247 2074 2246
f 2247 2241 2070
f 2247 2070 2073
f 2247 2073 2074
f 2249 2244 2250
f 2242 2250 2244
f 2249 2245 2244
f 2249 2251 2245
f 2251 2071 2245
f 2251 2075 2071
f 2252 2253 2254
f 2252 2255 2253
f 2252 1920 2255
f 2252 2254 2256
f 2252 2256 2077
f 2252 2077 1920
f 2256 2254 2257
f 2256 2257 2258
f 2256 2258 2078
f 2256 2078 2077
f 2258 2257 2259
f 2258 2259 2260
f 2258 2260 2080
f 2258 2080 2078
f 2260 2259 2246
f 2260 2246 2074
f 2260 2074 2081
f 2260 2081 2080
f 2251 2261 2075
f 2082 2075 2261
f 2262 2255 1920
f 2262 1920 2083
f 2085 2262 2083
f 2263 2082 2264
f 2261 2264 2082
f 2263 2086 2082
f 2265 2086 2263
f 2087 2086 2265
f 2085 2267 2262
f 2085 2268 2267
f 2266 2268 2090
f 2085 2090 2268
f 2263 2269 2265
f 2265 2269 2087
f 2087 2269 2270
f 2087 2270 2091
f 2270 2271 2091
f 2091 2271 2092
f 2271 2272 2092
f 2092 2272 2093
f 2272 2273 2093
f 2093 2273 2094
f 2094 2273 2274
f 2275 2094 2274
f 2096 2094 2275
f 2276 2097 2277
f 2266 2090 2268
f 2276 2268 2090
f 2276 2090 2098
f 2276 2098 2097
f 2274 2278 2275
f 2275 2278 2096
f 2096 2278 2099
f 2279 2277 2097
f 2279 2097 2101
f 2279 2101 2100
f 2099 2278 2280
f 2099 2280 2102
f 2281 2106 2283
f 2281 2282 2100
f 2281 2100 2105
f 2281 2105 2106
f 2279 2100 2282
f 2284 2102 2280
f 2102 2284 2107
f 2285 2109 2286
f 2285 2283 2106
f 2285 2106 2108
f 2285 2108 2109
f 2284 2287 2107
f 2107 2287 2110
f 2289 2111 2288
f 2289 2286 2109
f 2289 2109 2112
f 2289 2112 2111
f 2287 2290 2110
f 2290 2287 2291
f 2290 2291 2292
f 2110 2290 2113
f 2290 2292 2113
f 2114 2115 2293
f 2294 2114 2293
f 2294 2116 2114
f 2117 2295 2296
f 2117 2294 2295
f 2117 2116 2294
f 2117 2296 2118
f 2118 2296 2288
f 2118 2288 2111
f 2291 2297 2292
f 2292 2297 2113
f 2113 2297 2298
f 2119 2113 2298
f 2299 2123 2122
f 2300 2123 2299
f 2300 2301 2125
f 2300 2125 2124
f 2300 2124 2123
f 2125 2301 2302
f 2125 2302 2115
f 2115 2302 2293
f 2303 2119 2304
f 2298 2304 2119
f 2303 2126 2119
f 2305 2126 2303
f 2305 2127 2126
f 2306 2127 2305
f 2127 2306 2129
f 2307 2129 2306
f 2131 2130 2307
f 2307 2130 2129
f 2308 2307 2309
f 2308 2131 2307
f 2308 2309 2132
f 2308 2132 2131
f 2132 2310 2311
f 2309 2310 2132
f 2132 2311 2133
f 2133 2311 2312
f 2133 2312 2122
f 2299 2122 2312
f 2313 2314 2135
f 2313 2135 2134
f 2134 2315 2313
f 2315 2137 2316
f 2315 2136 2137
f 2136 2315 2134
f 2137 2317 2316
f 2137 2140 2317
f 2140 2318 2317
f 2140 2142 2318
f 2142 2319 2318
f 2142 2143 2319
f 2319 2143 2320
f 2145 2320 2143
f 2145 2321 2320
f 2146 2321 2145
f 2146 2322 2321
f 2324 2325 2326
f 2324 2326 2323
f 2324 2323 2149
f 2324 2148 2325
f 2324 2147 2148
f 2324 2149 2147
f 2148 2314 2325
f 2148 2135 2314
f 2321 2322 2327
f 2146 2150 2322
f 2327 2322 2150
f 2328 2327 2150
f 2152 2328 2150
f 2329 2328 2152
f 2330 2323 2331
f 2330 2331 2332
f 2330 2149 2323
f 2330 2153 2149
f 2329 2152 2333
f 2333 2152 2334
f 2152 2155 2334
f 2335 2333 2334
f 2155 2335 2334
f 2156 2335 2155
f 2153 2330 2332
f 2153 2332 2336
f 2153 2336 2157
f 2156 2158 2335
f 2337 2335 2158
f 2337 2158 2159
f 2338 2336 2339
f 2338 2339 2161
f 2338 2157 2336
f 2338 2160 2157
f 2338 2161 2160
f 2337 2159 2340
f 2159 2162 2340
f 2162 2341 2340
f 2163 2341 2162
f 2167 2345 2343
f 2167 2343 2342
f 2164 2167 2342
f 2167 2166 2345
f 2166 2346 2345
f 2166 2168 2346
f 2168 2347 2346
f 2168 2170 2347
f 2347 2170 2348
f 2348 2170 2172
f 2172 2349 2348
f 2350 2349 2174
f 2350 2161 2339
f 2350 2173 2161
f 2350 2174 2173
f 2351 2352 2353
f 2351 2353 2163
f 2341 2163 2353
f 2351 2175 2352
f 2176 2352 2175
f 2175 2351 2163
f 2356 2344 2357
f 2356 2357 2355
f 2356 2177 2344
f 2164 2342 2344
f 2164 2344 2177
f 2172 2174 2349
f 2352 2176 2358
f 2358 2176 2359
f 2176 2178 2359
f 2358 2359 2178
f 2362 2363 2360
f 2365 2354 2363
f 2365 2363 2362
f 2365 2362 2364
f 2365 2366 2354
f 2365 2180 2366
f 2365 2364 2180
f 2354 2366 2355
f 2366 2179 2355
f 2366 2180 2179
f 2355 2177 2356
f 2179 2177 2355
f 2358 2178 2367
f 2368 2367 2178
f 2368 2178 2181
f 2182 2367 2181
f 2368 2181 2367
f 2369 2361 2370
f 2369 2370 2371
f 2372 2360 2361
f 2372 2361 2369
f 2372 2373 2360
f 2372 2194 2373
f 2372 2369 2194
f 2360 2373 2362
f 2373 2364 2362
f 2373 2183 2364
f 2373 2194 2183
f 2364 2184 2180
f 2184 2364 2183
f 2182 2186 2367
f 2374 2367 2186
f 2374 2186 2188
f 2375 2371 2376
f 2375 2376 2377
f 2378 2369 2371
f 2378 2371 2375
f 2378 2379 2369
f 2378 2195 2379
f 2378 2375 2195
f 2369 2379 2195
f 2369 2195 2194
f 2374 2188 2380
f 2188 2198 2380
f 2198 2381 2380
f 2191 2381 2198
f 2382 2383 2381
f 2191 2382 2381
f 2382 2384 2383
f 2382 2191 2384
f 2192 2384 2191
f 2385 2386 2384
f 2383 2384 2386
f 2192 2385 2384
f 2385 2192 2386
f 2199 2386 2192
f 2199 2387 2386
f 2387 2199 2200
f 2390 2375 2377
f 2390 2377 2388
f 2390 2391 2375
f 2390 2202 2391
f 2390 2388 2202
f 2375 2391 2202
f 2375 2201 2195
f 2375 2202 2201
f 2386 2387 2392
f 2387 2200 2392
f 2392 2200 2393
f 2200 2394 2393
f 2207 2394 2200
f 2396 2388 2389
f 2396 2389 2395
f 2396 2395 2397
f 2396 2397 2209
f 2388 2396 2209
f 2388 2208 2202
f 2388 2209 2208
f 2393 2394 2398
f 2207 2399 2394
f 2398 2394 2399
f 2398 2399 2214
f 2207 2214 2399
f 2400 2397 2395
f 2397 2215 2209
f 2397 2400 2215
f 2214 2401 2398
f 2214 2218 2401
f 2215 2400 2219
f 2400 2402 2219
f 2403 2401 2218
f 2403 2404 2401
f 2403 2218 2222
f 2402 2405 2223
f 2219 2402 2223
f 2407 2404 2403
f 2407 2408 2404
f 2407 2403 2222
f 2407 2222 2226
f 2406 2409 2405
f 2409 2223 2405
f 2223 2409 2410
f 2223 2410 2227
f 2230 2408 2407
f 2230 2411 2408
f 2230 2231 2411
f 2230 2407 2226
f 2412 2410 2409
f 2410 2412 2413
f 2410 2233 2227
f 2410 2413 2233
f 2231 2414 2411
f 2231 2236 2414
f 2412 2415 2413
f 2415 2412 2416
f 2415 2233 2413
f 2415 2417 2233
f 2233 2417 2237
f 2420 2419 2414
f 2420 2418 2419
f 2420 2241 2418
f 2420 2414 2236
f 2420 2236 2240
f 2420 2240 2241
f 2416 2421 2415
f 2417 2415 2421
f 2417 2421 2422
f 2417 2243 2237
f 2417 2422 2243
f 2424 2425 2426
f 2424 2423 2425
f 2424 2254 2423
f 2424 2257 2254
f 2427 2426 2428
f 2427 2424 2426
f 2427 2257 2424
f 2427 2259 2257
f 2429 2428 2430
f 2429 2427 2428
f 2429 2259 2427
f 2429 2246 2259
f 2248 2430 2418
f 2248 2429 2430
f 2248 2246 2429
f 2248 2418 2241
f 2421 2431 2422
f 2431 2243 2422
f 2243 2431 2432
f 2242 2243 2433
f 2243 2432 2433
f 2242 2433 2250
f 2249 2250 2433
f 2434 2255 2435
f 2434 2423 2254
f 2434 2254 2253
f 2434 2253 2255
f 2431 2436 2432
f 2436 2433 2432
f 2436 2437 2433
f 2437 2249 2433
f 2438 2249 2437
f 2438 2437 2439
f 2249 2438 2251
f 2438 2439 2251
f 2251 2439 2440
f 2261 2251 2440
f 2255 2262 2441
f 2255 2441 2435
f 2442 2440 2439
f 2440 2442 2261
f 2261 2442 2443
f 2263 2264 2444
f 2261 2443 2264
f 2444 2264 2443
f 2445 2268 2446
f 2445 2441 2262
f 2445 2262 2267
f 2445 2267 2268
f 2447 2263 2443
f 2444 2443 2263
f 2447 2269 2263
f 2447 2448 2269
f 2270 2269 2448
f 2270 2448 2449
f 2270 2449 2271
f 2450 2271 2449
f 2450 2272 2271
f 2451 2272 2450
f 2272 2451 2273
f 2273 2451 2274
f 2452 2453 2268
f 2452 2268 2276
f 2277 2452 2276
f 2453 2446 2268
f 2451 2454 2274
f 2454 2451 2455
f 2274 2454 2278
f 2454 2455 2278
f 2277 2279 2456
f 2277 2456 2452
f 2458 2278 2457
f 2455 2457 2278
f 2458 2457 2278
f 2280 2278 2457
f 2459 2283 2461
f 2459 2460 2282
f 2459 2282 2281
f 2459 2281 2283
f 2282 2460 2456
f 2282 2456 2279
f 2280 2457 2462
f 2280 2462 2463
f 2284 2280 2463
f 2464 2286 2465
f 2464 2461 2283
f 2464 2283 2285
f 2464 2285 2286
f 2466 2463 2462
f 2463 2466 2284
f 2284 2466 2287
f 2468 2288 2467
f 2468 2465 2286
f 2468 2286 2289
f 2468 2289 2288
f 2466 2469 2287
f 2287 2469 2470
f 2291 2287 2470
f 2471 2294 2293
f 2472 2294 2471
f 2472 2473 2296
f 2472 2296 2295
f 2472 2295 2294
f 2296 2473 2467
f 2296 2467 2288
f 2470 2474 2291
f 2475 2291 2474
f 2475 2297 2291
f 2475 2474 2297
f 2476 2297 2474
f 2298 2297 2476
f 2477 2299 2478
f 2301 2300 2477
f 2477 2300 2299
f 2479 2480 2481
f 2479 2477 2480
f 2479 2301 2477
f 2479 2481 2302
f 2479 2302 2301
f 2302 2481 2482
f 2302 2482 2293
f 2471 2293 2482
f 2474 2483 2476
f 2484 2298 2483
f 2476 2483 2298
f 2484 2483 2485
f 2484 2485 2298
f 2303 2304 2485
f 2298 2485 2304
f 2303 2485 2486
f 2303 2486 2305
f 2487 2307 2306
f 2488 2307 2487
f 2488 2309 2307
f 2489 2309 2488
f 2489 2490 2311
f 2489 2311 2310
f 2489 2310 2309
f 2311 2490 2491
f 2311 2491 2312
f 2312 2491 2478
f 2312 2478 2299
f 2492 2486 2485
f 2492 2305 2486
f 2493 2305 2492
f 2306 2305 2493
f 2487 2306 2493
f 2496 2495 2314
f 2496 2314 2313
f 2498 2499 2497
f 2498 2497 2496
f 2313 2498 2496
f 2498 2316 2499
f 2498 2315 2316
f 2315 2498 2313
f 2316 2500 2499
f 2316 2317 2500
f 2317 2501 2500
f 2317 2318 2501
f 2318 2502 2501
f 2318 2319 2502
f 2503 2504 2502
f 2503 2502 2319
f 2320 2503 2319
f 2504 2503 2505
f 2320 2505 2503
f 2321 2505 2320
f 2321 2506 2505
f 2326 2494 2508
f 2326 2508 2507
f 2323 2326 2507
f 2326 2325 2494
f 2494 2325 2495
f 2325 2314 2495
f 2321 2327 2506
f 2327 2510 2506
f 2327 2511 2510
f 2328 2511 2327
f 2512 2510 2511
f 2328 2512 2511
f 2329 2512 2328
f 2331 2507 2509
f 2331 2509 2513
f 2331 2513 2332
f 2507 2331 2323
f 2329 2333 2512
f 2514 2515 2512
f 2514 2512 2333
f 2514 2335 2515
f 2514 2333 2335
f 2516 2513 2517
f 2516 2517 2518
f 2516 2332 2513
f 2516 2336 2332
f 2515 2335 2519
f 2335 2337 2519
f 2336 2516 2518
f 2336 2518 2520
f 2336 2520 2339
f 2519 2337 2521
f 2337 2522 2521
f 2340 2522 2337
f 2523 2521 2522
f 2340 2523 2522
f 2341 2523 2340
f 2526 2527 2524
f 2526 2524 2344
f 2526 2343 2527
f 2526 2342 2343
f 2526 2344 2342
f 2343 2528 2527
f 2343 2345 2528
f 2345 2529 2528
f 2345 2346 2529
f 2346 2530 2529
f 2346 2347 2530
f 2347 2531 2530
f 2347 2348 2531
f 2348 2532 2531
f 2532 2348 2349
f 2533 2520 2534
f 2533 2534 2532
f 2533 2532 2349
f 2533 2339 2520
f 2533 2350 2339
f 2533 2349 2350
f 2353 2535 2536
f 2353 2536 2341
f 2523 2341 2536
f 2353 2537 2535
f 2352 2537 2353
f 2535 2537 2352
f 2541 2542 2540
f 2541 2540 2539
f 2541 2539 2363
f 2543 2544 2542
f 2543 2542 2541
f 2543 2541 2363
f 2543 2545 2544
f 2543 2354 2545
f 2543 2363 2354
f 2545 2525 2544
f 2545 2357 2525
f 2545 2355 2357
f 2355 2545 2354
f 2357 2524 2525
f 2357 2344 2524
f 2535 2352 2546
f 2546 2352 2547
f 2352 2358 2547
f 2546 2547 2358
f 2551 2538 2549
f 2551 2549 2548
f 2551 2552 2538
f 2551 2361 2552
f 2551 2548 2361
f 2538 2552 2539
f 2552 2553 2539
f 2552 2360 2553
f 2552 2361 2360
f 2553 2360 2539
f 2360 2363 2539
f 2546 2358 2554
f 2554 2358 2367
f 2557 2548 2550
f 2557 2550 2555
f 2557 2558 2548
f 2557 2371 2558
f 2557 2555 2371
f 2548 2558 2371
f 2548 2370 2361
f 2548 2371 2370
f 2559 2554 2367
f 2559 2367 2374
f 2561 2555 2556
f 2561 2556 2560
f 2561 2560 2562
f 2561 2562 2377
f 2555 2561 2377
f 2555 2376 2371
f 2555 2377 2376
f 2559 2374 2563
f 2374 2380 2563
f 2564 2560 2565
f 2564 2562 2560
f 2562 2564 2389
f 2562 2388 2377
f 2562 2389 2388
f 2563 2380 2566
f 2567 2566 2380
f 2381 2568 2380
f 2567 2380 2568
f 2381 2569 2568
f 2567 2568 2569
f 2381 2383 2569
f 2569 2383 2570
f 2383 2386 2570
f 2571 2570 2386
f 2571 2572 2570
f 2392 2572 2386
f 2571 2386 2572
f 2393 2572 2392
f 2574 2564 2565
f 2574 2565 2573
f 2574 2573 2575
f 2574 2389 2564
f 2574 2395 2389
f 2574 2575 2395
f 2576 2572 2393
f 2576 2577 2572
f 2576 2578 2577
f 2576 2393 2398
f 2576 2398 2578
f 2579 2575 2573
f 2575 2579 2400
f 2395 2575 2400
f 2577 2578 2580
f 2398 2580 2578
f 2398 2401 2580
f 2581 2400 2579
f 2400 2581 2402
f 2401 2583 2580
f 2401 2404 2583
f 2582 2584 2581
f 2581 2584 2406
f 2402 2581 2405
f 2581 2406 2405
f 2404 2585 2583
f 2404 2408 2585
f 2586 2406 2584
f 2406 2586 2587
f 2406 2587 2409
f 2408 2588 2585
f 2408 2411 2588
f 2589 2587 2586
f 2587 2589 2590
f 2409 2587 2412
f 2587 2590 2412
f 2592 2591 2588
f 2592 2588 2411
f 2592 2411 2414
f 2589 2593 2590
f 2593 2589 2594
f 2590 2593 2412
f 2593 2416 2412
f 2598 2596 2599
f 2598 2595 2596
f 2598 2426 2595
f 2598 2428 2426
f 2600 2599 2601
f 2600 2598 2599
f 2600 2428 2598
f 2600 2430 2428
f 2602 2601 2591
f 2602 2600 2601
f 2602 2430 2600
f 2602 2418 2430
f 2419 2591 2592
f 2419 2602 2591
f 2419 2418 2602
f 2419 2592 2414
f 2594 2603 2593
f 2603 2416 2593
f 2416 2603 2604
f 2416 2604 2421
f 2425 2597 2595
f 2425 2605 2597
f 2425 2423 2605
f 2425 2595 2426
f 2603 2606 2604
f 2421 2604 2606
f 2421 2606 2607
f 2421 2607 2431
f 2608 2605 2423
f 2608 2423 2434
f 2608 2434 2435
f 2609 2607 2610
f 2606 2610 2607
f 2609 2431 2607
f 2431 2609 2611
f 2436 2431 2612
f 2431 2611 2612
f 2436 2612 2437
f 2608 2435 2613
f 2435 2614 2613
f 2435 2441 2614
f 2609 2615 2611
f 2615 2612 2611
f 2616 2612 2615
f 2616 2615 2617
f 2616 2437 2612
f 2616 2617 2437
f 2617 2618 2437
f 2439 2437 2618
f 2439 2618 2619
f 2442 2439 2620
f 2620 2439 2619
f 2443 2442 2620
f 2621 2614 2441
f 2621 2441 2445
f 2446 2621 2445
f 2622 2618 2617
f 2623 2619 2622
f 2618 2622 2619
f 2623 2620 2619
f 2623 2624 2620
f 2620 2624 2443
f 2443 2624 2625
f 2447 2443 2625
f 2447 2625 2626
f 2448 2447 2626
f 2453 2452 2627
f 2446 2627 2621
f 2446 2453 2627
f 2628 2626 2625
f 2626 2628 2448
f 2448 2628 2629
f 2448 2629 2449
f 2449 2629 2630
f 2450 2449 2630
f 2631 2450 2632
f 2630 2632 2450
f 2633 2450 2631
f 2633 2451 2450
f 2633 2631 2451
f 2634 2451 2631
f 2455 2451 2634
f 2452 2636 2627
f 2452 2635 2636
f 2452 2456 2635
f 2631 2637 2634
f 2634 2637 2455
f 2637 2457 2455
f 2638 2461 2639
f 2460 2459 2638
f 2638 2459 2461
f 2460 2638 2635
f 2460 2635 2456
f 2640 2457 2637
f 2457 2640 2462
f 2641 2465 2642
f 2641 2461 2464
f 2641 2464 2465
f 2641 2639 2461
f 2462 2640 2643
f 2462 2643 2644
f 2466 2462 2644
f 2645 2467 2646
f 2645 2642 2465
f 2645 2465 2468
f 2645 2468 2467
f 2643 2647 2644
f 2644 2647 2466
f 2469 2466 2647
f 2469 2647 2470
f 2648 2471 2649
f 2473 2472 2648
f 2648 2472 2471
f 2473 2650 2646
f 2473 2648 2650
f 2473 2646 2467
f 2647 2651 2470
f 2651 2647 2652
f 2651 2474 2470
f 2651 2652 2474
f 2653 2655 2654
f 2478 2655 2477
f 2653 2477 2655
f 2656 2477 2653
f 2656 2657 2481
f 2656 2481 2480
f 2656 2480 2477
f 2481 2657 2658
f 2481 2658 2482
f 2482 2658 2649
f 2482 2649 2471
f 2659 2474 2660
f 2652 2660 2474
f 2659 2660 2474
f 2483 2474 2660
f 2483 2660 2661
f 2485 2483 2661
f 2663 2487 2662
f 2663 2488 2487
f 2664 2488 2663
f 2490 2489 2664
f 2664 2489 2488
f 2490 2664 2665
f 2490 2665 2491
f 2491 2665 2654
f 2491 2654 2478
f 2478 2654 2655
f 2666 2661 2660
f 2661 2666 2485
f 2485 2666 2667
f 2485 2667 2492
f 2492 2667 2668
f 2492 2668 2493
f 2493 2668 2662
f 2493 2662 2487
f 2670 2669 2499
f 2670 2499 2500
f 2671 2670 2500
f 2671 2500 2501
f 2494 2674 2672
f 2495 2674 2494
f 2676 2677 2675
f 2676 2675 2674
f 2495 2676 2674
f 2676 2497 2677
f 2676 2496 2497
f 2496 2676 2495
f 2497 2669 2677
f 2497 2499 2669
f 2671 2501 2678
f 2501 2502 2678
f 2502 2679 2678
f 2502 2504 2679
f 2680 2681 2679
f 2680 2679 2504
f 2505 2680 2504
f 2681 2680 2682
f 2505 2682 2680
f 2506 2682 2505
f 2683 2673 2684
f 2683 2684 2685
f 2683 2685 2509
f 2683 2508 2673
f 2683 2507 2508
f 2683 2509 2507
f 2508 2672 2673
f 2672 2508 2494
f 2506 2686 2682
f 2506 2510 2686
f 2686 2510 2687
f 2687 2510 2512
f 2509 2685 2688
f 2513 2509 2688
f 2687 2512 2690
f 2512 2691 2690
f 2515 2691 2512
f 2692 2690 2691
f 2515 2692 2691
f 2517 2688 2689
f 2517 2689 2693
f 2517 2693 2518
f 2688 2517 2513
f 2515 2694 2692
f 2515 2519 2694
f 2695 2692 2694
f 2695 2694 2696
f 2519 2696 2694
f 2699 2697 2700
f 2699 2700 2528
f 2701 2699 2528
f 2701 2528 2529
f 2529 2702 2701
f 2703 2518 2693
f 2703 2520 2518
f 2519 2521 2696
f 2695 2696 2521
f 2695 2521 2705
f 2523 2705 2521
f 2708 2706 2542
f 2710 2711 2709
f 2710 2709 2708
f 2710 2708 2542
f 2710 2542 2544
f 2712 2713 2711
f 2712 2711 2710
f 2712 2710 2544
f 2712 2544 2525
f 2714 2698 2713
f 2714 2713 2712
f 2714 2712 2525
f 2714 2525 2524
f 2524 2697 2698
f 2524 2698 2714
f 2524 2527 2697
f 2697 2527 2700
f 2527 2528 2700
f 2529 2530 2702
f 2530 2715 2702
f 2530 2716 2715
f 2531 2716 2530
f 2716 2704 2715
f 2716 2717 2704
f 2716 2532 2717
f 2532 2716 2531
f 2534 2703 2704
f 2534 2704 2717
f 2532 2534 2717
f 2703 2534 2520
f 2536 2718 2705
f 2523 2536 2705
f 2535 2718 2536
f 2719 2718 2535
f 2723 2707 2722
f 2723 2722 2721
f 2723 2721 2549
f 2723 2724 2707
f 2723 2538 2724
f 2723 2549 2538
f 2724 2706 2707
f 2724 2540 2706
f 2724 2539 2540
f 2539 2724 2538
f 2540 2542 2706
f 2719 2535 2725
f 2725 2535 2726
f 2535 2546 2726
f 2727 2725 2726
f 2727 2726 2546
f 2729 2720 2730
f 2729 2730 2728
f 2729 2728 2731
f 2729 2732 2720
f 2729 2550 2732
f 2729 2731 2550
f 2720 2732 2721
f 2732 2549 2721
f 2732 2548 2549
f 2732 2550 2548
f 2727 2546 2733
f 2733 2546 2554
f 2734 2728 2735
f 2734 2735 2736
f 2734 2736 2737
f 2734 2737 2556
f 2734 2731 2728
f 2731 2734 2556
f 2731 2555 2550
f 2731 2556 2555
f 2733 2554 2738
f 2559 2738 2554
f 2737 2736 2739
f 2737 2739 2560
f 2737 2560 2556
f 2559 2741 2738
f 2559 2563 2741
f 2742 2739 2740
f 2742 2740 2743
f 2742 2565 2739
f 2560 2739 2565
f 2563 2744 2741
f 2567 2744 2566
f 2563 2566 2744
f 2746 2742 2743
f 2746 2743 2745
f 2746 2745 2747
f 2746 2565 2742
f 2746 2573 2565
f 2746 2747 2573
f 2748 2744 2567
f 2749 2748 2567
f 2749 2567 2569
f 2749 2569 2750
f 2570 2751 2569
f 2569 2751 2750
f 2750 2751 2752
f 2570 2752 2751
f 2572 2577 2570
f 2570 2577 2752
f 2753 2747 2745
f 2573 2747 2579
f 2747 2753 2579
f 2754 2748 2749
f 2750 2755 2749
f 2749 2755 2754
f 2756 2750 2752
f 2756 2755 2750
f 2577 2756 2752
f 2577 2757 2756
f 2577 2580 2757
f 2753 2758 2582
f 2579 2753 2581
f 2753 2582 2581
f 2760 2755 2756
f 2760 2761 2755
f 2762 2756 2757
f 2762 2760 2756
f 2762 2757 2580
f 2762 2580 2583
f 2763 2758 2764
f 2759 2764 2758
f 2763 2764 2765
f 2582 2758 2763
f 2582 2763 2584
f 2767 2761 2760
f 2767 2768 2761
f 2769 2760 2762
f 2769 2767 2760
f 2769 2770 2767
f 2769 2762 2583
f 2769 2583 2585
f 2769 2585 2770
f 2765 2771 2763
f 2771 2584 2763
f 2584 2771 2772
f 2584 2772 2586
f 2775 2766 2768
f 2775 2773 2766
f 2776 2768 2767
f 2776 2775 2768
f 2770 2776 2767
f 2770 2588 2776
f 2770 2585 2588
f 2772 2771 2777
f 2772 2777 2778
f 2586 2772 2589
f 2772 2778 2589
f 2780 2774 2773
f 2780 2779 2774
f 2780 2596 2779
f 2780 2599 2596
f 2781 2773 2775
f 2781 2780 2773
f 2781 2599 2780
f 2781 2775 2782
f 2781 2782 2601
f 2781 2601 2599
f 2782 2775 2776
f 2782 2776 2591
f 2782 2591 2601
f 2588 2591 2776
f 2783 2778 2777
f 2783 2777 2784
f 2778 2783 2589
f 2783 2594 2589
f 2785 2597 2786
f 2785 2779 2596
f 2785 2596 2595
f 2785 2595 2597
f 2784 2787 2783
f 2594 2783 2787
f 2594 2787 2788
f 2594 2788 2603
f 2597 2789 2786
f 2597 2605 2789
f 2787 2790 2788
f 2790 2787 2791
f 2790 2603 2788
f 2790 2792 2603
f 2603 2792 2606
f 2793 2789 2605
f 2793 2605 2608
f 2791 2794 2790
f 2794 2792 2790
f 2794 2795 2792
f 2792 2795 2606
f 2606 2795 2796
f 2606 2796 2610
f 2609 2610 2796
f 2798 2797 2793
f 2798 2799 2797
f 2798 2614 2799
f 2798 2793 2608
f 2798 2608 2613
f 2798 2613 2614
f 2795 2800 2796
f 2800 2609 2796
f 2800 2801 2609
f 2609 2801 2615
f 2802 2799 2614
f 2802 2614 2621
f 2804 2801 2805
f 2800 2805 2801
f 2804 2615 2801
f 2615 2804 2806
f 2617 2615 2806
f 2617 2806 2807
f 2622 2617 2808
f 2808 2617 2807
f 2623 2622 2809
f 2809 2622 2808
f 2623 2809 2810
f 2623 2810 2624
f 2811 2624 2810
f 2625 2624 2811
f 2621 2803 2802
f 2621 2812 2803
f 2621 2627 2812
f 2804 2814 2806
f 2815 2807 2814
f 2806 2814 2807
f 2815 2808 2807
f 2816 2808 2815
f 2816 2809 2808
f 2817 2810 2816
f 2809 2816 2810
f 2817 2811 2810
f 2818 2811 2817
f 2811 2818 2625
f 2818 2820 2625
f 2819 2625 2820
f 2628 2625 2820
f 2819 2820 2625
f 2821 2628 2820
f 2629 2628 2821
f 2822 2821 2823
f 2822 2629 2821
f 2630 2629 2822
f 2822 2823 2824
f 2822 2824 2630
f 2631 2632 2824
f 2630 2824 2632
f 2636 2813 2812
f 2636 2825 2813
f 2636 2635 2825
f 2636 2812 2627
f 2631 2824 2826
f 2631 2826 2827
f 2631 2827 2637
f 2639 2828 2638
f 2638 2829 2825
f 2638 2828 2829
f 2638 2825 2635
f 2826 2830 2827
f 2827 2830 2637
f 2830 2640 2637
f 2642 2831 2641
f 2639 2832 2828
f 2639 2831 2832
f 2639 2641 2831
f 2833 2640 2830
f 2640 2833 2643
f 2834 2646 2836
f 2834 2835 2642
f 2834 2642 2645
f 2834 2645 2646
f 2642 2835 2831
f 2837 2643 2833
f 2837 2833 2838
f 2837 2838 2839
f 2643 2837 2647
f 2837 2839 2647
f 2840 2649 2842
f 2840 2648 2649
f 2650 2841 2836
f 2650 2840 2841
f 2650 2648 2840
f 2650 2836 2646
f 2838 2843 2839
f 2839 2843 2647
f 2652 2647 2843
f 2657 2656 2844
f 2844 2656 2653
f 2845 2846 2847
f 2845 2844 2846
f 2845 2657 2844
f 2845 2847 2658
f 2845 2658 2657
f 2658 2847 2842
f 2658 2842 2649
f 2843 2848 2652
f 2849 2652 2848
f 2849 2848 2652
f 2850 2652 2848
f 2660 2652 2850
f 2851 2663 2662
f 2852 2663 2851
f 2852 2664 2663
f 2853 2664 2852
f 2853 2854 2665
f 2853 2665 2664
f 2665 2854 2855
f 2665 2855 2654
f 2654 2855 2856
f 2653 2654 2856
f 2856 2844 2653
f 2848 2857 2850
f 2850 2857 2660
f 2660 2858 2859
f 2857 2858 2660
f 2666 2660 2859
f 2860 2666 2859
f 2667 2666 2860
f 2861 2667 2860
f 2861 2862 2668
f 2861 2668 2667
f 2668 2862 2863
f 2668 2863 2662
f 2863 2851 2662
f 2669 2866 2864
f 2670 2866 2669
f 2670 2867 2866
f 2671 2867 2670
f 2868 2867 2869
f 2671 2869 2867
f 2871 2872 2873
f 2871 2873 2870
f 2871 2870 2673
f 2871 2874 2872
f 2871 2672 2874
f 2871 2673 2672
f 2874 2875 2872
f 2874 2675 2875
f 2874 2674 2675
f 2674 2874 2672
f 2675 2865 2875
f 2675 2677 2865
f 2677 2864 2865
f 2864 2677 2669
f 2671 2678 2869
f 2868 2869 2678
f 2678 2876 2868
f 2678 2679 2876
f 2679 2877 2876
f 2679 2681 2877
f 2877 2681 2878
f 2682 2878 2681
f 2879 2878 2682
f 2684 2870 2881
f 2684 2881 2880
f 2684 2880 2685
f 2684 2673 2870
f 2879 2682 2882
f 2882 2682 2686
f 2883 2884 2882
f 2883 2882 2686
f 2883 2687 2884
f 2687 2883 2686
f 2885 2884 2687
f 2886 2880 2887
f 2886 2887 2689
f 2886 2685 2880
f 2886 2688 2685
f 2886 2689 2688
f 2885 2687 2690
f 2888 2889 2690
f 2885 2690 2889
f 2692 2888 2690
f 2890 2892 2887
f 2890 2693 2892
f 2689 2887 2892
f 2693 2689 2892
f 2893 2894 2888
f 2692 2893 2888
f 2893 2692 2894
f 2695 2894 2692
f 2898 2897 2899
f 2898 2899 2713
f 2900 2898 2713
f 2900 2713 2698
f 2901 2900 2698
f 2901 2698 2697
f 2697 2902 2901
f 2699 2902 2697
f 2699 2903 2902
f 2701 2903 2699
f 2701 2904 2903
f 2904 2701 2702
f 2906 2890 2891
f 2906 2891 2905
f 2906 2905 2704
f 2890 2906 2693
f 2693 2906 2703
f 2906 2704 2703
f 2907 2908 2894
f 2695 2907 2894
f 2907 2909 2908
f 2907 2705 2909
f 2705 2907 2695
f 2910 2908 2909
f 2910 2909 2705
f 2912 2911 2722
f 2912 2914 2913
f 2912 2707 2914
f 2912 2722 2707
f 2914 2895 2913
f 2914 2706 2895
f 2914 2707 2706
f 2895 2706 2896
f 2706 2709 2896
f 2706 2708 2709
f 2896 2709 2897
f 2709 2711 2897
f 2897 2711 2899
f 2711 2713 2899
f 2904 2702 2915
f 2702 2715 2915
f 2715 2905 2915
f 2715 2704 2905
f 2910 2705 2916
f 2916 2705 2917
f 2705 2718 2917
f 2918 2916 2917
f 2718 2918 2917
f 2719 2918 2718
f 2920 2921 2922
f 2920 2922 2919
f 2920 2919 2730
f 2920 2923 2921
f 2920 2720 2923
f 2920 2730 2720
f 2923 2911 2921
f 2923 2722 2911
f 2923 2721 2722
f 2721 2923 2720
f 2719 2725 2918
f 2924 2918 2725
f 2925 2924 2725
f 2925 2725 2727
f 2926 2919 2927
f 2926 2927 2928
f 2926 2928 2735
f 2926 2730 2919
f 2926 2728 2730
f 2926 2735 2728
f 2925 2727 2929
f 2727 2733 2929
f 2930 2928 2931
f 2930 2931 2932
f 2735 2928 2930
f 2735 2930 2736
f 2733 2933 2929
f 2738 2933 2733
f 2935 2930 2932
f 2935 2932 2934
f 2935 2934 2740
f 2935 2736 2930
f 2935 2739 2736
f 2935 2740 2739
f 2738 2937 2933
f 2936 2933 2937
f 2738 2741 2937
f 2936 2937 2741
f 2938 2740 2934
f 2740 2938 2743
f 2939 2936 2741
f 2939 2940 2936
f 2744 2940 2741
f 2939 2741 2940
f 2941 2938 2942
f 2941 2743 2938
f 2941 2745 2743
f 2943 2940 2744
f 2943 2744 2748
f 2944 2941 2942
f 2944 2942 2945
f 2944 2945 2753
f 2941 2944 2745
f 2745 2944 2753
f 2748 2946 2943
f 2748 2947 2946
f 2754 2947 2748
f 2753 2945 2948
f 2753 2948 2759
f 2753 2759 2758
f 2947 2949 2946
f 2947 2950 2949
f 2947 2754 2951
f 2947 2951 2950
f 2761 2754 2755
f 2951 2754 2761
f 2759 2948 2952
f 2759 2952 2765
f 2759 2765 2764
f 2950 2953 2949
f 2950 2954 2953
f 2950 2951 2766
f 2950 2766 2954
f 2951 2761 2768
f 2951 2768 2766
f 2765 2952 2955
f 2765 2955 2956
f 2765 2956 2771
f 2954 2957 2953
f 2954 2774 2957
f 2954 2766 2773
f 2954 2773 2774
f 2956 2955 2958
f 2956 2958 2959
f 2956 2777 2771
f 2956 2959 2777
f 2774 2960 2957
f 2774 2779 2960
f 2961 2959 2958
f 2961 2958 2962
f 2961 2777 2959
f 2961 2784 2777
f 2963 2960 2779
f 2963 2779 2785
f 2786 2963 2785
f 2962 2964 2961
f 2964 2784 2961
f 2784 2964 2965
f 2784 2965 2787
f 2786 2966 2963
f 2786 2967 2966
f 2786 2789 2967
f 2964 2968 2965
f 2968 2964 2969
f 2965 2968 2787
f 2968 2791 2787
f 2970 2789 2793
f 2970 2967 2789
f 2969 2971 2968
f 2971 2791 2968
f 2791 2971 2972
f 2794 2791 2973
f 2791 2972 2973
f 2795 2794 2973
f 2974 2799 2975
f 2974 2970 2793
f 2974 2793 2797
f 2974 2797 2799
f 2971 2976 2972
f 2976 2973 2972
f 2977 2973 2978
f 2976 2978 2973
f 2977 2978 2979
f 2973 2977 2795
f 2977 2980 2795
f 2977 2979 2980
f 2800 2795 2980
f 2981 2803 2982
f 2981 2975 2799
f 2981 2799 2802
f 2981 2802 2803
f 2978 2983 2979
f 2983 2980 2979
f 2983 2984 2980
f 2980 2984 2800
f 2984 2985 2800
f 2800 2985 2986
f 2800 2986 2805
f 2804 2805 2986
f 2987 2813 2988
f 2987 2982 2989
f 2987 2989 2812
f 2987 2812 2813
f 2803 2989 2982
f 2803 2812 2989
f 2990 2986 2985
f 2990 2804 2986
f 2990 2991 2804
f 2992 2804 2991
f 2992 2814 2804
f 2992 2991 2993
f 2992 2993 2814
f 2815 2814 2993
f 2815 2993 2994
f 2816 2815 2994
f 2995 2994 2996
f 2995 2816 2994
f 2817 2816 2995
f 2996 2998 2995
f 2997 2995 2998
f 2997 2817 2995
f 2818 2817 2997
f 2997 2998 2999
f 2997 2999 2818
f 2818 2999 2820
f 2820 2999 2821
f 2821 3000 2823
f 3001 2823 3000
f 2813 3002 2988
f 2813 2825 3002
f 3003 2821 2999
f 3001 3000 3003
f 2821 3003 3000
f 3004 2823 3001
f 3005 2824 3004
f 2823 3004 2824
f 3005 3004 2824
f 2826 2824 3004
f 2829 3007 3002
f 2829 3006 3007
f 2829 2828 3006
f 2829 3002 2825
f 3008 2826 3004
f 3008 3004 3009
f 3008 3009 3010
f 2826 3008 2830
f 3008 3010 2830
f 2832 3012 3006
f 2832 3011 3012
f 2832 2831 3011
f 2832 3006 2828
f 3009 3013 3010
f 3010 3013 2830
f 3013 2833 2830
f 3015 2836 3014
f 3015 3016 2835
f 3015 2835 2834
f 3015 2834 2836
f 2835 3016 3011
f 2835 3011 2831
f 3017 2833 3013
f 3017 3018 2833
f 2833 3018 2838
f 3020 2842 3019
f 3020 3021 2841
f 3020 2841 2840
f 3020 2840 2842
f 2841 3021 3014
f 2841 3014 2836
f 3022 2838 3018
f 3022 3018 3023
f 3022 2843 2838
f 3022 3023 2843
f 3025 2844 3024
f 3025 3026 2847
f 3025 2847 2846
f 3025 2846 2844
f 2847 3026 3019
f 2847 3019 2842
f 3023 3027 2843
f 2848 2843 3027
f 3028 2852 2851
f 3029 2852 3028
f 2854 2853 3029
f 3029 2853 2852
f 3030 3029 3031
f 3030 2854 3029
f 3030 3031 2855
f 3030 2855 2854
f 2855 3032 3033
f 3031 3032 2855
f 2855 3033 2856
f 2856 3033 3024
f 2856 3024 2844
f 3034 2848 3027
f 3035 2848 3034
f 3035 2857 2848
f 3034 3036 3035
f 3036 2857 3035
f 2859 2858 3036
f 3036 2858 2857
f 3037 2859 3036
f 3037 2860 2859
f 3038 2860 3037
f 2862 2861 3038
f 3038 2861 2860
f 3039 3040 3041
f 3039 3038 3040
f 3039 2862 3038
f 3039 3041 2863
f 3039 2863 2862
f 2863 3041 3042
f 2863 3042 2851
f 3042 3028 2851
f 3043 3044 3045
f 3043 3045 2865
f 3046 3043 2865
f 3046 2865 2864
f 2864 3047 3046
f 2866 3047 2864
f 2866 3048 3047
f 2867 3048 2866
f 2867 3049 3048
f 2868 3049 2867
f 3051 3052 3053
f 3051 3053 3050
f 3051 3050 2881
f 3051 2881 2870
f 2873 3054 3052
f 2873 3052 3051
f 2870 2873 3051
f 2873 2872 3054
f 2872 3044 3054
f 2872 2875 3044
f 2875 3045 3044
f 2875 2865 3045
f 3048 3049 3055
f 3055 3049 2868
f 2868 3056 3055
f 2868 2876 3056
f 3056 2876 3057
f 2877 3057 2876
f 2877 3058 3057
f 2878 3058 2877
f 2878 2879 3058
f 3059 3050 3060
f 3059 3060 3061
f 3059 3061 3062
f 3059 2881 3050
f 3059 2880 2881
f 3059 3062 2880
f 3058 2879 3063
f 3063 2879 2882
f 2882 3064 3063
f 2884 3064 2882
f 2884 3065 3064
f 2885 3065 2884
f 3066 3067 3061
f 3066 2887 3067
f 2880 3062 3061
f 2880 3061 3067
f 2880 3067 2887
f 2889 3068 3065
f 2889 3065 2885
f 2889 3069 3068
f 2888 3069 2889
f 3068 3069 2888
f 3070 3066 3071
f 3070 3071 2891
f 3070 2887 3066
f 3070 2890 2887
f 3070 2891 2890
f 3068 2888 3072
f 2888 2894 3072
f 3073 3072 3074
f 2894 3074 3072
f 3076 2913 2895
f 3077 3078 3079
f 3077 3079 3076
f 2895 3077 3076
f 2896 3077 2895
f 3080 3081 3078
f 3080 3078 3077
f 2896 3080 3077
f 2897 3080 2896
f 3082 3083 3081
f 3082 3081 3080
f 2897 3082 3080
f 3082 2898 3083
f 2898 3082 2897
f 3084 3085 3083
f 3084 3083 2898
f 2900 3084 2898
f 3085 3084 3086
f 2900 3086 3084
f 2901 3086 2900
f 2901 3087 3086
f 2902 3087 2901
f 2902 3088 3087
f 2903 3088 2902
f 2903 3089 3088
f 2904 3089 2903
f 3090 3089 2904
f 3091 3092 2915
f 3091 2915 2905
f 2891 3071 3091
f 2905 2891 3091
f 3073 3074 3093
f 2894 2908 3074
f 3093 3074 2908
f 3094 3093 2908
f 2910 3094 2908
f 3097 3075 3095
f 3097 3095 2921
f 3097 3098 3075
f 3097 2911 3098
f 3097 2921 2911
f 3098 2913 3075
f 3098 2912 2913
f 2912 3098 2911
f 3090 2904 3092
f 3092 2904 2915
f 2910 2916 3094
f 3099 3094 2916
f 2918 3099 2916
f 2922 3095 3096
f 2922 3096 3100
f 2919 2922 3100
f 2922 2921 3095
f 2918 2924 3099
f 3102 3099 2924
f 3102 2924 2925
f 2927 3100 3101
f 2927 3101 3103
f 2927 3103 2928
f 3100 2927 2919
f 3102 2925 3105
f 2925 2929 3105
f 2931 3103 3104
f 2931 3104 3106
f 2931 3106 2932
f 2931 2928 3103
f 3105 2929 3107
f 3108 3107 2929
f 3108 3109 3107
f 2933 3109 2929
f 3108 2929 3109
f 3110 3106 3111
f 3110 3111 3112
f 3110 2932 3106
f 3110 2934 2932
f 3110 3112 2934
f 2933 3114 3109
f 3113 3109 3114
f 2933 2936 3114
f 3115 3113 3114
f 3115 3114 2936
f 3112 3111 3116
f 3112 3116 3117
f 2934 3112 2938
f 3112 3117 2938
f 2936 3118 3115
f 2940 3118 2936
f 3119 3121 3116
f 3119 2942 3121
f 3116 2938 3117
f 3121 2938 3116
f 2938 3121 2942
f 3122 3118 2940
f 3122 2940 2943
f 3123 3119 3120
f 3123 3120 3124
f 3123 2942 3119
f 3123 2945 2942
f 3125 3122 2943
f 2946 3125 2943
f 3126 3123 3124
f 3126 3124 3127
f 3126 2945 3123
f 3126 2948 2945
f 2946 3128 3125
f 2946 2949 3128
f 3129 3126 3127
f 3129 3127 3130
f 3129 2948 3126
f 3129 2952 2948
f 2949 3131 3128
f 2949 2953 3131
f 3132 3129 3130
f 3132 3130 3133
f 3132 2952 3129
f 3132 2955 2952
f 2953 3134 3131
f 2953 2957 3134
f 3135 3132 3133
f 3135 3133 3136
f 3132 3135 2955
f 3135 2958 2955
f 3137 3134 2957
f 3137 2957 2960
f 3136 3138 3135
f 3138 3139 3135
f 2958 3135 3139
f 2958 3139 2962
f 3138 2962 3139
f 3140 3137 2960
f 3140 2960 2963
f 2962 3138 3141
f 2962 3141 3142
f 2962 3142 2964
f 3144 3143 3140
f 3144 3145 3143
f 3144 2967 3145
f 3144 3140 2963
f 3144 2963 2966
f 3144 2966 2967
f 3141 3146 3142
f 3142 3146 2964
f 2964 3146 2969
f 2967 3147 3145
f 2967 2970 3147
f 3146 3148 2969
f 3148 3146 3149
f 3148 2971 2969
f 3148 3149 2971
f 3150 2975 3151
f 3150 3147 2970
f 3150 2970 2974
f 3150 2974 2975
f 3152 2971 3153
f 3149 3153 2971
f 3152 2978 2971
f 2976 2971 2978
f 3152 3153 2978
f 3154 3151 2975
f 3154 2975 2981
f 2982 3154 2981
f 3155 2978 3156
f 3153 3156 2978
f 3155 3156 2978
f 2983 2978 3156
f 2983 3156 2984
f 2982 2987 3157
f 2988 3157 2987
f 2982 3158 3154
f 2982 3157 3158
f 3159 2984 3160
f 3156 3160 2984
f 3161 2984 3159
f 3161 2985 2984
f 3161 3159 3162
f 3161 3162 2985
f 2990 2985 3162
f 2990 3162 3163
f 2990 3163 2991
f 2988 3165 3157
f 2988 3164 3165
f 2988 3002 3164
f 3166 3163 3162
f 3166 2991 3163
f 3167 2991 3166
f 2991 3167 2993
f 2993 3168 3169
f 3167 3168 2993
f 2993 3169 2994
f 2994 3169 3170
f 2996 2994 3170
f 3171 2996 3170
f 3171 2998 2996
f 3172 2998 3171
f 2998 3172 2999
f 2999 3172 3173
f 2999 3173 3003
f 3003 3173 3174
f 3003 3174 3001
f 3174 3176 3001
f 3175 3001 3176
f 3004 3001 3176
f 3175 3176 3001
f 3007 3178 3164
f 3007 3177 3178
f 3007 3006 3177
f 3007 3164 3002
f 3004 3176 3179
f 3004 3179 3009
f 3012 3181 3177
f 3012 3180 3181
f 3012 3011 3180
f 3012 3177 3006
f 3182 3009 3179
f 3182 3179 3183
f 3009 3182 3013
f 3182 3183 3013
f 3185 3014 3184
f 3185 3186 3016
f 3185 3016 3015
f 3185 3015 3014
f 3016 3186 3180
f 3016 3180 3011
f 3183 3187 3013
f 3017 3013 3187
f 3017 3187 3018
f 3189 3019 3188
f 3189 3190 3021
f 3189 3021 3020
f 3189 3020 3019
f 3021 3190 3184
f 3021 3184 3014
f 3018 3187 3191
f 3023 3018 3191
f 3193 3024 3192
f 3193 3194 3026
f 3193 3026 3025
f 3193 3025 3024
f 3026 3194 3188
f 3026 3188 3019
f 3191 3195 3023
f 3023 3195 3196
f 3027 3023 3196
f 3197 3028 3198
f 3197 3029 3028
f 3199 3029 3197
f 3199 3031 3029
f 3032 3200 3201
f 3032 3199 3200
f 3032 3031 3199
f 3032 3201 3033
f 3033 3201 3192
f 3033 3192 3024
f 3027 3196 3202
f 3034 3027 3202
f 3203 3034 3202
f 3203 3036 3034
f 3204 3036 3203
f 3204 3037 3036
f 3205 3037 3204
f 3205 3206 3038
f 3205 3038 3037
f 3206 3207 3041
f 3206 3041 3040
f 3206 3040 3038
f 3041 3207 3208
f 3041 3208 3042
f 3042 3208 3198
f 3042 3198 3028
f 3211 3210 3044
f 3211 3044 3043
f 3043 3212 3211
f 3046 3212 3043
f 3046 3213 3212
f 3047 3213 3046
f 3047 3214 3213
f 3048 3214 3047
f 3048 3215 3214
f 3053 3219 3217
f 3053 3217 3216
f 3050 3053 3216
f 3053 3052 3219
f 3052 3209 3219
f 3052 3054 3209
f 3209 3054 3210
f 3054 3044 3210
f 3048 3055 3215
f 3055 3220 3215
f 3055 3056 3220
f 3221 3222 3220
f 3221 3220 3056
f 3221 3057 3222
f 3057 3221 3056
f 3057 3223 3222
f 3223 3057 3058
f 3060 3216 3218
f 3060 3218 3224
f 3060 3224 3061
f 3216 3060 3050
f 3223 3058 3225
f 3225 3058 3063
f 3226 3227 3063
f 3225 3063 3227
f 3226 3063 3227
f 3064 3227 3063
f 3228 3227 3229
f 3064 3229 3227
f 3065 3229 3064
f 3230 3061 3224
f 3230 3066 3061
f 3232 3233 3234
f 3232 3234 3065
f 3229 3065 3234
f 3232 3065 3233
f 3068 3233 3065
f 3066 3230 3231
f 3066 3231 3236
f 3066 3236 3071
f 3233 3068 3237
f 3237 3068 3238
f 3068 3072 3238
f 3237 3238 3073
f 3072 3073 3238
f 3241 3242 3243
f 3241 3243 3239
f 3241 3239 3075
f 3241 3075 2913
f 3244 3245 3242
f 3244 3242 3241
f 2913 3244 3241
f 3076 3244 2913
f 3079 3246 3245
f 3079 3245 3244
f 3076 3079 3244
f 3079 3078 3246
f 3078 3235 3246
f 3078 3081 3235
f 3081 3247 3235
f 3081 3083 3247
f 3083 3248 3247
f 3083 3085 3248
f 3249 3250 3248
f 3249 3248 3085
f 3249 3251 3250
f 3249 3086 3251
f 3086 3249 3085
f 3250 3251 3252
f 3086 3252 3251
f 3087 3252 3086
f 3087 3253 3252
f 3253 3255 3254
f 3253 3088 3255
f 3088 3253 3087
f 3256 3257 3255
f 3254 3255 3257
f 3088 3256 3255
f 3089 3256 3088
f 3089 3258 3256
f 3090 3258 3089
f 3259 3258 3092
f 3259 3071 3236
f 3259 3091 3071
f 3259 3092 3091
f 3237 3073 3260
f 3260 3073 3093
f 3261 3260 3093
f 3094 3261 3093
f 3263 3240 3264
f 3263 3264 3262
f 3263 3262 3096
f 3263 3095 3240
f 3263 3096 3095
f 3095 3239 3240
f 3095 3075 3239
f 3258 3090 3092
f 3265 3261 3094
f 3099 3265 3094
f 3268 3262 3266
f 3268 3266 3101
f 3268 3096 3262
f 3268 3100 3096
f 3268 3101 3100
f 3099 3270 3265
f 3269 3265 3270
f 3271 3269 3270
f 3271 3270 3272
f 3099 3272 3270
f 3102 3272 3099
f 3274 3266 3267
f 3274 3267 3273
f 3274 3273 3104
f 3274 3101 3266
f 3274 3103 3101
f 3274 3104 3103
f 3271 3272 3275
f 3102 3276 3272
f 3275 3272 3276
f 3102 3105 3276
f 3275 3276 3105
f 3278 3273 3277
f 3278 3277 3106
f 3278 3104 3273
f 3278 3106 3104
f 3275 3105 3279
f 3107 3279 3105
f 3107 3280 3279
f 3109 3280 3107
f 3281 3106 3277
f 3106 3281 3111
f 3109 3113 3280
f 3283 3280 3113
f 3283 3113 3115
f 3284 3281 3282
f 3284 3282 3285
f 3284 3285 3286
f 3284 3111 3281
f 3284 3116 3111
f 3284 3286 3116
f 3115 3287 3283
f 3118 3287 3115
f 3286 3285 3288
f 3286 3288 3120
f 3116 3286 3119
f 3286 3120 3119
f 3289 3287 3118
f 3289 3118 3122
f 3290 3120 3288
f 3120 3290 3124
f 3291 3289 3122
f 3291 3122 3125
f 3292 3124 3290
f 3292 3127 3124
f 3293 3291 3125
f 3293 3125 3128
f 3294 3127 3292
f 3294 3130 3127
f 3293 3128 3295
f 3128 3131 3295
f 3130 3294 3296
f 3130 3296 3133
f 3131 3297 3295
f 3131 3134 3297
f 3133 3296 3298
f 3133 3298 3136
f 3299 3297 3134
f 3299 3134 3137
f 3300 3136 3298
f 3300 3298 3301
f 3136 3300 3138
f 3302 3299 3137
f 3302 3137 3140
f 3301 3303 3300
f 3300 3303 3138
f 3138 3303 3141
f 3143 3304 3302
f 3143 3305 3304
f 3143 3145 3305
f 3143 3302 3140
f 3141 3303 3306
f 3141 3306 3307
f 3141 3307 3146
f 3145 3308 3305
f 3145 3147 3308
f 3306 3309 3307
f 3310 3146 3309
f 3307 3309 3146
f 3310 3309 3146
f 3311 3146 3309
f 3149 3146 3311
f 3312 3151 3313
f 3312 3308 3147
f 3312 3147 3150
f 3312 3150 3151
f 3309 3314 3311
f 3315 3149 3314
f 3311 3314 3149
f 3315 3314 3149
f 3316 3149 3314
f 3153 3149 3316
f 3151 3154 3317
f 3151 3317 3313
f 3314 3318 3316
f 3316 3318 3153
f 3319 3153 3318
f 3156 3153 3319
f 3158 3320 3317
f 3158 3321 3320
f 3158 3157 3321
f 3158 3317 3154
f 3318 3322 3319
f 3319 3322 3156
f 3322 3323 3156
f 3159 3160 3323
f 3323 3160 3156
f 3324 3159 3323
f 3162 3159 3324
f 3325 3164 3326
f 3325 3321 3157
f 3325 3157 3165
f 3325 3165 3164
f 3323 3327 3324
f 3324 3327 3162
f 3162 3327 3328
f 3162 3328 3166
f 3328 3329 3166
f 3167 3166 3329
f 3329 3330 3167
f 3169 3168 3330
f 3167 3330 3168
f 3331 3169 3330
f 3170 3169 3331
f 3332 3170 3331
f 3171 3170 3332
f 3333 3332 3334
f 3333 3171 3332
f 3172 3171 3334
f 3333 3334 3171
f 3335 3172 3334
f 3173 3172 3335
f 3336 3173 3335
f 3174 3173 3336
f 3337 3174 3336
f 3174 3337 3176
f 3339 3340 3326
f 3339 3338 3340
f 3339 3177 3338
f 3339 3326 3164
f 3339 3164 3178
f 3339 3178 3177
f 3336 3341 3337
f 3341 3176 3337
f 3176 3341 3179
f 3342 3180 3343
f 3181 3342 3338
f 3181 3180 3342
f 3181 3338 3177
f 3344 3179 3345
f 3341 3345 3179
f 3344 3345 3346
f 3344 3346 3179
f 3183 3179 3346
f 3348 3184 3347
f 3348 3343 3186
f 3348 3186 3185
f 3348 3185 3184
f 3186 3343 3180
f 3346 3349 3183
f 3183 3349 3187
f 3351 3188 3350
f 3351 3352 3190
f 3351 3190 3189
f 3351 3189 3188
f 3190 3352 3347
f 3190 3347 3184
f 3353 3187 3349
f 3191 3187 3353
f 3354 3356 3355
f 3354 3192 3356
f 3357 3358 3359
f 3357 3354 3358
f 3357 3192 3354
f 3357 3359 3194
f 3357 3194 3193
f 3357 3193 3192
f 3194 3359 3350
f 3194 3350 3188
f 3195 3191 3360
f 3353 3360 3191
f 3195 3360 3361
f 3196 3195 3361
f 3198 3363 3197
f 3362 3197 3363
f 3364 3197 3362
f 3364 3365 3200
f 3364 3200 3199
f 3364 3199 3197
f 3200 3365 3355
f 3200 3355 3201
f 3201 3355 3356
f 3201 3356 3192
f 3196 3361 3366
f 3202 3196 3366
f 3367 3202 3366
f 3367 3203 3202
f 3368 3203 3367
f 3368 3204 3203
f 3369 3204 3368
f 3206 3205 3369
f 3369 3205 3204
f 3370 3371 3372
f 3370 3369 3371
f 3370 3206 3369
f 3370 3372 3207
f 3370 3207 3206
f 3207 3372 3373
f 3207 3373 3208
f 3208 3373 3374
f 3208 3374 3198
f 3362 3363 3374
f 3198 3374 3363
f 3211 3375 3210
f 3376 3375 3377
f 3211 3377 3375
f 3212 3377 3211
f 3378 3377 3212
f 3213 3378 3212
f 3379 3378 3213
f 3379 3213 3380
f 3214 3380 3213
f 3381 3380 3214
f 3215 3381 3214
f 3217 3382 3216
f 3218 3216 3382
f 3217 3383 3384
f 3217 3384 3382
f 3217 3219 3383
f 3219 3385 3383
f 3219 3209 3385
f 3385 3209 3386
f 3209 3210 3386
f 3210 3375 3386
f 3379 3380 3378
f 3215 3387 3381
f 3215 3220 3387
f 3220 3388 3387
f 3222 3388 3220
f 3222 3389 3388
f 3389 3222 3223
f 3218 3382 3390
f 3224 3218 3390
f 3389 3223 3391
f 3225 3391 3223
f 3392 3391 3393
f 3225 3393 3391
f 3227 3393 3225
f 3228 3393 3227
f 3394 3395 3231
f 3390 3394 3224
f 3224 3394 3230
f 3394 3231 3230
f 3392 3393 3396
f 3228 3397 3393
f 3396 3393 3397
f 3397 3228 3229
f 3397 3229 3398
f 3233 3398 3234
f 3234 3398 3229
f 3399 3400 3401
f 3399 3401 3235
f 3235 3402 3399
f 3402 3235 3247
f 3403 3402 3404
f 3247 3404 3402
f 3231 3395 3405
f 3236 3231 3405
f 3398 3233 3406
f 3406 3233 3407
f 3233 3237 3407
f 3406 3407 3237
f 3409 3410 3411
f 3409 3411 3408
f 3409 3408 3240
f 3409 3240 3239
f 3243 3412 3410
f 3243 3410 3409
f 3239 3243 3409
f 3243 3242 3412
f 3242 3413 3412
f 3242 3245 3413
f 3245 3400 3413
f 3245 3246 3400
f 3246 3401 3400
f 3401 3246 3235
f 3247 3248 3404
f 3403 3404 3248
f 3248 3414 3403
f 3248 3250 3414
f 3415 3414 3250
f 3252 3415 3250
f 3416 3417 3418
f 3416 3418 3415
f 3252 3416 3415
f 3416 3254 3417
f 3416 3253 3254
f 3253 3416 3252
f 3257 3419 3417
f 3257 3417 3254
f 3257 3420 3419
f 3256 3420 3257
f 3419 3420 3421
f 3256 3421 3420
f 3258 3421 3256
f 3422 3405 3423
f 3422 3423 3421
f 3258 3422 3421
f 3405 3422 3236
f 3236 3422 3259
f 3259 3422 3258
f 3406 3237 3424
f 3237 3260 3424
f 3260 3425 3424
f 3261 3425 3260
f 3264 3408 3427
f 3264 3427 3426
f 3262 3264 3426
f 3264 3240 3408
f 3429 3425 3261
f 3265 3429 3261
f 3431 3428 3432
f 3431 3432 3430
f 3431 3430 3267
f 3431 3433 3428
f 3431 3266 3433
f 3431 3267 3266
f 3266 3426 3428
f 3266 3428 3433
f 3426 3266 3262
f 3265 3269 3429
f 3434 3429 3269
f 3434 3269 3271
f 3435 3436 3437
f 3435 3267 3430
f 3435 3273 3267
f 3435 3437 3273
f 3434 3271 3438
f 3438 3271 3439
f 3271 3275 3439
f 3438 3439 3275
f 3440 3441 3436
f 3440 3277 3441
f 3273 3437 3436
f 3273 3436 3441
f 3277 3273 3441
f 3438 3275 3442
f 3443 3442 3275
f 3443 3444 3442
f 3443 3275 3279
f 3280 3444 3279
f 3443 3279 3444
f 3445 3440 3446
f 3445 3446 3282
f 3440 3445 3277
f 3277 3445 3281
f 3445 3282 3281
f 3280 3448 3444
f 3447 3444 3448
f 3449 3447 3448
f 3449 3448 3283
f 3280 3283 3448
f 3282 3446 3450
f 3282 3450 3285
f 3283 3451 3449
f 3287 3451 3283
f 3452 3285 3450
f 3288 3285 3452
f 3453 3451 3287
f 3453 3287 3289
f 3452 3454 3288
f 3288 3454 3290
f 3456 3453 3289
f 3456 3289 3291
f 3455 3457 3454
f 3454 3457 3290
f 3290 3457 3292
f 3459 3456 3291
f 3459 3291 3293
f 3458 3460 3457
f 3457 3460 3292
f 3292 3460 3294
f 3462 3459 3293
f 3462 3293 3295
f 3461 3463 3460
f 3460 3463 3294
f 3294 3463 3296
f 3464 3462 3295
f 3464 3295 3297
f 3463 3465 3296
f 3465 3298 3296
f 3466 3464 3297
f 3466 3297 3299
f 3467 3298 3465
f 3298 3467 3301
f 3468 3466 3299
f 3468 3299 3302
f 3469 3301 3467
f 3469 3467 3470
f 3301 3469 3303
f 3304 3471 3468
f 3304 3305 3471
f 3304 3468 3302
f 3470 3472 3469
f 3473 3303 3472
f 3469 3472 3303
f 3473 3472 3303
f 3306 3303 3472
f 3305 3474 3471
f 3305 3308 3474
f 3475 3306 3472
f 3475 3472 3476
f 3475 3309 3306
f 3475 3476 3309
f 3477 3313 3478
f 3477 3474 3308
f 3477 3308 3312
f 3477 3312 3313
f 3479 3309 3480
f 3476 3480 3309
f 3479 3314 3309
f 3479 3480 3314
f 3313 3481 3478
f 3313 3317 3481
f 3482 3314 3480
f 3483 3314 3484
f 3482 3484 3314
f 3483 3318 3314
f 3483 3484 3318
f 3485 3321 3486
f 3485 3481 3317
f 3485 3317 3320
f 3485 3320 3321
f 3487 3318 3488
f 3484 3488 3318
f 3487 3322 3318
f 3487 3489 3322
f 3322 3489 3323
f 3490 3326 3491
f 3490 3486 3321
f 3490 3321 3325
f 3490 3325 3326
f 3492 3323 3489
f 3327 3323 3492
f 3492 3493 3327
f 3328 3327 3493
f 3493 3494 3328
f 3328 3494 3329
f 3329 3494 3495
f 3330 3329 3495
f 3496 3332 3331
f 3332 3496 3497
f 3332 3497 3334
f 3334 3497 3498
f 3334 3498 3335
f 3335 3498 3499
f 3335 3499 3336
f 3340 3501 3491
f 3340 3500 3501
f 3340 3338 3500
f 3340 3491 3326
f 3502 3495 3494
f 3495 3502 3330
f 3330 3502 3503
f 3331 3330 3503
f 3496 3331 3503
f 3504 3499 3498
f 3504 3336 3499
f 3505 3336 3506
f 3504 3506 3336
f 3507 3336 3505
f 3507 3341 3336
f 3507 3505 3341
f 3508 3343 3510
f 3508 3509 3342
f 3508 3342 3343
f 3338 3509 3500
f 3338 3342 3509
f 3505 3511 3341
f 3341 3511 3345
f 3511 3512 3345
f 3346 3345 3512
f 3513 3515 3514
f 3513 3347 3515
f 3516 3517 3510
f 3516 3513 3517
f 3516 3347 3513
f 3516 3510 3343
f 3516 3343 3348
f 3516 3348 3347
f 3518 3346 3512
f 3518 3349 3346
f 3518 3512 3519
f 3518 3519 3349
f 3522 3523 3514
f 3522 3520 3523
f 3522 3350 3520
f 3522 3514 3352
f 3522 3352 3351
f 3522 3351 3350
f 3352 3514 3515
f 3352 3515 3347
f 3519 3524 3349
f 3349 3524 3525
f 3353 3349 3525
f 3527 3355 3526
f 3527 3354 3355
f 3358 3528 3521
f 3358 3527 3528
f 3358 3354 3527
f 3358 3521 3359
f 3359 3521 3520
f 3359 3520 3350
f 3360 3353 3525
f 3360 3525 3529
f 3361 3360 3529
f 3531 3362 3530
f 3531 3532 3365
f 3531 3365 3364
f 3531 3364 3362
f 3365 3532 3526
f 3365 3526 3355
f 3361 3529 3533
f 3361 3533 3534
f 3366 3361 3534
f 3535 3534 3533
f 3535 3366 3534
f 3535 3367 3366
f 3536 3367 3535
f 3536 3368 3367
f 3537 3368 3536
f 3537 3369 3368
f 3538 3369 3537
f 3538 3539 3372
f 3538 3372 3371
f 3538 3371 3369
f 3372 3539 3540
f 3372 3540 3373
f 3373 3540 3541
f 3373 3541 3374
f 3374 3541 3530
f 3374 3530 3362
f 3543 3542 3382
f 3543 3383 3544
f 3543 3384 3383
f 3384 3543 3382
f 3383 3545 3544
f 3383 3385 3545
f 3385 3546 3545
f 3385 3386 3546
f 3386 3547 3546
f 3386 3375 3547
f 3376 3548 3375
f 3547 3375 3548
f 3548 3376 3377
f 3377 3549 3548
f 3377 3378 3549
f 3378 3550 3549
f 3378 3380 3550
f 3380 3551 3550
f 3380 3381 3551
f 3381 3552 3551
f 3381 3387 3552
f 3552 3387 3553
f 3388 3553 3387
f 3388 3554 3553
f 3389 3554 3388
f 3555 3542 3556
f 3555 3556 3557
f 3555 3557 3390
f 3555 3382 3542
f 3382 3555 3390
f 3554 3389 3558
f 3389 3391 3558
f 3559 3558 3392
f 3391 3392 3558
f 3560 3390 3557
f 3390 3560 3394
f 3395 3394 3560
f 3559 3392 3561
f 3561 3392 3396
f 3561 3396 3562
f 3397 3562 3396
f 3397 3563 3562
f 3398 3563 3397
f 3565 3564 3412
f 3565 3412 3413
f 3413 3566 3565
f 3567 3566 3400
f 3567 3400 3399
f 3399 3568 3567
f 3402 3568 3399
f 3402 3569 3568
f 3403 3569 3402
f 3395 3560 3570
f 3405 3395 3570
f 3398 3571 3563
f 3398 3406 3571
f 3574 3575 3576
f 3574 3576 3572
f 3408 3574 3572
f 3574 3410 3575
f 3574 3411 3410
f 3411 3574 3408
f 3410 3564 3575
f 3410 3412 3564
f 3413 3400 3566
f 3569 3403 3577
f 3577 3403 3414
f 3414 3578 3577
f 3415 3578 3414
f 3418 3579 3580
f 3418 3580 3578
f 3415 3418 3578
f 3418 3417 3579
f 3417 3581 3579
f 3417 3419 3581
f 3419 3582 3581
f 3419 3583 3582
f 3419 3421 3583
f 3423 3570 3582
f 3423 3582 3583
f 3421 3423 3583
f 3570 3423 3405
f 3571 3406 3584
f 3584 3406 3585
f 3406 3424 3585
f 3586 3584 3585
f 3424 3586 3585
f 3425 3586 3424
f 3588 3573 3589
f 3588 3589 3587
f 3588 3587 3428
f 3588 3427 3573
f 3588 3426 3427
f 3588 3428 3426
f 3427 3572 3573
f 3572 3427 3408
f 3590 3586 3425
f 3429 3590 3425
f 3432 3587 3592
f 3432 3592 3591
f 3430 3432 3591
f 3432 3428 3587
f 3429 3593 3590
f 3594 3590 3593
f 3594 3593 3434
f 3429 3434 3593
f 3595 3591 3596
f 3595 3596 3597
f 3595 3597 3436
f 3591 3595 3430
f 3430 3595 3435
f 3595 3436 3435
f 3594 3434 3598
f 3434 3438 3598
f 3599 3436 3597
f 3599 3440 3436
f 3442 3598 3438
f 3442 3601 3598
f 3444 3601 3442
f 3440 3599 3600
f 3440 3600 3602
f 3440 3602 3446
f 3444 3603 3601
f 3444 3447 3603
f 3447 3449 3603
f 3604 3602 3605
f 3604 3605 3606
f 3604 3446 3602
f 3604 3450 3446
f 3449 3607 3603
f 3449 3608 3607
f 3451 3608 3449
f 3609 3604 3606
f 3609 3606 3610
f 3609 3610 3611
f 3604 3609 3450
f 3450 3609 3452
f 3609 3611 3452
f 3607 3608 3612
f 3613 3612 3608
f 3613 3608 3451
f 3613 3451 3453
f 3611 3610 3614
f 3611 3614 3455
f 3452 3611 3454
f 3611 3455 3454
f 3615 3613 3453
f 3615 3453 3456
f 3455 3614 3616
f 3455 3616 3458
f 3455 3458 3457
f 3617 3615 3456
f 3617 3456 3459
f 3458 3616 3618
f 3458 3618 3461
f 3458 3461 3460
f 3619 3617 3459
f 3619 3459 3462
f 3461 3618 3620
f 3461 3620 3621
f 3461 3621 3463
f 3622 3619 3462
f 3622 3462 3464
f 3621 3620 3623
f 3621 3623 3624
f 3463 3621 3465
f 3621 3624 3465
f 3625 3622 3464
f 3625 3464 3466
f 3623 3626 3624
f 3624 3626 3465
f 3626 3467 3465
f 3627 3625 3466
f 3627 3466 3468
f 3628 3467 3626
f 3467 3628 3470
f 3630 3629 3627
f 3630 3631 3629
f 3630 3471 3631
f 3630 3627 3468
f 3630 3468 3471
f 3628 3632 3470
f 3632 3472 3470
f 3471 3633 3631
f 3471 3474 3633
f 3632 3634 3472
f 3476 3472 3634
f 3635 3633 3474
f 3635 3474 3477
f 3478 3635 3477
f 3476 3634 3637
f 3638 3476 3637
f 3480 3476 3638
f 3478 3636 3635
f 3478 3639 3636
f 3478 3481 3639
f 3637 3640 3638
f 3482 3480 3640
f 3638 3640 3480
f 3482 3640 3641
f 3484 3482 3641
f 3643 3642 3639
f 3643 3644 3642
f 3643 3486 3644
f 3643 3639 3481
f 3643 3481 3485
f 3643 3485 3486
f 3641 3645 3484
f 3488 3645 3646
f 3488 3484 3645
f 3487 3488 3646
f 3646 3647 3487
f 3489 3487 3647
f 3648 3491 3649
f 3648 3644 3486
f 3648 3486 3490
f 3648 3490 3491
f 3489 3647 3650
f 3489 3650 3492
f 3651 3650 3652
f 3651 3492 3650
f 3651 3652 3493
f 3651 3493 3492
f 3652 3653 3493
f 3494 3493 3653
f 3654 3656 3655
f 3654 3500 3656
f 3501 3657 3649
f 3501 3654 3657
f 3501 3500 3654
f 3501 3649 3491
f 3494 3653 3658
f 3494 3658 3502
f 3502 3658 3659
f 3502 3659 3503
f 3503 3659 3660
f 3503 3660 3496
f 3496 3660 3661
f 3496 3661 3497
f 3497 3661 3662
f 3497 3662 3498
f 3498 3662 3663
f 3498 3663 3504
f 3663 3664 3504
f 3505 3506 3664
f 3664 3506 3504
f 3666 3510 3665
f 3666 3655 3509
f 3666 3509 3508
f 3666 3508 3510
f 3509 3655 3656
f 3509 3656 3500
f 3664 3667 3505
f 3668 3505 3667
f 3512 3511 3668
f 3505 3668 3511
f 3668 3667 3669
f 3512 3668 3669
f 3670 3514 3672
f 3670 3513 3514
f 3517 3671 3665
f 3517 3670 3671
f 3517 3513 3670
f 3517 3665 3510
f 3673 3512 3669
f 3519 3512 3673
f 3674 3521 3675
f 3674 3520 3521
f 3523 3676 3672
f 3523 3674 3676
f 3523 3520 3674
f 3523 3672 3514
f 3673 3677 3519
f 3678 3519 3677
f 3519 3678 3524
f 3678 3525 3524
f 3681 3526 3679
f 3528 3527 3681
f 3681 3527 3526
f 3528 3682 3675
f 3528 3681 3682
f 3528 3675 3521
f 3684 3678 3683
f 3684 3525 3678
f 3684 3683 3529
f 3684 3529 3525
f 3529 3683 3685
f 3687 3530 3541
f 3688 3687 3680
f 3688 3530 3687
f 3688 3680 3532
f 3688 3532 3531
f 3688 3531 3530
f 3532 3680 3679
f 3532 3679 3526
f 3529 3685 3533
f 3533 3685 3689
f 3533 3689 3690
f 3535 3533 3690
f 3691 3689 3692
f 3691 3690 3689
f 3691 3535 3690
f 3691 3536 3535
f 3693 3692 3694
f 3693 3691 3692
f 3693 3536 3691
f 3693 3537 3536
f 3695 3694 3696
f 3695 3693 3694
f 3695 3537 3693
f 3695 3696 3539
f 3695 3539 3538
f 3695 3538 3537
f 3539 3696 3686
f 3539 3686 3540
f 3540 3686 3541
f 3544 3697 3543
f 3697 3542 3543
f 3698 3697 3544
f 3698 3545 3699
f 3698 3544 3545
f 3545 3700 3699
f 3545 3546 3700
f 3546 3701 3700
f 3546 3547 3701
f 3547 3702 3701
f 3547 3548 3702
f 3548 3703 3702
f 3548 3549 3703
f 3549 3704 3703
f 3549 3550 3704
f 3704 3550 3705
f 3550 3551 3705
f 3705 3551 3706
f 3552 3706 3551
f 3552 3707 3706
f 3707 3552 3708
f 3553 3708 3552
f 3708 3553 3554
f 3542 3709 3556
f 3557 3556 3709
f 3542 3697 3710
f 3542 3710 3709
f 3706 3707 3711
f 3707 3708 3711
f 3711 3708 3712
f 3708 3554 3712
f 3712 3554 3713
f 3554 3558 3713
f 3558 3559 3713
f 3557 3714 3560
f 3557 3709 3715
f 3557 3715 3714
f 3713 3559 3716
f 3559 3561 3716
f 3561 3717 3716
f 3562 3717 3561
f 3562 3718 3717
f 3563 3718 3562
f 3564 3720 3719
f 3565 3720 3564
f 3565 3721 3720
f 3566 3721 3565
f 3566 3722 3721
f 3567 3722 3566
f 3567 3723 3722
f 3723 3567 3724
f 3568 3724 3567
f 3725 3724 3568
f 3725 3568 3569
f 3726 3727 3570
f 3726 3560 3714
f 3560 3726 3570
f 3717 3718 3728
f 3728 3718 3563
f 3728 3563 3729
f 3571 3729 3563
f 3730 3731 3732
f 3730 3732 3572
f 3573 3572 3732
f 3572 3733 3730
f 3733 3575 3734
f 3733 3576 3575
f 3576 3733 3572
f 3575 3719 3734
f 3719 3575 3564
f 3722 3723 3724
f 3725 3735 3724
f 3725 3569 3735
f 3735 3569 3736
f 3736 3569 3577
f 3736 3577 3737
f 3578 3737 3577
f 3578 3738 3737
f 3738 3579 3739
f 3738 3580 3579
f 3580 3738 3578
f 3579 3740 3739
f 3579 3581 3740
f 3581 3741 3740
f 3581 3582 3741
f 3582 3727 3741
f 3582 3570 3727
f 3729 3571 3742
f 3571 3584 3742
f 3743 3742 3744
f 3584 3744 3742
f 3586 3744 3584
f 3589 3731 3746
f 3589 3746 3745
f 3587 3589 3745
f 3589 3573 3731
f 3573 3732 3731
f 3743 3744 3747
f 3747 3744 3586
f 3748 3747 3586
f 3590 3748 3586
f 3592 3745 3750
f 3592 3750 3749
f 3591 3592 3749
f 3745 3592 3587
f 3590 3752 3748
f 3751 3748 3752
f 3753 3751 3752
f 3753 3752 3594
f 3590 3594 3752
f 3596 3749 3754
f 3596 3754 3755
f 3596 3755 3597
f 3749 3596 3591
f 3753 3594 3756
f 3598 3756 3594
f 3757 3758 3600
f 3757 3597 3755
f 3757 3599 3597
f 3757 3600 3599
f 3598 3759 3756
f 3598 3760 3759
f 3601 3760 3598
f 3761 3762 3758
f 3761 3602 3762
f 3600 3758 3762
f 3602 3600 3762
f 3759 3760 3763
f 3763 3760 3601
f 3603 3763 3601
f 3605 3761 3764
f 3605 3764 3606
f 3761 3605 3602
f 3603 3765 3763
f 3603 3607 3765
f 3606 3764 3766
f 3606 3766 3610
f 3612 3765 3607
f 3612 3767 3765
f 3613 3767 3612
f 3768 3610 3766
f 3768 3614 3610
f 3769 3767 3613
f 3769 3613 3615
f 3770 3614 3768
f 3770 3616 3614
f 3771 3769 3615
f 3771 3615 3617
f 3772 3616 3770
f 3772 3618 3616
f 3773 3771 3617
f 3773 3617 3619
f 3774 3618 3772
f 3618 3774 3620
f 3775 3773 3619
f 3775 3619 3622
f 3620 3774 3776
f 3620 3776 3623
f 3777 3775 3622
f 3777 3622 3625
f 3776 3778 3623
f 3623 3778 3626
f 3779 3777 3625
f 3779 3625 3627
f 3778 3781 3626
f 3781 3628 3626
f 3629 3780 3779
f 3629 3782 3780
f 3629 3631 3782
f 3629 3779 3627
f 3783 3628 3781
f 3783 3781 3784
f 3628 3783 3632
f 3783 3784 3632
f 3631 3785 3782
f 3631 3633 3785
f 3784 3786 3632
f 3632 3786 3787
f 3634 3632 3787
f 3788 3636 3789
f 3788 3785 3633
f 3788 3633 3635
f 3788 3635 3636
f 3790 3634 3787
f 3790 3787 3791
f 3790 3791 3634
f 3637 3634 3791
f 3636 3792 3789
f 3636 3639 3792
f 3791 3793 3637
f 3794 3637 3793
f 3794 3640 3637
f 3794 3793 3795
f 3794 3795 3640
f 3641 3640 3795
f 3642 3796 3792
f 3642 3644 3796
f 3642 3792 3639
f 3645 3641 3795
f 3645 3795 3797
f 3645 3797 3798
f 3646 3645 3798
f 3797 3799 3798
f 3799 3646 3798
f 3799 3647 3646
f 3802 3801 3796
f 3802 3800 3801
f 3802 3649 3800
f 3802 3796 3644
f 3802 3644 3648
f 3802 3648 3649
f 3799 3803 3647
f 3647 3803 3650
f 3650 3803 3804
f 3650 3804 3805
f 3652 3650 3805
f 3805 3804 3806
f 3805 3806 3652
f 3653 3652 3806
f 3807 3655 3809
f 3807 3654 3655
f 3657 3808 3800
f 3657 3807 3808
f 3657 3654 3807
f 3657 3800 3649
f 3653 3806 3810
f 3653 3810 3658
f 3658 3810 3811
f 3658 3811 3659
f 3659 3811 3812
f 3659 3812 3660
f 3660 3812 3813
f 3660 3813 3661
f 3661 3813 3814
f 3661 3814 3662
f 3814 3815 3662
f 3663 3662 3815
f 3816 3663 3815
f 3816 3664 3663
f 3817 3671 3818
f 3817 3665 3671
f 3819 3817 3809
f 3819 3665 3817
f 3819 3809 3655
f 3819 3655 3666
f 3819 3666 3665
f 3816 3820 3664
f 3667 3664 3820
f 3667 3820 3821
f 3822 3667 3821
f 3669 3667 3822
f 3825 3823 3818
f 3825 3672 3823
f 3825 3818 3671
f 3825 3671 3670
f 3825 3670 3672
f 3826 3669 3821
f 3822 3821 3669
f 3826 3673 3669
f 3828 3829 3824
f 3828 3827 3829
f 3828 3675 3827
f 3828 3674 3675
f 3676 3824 3823
f 3676 3828 3824
f 3676 3674 3828
f 3676 3823 3672
f 3826 3677 3673
f 3826 3830 3677
f 3678 3677 3830
f 3832 3680 3831
f 3832 3679 3680
f 3833 3834 3835
f 3833 3832 3834
f 3833 3679 3832
f 3833 3835 3682
f 3833 3682 3681
f 3833 3681 3679
f 3682 3835 3827
f 3682 3827 3675
f 3836 3678 3830
f 3836 3683 3678
f 3837 3836 3830
f 3837 3683 3836
f 3837 3685 3683
f 3685 3837 3838
f 3842 3686 3840
f 3843 3686 3842
f 3843 3541 3686
f 3844 3843 3845
f 3844 3541 3843
f 3844 3687 3541
f 3687 3845 3831
f 3687 3844 3845
f 3687 3831 3680
f 3685 3838 3689
f 3689 3838 3839
f 3689 3839 3692
f 3692 3839 3841
f 3692 3841 3694
f 3694 3841 3840
f 3694 3840 3696
f 3696 3840 3686
f 3699 3846 3698
f 3846 3697 3698
f 3847 3846 3699
f 3700 3847 3699
f 3848 3849 3847
f 3848 3847 3700
f 3701 3848 3700
f 3850 3851 3848
f 3849 3848 3851
f 3701 3850 3848
f 3702 3850 3701
f 3852 3853 3850
f 3851 3850 3853
f 3702 3852 3850
f 3703 3852 3702
f 3853 3852 3854
f 3703 3854 3852
f 3704 3854 3703
f 3704 3855 3854
f 3705 3855 3704
f 3705 3856 3855
f 3856 3705 3706
f 3697 3857 3710
f 3710 3857 3709
f 3697 3858 3859
f 3697 3859 3857
f 3846 3858 3697
f 3858 3846 3847
f 3855 3856 3860
f 3856 3706 3860
f 3860 3706 3861
f 3861 3706 3862
f 3706 3711 3862
f 3863 3861 3862
f 3711 3863 3862
f 3712 3863 3711
f 3864 3863 3712
f 3864 3712 3713
f 3866 3715 3865
f 3709 3865 3715
f 3866 3714 3715
f 3867 3709 3857
f 3709 3867 3865
f 3866 3865 3867
f 3864 3868 3863
f 3864 3713 3868
f 3868 3713 3869
f 3716 3869 3713
f 3870 3869 3716
f 3870 3716 3717
f 3720 3871 3719
f 3720 3872 3871
f 3721 3872 3720
f 3721 3873 3872
f 3873 3721 3722
f 3874 3875 3876
f 3874 3876 3727
f 3727 3877 3874
f 3714 3877 3726
f 3727 3726 3877
f 3714 3866 3878
f 3714 3878 3877
f 3870 3879 3869
f 3870 3717 3879
f 3879 3717 3880
f 3880 3717 3728
f 3881 3880 3728
f 3881 3728 3729
f 3882 3883 3731
f 3882 3731 3730
f 3730 3884 3882
f 3884 3734 3885
f 3884 3733 3734
f 3733 3884 3730
f 3734 3886 3885
f 3734 3719 3886
f 3719 3871 3886
f 3872 3873 3887
f 3873 3722 3887
f 3887 3722 3888
f 3888 3722 3724
f 3724 3889 3888
f 3724 3735 3889
f 3735 3890 3889
f 3735 3736 3890
f 3890 3736 3891
f 3737 3891 3736
f 3737 3892 3891
f 3892 3739 3893
f 3892 3738 3739
f 3738 3892 3737
f 3739 3894 3893
f 3739 3740 3894
f 3740 3875 3894
f 3740 3741 3875
f 3741 3876 3875
f 3741 3727 3876
f 3896 3729 3895
f 3881 3729 3896
f 3729 3742 3895
f 3742 3743 3895
f 3745 3898 3897
f 3898 3731 3883
f 3898 3746 3731
f 3746 3898 3745
f 3895 3743 3899
f 3899 3743 3900
f 3743 3747 3900
f 3899 3900 3901
f 3747 3901 3900
f 3748 3901 3747
f 3750 3897 3903
f 3750 3903 3902
f 3750 3902 3749
f 3897 3750 3745
f 3899 3901 3904
f 3748 3904 3901
f 3748 3751 3904
f 3751 3753 3904
f 3754 3902 3905
f 3754 3905 3906
f 3754 3906 3755
f 3754 3749 3902
f 3907 3904 3753
f 3907 3908 3904
f 3907 3753 3756
f 3907 3756 3908
f 3909 3910 3758
f 3909 3755 3906
f 3909 3757 3755
f 3909 3758 3757
f 3911 3908 3756
f 3912 3911 3756
f 3912 3756 3759
f 3913 3758 3910
f 3913 3761 3758
f 3912 3759 3915
f 3915 3759 3763
f 3761 3913 3914
f 3761 3914 3916
f 3761 3916 3764
f 3917 3915 3763
f 3918 3917 3763
f 3918 3763 3765
f 3919 3764 3916
f 3919 3766 3764
f 3765 3920 3918
f 3765 3921 3920
f 3767 3921 3765
f 3919 3922 3766
f 3766 3922 3768
f 3921 3923 3920
f 3921 3924 3923
f 3921 3767 3769
f 3921 3769 3924
f 3922 3925 3768
f 3768 3925 3770
f 3926 3923 3924
f 3926 3924 3769
f 3926 3769 3771
f 3925 3927 3770
f 3770 3927 3772
f 3928 3926 3771
f 3928 3771 3773
f 3929 3772 3927
f 3929 3774 3772
f 3929 3927 3930
f 3929 3930 3774
f 3931 3928 3773
f 3931 3773 3775
f 3774 3930 3932
f 3774 3932 3776
f 3933 3931 3775
f 3933 3775 3777
f 3932 3935 3776
f 3776 3935 3778
f 3936 3934 3933
f 3936 3937 3934
f 3936 3780 3937
f 3936 3933 3777
f 3936 3777 3779
f 3936 3779 3780
f 3939 3778 3938
f 3935 3938 3778
f 3939 3781 3778
f 3939 3938 3940
f 3939 3940 3781
f 3780 3941 3937
f 3780 3782 3941
f 3942 3781 3940
f 3942 3940 3943
f 3942 3943 3781
f 3784 3781 3943
f 3944 3941 3782
f 3944 3782 3785
f 3786 3784 3943
f 3786 3943 3946
f 3787 3786 3946
f 3948 3945 3944
f 3948 3947 3945
f 3948 3789 3947
f 3948 3944 3785
f 3948 3785 3788
f 3948 3788 3789
f 3950 3787 3949
f 3946 3949 3787
f 3950 3949 3951
f 3950 3951 3787
f 3791 3787 3951
f 3954 3953 3947
f 3954 3952 3953
f 3954 3955 3952
f 3954 3947 3789
f 3954 3789 3792
f 3954 3792 3955
f 3793 3791 3956
f 3951 3956 3791
f 3793 3956 3957
f 3795 3793 3957
f 3959 3958 3952
f 3959 3960 3958
f 3959 3801 3960
f 3959 3796 3801
f 3792 3952 3955
f 3792 3959 3952
f 3792 3796 3959
f 3795 3957 3961
f 3795 3961 3797
f 3961 3962 3797
f 3962 3799 3797
f 3962 3963 3799
f 3964 3965 3960
f 3964 3966 3965
f 3964 3808 3966
f 3964 3800 3808
f 3801 3964 3960
f 3801 3800 3964
f 3803 3799 3963
f 3803 3963 3967
f 3803 3967 3804
f 3804 3967 3968
f 3806 3804 3968
f 3971 3972 3966
f 3971 3969 3972
f 3971 3809 3969
f 3971 3966 3808
f 3971 3808 3807
f 3971 3807 3809
f 3806 3968 3973
f 3806 3973 3810
f 3810 3973 3974
f 3810 3974 3811
f 3811 3974 3975
f 3811 3975 3812
f 3812 3975 3976
f 3812 3976 3813
f 3813 3976 3977
f 3814 3813 3977
f 3978 3814 3977
f 3978 3815 3814
f 3979 3815 3978
f 3979 3816 3815
f 3980 3816 3979
f 3980 3820 3816
f 3982 3983 3981
f 3982 3818 3983
f 3984 3982 3970
f 3984 3818 3982
f 3984 3817 3818
f 3817 3970 3969
f 3817 3984 3970
f 3817 3969 3809
f 3980 3985 3820
f 3820 3985 3986
f 3820 3986 3821
f 3986 3985 3987
f 3821 3986 3987
f 3991 3989 3981
f 3991 3988 3989
f 3991 3824 3988
f 3991 3981 3992
f 3991 3992 3823
f 3991 3823 3824
f 3823 3981 3983
f 3823 3992 3981
f 3823 3983 3818
f 3993 3821 3987
f 3993 3987 3994
f 3826 3821 3994
f 3993 3994 3821
f 3994 3987 3995
f 3998 3996 3990
f 3998 3835 3996
f 3998 3827 3835
f 3829 3990 3988
f 3829 3998 3990
f 3829 3827 3998
f 3829 3988 3824
f 3994 3999 3826
f 3826 3999 3830
f 3995 4000 3994
f 4001 3994 4000
f 4001 3999 3994
f 4001 3830 3999
f 4001 4000 4002
f 4005 3845 4003
f 4005 3831 3845
f 4006 4005 3997
f 4006 3831 4005
f 4006 3832 3831
f 3834 3997 3996
f 3834 4006 3997
f 3834 3832 4006
f 3834 3996 3835
f 4001 4007 3830
f 3837 3830 4007
f 4007 4001 4002
f 4007 4002 4008
f 4007 4008 3838
f 4007 3838 3837
f 4009 4002 4010
f 4009 4008 4002
f 4009 3838 4008
f 4009 3839 3838
f 4011 4010 4012
f 4011 4009 4010
f 4011 3839 4009
f 4011 3841 3839
f 4013 4012 4014
f 4013 4011 4012
f 4013 3841 4011
f 4013 3840 3841
f 4015 4014 4016
f 4015 4013 4014
f 4015 3840 4013
f 4015 4016 4017
f 4015 4017 3842
f 4015 3842 3840
f 4017 4016 4004
f 4017 4004 4018
f 4017 4018 3843
f 4017 3843 3842
f 3843 4004 4003
f 3843 4018 4004
f 3843 4003 3845
f 3858 4019 3859
f 4019 3857 3859
f 4020 4019 3858
f 3847 4021 3858
f 4020 3858 4021
f 4021 3847 4022
f 3849 4022 3847
f 4022 3849 4023
f 3849 3851 4023
f 4023 3851 4024
f 3851 3853 4024
f 4024 3853 4025
f 3853 3854 4025
f 4025 3854 4026
f 3855 4026 3854
f 3855 4027 4026
f 3860 4027 3855
f 4028 4027 3860
f 4028 3860 3861
f 3857 4029 3867
f 4029 3866 3867
f 4030 4029 3857
f 4019 4030 3857
f 4020 4021 4019
f 4031 4019 4021
f 4019 4031 4030
f 4027 4032 4026
f 4028 4033 4027
f 4032 4027 4033
f 4028 3861 4033
f 4033 3861 4034
f 4034 3861 3863
f 4034 3863 4035
f 3868 4035 3863
f 3868 4036 4035
f 3869 4036 3868
f 4037 3878 4038
f 3866 4038 3878
f 3878 4037 3877
f 4037 4038 4039
f 4038 3866 4039
f 4029 4039 3866
f 4040 4029 4030
f 4039 4029 4040
f 4035 4036 4041
f 4041 4036 3869
f 3869 4042 4041
f 3869 3879 4042
f 4042 3879 4043
f 3880 4043 3879
f 3880 4044 4043
f 3881 4044 3880
f 3883 3882 4045
f 3882 4046 4045
f 3885 4046 3884
f 3884 4046 3882
f 3885 4047 4046
f 4047 3885 3886
f 3886 4048 4049
f 4047 3886 4049
f 3886 3871 4048
f 4048 3871 4050
f 3871 3872 4050
f 4050 3872 4051
f 4051 3872 3887
f 3887 4052 4051
f 3887 3888 4052
f 3888 4053 4052
f 3888 3889 4053
f 3889 4054 4053
f 3889 3890 4054
f 4054 3890 4055
f 3891 4055 3890
f 3891 4056 4055
f 4056 3892 4057
f 3893 4057 3892
f 3892 4056 3891
f 4057 4058 4059
f 4056 4057 4059
f 4057 3894 4058
f 4057 3893 3894
f 3894 4060 4058
f 3894 3875 4060
f 3875 4061 4060
f 3874 4061 3875
f 4061 3874 4062
f 3874 3877 4062
f 3877 4037 4062
f 4043 4044 4063
f 3881 4064 4044
f 4063 4044 4064
f 4063 4064 4065
f 3881 4065 4064
f 4065 3881 3895
f 3896 3895 3881
f 4066 4068 3897
f 4066 3883 4067
f 4066 3898 3883
f 3898 4066 3897
f 3883 4045 4067
f 4065 3895 4070
f 4069 4070 3895
f 4069 3895 3899
f 4069 3899 4070
f 4071 4072 3902
f 4071 3897 4068
f 3897 4071 3903
f 4071 3902 3903
f 4070 3899 4074
f 4073 4074 3899
f 4073 4075 4074
f 4073 3899 3904
f 4073 3904 4075
f 4076 4077 3906
f 4076 3902 4072
f 4076 3905 3902
f 4076 3906 3905
f 4074 4075 4078
f 4075 3904 4078
f 4078 3904 4079
f 3904 4080 4079
f 3908 4080 3904
f 4081 4082 3910
f 4081 3906 4077
f 4081 3909 3906
f 4081 3910 3909
f 4079 4080 4083
f 4083 4080 3908
f 3911 4083 3908
f 3912 4083 3911
f 4084 4085 3914
f 4084 3910 4082
f 4084 3913 3910
f 4084 3914 3913
f 3912 4086 4083
f 3912 4087 4086
f 3912 3915 4087
f 3914 4085 4088
f 3914 4088 3916
f 4086 4087 4089
f 4089 4087 3915
f 3917 3918 3915
f 4089 3915 3918
f 4090 3916 4088
f 4090 3919 3916
f 4089 3918 4091
f 3918 3920 4091
f 4090 4092 3919
f 3919 4092 3922
f 3920 4093 4091
f 3920 3923 4093
f 4092 4094 3922
f 3922 4094 3925
f 3923 4095 4093
f 3923 4096 4095
f 3926 4096 3923
f 4094 4097 3925
f 3925 4097 3927
f 4096 4098 4095
f 4096 4099 4098
f 4096 3926 3928
f 4096 3928 4099
f 4101 3927 4100
f 4097 4100 3927
f 4101 4100 4102
f 4101 4102 3927
f 3930 3927 4102
f 4099 4103 4098
f 4099 4104 4103
f 4099 3928 3931
f 4099 3931 4104
f 3930 4102 4105
f 3930 4105 3932
f 4104 4106 4103
f 4104 3934 4106
f 4104 3931 3933
f 4104 3933 3934
f 4107 3932 4108
f 4105 4108 3932
f 3932 4107 3935
f 4107 4108 3935
f 3934 4109 4106
f 3934 3937 4109
f 3938 3935 4108
f 3938 4108 4110
f 3940 3938 4110
f 4111 4109 3937
f 4111 3937 3941
f 4110 4112 3940
f 3943 3940 4112
f 4114 4113 4111
f 4114 4115 4113
f 4114 3945 4115
f 4114 4111 3941
f 4114 3941 3944
f 4114 3944 3945
f 4116 3943 4112
f 4116 4112 4117
f 4116 4117 3943
f 3946 3943 4117
f 3945 4118 4115
f 3945 3947 4118
f 3949 3946 4117
f 3949 4117 4120
f 3951 3949 4120
f 3953 4119 4118
f 3953 4121 4119
f 3953 3952 4121
f 3953 4118 3947
f 3956 3951 4120
f 4120 4122 3956
f 4122 3957 3956
f 3958 4123 4121
f 3958 3960 4123
f 3958 4121 3952
f 4122 4125 3957
f 3957 4125 3961
f 4126 4125 4127
f 4126 3961 4125
f 4126 4127 4128
f 4126 4128 3962
f 4126 3962 3961
f 4127 4129 4128
f 4129 3962 4128
f 3963 3962 4129
f 3965 4124 4123
f 3965 4130 4124
f 3965 3966 4130
f 3965 4123 3960
f 3963 4129 4132
f 3963 4132 3967
f 4132 4133 3967
f 4133 3968 3967
f 4135 4136 4131
f 4135 4134 4136
f 4135 3970 4134
f 4135 3969 3970
f 3972 4131 4130
f 3972 4135 4131
f 3972 3969 4135
f 3972 4130 3966
f 4133 4137 3968
f 3968 4137 3973
f 3973 4137 4138
f 3973 4138 3974
f 3974 4138 4139
f 3974 4139 3975
f 3975 4139 4140
f 3975 4140 3976
f 3976 4140 4141
f 3976 4141 4142
f 3977 3976 4142
f 4142 4141 4143
f 4142 4143 4144
f 4142 4144 3978
f 4142 3978 3977
f 4145 4144 4143
f 4145 3978 4144
f 4145 3979 3978
f 4146 3979 4145
f 4146 3980 3979
f 4147 3980 4146
f 4147 3985 3980
f 3985 4147 4148
f 4151 4152 4153
f 4151 4150 4152
f 4151 3989 4150
f 4151 3981 3989
f 4154 4153 4155
f 4154 4151 4153
f 4154 3981 4151
f 4154 3982 3981
f 3982 4155 4134
f 3982 4154 4155
f 3982 4134 3970
f 3985 4148 4156
f 3985 4156 3987
f 4157 4148 4158
f 4157 4156 4148
f 4157 3987 4156
f 4157 4159 3987
f 4158 4160 4157
f 4159 4157 4160
f 4164 4163 4149
f 4164 4162 4163
f 4164 4149 4165
f 4164 4165 3990
f 4164 3990 4162
f 4165 4149 4150
f 4165 4150 3989
f 4165 3989 3988
f 4165 3988 3990
f 3987 4159 4000
f 3995 3987 4000
f 4166 4159 4160
f 4166 4000 4159
f 4166 4167 4000
f 4169 4160 4168
f 4169 4166 4160
f 4167 4166 4169
f 4168 4170 4169
f 4177 4176 4161
f 4177 4175 4176
f 4177 4161 4178
f 4177 4178 3997
f 4177 3997 4175
f 4178 4161 4162
f 4178 4162 4179
f 4178 4179 3996
f 4178 3996 3997
f 3996 4179 4162
f 3996 4162 3990
f 4000 4167 4002
f 4167 4169 4180
f 4167 4180 4010
f 4167 4010 4002
f 4181 4169 4170
f 4181 4180 4169
f 4181 4010 4180
f 4181 4012 4010
f 4182 4170 4171
f 4182 4181 4170
f 4182 4012 4181
f 4182 4014 4012
f 4183 4171 4172
f 4183 4182 4171
f 4183 4014 4182
f 4183 4016 4014
f 4184 4172 4173
f 4184 4183 4172
f 4184 4016 4183
f 4184 4004 4016
f 4185 4173 4174
f 4185 4184 4173
f 4185 4004 4184
f 4185 4174 4186
f 4185 4186 4003
f 4185 4003 4004
f 4186 4174 4175
f 4186 4175 4187
f 4186 4187 4005
f 4186 4005 4003
f 4005 4187 4175
f 4005 4175 3997
f 4021 4188 4031
f 4188 4030 4031
f 4189 4021 4022
f 4188 4021 4189
f 4189 4022 4190
f 4022 4023 4190
f 4190 4023 4191
f 4023 4024 4191
f 4191 4024 4192
f 4024 4025 4192
f 4192 4025 4193
f 4025 4026 4193
f 4194 4193 4026
f 4032 4194 4026
f 4195 4194 4032
f 4033 4195 4032
f 4196 4195 4033
f 4034 4196 4033
f 4197 4196 4034
f 4197 4034 4035
f 4198 4037 4039
f 4030 4200 4040
f 4199 4039 4200
f 4040 4200 4039
f 4201 4200 4030
f 4188 4202 4030
f 4201 4030 4202
f 4188 4203 4202
f 4201 4202 4203
f 4188 4189 4203
f 4190 4204 4189
f 4203 4189 4204
f 4191 4205 4190
f 4204 4190 4205
f 4192 4206 4191
f 4205 4191 4206
f 4193 4207 4192
f 4206 4192 4207
f 4194 4208 4193
f 4209 4193 4208
f 4207 4193 4209
f 4195 4210 4194
f 4208 4194 4210
f 4210 4195 4196
f 4197 4211 4196
f 4197 4035 4211
f 4211 4035 4212
f 4212 4035 4041
f 4212 4041 4213
f 4042 4213 4041
f 4042 4214 4213
f 4214 4042 4043
f 4046 4215 4045
f 4046 4216 4215
f 4047 4216 4046
f 4047 4217 4216
f 4217 4049 4218
f 4048 4218 4049
f 4049 4217 4047
f 4217 4218 4219
f 4218 4220 4219
f 4218 4048 4220
f 4050 4220 4048
f 4221 4222 4220
f 4219 4220 4222
f 4050 4221 4220
f 4051 4221 4050
f 4223 4224 4221
f 4222 4221 4224
f 4051 4223 4221
f 4223 4225 4224
f 4223 4051 4225
f 4052 4225 4051
f 4224 4225 4226
f 4225 4227 4226
f 4225 4052 4227
f 4053 4227 4052
f 4226 4227 4228
f 4227 4053 4228
f 4054 4228 4053
f 4054 4229 4228
f 4055 4229 4054
f 4055 4230 4229
f 4056 4230 4055
f 4231 4230 4056
f 4058 4231 4059
f 4059 4231 4056
f 4232 4233 4234
f 4232 4234 4231
f 4058 4232 4231
f 4232 4060 4233
f 4232 4058 4060
f 4060 4235 4233
f 4060 4061 4235
f 4061 4236 4235
f 4061 4062 4236
f 4062 4237 4236
f 4062 4037 4237
f 4198 4237 4037
f 4237 4198 4238
f 4198 4039 4238
f 4199 4200 4039
f 4238 4039 4200
f 4213 4214 4239
f 4214 4043 4239
f 4239 4043 4240
f 4063 4240 4043
f 4067 4241 4066
f 4068 4066 4241
f 4067 4242 4243
f 4067 4243 4241
f 4067 4045 4242
f 4045 4215 4242
f 4063 4244 4240
f 4063 4065 4244
f 4065 4245 4244
f 4070 4245 4065
f 4246 4248 4072
f 4246 4068 4247
f 4246 4071 4068
f 4246 4072 4071
f 4068 4241 4247
f 4244 4245 4249
f 4070 4250 4245
f 4249 4245 4250
f 4249 4250 4074
f 4070 4074 4250
f 4251 4252 4077
f 4251 4072 4248
f 4251 4076 4072
f 4251 4077 4076
f 4249 4074 4253
f 4078 4253 4074
f 4079 4253 4078
f 4254 4255 4082
f 4254 4077 4252
f 4254 4081 4077
f 4254 4082 4081
f 4256 4253 4079
f 4256 4257 4253
f 4256 4258 4257
f 4256 4079 4083
f 4256 4083 4258
f 4259 4084 4082
f 4085 4084 4259
f 4259 4082 4255
f 4257 4258 4260
f 4260 4258 4083
f 4260 4083 4086
f 4085 4259 4261
f 4085 4261 4262
f 4085 4262 4088
f 4086 4263 4260
f 4086 4264 4263
f 4086 4089 4264
f 4088 4265 4090
f 4088 4262 4265
f 4266 4263 4264
f 4266 4264 4089
f 4266 4089 4091
f 4265 4267 4090
f 4090 4267 4092
f 4268 4266 4091
f 4268 4091 4093
f 4267 4269 4092
f 4092 4269 4094
f 4093 4270 4268
f 4093 4095 4270
f 4269 4271 4094
f 4094 4271 4097
f 4095 4272 4270
f 4095 4098 4272
f 4100 4097 4271
f 4100 4271 4273
f 4102 4100 4273
f 4098 4274 4272
f 4098 4103 4274
f 4102 4273 4275
f 4105 4102 4275
f 4103 4106 4274
f 4275 4276 4105
f 4105 4276 4108
f 4277 4106 4109
f 4108 4276 4278
f 4110 4108 4278
f 4280 4279 4277
f 4280 4281 4279
f 4280 4277 4109
f 4280 4109 4111
f 4278 4282 4110
f 4110 4282 4112
f 4113 4281 4280
f 4113 4283 4281
f 4113 4115 4283
f 4113 4280 4111
f 4282 4284 4112
f 4285 4112 4284
f 4117 4112 4284
f 4285 4284 4112
f 4287 4286 4283
f 4287 4288 4286
f 4287 4119 4288
f 4287 4283 4115
f 4287 4115 4118
f 4287 4118 4119
f 4290 4284 4289
f 4290 4117 4284
f 4120 4117 4289
f 4290 4289 4117
f 4291 4288 4293
f 4291 4293 4121
f 4119 4293 4288
f 4119 4121 4293
f 4295 4289 4294
f 4295 4120 4289
f 4295 4294 4296
f 4295 4296 4122
f 4295 4122 4120
f 4294 4297 4296
f 4297 4122 4296
f 4298 4124 4299
f 4298 4123 4124
f 4123 4292 4291
f 4123 4298 4292
f 4123 4291 4121
f 4297 4125 4122
f 4125 4297 4300
f 4125 4300 4127
f 4300 4301 4127
f 4301 4129 4127
f 4301 4302 4129
f 4303 4129 4302
f 4305 4306 4299
f 4305 4304 4306
f 4305 4131 4304
f 4305 4299 4124
f 4305 4124 4130
f 4305 4130 4131
f 4132 4129 4302
f 4303 4302 4129
f 4132 4302 4307
f 4132 4307 4308
f 4132 4308 4133
f 4307 4309 4308
f 4309 4133 4308
f 4310 4155 4312
f 4310 4134 4155
f 4136 4311 4304
f 4136 4310 4311
f 4136 4134 4310
f 4136 4304 4131
f 4309 4137 4133
f 4137 4309 4313
f 4137 4313 4138
f 4138 4313 4314
f 4138 4314 4139
f 4139 4314 4315
f 4139 4315 4140
f 4140 4315 4316
f 4140 4316 4141
f 4141 4316 4317
f 4141 4317 4143
f 4143 4317 4318
f 4143 4318 4319
f 4145 4143 4319
f 4319 4318 4320
f 4319 4320 4321
f 4319 4321 4146
f 4319 4146 4145
f 4320 4323 4321
f 4322 4321 4323
f 4322 4146 4321
f 4322 4147 4146
f 4324 4147 4322
f 4324 4148 4147
f 4325 4148 4324
f 4334 4333 4335
f 4337 4335 4338
f 4337 4334 4335
f 4337 4336 4334
f 4337 4163 4336
f 4339 4338 4340
f 4339 4337 4338
f 4339 4163 4337
f 4339 4149 4163
f 4341 4340 4342
f 4341 4339 4340
f 4341 4149 4339
f 4341 4150 4149
f 4152 4342 4343
f 4152 4341 4342
f 4152 4150 4341
f 4152 4343 4153
f 4153 4343 4312
f 4153 4312 4155
f 4325 4158 4148
f 4158 4325 4326
f 4158 4326 4344
f 4158 4344 4160
f 4344 4326 4327
f 4344 4327 4345
f 4344 4345 4168
f 4344 4168 4160
f 4345 4327 4328
f 4345 4328 4346
f 4345 4346 4347
f 4345 4347 4168
f 4348 4328 4329
f 4348 4346 4328
f 4348 4347 4346
f 4348 4349 4347
f 4350 4329 4331
f 4350 4348 4329
f 4350 4349 4348
f 4350 4351 4349
f 4352 4331 4330
f 4352 4350 4331
f 4352 4351 4350
f 4352 4353 4351
f 4354 4330 4332
f 4354 4352 4330
f 4354 4353 4352
f 4354 4355 4353
f 4356 4332 4333
f 4356 4354 4332
f 4356 4355 4354
f 4356 4333 4176
f 4356 4176 4355
f 4333 4334 4336
f 4333 4336 4161
f 4333 4161 4176
f 4336 4163 4162
f 4336 4162 4161
f 4168 4347 4170
f 4347 4349 4171
f 4347 4171 4170
f 4349 4351 4172
f 4349 4172 4171
f 4351 4353 4173
f 4351 4173 4172
f 4353 4355 4174
f 4353 4174 4173
f 4355 4176 4175
f 4355 4175 4174
f 4357 4204 4205
f 4208 4358 4209
f 4209 4358 4207
f 4359 4358 4208
f 4210 4359 4208
f 4359 4210 4360
f 4360 4210 4361
f 4196 4361 4210
f 4362 4363 4361
f 4360 4361 4363
f 4196 4362 4361
f 4362 4196 4363
f 4211 4363 4196
f 4211 4364 4363
f 4212 4364 4211
f 4365 4364 4212
f 4365 4212 4213
f 4216 4366 4215
f 4366 4216 4367
f 4217 4367 4216
f 4217 4368 4367
f 4219 4368 4217
f 4219 4369 4368
f 4222 4369 4219
f 4222 4370 4369
f 4224 4370 4222
f 4371 4370 4224
f 4226 4371 4224
f 4371 4226 4372
f 4228 4372 4226
f 4228 4373 4372
f 4373 4228 4229
f 4233 4375 4234
f 4374 4231 4375
f 4234 4375 4231
f 4376 4375 4233
f 4235 4376 4233
f 4235 4377 4376
f 4377 4235 4236
f 4236 4378 4379
f 4377 4236 4379
f 4236 4237 4378
f 4237 4380 4378
f 4237 4238 4380
f 4238 4381 4380
f 4238 4200 4381
f 4200 4382 4381
f 4200 4201 4382
f 4201 4383 4382
f 4201 4203 4383
f 4383 4203 4384
f 4203 4204 4384
f 4357 4385 4204
f 4384 4204 4385
f 4357 4205 4385
f 4385 4205 4386
f 4205 4206 4386
f 4386 4206 4387
f 4206 4207 4387
f 4387 4207 4388
f 4207 4358 4388
f 4388 4358 4359
f 4365 4389 4364
f 4365 4213 4389
f 4389 4213 4391
f 4390 4391 4213
f 4239 4391 4213
f 4390 4213 4391
f 4240 4391 4239
f 4392 4393 4241
f 4242 4392 4243
f 4243 4392 4241
f 4242 4394 4395
f 4242 4395 4392
f 4242 4215 4394
f 4394 4215 4366
f 4372 4373 4396
f 4373 4229 4396
f 4396 4229 4397
f 4397 4229 4230
f 4230 4398 4397
f 4231 4398 4230
f 4374 4375 4231
f 4398 4231 4375
f 4240 4399 4391
f 4400 4391 4399
f 4399 4240 4401
f 4399 4401 4402
f 4240 4402 4401
f 4402 4240 4244
f 4247 4403 4246
f 4248 4246 4403
f 4247 4393 4404
f 4247 4404 4403
f 4247 4241 4393
f 4399 4402 4405
f 4402 4244 4405
f 4405 4244 4406
f 4244 4407 4406
f 4244 4249 4407
f 4248 4408 4251
f 4252 4251 4408
f 4248 4403 4409
f 4248 4409 4408
f 4406 4407 4410
f 4407 4249 4410
f 4410 4249 4411
f 4249 4412 4411
f 4249 4253 4412
f 4252 4413 4254
f 4255 4254 4413
f 4252 4408 4414
f 4252 4414 4413
f 4411 4412 4415
f 4415 4412 4253
f 4415 4253 4257
f 4255 4413 4417
f 4255 4417 4416
f 4255 4416 4259
f 4415 4257 4418
f 4418 4257 4260
f 4419 4259 4416
f 4259 4419 4261
f 4419 4262 4261
f 4418 4260 4420
f 4260 4263 4420
f 4419 4421 4262
f 4262 4421 4422
f 4262 4422 4265
f 4263 4423 4420
f 4263 4424 4423
f 4266 4424 4263
f 4425 4267 4265
f 4425 4265 4422
f 4424 4426 4423
f 4424 4427 4426
f 4424 4266 4268
f 4424 4268 4427
f 4425 4428 4267
f 4429 4269 4428
f 4267 4428 4269
f 4430 4428 4425
f 4429 4428 4430
f 4431 4426 4427
f 4431 4432 4426
f 4431 4427 4268
f 4431 4268 4270
f 4269 4429 4271
f 4433 4429 4430
f 4271 4429 4433
f 4434 4432 4431
f 4434 4435 4432
f 4434 4431 4270
f 4434 4270 4272
f 4436 4271 4433
f 4273 4271 4436
f 4435 4434 4437
f 4437 4434 4272
f 4437 4272 4274
f 4439 4273 4440
f 4436 4440 4273
f 4439 4440 4273
f 4275 4273 4440
f 4441 4438 4437
f 4441 4442 4438
f 4441 4437 4274
f 4441 4274 4106
f 4443 4275 4440
f 4275 4443 4276
f 4443 4440 4444
f 4276 4443 4444
f 4445 4442 4441
f 4445 4446 4442
f 4445 4441 4106
f 4445 4106 4277
f 4447 4276 4444
f 4278 4276 4447
f 4279 4446 4445
f 4279 4448 4446
f 4279 4281 4448
f 4279 4445 4277
f 4450 4278 4449
f 4447 4449 4278
f 4450 4282 4278
f 4450 4449 4451
f 4450 4451 4282
f 4452 4453 4448
f 4452 4448 4281
f 4452 4281 4283
f 4451 4454 4282
f 4455 4282 4454
f 4455 4284 4282
f 4455 4454 4456
f 4455 4456 4284
f 4286 4453 4452
f 4286 4457 4453
f 4286 4288 4457
f 4286 4452 4283
f 4456 4458 4284
f 4459 4284 4458
f 4459 4289 4284
f 4459 4458 4460
f 4459 4460 4289
f 4461 4289 4460
f 4463 4462 4457
f 4463 4464 4462
f 4463 4292 4464
f 4463 4457 4288
f 4463 4288 4291
f 4463 4291 4292
f 4294 4289 4460
f 4461 4460 4289
f 4465 4460 4466
f 4465 4294 4460
f 4465 4297 4294
f 4465 4466 4467
f 4465 4467 4297
f 4469 4470 4464
f 4469 4468 4470
f 4469 4299 4468
f 4469 4464 4292
f 4469 4292 4298
f 4469 4298 4299
f 4300 4297 4467
f 4471 4467 4472
f 4471 4300 4467
f 4471 4472 4301
f 4471 4301 4300
f 4472 4473 4301
f 4302 4301 4473
f 4476 4311 4474
f 4476 4304 4311
f 4306 4476 4468
f 4306 4304 4476
f 4306 4468 4299
f 4302 4473 4477
f 4302 4477 4307
f 4478 4477 4479
f 4478 4307 4477
f 4478 4479 4480
f 4478 4480 4309
f 4478 4309 4307
f 4479 4481 4480
f 4481 4309 4480
f 4481 4313 4309
f 4313 4481 4482
f 4483 4316 4315
f 4484 4316 4483
f 4484 4317 4316
f 4317 4484 4485
f 4488 4338 4486
f 4491 4490 4475
f 4491 4343 4490
f 4491 4312 4343
f 4492 4475 4474
f 4492 4491 4475
f 4492 4312 4491
f 4492 4474 4311
f 4492 4311 4310
f 4492 4310 4312
f 4313 4482 4314
f 4314 4482 4315
f 4317 4485 4318
f 4318 4485 4493
f 4318 4493 4320
f 4323 4493 4494
f 4323 4320 4493
f 4323 4494 4495
f 4322 4323 4495
f 4494 4496 4495
f 4496 4322 4495
f 4496 4324 4322
f 4497 4324 4496
f 4497 4325 4324
f 4498 4325 4497
f 4498 4326 4325
f 4499 4326 4498
f 4499 4327 4326
f 4500 4327 4499
f 4500 4328 4327
f 4501 4328 4500
f 4501 4329 4328
f 4502 4329 4501
f 4502 4331 4329
f 4503 4331 4502
f 4503 4330 4331
f 4505 4504 4506
f 4505 4503 4504
f 4505 4330 4503
f 4505 4506 4507
f 4505 4507 4332
f 4505 4332 4330
f 4507 4506 4508
f 4507 4508 4509
f 4507 4509 4333
f 4507 4333 4332
f 4333 4508 4487
f 4333 4509 4508
f 4333 4487 4335
f 4335 4487 4486
f 4335 4486 4338
f 4488 4340 4338
f 4340 4488 4489
f 4340 4489 4342
f 4342 4489 4343
f 4377 4510 4376
f 4510 4377 4511
f 4378 4511 4379
f 4379 4511 4377
f 4378 4512 4511
f 4380 4512 4378
f 4380 4513 4512
f 4513 4380 4514
f 4381 4514 4380
f 4514 4515 4516
f 4513 4514 4516
f 4514 4382 4515
f 4514 4381 4382
f 4382 4517 4515
f 4382 4383 4517
f 4383 4518 4517
f 4383 4384 4518
f 4384 4519 4518
f 4384 4385 4519
f 4385 4520 4519
f 4385 4386 4520
f 4386 4521 4520
f 4386 4522 4521
f 4387 4522 4386
f 4521 4522 4523
f 4387 4523 4522
f 4388 4523 4387
f 4388 4524 4523
f 4359 4524 4388
f 4525 4524 4359
f 4360 4525 4359
f 4360 4526 4525
f 4360 4363 4526
f 4363 4527 4526
f 4364 4527 4363
f 4528 4527 4364
f 4389 4529 4364
f 4528 4364 4529
f 4391 4529 4389
f 4530 4393 4392
f 4530 4392 4531
f 4394 4531 4395
f 4395 4531 4392
f 4532 4533 4531
f 4394 4532 4531
f 4532 4366 4533
f 4532 4394 4366
f 4366 4534 4535
f 4533 4366 4535
f 4366 4367 4534
f 4534 4367 4536
f 4367 4368 4536
f 4536 4368 4537
f 4368 4369 4537
f 4539 4369 4538
f 4537 4369 4539
f 4538 4369 4540
f 4369 4370 4540
f 4540 4541 4542
f 4538 4540 4542
f 4540 4371 4541
f 4540 4370 4371
f 4371 4543 4541
f 4371 4372 4543
f 4543 4372 4544
f 4544 4372 4396
f 4544 4396 4545
f 4397 4545 4396
f 4397 4546 4545
f 4398 4546 4397
f 4547 4548 4546
f 4398 4547 4546
f 4547 4375 4548
f 4547 4398 4375
f 4375 4549 4550
f 4548 4375 4550
f 4376 4549 4375
f 4549 4376 4510
f 4528 4551 4527
f 4528 4529 4551
f 4551 4529 4552
f 4391 4553 4529
f 4552 4529 4553
f 4554 4552 4553
f 4391 4554 4553
f 4554 4391 4399
f 4400 4399 4391
f 4404 4556 4557
f 4404 4557 4555
f 4403 4404 4555
f 4404 4393 4556
f 4393 4558 4556
f 4530 4558 4393
f 4530 4531 4558
f 4560 4399 4559
f 4554 4399 4560
f 4399 4405 4559
f 4405 4406 4559
f 4409 4555 4562
f 4409 4562 4561
f 4409 4561 4408
f 4555 4409 4403
f 4559 4406 4563
f 4564 4563 4406
f 4410 4564 4406
f 4411 4564 4410
f 4414 4561 4566
f 4414 4566 4567
f 4414 4567 4413
f 4565 4413 4567
f 4414 4408 4561
f 4568 4564 4411
f 4568 4569 4564
f 4568 4411 4415
f 4568 4415 4569
f 4570 4571 4416
f 4570 4413 4567
f 4565 4567 4413
f 4413 4570 4417
f 4570 4416 4417
f 4569 4415 4572
f 4572 4415 4573
f 4415 4574 4573
f 4415 4418 4574
f 4416 4575 4419
f 4416 4571 4575
f 4576 4573 4574
f 4576 4574 4418
f 4576 4418 4420
f 4577 4419 4575
f 4419 4577 4421
f 4422 4421 4577
f 4578 4576 4420
f 4578 4420 4423
f 4422 4577 4579
f 4422 4579 4425
f 4423 4580 4578
f 4423 4426 4580
f 4579 4581 4425
f 4425 4581 4430
f 4426 4582 4580
f 4426 4432 4582
f 4581 4583 4430
f 4430 4583 4433
f 4432 4584 4582
f 4432 4435 4584
f 4585 4433 4586
f 4583 4586 4433
f 4585 4586 4433
f 4436 4433 4586
f 4435 4587 4584
f 4435 4438 4587
f 4435 4437 4438
f 4589 4436 4588
f 4586 4588 4436
f 4436 4589 4440
f 4438 4590 4587
f 4438 4442 4590
f 4591 4440 4589
f 4444 4440 4591
f 4592 4590 4593
f 4592 4593 4446
f 4442 4593 4590
f 4442 4446 4593
f 4591 4594 4444
f 4594 4447 4444
f 4595 4596 4592
f 4595 4448 4596
f 4595 4592 4446
f 4595 4446 4448
f 4594 4449 4447
f 4594 4597 4449
f 4451 4449 4597
f 4448 4598 4596
f 4448 4453 4598
f 4454 4451 4597
f 4597 4600 4454
f 4599 4454 4600
f 4456 4454 4599
f 4601 4603 4602
f 4601 4598 4453
f 4601 4453 4457
f 4601 4457 4603
f 4599 4458 4456
f 4605 4599 4604
f 4605 4458 4599
f 4605 4604 4606
f 4605 4606 4460
f 4605 4460 4458
f 4606 4604 4607
f 4460 4606 4607
f 4608 4609 4602
f 4608 4610 4609
f 4462 4602 4603
f 4462 4608 4602
f 4462 4464 4608
f 4462 4603 4457
f 4460 4607 4466
f 4611 4466 4607
f 4611 4467 4466
f 4467 4611 4612
f 4615 4613 4610
f 4615 4468 4613
f 4615 4610 4470
f 4615 4470 4468
f 4470 4610 4608
f 4470 4608 4464
f 4612 4616 4467
f 4467 4616 4617
f 4472 4467 4617
f 4618 4617 4616
f 4618 4472 4617
f 4618 4473 4472
f 4473 4618 4619
f 4622 4623 4624
f 4622 4620 4623
f 4625 4624 4614
f 4625 4622 4624
f 4625 4475 4622
f 4625 4614 4626
f 4625 4626 4474
f 4625 4474 4475
f 4626 4614 4613
f 4626 4613 4468
f 4626 4468 4476
f 4626 4476 4474
f 4473 4619 4477
f 4477 4619 4627
f 4477 4627 4479
f 4479 4627 4628
f 4479 4628 4629
f 4479 4629 4481
f 4630 4628 4631
f 4630 4629 4628
f 4630 4481 4629
f 4630 4482 4481
f 4632 4631 4633
f 4632 4630 4631
f 4632 4482 4630
f 4632 4315 4482
f 4633 4634 4632
f 4634 4315 4632
f 4634 4483 4315
f 4635 4483 4634
f 4635 4484 4483
f 4636 4484 4635
f 4636 4485 4484
f 4637 4485 4636
f 4637 4493 4485
f 4493 4637 4638
f 4641 4487 4639
f 4642 4487 4641
f 4642 4486 4487
f 4643 4644 4645
f 4643 4642 4644
f 4643 4486 4642
f 4643 4645 4646
f 4643 4646 4488
f 4643 4488 4486
f 4646 4645 4621
f 4646 4621 4647
f 4646 4647 4489
f 4646 4489 4488
f 4647 4621 4620
f 4647 4620 4490
f 4647 4490 4343
f 4647 4343 4489
f 4490 4620 4622
f 4490 4622 4475
f 4493 4638 4494
f 4494 4638 4648
f 4494 4648 4649
f 4494 4649 4496
f 4649 4648 4650
f 4649 4650 4651
f 4649 4651 4497
f 4649 4497 4496
f 4651 4650 4652
f 4651 4652 4653
f 4651 4653 4498
f 4651 4498 4497
f 4653 4652 4654
f 4653 4654 4655
f 4653 4655 4499
f 4653 4499 4498
f 4655 4654 4656
f 4655 4656 4657
f 4655 4657 4500
f 4655 4500 4499
f 4658 4656 4659
f 4658 4657 4656
f 4658 4500 4657
f 4658 4501 4500
f 4660 4659 4661
f 4660 4658 4659
f 4660 4501 4658
f 4660 4661 4662
f 4660 4662 4502
f 4660 4502 4501
f 4662 4661 4663
f 4662 4663 4504
f 4662 4504 4503
f 4662 4503 4502
f 4504 4663 4640
f 4504 4640 4506
f 4506 4640 4639
f 4506 4639 4508
f 4508 4639 4487
f 4666 4665 4667
f 4512 4668 4511
f 4669 4668 4512
f 4513 4669 4512
f 4670 4669 4513
f 4515 4670 4516
f 4516 4670 4513
f 4671 4672 4670
f 4515 4671 4670
f 4671 4673 4672
f 4671 4515 4673
f 4517 4673 4515
f 4672 4673 4674
f 4673 4518 4674
f 4673 4517 4518
f 4674 4518 4675
f 4518 4519 4675
f 4675 4519 4676
f 4519 4520 4676
f 4676 4520 4677
f 4521 4677 4520
f 4521 4678 4677
f 4523 4678 4521
f 4523 4679 4678
f 4524 4679 4523
f 4664 4682 4665
f 4680 4682 4664
f 4665 4683 4667
f 4682 4683 4665
f 4684 4685 4667
f 4683 4684 4667
f 4556 4684 4683
f 4685 4684 4686
f 4558 4686 4684
f 4531 4687 4686
f 4687 4531 4688
f 4533 4688 4531
f 4689 4688 4533
f 4534 4689 4535
f 4535 4689 4533
f 4690 4689 4534
f 4536 4690 4534
f 4691 4690 4536
f 4537 4691 4536
f 4692 4691 4537
f 4538 4692 4539
f 4539 4692 4537
f 4693 4692 4538
f 4541 4693 4542
f 4542 4693 4538
f 4694 4693 4541
f 4543 4694 4541
f 4695 4694 4543
f 4544 4695 4543
f 4696 4695 4544
f 4696 4544 4545
f 4548 4697 4546
f 4698 4697 4548
f 4549 4698 4550
f 4550 4698 4548
f 4698 4549 4699
f 4510 4699 4549
f 4510 4700 4701
f 4510 4701 4699
f 4510 4511 4700
f 4700 4511 4702
f 4511 4668 4702
f 4702 4668 4669
f 4678 4679 4703
f 4703 4679 4524
f 4524 4704 4703
f 4524 4525 4704
f 4704 4525 4705
f 4526 4705 4525
f 4705 4526 4706
f 4706 4526 4527
f 4707 4706 4527
f 4551 4707 4527
f 4708 4707 4551
f 4708 4551 4709
f 4552 4709 4551
f 4554 4709 4552
f 4710 4680 4681
f 4710 4681 4711
f 4680 4712 4682
f 4710 4712 4680
f 4712 4710 4562
f 4712 4557 4682
f 4712 4555 4557
f 4712 4562 4555
f 4682 4557 4683
f 4557 4556 4683
f 4556 4558 4684
f 4686 4558 4531
f 4686 4687 4688
f 4696 4713 4695
f 4696 4545 4713
f 4713 4545 4714
f 4545 4546 4714
f 4714 4546 4697
f 4708 4715 4707
f 4708 4709 4715
f 4717 4709 4716
f 4715 4709 4717
f 4554 4718 4709
f 4716 4709 4718
f 4716 4718 4719
f 4554 4719 4718
f 4719 4554 4559
f 4560 4559 4554
f 4720 4710 4711
f 4720 4711 4721
f 4720 4562 4710
f 4562 4720 4561
f 4716 4719 4722
f 4719 4559 4722
f 4722 4559 4723
f 4559 4724 4723
f 4564 4724 4563
f 4559 4563 4724
f 4725 4720 4721
f 4725 4721 4726
f 4725 4726 4567
f 4725 4561 4720
f 4725 4566 4561
f 4725 4567 4566
f 4723 4724 4727
f 4564 4728 4724
f 4727 4724 4728
f 4727 4728 4729
f 4564 4729 4728
f 4569 4729 4564
f 4730 4731 4571
f 4730 4567 4726
f 4730 4570 4567
f 4730 4571 4570
f 4732 4727 4729
f 4732 4729 4569
f 4572 4573 4569
f 4732 4569 4573
f 4571 4731 4733
f 4571 4733 4575
f 4732 4573 4734
f 4573 4735 4734
f 4576 4735 4573
f 4736 4575 4733
f 4736 4577 4575
f 4735 4737 4734
f 4735 4738 4737
f 4735 4576 4578
f 4735 4578 4738
f 4736 4739 4577
f 4577 4739 4579
f 4740 4737 4738
f 4740 4741 4737
f 4740 4738 4578
f 4740 4578 4580
f 4739 4742 4579
f 4579 4742 4581
f 4743 4741 4740
f 4743 4744 4741
f 4743 4740 4580
f 4743 4580 4582
f 4742 4745 4581
f 4581 4745 4583
f 4746 4744 4743
f 4746 4747 4744
f 4746 4743 4582
f 4746 4582 4584
f 4745 4748 4583
f 4583 4748 4586
f 4749 4747 4746
f 4749 4750 4747
f 4749 4746 4584
f 4749 4584 4587
f 4748 4588 4586
f 4751 4588 4748
f 4589 4588 4751
f 4752 4750 4749
f 4752 4753 4750
f 4752 4754 4753
f 4752 4749 4587
f 4752 4587 4590
f 4752 4590 4754
f 4751 4755 4589
f 4591 4589 4755
f 4754 4756 4753
f 4754 4757 4756
f 4754 4590 4592
f 4754 4592 4757
f 4758 4591 4755
f 4758 4594 4591
f 4758 4755 4759
f 4758 4759 4594
f 4592 4756 4757
f 4592 4760 4756
f 4592 4596 4760
f 4761 4594 4759
f 4594 4761 4597
f 4761 4759 4762
f 4597 4761 4762
f 4763 4764 4760
f 4763 4765 4764
f 4763 4760 4596
f 4763 4596 4598
f 4763 4598 4765
f 4762 4766 4597
f 4597 4766 4767
f 4599 4600 4767
f 4597 4767 4600
f 4767 4766 4768
f 4767 4768 4599
f 4765 4769 4764
f 4765 4602 4769
f 4765 4598 4601
f 4765 4601 4602
f 4604 4599 4768
f 4771 4604 4768
f 4771 4607 4604
f 4607 4771 4772
f 4609 4770 4769
f 4609 4773 4770
f 4609 4610 4773
f 4609 4769 4602
f 4772 4775 4607
f 4607 4775 4776
f 4611 4607 4776
f 4775 4777 4776
f 4777 4611 4776
f 4612 4611 4777
f 4781 4779 4774
f 4781 4778 4779
f 4781 4614 4778
f 4781 4774 4613
f 4781 4613 4614
f 4613 4774 4773
f 4613 4773 4610
f 4777 4616 4612
f 4616 4777 4782
f 4616 4782 4783
f 4618 4616 4783
f 4782 4784 4783
f 4784 4618 4783
f 4784 4619 4618
f 4785 4619 4784
f 4787 4621 4786
f 4787 4620 4621
f 4623 4788 4780
f 4623 4787 4788
f 4623 4620 4787
f 4623 4780 4624
f 4624 4780 4778
f 4624 4778 4614
f 4785 4627 4619
f 4627 4785 4789
f 4627 4789 4628
f 4628 4789 4790
f 4628 4790 4631
f 4631 4790 4791
f 4631 4791 4633
f 4633 4791 4792
f 4633 4792 4793
f 4633 4793 4634
f 4793 4792 4794
f 4793 4794 4795
f 4793 4795 4635
f 4793 4635 4634
f 4795 4794 4796
f 4795 4796 4797
f 4795 4797 4636
f 4795 4636 4635
f 4797 4796 4798
f 4797 4798 4799
f 4797 4799 4637
f 4797 4637 4636
f 4800 4798 4801
f 4800 4799 4798
f 4800 4637 4799
f 4800 4638 4637
f 4802 4801 4803
f 4802 4800 4801
f 4802 4638 4800
f 4802 4648 4638
f 4803 4804 4802
f 4648 4802 4805
f 4804 4805 4802
f 4804 4650 4805
f 4650 4804 4806
f 4807 4808 4806
f 4807 4654 4808
f 4809 4654 4807
f 4809 4656 4654
f 4656 4809 4810
f 4813 4640 4811
f 4813 4639 4640
f 4814 4639 4813
f 4814 4641 4639
f 4815 4816 4817
f 4815 4814 4816
f 4815 4641 4814
f 4815 4642 4641
f 4644 4817 4786
f 4644 4815 4817
f 4644 4642 4815
f 4644 4786 4645
f 4645 4786 4621
f 4648 4805 4650
f 4650 4806 4652
f 4652 4806 4808
f 4652 4808 4654
f 4656 4810 4659
f 4659 4810 4818
f 4659 4818 4661
f 4661 4818 4812
f 4661 4812 4663
f 4663 4812 4811
f 4663 4811 4640
f 4820 4821 4819
f 4822 4823 4820
f 4821 4820 4823
f 4828 4829 4827
f 4828 4827 4826
f 4828 4826 4830
f 4831 4819 4829
f 4831 4829 4828
f 4831 4828 4830
f 4831 4832 4819
f 4831 4666 4832
f 4831 4830 4666
f 4819 4832 4820
f 4832 4833 4820
f 4832 4666 4833
f 4820 4834 4822
f 4834 4820 4833
f 4834 4835 4822
f 4834 4836 4835
f 4834 4833 4836
f 4824 4822 4837
f 4835 4837 4822
f 4836 4837 4835
f 4825 4841 4826
f 4838 4841 4825
f 4841 4838 4840
f 4841 4842 4826
f 4841 4843 4842
f 4841 4840 4843
f 4826 4842 4843
f 4826 4664 4830
f 4826 4843 4664
f 4830 4665 4666
f 4665 4830 4664
f 4666 4667 4833
f 4833 4685 4836
f 4833 4667 4685
f 4836 4844 4837
f 4844 4836 4685
f 4844 4845 4837
f 4844 4846 4845
f 4844 4685 4846
f 4845 4847 4837
f 4846 4847 4845
f 4672 4848 4670
f 4849 4848 4672
f 4674 4849 4672
f 4850 4849 4674
f 4675 4850 4674
f 4675 4851 4850
f 4676 4851 4675
f 4676 4852 4851
f 4677 4852 4676
f 4677 4853 4852
f 4678 4853 4677
f 4855 4838 4839
f 4855 4839 4854
f 4855 4840 4838
f 4855 4856 4840
f 4840 4681 4843
f 4840 4856 4681
f 4664 4843 4680
f 4843 4681 4680
f 4685 4686 4846
f 4847 4846 4857
f 4686 4857 4846
f 4857 4686 4688
f 4700 4859 4701
f 4858 4699 4859
f 4701 4859 4699
f 4860 4859 4700
f 4860 4700 4861
f 4702 4861 4700
f 4860 4861 4862
f 4861 4669 4862
f 4861 4702 4669
f 4669 4863 4864
f 4862 4669 4864
f 4670 4863 4669
f 4863 4670 4848
f 4678 4865 4853
f 4865 4678 4703
f 4866 4867 4703
f 4865 4703 4867
f 4866 4703 4867
f 4704 4867 4703
f 4704 4868 4867
f 4705 4868 4704
f 4869 4868 4705
f 4869 4705 4870
f 4706 4870 4705
f 4707 4870 4706
f 4854 4872 4855
f 4872 4854 4871
f 4872 4856 4855
f 4872 4873 4856
f 4856 4711 4681
f 4856 4873 4711
f 4857 4688 4874
f 4688 4689 4874
f 4689 4875 4874
f 4689 4690 4875
f 4875 4690 4876
f 4690 4691 4876
f 4877 4878 4691
f 4876 4691 4878
f 4877 4879 4878
f 4877 4691 4879
f 4692 4879 4691
f 4878 4879 4880
f 4879 4693 4880
f 4879 4692 4693
f 4880 4693 4881
f 4693 4694 4881
f 4881 4694 4882
f 4694 4883 4882
f 4695 4883 4694
f 4882 4883 4884
f 4695 4884 4883
f 4713 4884 4695
f 4713 4885 4884
f 4714 4885 4713
f 4886 4885 4714
f 4697 4886 4714
f 4887 4888 4886
f 4887 4886 4697
f 4887 4889 4888
f 4887 4697 4889
f 4698 4889 4697
f 4888 4889 4890
f 4889 4699 4890
f 4699 4889 4698
f 4858 4859 4699
f 4891 4699 4859
f 4890 4699 4891
f 4869 4892 4868
f 4869 4870 4892
f 4892 4870 4893
f 4893 4870 4707
f 4893 4707 4894
f 4715 4894 4707
f 4715 4895 4894
f 4895 4715 4716
f 4717 4716 4715
f 4896 4872 4871
f 4896 4871 4897
f 4873 4872 4896
f 4873 4896 4898
f 4873 4721 4711
f 4873 4898 4721
f 4894 4895 4899
f 4895 4716 4899
f 4899 4716 4901
f 4900 4901 4716
f 4722 4901 4716
f 4900 4716 4901
f 4723 4901 4722
f 4897 4902 4896
f 4896 4903 4898
f 4902 4903 4896
f 4903 4902 4904
f 4903 4721 4898
f 4903 4726 4721
f 4903 4904 4726
f 4905 4901 4723
f 4905 4906 4901
f 4905 4907 4906
f 4905 4723 4727
f 4905 4727 4907
f 4908 4904 4902
f 4904 4908 4731
f 4904 4730 4726
f 4904 4731 4730
f 4906 4907 4909
f 4907 4727 4909
f 4727 4910 4909
f 4732 4910 4727
f 4911 4908 4912
f 4911 4913 4908
f 4911 4733 4913
f 4913 4731 4908
f 4731 4913 4733
f 4914 4909 4910
f 4914 4915 4909
f 4914 4910 4732
f 4914 4732 4734
f 4917 4911 4912
f 4917 4912 4916
f 4917 4916 4918
f 4917 4733 4911
f 4917 4736 4733
f 4917 4918 4736
f 4919 4915 4914
f 4919 4920 4915
f 4919 4914 4734
f 4919 4734 4737
f 4921 4918 4916
f 4918 4921 4922
f 4736 4918 4739
f 4918 4922 4739
f 4920 4919 4923
f 4923 4919 4737
f 4923 4737 4741
f 4925 4922 4921
f 4922 4925 4926
f 4739 4922 4742
f 4922 4926 4742
f 4924 4923 4927
f 4927 4923 4741
f 4927 4741 4744
f 4926 4925 4928
f 4926 4928 4929
f 4742 4926 4745
f 4926 4929 4745
f 4930 4927 4744
f 4930 4744 4747
f 4931 4929 4928
f 4931 4928 4932
f 4929 4931 4745
f 4931 4748 4745
f 4933 4930 4747
f 4933 4747 4750
f 4932 4934 4931
f 4934 4748 4931
f 4748 4934 4751
f 4935 4933 4750
f 4935 4750 4753
f 4934 4936 4751
f 4751 4936 4755
f 4937 4938 4935
f 4937 4939 4938
f 4937 4935 4753
f 4937 4753 4756
f 4937 4756 4939
f 4755 4936 4940
f 4759 4755 4940
f 4939 4941 4938
f 4939 4942 4941
f 4939 4756 4760
f 4939 4760 4942
f 4943 4759 4940
f 4762 4759 4943
f 4760 4941 4942
f 4760 4944 4941
f 4760 4764 4944
f 4943 4766 4762
f 4947 4943 4946
f 4947 4766 4943
f 4947 4946 4768
f 4947 4768 4766
f 4768 4946 4948
f 4951 4945 4944
f 4951 4949 4945
f 4951 4770 4949
f 4951 4944 4764
f 4951 4764 4769
f 4951 4769 4770
f 4948 4952 4768
f 4768 4952 4953
f 4771 4768 4953
f 4952 4954 4953
f 4954 4771 4953
f 4772 4771 4775
f 4954 4775 4771
f 4956 4957 4950
f 4956 4955 4957
f 4956 4779 4955
f 4956 4950 4958
f 4956 4958 4774
f 4956 4774 4779
f 4958 4950 4949
f 4958 4949 4770
f 4958 4770 4773
f 4958 4773 4774
f 4954 4959 4775
f 4775 4959 4960
f 4775 4960 4777
f 4959 4961 4960
f 4961 4777 4960
f 4962 4964 4963
f 4962 4780 4964
f 4965 4962 4955
f 4965 4780 4962
f 4965 4955 4779
f 4965 4779 4778
f 4965 4778 4780
f 4961 4782 4777
f 4782 4961 4966
f 4782 4966 4967
f 4782 4967 4784
f 4968 4966 4969
f 4968 4967 4966
f 4968 4784 4967
f 4968 4785 4784
f 4969 4970 4968
f 4970 4785 4968
f 4970 4789 4785
f 4971 4789 4970
f 4971 4790 4789
f 4973 4972 4974
f 4973 4971 4972
f 4973 4790 4971
f 4973 4791 4790
f 4974 4975 4973
f 4975 4791 4973
f 4975 4792 4791
f 4976 4977 4975
f 4977 4792 4975
f 4977 4794 4792
f 4794 4977 4978
f 4979 4980 4978
f 4979 4798 4980
f 4981 4798 4979
f 4981 4801 4798
f 4982 4801 4981
f 4983 4984 4982
f 4988 4786 4987
f 4990 4989 4963
f 4990 4988 4989
f 4990 4786 4988
f 4990 4963 4788
f 4990 4788 4787
f 4990 4787 4786
f 4788 4963 4964
f 4788 4964 4780
f 4794 4978 4796
f 4796 4978 4980
f 4796 4980 4798
f 4982 4803 4801
f 4803 4982 4984
f 4803 4984 4991
f 4803 4991 4804
f 4991 4984 4985
f 4991 4985 4992
f 4991 4992 4806
f 4991 4806 4804
f 4992 4985 4993
f 4992 4993 4994
f 4992 4994 4807
f 4992 4807 4806
f 4994 4993 4986
f 4994 4986 4995
f 4994 4995 4809
f 4994 4809 4807
f 4995 4986 4996
f 4995 4996 4997
f 4995 4997 4810
f 4995 4810 4809
f 4998 4996 4999
f 4998 4997 4996
f 4998 4810 4997
f 4998 4818 4810
f 5000 4999 5001
f 5000 4998 4999
f 5000 4818 4998
f 5000 4812 4818
f 5002 5001 5003
f 5002 5000 5001
f 5002 4812 5000
f 5002 4811 4812
f 5004 5003 5005
f 5004 5002 5003
f 5004 4811 5002
f 5004 4813 4811
f 5006 5005 5007
f 5006 5004 5005
f 5006 4813 5004
f 5006 4814 4813
f 4816 5007 5008
f 4816 5006 5007
f 4816 4814 5006
f 4816 5008 4817
f 4817 5008 4987
f 4817 4987 4786
f 5010 5011 5012
f 5010 5012 5009
f 5010 5009 4821
f 5013 5014 5011
f 5013 5011 5010
f 5013 5010 4821
f 5013 4821 5015
f 5016 5014 5013
f 5015 5016 5013
f 5019 5018 4829
f 5020 5009 5019
f 5020 5019 4829
f 5020 5021 5009
f 5020 4819 5021
f 5020 4829 4819
f 5021 4819 5009
f 4819 4821 5009
f 4821 4823 5015
f 4822 5015 4823
f 5015 5022 5016
f 5015 5023 5022
f 5015 4822 5023
f 4824 5023 4822
f 5024 5016 5022
f 5023 5024 5022
f 5026 5017 5027
f 5026 5027 5025
f 5026 5025 5028
f 5026 5029 5017
f 5026 4825 5029
f 5026 5028 4825
f 5017 5029 5018
f 5029 4827 5018
f 5029 4826 4827
f 4826 5029 4825
f 4827 4829 5018
f 4824 4837 5023
f 5024 5023 5030
f 4837 5030 5023
f 5031 5025 5032
f 5031 5032 5033
f 5031 5028 5025
f 5031 4839 5028
f 4825 5028 4838
f 5028 4839 4838
f 5030 4837 5034
f 5034 4837 5035
f 4837 4847 5035
f 5034 5036 5030
f 5035 5036 5034
f 5037 5031 5033
f 5037 5033 5038
f 5037 5038 5039
f 5037 4839 5031
f 5037 4854 4839
f 5037 5039 4854
f 4847 4857 5035
f 5036 5035 5040
f 4857 5040 5035
f 5042 4860 5043
f 4862 5043 4860
f 5043 4862 5044
f 4863 5044 4864
f 4864 5044 4862
f 5045 5046 5044
f 4863 5045 5044
f 5045 4848 5046
f 5045 4863 4848
f 4848 5047 5048
f 5046 4848 5048
f 4848 4849 5047
f 4849 5049 5047
f 4850 5049 4849
f 5049 4850 5050
f 4850 4851 5050
f 5050 4851 5051
f 4851 4852 5051
f 5051 4852 5052
f 5052 4852 5053
f 4852 4853 5053
f 5054 5055 5053
f 5052 5053 5055
f 4853 5054 5053
f 5054 4853 5055
f 4865 5055 4853
f 4865 5056 5055
f 5056 4865 4867
f 4868 5057 4867
f 5039 5038 5058
f 5039 5058 5059
f 5039 4871 4854
f 5039 5059 4871
f 5040 4857 4874
f 4874 5041 5040
f 4874 4875 5041
f 5060 5061 4875
f 5041 4875 5061
f 4876 5060 4875
f 4876 5062 5060
f 5062 4876 4878
f 4859 5063 4891
f 4891 5063 4890
f 4859 5064 5065
f 4859 5065 5063
f 4860 5064 4859
f 5042 5043 4860
f 5064 4860 5043
f 5055 5056 5066
f 5056 4867 5066
f 5057 5067 4867
f 5066 4867 5067
f 5067 5057 4868
f 5067 4868 5068
f 4868 4892 5068
f 5068 4892 5069
f 4893 5069 4892
f 4893 5070 5069
f 5070 4893 4894
f 5071 5059 5058
f 5071 5058 5072
f 5071 4871 5059
f 5071 4897 4871
f 5060 5062 5073
f 5062 4878 5073
f 5073 4878 5074
f 4878 4880 5074
f 5074 4880 5075
f 4880 4881 5075
f 5075 4881 5076
f 4881 4882 5076
f 5076 4882 5077
f 4882 4884 5077
f 5077 4884 5078
f 5078 4884 5079
f 4884 4885 5079
f 5078 5079 5080
f 5079 4886 5080
f 5079 4885 4886
f 5080 4886 5081
f 4888 5081 4886
f 5083 4888 5082
f 5081 4888 5083
f 4888 4890 5082
f 5082 4890 5063
f 5069 5070 5084
f 5070 4894 5084
f 4894 5085 5084
f 4899 5085 4894
f 4901 5085 4899
f 5086 5071 5072
f 5086 5072 5087
f 4897 5071 5086
f 5086 5087 5088
f 4897 5086 5088
f 4897 5088 4902
f 5084 5085 5089
f 5090 5085 4901
f 5089 5085 5091
f 5090 5091 5085
f 4906 5090 4901
f 5088 5087 5092
f 4902 5088 4908
f 5088 5092 4908
f 5091 5090 5094
f 5094 5090 5095
f 4906 5095 5090
f 4906 5096 5095
f 4906 4909 5096
f 5097 5092 5093
f 5097 5093 5098
f 5097 5098 5099
f 5097 5099 4912
f 5097 4908 5092
f 4908 5097 4912
f 5100 5095 5096
f 5100 5101 5095
f 5100 5096 4909
f 5100 4909 4915
f 5099 5098 5102
f 5099 5102 5103
f 5099 4916 4912
f 5099 5103 4916
f 5101 5100 5104
f 4915 5104 5100
f 4915 4920 5104
f 5105 5103 5102
f 5103 5105 4921
f 4916 5103 4921
f 4920 5106 5104
f 4920 4924 5106
f 4920 4923 4924
f 5107 4921 5105
f 4921 5107 5108
f 4921 5108 4925
f 4924 5109 5106
f 4924 5110 5109
f 4924 4927 5110
f 5108 5107 5111
f 5108 5111 5112
f 5108 4928 4925
f 5108 5112 4928
f 5110 5113 5109
f 5110 5114 5113
f 5110 4927 4930
f 5110 4930 5114
f 5115 5112 5111
f 5115 4928 5112
f 5115 4932 4928
f 5114 5116 5113
f 5114 4933 5116
f 5114 4930 4933
f 5115 5118 4932
f 5118 5115 5119
f 5117 5119 5115
f 5118 5119 5120
f 5118 4934 4932
f 5118 5120 4934
f 4933 5121 5116
f 4933 5122 5121
f 4933 4935 5122
f 5119 5123 5120
f 5123 4934 5120
f 4934 5123 5124
f 4934 5124 4936
f 4935 5121 5122
f 4935 5125 5121
f 4935 4938 5125
f 5123 5127 5124
f 5124 5127 4936
f 4936 5127 5128
f 5129 4936 5128
f 4940 4936 5129
f 5130 5126 5125
f 5130 5131 5126
f 5130 5132 5131
f 5130 5125 4938
f 5130 4938 4941
f 5130 4941 5132
f 5133 4940 5134
f 5129 5134 4940
f 5133 4943 4940
f 5135 4943 5133
f 5132 5136 5131
f 5132 4945 5136
f 5132 4941 4944
f 5132 4944 4945
f 5133 5138 5135
f 5139 4943 5138
f 5135 5138 4943
f 5139 4946 4943
f 5138 5140 5139
f 5140 4946 5139
f 4948 4946 4952
f 5140 4952 4946
f 4952 5140 5141
f 5142 5143 5137
f 5142 5144 5143
f 5142 5137 5145
f 5142 5145 4950
f 5145 5137 5136
f 5145 5136 4945
f 5145 4945 4949
f 5145 4949 4950
f 5141 5146 4952
f 4952 5146 5147
f 4952 5147 4954
f 5148 5147 5146
f 5148 4954 5147
f 5151 5152 5150
f 5151 4955 5152
f 4957 5144 5142
f 4957 5151 5144
f 4957 4955 5151
f 4957 5142 4950
f 5148 4959 4954
f 5149 5153 5148
f 4959 5148 5153
f 4959 5153 5154
f 4959 5154 4961
f 5155 5154 5153
f 5155 4961 5154
f 5155 4966 4961
f 4966 5155 5156
f 5165 5164 5150
f 5165 5163 5164
f 5165 4963 5163
f 5165 5150 5166
f 5165 5166 4962
f 5165 4962 4963
f 4962 5150 5152
f 4962 5166 5150
f 4962 5152 4955
f 4966 5156 4969
f 4969 5156 5167
f 4969 5167 5168
f 4969 5168 4970
f 5168 5167 5169
f 5168 5169 4972
f 5168 4972 4971
f 5168 4971 4970
f 4972 5169 5170
f 4972 5170 4974
f 4974 5170 5171
f 4974 5171 4976
f 4974 4976 4975
f 4976 5171 5172
f 4976 5172 5173
f 4976 5173 4977
f 5173 5172 5157
f 5173 5157 5174
f 5173 5174 4978
f 5173 4978 4977
f 5174 5157 5158
f 5174 5158 5175
f 5174 5175 4979
f 5174 4979 4978
f 5175 5158 5159
f 5175 5159 5176
f 5175 5176 4981
f 5175 4981 4979
f 5176 5159 5160
f 5176 5160 4983
f 5176 4983 4982
f 5176 4982 4981
f 4983 5160 5161
f 4983 5161 5177
f 4983 5177 4984
f 5179 5161 5178
f 5179 5177 5161
f 5179 4984 5177
f 5179 4985 4984
f 5180 5178 5181
f 5180 5179 5178
f 5180 4985 5179
f 5180 4993 4985
f 5182 5181 5183
f 5182 5180 5181
f 5182 4993 5180
f 5182 4986 4993
f 5184 5183 5185
f 5184 5182 5183
f 5184 4986 5182
f 5184 4996 4986
f 5186 5185 5187
f 5186 5184 5185
f 5186 4996 5184
f 5186 4999 4996
f 5188 5187 5189
f 5188 5186 5187
f 5188 4999 5186
f 5188 5001 4999
f 5189 5190 5188
f 5190 5001 5188
f 5190 5003 5001
f 5003 5190 5191
f 5193 5194 5192
f 5193 5008 5194
f 5195 5193 5196
f 5195 5008 5193
f 5195 5196 5197
f 5195 5197 4987
f 5195 4987 5008
f 5197 5196 5162
f 5197 5162 4989
f 5197 4989 4988
f 5197 4988 4987
f 4989 5162 5163
f 4989 5163 4963
f 5003 5191 5005
f 5005 5191 5192
f 5005 5192 5007
f 5007 5192 5194
f 5007 5194 5008
f 5198 5200 5009
f 5012 5201 5199
f 5012 5199 5198
f 5009 5012 5198
f 5012 5011 5201
f 5011 5202 5201
f 5011 5014 5202
f 5203 5204 5202
f 5203 5202 5014
f 5203 5016 5204
f 5203 5014 5016
f 5016 5205 5204
f 5208 5209 5210
f 5208 5210 5206
f 5017 5208 5206
f 5208 5211 5209
f 5208 5018 5211
f 5018 5208 5017
f 5211 5200 5209
f 5211 5009 5200
f 5211 5019 5009
f 5019 5211 5018
f 5205 5016 5212
f 5024 5212 5016
f 5213 5215 5207
f 5213 5025 5215
f 5027 5206 5207
f 5027 5207 5215
f 5025 5027 5215
f 5206 5027 5017
f 5212 5024 5216
f 5024 5030 5216
f 5216 5217 5212
f 5217 5216 5030
f 5032 5213 5214
f 5032 5214 5218
f 5032 5218 5033
f 5213 5032 5025
f 5217 5030 5219
f 5030 5036 5219
f 5220 5033 5218
f 5220 5038 5033
f 5219 5036 5040
f 5221 5222 5219
f 5040 5221 5219
f 5221 5223 5222
f 5221 5041 5223
f 5221 5040 5041
f 5224 5222 5223
f 5041 5224 5223
f 5046 5225 5044
f 5226 5225 5046
f 5047 5227 5048
f 5226 5046 5227
f 5048 5227 5046
f 5228 5227 5047
f 5049 5228 5047
f 5229 5228 5049
f 5050 5229 5049
f 5230 5229 5050
f 5051 5230 5050
f 5231 5230 5051
f 5231 5051 5232
f 5052 5232 5051
f 5232 5052 5055
f 5233 5038 5220
f 5233 5058 5038
f 5041 5234 5224
f 5041 5061 5234
f 5060 5234 5061
f 5235 5224 5234
f 5235 5234 5060
f 5064 5236 5065
f 5236 5063 5065
f 5236 5064 5237
f 5043 5237 5064
f 5238 5239 5240
f 5238 5240 5237
f 5043 5238 5237
f 5238 5044 5239
f 5044 5238 5043
f 5239 5044 5241
f 5044 5225 5241
f 5226 5227 5225
f 5241 5225 5227
f 5231 5242 5230
f 5231 5232 5242
f 5242 5232 5243
f 5232 5055 5243
f 5243 5055 5244
f 5244 5055 5245
f 5055 5066 5245
f 5244 5245 5246
f 5066 5246 5245
f 5067 5246 5066
f 5067 5247 5246
f 5247 5067 5248
f 5068 5248 5067
f 5248 5068 5069
f 5249 5250 5233
f 5058 5233 5250
f 5058 5250 5072
f 5249 5072 5250
f 5235 5060 5073
f 5251 5235 5073
f 5251 5073 5252
f 5074 5252 5073
f 5252 5074 5075
f 5253 5075 5254
f 5076 5254 5075
f 5254 5076 5077
f 5255 5077 5078
f 5082 5257 5083
f 5256 5081 5257
f 5083 5257 5081
f 5258 5257 5082
f 5063 5258 5082
f 5063 5259 5260
f 5063 5260 5258
f 5236 5259 5063
f 5236 5237 5259
f 5246 5247 5261
f 5247 5248 5261
f 5263 5248 5262
f 5261 5248 5263
f 5248 5069 5262
f 5069 5264 5262
f 5084 5264 5069
f 5072 5249 5265
f 5072 5265 5087
f 5267 5252 5266
f 5251 5252 5267
f 5252 5075 5266
f 5253 5268 5075
f 5269 5075 5268
f 5266 5075 5269
f 5253 5254 5268
f 5268 5254 5270
f 5254 5077 5270
f 5255 5271 5077
f 5270 5077 5271
f 5255 5078 5271
f 5271 5078 5272
f 5078 5080 5272
f 5272 5080 5273
f 5080 5081 5273
f 5256 5274 5081
f 5275 5081 5274
f 5273 5081 5275
f 5256 5257 5274
f 5274 5257 5258
f 5262 5264 5276
f 5277 5264 5084
f 5276 5264 5278
f 5277 5278 5264
f 5277 5279 5278
f 5089 5279 5084
f 5277 5084 5279
f 5091 5279 5089
f 5087 5265 5093
f 5087 5093 5092
f 5278 5279 5280
f 5091 5280 5279
f 5091 5281 5280
f 5094 5095 5091
f 5091 5095 5281
f 5282 5098 5093
f 5284 5280 5281
f 5284 5281 5095
f 5284 5095 5101
f 5285 5282 5283
f 5285 5283 5286
f 5285 5098 5282
f 5285 5102 5098
f 5101 5287 5284
f 5101 5288 5287
f 5101 5104 5288
f 5289 5285 5286
f 5289 5286 5290
f 5285 5289 5102
f 5102 5289 5105
f 5288 5291 5287
f 5288 5292 5291
f 5288 5104 5106
f 5288 5106 5292
f 5290 5293 5289
f 5289 5293 5105
f 5105 5293 5107
f 5292 5294 5291
f 5292 5295 5294
f 5292 5106 5109
f 5292 5109 5295
f 5293 5296 5107
f 5107 5296 5111
f 5295 5297 5294
f 5295 5298 5297
f 5295 5109 5113
f 5295 5113 5298
f 5111 5296 5299
f 5111 5299 5300
f 5115 5111 5300
f 5298 5301 5297
f 5298 5302 5301
f 5298 5113 5116
f 5298 5116 5302
f 5299 5303 5300
f 5300 5303 5115
f 5117 5115 5303
f 5117 5303 5119
f 5302 5304 5301
f 5302 5305 5304
f 5302 5116 5121
f 5302 5121 5305
f 5303 5306 5119
f 5306 5303 5307
f 5306 5123 5119
f 5306 5307 5123
f 5308 5309 5304
f 5305 5308 5304
f 5305 5126 5308
f 5305 5121 5125
f 5305 5125 5126
f 5307 5310 5123
f 5127 5123 5310
f 5127 5310 5128
f 5312 5309 5308
f 5312 5311 5309
f 5312 5313 5311
f 5312 5308 5126
f 5312 5126 5131
f 5312 5131 5313
f 5314 5128 5310
f 5315 5128 5314
f 5315 5129 5128
f 5315 5314 5316
f 5315 5316 5129
f 5317 5129 5316
f 5129 5317 5134
f 5133 5134 5317
f 5320 5319 5311
f 5320 5318 5319
f 5320 5311 5321
f 5320 5321 5137
f 5313 5321 5311
f 5313 5137 5321
f 5313 5131 5136
f 5313 5136 5137
f 5316 5322 5317
f 5322 5133 5317
f 5323 5133 5322
f 5138 5133 5323
f 5323 5325 5138
f 5324 5138 5325
f 5324 5325 5140
f 5324 5140 5138
f 5326 5140 5325
f 5141 5140 5326
f 5330 5329 5318
f 5330 5328 5329
f 5143 5318 5320
f 5143 5330 5318
f 5143 5144 5330
f 5143 5320 5137
f 5326 5146 5141
f 5146 5326 5327
f 5146 5327 5331
f 5148 5146 5331
f 5332 5327 5333
f 5332 5331 5327
f 5332 5148 5331
f 5149 5148 5153
f 5332 5153 5148
f 5333 5334 5332
f 5153 5332 5334
f 5344 5342 5328
f 5344 5164 5342
f 5344 5328 5345
f 5344 5345 5150
f 5344 5150 5164
f 5345 5328 5330
f 5345 5330 5144
f 5345 5144 5151
f 5345 5151 5150
f 5153 5334 5346
f 5155 5153 5346
f 5346 5334 5347
f 5346 5347 5348
f 5346 5348 5156
f 5346 5156 5155
f 5349 5347 5350
f 5349 5348 5347
f 5349 5156 5348
f 5349 5167 5156
f 5351 5350 5352
f 5351 5349 5350
f 5351 5167 5349
f 5351 5169 5167
f 5352 5353 5351
f 5353 5169 5351
f 5353 5170 5169
f 5354 5170 5353
f 5354 5171 5170
f 5355 5354 5356
f 5355 5171 5354
f 5355 5172 5171
f 5357 5356 5335
f 5357 5355 5356
f 5357 5172 5355
f 5357 5335 5358
f 5357 5358 5157
f 5357 5157 5172
f 5358 5335 5336
f 5358 5336 5359
f 5358 5359 5158
f 5358 5158 5157
f 5359 5336 5337
f 5359 5337 5360
f 5359 5360 5159
f 5359 5159 5158
f 5360 5337 5338
f 5360 5338 5361
f 5360 5361 5160
f 5360 5160 5159
f 5361 5338 5339
f 5361 5339 5362
f 5361 5362 5161
f 5361 5161 5160
f 5362 5339 5340
f 5362 5340 5363
f 5362 5363 5178
f 5362 5178 5161
f 5364 5340 5341
f 5364 5363 5340
f 5364 5178 5363
f 5364 5181 5178
f 5365 5341 5366
f 5365 5364 5341
f 5365 5181 5364
f 5365 5183 5181
f 5367 5366 5368
f 5367 5365 5366
f 5367 5183 5365
f 5367 5185 5183
f 5368 5369 5367
f 5369 5185 5367
f 5369 5187 5185
f 5370 5187 5369
f 5370 5189 5187
f 5371 5372 5370
f 5189 5370 5372
f 5377 5376 5343
f 5377 5196 5376
f 5377 5343 5378
f 5377 5378 5162
f 5377 5162 5196
f 5378 5343 5164
f 5378 5164 5163
f 5378 5163 5162
f 5189 5372 5190
f 5190 5372 5373
f 5190 5373 5379
f 5190 5379 5191
f 5379 5373 5374
f 5379 5374 5380
f 5379 5380 5192
f 5379 5192 5191
f 5380 5374 5375
f 5380 5375 5381
f 5380 5381 5193
f 5380 5193 5192
f 5193 5375 5376
f 5193 5381 5375
f 5193 5376 5196
f 5383 5384 5385
f 5383 5385 5382
f 5383 5382 5200
f 5383 5199 5384
f 5383 5198 5199
f 5383 5200 5198
f 5199 5386 5384
f 5199 5201 5386
f 5201 5387 5386
f 5201 5202 5387
f 5202 5388 5387
f 5204 5388 5202
f 5389 5388 5205
f 5204 5205 5388
f 5390 5392 5207
f 5390 5207 5206
f 5210 5393 5391
f 5210 5391 5390
f 5206 5210 5390
f 5210 5209 5393
f 5209 5382 5393
f 5209 5200 5382
f 5389 5205 5394
f 5205 5212 5394
f 5395 5396 5214
f 5395 5207 5392
f 5395 5213 5207
f 5395 5214 5213
f 5212 5397 5394
f 5217 5397 5212
f 5214 5396 5398
f 5218 5214 5398
f 5217 5399 5397
f 5217 5219 5399
f 5400 5399 5219
f 5398 5401 5218
f 5218 5401 5220
f 5400 5219 5222
f 5400 5222 5402
f 5224 5402 5222
f 5401 5403 5220
f 5220 5403 5233
f 5224 5404 5402
f 5235 5404 5224
f 5239 5405 5240
f 5240 5405 5237
f 5406 5405 5239
f 5241 5407 5239
f 5406 5239 5407
f 5408 5407 5241
f 5227 5408 5241
f 5409 5410 5408
f 5409 5408 5227
f 5228 5409 5227
f 5411 5412 5409
f 5410 5409 5412
f 5228 5411 5409
f 5411 5229 5412
f 5411 5228 5229
f 5412 5229 5413
f 5230 5413 5229
f 5414 5413 5230
f 5242 5414 5230
f 5415 5414 5242
f 5243 5415 5242
f 5416 5415 5243
f 5416 5243 5417
f 5244 5417 5243
f 5417 5244 5246
f 5403 5418 5233
f 5233 5418 5249
f 5419 5404 5235
f 5251 5419 5235
f 5259 5420 5260
f 5420 5258 5260
f 5421 5420 5259
f 5422 5259 5237
f 5421 5259 5422
f 5422 5237 5423
f 5237 5405 5423
f 5406 5407 5405
f 5424 5405 5407
f 5423 5405 5424
f 5416 5425 5415
f 5416 5417 5425
f 5427 5417 5426
f 5425 5417 5427
f 5417 5246 5426
f 5246 5428 5426
f 5261 5428 5246
f 5429 5428 5261
f 5429 5261 5262
f 5263 5262 5261
f 5418 5430 5249
f 5430 5265 5249
f 5251 5431 5419
f 5432 5431 5433
f 5251 5433 5431
f 5433 5251 5266
f 5267 5266 5251
f 5268 5434 5269
f 5269 5434 5266
f 5435 5434 5268
f 5270 5435 5268
f 5436 5435 5270
f 5271 5437 5270
f 5436 5270 5437
f 5437 5271 5272
f 5274 5438 5275
f 5275 5438 5273
f 5439 5438 5274
f 5258 5440 5274
f 5439 5274 5440
f 5440 5258 5441
f 5420 5441 5258
f 5421 5422 5420
f 5442 5420 5422
f 5441 5420 5442
f 5426 5428 5443
f 5444 5428 5429
f 5443 5428 5444
f 5262 5444 5429
f 5262 5445 5444
f 5276 5278 5262
f 5262 5278 5445
f 5446 5265 5430
f 5446 5093 5265
f 5432 5433 5448
f 5433 5266 5448
f 5448 5266 5449
f 5266 5434 5449
f 5435 5450 5434
f 5449 5434 5450
f 5436 5451 5435
f 5450 5435 5451
f 5436 5437 5451
f 5451 5437 5452
f 5272 5452 5437
f 5453 5452 5272
f 5453 5454 5452
f 5453 5272 5273
f 5453 5273 5454
f 5454 5273 5455
f 5438 5456 5273
f 5273 5456 5455
f 5439 5457 5438
f 5438 5457 5456
f 5455 5456 5457
f 5439 5440 5457
f 5440 5441 5458
f 5457 5440 5458
f 5459 5444 5445
f 5278 5459 5445
f 5278 5460 5459
f 5278 5280 5460
f 5461 5446 5447
f 5461 5447 5462
f 5461 5462 5283
f 5446 5461 5093
f 5093 5461 5282
f 5461 5283 5282
f 5454 5463 5452
f 5464 5452 5463
f 5465 5454 5455
f 5463 5454 5465
f 5466 5459 5460
f 5466 5467 5459
f 5466 5460 5280
f 5466 5280 5284
f 5283 5462 5468
f 5283 5468 5286
f 5467 5466 5469
f 5284 5469 5466
f 5284 5470 5469
f 5284 5287 5470
f 5286 5468 5471
f 5286 5471 5290
f 5470 5472 5469
f 5470 5473 5472
f 5470 5287 5291
f 5470 5291 5473
f 5474 5290 5471
f 5474 5471 5475
f 5290 5474 5293
f 5474 5475 5293
f 5473 5476 5472
f 5473 5477 5476
f 5473 5291 5294
f 5473 5294 5477
f 5475 5478 5293
f 5293 5478 5296
f 5477 5479 5476
f 5477 5480 5479
f 5477 5294 5297
f 5477 5297 5480
f 5296 5478 5481
f 5299 5296 5481
f 5480 5482 5479
f 5480 5483 5482
f 5480 5297 5301
f 5480 5301 5483
f 5481 5484 5299
f 5299 5484 5303
f 5486 5485 5482
f 5486 5487 5485
f 5483 5486 5482
f 5483 5301 5304
f 5483 5304 5486
f 5303 5484 5488
f 5489 5303 5488
f 5307 5303 5489
f 5491 5487 5486
f 5491 5490 5487
f 5491 5492 5490
f 5491 5309 5492
f 5304 5491 5486
f 5304 5309 5491
f 5488 5493 5489
f 5494 5307 5493
f 5489 5493 5307
f 5494 5493 5307
f 5495 5307 5493
f 5310 5307 5495
f 5492 5319 5490
f 5492 5309 5311
f 5492 5311 5319
f 5493 5497 5495
f 5495 5497 5310
f 5497 5498 5310
f 5314 5310 5498
f 5316 5314 5498
f 5500 5496 5319
f 5500 5329 5496
f 5500 5319 5318
f 5500 5318 5329
f 5498 5501 5316
f 5322 5316 5501
f 5322 5502 5503
f 5501 5502 5322
f 5323 5322 5503
f 5504 5323 5503
f 5504 5325 5323
f 5505 5325 5504
f 5505 5326 5325
f 5506 5326 5505
f 5506 5327 5326
f 5507 5327 5506
f 5513 5511 5514
f 5513 5510 5511
f 5513 5512 5510
f 5513 5515 5512
f 5516 5514 5517
f 5516 5513 5514
f 5516 5515 5513
f 5516 5518 5515
f 5519 5517 5520
f 5519 5516 5517
f 5518 5516 5519
f 5521 5519 5520
f 5526 5499 5329
f 5526 5524 5499
f 5526 5342 5524
f 5526 5329 5328
f 5526 5328 5342
f 5507 5333 5327
f 5333 5507 5508
f 5333 5508 5527
f 5333 5527 5334
f 5529 5508 5528
f 5529 5527 5508
f 5529 5334 5527
f 5529 5347 5334
f 5530 5528 5531
f 5530 5529 5528
f 5530 5347 5529
f 5531 5532 5530
f 5535 5536 5534
f 5535 5356 5536
f 5537 5535 5509
f 5537 5356 5535
f 5537 5509 5538
f 5537 5538 5335
f 5537 5335 5356
f 5538 5509 5510
f 5538 5510 5512
f 5538 5512 5336
f 5538 5336 5335
f 5512 5515 5337
f 5512 5337 5336
f 5515 5518 5338
f 5515 5338 5337
f 5518 5519 5539
f 5518 5539 5339
f 5518 5339 5338
f 5539 5519 5521
f 5539 5521 5540
f 5539 5540 5340
f 5539 5340 5339
f 5540 5521 5522
f 5540 5522 5541
f 5540 5541 5341
f 5540 5341 5340
f 5541 5522 5523
f 5541 5523 5542
f 5541 5542 5366
f 5541 5366 5341
f 5544 5523 5543
f 5544 5542 5523
f 5544 5366 5542
f 5545 5544 5543
f 5553 5552 5525
f 5553 5551 5552
f 5553 5525 5554
f 5553 5554 5343
f 5553 5343 5551
f 5554 5525 5524
f 5554 5524 5342
f 5554 5342 5164
f 5554 5164 5343
f 5530 5350 5347
f 5350 5530 5532
f 5350 5532 5352
f 5352 5532 5533
f 5352 5533 5555
f 5352 5555 5353
f 5555 5533 5534
f 5555 5534 5556
f 5555 5556 5354
f 5555 5354 5353
f 5354 5534 5536
f 5354 5556 5534
f 5354 5536 5356
f 5544 5368 5366
f 5368 5544 5545
f 5368 5545 5369
f 5369 5545 5546
f 5369 5546 5371
f 5369 5371 5370
f 5371 5546 5547
f 5371 5547 5372
f 5372 5547 5548
f 5372 5548 5557
f 5372 5557 5373
f 5557 5548 5549
f 5557 5549 5558
f 5557 5558 5374
f 5557 5374 5373
f 5558 5549 5550
f 5558 5550 5559
f 5558 5559 5375
f 5558 5375 5374
f 5559 5550 5551
f 5559 5551 5560
f 5559 5560 5376
f 5559 5376 5375
f 5376 5560 5551
f 5376 5551 5343
f 5562 5563 5564
f 5562 5564 5561
f 5562 5561 5393
f 5562 5393 5382
f 5385 5565 5563
f 5385 5563 5562
f 5382 5385 5562
f 5385 5384 5565
f 5384 5566 5565
f 5384 5386 5566
f 5386 5567 5566
f 5386 5387 5567
f 5568 5569 5387
f 5567 5387 5569
f 5568 5387 5569
f 5388 5569 5387
f 5388 5389 5569
f 5570 5571 5392
f 5391 5570 5390
f 5570 5392 5390
f 5391 5561 5570
f 5391 5393 5561
f 5572 5569 5389
f 5572 5389 5394
f 5573 5574 5396
f 5573 5395 5392
f 5573 5396 5395
f 5573 5392 5571
f 5572 5394 5575
f 5394 5576 5575
f 5397 5576 5394
f 5396 5574 5577
f 5396 5577 5398
f 5575 5576 5578
f 5397 5578 5576
f 5397 5399 5578
f 5579 5578 5580
f 5399 5580 5578
f 5400 5580 5399
f 5581 5398 5577
f 5398 5581 5401
f 5579 5580 5582
f 5582 5580 5400
f 5583 5582 5400
f 5583 5400 5402
f 5581 5584 5401
f 5401 5584 5403
f 5583 5402 5585
f 5404 5585 5402
f 5584 5586 5403
f 5403 5586 5418
f 5587 5585 5404
f 5419 5587 5404
f 5407 5589 5424
f 5588 5423 5589
f 5424 5589 5423
f 5590 5589 5407
f 5408 5591 5407
f 5590 5407 5591
f 5592 5591 5408
f 5410 5593 5408
f 5592 5408 5593
f 5594 5593 5410
f 5592 5593 5595
f 5594 5595 5593
f 5412 5596 5410
f 5594 5410 5596
f 5594 5596 5595
f 5595 5596 5597
f 5413 5597 5412
f 5596 5412 5597
f 5598 5597 5413
f 5414 5598 5413
f 5599 5598 5414
f 5415 5599 5414
f 5600 5599 5415
f 5425 5601 5415
f 5600 5415 5601
f 5601 5425 5426
f 5427 5426 5425
f 5586 5602 5418
f 5418 5602 5430
f 5419 5603 5587
f 5419 5431 5603
f 5604 5603 5432
f 5431 5432 5603
f 5422 5605 5442
f 5442 5605 5441
f 5606 5605 5422
f 5423 5606 5422
f 5588 5607 5423
f 5423 5607 5606
f 5588 5589 5607
f 5590 5591 5589
f 5608 5589 5591
f 5607 5589 5608
f 5600 5609 5599
f 5600 5601 5609
f 5609 5601 5610
f 5601 5426 5610
f 5426 5611 5610
f 5443 5612 5426
f 5426 5612 5611
f 5444 5612 5443
f 5613 5614 5447
f 5602 5613 5430
f 5430 5613 5446
f 5613 5447 5446
f 5615 5604 5432
f 5615 5616 5604
f 5615 5432 5448
f 5615 5448 5616
f 5450 5617 5449
f 5617 5450 5618
f 5451 5618 5450
f 5452 5618 5451
f 5619 5458 5441
f 5458 5619 5457
f 5619 5441 5621
f 5620 5621 5441
f 5605 5621 5441
f 5620 5441 5621
f 5622 5605 5606
f 5605 5622 5621
f 5623 5610 5611
f 5612 5623 5611
f 5612 5624 5623
f 5612 5444 5625
f 5612 5625 5624
f 5459 5625 5444
f 5447 5614 5626
f 5447 5626 5462
f 5616 5448 5627
f 5627 5448 5629
f 5628 5629 5448
f 5628 5630 5629
f 5449 5631 5448
f 5628 5448 5631
f 5628 5631 5632
f 5628 5632 5630
f 5633 5631 5449
f 5632 5631 5634
f 5633 5634 5631
f 5617 5634 5449
f 5633 5449 5634
f 5635 5634 5617
f 5635 5636 5634
f 5618 5635 5617
f 5636 5635 5637
f 5618 5637 5635
f 5618 5452 5638
f 5618 5638 5637
f 5638 5452 5463
f 5464 5463 5452
f 5455 5639 5465
f 5465 5639 5463
f 5640 5455 5457
f 5639 5455 5640
f 5640 5457 5641
f 5619 5641 5457
f 5642 5619 5621
f 5619 5642 5641
f 5643 5623 5624
f 5625 5643 5624
f 5625 5644 5643
f 5625 5459 5467
f 5625 5467 5644
f 5462 5626 5645
f 5462 5645 5468
f 5629 5630 5632
f 5646 5636 5637
f 5638 5646 5637
f 5647 5646 5638
f 5647 5648 5646
f 5647 5638 5463
f 5647 5463 5648
f 5648 5463 5649
f 5463 5639 5649
f 5649 5639 5650
f 5640 5650 5639
f 5651 5640 5641
f 5640 5651 5650
f 5653 5643 5644
f 5653 5652 5643
f 5653 5644 5467
f 5653 5467 5654
f 5467 5469 5654
f 5468 5645 5655
f 5468 5655 5471
f 5656 5646 5648
f 5657 5648 5649
f 5657 5656 5648
f 5658 5649 5650
f 5649 5658 5657
f 5659 5652 5653
f 5659 5660 5652
f 5659 5653 5654
f 5659 5654 5661
f 5654 5469 5472
f 5654 5472 5661
f 5655 5662 5471
f 5475 5471 5662
f 5663 5660 5659
f 5663 5664 5660
f 5661 5663 5659
f 5661 5665 5663
f 5661 5472 5476
f 5661 5476 5665
f 5662 5666 5475
f 5475 5666 5478
f 5667 5664 5663
f 5667 5668 5664
f 5665 5667 5663
f 5665 5669 5667
f 5665 5476 5479
f 5665 5479 5669
f 5670 5478 5666
f 5670 5666 5671
f 5670 5671 5478
f 5481 5478 5671
f 5672 5668 5667
f 5672 5673 5668
f 5672 5667 5669
f 5672 5669 5674
f 5669 5479 5482
f 5669 5482 5674
f 5671 5675 5481
f 5481 5675 5484
f 5678 5676 5677
f 5680 5673 5672
f 5680 5679 5673
f 5680 5672 5674
f 5680 5674 5487
f 5674 5482 5485
f 5674 5485 5487
f 5484 5675 5681
f 5488 5484 5681
f 5683 5682 5676
f 5683 5684 5682
f 5685 5676 5678
f 5685 5683 5676
f 5686 5685 5678
f 5690 5679 5680
f 5690 5688 5679
f 5690 5680 5487
f 5690 5487 5490
f 5690 5490 5688
f 5681 5691 5488
f 5691 5493 5488
f 5694 5684 5683
f 5694 5692 5684
f 5696 5683 5685
f 5696 5694 5683
f 5696 5695 5694
f 5696 5697 5695
f 5698 5685 5686
f 5698 5696 5685
f 5698 5697 5696
f 5699 5686 5687
f 5699 5698 5686
f 5687 5700 5699
f 5703 5689 5688
f 5703 5701 5689
f 5703 5704 5701
f 5703 5688 5496
f 5703 5496 5704
f 5688 5490 5319
f 5688 5319 5496
f 5691 5705 5493
f 5497 5493 5705
f 5705 5706 5497
f 5706 5498 5497
f 5709 5693 5692
f 5709 5707 5693
f 5709 5710 5707
f 5709 5692 5711
f 5709 5711 5511
f 5709 5511 5710
f 5711 5692 5694
f 5711 5694 5695
f 5711 5695 5514
f 5711 5514 5511
f 5695 5697 5517
f 5695 5517 5514
f 5698 5712 5697
f 5697 5712 5520
f 5697 5520 5517
f 5712 5698 5699
f 5712 5699 5713
f 5712 5713 5714
f 5712 5714 5520
f 5715 5699 5700
f 5715 5713 5699
f 5715 5714 5713
f 5715 5716 5714
f 5718 5700 5717
f 5718 5715 5700
f 5716 5715 5718
f 5718 5717 5719
f 5722 5702 5701
f 5722 5721 5702
f 5722 5499 5721
f 5704 5722 5701
f 5704 5499 5722
f 5704 5496 5329
f 5704 5329 5499
f 5706 5723 5498
f 5501 5498 5723
f 5723 5724 5501
f 5503 5502 5724
f 5724 5502 5501
f 5725 5503 5724
f 5725 5504 5503
f 5726 5504 5725
f 5726 5505 5504
f 5727 5505 5726
f 5727 5506 5505
f 5728 5506 5727
f 5728 5507 5506
f 5729 5730 5731
f 5729 5728 5730
f 5729 5507 5728
f 5729 5508 5507
f 5732 5731 5733
f 5732 5729 5731
f 5732 5508 5729
f 5732 5528 5508
f 5734 5733 5735
f 5734 5732 5733
f 5734 5528 5732
f 5735 5736 5734
f 5740 5708 5707
f 5740 5739 5708
f 5740 5509 5739
f 5710 5740 5707
f 5710 5509 5740
f 5710 5511 5510
f 5710 5510 5509
f 5521 5520 5714
f 5714 5716 5522
f 5714 5522 5521
f 5716 5718 5523
f 5716 5523 5522
f 5741 5718 5719
f 5741 5523 5718
f 5741 5719 5742
f 5741 5742 5543
f 5741 5543 5523
f 5743 5742 5719
f 5543 5742 5744
f 5743 5744 5742
f 5749 5747 5750
f 5749 5746 5747
f 5749 5748 5746
f 5751 5749 5750
f 5751 5752 5749
f 5751 5753 5752
f 5754 5751 5755
f 5753 5751 5754
f 5756 5755 5720
f 5756 5754 5755
f 5756 5720 5757
f 5756 5757 5552
f 5756 5552 5754
f 5757 5720 5721
f 5757 5721 5758
f 5757 5758 5525
f 5757 5525 5552
f 5721 5525 5758
f 5721 5499 5524
f 5721 5524 5525
f 5734 5531 5528
f 5531 5734 5736
f 5531 5736 5759
f 5531 5759 5532
f 5759 5736 5737
f 5759 5737 5760
f 5759 5760 5533
f 5759 5533 5532
f 5760 5737 5738
f 5760 5738 5761
f 5760 5761 5534
f 5760 5534 5533
f 5761 5738 5739
f 5761 5739 5535
f 5761 5535 5534
f 5535 5739 5509
f 5743 5762 5744
f 5543 5744 5762
f 5545 5543 5762
f 5762 5743 5745
f 5762 5745 5546
f 5762 5546 5545
f 5546 5745 5746
f 5546 5746 5748
f 5546 5748 5547
f 5749 5548 5748
f 5748 5548 5547
f 5548 5749 5752
f 5548 5752 5753
f 5548 5753 5549
f 5753 5754 5763
f 5753 5763 5550
f 5753 5550 5549
f 5754 5550 5763
f 5754 5552 5551
f 5754 5551 5550
f 5564 5767 5765
f 5564 5765 5764
f 5561 5564 5764
f 5564 5563 5767
f 5563 5768 5767
f 5563 5565 5768
f 5565 5769 5768
f 5565 5566 5769
f 5770 5771 5772
f 5770 5772 5566
f 5769 5566 5772
f 5770 5773 5771
f 5770 5566 5773
f 5567 5773 5566
f 5771 5773 5774
f 5567 5774 5773
f 5774 5567 5569
f 5775 5776 5766
f 5775 5570 5776
f 5775 5571 5570
f 5561 5764 5766
f 5561 5766 5776
f 5570 5561 5776
f 5771 5774 5777
f 5774 5569 5777
f 5777 5569 5778
f 5569 5779 5778
f 5572 5779 5569
f 5574 5573 5780
f 5775 5781 5571
f 5571 5781 5780
f 5573 5571 5780
f 5778 5779 5782
f 5572 5782 5779
f 5572 5575 5782
f 5574 5780 5783
f 5574 5783 5784
f 5574 5784 5577
f 5785 5782 5575
f 5578 5785 5575
f 5579 5785 5578
f 5577 5784 5786
f 5581 5577 5786
f 5579 5787 5785
f 5787 5579 5582
f 5788 5787 5582
f 5788 5582 5789
f 5583 5789 5582
f 5581 5790 5584
f 5581 5786 5790
f 5791 5790 5786
f 5584 5790 5791
f 5788 5789 5792
f 5792 5789 5583
f 5793 5792 5583
f 5793 5583 5794
f 5585 5794 5583
f 5795 5584 5791
f 5586 5584 5795
f 5793 5794 5796
f 5796 5794 5585
f 5797 5796 5585
f 5797 5585 5798
f 5587 5798 5585
f 5586 5799 5602
f 5799 5586 5795
f 5797 5798 5800
f 5587 5800 5798
f 5587 5603 5800
f 5603 5604 5800
f 5591 5801 5608
f 5608 5801 5607
f 5802 5801 5591
f 5592 5802 5591
f 5803 5802 5592
f 5595 5803 5592
f 5804 5803 5595
f 5597 5804 5595
f 5805 5804 5597
f 5598 5805 5597
f 5806 5805 5598
f 5599 5807 5598
f 5806 5598 5807
f 5609 5808 5599
f 5807 5599 5808
f 5808 5609 5610
f 5799 5809 5602
f 5602 5809 5613
f 5614 5613 5809
f 5604 5810 5800
f 5604 5811 5810
f 5616 5811 5604
f 5606 5812 5622
f 5812 5621 5622
f 5813 5812 5606
f 5813 5606 5607
f 5813 5607 5814
f 5801 5814 5607
f 5802 5815 5801
f 5801 5815 5814
f 5803 5816 5802
f 5815 5802 5816
f 5804 5817 5803
f 5816 5803 5817
f 5805 5818 5804
f 5817 5804 5818
f 5806 5819 5805
f 5818 5805 5819
f 5806 5807 5819
f 5820 5819 5807
f 5808 5820 5807
f 5808 5821 5820
f 5808 5610 5822
f 5808 5822 5821
f 5623 5822 5610
f 5823 5809 5824
f 5823 5824 5825
f 5823 5825 5626
f 5809 5823 5614
f 5823 5626 5614
f 5810 5811 5826
f 5826 5811 5616
f 5627 5826 5616
f 5629 5826 5627
f 5621 5827 5642
f 5827 5641 5642
f 5828 5827 5621
f 5812 5828 5621
f 5813 5829 5812
f 5812 5829 5828
f 5830 5813 5814
f 5829 5813 5830
f 5819 5820 5831
f 5832 5820 5821
f 5832 5831 5820
f 5822 5832 5821
f 5822 5833 5832
f 5822 5623 5834
f 5822 5834 5833
f 5643 5834 5623
f 5626 5825 5835
f 5626 5835 5645
f 5629 5836 5826
f 5629 5837 5836
f 5632 5838 5629
f 5629 5838 5837
f 5634 5839 5632
f 5838 5632 5839
f 5636 5840 5634
f 5839 5634 5840
f 5646 5840 5636
f 5641 5841 5651
f 5841 5650 5651
f 5842 5841 5641
f 5827 5843 5641
f 5842 5641 5843
f 5844 5827 5828
f 5844 5843 5827
f 5828 5829 5845
f 5828 5845 5844
f 5831 5832 5846
f 5847 5832 5833
f 5847 5846 5832
f 5847 5833 5834
f 5847 5834 5848
f 5834 5643 5652
f 5834 5652 5848
f 5835 5849 5645
f 5645 5849 5850
f 5655 5645 5850
f 5836 5837 5851
f 5838 5851 5837
f 5852 5851 5838
f 5852 5853 5851
f 5852 5838 5839
f 5852 5839 5853
f 5853 5839 5854
f 5839 5840 5854
f 5854 5840 5855
f 5840 5646 5856
f 5840 5856 5855
f 5656 5856 5646
f 5650 5857 5658
f 5857 5657 5658
f 5858 5650 5841
f 5857 5650 5858
f 5859 5841 5842
f 5858 5841 5859
f 5843 5859 5842
f 5860 5843 5844
f 5843 5860 5859
f 5861 5846 5847
f 5861 5862 5846
f 5848 5861 5847
f 5848 5863 5861
f 5848 5652 5660
f 5848 5660 5863
f 5849 5864 5850
f 5850 5864 5655
f 5655 5864 5662
f 5866 5851 5853
f 5866 5865 5851
f 5867 5853 5854
f 5867 5866 5853
f 5855 5867 5854
f 5855 5868 5867
f 5855 5856 5869
f 5855 5869 5868
f 5856 5656 5870
f 5856 5870 5869
f 5657 5871 5656
f 5870 5656 5871
f 5872 5657 5857
f 5871 5657 5872
f 5872 5857 5873
f 5858 5874 5857
f 5857 5874 5873
f 5875 5858 5859
f 5875 5874 5858
f 5859 5860 5876
f 5859 5876 5875
f 5877 5862 5861
f 5877 5878 5862
f 5863 5877 5861
f 5863 5879 5877
f 5863 5660 5664
f 5863 5664 5879
f 5864 5880 5662
f 5662 5880 5666
f 5865 5866 5881
f 5882 5866 5867
f 5882 5881 5866
f 5883 5867 5868
f 5883 5882 5867
f 5883 5868 5869
f 5883 5869 5884
f 5869 5870 5885
f 5869 5885 5884
f 5870 5871 5886
f 5870 5886 5885
f 5871 5872 5887
f 5871 5887 5886
f 5873 5887 5872
f 5874 5888 5873
f 5873 5888 5887
f 5889 5874 5875
f 5889 5888 5874
f 5875 5890 5889
f 5891 5878 5877
f 5891 5892 5878
f 5879 5891 5877
f 5879 5893 5891
f 5879 5664 5668
f 5879 5668 5893
f 5894 5666 5880
f 5671 5666 5894
f 5896 5881 5882
f 5896 5895 5881
f 5897 5882 5883
f 5897 5896 5882
f 5897 5883 5884
f 5897 5884 5898
f 5884 5885 5677
f 5884 5677 5898
f 5885 5886 5899
f 5885 5899 5677
f 5886 5887 5900
f 5886 5900 5899
f 5888 5901 5887
f 5887 5901 5902
f 5887 5902 5900
f 5903 5888 5889
f 5903 5901 5888
f 5902 5901 5903
f 5889 5890 5904
f 5889 5904 5903
f 5905 5892 5891
f 5905 5906 5892
f 5893 5905 5891
f 5893 5907 5905
f 5893 5668 5673
f 5893 5673 5907
f 5894 5908 5671
f 5671 5908 5675
f 5911 5895 5896
f 5911 5909 5895
f 5912 5896 5897
f 5912 5911 5896
f 5912 5913 5911
f 5912 5897 5898
f 5912 5898 5914
f 5912 5914 5913
f 5898 5677 5676
f 5898 5676 5914
f 5678 5677 5899
f 5899 5900 5915
f 5899 5915 5678
f 5900 5902 5916
f 5900 5916 5915
f 5917 5902 5903
f 5917 5916 5902
f 5918 5903 5904
f 5918 5917 5903
f 5918 5904 5919
f 5921 5906 5905
f 5921 5920 5906
f 5907 5921 5905
f 5907 5922 5921
f 5907 5673 5679
f 5907 5679 5922
f 5923 5675 5908
f 5681 5675 5923
f 5925 5910 5909
f 5925 5924 5910
f 5926 5909 5911
f 5926 5925 5909
f 5913 5926 5911
f 5913 5927 5926
f 5913 5914 5684
f 5913 5684 5927
f 5914 5676 5682
f 5914 5682 5684
f 5915 5686 5678
f 5915 5916 5687
f 5915 5687 5686
f 5917 5928 5916
f 5916 5928 5929
f 5916 5929 5687
f 5930 5917 5918
f 5930 5928 5917
f 5930 5929 5928
f 5930 5931 5929
f 5932 5918 5919
f 5932 5930 5918
f 5931 5930 5932
f 5932 5919 5933
f 5935 5934 5920
f 5935 5936 5934
f 5937 5920 5921
f 5937 5935 5920
f 5937 5921 5922
f 5937 5922 5689
f 5937 5689 5935
f 5922 5679 5688
f 5922 5688 5689
f 5923 5938 5681
f 5939 5681 5938
f 5939 5691 5681
f 5939 5938 5940
f 5939 5940 5691
f 5944 5942 5924
f 5944 5941 5942
f 5945 5924 5925
f 5945 5944 5924
f 5945 5946 5944
f 5945 5947 5946
f 5948 5925 5926
f 5948 5945 5925
f 5948 5947 5945
f 5948 5926 5927
f 5948 5927 5693
f 5948 5693 5947
f 5927 5684 5692
f 5927 5692 5693
f 5687 5929 5700
f 5929 5931 5717
f 5929 5717 5700
f 5949 5931 5932
f 5949 5717 5931
f 5950 5932 5933
f 5950 5949 5932
f 5933 5952 5950
f 5951 5950 5952
f 5958 5957 5936
f 5958 5956 5957
f 5959 5936 5935
f 5959 5958 5936
f 5959 5935 5702
f 5959 5702 5958
f 5935 5689 5701
f 5935 5701 5702
f 5940 5960 5691
f 5705 5691 5960
f 5960 5961 5705
f 5961 5706 5705
f 5964 5733 5962
f 5964 5735 5733
f 5966 5965 5943
f 5966 5964 5965
f 5966 5735 5964
f 5966 5967 5735
f 5968 5943 5941
f 5968 5966 5943
f 5968 5967 5966
f 5968 5969 5967
f 5970 5941 5944
f 5970 5968 5941
f 5970 5969 5968
f 5970 5971 5969
f 5946 5970 5944
f 5946 5971 5970
f 5946 5947 5708
f 5946 5708 5971
f 5947 5693 5707
f 5947 5707 5708
f 5949 5972 5717
f 5717 5972 5719
f 5972 5949 5950
f 5972 5950 5973
f 5972 5973 5974
f 5972 5974 5719
f 5975 5950 5951
f 5975 5973 5950
f 5975 5974 5973
f 5975 5976 5974
f 5977 5951 5953
f 5977 5975 5951
f 5977 5976 5975
f 5977 5747 5976
f 5978 5953 5954
f 5978 5977 5953
f 5978 5747 5977
f 5978 5750 5747
f 5979 5954 5955
f 5979 5978 5954
f 5979 5750 5978
f 5979 5751 5750
f 5980 5955 5956
f 5980 5979 5955
f 5980 5751 5979
f 5980 5956 5981
f 5980 5981 5755
f 5980 5755 5751
f 5981 5956 5958
f 5981 5958 5982
f 5981 5982 5720
f 5981 5720 5755
f 5958 5720 5982
f 5958 5702 5721
f 5958 5721 5720
f 5961 5983 5706
f 5723 5706 5983
f 5983 5984 5723
f 5984 5724 5723
f 5985 5724 5984
f 5985 5725 5724
f 5986 5725 5985
f 5986 5726 5725
f 5987 5726 5986
f 5987 5727 5726
f 5988 5727 5987
f 5988 5728 5727
f 5730 5989 5963
f 5730 5988 5989
f 5730 5728 5988
f 5730 5963 5731
f 5731 5963 5962
f 5731 5962 5733
f 5735 5967 5736
f 5967 5969 5737
f 5967 5737 5736
f 5969 5971 5738
f 5969 5738 5737
f 5971 5708 5739
f 5971 5739 5738
f 5743 5719 5974
f 5974 5976 5745
f 5974 5745 5743
f 5976 5747 5746
f 5976 5746 5745
f 5765 5990 5764
f 5766 5764 5990
f 5765 5991 5992
f 5765 5992 5990
f 5765 5767 5991
f 5767 5993 5991
f 5767 5768 5993
f 5768 5994 5993
f 5768 5769 5994
f 5995 5994 5769
f 5771 5996 5772
f 5995 5769 5996
f 5772 5996 5769
f 5766 5997 5775
f 5766 5990 5998
f 5766 5998 5997
f 5999 5996 5771
f 5995 5996 6000
f 5999 6000 5996
f 5777 6000 5771
f 5999 5771 6000
f 5778 6000 5777
f 5781 5997 6001
f 5781 6001 6002
f 5781 6002 5780
f 5997 5781 5775
f 5778 6003 6000
f 5778 6004 6003
f 5778 5782 6004
f 5780 6005 5783
f 5784 5783 6005
f 6005 5780 6002
f 6003 6004 6006
f 6004 5782 6006
f 5782 6007 6006
f 5785 6007 5782
f 6008 6005 6009
f 6008 6009 5786
f 6005 6008 5784
f 6008 5786 5784
f 6006 6007 6010
f 6010 6007 5785
f 6011 6010 5785
f 5787 6011 5785
f 5788 6011 5787
f 6009 6012 5786
f 5786 6012 5791
f 5788 6013 6011
f 5788 5792 6013
f 5792 5793 6013
f 6012 6014 5791
f 5791 6014 6015
f 5791 6015 5795
f 6013 5793 6016
f 5793 5796 6016
f 5796 5797 6016
f 5795 6015 6017
f 5795 6017 5799
f 6018 6016 5797
f 6018 5797 5800
f 6020 5809 6019
f 5799 6019 5809
f 5799 6017 6019
f 6020 6019 6017
f 6018 5800 6021
f 5800 5810 6021
f 6022 5809 6020
f 5809 6022 5824
f 5825 5824 6022
f 6023 6021 5810
f 6023 6024 6021
f 6023 5810 5826
f 5814 6025 5830
f 5830 6025 5829
f 6026 5814 5815
f 6025 5814 6026
f 5815 5816 6027
f 5815 6027 6026
f 5816 5817 6028
f 5816 6028 6027
f 5817 5818 6029
f 5817 6029 6028
f 5818 5819 6030
f 5818 6030 6029
f 5819 5831 6030
f 6022 6031 5825
f 5835 5825 6031
f 6024 6023 6032
f 6032 6023 5826
f 5836 6032 5826
f 6033 5845 5829
f 6033 5844 5845
f 5829 6025 6034
f 5829 6034 6033
f 6025 6026 6035
f 6025 6035 6034
f 6035 6026 6036
f 6027 6037 6026
f 6026 6037 6036
f 6038 6037 6027
f 6036 6037 6038
f 6028 6038 6027
f 6039 6038 6028
f 6029 6039 6028
f 6040 6039 6029
f 6040 6041 6039
f 6040 6029 6030
f 6040 6030 6042
f 6040 6042 6041
f 6030 5831 6043
f 6030 6043 6042
f 5831 5846 6043
f 6031 6044 5835
f 5835 6044 5849
f 5836 6045 6032
f 5836 6046 6045
f 5836 5851 6046
f 6047 5844 6033
f 5860 5844 6047
f 6033 6034 6048
f 6033 6048 6047
f 6048 6034 6049
f 6035 6049 6034
f 6050 6035 6036
f 6050 6049 6035
f 6051 6036 6038
f 6051 6050 6036
f 6052 6038 6039
f 6052 6051 6038
f 6053 6039 6041
f 6053 6052 6039
f 6042 6053 6041
f 6054 6053 6042
f 6054 6042 6043
f 6054 6043 6055
f 6043 5846 5862
f 6043 5862 6055
f 6044 6056 5849
f 5849 6056 5864
f 6046 6057 6045
f 6046 6058 6057
f 6046 5851 5865
f 6046 5865 6058
f 6059 5876 5860
f 6059 5875 5876
f 5860 6047 6060
f 5860 6060 6059
f 6047 6048 6061
f 6047 6061 6060
f 6062 6048 6049
f 6061 6048 6062
f 6063 6049 6050
f 6063 6062 6049
f 6064 6050 6051
f 6064 6063 6050
f 6065 6051 6052
f 6065 6064 6051
f 6066 6052 6053
f 6066 6065 6052
f 6067 6053 6054
f 6067 6066 6053
f 6067 6054 6055
f 6067 6055 6068
f 6055 5862 5878
f 6055 5878 6068
f 6056 6069 5864
f 6069 5880 5864
f 6070 6069 6056
f 6069 6070 5880
f 6058 6071 6057
f 6058 6072 6071
f 6058 5865 6073
f 6058 6073 6072
f 5865 5881 6073
f 5875 6059 5890
f 6059 6060 6074
f 6059 6074 5890
f 6060 6061 6075
f 6060 6075 6074
f 6076 6061 6062
f 6075 6061 6076
f 6077 6062 6063
f 6077 6076 6062
f 6078 6063 6064
f 6078 6077 6063
f 6079 6064 6065
f 6079 6078 6064
f 6080 6065 6066
f 6080 6079 6065
f 6081 6066 6067
f 6081 6080 6066
f 6081 6067 6068
f 6081 6068 6082
f 6068 5878 5892
f 6068 5892 6082
f 5880 6070 6083
f 5894 5880 6083
f 6072 6084 6071
f 6072 6085 6084
f 6072 6073 6086
f 6072 6086 6085
f 6073 5881 5895
f 6073 5895 6086
f 5890 6074 6087
f 5890 6087 5904
f 6074 6075 6088
f 6074 6088 6087
f 6089 6075 6076
f 6089 6088 6075
f 6089 6076 6090
f 6089 6090 6088
f 6091 6076 6077
f 6091 6090 6076
f 6092 6077 6078
f 6092 6091 6077
f 6093 6078 6079
f 6093 6092 6078
f 6094 6079 6080
f 6094 6093 6079
f 6095 6080 6081
f 6095 6094 6080
f 6095 6096 6094
f 6095 6081 6082
f 6095 6082 6097
f 6095 6097 6096
f 6082 5892 5906
f 6082 5906 6097
f 6083 6098 5894
f 6098 5908 5894
f 6099 6084 6101
f 6099 6101 6102
f 6085 6101 6084
f 6085 6102 6101
f 6085 6086 5910
f 6085 5910 6102
f 6086 5895 5909
f 6086 5909 5910
f 5904 6087 5919
f 6087 6088 6103
f 6087 6103 5919
f 6090 6104 6088
f 6088 6104 6105
f 6088 6105 6103
f 6106 6090 6091
f 6106 6104 6090
f 6106 6105 6104
f 6106 6091 6107
f 6106 6107 6105
f 6108 6091 6092
f 6108 6107 6091
f 6109 6092 6093
f 6109 6108 6092
f 6110 6093 6094
f 6110 6109 6093
f 6096 6110 6094
f 6096 6111 6110
f 6096 6097 6112
f 6096 6112 6111
f 6097 5906 5920
f 6097 5920 6112
f 6113 5908 6114
f 6098 6114 5908
f 6113 6114 5908
f 5923 5908 6114
f 6116 6100 6099
f 6116 6115 6100
f 6116 6117 6115
f 6116 6099 6102
f 6116 6102 5942
f 6116 5942 6117
f 6102 5910 5924
f 6102 5924 5942
f 5919 6103 5933
f 6103 6105 6118
f 6103 6118 5933
f 6107 6119 6105
f 6105 6119 6120
f 6105 6120 6118
f 6119 6107 6108
f 6119 6108 6121
f 6119 6121 6122
f 6119 6122 6120
f 6121 6108 6109
f 6121 6109 6123
f 6121 6123 6124
f 6121 6124 6122
f 6123 6109 6110
f 6123 6110 6111
f 6123 6111 5957
f 6123 5957 6124
f 6111 6112 5936
f 6111 5936 5957
f 6112 5920 5934
f 6112 5934 5936
f 5938 5923 6114
f 5938 6114 6125
f 5940 5938 6125
f 6127 6126 6115
f 6127 6128 6126
f 6127 5965 6128
f 6127 6115 6117
f 6127 6117 5943
f 6127 5943 5965
f 6117 5942 5941
f 6117 5941 5943
f 5951 5952 6118
f 5933 6118 5952
f 6118 6120 5953
f 6118 5953 5951
f 6120 6122 5954
f 6120 5954 5953
f 6122 6124 5955
f 6122 5955 5954
f 6124 5957 5956
f 6124 5956 5955
f 5960 5940 6125
f 6129 6125 6130
f 6129 5960 6125
f 6129 6130 5961
f 6129 5961 5960
f 6130 6131 5961
f 6132 5963 6133
f 6132 5962 5963
f 6134 6135 6128
f 6134 6132 6135
f 6134 5962 6132
f 6134 6128 5965
f 6134 5965 5964
f 6134 5964 5962
f 5983 5961 6131
f 6136 6131 6137
f 6136 5983 6131
f 6136 6137 6138
f 6136 6138 5984
f 6136 5984 5983
f 6137 6139 6138
f 6139 5984 6138
f 6139 5985 5984
f 6140 5985 6139
f 6140 5986 5985
f 6141 5986 6140
f 6141 5987 5986
f 6142 6143 6144
f 6142 6141 6143
f 6142 5987 6141
f 6142 6144 5989
f 6142 5989 5988
f 6142 5988 5987
f 5989 6144 6133
f 5989 6133 5963
f 5991 6145 5992
f 5992 6145 5990
f 6146 6147 6145
f 5991 6146 6145
f 5993 6146 5991
f 6147 6146 6148
f 5993 6148 6146
f 5994 6148 5993
f 5994 6149 6148
f 5995 6149 5994
f 6150 6151 6152
f 6150 6152 6153
f 6150 6153 5997
f 6150 5990 6151
f 5990 6150 5998
f 5998 6150 5997
f 5990 6145 6151
f 6148 6149 6154
f 6154 6149 5995
f 6155 6154 5995
f 6155 5995 6156
f 6000 6156 5995
f 6157 5997 6153
f 5997 6157 6001
f 6157 6002 6001
f 6155 6156 6158
f 6000 6159 6156
f 6158 6156 6159
f 6158 6159 6003
f 6000 6003 6159
f 6157 6161 6002
f 6002 6161 6160
f 6002 6160 6005
f 6158 6003 6162
f 6162 6003 6006
f 6163 6005 6160
f 6005 6163 6009
f 6162 6006 6165
f 6164 6165 6006
f 6010 6166 6006
f 6164 6006 6166
f 6164 6166 6165
f 6011 6166 6010
f 6163 6167 6009
f 6009 6167 6012
f 6169 6166 6168
f 6165 6166 6169
f 6011 6170 6166
f 6168 6166 6170
f 6168 6170 6171
f 6011 6171 6170
f 6171 6011 6013
f 6167 6172 6012
f 6012 6172 6014
f 6015 6014 6172
f 6168 6171 6173
f 6171 6013 6173
f 6173 6013 6174
f 6013 6175 6174
f 6013 6016 6175
f 6172 6176 6015
f 6176 6177 6015
f 6017 6015 6177
f 6174 6175 6178
f 6175 6016 6178
f 6016 6179 6178
f 6018 6179 6016
f 6176 6180 6177
f 6177 6180 6020
f 6177 6020 6017
f 6181 6178 6179
f 6181 6182 6178
f 6181 6179 6018
f 6181 6018 6021
f 6180 6183 6020
f 6020 6183 6184
f 6022 6020 6184
f 6182 6181 6185
f 6021 6185 6181
f 6021 6024 6185
f 6186 6022 6184
f 6031 6022 6186
f 6024 6187 6185
f 6024 6188 6187
f 6024 6032 6188
f 6031 6189 6044
f 6031 6186 6189
f 6190 6189 6186
f 6044 6189 6190
f 6191 6187 6188
f 6191 6192 6187
f 6191 6188 6032
f 6191 6032 6045
f 6193 6044 6190
f 6044 6193 6056
f 6194 6192 6191
f 6194 6195 6192
f 6194 6191 6045
f 6194 6045 6057
f 6193 6196 6056
f 6056 6196 6070
f 6197 6195 6194
f 6197 6198 6195
f 6197 6199 6198
f 6197 6194 6057
f 6197 6057 6071
f 6197 6071 6199
f 6200 6070 6201
f 6196 6201 6070
f 6200 6201 6070
f 6083 6070 6201
f 6199 6202 6198
f 6199 6203 6202
f 6199 6071 6084
f 6199 6084 6203
f 6204 6083 6201
f 6204 6098 6083
f 6204 6201 6205
f 6204 6205 6098
f 6203 6206 6202
f 6203 6100 6206
f 6203 6084 6099
f 6203 6099 6100
f 6205 6207 6098
f 6208 6098 6207
f 6098 6208 6114
f 6208 6207 6209
f 6114 6208 6209
f 6210 6206 6100
f 6210 6100 6115
f 6209 6212 6114
f 6114 6212 6213
f 6114 6213 6125
f 6213 6212 6214
f 6125 6213 6214
f 6126 6211 6210
f 6126 6215 6211
f 6126 6128 6215
f 6126 6210 6115
f 6214 6217 6125
f 6125 6217 6218
f 6130 6125 6218
f 6217 6219 6218
f 6219 6130 6218
f 6131 6130 6219
f 6221 6222 6216
f 6221 6220 6222
f 6221 6133 6220
f 6221 6132 6133
f 6135 6216 6215
f 6135 6221 6216
f 6135 6132 6221
f 6135 6215 6128
f 6131 6219 6223
f 6131 6223 6137
f 6224 6137 6223
f 6224 6139 6137
f 6225 6139 6224
f 6225 6140 6139
f 6226 6140 6225
f 6226 6141 6140
f 6143 6227 6228
f 6143 6226 6227
f 6143 6141 6226
f 6143 6228 6144
f 6144 6228 6220
f 6144 6220 6133
f 6229 6145 6230
f 6147 6230 6145
f 6230 6147 6148
f 6151 6231 6152
f 6231 6153 6152
f 6151 6232 6233
f 6151 6233 6231
f 6151 6145 6232
f 6229 6234 6145
f 6232 6145 6234
f 6229 6230 6234
f 6234 6230 6235
f 6230 6148 6235
f 6235 6148 6236
f 6148 6154 6236
f 6154 6155 6236
f 6153 6237 6157
f 6153 6231 6238
f 6153 6238 6237
f 6236 6155 6239
f 6155 6158 6239
f 6161 6237 6240
f 6161 6240 6241
f 6161 6241 6160
f 6161 6157 6237
f 6239 6158 6242
f 6243 6242 6158
f 6243 6244 6242
f 6243 6158 6162
f 6243 6162 6244
f 6160 6245 6163
f 6160 6241 6245
f 6162 6246 6244
f 6247 6244 6246
f 6247 6246 6165
f 6162 6165 6246
f 6245 6248 6163
f 6163 6248 6167
f 6247 6165 6249
f 6249 6165 6250
f 6249 6250 6251
f 6165 6251 6250
f 6251 6165 6168
f 6169 6168 6165
f 6248 6252 6167
f 6167 6252 6172
f 6249 6251 6253
f 6251 6168 6253
f 6253 6168 6255
f 6254 6255 6168
f 6173 6174 6168
f 6254 6168 6174
f 6254 6174 6255
f 6252 6256 6172
f 6172 6256 6176
f 6255 6174 6257
f 6174 6258 6257
f 6174 6178 6258
f 6259 6176 6256
f 6176 6259 6180
f 6257 6258 6260
f 6178 6261 6258
f 6260 6258 6261
f 6260 6261 6182
f 6178 6182 6261
f 6259 6262 6180
f 6180 6262 6183
f 6262 6263 6183
f 6184 6183 6263
f 6182 6264 6260
f 6182 6265 6264
f 6182 6185 6265
f 6262 6266 6263
f 6263 6266 6186
f 6263 6186 6184
f 6267 6264 6265
f 6267 6268 6264
f 6267 6265 6185
f 6267 6185 6187
f 6266 6269 6186
f 6186 6269 6270
f 6190 6186 6270
f 6268 6267 6271
f 6187 6271 6267
f 6187 6192 6271
f 6269 6272 6270
f 6270 6272 6190
f 6193 6190 6272
f 6192 6273 6271
f 6192 6195 6273
f 6274 6193 6272
f 6275 6196 6274
f 6193 6274 6196
f 6274 6272 6276
f 6275 6274 6276
f 6195 6277 6273
f 6195 6198 6277
f 6196 6275 6201
f 6278 6275 6276
f 6201 6275 6278
f 6198 6279 6277
f 6198 6202 6279
f 6201 6278 6280
f 6205 6201 6280
f 6281 6279 6202
f 6281 6202 6206
f 6207 6205 6280
f 6207 6280 6283
f 6284 6207 6283
f 6209 6207 6284
f 6286 6282 6281
f 6286 6285 6282
f 6286 6211 6285
f 6286 6281 6206
f 6286 6206 6210
f 6286 6210 6211
f 6212 6209 6283
f 6284 6283 6209
f 6212 6283 6287
f 6214 6212 6287
f 6290 6289 6285
f 6290 6288 6289
f 6290 6216 6288
f 6290 6285 6211
f 6290 6211 6215
f 6290 6215 6216
f 6217 6214 6287
f 6291 6292 6293
f 6287 6292 6217
f 6291 6217 6292
f 6291 6293 6219
f 6291 6219 6217
f 6294 6296 6295
f 6294 6220 6296
f 6222 6297 6288
f 6222 6294 6297
f 6222 6220 6294
f 6222 6288 6216
f 6293 6298 6219
f 6223 6219 6298
f 6223 6298 6299
f 6223 6299 6300
f 6224 6223 6300
f 6301 6300 6299
f 6301 6224 6300
f 6301 6225 6224
f 6302 6303 6304
f 6302 6301 6303
f 6302 6225 6301
f 6302 6304 6227
f 6302 6227 6226
f 6302 6226 6225
f 6227 6304 6295
f 6227 6295 6228
f 6228 6295 6296
f 6228 6296 6220
f 6232 6305 6233
f 6305 6231 6233
f 6305 6232 6306
f 6234 6306 6232
f 6234 6307 6306
f 6235 6307 6234
f 6235 6308 6307
f 6308 6235 6236
f 6309 6238 6310
f 6231 6310 6238
f 6309 6237 6238
f 6231 6305 6311
f 6231 6311 6310
f 6309 6310 6311
f 6308 6236 6312
f 6236 6239 6312
f 6313 6240 6237
f 6241 6240 6313
f 6309 6314 6237
f 6313 6237 6314
f 6242 6312 6239
f 6242 6315 6312
f 6244 6315 6242
f 6241 6313 6316
f 6241 6316 6317
f 6241 6317 6245
f 6244 6318 6315
f 6319 6315 6318
f 6319 6318 6247
f 6244 6247 6318
f 6321 6248 6320
f 6245 6320 6248
f 6245 6317 6320
f 6321 6320 6317
f 6319 6247 6322
f 6322 6247 6323
f 6247 6249 6323
f 6324 6322 6323
f 6324 6323 6249
f 6325 6248 6321
f 6248 6325 6252
f 6324 6249 6326
f 6249 6253 6326
f 6253 6327 6326
f 6255 6327 6253
f 6325 6328 6252
f 6328 6256 6252
f 6255 6330 6327
f 6329 6327 6330
f 6329 6330 6257
f 6255 6257 6330
f 6331 6256 6328
f 6331 6259 6256
f 6332 6329 6257
f 6332 6333 6329
f 6332 6257 6260
f 6332 6260 6333
f 6331 6334 6259
f 6259 6334 6262
f 6336 6333 6260
f 6264 6336 6260
f 6337 6334 6335
f 6337 6335 6338
f 6337 6338 6266
f 6334 6337 6262
f 6262 6337 6266
f 6264 6339 6336
f 6264 6268 6339
f 6340 6266 6338
f 6340 6338 6341
f 6266 6340 6269
f 6342 6339 6268
f 6342 6343 6339
f 6342 6268 6271
f 6341 6344 6340
f 6340 6344 6269
f 6269 6344 6272
f 6343 6342 6345
f 6345 6342 6271
f 6345 6271 6273
f 6346 6272 6344
f 6276 6272 6346
f 6347 6345 6273
f 6347 6273 6277
f 6348 6276 6349
f 6346 6349 6276
f 6348 6349 6276
f 6278 6276 6349
f 6350 6347 6277
f 6350 6277 6279
f 6351 6278 6349
f 6278 6351 6280
f 6351 6349 6352
f 6280 6351 6352
f 6353 6282 6354
f 6353 6350 6279
f 6353 6279 6281
f 6353 6281 6282
f 6352 6355 6280
f 6356 6280 6355
f 6356 6355 6283
f 6356 6283 6280
f 6282 6357 6354
f 6282 6285 6357
f 6283 6355 6358
f 6287 6283 6358
f 6289 6359 6357
f 6289 6288 6359
f 6289 6357 6285
f 6292 6358 6361
f 6292 6287 6358
f 6293 6292 6361
f 6361 6362 6293
f 6363 6293 6362
f 6365 6366 6360
f 6365 6364 6366
f 6365 6295 6364
f 6365 6294 6295
f 6297 6360 6359
f 6297 6365 6360
f 6297 6294 6365
f 6297 6359 6288
f 6362 6367 6363
f 6298 6293 6367
f 6363 6367 6293
f 6298 6367 6368
f 6298 6368 6369
f 6299 6298 6369
f 6368 6370 6369
f 6370 6299 6369
f 6301 6299 6371
f 6370 6371 6299
f 6303 6371 6372
f 6303 6301 6371
f 6303 6372 6304
f 6304 6372 6364
f 6304 6364 6295
f 6305 6374 6311
f 6373 6309 6374
f 6311 6374 6309
f 6375 6376 6374
f 6375 6374 6305
f 6375 6306 6376
f 6306 6375 6305
f 6376 6306 6377
f 6306 6307 6377
f 6377 6307 6378
f 6307 6308 6378
f 6308 6379 6378
f 6379 6308 6312
f 6309 6380 6314
f 6314 6380 6313
f 6373 6374 6309
f 6381 6309 6374
f 6380 6309 6381
f 6378 6379 6382
f 6379 6312 6382
f 6382 6312 6383
f 6312 6384 6383
f 6315 6384 6312
f 6313 6385 6316
f 6317 6316 6385
f 6313 6380 6386
f 6385 6313 6386
f 6383 6384 6387
f 6315 6388 6384
f 6387 6384 6388
f 6389 6387 6388
f 6315 6389 6388
f 6319 6389 6315
f 6317 6385 6390
f 6317 6390 6391
f 6317 6391 6321
f 6319 6322 6389
f 6392 6389 6322
f 6392 6322 6324
f 6321 6391 6393
f 6325 6321 6393
f 6392 6324 6394
f 6394 6324 6395
f 6324 6326 6395
f 6396 6394 6395
f 6396 6395 6397
f 6326 6397 6395
f 6327 6397 6326
f 6398 6325 6393
f 6325 6398 6328
f 6396 6397 6399
f 6327 6399 6397
f 6327 6329 6399
f 6400 6401 6402
f 6398 6400 6328
f 6328 6400 6331
f 6400 6402 6331
f 6329 6403 6399
f 6329 6404 6403
f 6333 6404 6329
f 6405 6402 6401
f 6405 6401 6406
f 6405 6406 6335
f 6402 6405 6331
f 6331 6405 6334
f 6405 6335 6334
f 6403 6404 6407
f 6407 6404 6333
f 6407 6333 6336
f 6335 6406 6408
f 6335 6408 6338
f 6409 6407 6336
f 6409 6336 6339
f 6338 6408 6410
f 6338 6410 6341
f 6409 6339 6411
f 6411 6339 6412
f 6339 6343 6412
f 6410 6413 6341
f 6413 6344 6341
f 6414 6412 6343
f 6414 6415 6412
f 6414 6343 6345
f 6414 6345 6415
f 6416 6344 6413
f 6416 6413 6417
f 6416 6417 6344
f 6346 6344 6417
f 6418 6415 6345
f 6418 6345 6347
f 6420 6346 6419
f 6417 6419 6346
f 6346 6420 6349
f 6420 6419 6421
f 6349 6420 6421
f 6422 6418 6347
f 6422 6347 6350
f 6349 6421 6423
f 6352 6349 6423
f 6424 6422 6350
f 6424 6350 6353
f 6354 6424 6353
f 6425 6352 6423
f 6425 6355 6352
f 6425 6423 6426
f 6425 6426 6355
f 6429 6428 6424
f 6429 6427 6428
f 6429 6357 6427
f 6429 6424 6354
f 6429 6354 6357
f 6426 6430 6355
f 6431 6355 6430
f 6355 6431 6358
f 6358 6431 6430
f 6434 6360 6432
f 6434 6435 6359
f 6434 6359 6360
f 6357 6435 6427
f 6357 6359 6435
f 6430 6436 6358
f 6361 6358 6436
f 6436 6437 6361
f 6362 6361 6437
f 6366 6433 6432
f 6366 6438 6433
f 6366 6364 6438
f 6366 6432 6360
f 6437 6439 6362
f 6440 6362 6439
f 6440 6367 6362
f 6440 6439 6367
f 6441 6367 6439
f 6368 6367 6441
f 6368 6441 6442
f 6371 6370 6442
f 6368 6442 6370
f 6371 6442 6443
f 6372 6371 6443
f 6372 6443 6438
f 6372 6438 6364
f 6439 6444 6441
f 6441 6445 6442
f 6444 6445 6441
f 6442 6446 6443
f 6446 6442 6445
f 6447 6376 6448
f 6377 6448 6376
f 6448 6377 6378
f 6374 6450 6381
f 6449 6380 6450
f 6381 6450 6380
f 6374 6451 6450
f 6376 6451 6374
f 6447 6452 6376
f 6451 6376 6452
f 6447 6448 6452
f 6452 6448 6453
f 6448 6378 6453
f 6453 6378 6454
f 6382 6454 6378
f 6383 6454 6382
f 6380 6455 6386
f 6386 6455 6385
f 6449 6450 6380
f 6456 6380 6450
f 6380 6456 6455
f 6383 6457 6454
f 6383 6387 6457
f 6387 6458 6457
f 6389 6458 6387
f 6460 6390 6459
f 6385 6459 6390
f 6460 6391 6390
f 6461 6385 6455
f 6385 6461 6459
f 6460 6459 6461
f 6462 6458 6389
f 6392 6462 6389
f 6463 6460 6464
f 6463 6464 6465
f 6463 6465 6393
f 6463 6391 6460
f 6463 6393 6391
f 6392 6394 6462
f 6466 6462 6394
f 6466 6394 6396
f 6393 6467 6398
f 6393 6465 6467
f 6466 6396 6468
f 6396 6399 6468
f 6469 6470 6401
f 6467 6469 6398
f 6398 6469 6400
f 6469 6401 6400
f 6399 6471 6468
f 6399 6403 6471
f 6401 6470 6472
f 6401 6472 6406
f 6473 6471 6403
f 6473 6474 6471
f 6473 6403 6407
f 6473 6407 6474
f 6406 6472 6475
f 6406 6475 6408
f 6476 6474 6407
f 6476 6407 6409
f 6408 6475 6477
f 6408 6477 6410
f 6409 6479 6476
f 6478 6476 6479
f 6409 6411 6479
f 6478 6479 6412
f 6411 6412 6479
f 6477 6480 6410
f 6480 6413 6410
f 6480 6481 6413
f 6412 6482 6478
f 6415 6482 6412
f 6481 6483 6413
f 6417 6413 6483
f 6415 6484 6482
f 6418 6485 6415
f 6484 6415 6485
f 6419 6417 6486
f 6483 6486 6417
f 6419 6486 6487
f 6421 6419 6487
f 6485 6418 6422
f 6484 6485 6488
f 6488 6485 6422
f 6487 6489 6421
f 6421 6489 6423
f 6488 6422 6490
f 6422 6424 6490
f 6490 6491 6488
f 6492 6423 6489
f 6426 6423 6492
f 6428 6493 6424
f 6493 6428 6427
f 6493 6494 6424
f 6490 6424 6495
f 6424 6496 6495
f 6424 6494 6496
f 6497 6491 6490
f 6497 6490 6496
f 6495 6496 6490
f 6498 6426 6492
f 6498 6430 6426
f 6498 6492 6499
f 6498 6499 6430
f 6500 6433 6502
f 6500 6432 6433
f 6503 6501 6504
f 6503 6500 6501
f 6503 6432 6500
f 6503 6504 6435
f 6503 6435 6434
f 6503 6434 6432
f 6504 6505 6435
f 6435 6505 6427
f 6505 6506 6427
f 6506 6493 6427
f 6496 6494 6507
f 6493 6507 6494
f 6506 6507 6493
f 6499 6508 6430
f 6508 6436 6430
f 6437 6436 6508
f 6509 6502 6433
f 6509 6433 6438
f 6437 6508 6510
f 6437 6510 6511
f 6437 6511 6439
f 6512 6443 6513
f 6512 6509 6438
f 6512 6438 6443
f 6510 6514 6511
f 6514 6515 6511
f 6439 6511 6515
f 6439 6515 6516
f 6514 6516 6515
f 6439 6516 6444
f 6443 6446 6517
f 6446 6445 6517
f 6443 6518 6513
f 6517 6518 6443
f 6516 6514 6519
f 6516 6519 6520
f 6516 6521 6444
f 6516 6520 6521
f 6445 6444 6522
f 6522 6444 6521
f 6445 6522 6523
f 6517 6445 6524
f 6524 6445 6525
f 6525 6445 6523
f 6518 6517 6525
f 6524 6525 6517
f 6526 6520 6519
f 6526 6519 6527
f 6526 6521 6520
f 6526 6528 6521
f 6521 6528 6522
f 6522 6529 6523
f 6528 6529 6522
f 6529 6525 6523
f 6527 6530 6526
f 6526 6531 6528
f 6530 6531 6526
f 6532 6529 6528
f 6532 6528 6531
f 6530 6534 6531
f 6533 6534 6530
f 6452 6535 6451
f 6535 6452 6453
f 6454 6536 6453
f 6450 6537 6456
f 6537 6455 6456
f 6538 6537 6450
f 6451 6538 6450
f 6451 6539 6538
f 6451 6535 6539
f 6539 6535 6540
f 6535 6453 6540
f 6536 6541 6453
f 6540 6453 6541
f 6541 6536 6454
f 6541 6454 6542
f 6457 6542 6454
f 6543 6542 6457
f 6458 6543 6457
f 6455 6544 6461
f 6544 6460 6461
f 6455 6545 6546
f 6544 6455 6546
f 6537 6545 6455
f 6545 6537 6538
f 6543 6547 6542
f 6547 6543 6458
f 6548 6547 6458
f 6462 6548 6458
f 6460 6549 6464
f 6549 6465 6464
f 6460 6544 6550
f 6460 6550 6551
f 6549 6460 6551
f 6462 6552 6548
f 6553 6548 6552
f 6553 6552 6466
f 6462 6466 6552
f 6554 6555 6467
f 6549 6554 6465
f 6465 6554 6467
f 6554 6549 6551
f 6553 6466 6556
f 6556 6466 6468
f 6557 6469 6467
f 6557 6470 6469
f 6467 6555 6558
f 6557 6467 6558
f 6556 6468 6559
f 6468 6471 6559
f 6560 6557 6561
f 6560 6470 6557
f 6472 6470 6560
f 6471 6562 6559
f 6474 6562 6471
f 6563 6560 6564
f 6561 6564 6560
f 6563 6564 6475
f 6560 6563 6472
f 6563 6475 6472
f 6565 6562 6474
f 6565 6474 6476
f 6564 6566 6475
f 6477 6475 6566
f 6567 6565 6476
f 6478 6567 6476
f 6566 6568 6477
f 6477 6568 6480
f 6481 6480 6568
f 6478 6569 6567
f 6478 6570 6569
f 6482 6570 6478
f 6481 6568 6571
f 6572 6481 6571
f 6483 6481 6572
f 6569 6570 6573
f 6482 6574 6570
f 6573 6570 6574
f 6482 6484 6574
f 6575 6573 6574
f 6575 6574 6484
f 6576 6483 6571
f 6572 6571 6483
f 6576 6486 6483
f 6576 6571 6577
f 6576 6577 6486
f 6487 6486 6577
f 6575 6484 6578
f 6578 6484 6579
f 6484 6488 6579
f 6580 6578 6579
f 6580 6579 6488
f 6577 6581 6487
f 6581 6489 6487
f 6580 6488 6582
f 6582 6488 6491
f 6583 6580 6582
f 6491 6583 6582
f 6581 6584 6489
f 6584 6492 6489
f 6497 6585 6491
f 6497 6496 6585
f 6586 6583 6491
f 6586 6491 6587
f 6585 6587 6491
f 6586 6588 6583
f 6586 6587 6588
f 6589 6583 6588
f 6584 6590 6492
f 6591 6590 6584
f 6590 6591 6492
f 6499 6492 6591
f 6595 6593 6596
f 6595 6592 6593
f 6595 6502 6592
f 6501 6500 6595
f 6595 6500 6502
f 6597 6595 6596
f 6597 6501 6595
f 6504 6501 6597
f 6598 6504 6597
f 6598 6505 6504
f 6599 6505 6598
f 6505 6599 6506
f 6600 6506 6599
f 6496 6507 6601
f 6506 6600 6507
f 6601 6507 6600
f 6585 6496 6602
f 6602 6496 6601
f 6585 6603 6587
f 6602 6603 6585
f 6588 6587 6603
f 6589 6588 6603
f 6591 6604 6499
f 6604 6508 6499
f 6605 6594 6592
f 6605 6592 6502
f 6605 6502 6509
f 6598 6606 6599
f 6606 6600 6599
f 6607 6600 6606
f 6607 6601 6600
f 6608 6601 6609
f 6607 6609 6601
f 6608 6602 6601
f 6602 6608 6603
f 6508 6604 6610
f 6508 6610 6510
f 6611 6605 6509
f 6611 6509 6512
f 6513 6611 6512
f 6510 6610 6612
f 6510 6612 6613
f 6510 6613 6514
f 6614 6611 6513
f 6518 6615 6513
f 6614 6513 6615
f 6616 6613 6612
f 6616 6612 6617
f 6613 6616 6514
f 6616 6519 6514
f 6614 6615 6618
f 6615 6525 6618
f 6615 6518 6525
f 6619 6616 6617
f 6619 6519 6616
f 6619 6527 6519
f 6618 6525 6620
f 6525 6621 6620
f 6525 6529 6621
f 6527 6619 6622
f 6527 6622 6623
f 6527 6623 6530
f 6532 6624 6529
f 6532 6531 6624
f 6621 6529 6625
f 6624 6625 6529
f 6623 6622 6626
f 6623 6626 6627
f 6623 6628 6530
f 6533 6530 6628
f 6623 6627 6628
f 6533 6628 6534
f 6624 6531 6630
f 6630 6531 6631
f 6534 6629 6531
f 6631 6531 6629
f 6625 6624 6631
f 6630 6631 6624
f 6632 6627 6626
f 6627 6632 6633
f 6627 6634 6628
f 6627 6633 6634
f 6628 6635 6534
f 6628 6634 6635
f 6534 6636 6629
f 6635 6636 6534
f 6631 6629 6636
f 6632 6638 6633
f 6638 6632 6637
f 6638 6634 6633
f 6639 6634 6640
f 6638 6640 6634
f 6635 6634 6639
f 6635 6641 6636
f 6641 6635 6642
f 6639 6642 6635
f 6640 6642 6639
f 6643 6638 6637
f 6643 6637 6644
f 6638 6645 6640
f 6643 6645 6638
f 6642 6640 6645
f 6644 6646 6643
f 6643 6647 6645
f 6647 6643 6646
f 6648 6546 6545
f 6538 6649 6545
f 6648 6545 6649
f 6650 6649 6538
f 6650 6538 6539
f 6650 6539 6651
f 6540 6652 6539
f 6539 6652 6651
f 6651 6652 6653
f 6652 6540 6541
f 6652 6541 6653
f 6653 6541 6654
f 6542 6654 6541
f 6655 6654 6542
f 6547 6655 6542
f 6548 6655 6547
f 6656 6550 6544
f 6658 6544 6657
f 6546 6657 6544
f 6656 6544 6658
f 6648 6659 6546
f 6546 6659 6657
f 6658 6657 6659
f 6648 6649 6659
f 6650 6660 6649
f 6659 6649 6660
f 6651 6661 6650
f 6660 6650 6661
f 6653 6662 6651
f 6661 6651 6662
f 6654 6663 6653
f 6664 6653 6663
f 6662 6653 6664
f 6655 6665 6654
f 6663 6654 6665
f 6666 6655 6548
f 6666 6665 6655
f 6553 6666 6548
f 6667 6555 6554
f 6550 6668 6551
f 6669 6551 6668
f 6667 6554 6669
f 6551 6669 6554
f 6656 6670 6550
f 6550 6670 6668
f 6669 6668 6670
f 6656 6658 6670
f 6658 6659 6671
f 6670 6658 6671
f 6665 6666 6672
f 6673 6666 6553
f 6673 6672 6666
f 6673 6674 6672
f 6673 6553 6556
f 6673 6556 6674
f 6675 6558 6555
f 6675 6557 6558
f 6667 6676 6555
f 6675 6555 6676
f 6667 6669 6676
f 6676 6669 6670
f 6672 6674 6677
f 6677 6674 6556
f 6559 6677 6556
f 6678 6561 6557
f 6675 6679 6557
f 6678 6557 6679
f 6675 6676 6680
f 6675 6680 6679
f 6559 6681 6677
f 6559 6682 6681
f 6562 6682 6559
f 6683 6564 6561
f 6678 6684 6561
f 6683 6561 6684
f 6678 6679 6684
f 6682 6685 6681
f 6682 6686 6685
f 6682 6562 6565
f 6682 6565 6686
f 6687 6566 6683
f 6564 6683 6566
f 6688 6683 6684
f 6687 6683 6688
f 6689 6685 6686
f 6689 6690 6685
f 6689 6686 6565
f 6689 6565 6567
f 6566 6687 6568
f 6691 6687 6688
f 6691 6568 6687
f 6691 6688 6692
f 6691 6692 6568
f 6690 6689 6693
f 6693 6689 6567
f 6569 6693 6567
f 6692 6694 6568
f 6568 6694 6571
f 6692 6695 6694
f 6571 6694 6695
f 6569 6696 6693
f 6696 6569 6573
f 6697 6696 6573
f 6575 6697 6573
f 6698 6571 6695
f 6698 6695 6699
f 6577 6571 6699
f 6698 6699 6571
f 6699 6695 6700
f 6575 6578 6697
f 6697 6578 6701
f 6701 6580 6702
f 6701 6578 6580
f 6699 6581 6577
f 6703 6699 6700
f 6703 6581 6699
f 6702 6580 6704
f 6580 6705 6704
f 6580 6583 6705
f 6706 6704 6705
f 6583 6706 6705
f 6703 6707 6581
f 6707 6584 6581
f 6703 6708 6707
f 6709 6707 6708
f 6707 6709 6584
f 6593 6710 6712
f 6583 6713 6706
f 6583 6714 6713
f 6589 6714 6583
f 6715 6706 6713
f 6714 6715 6713
f 6716 6584 6717
f 6709 6717 6584
f 6716 6717 6584
f 6591 6584 6717
f 6719 6711 6710
f 6719 6718 6711
f 6719 6594 6718
f 6719 6710 6593
f 6719 6593 6592
f 6719 6592 6594
f 6593 6712 6596
f 6596 6712 6720
f 6597 6596 6720
f 6720 6721 6597
f 6597 6721 6598
f 6714 6589 6722
f 6589 6603 6722
f 6723 6715 6714
f 6722 6723 6714
f 6723 6724 6715
f 6717 6725 6591
f 6725 6604 6591
f 6594 6726 6718
f 6594 6727 6726
f 6605 6727 6594
f 6728 6598 6721
f 6606 6598 6728
f 6728 6729 6606
f 6607 6606 6729
f 6730 6607 6729
f 6608 6609 6731
f 6607 6730 6609
f 6731 6609 6730
f 6608 6731 6732
f 6603 6608 6732
f 6603 6732 6733
f 6722 6603 6734
f 6734 6603 6735
f 6735 6603 6733
f 6722 6736 6723
f 6734 6736 6722
f 6735 6736 6734
f 6736 6724 6723
f 6725 6737 6604
f 6604 6737 6610
f 6727 6738 6726
f 6727 6739 6738
f 6727 6605 6611
f 6727 6611 6739
f 6729 6731 6730
f 6740 6732 6731
f 6735 6733 6740
f 6732 6740 6733
f 6610 6737 6741
f 6610 6741 6612
f 6742 6738 6739
f 6742 6739 6611
f 6742 6611 6614
f 6612 6741 6743
f 6612 6743 6617
f 6744 6742 6614
f 6744 6614 6618
f 6743 6745 6617
f 6617 6745 6746
f 6617 6746 6747
f 6619 6617 6747
f 6748 6744 6618
f 6748 6618 6620
f 6621 6748 6620
f 6746 6749 6747
f 6747 6749 6619
f 6619 6749 6622
f 6750 6748 6621
f 6625 6750 6621
f 6749 6751 6622
f 6622 6751 6626
f 6753 6752 6750
f 6753 6754 6752
f 6753 6750 6625
f 6631 6754 6625
f 6753 6625 6754
f 6751 6755 6626
f 6626 6755 6632
f 6752 6754 6756
f 6754 6636 6756
f 6754 6631 6636
f 6755 6757 6632
f 6637 6632 6757
f 6636 6641 6758
f 6641 6642 6758
f 6756 6636 6759
f 6636 6760 6759
f 6758 6760 6636
f 6637 6757 6761
f 6637 6761 6644
f 6758 6642 6762
f 6642 6645 6762
f 6760 6758 6762
f 6644 6761 6763
f 6644 6763 6764
f 6644 6764 6646
f 6645 6647 6765
f 6647 6646 6765
f 6645 6766 6762
f 6765 6766 6645
f 6764 6763 6767
f 6764 6768 6646
f 6764 6767 6768
f 6765 6646 6769
f 6769 6646 6768
f 6770 6766 6765
f 6770 6765 6771
f 6769 6771 6765
f 6772 6773 6767
f 6768 6767 6773
f 6772 6774 6773
f 6773 6774 6768
f 6769 6768 6774
f 6771 6769 6774
f 6772 6775 6774
f 6661 6776 6660
f 6776 6661 6777
f 6662 6777 6661
f 6777 6662 6663
f 6664 6663 6662
f 6778 6671 6659
f 6671 6778 6670
f 6659 6660 6779
f 6659 6779 6778
f 6779 6660 6780
f 6660 6776 6780
f 6780 6776 6781
f 6776 6777 6781
f 6781 6777 6782
f 6777 6663 6783
f 6777 6783 6782
f 6663 6665 6784
f 6663 6784 6783
f 6665 6672 6784
f 6670 6785 6676
f 6778 6786 6670
f 6670 6786 6787
f 6670 6787 6785
f 6788 6786 6778
f 6787 6786 6788
f 6779 6788 6778
f 6789 6779 6780
f 6789 6788 6779
f 6790 6780 6781
f 6790 6789 6780
f 6791 6781 6782
f 6791 6790 6781
f 6783 6791 6782
f 6792 6791 6783
f 6792 6783 6784
f 6792 6784 6793
f 6784 6672 6794
f 6784 6794 6793
f 6672 6677 6794
f 6795 6680 6676
f 6795 6679 6680
f 6785 6796 6676
f 6676 6796 6797
f 6676 6797 6795
f 6798 6796 6785
f 6797 6796 6798
f 6787 6798 6785
f 6799 6787 6788
f 6799 6798 6787
f 6800 6788 6789
f 6800 6799 6788
f 6801 6789 6790
f 6801 6800 6789
f 6802 6790 6791
f 6802 6801 6790
f 6803 6791 6792
f 6803 6802 6791
f 6793 6803 6792
f 6804 6803 6793
f 6804 6793 6794
f 6804 6794 6805
f 6794 6677 6681
f 6794 6681 6805
f 6806 6679 6795
f 6679 6806 6684
f 6806 6795 6807
f 6797 6808 6795
f 6795 6808 6807
f 6809 6797 6798
f 6809 6808 6797
f 6810 6798 6799
f 6810 6809 6798
f 6811 6799 6800
f 6811 6810 6799
f 6812 6800 6801
f 6812 6811 6800
f 6813 6801 6802
f 6813 6812 6801
f 6814 6802 6803
f 6814 6813 6802
f 6815 6803 6804
f 6815 6814 6803
f 6805 6815 6804
f 6805 6816 6815
f 6805 6681 6685
f 6805 6685 6816
f 6684 6806 6817
f 6688 6684 6817
f 6807 6817 6806
f 6808 6818 6807
f 6807 6818 6817
f 6819 6808 6809
f 6819 6818 6808
f 6820 6809 6810
f 6820 6819 6809
f 6821 6810 6811
f 6821 6820 6810
f 6822 6811 6812
f 6822 6821 6811
f 6823 6812 6813
f 6823 6822 6812
f 6824 6813 6814
f 6824 6823 6813
f 6825 6814 6815
f 6825 6824 6814
f 6816 6825 6815
f 6816 6826 6825
f 6816 6685 6690
f 6816 6690 6826
f 6827 6688 6817
f 6827 6692 6688
f 6818 6828 6817
f 6817 6828 6829
f 6817 6829 6827
f 6830 6818 6819
f 6830 6828 6818
f 6829 6828 6830
f 6831 6819 6820
f 6831 6830 6819
f 6832 6820 6821
f 6832 6831 6820
f 6833 6821 6822
f 6833 6832 6821
f 6834 6822 6823
f 6834 6833 6822
f 6835 6823 6824
f 6835 6834 6823
f 6836 6824 6825
f 6836 6835 6824
f 6837 6825 6826
f 6837 6836 6825
f 6837 6826 6690
f 6837 6690 6838
f 6690 6693 6838
f 6692 6827 6695
f 6827 6829 6839
f 6827 6839 6695
f 6840 6829 6830
f 6839 6829 6841
f 6840 6841 6829
f 6842 6830 6831
f 6842 6840 6830
f 6843 6831 6832
f 6843 6842 6831
f 6844 6832 6833
f 6844 6843 6832
f 6845 6833 6834
f 6845 6844 6833
f 6846 6834 6835
f 6846 6845 6834
f 6836 6847 6835
f 6835 6847 6846
f 6837 6848 6836
f 6849 6836 6848
f 6847 6836 6849
f 6838 6850 6837
f 6848 6837 6850
f 6850 6838 6693
f 6850 6693 6851
f 6696 6851 6693
f 6696 6852 6851
f 6697 6852 6696
f 6695 6839 6700
f 6841 6700 6839
f 6840 6853 6841
f 6841 6853 6854
f 6841 6854 6700
f 6855 6840 6842
f 6855 6853 6840
f 6854 6853 6855
f 6856 6842 6843
f 6856 6855 6842
f 6857 6843 6844
f 6857 6856 6843
f 6858 6844 6845
f 6858 6857 6844
f 6859 6845 6846
f 6859 6858 6845
f 6846 6847 6860
f 6846 6860 6859
f 6861 6859 6860
f 6851 6852 6862
f 6862 6852 6697
f 6862 6697 6863
f 6702 6863 6701
f 6701 6863 6697
f 6702 6864 6863
f 6700 6854 6865
f 6703 6700 6865
f 6866 6854 6855
f 6865 6854 6866
f 6867 6855 6856
f 6867 6866 6855
f 6868 6856 6857
f 6868 6867 6856
f 6869 6857 6858
f 6869 6868 6857
f 6869 6870 6868
f 6869 6871 6870
f 6872 6858 6859
f 6872 6869 6858
f 6872 6871 6869
f 6872 6873 6871
f 6859 6861 6874
f 6859 6874 6872
f 6875 6872 6874
f 6873 6872 6875
f 6863 6864 6876
f 6702 6704 6864
f 6876 6864 6704
f 6877 6878 6876
f 6877 6876 6704
f 6877 6706 6878
f 6877 6704 6706
f 6706 6879 6878
f 6709 6708 6865
f 6703 6865 6708
f 6866 6880 6865
f 6709 6865 6880
f 6867 6881 6866
f 6880 6866 6881
f 6882 6867 6868
f 6882 6881 6867
f 6870 6882 6868
f 6870 6883 6882
f 6870 6871 6711
f 6870 6711 6883
f 6871 6873 6710
f 6871 6710 6711
f 6884 6873 6875
f 6884 6710 6873
f 6884 6875 6885
f 6884 6885 6712
f 6884 6712 6710
f 6885 6875 6886
f 6885 6886 6712
f 6706 6887 6879
f 6706 6715 6887
f 6879 6887 6888
f 6888 6887 6715
f 6709 6880 6889
f 6890 6709 6889
f 6717 6709 6890
f 6881 6882 6891
f 6883 6891 6882
f 6883 6892 6891
f 6883 6711 6718
f 6883 6718 6892
f 6886 6893 6712
f 6894 6712 6893
f 6894 6720 6712
f 6894 6893 6895
f 6894 6895 6720
f 6721 6720 6895
f 6888 6715 6896
f 6715 6897 6896
f 6724 6897 6715
f 6898 6899 6888
f 6896 6898 6888
f 6898 6896 6900
f 6897 6900 6896
f 6901 6899 6898
f 6902 6717 6890
f 6725 6717 6902
f 6903 6891 6892
f 6903 6904 6891
f 6903 6892 6718
f 6903 6718 6726
f 6895 6905 6721
f 6728 6721 6905
f 6906 6728 6905
f 6728 6906 6729
f 6897 6724 6907
f 6907 6724 6736
f 6900 6897 6908
f 6907 6908 6897
f 6898 6900 6908
f 6909 6901 6898
f 6908 6909 6898
f 6725 6902 6910
f 6911 6910 6902
f 6910 6911 6725
f 6737 6725 6911
f 6904 6903 6912
f 6726 6912 6903
f 6726 6738 6912
f 6905 6913 6906
f 6913 6729 6906
f 6913 6914 6729
f 6915 6729 6914
f 6915 6731 6729
f 6915 6914 6916
f 6915 6916 6731
f 6740 6731 6916
f 6740 6916 6917
f 6735 6740 6917
f 6735 6917 6918
f 6735 6918 6736
f 6919 6736 6920
f 6918 6920 6736
f 6919 6920 6736
f 6907 6736 6920
f 6907 6921 6908
f 6921 6907 6920
f 6921 6909 6908
f 6922 6923 6911
f 6737 6911 6923
f 6737 6923 6741
f 6922 6741 6923
f 6738 6924 6912
f 6738 6925 6924
f 6742 6925 6738
f 6926 6741 6922
f 6741 6926 6743
f 6927 6924 6925
f 6927 6928 6924
f 6927 6925 6742
f 6927 6742 6744
f 6926 6745 6743
f 6745 6926 6929
f 6745 6929 6746
f 6928 6927 6930
f 6930 6927 6744
f 6930 6744 6748
f 6931 6746 6929
f 6931 6929 6932
f 6746 6931 6749
f 6933 6930 6748
f 6933 6748 6750
f 6932 6934 6931
f 6931 6934 6749
f 6749 6934 6751
f 6935 6933 6750
f 6935 6750 6752
f 6936 6751 6934
f 6937 6755 6936
f 6751 6936 6755
f 6938 6935 6752
f 6938 6752 6756
f 6755 6937 6757
f 6939 6937 6936
f 6757 6937 6939
f 6940 6938 6756
f 6940 6756 6759
f 6760 6940 6759
f 6941 6757 6939
f 6761 6757 6941
f 6943 6942 6940
f 6943 6944 6942
f 6943 6762 6944
f 6943 6940 6760
f 6943 6760 6762
f 6761 6941 6945
f 6761 6945 6763
f 6762 6946 6944
f 6766 6946 6762
f 6945 6947 6763
f 6767 6763 6947
f 6770 6948 6766
f 6770 6771 6948
f 6946 6766 6948
f 6947 6949 6767
f 6767 6949 6772
f 6950 6948 6771
f 6774 6951 6771
f 6950 6771 6951
f 6949 6952 6772
f 6953 6772 6952
f 6772 6953 6775
f 6954 6775 6953
f 6950 6951 6955
f 6954 6955 6775
f 6951 6775 6955
f 6951 6774 6775
f 6956 6953 6952
f 6956 6952 6957
f 6956 6954 6953
f 6956 6958 6954
f 6956 6957 6958
f 6959 6955 6954
f 6959 6954 6958
f 6848 6960 6849
f 6849 6960 6847
f 6961 6960 6848
f 6850 6962 6848
f 6961 6848 6962
f 6963 6962 6850
f 6963 6850 6851
f 6964 6860 6847
f 6964 6861 6860
f 6964 6847 6965
f 6847 6960 6965
f 6961 6962 6960
f 6966 6960 6962
f 6965 6960 6966
f 6963 6967 6962
f 6963 6851 6967
f 6967 6851 6968
f 6968 6851 6969
f 6851 6862 6969
f 6970 6968 6969
f 6862 6970 6969
f 6970 6862 6863
f 6875 6874 6964
f 6861 6964 6874
f 6964 6965 6971
f 6875 6964 6971
f 6970 6863 6972
f 6972 6863 6973
f 6876 6973 6863
f 6974 6973 6876
f 6878 6974 6876
f 6975 6974 6878
f 6879 6975 6878
f 6971 6976 6875
f 6886 6875 6976
f 6975 6977 6974
f 6977 6975 6879
f 6977 6879 6978
f 6978 6888 6979
f 6888 6978 6879
f 6888 6980 6979
f 6981 6889 6880
f 6981 6890 6889
f 6880 6881 6982
f 6880 6982 6981
f 6881 6891 6982
f 6976 6893 6886
f 6983 6893 6976
f 6895 6893 6983
f 6888 6899 6980
f 6984 6985 6980
f 6984 6980 6899
f 6984 6986 6985
f 6984 6899 6986
f 6901 6986 6899
f 6986 6987 6985
f 6981 6988 6890
f 6988 6902 6890
f 6981 6989 6988
f 6981 6982 6989
f 6990 6989 6982
f 6990 6982 6891
f 6990 6891 6904
f 6991 6983 6992
f 6991 6895 6983
f 6991 6992 6905
f 6991 6905 6895
f 6986 6901 6909
f 6987 6986 6993
f 6986 6994 6993
f 6986 6909 6994
f 6994 6995 6993
f 6902 6988 6996
f 6902 6996 6997
f 6902 6997 6911
f 6989 6990 6998
f 6904 6998 6990
f 6904 6999 6998
f 6904 6912 6999
f 6992 7000 6905
f 7000 6913 6905
f 7000 7001 6913
f 6913 7001 6914
f 7002 6914 7001
f 6916 6914 7002
f 6921 7003 6909
f 7003 7004 6909
f 6994 6909 7004
f 6995 6994 7005
f 7004 7005 6994
f 6911 7006 6922
f 6911 6997 7006
f 6998 6999 7007
f 7008 7007 6999
f 7008 6999 6912
f 6924 7008 6912
f 7009 7002 7001
f 7002 7009 6916
f 7009 7011 6916
f 7010 6916 7011
f 7010 7011 7012
f 6917 6916 7012
f 7010 7012 6916
f 7011 7013 7012
f 7013 6917 7012
f 6918 6917 7013
f 7014 6918 7013
f 6920 6918 7014
f 6920 7014 7015
f 6921 6920 7015
f 7016 6921 7015
f 7016 7003 6921
f 7003 7017 7004
f 7016 7017 7003
f 7004 7018 7005
f 7017 7018 7004
f 7019 6922 7006
f 6922 7019 6926
f 6924 7020 7008
f 6924 6928 7020
f 7019 7021 6926
f 7021 6929 6926
f 7022 7020 6928
f 7022 7023 7020
f 7022 6928 6930
f 7024 6929 7021
f 7024 6932 6929
f 7023 7022 7025
f 7025 7022 6930
f 7025 6930 6933
f 7024 7026 6932
f 7026 7024 7027
f 7026 7027 7028
f 6932 7026 6934
f 7026 7028 6934
f 7029 7025 6933
f 7029 6933 6935
f 7027 7030 7028
f 7028 7030 6934
f 7030 6936 6934
f 7031 7029 6935
f 7031 6935 6938
f 7032 6936 7030
f 6936 7032 6939
f 7033 7031 6938
f 7033 6938 6940
f 6939 7032 7034
f 6939 7034 6941
f 7035 7033 6940
f 7035 6940 6942
f 6944 7035 6942
f 6941 7034 7036
f 6941 7036 7037
f 6945 6941 7037
f 7038 7035 6944
f 7038 6944 6946
f 7036 7039 7037
f 7037 7039 6945
f 6945 7039 6947
f 7038 6946 7040
f 6946 7041 7040
f 6946 6948 7041
f 7039 7042 6947
f 6947 7042 6949
f 6948 7043 7041
f 6950 7043 6948
f 7044 6949 7042
f 7044 6952 6949
f 7044 7042 7045
f 7044 7045 6952
f 6955 7047 6950
f 7046 6950 7047
f 7043 6950 7047
f 7046 7047 6950
f 6952 7045 7048
f 6952 7048 6957
f 7047 6955 7049
f 6959 7049 6955
f 6959 6958 7049
f 7048 7050 6957
f 6958 6957 7050
f 6958 7050 7051
f 7049 6958 7051
f 7050 7052 7051
f 6962 7053 6966
f 6966 7053 6965
f 7053 6962 7054
f 6967 7054 6962
f 6967 7055 7054
f 6968 7055 6967
f 6968 7056 7055
f 6970 7056 6968
f 7057 6971 6965
f 7058 6965 7053
f 7057 6965 7058
f 7055 7056 7059
f 6970 6972 7056
f 7059 7056 6972
f 7060 7059 6972
f 6973 7060 6972
f 7057 6976 6971
f 7057 7058 7061
f 7057 7061 6976
f 7062 7060 6973
f 6974 7062 6973
f 7063 7062 6974
f 6977 7064 6974
f 7063 6974 7064
f 7064 6977 6979
f 6978 6979 6977
f 7061 7065 6976
f 7066 6976 7065
f 6983 6976 7066
f 7063 7067 7062
f 7068 7062 7067
f 7063 7064 7067
f 7067 7064 7069
f 6979 7069 7064
f 7070 7069 6979
f 7070 7071 7069
f 7070 6979 6980
f 7070 6980 7071
f 7072 7071 6980
f 6985 6987 6980
f 7072 6980 6987
f 7066 7073 6983
f 6992 6983 7073
f 7072 7074 7071
f 7072 6987 7074
f 7074 6987 7075
f 6993 7075 6987
f 7076 7075 6993
f 6995 7076 6993
f 6988 7077 6996
f 7077 6997 6996
f 7078 7077 6988
f 6989 7079 6988
f 7078 6988 7079
f 7078 7079 7080
f 6989 7080 7079
f 6989 6998 7080
f 7073 7081 6992
f 7082 6992 7081
f 7082 7000 6992
f 7082 7081 7083
f 7082 7083 7000
f 7001 7000 7083
f 7076 7084 7075
f 7085 7075 7084
f 6995 7086 7076
f 7084 7076 7086
f 6995 7005 7086
f 7087 7084 7086
f 7087 7086 7005
f 7077 7088 6997
f 7088 7006 6997
f 7078 7089 7077
f 7088 7077 7089
f 7090 7078 7080
f 7089 7078 7090
f 6998 7091 7080
f 7090 7080 7091
f 7090 7091 7092
f 6998 7092 7091
f 7008 7092 7007
f 6998 7007 7092
f 7001 7093 7094
f 7083 7093 7001
f 7009 7001 7094
f 7094 7095 7009
f 7096 7009 7095
f 7009 7096 7011
f 7005 7018 7097
f 7097 7018 7017
f 7087 7005 7098
f 7005 7097 7099
f 7098 7005 7100
f 7100 7005 7099
f 7100 7101 7098
f 7006 7102 7019
f 7088 7103 7006
f 7006 7103 7104
f 7102 7006 7104
f 7105 7090 7092
f 7105 7106 7090
f 7105 7092 7008
f 7105 7008 7020
f 7095 7107 7096
f 7107 7011 7096
f 7108 7011 7107
f 7108 7013 7011
f 7108 7109 7013
f 7014 7013 7109
f 7109 7110 7014
f 7014 7110 7015
f 7110 7111 7015
f 7016 7015 7111
f 7111 7112 7016
f 7112 7017 7016
f 7112 7113 7017
f 7113 7097 7017
f 7097 7114 7099
f 7113 7114 7097
f 7114 7100 7099
f 7114 7101 7100
f 7102 7115 7019
f 7019 7115 7021
f 7115 7102 7104
f 7106 7105 7116
f 7020 7116 7105
f 7020 7023 7116
f 7115 7117 7021
f 7021 7117 7024
f 7023 7118 7116
f 7023 7119 7118
f 7023 7025 7119
f 7117 7120 7024
f 7120 7027 7024
f 7121 7118 7119
f 7121 7122 7118
f 7121 7119 7025
f 7121 7025 7029
f 7027 7120 7123
f 7027 7123 7124
f 7027 7124 7030
f 7122 7121 7125
f 7125 7121 7029
f 7125 7029 7031
f 7123 7126 7124
f 7126 7123 7127
f 7124 7126 7030
f 7126 7032 7030
f 7128 7125 7031
f 7128 7031 7033
f 7127 7129 7126
f 7032 7126 7129
f 7032 7129 7034
f 7130 7128 7033
f 7130 7033 7035
f 7034 7129 7131
f 7034 7131 7036
f 7132 7130 7035
f 7132 7035 7038
f 7133 7036 7131
f 7133 7131 7134
f 7036 7133 7039
f 7135 7132 7038
f 7135 7038 7040
f 7041 7135 7040
f 7134 7136 7133
f 7133 7136 7039
f 7039 7136 7042
f 7138 7137 7135
f 7138 7139 7137
f 7138 7135 7041
f 7043 7139 7041
f 7138 7041 7139
f 7042 7136 7140
f 7045 7042 7140
f 7137 7139 7141
f 7139 7047 7141
f 7139 7043 7047
f 7045 7140 7142
f 7045 7142 7048
f 7141 7047 7143
f 7047 7049 7143
f 7142 7144 7048
f 7048 7144 7050
f 7143 7049 7145
f 7049 7146 7145
f 7049 7051 7146
f 7144 7147 7050
f 7147 7148 7050
f 7149 7050 7148
f 7051 7052 7150
f 7050 7149 7052
f 7150 7052 7149
f 7051 7150 7146
f 7148 7150 7149
f 7151 7058 7053
f 7151 7053 7152
f 7054 7152 7053
f 7154 7054 7153
f 7054 7154 7152
f 7151 7152 7154
f 7054 7055 7153
f 7153 7055 7155
f 7155 7055 7059
f 7155 7059 7156
f 7060 7156 7059
f 7058 7157 7061
f 7158 7058 7151
f 7058 7158 7157
f 7061 7157 7158
f 7159 7156 7160
f 7060 7160 7156
f 7062 7160 7060
f 7061 7158 7161
f 7061 7161 7065
f 7066 7065 7161
f 7162 7160 7062
f 7162 7062 7067
f 7068 7067 7062
f 7163 7066 7161
f 7163 7073 7066
f 7163 7161 7164
f 7163 7164 7073
f 7165 7073 7164
f 7167 7067 7166
f 7162 7067 7167
f 7069 7168 7067
f 7166 7067 7168
f 7166 7168 7169
f 7069 7169 7168
f 7071 7170 7069
f 7169 7069 7170
f 7170 7071 7074
f 7081 7073 7164
f 7165 7164 7073
f 7081 7164 7171
f 7083 7081 7171
f 7166 7169 7172
f 7169 7170 7172
f 7172 7170 7173
f 7170 7074 7173
f 7174 7173 7074
f 7174 7175 7173
f 7174 7074 7075
f 7174 7075 7175
f 7176 7175 7075
f 7084 7177 7085
f 7176 7075 7177
f 7085 7177 7075
f 7087 7177 7084
f 7089 7178 7088
f 7090 7178 7089
f 7093 7171 7179
f 7093 7083 7171
f 7094 7093 7179
f 7179 7180 7094
f 7095 7094 7180
f 7176 7181 7175
f 7182 7175 7181
f 7176 7177 7181
f 7181 7177 7183
f 7183 7177 7087
f 7098 7183 7087
f 7101 7183 7098
f 7184 7103 7088
f 7184 7104 7103
f 7184 7088 7186
f 7185 7186 7088
f 7178 7187 7088
f 7185 7088 7187
f 7185 7187 7186
f 7186 7187 7188
f 7178 7188 7187
f 7178 7090 7106
f 7178 7106 7188
f 7180 7189 7095
f 7107 7095 7189
f 7189 7191 7107
f 7190 7107 7191
f 7108 7107 7191
f 7190 7191 7107
f 7192 7108 7191
f 7192 7109 7108
f 7193 7109 7192
f 7109 7193 7110
f 7194 7110 7193
f 7110 7194 7111
f 7195 7111 7194
f 7111 7195 7112
f 7101 7196 7183
f 7114 7197 7101
f 7196 7101 7197
f 7198 7199 7115
f 7198 7104 7199
f 7184 7199 7104
f 7104 7198 7115
f 7200 7184 7186
f 7199 7184 7200
f 7201 7186 7188
f 7106 7201 7188
f 7106 7202 7201
f 7106 7116 7202
f 7192 7203 7193
f 7203 7194 7193
f 7204 7194 7203
f 7204 7195 7194
f 7205 7195 7204
f 7205 7112 7195
f 7205 7206 7112
f 7206 7113 7112
f 7207 7113 7208
f 7206 7208 7113
f 7114 7113 7207
f 7207 7197 7114
f 7197 7207 7209
f 7208 7209 7207
f 7196 7197 7209
f 7211 7117 7210
f 7115 7210 7117
f 7115 7199 7212
f 7115 7212 7210
f 7211 7210 7212
f 7213 7201 7202
f 7213 7214 7201
f 7213 7202 7116
f 7213 7116 7118
f 7215 7117 7211
f 7117 7215 7120
f 7214 7213 7216
f 7118 7216 7213
f 7118 7122 7216
f 7215 7217 7120
f 7120 7217 7123
f 7218 7216 7219
f 7122 7219 7216
f 7122 7220 7219
f 7122 7125 7220
f 7217 7221 7123
f 7221 7127 7123
f 7222 7219 7220
f 7222 7223 7219
f 7222 7220 7125
f 7222 7125 7128
f 7127 7221 7224
f 7127 7224 7225
f 7127 7225 7129
f 7226 7223 7222
f 7226 7227 7223
f 7226 7222 7128
f 7226 7128 7130
f 7224 7228 7225
f 7225 7228 7129
f 7129 7228 7131
f 7229 7227 7226
f 7229 7230 7227
f 7229 7226 7130
f 7229 7130 7132
f 7131 7228 7231
f 7131 7231 7134
f 7230 7229 7232
f 7232 7229 7132
f 7232 7132 7135
f 7233 7134 7231
f 7134 7233 7136
f 7234 7232 7135
f 7234 7135 7137
f 7233 7235 7136
f 7140 7136 7235
f 7236 7234 7137
f 7236 7137 7141
f 7140 7235 7237
f 7140 7237 7142
f 7238 7236 7141
f 7238 7141 7143
f 7237 7239 7142
f 7142 7239 7144
f 7240 7238 7143
f 7240 7143 7145
f 7146 7240 7145
f 7239 7241 7144
f 7241 7147 7144
f 7241 7242 7147
f 7148 7147 7242
f 7243 7240 7146
f 7150 7244 7146
f 7243 7146 7244
f 7242 7245 7148
f 7245 7150 7148
f 7243 7244 7246
f 7244 7245 7246
f 7244 7150 7245
f 7153 7247 7154
f 7247 7151 7154
f 7248 7247 7153
f 7155 7248 7153
f 7249 7248 7155
f 7156 7249 7155
f 7158 7151 7250
f 7247 7250 7151
f 7251 7247 7248
f 7250 7247 7251
f 7156 7252 7249
f 7159 7160 7156
f 7252 7156 7160
f 7158 7250 7253
f 7161 7158 7253
f 7254 7252 7160
f 7162 7254 7160
f 7161 7253 7255
f 7161 7255 7164
f 7256 7254 7162
f 7256 7162 7166
f 7167 7166 7162
f 7255 7257 7164
f 7258 7164 7257
f 7258 7257 7259
f 7258 7259 7171
f 7258 7171 7164
f 7261 7166 7260
f 7256 7166 7261
f 7166 7172 7260
f 7172 7262 7260
f 7262 7172 7173
f 7259 7263 7171
f 7171 7263 7264
f 7179 7171 7264
f 7264 7263 7265
f 7264 7265 7179
f 7266 7179 7265
f 7180 7179 7266
f 7260 7262 7267
f 7262 7173 7267
f 7267 7173 7268
f 7173 7175 7268
f 7175 7269 7268
f 7181 7270 7182
f 7269 7175 7270
f 7182 7270 7175
f 7183 7270 7181
f 7189 7180 7265
f 7266 7265 7180
f 7271 7272 7273
f 7265 7272 7189
f 7271 7189 7272
f 7271 7273 7191
f 7271 7191 7189
f 7273 7274 7191
f 7191 7274 7192
f 7268 7269 7275
f 7269 7270 7275
f 7275 7270 7276
f 7276 7270 7183
f 7276 7183 7277
f 7277 7183 7196
f 7186 7278 7200
f 7200 7278 7199
f 7201 7278 7186
f 7279 7192 7274
f 7280 7192 7279
f 7203 7192 7280
f 7280 7282 7203
f 7281 7203 7282
f 7204 7203 7282
f 7281 7282 7203
f 7282 7283 7204
f 7205 7204 7283
f 7205 7283 7284
f 7205 7284 7206
f 7276 7277 7285
f 7277 7196 7285
f 7285 7196 7286
f 7196 7209 7286
f 7288 7212 7287
f 7199 7287 7212
f 7288 7211 7212
f 7288 7287 7289
f 7278 7290 7199
f 7287 7199 7290
f 7287 7290 7289
f 7289 7290 7291
f 7278 7291 7290
f 7278 7201 7214
f 7278 7214 7291
f 7292 7284 7283
f 7292 7206 7284
f 7292 7293 7206
f 7206 7293 7208
f 7294 7208 7293
f 7209 7208 7294
f 7286 7209 7295
f 7296 7295 7209
f 7296 7297 7295
f 7294 7297 7209
f 7296 7209 7297
f 7298 7299 7211
f 7215 7211 7299
f 7298 7211 7299
f 7288 7299 7211
f 7300 7288 7289
f 7299 7288 7300
f 7301 7289 7291
f 7214 7301 7291
f 7214 7302 7301
f 7214 7216 7302
f 7293 7303 7294
f 7303 7297 7294
f 7215 7304 7217
f 7215 7299 7305
f 7215 7305 7304
f 7307 7301 7302
f 7307 7306 7301
f 7307 7302 7216
f 7218 7219 7216
f 7307 7216 7219
f 7308 7217 7304
f 7217 7308 7221
f 7309 7306 7307
f 7309 7307 7219
f 7309 7219 7223
f 7310 7308 7311
f 7310 7311 7312
f 7308 7310 7221
f 7221 7310 7224
f 7310 7312 7224
f 7223 7313 7309
f 7223 7227 7313
f 7311 7314 7312
f 7312 7314 7224
f 7314 7315 7224
f 7228 7224 7315
f 7227 7316 7313
f 7227 7230 7316
f 7317 7315 7314
f 7318 7315 7317
f 7315 7318 7228
f 7318 7231 7228
f 7230 7319 7316
f 7230 7320 7319
f 7230 7232 7320
f 7317 7321 7318
f 7321 7231 7318
f 7231 7321 7322
f 7233 7231 7322
f 7323 7319 7320
f 7323 7324 7319
f 7323 7320 7232
f 7323 7232 7234
f 7321 7325 7322
f 7322 7325 7233
f 7325 7235 7233
f 7326 7324 7323
f 7326 7327 7324
f 7326 7323 7234
f 7326 7234 7236
f 7328 7235 7325
f 7328 7329 7235
f 7235 7329 7237
f 7327 7326 7330
f 7330 7326 7236
f 7330 7236 7238
f 7331 7237 7329
f 7237 7331 7239
f 7332 7330 7238
f 7332 7238 7240
f 7334 7239 7333
f 7331 7333 7239
f 7334 7241 7239
f 7334 7333 7241
f 7242 7241 7333
f 7240 7335 7332
f 7243 7335 7240
f 7333 7336 7242
f 7245 7242 7336
f 7337 7245 7336
f 7337 7335 7243
f 7337 7243 7246
f 7337 7246 7245
f 7248 7338 7251
f 7251 7338 7250
f 7339 7338 7248
f 7249 7339 7248
f 7340 7341 7339
f 7340 7339 7249
f 7340 7249 7341
f 7252 7341 7249
f 7252 7342 7341
f 7253 7250 7343
f 7338 7344 7250
f 7250 7344 7343
f 7345 7338 7339
f 7338 7345 7344
f 7341 7342 7346
f 7252 7346 7342
f 7346 7252 7254
f 7254 7347 7346
f 7344 7348 7343
f 7255 7253 7348
f 7343 7348 7253
f 7347 7254 7349
f 7256 7349 7254
f 7348 7257 7255
f 7350 7257 7348
f 7259 7257 7350
f 7256 7351 7349
f 7260 7351 7261
f 7261 7351 7256
f 7350 7263 7259
f 7352 7263 7350
f 7265 7263 7352
f 7351 7260 7353
f 7353 7260 7354
f 7260 7267 7354
f 7353 7354 7355
f 7267 7355 7354
f 7355 7267 7268
f 7272 7352 7356
f 7272 7265 7352
f 7272 7356 7357
f 7273 7272 7357
f 7357 7356 7358
f 7357 7358 7273
f 7359 7273 7358
f 7274 7273 7359
f 7353 7355 7360
f 7355 7268 7360
f 7360 7268 7361
f 7275 7361 7268
f 7362 7361 7275
f 7362 7275 7276
f 7279 7274 7358
f 7359 7358 7274
f 7363 7358 7364
f 7363 7279 7358
f 7280 7279 7364
f 7363 7364 7279
f 7364 7365 7280
f 7280 7365 7282
f 7362 7366 7361
f 7362 7276 7366
f 7366 7276 7367
f 7285 7367 7276
f 7286 7367 7285
f 7368 7282 7365
f 7282 7368 7283
f 7283 7368 7369
f 7292 7283 7369
f 7292 7369 7370
f 7292 7370 7293
f 7295 7367 7286
f 7295 7371 7367
f 7295 7372 7371
f 7297 7372 7295
f 7289 7373 7300
f 7300 7373 7299
f 7301 7373 7289
f 7374 7370 7369
f 7374 7293 7370
f 7374 7375 7293
f 7293 7375 7376
f 7303 7293 7376
f 7371 7372 7377
f 7376 7378 7303
f 7377 7303 7378
f 7377 7372 7297
f 7377 7297 7303
f 7379 7305 7299
f 7379 7304 7305
f 7379 7299 7380
f 7299 7373 7381
f 7299 7381 7380
f 7373 7301 7306
f 7373 7306 7381
f 7375 7378 7376
f 7382 7308 7304
f 7379 7382 7304
f 7383 7379 7380
f 7383 7382 7379
f 7381 7383 7380
f 7384 7383 7381
f 7384 7381 7306
f 7384 7306 7385
f 7309 7385 7306
f 7308 7386 7311
f 7387 7308 7382
f 7308 7387 7386
f 7388 7383 7384
f 7385 7388 7384
f 7385 7389 7388
f 7385 7309 7313
f 7385 7313 7389
f 7390 7386 7391
f 7390 7311 7386
f 7311 7390 7314
f 7393 7388 7389
f 7393 7392 7388
f 7393 7394 7392
f 7393 7389 7313
f 7393 7313 7316
f 7393 7316 7394
f 7395 7390 7396
f 7391 7396 7390
f 7395 7396 7397
f 7390 7395 7314
f 7395 7317 7314
f 7395 7397 7317
f 7398 7392 7394
f 7398 7399 7392
f 7398 7394 7316
f 7398 7316 7319
f 7400 7317 7397
f 7317 7400 7401
f 7317 7401 7321
f 7399 7398 7402
f 7319 7402 7398
f 7319 7324 7402
f 7400 7403 7401
f 7403 7321 7401
f 7321 7403 7404
f 7321 7404 7325
f 7324 7405 7402
f 7324 7327 7405
f 7403 7406 7404
f 7404 7406 7325
f 7328 7325 7406
f 7328 7406 7329
f 7407 7405 7327
f 7407 7408 7405
f 7407 7327 7330
f 7329 7406 7409
f 7329 7409 7410
f 7331 7329 7410
f 7408 7407 7411
f 7411 7407 7330
f 7411 7330 7332
f 7409 7412 7410
f 7410 7412 7331
f 7412 7333 7331
f 7332 7413 7411
f 7332 7335 7413
f 7414 7333 7415
f 7412 7415 7333
f 7414 7415 7416
f 7333 7414 7336
f 7414 7416 7336
f 7335 7417 7413
f 7337 7417 7335
f 7336 7416 7417
f 7337 7336 7417
f 7339 7418 7345
f 7418 7344 7345
f 7419 7418 7339
f 7341 7420 7339
f 7419 7339 7420
f 7341 7421 7420
f 7419 7420 7421
f 7421 7341 7422
f 7341 7346 7422
f 7423 7421 7422
f 7423 7422 7424
f 7346 7424 7422
f 7347 7424 7346
f 7418 7425 7344
f 7426 7344 7425
f 7426 7348 7344
f 7427 7418 7419
f 7418 7427 7425
f 7426 7425 7427
f 7423 7424 7428
f 7347 7429 7424
f 7428 7424 7429
f 7347 7349 7429
f 7430 7428 7429
f 7430 7429 7349
f 7426 7350 7348
f 7426 7427 7431
f 7426 7431 7350
f 7430 7349 7432
f 7349 7351 7432
f 7433 7432 7351
f 7434 7350 7431
f 7434 7352 7350
f 7434 7431 7435
f 7434 7435 7352
f 7436 7352 7435
f 7433 7351 7437
f 7351 7353 7437
f 7356 7352 7435
f 7436 7435 7352
f 7435 7439 7356
f 7438 7356 7439
f 7358 7356 7438
f 7437 7353 7440
f 7353 7360 7440
f 7441 7440 7442
f 7360 7442 7440
f 7361 7442 7360
f 7358 7438 7443
f 7358 7443 7444
f 7364 7358 7444
f 7444 7443 7445
f 7444 7445 7364
f 7446 7364 7445
f 7365 7364 7446
f 7441 7442 7447
f 7447 7442 7361
f 7448 7447 7361
f 7366 7448 7361
f 7367 7448 7366
f 7446 7445 7365
f 7445 7449 7365
f 7368 7365 7450
f 7449 7450 7365
f 7451 7368 7450
f 7369 7368 7451
f 7367 7452 7448
f 7367 7371 7452
f 7450 7453 7451
f 7451 7453 7369
f 7369 7453 7454
f 7374 7369 7454
f 7374 7454 7375
f 7455 7452 7371
f 7455 7456 7452
f 7455 7378 7456
f 7455 7371 7377
f 7455 7377 7378
f 7457 7375 7458
f 7454 7458 7375
f 7457 7378 7375
f 7456 7378 7459
f 7378 7457 7459
f 7382 7460 7387
f 7460 7386 7387
f 7383 7461 7382
f 7460 7382 7461
f 7388 7461 7383
f 7462 7391 7386
f 7460 7463 7386
f 7464 7386 7463
f 7462 7386 7464
f 7465 7463 7460
f 7464 7463 7466
f 7465 7466 7463
f 7465 7460 7461
f 7465 7461 7467
f 7465 7467 7466
f 7461 7388 7392
f 7461 7392 7467
f 7391 7468 7396
f 7468 7397 7396
f 7462 7464 7391
f 7469 7391 7464
f 7391 7469 7468
f 7466 7470 7464
f 7466 7467 7470
f 7471 7470 7467
f 7471 7472 7470
f 7471 7467 7392
f 7471 7392 7399
f 7471 7399 7472
f 7473 7468 7474
f 7473 7397 7468
f 7473 7400 7397
f 7473 7474 7400
f 7475 7470 7472
f 7399 7475 7472
f 7399 7476 7475
f 7399 7402 7476
f 7477 7400 7474
f 7477 7478 7400
f 7400 7478 7403
f 7479 7475 7476
f 7479 7480 7475
f 7479 7476 7402
f 7479 7402 7405
f 7481 7478 7477
f 7481 7403 7478
f 7403 7481 7482
f 7403 7482 7406
f 7480 7479 7483
f 7479 7405 7483
f 7405 7408 7483
f 7481 7484 7482
f 7485 7406 7484
f 7482 7484 7406
f 7485 7484 7406
f 7409 7406 7484
f 7486 7483 7408
f 7486 7487 7483
f 7486 7408 7411
f 7488 7409 7489
f 7484 7489 7409
f 7412 7409 7488
f 7487 7486 7490
f 7490 7486 7411
f 7490 7411 7413
f 7488 7415 7412
f 7415 7488 7491
f 7416 7415 7491
f 7490 7413 7492
f 7413 7417 7492
f 7416 7491 7492
f 7416 7492 7417
f 7493 7427 7419
f 7421 7494 7419
f 7495 7419 7494
f 7493 7419 7495
f 7423 7496 7421
f 7421 7496 7494
f 7495 7494 7496
f 7496 7423 7428
f 7497 7496 7428
f 7430 7497 7428
f 7498 7427 7493
f 7498 7431 7427
f 7495 7499 7493
f 7498 7493 7499
f 7498 7499 7431
f 7430 7432 7497
f 7500 7497 7432
f 7500 7432 7433
f 7499 7501 7431
f 7431 7501 7435
f 7499 7502 7501
f 7435 7501 7502
f 7500 7433 7503
f 7503 7433 7504
f 7433 7437 7504
f 7505 7503 7504
f 7505 7504 7437
f 7435 7502 7506
f 7438 7439 7506
f 7435 7506 7439
f 7506 7502 7507
f 7506 7507 7438
f 7505 7437 7508
f 7437 7440 7508
f 7509 7508 7441
f 7440 7441 7508
f 7443 7438 7507
f 7443 7507 7510
f 7445 7443 7510
f 7509 7441 7511
f 7511 7441 7447
f 7512 7511 7447
f 7512 7447 7513
f 7448 7513 7447
f 7514 7510 7515
f 7514 7445 7510
f 7450 7449 7515
f 7514 7515 7449
f 7514 7449 7445
f 7512 7513 7516
f 7516 7513 7448
f 7517 7516 7448
f 7517 7448 7518
f 7518 7448 7452
f 7515 7519 7450
f 7519 7453 7450
f 7519 7520 7453
f 7521 7453 7520
f 7454 7453 7521
f 7517 7518 7522
f 7518 7452 7522
f 7522 7452 7523
f 7452 7524 7523
f 7456 7524 7452
f 7520 7525 7521
f 7521 7525 7454
f 7454 7525 7526
f 7457 7458 7527
f 7454 7526 7458
f 7527 7458 7526
f 7528 7523 7524
f 7528 7526 7523
f 7527 7526 7457
f 7528 7457 7526
f 7528 7524 7456
f 7528 7456 7459
f 7528 7459 7457
f 7464 7529 7469
f 7529 7468 7469
f 7529 7464 7470
f 7468 7530 7474
f 7531 7530 7468
f 7529 7531 7468
f 7529 7532 7531
f 7529 7470 7533
f 7529 7533 7532
f 7475 7533 7470
f 7530 7534 7474
f 7474 7534 7477
f 7535 7530 7531
f 7534 7530 7535
f 7532 7536 7531
f 7537 7531 7536
f 7532 7533 7536
f 7538 7536 7533
f 7538 7539 7536
f 7538 7533 7475
f 7538 7475 7480
f 7538 7480 7539
f 7534 7540 7477
f 7541 7477 7540
f 7481 7477 7541
f 7536 7539 7542
f 7539 7480 7542
f 7480 7543 7542
f 7480 7483 7543
f 7540 7544 7541
f 7544 7481 7541
f 7481 7544 7545
f 7481 7545 7484
f 7542 7543 7546
f 7483 7546 7543
f 7483 7487 7546
f 7544 7547 7545
f 7547 7484 7545
f 7547 7548 7484
f 7484 7548 7489
f 7488 7489 7548
f 7549 7546 7487
f 7549 7550 7546
f 7549 7551 7550
f 7549 7487 7490
f 7549 7490 7551
f 7548 7552 7488
f 7488 7552 7553
f 7491 7488 7553
f 7550 7551 7554
f 7554 7491 7553
f 7554 7551 7490
f 7554 7490 7492
f 7554 7492 7491
f 7497 7555 7496
f 7496 7556 7495
f 7557 7495 7556
f 7557 7499 7495
f 7555 7558 7496
f 7496 7558 7556
f 7557 7556 7558
f 7497 7559 7555
f 7558 7555 7559
f 7560 7558 7559
f 7497 7560 7559
f 7500 7560 7497
f 7499 7557 7502
f 7557 7558 7561
f 7502 7557 7561
f 7500 7503 7560
f 7562 7560 7503
f 7505 7562 7503
f 7502 7561 7563
f 7502 7563 7507
f 7563 7561 7564
f 7507 7563 7564
f 7505 7565 7562
f 7505 7508 7565
f 7566 7562 7565
f 7566 7565 7509
f 7508 7509 7565
f 7564 7567 7507
f 7568 7507 7567
f 7568 7567 7569
f 7568 7569 7510
f 7568 7510 7507
f 7566 7509 7570
f 7509 7511 7570
f 7571 7570 7512
f 7511 7512 7570
f 7569 7572 7510
f 7515 7510 7572
f 7571 7512 7573
f 7573 7512 7574
f 7512 7516 7574
f 7573 7574 7517
f 7516 7517 7574
f 7572 7575 7515
f 7575 7519 7515
f 7575 7576 7519
f 7520 7519 7576
f 7573 7517 7577
f 7522 7577 7517
f 7523 7577 7522
f 7576 7578 7520
f 7578 7525 7520
f 7579 7525 7578
f 7526 7525 7579
f 7523 7579 7577
f 7523 7526 7579
f 7531 7580 7535
f 7535 7580 7534
f 7580 7531 7536
f 7537 7536 7531
f 7581 7540 7534
f 7580 7582 7534
f 7581 7534 7582
f 7581 7582 7540
f 7583 7582 7580
f 7583 7580 7536
f 7583 7536 7584
f 7536 7542 7584
f 7582 7585 7540
f 7585 7544 7540
f 7586 7585 7582
f 7585 7586 7544
f 7587 7544 7586
f 7588 7583 7584
f 7542 7588 7584
f 7542 7589 7588
f 7542 7546 7589
f 7586 7590 7587
f 7591 7544 7590
f 7587 7590 7544
f 7591 7547 7544
f 7591 7590 7592
f 7591 7592 7547
f 7548 7547 7592
f 7593 7588 7589
f 7593 7594 7588
f 7593 7589 7546
f 7550 7593 7546
f 7552 7548 7594
f 7592 7594 7548
f 7595 7594 7593
f 7595 7552 7594
f 7595 7553 7552
f 7550 7595 7593
f 7550 7553 7595
f 7550 7554 7553
f 7596 7561 7558
f 7596 7558 7560
f 7596 7560 7597
f 7596 7597 7561
f 7598 7597 7560
f 7562 7598 7560
f 7597 7599 7561
f 7564 7561 7599
f 7600 7597 7598
f 7597 7600 7599
f 7601 7599 7600
f 7562 7602 7598
f 7603 7598 7602
f 7562 7603 7602
f 7566 7603 7562
f 7599 7567 7564
f 7599 7601 7604
f 7599 7604 7567
f 7569 7567 7604
f 7566 7605 7603
f 7566 7570 7605
f 7606 7605 7571
f 7570 7571 7605
f 7607 7569 7604
f 7607 7572 7569
f 7607 7604 7608
f 7607 7608 7572
f 7609 7572 7608
f 7606 7571 7610
f 7573 7610 7571
f 7611 7572 7608
f 7609 7608 7572
f 7611 7575 7572
f 7611 7608 7613
f 7611 7613 7575
f 7576 7575 7613
f 7612 7610 7613
f 7573 7613 7610
f 7573 7614 7613
f 7573 7577 7614
f 7614 7576 7613
f 7614 7578 7576
f 7614 7577 7579
f 7614 7579 7578
f 7583 7590 7582
f 7590 7586 7582
f 7588 7590 7583
f 7590 7588 7594
f 7592 7590 7594
f 7598 7615 7600
f 7615 7601 7600
f 7603 7615 7598
f 7601 7615 7604
f 7616 7604 7615
f 7616 7615 7603
f 7605 7606 7603
f 7616 7603 7606
f 7616 7606 7604
f 7604 7606 7608
f 7606 7610 7608
f 7612 7613 7610
f 7608 7610 7613
