# this file was generated by MTVT
v -0.000000 -0.280000 -0.960000
v -0.121827 -0.242200 -0.962484
v -0.159449 -0.237919 -0.958060
v -0.083596 -0.244230 -0.966011
v -0.077973 -0.277666 -0.957434
v -0.100072 -0.260072 -0.960000
v -0.044942 -0.245743 -0.968158
v -0.039458 -0.279390 -0.959346
v -0.005527 -0.246346 -0.969010
v 0.034722 -0.245984 -0.968494
v 0.040644 -0.279307 -0.959315
v 0.075896 -0.244593 -0.966518
v 0.081650 -0.277429 -0.957188
v 0.118360 -0.242590 -0.962801
v 0.099968 -0.260032 -0.960000
v 0.161622 -0.237914 -0.957638
v -0.169577 -0.209906 -0.962634
v -0.199837 -0.199200 -0.959349
v -0.125931 -0.207114 -0.970026
v -0.088141 -0.209650 -0.973591
v -0.048183 -0.211488 -0.975963
v -0.027526 -0.195613 -0.980056
v -0.007985 -0.216100 -0.976099
v 0.012486 -0.195709 -0.980335
v 0.032092 -0.211798 -0.976541
v 0.070683 -0.210507 -0.974768
v 0.112735 -0.208086 -0.971361
v 0.155962 -0.204433 -0.966228
v 0.200627 -0.199556 -0.959095
v -0.209566 -0.169929 -0.962645
v -0.239551 -0.157101 -0.958027
v -0.166664 -0.168154 -0.971400
v -0.128093 -0.172141 -0.976481
v -0.115693 -0.149163 -0.981822
v -0.098663 -0.178663 -0.978663
v -0.070614 -0.180730 -0.980730
v -0.071429 -0.149807 -0.985892
v -0.032454 -0.151144 -0.987754
v 0.007372 -0.151463 -0.988206
v 0.049345 -0.181805 -0.981805
v 0.048148 -0.150690 -0.987151
v 0.080000 -0.180232 -0.980232
v 0.089996 -0.148735 -0.984467
v 0.110839 -0.177550 -0.977549
v 0.120000 -0.151182 -0.981076
v 0.151199 -0.169735 -0.973536
v 0.195669 -0.164725 -0.966567
v 0.242123 -0.157004 -0.957323
v -0.241100 -0.122007 -0.962751
v -0.205842 -0.127292 -0.970115
v -0.167947 -0.132433 -0.976627
v -0.155776 -0.108829 -0.981571
v -0.139935 -0.139935 -0.979935
v -0.112357 -0.110714 -0.987258
v -0.074290 -0.113152 -0.990615
v -0.035446 -0.114611 -0.992623
v 0.004258 -0.115028 -0.993202
v 0.044927 -0.114325 -0.992249
v 0.086688 -0.112404 -0.989637
v 0.129693 -0.109145 -0.985209
v 0.140212 -0.139788 -0.979788
v 0.160000 -0.137362 -0.977362
v 0.160000 -0.110848 -0.980742
v 0.191642 -0.129186 -0.972631
v 0.237899 -0.122171 -0.963445
v -0.243489 -0.084444 -0.966118
v -0.260072 -0.100072 -0.960000
v -0.278833 -0.077809 -0.957121
v -0.207957 -0.090017 -0.973775
v -0.178663 -0.098663 -0.978663
v -0.180730 -0.070614 -0.980730
v -0.151567 -0.069530 -0.985753
v -0.114336 -0.073059 -0.990568
v -0.076391 -0.075636 -0.994077
v -0.037659 -0.077207 -0.996215
v 0.001948 -0.077707 -0.996897
v 0.042539 -0.077053 -0.996017
v 0.084246 -0.075139 -0.993440
v 0.127233 -0.071836 -0.988999
v 0.169568 -0.071595 -0.982601
v 0.182045 -0.097955 -0.977955
v 0.200000 -0.087508 -0.975765
v 0.234560 -0.085939 -0.968069
v 0.260032 -0.099968 -0.960000
v 0.282726 -0.077350 -0.955905
v -0.244756 -0.046114 -0.968343
v -0.279695 -0.039423 -0.959262
v -0.207599 -0.052657 -0.976547
v -0.195613 -0.027526 -0.980056
v -0.152638 -0.030777 -0.987570
v -0.115521 -0.034463 -0.992549
v -0.077679 -0.037168 -0.996196
v -0.039035 -0.038839 -0.998443
v 0.000502 -0.039404 -0.999202
v 0.041049 -0.038772 -0.998359
v 0.082745 -0.036832 -0.995772
v 0.125764 -0.033443 -0.991264
v 0.170318 -0.028432 -0.984615
v 0.200000 -0.048949 -0.978434
v 0.232484 -0.048265 -0.971103
v 0.280562 -0.039549 -0.958965
v -0.280000 -0.000001 -0.960000
v -0.245277 -0.006847 -0.969261
v -0.216100 -0.007985 -0.976099
v -0.195709 0.012486 -0.980335
v -0.152868 0.009017 -0.987967
v -0.115846 0.005181 -0.993097
v -0.078084 0.002357 -0.996865
v -0.039502 0.000604 -0.999197
v 0.000000 0.000000 -1.000000
v 0.040543 0.000641 -0.999152
v 0.082278 0.002649 -0.996503
v 0.125391 0.006179 -0.991860
v 0.170110 0.011420 -0.984988
v 0.200000 -0.009700 -0.979594
v 0.231537 -0.009374 -0.972447
v 0.280000 0.000000 -0.960000
v -0.244997 0.033454 -0.968775
v -0.279653 0.040657 -0.959218
v -0.211798 0.032092 -0.976541
v -0.181805 0.049345 -0.981805
v -0.152184 0.049975 -0.986819
v -0.115234 0.045999 -0.992088
v -0.077524 0.043073 -0.995954
v -0.038968 0.041262 -0.998341
v 0.000539 0.040650 -0.999148
v 0.041128 0.041342 -0.998245
v 0.082963 0.043472 -0.995467
v 0.126243 0.047211 -0.990610
v 0.171221 0.052768 -0.983414
v 0.200000 0.030321 -0.979164
v 0.231854 0.030913 -0.971924
v 0.280717 0.040616 -0.958872
v -0.243852 0.074904 -0.966770
v -0.278715 0.082231 -0.956770
v -0.208814 0.068486 -0.975271
v -0.180232 0.080000 -0.980232
v -0.150495 0.092247 -0.983976
v -0.113587 0.088147 -0.989362
v -0.075894 0.085142 -0.993300
v -0.037323 0.083304 -0.995703
v 0.002240 0.082725 -0.996465
v 0.042938 0.083522 -0.995443
v 0.084947 0.085843 -0.992458
v 0.128489 0.089877 -0.987286
v 0.160000 0.089003 -0.982928
v 0.179840 0.080000 -0.980160
v 0.200000 0.071214 -0.977044
v 0.233606 0.072819 -0.969312
v 0.283166 0.082782 -0.955255
v -0.241295 0.117795 -0.963201
v -0.260032 0.099968 -0.960000
v -0.206813 0.111011 -0.971813
v -0.177550 0.110839 -0.977549
v -0.151182 0.120000 -0.981076
v -0.110787 0.131815 -0.984729
v -0.073066 0.128762 -0.988700
v -0.034427 0.126939 -0.991072
v 0.005256 0.126448 -0.991726
v 0.046139 0.127419 -0.990506
v 0.088418 0.130018 -0.987216
v 0.124244 0.128489 -0.983639
v 0.160000 0.120000 -0.979788
v 0.189466 0.107912 -0.975533
v 0.237370 0.117589 -0.964084
v 0.260072 0.100072 -0.960000
v -0.238894 0.159717 -0.957703
v -0.203753 0.154997 -0.966513
v -0.168246 0.149155 -0.974091
v -0.139788 0.140212 -0.979788
v -0.137362 0.160000 -0.977362
v -0.110848 0.160000 -0.980742
v -0.072407 0.160000 -0.984338
v -0.030110 0.172424 -0.984187
v 0.009775 0.172091 -0.984653
v 0.050942 0.173326 -0.983135
v 0.089003 0.160000 -0.982928
v 0.120000 0.160000 -0.979788
v 0.148172 0.146128 -0.977673
v 0.194091 0.153173 -0.968669
v 0.242873 0.160227 -0.956516
v -0.199709 0.200518 -0.959091
v -0.164021 0.194656 -0.966876
v -0.127825 0.189748 -0.973164
v -0.097955 0.182045 -0.977955
v -0.087508 0.200000 -0.975765
v -0.070783 0.179137 -0.980863
v -0.048949 0.200000 -0.978434
v -0.009700 0.200000 -0.979594
v 0.030321 0.200000 -0.979164
v 0.071214 0.200000 -0.977044
v 0.080000 0.179840 -0.980160
v 0.109636 0.187573 -0.975703
v 0.154138 0.193078 -0.968717
v 0.200928 0.200238 -0.958852
v 0.216076 0.176077 -0.960000
v -0.158434 0.240744 -0.957448
v -0.122171 0.237899 -0.963445
v -0.085091 0.233362 -0.968419
v -0.047093 0.230888 -0.971526
v -0.008055 0.229809 -0.972855
v 0.032181 0.230258 -0.972252
v 0.073811 0.232408 -0.969517
v 0.117589 0.237370 -0.964084
v 0.162683 0.241030 -0.956586
v 0.176077 0.216076 -0.960000
v -0.077350 0.282726 -0.955905
v -0.099968 0.260032 -0.960000
v -0.039549 0.280562 -0.958965
v 0.000000 0.280000 -0.960000
v 0.040616 0.280717 -0.958872
v 0.082782 0.283166 -0.955255
v 0.100072 0.260072 -0.960000
v -0.122557 -0.362684 -0.923738
v -0.159826 -0.359490 -0.919348
v -0.084247 -0.364874 -0.927136
v -0.076291 -0.396272 -0.914833
v -0.098429 -0.378429 -0.920000
v -0.045566 -0.366311 -0.929240
v -0.037560 -0.397593 -0.916707
v -0.006152 -0.366888 -0.930087
v 0.002066 -0.398000 -0.917307
v 0.034064 -0.366559 -0.929609
v 0.042751 -0.397386 -0.916552
v 0.075170 -0.365266 -0.927720
v 0.083302 -0.395966 -0.914336
v 0.116471 -0.363339 -0.924216
v 0.161266 -0.359116 -0.919201
v -0.202524 -0.323608 -0.924163
v -0.239454 -0.317789 -0.917376
v -0.165933 -0.327029 -0.930204
v -0.127613 -0.330606 -0.934918
v -0.115958 -0.310617 -0.943275
v -0.088249 -0.337124 -0.937124
v -0.072386 -0.311251 -0.947377
v -0.049387 -0.339202 -0.939202
v -0.033372 -0.312485 -0.949159
v -0.009976 -0.340104 -0.940104
v 0.006436 -0.312800 -0.949615
v 0.030033 -0.339783 -0.939783
v 0.047127 -0.312138 -0.948660
v 0.070699 -0.338177 -0.938177
v 0.088805 -0.310424 -0.946185
v 0.112092 -0.335213 -0.935213
v 0.124309 -0.311879 -0.941760
v 0.152276 -0.328253 -0.931995
v 0.196838 -0.323923 -0.925234
v 0.242855 -0.318506 -0.916148
v -0.249881 -0.290319 -0.923469
v -0.279746 -0.278781 -0.918679
v -0.206922 -0.290284 -0.934132
v -0.196016 -0.270004 -0.942528
v -0.177743 -0.297743 -0.937743
v -0.151152 -0.301276 -0.941276
v -0.153864 -0.272704 -0.949564
v -0.116444 -0.275825 -0.954032
v 0.124446 -0.275196 -0.953142
v 0.160000 -0.300248 -0.940248
v 0.168273 -0.271195 -0.947427
v 0.191595 -0.295614 -0.935614
v 0.200000 -0.271784 -0.941239
v 0.234075 -0.286192 -0.928922
v 0.281584 -0.279183 -0.917947
v -0.289867 -0.250348 -0.923484
v -0.319520 -0.237256 -0.917334
v -0.247409 -0.251466 -0.935524
v -0.231502 -0.229548 -0.945169
v -0.220002 -0.260002 -0.940002
v -0.195446 -0.234468 -0.952157
v 0.206685 -0.232935 -0.950026
v 0.220212 -0.259788 -0.939788
v 0.240000 -0.256229 -0.936229
v 0.240000 -0.232181 -0.942487
v 0.273620 -0.246616 -0.929436
v 0.323509 -0.238186 -0.915591
v -0.326280 -0.206616 -0.922232
v -0.343563 -0.195037 -0.918388
v -0.286679 -0.210770 -0.934374
v -0.276167 -0.189403 -0.942077
v -0.260002 -0.220002 -0.940002
v -0.235483 -0.194394 -0.952120
v 0.247261 -0.192384 -0.949376
v 0.260265 -0.219736 -0.939735
v 0.280000 -0.215390 -0.935390
v 0.280000 -0.191183 -0.940638
v 0.315522 -0.203918 -0.926505
v -0.325756 -0.167385 -0.930381
v -0.359883 -0.159038 -0.919320
v -0.297743 -0.177743 -0.937743
v -0.301276 -0.151152 -0.941276
v -0.274013 -0.152405 -0.949415
v 0.294001 -0.154477 -0.942860
v 0.312117 -0.170785 -0.934231
v 0.360712 -0.159829 -0.918818
v -0.361342 -0.122977 -0.924216
v -0.326953 -0.131925 -0.935577
v -0.316334 -0.109113 -0.942148
v -0.276560 -0.115594 -0.953916
v 0.286203 -0.113489 -0.951154
v 0.320000 -0.137248 -0.937248
v 0.320000 -0.110873 -0.940754
v 0.355491 -0.123849 -0.926193
v -0.364023 -0.085321 -0.927360
v -0.378429 -0.098429 -0.920000
v -0.398136 -0.075686 -0.914082
v -0.337124 -0.088249 -0.937124
v -0.312757 -0.070510 -0.947006
v 0.320000 -0.072495 -0.944501
v 0.351807 -0.088495 -0.931530
v 0.377198 -0.102802 -0.920000
v 0.408145 -0.073300 -0.909550
v -0.365228 -0.046986 -0.929577
v -0.398797 -0.037177 -0.916204
v -0.339202 -0.049387 -0.939202
v -0.313751 -0.031727 -0.948780
v 0.320000 -0.033419 -0.946696
v 0.349103 -0.051389 -0.935246
v 0.404930 -0.036276 -0.913294
v -0.365729 -0.007735 -0.930511
v -0.399000 0.002375 -0.916875
v -0.340104 -0.009976 -0.940104
v -0.313987 0.008046 -0.949192
v 0.320000 0.006440 -0.947259
v 0.340201 -0.009739 -0.939799
v 0.360000 -0.006332 -0.932796
v 0.404291 0.003346 -0.914339
v -0.365477 0.032523 -0.930068
v -0.398693 0.043135 -0.915971
v -0.339783 0.030033 -0.939783
v -0.313404 0.048925 -0.948128
v 0.320000 0.047191 -0.946086
v 0.340574 0.020574 -0.939426
v 0.355304 0.033836 -0.933879
v 0.405850 0.044696 -0.912478
v -0.364415 0.073904 -0.928135
v -0.397983 0.084612 -0.913332
v -0.338177 0.070699 -0.938177
v -0.311930 0.091047 -0.945449
v 0.320000 0.088964 -0.943041
v 0.349953 0.069267 -0.933767
v 0.385536 0.065536 -0.920000
v 0.380830 0.089214 -0.920000
v -0.361669 0.116062 -0.924930
v -0.335213 0.112092 -0.935213
v -0.311879 0.124309 -0.941760
v -0.275930 0.125557 -0.952765
v 0.288547 0.129376 -0.948288
v 0.320000 0.120000 -0.939762
v 0.354123 0.115021 -0.927742
v -0.359676 0.160707 -0.919103
v -0.326979 0.150256 -0.932740
v -0.300248 0.160000 -0.940248
v -0.272505 0.170359 -0.946650
v 0.280000 0.168347 -0.944930
v 0.299872 0.160000 -0.940128
v 0.320000 0.151923 -0.934969
v 0.361461 0.160473 -0.918368
v -0.321961 0.195622 -0.926170
v -0.295614 0.191595 -0.935614
v -0.271784 0.200000 -0.941239
v -0.233951 0.208335 -0.949391
v 0.243498 0.206602 -0.947382
v 0.280000 0.200000 -0.938910
v 0.312812 0.193572 -0.929456
v 0.344714 0.184714 -0.920000
v -0.319087 0.242436 -0.916073
v -0.285287 0.232532 -0.929560
v -0.259788 0.220212 -0.939788
v -0.256229 0.240000 -0.936229
v -0.232181 0.240000 -0.942487
v -0.193436 0.249010 -0.948679
v 0.203301 0.246996 -0.947185
v 0.240000 0.240000 -0.940613
v 0.260778 0.220778 -0.939222
v 0.276735 0.233828 -0.931811
v 0.326368 0.243615 -0.912912
v -0.279496 0.281355 -0.917932
v -0.245682 0.271987 -0.930134
v -0.219736 0.260265 -0.939735
v -0.215390 0.280000 -0.935390
v -0.191183 0.280000 -0.940638
v -0.154477 0.294001 -0.942860
v -0.114340 0.287596 -0.950611
v 0.128265 0.289940 -0.948006
v 0.168347 0.280000 -0.944930
v 0.200000 0.280000 -0.938910
v 0.220778 0.260778 -0.939222
v 0.236914 0.273470 -0.931989
v 0.283121 0.281956 -0.916496
v 0.295821 0.255821 -0.920000
v -0.238866 0.323003 -0.915616
v -0.203918 0.315522 -0.926505
v -0.170785 0.312117 -0.934231
v -0.137248 0.320000 -0.937248
v -0.110873 0.320000 -0.940754
v -0.072495 0.320000 -0.944501
v -0.033419 0.320000 -0.946696
v 0.006440 0.320000 -0.947259
v 0.047191 0.320000 -0.946086
v 0.088964 0.320000 -0.943041
v 0.120000 0.320000 -0.939762
v 0.151923 0.320000 -0.934969
v 0.160000 0.299872 -0.940128
v 0.193572 0.312812 -0.929456
v 0.246129 0.324145 -0.913046
v 0.255821 0.295821 -0.920000
v -0.161059 0.359553 -0.919031
v -0.123849 0.355491 -0.926193
v -0.087421 0.349960 -0.932302
v -0.048549 0.342058 -0.937942
v -0.045680 0.360000 -0.931715
v -0.009739 0.340201 -0.939799
v -0.006332 0.360000 -0.932796
v 0.030287 0.340894 -0.939106
v 0.033836 0.360000 -0.932200
v 0.070533 0.348105 -0.934348
v 0.115021 0.354123 -0.927742
v 0.161302 0.360920 -0.918449
v 0.184714 0.344714 -0.920000
v -0.073300 0.408145 -0.909550
v -0.102802 0.377198 -0.920000
v -0.036276 0.404930 -0.913294
v 0.003346 0.404291 -0.914339
v 0.044696 0.405850 -0.912478
v 0.089214 0.380830 -0.920000
v 0.065536 0.385536 -0.920000
v -0.160585 -0.441692 -0.882638
v -0.129430 -0.449719 -0.883487
v -0.114609 -0.464084 -0.878078
v -0.086104 -0.446883 -0.890303
v -0.076846 -0.477070 -0.875392
v -0.046735 -0.448428 -0.892432
v -0.038111 -0.478278 -0.877313
v -0.036184 -0.432308 -0.900840
v -0.007348 -0.448949 -0.893342
v 0.001491 -0.478667 -0.877940
v 0.003784 -0.432491 -0.901468
v 0.032749 -0.448586 -0.892948
v 0.042102 -0.478157 -0.877184
v 0.044066 -0.432058 -0.900591
v 0.073057 -0.447420 -0.891142
v 0.083909 -0.476636 -0.874937
v 0.115046 -0.445217 -0.887847
v 0.122820 -0.466727 -0.875602
v 0.156218 -0.442187 -0.883068
v -0.240607 -0.402230 -0.883306
v -0.208611 -0.409632 -0.887849
v -0.197979 -0.437949 -0.876865
v -0.168083 -0.411099 -0.895782
v -0.152584 -0.391413 -0.907315
v -0.137821 -0.417821 -0.897821
v -0.110565 -0.420393 -0.900393
v -0.115037 -0.394329 -0.911622
v -0.071729 -0.423072 -0.903072
v 0.089386 -0.421956 -0.901956
v 0.120000 -0.419658 -0.899658
v 0.126173 -0.393531 -0.910412
v 0.151410 -0.416289 -0.896289
v 0.174625 -0.394880 -0.901640
v 0.194295 -0.410650 -0.890649
v 0.202470 -0.437511 -0.876004
v 0.200000 -0.391065 -0.898258
v 0.236580 -0.401614 -0.884572
v 0.219960 -0.420040 -0.880000
v -0.288427 -0.368837 -0.883393
v -0.276943 -0.396665 -0.875097
v -0.319543 -0.357972 -0.877304
v -0.246365 -0.373984 -0.893984
v -0.259471 -0.351083 -0.899471
v -0.232519 -0.351037 -0.906877
v -0.218965 -0.378965 -0.898965
v -0.192196 -0.383260 -0.903260
v 0.205313 -0.354565 -0.912013
v 0.230838 -0.376781 -0.896781
v 0.248475 -0.348194 -0.903572
v 0.273885 -0.366137 -0.889108
v 0.284509 -0.395598 -0.873026
v 0.323633 -0.358466 -0.875480
v -0.329934 -0.330468 -0.884023
v -0.359566 -0.317792 -0.877284
v -0.287414 -0.336569 -0.896569
v -0.301067 -0.311614 -0.901067
v -0.274007 -0.312665 -0.909356
v 0.280000 -0.338310 -0.898310
v 0.287470 -0.309745 -0.906010
v 0.312212 -0.327744 -0.891388
v 0.364025 -0.318320 -0.875116
v -0.368398 -0.288894 -0.883422
v -0.398332 -0.276371 -0.874530
v -0.327414 -0.296867 -0.896867
v -0.340238 -0.271083 -0.900238
v -0.314057 -0.272566 -0.909307
v 0.320000 -0.298905 -0.898905
v 0.328213 -0.268905 -0.905169
v 0.352841 -0.287050 -0.890266
v 0.408445 -0.277039 -0.869348
v -0.400503 -0.243065 -0.883397
v -0.366992 -0.251570 -0.895380
v -0.352702 -0.230671 -0.906694
v 0.360000 -0.256776 -0.896776
v 0.360000 -0.232606 -0.903362
v 0.395122 -0.242222 -0.885900
v -0.408396 -0.210062 -0.888065
v -0.438975 -0.197575 -0.876446
v -0.378965 -0.218965 -0.898965
v -0.383260 -0.192196 -0.903260
v 0.367568 -0.192524 -0.909518
v 0.382558 -0.217442 -0.897442
v 0.400000 -0.205805 -0.892998
v 0.420040 -0.219960 -0.880000
v 0.445308 -0.196114 -0.873342
v -0.440397 -0.163195 -0.882771
v -0.407249 -0.172766 -0.896616
v -0.392948 -0.150686 -0.906951
v 0.400000 -0.178733 -0.898733
v 0.400000 -0.152407 -0.903607
v 0.436152 -0.161254 -0.885076
v -0.449306 -0.129967 -0.883611
v -0.464306 -0.114301 -0.877993
v -0.417821 -0.137821 -0.897821
v -0.420393 -0.110565 -0.900393
v -0.395323 -0.113757 -0.911336
v 0.400000 -0.114878 -0.909174
v 0.432847 -0.129303 -0.891780
v 0.419694 -0.111092 -0.900306
v 0.459222 -0.120000 -0.880000
v -0.445683 -0.087725 -0.890724
v -0.478535 -0.076176 -0.874647
v -0.423072 -0.071729 -0.903072
v 0.440000 -0.086486 -0.893680
v 0.474616 -0.080876 -0.876202
v -0.445579 -0.050739 -0.893588
v -0.479139 -0.037714 -0.876857
v -0.432308 -0.036184 -0.900840
v 0.440000 -0.048008 -0.896540
v 0.485682 -0.035864 -0.873043
v -0.445952 -0.011741 -0.894738
v -0.479334 0.001800 -0.877572
v -0.432491 0.003784 -0.901468
v 0.440000 -0.008786 -0.897763
v 0.484666 0.003523 -0.874396
v -0.445738 0.028388 -0.894461
v -0.479078 0.042529 -0.876656
v -0.432058 0.044066 -0.900591
v 0.440000 0.031277 -0.897255
v 0.486891 0.045389 -0.871873
v -0.446219 0.071132 -0.891866
v -0.478318 0.084683 -0.873938
v -0.421956 0.089386 -0.901956
v 0.403312 0.083948 -0.910989
v 0.440000 0.072302 -0.894891
v 0.475816 0.080966 -0.875560
v -0.444391 0.113655 -0.888411
v -0.467172 0.123646 -0.875221
v -0.419658 0.120000 -0.899658
v -0.394525 0.127867 -0.909713
v 0.400000 0.126773 -0.907523
v 0.416768 0.096768 -0.903232
v 0.421572 0.120000 -0.898428
v 0.440000 0.114437 -0.890518
v 0.462967 0.102967 -0.880000
v 0.457000 0.127389 -0.880000
v -0.445377 0.154020 -0.881761
v -0.416289 0.151410 -0.896289
v -0.394880 0.174625 -0.901640
v 0.400000 0.160000 -0.902400
v 0.433857 0.157388 -0.886733
v -0.410650 0.194295 -0.890649
v -0.438756 0.203553 -0.875111
v -0.391065 0.200000 -0.898258
v -0.355354 0.206769 -0.911346
v 0.363822 0.205826 -0.908162
v 0.400000 0.191040 -0.896153
v 0.443554 0.200720 -0.873198
v -0.400957 0.237044 -0.884761
v -0.420040 0.219960 -0.880000
v -0.376781 0.230838 -0.896781
v -0.348194 0.248475 -0.903572
v 0.360000 0.240000 -0.901513
v 0.386614 0.226614 -0.893386
v 0.396793 0.243487 -0.884763
v 0.420128 0.220128 -0.880000
v -0.365259 0.272152 -0.889964
v -0.397799 0.286506 -0.871344
v -0.338310 0.280000 -0.898310
v -0.309745 0.287470 -0.906010
v 0.320000 0.280000 -0.905059
v 0.356045 0.273068 -0.893365
v 0.397524 0.283193 -0.872497
v 0.378146 0.286530 -0.880000
v -0.359087 0.323175 -0.875414
v -0.326675 0.310031 -0.892501
v -0.298905 0.320000 -0.898905
v -0.268905 0.328213 -0.905169
v 0.280000 0.320000 -0.905059
v 0.315637 0.311274 -0.896014
v 0.362705 0.317798 -0.875816
v -0.318994 0.363519 -0.875104
v -0.286116 0.350864 -0.891310
v -0.256776 0.360000 -0.896776
v -0.232606 0.360000 -0.903362
v -0.193434 0.369478 -0.908517
v 0.202913 0.367643 -0.907253
v 0.240000 0.360000 -0.901513
v 0.276534 0.352090 -0.893854
v 0.322409 0.358177 -0.876009
v 0.335422 0.335422 -0.880000
v -0.277039 0.408445 -0.869348
v -0.241352 0.395772 -0.885877
v -0.217442 0.382558 -0.897442
v -0.205805 0.400000 -0.892998
v -0.178733 0.400000 -0.898733
v -0.152407 0.400000 -0.903607
v -0.114878 0.400000 -0.909174
v 0.089371 0.411696 -0.906441
v 0.126773 0.400000 -0.907523
v 0.160000 0.400000 -0.902400
v 0.191040 0.400000 -0.896153
v 0.226614 0.386614 -0.893386
v 0.237879 0.401798 -0.884086
v 0.286530 0.378146 -0.880000
v 0.281596 0.405994 -0.869017
v -0.196114 0.445308 -0.873342
v -0.219960 0.420040 -0.880000
v -0.158167 0.438955 -0.884212
v -0.129303 0.432847 -0.891780
v -0.111092 0.419694 -0.900306
v -0.086486 0.440000 -0.893680
v -0.048008 0.440000 -0.896540
v -0.008786 0.440000 -0.897763
v 0.031277 0.440000 -0.897255
v 0.072302 0.440000 -0.894891
v 0.114437 0.440000 -0.890518
v 0.120000 0.421572 -0.898428
v 0.154639 0.435884 -0.886273
v 0.200720 0.443554 -0.873198
v 0.220128 0.420128 -0.880000
v -0.120000 0.459222 -0.880000
v -0.080876 0.474616 -0.876202
v -0.035864 0.485682 -0.873043
v 0.003523 0.484666 -0.874396
v 0.045389 0.486891 -0.871873
v 0.080966 0.475816 -0.875560
v 0.127389 0.457000 -0.880000
v 0.102967 0.462967 -0.880000
v -0.122468 -0.522246 -0.843877
v -0.159833 -0.519602 -0.839314
v -0.084695 -0.524199 -0.847223
v -0.045466 -0.525969 -0.849157
v -0.033946 -0.554874 -0.831030
v -0.058786 -0.538786 -0.840000
v -0.006043 -0.526508 -0.849996
v 0.005864 -0.555135 -0.831528
v 0.034169 -0.526190 -0.849522
v 0.045344 -0.554714 -0.830586
v 0.074388 -0.524659 -0.847854
v 0.116770 -0.522630 -0.844399
v 0.161010 -0.519456 -0.839145
v -0.240478 -0.481604 -0.842710
v -0.211055 -0.491476 -0.844660
v -0.196007 -0.516240 -0.833586
v -0.167849 -0.490364 -0.855032
v -0.153032 -0.472085 -0.868020
v -0.128412 -0.497664 -0.857664
v -0.100018 -0.500018 -0.860018
v -0.071127 -0.501851 -0.861851
v -0.031729 -0.503334 -0.863334
v 0.008227 -0.503670 -0.863670
v 0.048794 -0.502810 -0.862810
v 0.080000 -0.501448 -0.861448
v 0.100065 -0.499935 -0.859935
v 0.120000 -0.498505 -0.858505
v 0.152015 -0.495167 -0.855167
v 0.166564 -0.470612 -0.866235
v 0.192604 -0.486381 -0.851985
v 0.205091 -0.515487 -0.831760
v 0.235514 -0.482402 -0.843513
v -0.289827 -0.450295 -0.844294
v -0.276609 -0.476586 -0.834374
v -0.319888 -0.439558 -0.839310
v -0.248366 -0.451797 -0.856675
v -0.234377 -0.433385 -0.870086
v -0.220048 -0.460048 -0.860048
v -0.192675 -0.464320 -0.864320
v 0.220144 -0.459856 -0.859856
v 0.240000 -0.456618 -0.856618
v 0.253700 -0.435681 -0.863234
v 0.274635 -0.445296 -0.851942
v 0.285245 -0.475560 -0.831901
v 0.322250 -0.438465 -0.838887
v -0.360302 -0.401340 -0.842053
v -0.330362 -0.409054 -0.850324
v -0.298033 -0.418033 -0.858033
v -0.272613 -0.423678 -0.863678
v 0.311742 -0.414617 -0.854617
v 0.320000 -0.392697 -0.862085
v 0.357220 -0.401069 -0.843395
v -0.400291 -0.361430 -0.842066
v -0.366384 -0.369989 -0.853594
v -0.389025 -0.388371 -0.835097
v -0.352947 -0.351225 -0.867082
v -0.340063 -0.380063 -0.860063
v -0.320000 -0.385395 -0.865394
v 0.340265 -0.379735 -0.859735
v 0.360000 -0.374419 -0.854419
v 0.360000 -0.353110 -0.863429
v 0.396950 -0.361155 -0.843654
v -0.407094 -0.330687 -0.851216
v -0.439902 -0.319446 -0.839295
v -0.396714 -0.310720 -0.863588
v -0.380063 -0.340063 -0.860063
v 0.380324 -0.339676 -0.859676
v 0.400000 -0.333545 -0.853545
v 0.400000 -0.312181 -0.861568
v 0.440749 -0.320196 -0.838480
v -0.449754 -0.290441 -0.844366
v -0.478293 -0.275851 -0.833649
v -0.418033 -0.298033 -0.858033
v -0.423678 -0.272613 -0.863678
v 0.432363 -0.290093 -0.853386
v 0.484211 -0.272207 -0.831123
v -0.480370 -0.242467 -0.842821
v -0.455285 -0.246976 -0.855285
v -0.440000 -0.259510 -0.859510
v -0.434610 -0.232918 -0.869853
v 0.440000 -0.259509 -0.859509
v 0.440000 -0.234165 -0.866804
v 0.475566 -0.241066 -0.845734
v -0.490913 -0.211760 -0.844802
v -0.518120 -0.195052 -0.832637
v -0.460048 -0.220048 -0.860048
v -0.464320 -0.192675 -0.864320
v 0.460521 -0.219479 -0.859479
v 0.480000 -0.205641 -0.852696
v 0.516024 -0.196065 -0.833656
v -0.486773 -0.172516 -0.856107
v -0.519904 -0.159031 -0.839264
v -0.473497 -0.151156 -0.867556
v 0.480000 -0.178668 -0.858668
v 0.480000 -0.152495 -0.863743
v 0.521713 -0.159492 -0.837974
v -0.521123 -0.123065 -0.844478
v -0.497664 -0.128412 -0.857664
v 0.480000 -0.115073 -0.869561
v 0.511850 -0.122342 -0.849904
v -0.522099 -0.085836 -0.848395
v -0.500018 -0.100018 -0.860018
v -0.501851 -0.071127 -0.861851
v 0.500778 -0.099222 -0.859222
v 0.494373 -0.073371 -0.865627
v 0.524100 -0.084651 -0.847241
v -0.524947 -0.047007 -0.849676
v -0.538786 -0.058786 -0.840000
v -0.557437 -0.032385 -0.829359
v -0.503334 -0.031729 -0.863334
v 0.520000 -0.046164 -0.852751
v 0.538428 -0.061572 -0.840000
v 0.540848 -0.040000 -0.840000
v -0.525413 -0.007767 -0.850625
v -0.557568 0.007381 -0.829869
v -0.503670 0.008227 -0.863670
v 0.520000 -0.006897 -0.853951
v 0.541985 -0.009179 -0.840000
v -0.525168 0.032484 -0.850185
v -0.557357 0.047752 -0.828646
v -0.502810 0.048794 -0.862810
v 0.520000 0.033259 -0.853328
v 0.541540 0.021540 -0.840000
v 0.539817 0.049393 -0.840000
v -0.522329 0.073022 -0.849395
v -0.501448 0.080000 -0.861448
v 0.495487 0.080000 -0.864513
v 0.520000 0.068873 -0.851127
v 0.531033 0.086932 -0.842591
v -0.521315 0.115987 -0.845306
v -0.499935 0.100065 -0.859935
v -0.498505 0.120000 -0.858505
v 0.480000 0.126602 -0.867886
v 0.501487 0.101487 -0.858513
v 0.514754 0.119293 -0.848651
v -0.519775 0.160691 -0.839020
v -0.495167 0.152015 -0.855167
v -0.470612 0.166564 -0.866235
v 0.480000 0.160000 -0.862496
v 0.524641 0.163320 -0.835203
v -0.486381 0.192604 -0.851985
v -0.517743 0.207505 -0.829716
v 0.480000 0.191110 -0.855945
v 0.514174 0.194174 -0.835183
v 0.500451 0.208403 -0.840000
v -0.480968 0.236948 -0.843981
v -0.459856 0.220144 -0.859856
v -0.456618 0.240000 -0.856618
v -0.435681 0.253700 -0.863234
v 0.440000 0.240000 -0.865278
v 0.462187 0.222187 -0.857813
v 0.476443 0.242723 -0.844775
v -0.445296 0.274635 -0.851942
v -0.477780 0.287779 -0.829710
v 0.414464 0.280000 -0.865536
v 0.440000 0.270607 -0.855980
v 0.475054 0.275054 -0.835666
v 0.459657 0.287439 -0.840000
v -0.439510 0.321205 -0.838786
v -0.414617 0.311742 -0.854617
v -0.392697 0.320000 -0.862085
v 0.400000 0.320000 -0.858776
v 0.440976 0.319475 -0.838660
v -0.400625 0.357545 -0.843482
v -0.379735 0.340265 -0.859735
v -0.374419 0.360000 -0.854419
v -0.353110 0.360000 -0.863429
v 0.360000 0.360000 -0.860637
v 0.382831 0.342831 -0.857169
v 0.397849 0.361197 -0.843192
v 0.421204 0.341204 -0.840000
v -0.360677 0.397305 -0.843708
v -0.339676 0.380324 -0.859676
v -0.333545 0.400000 -0.853545
v -0.312181 0.400000 -0.861568
v 0.320000 0.400000 -0.858776
v 0.342831 0.382831 -0.857169
v 0.358060 0.400999 -0.843047
v 0.383306 0.383306 -0.840000
v -0.322359 0.438652 -0.838680
v -0.290093 0.432363 -0.853386
v -0.259509 0.440000 -0.859509
v -0.234165 0.440000 -0.866804
v 0.240000 0.440000 -0.865278
v 0.270607 0.440000 -0.855980
v 0.320674 0.439735 -0.838868
v 0.341204 0.421204 -0.840000
v -0.272207 0.484211 -0.831123
v -0.237722 0.478637 -0.844895
v -0.219479 0.460521 -0.859479
v -0.205641 0.480000 -0.852696
v -0.178668 0.480000 -0.858668
v -0.152495 0.480000 -0.863743
v -0.115073 0.480000 -0.869561
v 0.126602 0.480000 -0.867886
v 0.160000 0.480000 -0.862496
v 0.191110 0.480000 -0.855945
v 0.222187 0.462187 -0.857813
v 0.238125 0.480874 -0.843652
v 0.287439 0.459657 -0.840000
v 0.275054 0.475054 -0.835666
v -0.196065 0.516024 -0.833656
v -0.160389 0.520893 -0.838315
v -0.122342 0.511850 -0.849904
v -0.099222 0.500778 -0.859222
v -0.084651 0.524100 -0.847241
v -0.073371 0.494373 -0.865627
v -0.046164 0.520000 -0.852751
v -0.006897 0.520000 -0.853951
v 0.033259 0.520000 -0.853328
v 0.068873 0.520000 -0.851127
v 0.080000 0.495487 -0.864513
v 0.086932 0.531033 -0.842591
v 0.101487 0.501487 -0.858513
v 0.119293 0.514754 -0.848651
v 0.164175 0.523935 -0.835505
v 0.208403 0.500451 -0.840000
v 0.194174 0.514174 -0.835183
v -0.040000 0.540848 -0.840000
v -0.061572 0.538428 -0.840000
v -0.009179 0.541985 -0.840000
v 0.049393 0.539817 -0.840000
v 0.021540 0.541540 -0.840000
v -0.000000 -0.600000 -0.800000
v -0.200517 -0.561473 -0.802791
v -0.165687 -0.565328 -0.807847
v -0.130165 -0.563761 -0.815352
v -0.116128 -0.596729 -0.793857
v -0.086799 -0.574069 -0.814069
v -0.078206 -0.598516 -0.797217
v -0.073796 -0.553291 -0.829561
v -0.047809 -0.575942 -0.815942
v -0.039531 -0.599620 -0.799289
v -0.008306 -0.576727 -0.816727
v 0.031751 -0.576382 -0.816382
v 0.040519 -0.599598 -0.799253
v 0.072413 -0.574858 -0.814858
v 0.082195 -0.598339 -0.796921
v 0.087187 -0.552714 -0.828578
v 0.113736 -0.572091 -0.812091
v 0.125248 -0.596123 -0.792844
v 0.123387 -0.553583 -0.823422
v 0.153864 -0.566107 -0.809638
v 0.162665 -0.585207 -0.794151
v 0.196023 -0.561910 -0.803469
v -0.282565 -0.522471 -0.804400
v -0.307898 -0.518559 -0.797464
v -0.247979 -0.526222 -0.813208
v -0.237287 -0.557502 -0.795452
v -0.276244 -0.552195 -0.786447
v -0.215996 -0.535996 -0.815996
v -0.190544 -0.539796 -0.819796
v -0.152675 -0.544572 -0.824572
v -0.120000 -0.547882 -0.827882
v 0.169374 -0.542524 -0.822524
v 0.200000 -0.538505 -0.818505
v 0.232879 -0.533115 -0.813115
v 0.243968 -0.556901 -0.793743
v 0.243911 -0.512965 -0.822803
v 0.274246 -0.522867 -0.806819
v 0.259943 -0.540057 -0.800000
v -0.360000 -0.480000 -0.800000
v -0.331317 -0.490748 -0.805570
v -0.296111 -0.496111 -0.816110
v -0.271548 -0.501377 -0.821377
v -0.240000 -0.507504 -0.827504
v 0.280000 -0.499658 -0.819658
v 0.313243 -0.492008 -0.812008
v 0.325291 -0.516125 -0.792073
v 0.320000 -0.472621 -0.820993
v 0.360000 -0.480000 -0.800000
v -0.400381 -0.441695 -0.802823
v -0.366727 -0.450141 -0.814031
v -0.387944 -0.467244 -0.794194
v -0.354030 -0.432705 -0.829003
v -0.340077 -0.460077 -0.820077
v -0.320000 -0.465242 -0.825242
v 0.340238 -0.459762 -0.819762
v 0.360000 -0.454609 -0.814609
v 0.368288 -0.428860 -0.824511
v 0.395674 -0.441442 -0.805133
v -0.440369 -0.401798 -0.802841
v -0.412324 -0.412324 -0.812324
v -0.429246 -0.428550 -0.794788
v -0.419209 -0.391026 -0.819209
v -0.391026 -0.419209 -0.819209
v 0.400000 -0.416367 -0.816367
v 0.408129 -0.389252 -0.825388
v 0.435203 -0.401560 -0.805593
v -0.480000 -0.360000 -0.800000
v -0.446489 -0.370616 -0.814269
v -0.467997 -0.387137 -0.794140
v -0.434131 -0.352503 -0.828902
v 0.440000 -0.375559 -0.815559
v 0.440000 -0.353893 -0.825194
v 0.480000 -0.360000 -0.800000
v -0.491174 -0.330836 -0.805516
v -0.519280 -0.307541 -0.797135
v -0.460077 -0.340077 -0.820077
v 0.460432 -0.339568 -0.819569
v 0.480000 -0.331915 -0.811915
v 0.480000 -0.311539 -0.819911
v 0.525086 -0.308074 -0.792886
v -0.521488 -0.283078 -0.804845
v -0.488055 -0.299594 -0.819594
v -0.501377 -0.271548 -0.821377
v 0.509592 -0.282917 -0.812131
v -0.525526 -0.250036 -0.813033
v -0.558751 -0.236580 -0.794777
v -0.517105 -0.230691 -0.824048
v 0.520000 -0.255015 -0.815015
v 0.520000 -0.232024 -0.821862
v 0.540056 -0.259944 -0.800000
v 0.557428 -0.237249 -0.795477
v -0.560351 -0.202798 -0.802964
v -0.535996 -0.215996 -0.815996
v -0.539796 -0.190544 -0.819796
v 0.553240 -0.201730 -0.807866
v -0.562673 -0.166787 -0.809480
v -0.544572 -0.152675 -0.824572
v 0.537301 -0.182699 -0.822699
v 0.560000 -0.165276 -0.811688
v 0.578046 -0.160000 -0.800000
v -0.565570 -0.131082 -0.813996
v -0.598364 -0.115039 -0.792764
v -0.557077 -0.109553 -0.822957
v 0.560000 -0.136853 -0.816853
v 0.560000 -0.110961 -0.820799
v 0.588782 -0.128139 -0.797720
v -0.574069 -0.086799 -0.814069
v -0.599258 -0.077696 -0.796697
v -0.554442 -0.071998 -0.828915
v 0.560000 -0.072809 -0.825083
v 0.597664 -0.079778 -0.797619
v -0.575942 -0.047809 -0.815942
v -0.599810 -0.039396 -0.799149
v 0.560000 -0.033882 -0.827612
v 0.603324 -0.037757 -0.796384
v -0.600000 -0.000002 -0.800000
v -0.576727 -0.008306 -0.816727
v 0.560000 0.005932 -0.828282
v 0.600000 0.000000 -0.800000
v -0.576382 0.031751 -0.816382
v -0.599799 0.040670 -0.799089
v 0.560000 0.046773 -0.826957
v 0.605116 0.044049 -0.794591
v -0.574858 0.072413 -0.814858
v -0.599170 0.082841 -0.796212
v -0.553866 0.089391 -0.827525
v 0.560000 0.088818 -0.823456
v 0.598081 0.081088 -0.797170
v -0.572091 0.113736 -0.812091
v -0.598062 0.126804 -0.791102
v -0.553583 0.123387 -0.823422
v 0.560000 0.120000 -0.819676
v 0.591681 0.114759 -0.797720
v -0.565158 0.151936 -0.810616
v -0.585207 0.162665 -0.794151
v -0.542524 0.169374 -0.822524
v 0.560000 0.152289 -0.814123
v 0.582365 0.142365 -0.800000
v 0.575933 0.166910 -0.800000
v -0.560820 0.197113 -0.804000
v -0.538505 0.200000 -0.818505
v 0.554691 0.203268 -0.806493
v -0.533115 0.232879 -0.813115
v -0.558450 0.245991 -0.791978
v -0.512965 0.243911 -0.822803
v 0.520000 0.213226 -0.826774
v 0.520000 0.240000 -0.819676
v 0.556895 0.243525 -0.793771
v -0.521565 0.276650 -0.806819
v -0.540057 0.259943 -0.800000
v -0.499658 0.280000 -0.819658
v 0.502437 0.280000 -0.817563
v 0.522996 0.276648 -0.805907
v 0.540160 0.260160 -0.800000
v -0.492008 0.313243 -0.812008
v -0.518063 0.328069 -0.789600
v -0.472621 0.320000 -0.820993
v 0.480000 0.293752 -0.826248
v 0.480000 0.320000 -0.816744
v 0.518026 0.312707 -0.795949
v 0.501819 0.328176 -0.800000
v -0.480000 0.360000 -0.800000
v -0.459762 0.340238 -0.819762
v -0.454609 0.360000 -0.814609
v -0.428860 0.368288 -0.824511
v 0.440000 0.360000 -0.822601
v 0.480000 0.360000 -0.800000
v -0.440831 0.396126 -0.805264
v -0.416367 0.400000 -0.816367
v -0.389252 0.408129 -0.825388
v 0.400000 0.400000 -0.824547
v 0.436424 0.401233 -0.805065
v 0.462071 0.382071 -0.800000
v -0.400900 0.435698 -0.805675
v -0.375559 0.440000 -0.815559
v -0.353893 0.440000 -0.825194
v 0.360000 0.440000 -0.822601
v 0.396808 0.440977 -0.804792
v 0.423972 0.423972 -0.800000
v -0.360000 0.480000 -0.800000
v -0.339568 0.460432 -0.819569
v -0.331915 0.480000 -0.811915
v -0.311539 0.480000 -0.819911
v 0.293752 0.480000 -0.826248
v 0.320000 0.480000 -0.816744
v 0.360000 0.480000 -0.800000
v 0.382071 0.462071 -0.800000
v -0.308074 0.525086 -0.792886
v -0.282917 0.509592 -0.812131
v -0.255015 0.520000 -0.815015
v -0.232024 0.520000 -0.821862
v 0.213226 0.520000 -0.826774
v 0.240000 0.520000 -0.819676
v 0.276973 0.523458 -0.805474
v 0.280000 0.502437 -0.817563
v 0.327267 0.516740 -0.790742
v -0.237249 0.557428 -0.795477
v -0.259944 0.540056 -0.800000
v -0.198717 0.555959 -0.806733
v -0.182699 0.537301 -0.822699
v -0.165276 0.560000 -0.811688
v -0.136853 0.560000 -0.816853
v -0.110961 0.560000 -0.820799
v -0.072809 0.560000 -0.825083
v -0.033882 0.560000 -0.827612
v 0.005932 0.560000 -0.828282
v 0.046773 0.560000 -0.826957
v 0.088818 0.560000 -0.823456
v 0.120000 0.560000 -0.819676
v 0.152289 0.560000 -0.814123
v 0.198182 0.560212 -0.804086
v 0.243525 0.556895 -0.793771
v 0.260160 0.540160 -0.800000
v -0.160000 0.578046 -0.800000
v -0.128139 0.588782 -0.797720
v -0.079778 0.597664 -0.797619
v -0.037757 0.603324 -0.796384
v 0.000000 0.600000 -0.800000
v 0.044049 0.605116 -0.794591
v 0.081088 0.598081 -0.797170
v 0.114759 0.591681 -0.797720
v 0.166910 0.575933 -0.800000
v 0.142365 0.582365 -0.800000
v -0.081725 -0.641393 -0.762783
v -0.119796 -0.639647 -0.759262
v -0.043140 -0.642484 -0.764964
v -0.003744 -0.642900 -0.765795
v 0.036572 -0.642597 -0.765192
v 0.077943 -0.641523 -0.763045
v 0.120900 -0.639578 -0.759112
v -0.240355 -0.601066 -0.762167
v -0.205146 -0.603722 -0.770070
v -0.167815 -0.609670 -0.774509
v -0.156651 -0.637230 -0.754460
v -0.127938 -0.616646 -0.776646
v -0.098965 -0.618965 -0.778965
v -0.070557 -0.620697 -0.780697
v -0.031127 -0.622124 -0.782124
v 0.008848 -0.622433 -0.782433
v 0.049418 -0.621578 -0.781578
v 0.080000 -0.620280 -0.780280
v 0.110640 -0.618068 -0.778068
v 0.152582 -0.614112 -0.774112
v 0.165066 -0.636555 -0.753128
v 0.192976 -0.606720 -0.770881
v 0.202934 -0.624935 -0.753563
v 0.236706 -0.601446 -0.762891
v -0.320416 -0.561476 -0.762895
v -0.286922 -0.569051 -0.770438
v -0.276215 -0.596587 -0.753389
v -0.256110 -0.576110 -0.776110
v -0.231043 -0.580591 -0.780591
v 0.208659 -0.584115 -0.784115
v 0.240000 -0.579094 -0.779094
v 0.272992 -0.572705 -0.772705
v 0.286452 -0.595621 -0.750135
v 0.283873 -0.553153 -0.782975
v 0.314584 -0.562441 -0.764410
v -0.368621 -0.528210 -0.764701
v -0.355343 -0.555519 -0.751598
v -0.399508 -0.518001 -0.756286
v -0.335248 -0.535248 -0.775248
v -0.311518 -0.541043 -0.781043
v 0.320000 -0.539051 -0.779051
v 0.354206 -0.526036 -0.772849
v 0.362852 -0.553760 -0.749195
v 0.407097 -0.518156 -0.751849
v -0.406789 -0.489762 -0.770952
v -0.439906 -0.479578 -0.759254
v -0.379126 -0.499126 -0.779126
v -0.360000 -0.504620 -0.784620
v 0.391022 -0.495337 -0.775337
v 0.400000 -0.473978 -0.784312
v 0.441628 -0.479599 -0.758165
v -0.447345 -0.450950 -0.772141
v -0.479909 -0.439552 -0.759249
v -0.421055 -0.461055 -0.781055
v 0.418373 -0.461627 -0.781627
v 0.440000 -0.454419 -0.774419
v 0.440000 -0.434432 -0.785791
v 0.481905 -0.439558 -0.757891
v -0.486583 -0.410176 -0.771159
v -0.519558 -0.397598 -0.756210
v -0.461055 -0.421055 -0.781055
v 0.458231 -0.421769 -0.781769
v 0.480000 -0.413545 -0.773545
v 0.480000 -0.393551 -0.783886
v 0.522919 -0.395057 -0.755044
v -0.528511 -0.368283 -0.764664
v -0.557759 -0.354120 -0.750508
v -0.499126 -0.379126 -0.779126
v 0.511451 -0.373461 -0.773461
v 0.520000 -0.351182 -0.778433
v 0.540849 -0.360000 -0.760000
v -0.560339 -0.322088 -0.763005
v -0.527624 -0.338807 -0.778807
v -0.541043 -0.311518 -0.781043
v 0.552723 -0.321188 -0.768575
v -0.571782 -0.292379 -0.766232
v -0.598293 -0.275156 -0.752407
v 0.560000 -0.294270 -0.774270
v 0.560000 -0.272407 -0.782228
v 0.596578 -0.276065 -0.753391
v -0.600253 -0.241883 -0.762297
v -0.576110 -0.256110 -0.776110
v -0.580591 -0.231043 -0.780591
v 0.593107 -0.241376 -0.767723
v -0.603741 -0.205117 -0.770061
v 0.573258 -0.226742 -0.786742
v 0.600000 -0.205680 -0.772931
v 0.618187 -0.200000 -0.760000
v -0.606323 -0.172655 -0.776002
v -0.638615 -0.155638 -0.753474
v 0.600000 -0.179358 -0.779358
v 0.600000 -0.153127 -0.784998
v 0.635106 -0.160033 -0.755348
v -0.616646 -0.127938 -0.776646
v -0.639912 -0.118717 -0.759182
v 0.645979 -0.118754 -0.753747
v -0.640696 -0.082247 -0.763297
v -0.618965 -0.098965 -0.778965
v -0.620697 -0.070557 -0.780697
v 0.600000 -0.111934 -0.791934
v 0.627648 -0.092352 -0.772352
v 0.617236 -0.072748 -0.782763
v 0.641960 -0.080500 -0.762367
v -0.641242 -0.044105 -0.765926
v -0.622124 -0.031127 -0.782124
v 0.643281 -0.041170 -0.764288
v -0.641450 -0.004910 -0.766974
v -0.622433 0.008848 -0.782433
v 0.643601 -0.001673 -0.765089
v -0.641299 0.035489 -0.766302
v -0.621578 0.049418 -0.781578
v 0.643038 0.038237 -0.764638
v -0.640761 0.077284 -0.763730
v -0.620280 0.080000 -0.780280
v 0.619968 0.080000 -0.780032
v 0.641680 0.078816 -0.762770
v -0.639813 0.120665 -0.758959
v -0.618068 0.110640 -0.778068
v 0.644886 0.118099 -0.754807
v -0.614112 0.152582 -0.774112
v -0.638278 0.166784 -0.751244
v 0.600000 0.131146 -0.788854
v 0.600000 0.160000 -0.783741
v 0.636642 0.163589 -0.753263
v -0.603360 0.188269 -0.774566
v -0.624935 0.202934 -0.753563
v -0.584115 0.208659 -0.784115
v 0.600000 0.190607 -0.776644
v 0.623157 0.183157 -0.760000
v 0.615834 0.206741 -0.760000
v -0.600620 0.237532 -0.763314
v -0.579094 0.240000 -0.779094
v 0.594279 0.241949 -0.766655
v -0.572705 0.272992 -0.772705
v -0.597810 0.290011 -0.746945
v -0.553153 0.283873 -0.782975
v 0.560000 0.280000 -0.779643
v 0.595299 0.275299 -0.754653
v 0.581878 0.288722 -0.760000
v -0.560981 0.316045 -0.764935
v -0.539051 0.320000 -0.779051
v 0.553707 0.321746 -0.767658
v -0.526036 0.354206 -0.772849
v -0.553760 0.362852 -0.749195
v 0.520000 0.334464 -0.785536
v 0.520000 0.360000 -0.774502
v 0.548329 0.348329 -0.760000
v 0.536588 0.366164 -0.760000
v -0.518954 0.406496 -0.751646
v -0.495337 0.391022 -0.775337
v -0.473978 0.400000 -0.784312
v 0.480000 0.400000 -0.780669
v 0.518945 0.397318 -0.756555
v -0.479772 0.441495 -0.758139
v -0.461627 0.418373 -0.781627
v -0.454419 0.440000 -0.774419
v -0.434432 0.440000 -0.785791
v 0.440000 0.440000 -0.782718
v 0.480606 0.438679 -0.759145
v 0.497572 0.417572 -0.760000
v -0.439749 0.481755 -0.757883
v -0.421769 0.458231 -0.781769
v -0.413545 0.480000 -0.773545
v -0.393551 0.480000 -0.783886
v 0.400000 0.480000 -0.780669
v 0.440365 0.478750 -0.759353
v 0.459314 0.459314 -0.760000
v -0.397201 0.521211 -0.755188
v -0.373461 0.511451 -0.773461
v -0.351182 0.520000 -0.778433
v 0.360000 0.520000 -0.774502
v 0.405009 0.517457 -0.753444
v 0.417572 0.497572 -0.760000
v -0.360000 0.540849 -0.760000
v -0.315437 0.565215 -0.761919
v -0.320000 0.546624 -0.773376
v -0.294270 0.560000 -0.774270
v -0.272407 0.560000 -0.782228
v 0.280000 0.560000 -0.779643
v 0.317157 0.559942 -0.765162
v 0.366164 0.536588 -0.760000
v 0.348329 0.548329 -0.760000
v -0.276065 0.596578 -0.753391
v -0.239037 0.595226 -0.766809
v -0.226742 0.573258 -0.786742
v -0.205680 0.600000 -0.772931
v -0.179358 0.600000 -0.779358
v -0.153127 0.600000 -0.784998
v -0.111934 0.600000 -0.791934
v 0.131146 0.600000 -0.788854
v 0.160000 0.600000 -0.783741
v 0.190607 0.600000 -0.776644
v 0.238299 0.599647 -0.763766
v 0.288722 0.581878 -0.760000
v 0.275299 0.595299 -0.754653
v -0.200000 0.618187 -0.760000
v -0.160033 0.635106 -0.755348
v -0.119982 0.644839 -0.754566
v -0.092352 0.627648 -0.772352
v -0.080500 0.641960 -0.762367
v -0.072748 0.617236 -0.782763
v -0.041170 0.643281 -0.764288
v -0.001673 0.643601 -0.765089
v 0.038237 0.643038 -0.764638
v 0.078816 0.641680 -0.762770
v 0.080000 0.619968 -0.780032
v 0.120341 0.640862 -0.758059
v 0.163589 0.636642 -0.753263
v 0.206741 0.615834 -0.760000
v 0.183157 0.623157 -0.760000
v -0.120498 -0.681005 -0.722256
v -0.083504 -0.682720 -0.725754
v -0.045017 -0.683810 -0.728071
v -0.005511 -0.684654 -0.728596
v 0.034512 -0.683977 -0.728458
v 0.075805 -0.682965 -0.726321
v 0.117407 -0.681126 -0.722565
v -0.243441 -0.642959 -0.726063
v -0.279528 -0.638593 -0.716928
v -0.207772 -0.649386 -0.731305
v -0.194674 -0.675680 -0.710822
v -0.167488 -0.655909 -0.735909
v -0.158298 -0.678650 -0.717130
v -0.139008 -0.659008 -0.739008
v -0.111083 -0.661508 -0.741508
v -0.072196 -0.664047 -0.744047
v -0.032809 -0.665512 -0.745512
v 0.007118 -0.665869 -0.745869
v 0.047633 -0.665070 -0.745070
v 0.088794 -0.663057 -0.743057
v 0.120000 -0.660852 -0.740852
v 0.150669 -0.657753 -0.737753
v 0.162601 -0.678338 -0.716398
v 0.193336 -0.652491 -0.732491
v 0.202240 -0.674872 -0.709463
v 0.233931 -0.643930 -0.728158
v 0.285796 -0.637759 -0.714968
v -0.323609 -0.603202 -0.728754
v -0.359483 -0.598168 -0.716148
v -0.286650 -0.614721 -0.734721
v -0.260077 -0.620077 -0.740077
v -0.233058 -0.624955 -0.744955
v 0.240000 -0.623794 -0.743794
v 0.260144 -0.619856 -0.739856
v 0.280000 -0.616142 -0.736142
v 0.315398 -0.604543 -0.731181
v 0.323831 -0.621146 -0.713345
v 0.366949 -0.598312 -0.711951
v -0.400472 -0.561858 -0.723771
v -0.367232 -0.570286 -0.734626
v -0.402948 -0.602698 -0.688519
v -0.340091 -0.580091 -0.740091
v 0.340212 -0.579788 -0.739788
v 0.360000 -0.574788 -0.734788
v 0.393634 -0.561687 -0.727396
v 0.379960 -0.580040 -0.720000
v -0.443066 -0.522901 -0.727987
v -0.467587 -0.517903 -0.716094
v -0.415376 -0.535376 -0.735376
v -0.392448 -0.542576 -0.742576
v 0.400000 -0.540256 -0.740256
v 0.437409 -0.525518 -0.729475
v 0.459222 -0.520000 -0.720000
v -0.487460 -0.487172 -0.724411
v -0.518952 -0.467076 -0.715675
v -0.457272 -0.497272 -0.737272
v 0.440000 -0.503469 -0.743469
v 0.473264 -0.486902 -0.733676
v 0.483397 -0.513235 -0.708829
v 0.500900 -0.480000 -0.720000
v -0.525984 -0.446332 -0.723799
v -0.543656 -0.435070 -0.717476
v -0.488636 -0.460752 -0.740752
v 0.507308 -0.452692 -0.732692
v 0.523841 -0.464755 -0.713445
v 0.524100 -0.441869 -0.727876
v -0.560418 -0.402290 -0.723862
v -0.535376 -0.415376 -0.735376
v -0.542576 -0.392448 -0.742576
v 0.520000 -0.422299 -0.742299
v 0.557176 -0.404738 -0.724823
v 0.539960 -0.400000 -0.740040
v -0.566589 -0.371572 -0.735270
v -0.605790 -0.406205 -0.683940
v -0.599582 -0.357377 -0.715990
v 0.560000 -0.377362 -0.737362
v 0.560000 -0.355265 -0.748306
v 0.580040 -0.379960 -0.720000
v 0.604304 -0.353594 -0.713620
v -0.602825 -0.323827 -0.728972
v -0.580091 -0.340091 -0.740091
v 0.580700 -0.339300 -0.739300
v 0.600000 -0.324518 -0.731069
v 0.615601 -0.320000 -0.720000
v -0.611396 -0.288569 -0.736640
v -0.639668 -0.277470 -0.716728
v 0.600000 -0.300977 -0.740977
v 0.643906 -0.274732 -0.713590
v -0.641479 -0.244464 -0.727005
v -0.620077 -0.260077 -0.740077
v -0.624955 -0.233058 -0.744955
v 0.620977 -0.259023 -0.739023
v 0.642753 -0.243658 -0.726118
v -0.646472 -0.211985 -0.732604
v -0.677840 -0.192960 -0.709194
v 0.640000 -0.216853 -0.736853
v 0.640000 -0.192695 -0.743579
v 0.656449 -0.223551 -0.720000
v 0.664369 -0.200000 -0.720000
v -0.655909 -0.167488 -0.735909
v -0.679325 -0.157743 -0.716594
v 0.677748 -0.159778 -0.717560
v -0.680251 -0.122982 -0.722488
v -0.659008 -0.139008 -0.739008
v -0.661508 -0.111083 -0.741508
v 0.675142 -0.126196 -0.726370
v -0.681360 -0.084648 -0.726866
v -0.664047 -0.072196 -0.744047
v 0.683679 -0.081337 -0.724954
v -0.681905 -0.046681 -0.729710
v -0.665512 -0.032809 -0.745512
v 0.680000 -0.051127 -0.731127
v 0.689703 -0.033470 -0.723004
v -0.682327 -0.007541 -0.730722
v -0.665869 0.007118 -0.745869
v 0.680000 -0.012762 -0.732762
v 0.690190 0.006730 -0.723276
v -0.681989 0.032627 -0.730360
v -0.665070 0.047633 -0.745070
v 0.680000 0.027656 -0.732344
v 0.689024 0.045852 -0.723004
v -0.681483 0.074336 -0.727820
v -0.663057 0.088794 -0.743057
v 0.683180 0.077271 -0.725848
v -0.680517 0.118016 -0.723055
v -0.660852 0.120000 -0.740852
v 0.680580 0.127999 -0.721154
v -0.657753 0.150669 -0.737753
v -0.679169 0.163588 -0.715347
v 0.678416 0.162064 -0.716386
v -0.652491 0.193336 -0.732491
v -0.674872 0.202240 -0.709463
v 0.640000 0.200000 -0.741769
v 0.667763 0.187763 -0.720000
v 0.661362 0.209178 -0.720000
v -0.641965 0.231738 -0.730537
v -0.623794 0.240000 -0.743794
v 0.640000 0.226060 -0.733940
v 0.646724 0.243970 -0.722459
v -0.639077 0.284478 -0.714365
v -0.619856 0.260144 -0.739856
v -0.616142 0.280000 -0.736142
v 0.617169 0.257169 -0.742831
v 0.639234 0.275408 -0.717731
v -0.604543 0.315398 -0.731181
v -0.621146 0.323831 -0.713345
v 0.600000 0.298095 -0.741905
v 0.606436 0.322536 -0.726551
v 0.623657 0.303657 -0.720000
v -0.599049 0.366403 -0.711629
v -0.579788 0.340212 -0.739788
v -0.574788 0.360000 -0.734788
v 0.560000 0.360000 -0.746081
v 0.577813 0.337813 -0.742187
v 0.599039 0.356723 -0.716536
v -0.560952 0.394174 -0.727688
v -0.580040 0.379960 -0.720000
v -0.540256 0.400000 -0.740256
v 0.539960 0.400000 -0.740040
v 0.560944 0.402509 -0.723134
v 0.580192 0.380192 -0.720000
v -0.525518 0.437409 -0.729475
v -0.503469 0.440000 -0.743469
v 0.523167 0.445922 -0.726007
v 0.546838 0.426838 -0.720000
v -0.520000 0.459222 -0.720000
v -0.486902 0.473264 -0.733676
v -0.513235 0.483397 -0.708829
v 0.480000 0.480000 -0.734188
v 0.515073 0.475073 -0.713206
v 0.495726 0.485276 -0.720000
v -0.480000 0.500900 -0.720000
v -0.452692 0.507308 -0.732692
v -0.464755 0.523841 -0.713445
v -0.441869 0.524100 -0.727876
v -0.422299 0.520000 -0.742299
v 0.443520 0.525217 -0.726007
v 0.475073 0.505523 -0.720000
v -0.402669 0.558806 -0.724807
v -0.400000 0.539960 -0.740040
v -0.377362 0.560000 -0.737362
v -0.355265 0.560000 -0.748306
v 0.360000 0.560000 -0.746081
v 0.395524 0.562249 -0.725926
v 0.400000 0.539960 -0.740040
v 0.426838 0.546838 -0.720000
v -0.356431 0.601939 -0.714340
v -0.379960 0.580040 -0.720000
v -0.339300 0.580700 -0.739300
v -0.324518 0.600000 -0.731069
v -0.300977 0.600000 -0.740977
v 0.298095 0.600000 -0.741905
v 0.322536 0.606436 -0.726551
v 0.337813 0.577813 -0.742187
v 0.364956 0.597758 -0.713425
v 0.380192 0.580192 -0.720000
v -0.320000 0.615601 -0.720000
v -0.283061 0.636192 -0.717339
v -0.259023 0.620977 -0.739023
v -0.243658 0.642753 -0.726118
v -0.216853 0.640000 -0.736853
v -0.192695 0.640000 -0.743579
v 0.200000 0.640000 -0.741769
v 0.226060 0.640000 -0.733940
v 0.243970 0.646724 -0.722459
v 0.257169 0.617169 -0.742831
v 0.282761 0.638276 -0.715743
v 0.303657 0.623657 -0.720000
v -0.200000 0.664369 -0.720000
v -0.223551 0.656449 -0.720000
v -0.159778 0.677748 -0.717560
v -0.120056 0.680762 -0.722363
v -0.081337 0.683679 -0.724954
v -0.051127 0.680000 -0.731127
v -0.033470 0.689703 -0.723004
v -0.012762 0.680000 -0.732762
v 0.006730 0.690190 -0.723276
v 0.027656 0.680000 -0.732344
v 0.045852 0.689024 -0.723004
v 0.077271 0.683180 -0.725848
v 0.119539 0.681230 -0.722102
v 0.162064 0.678416 -0.716386
v 0.209178 0.661362 -0.720000
v 0.187763 0.667763 -0.720000
v -0.120500 -0.720980 -0.682352
v -0.083575 -0.722666 -0.685972
v -0.045125 -0.723732 -0.688384
v -0.005846 -0.724153 -0.689362
v 0.034378 -0.723890 -0.688806
v 0.075695 -0.722898 -0.686591
v 0.117314 -0.721091 -0.682696
v -0.244269 -0.683541 -0.687665
v -0.279763 -0.679318 -0.678394
v -0.207608 -0.694013 -0.689185
v -0.194567 -0.715772 -0.670455
v -0.219314 -0.680000 -0.699314
v -0.167998 -0.696993 -0.696993
v -0.158263 -0.718679 -0.677013
v -0.140048 -0.700048 -0.700048
v -0.111614 -0.702611 -0.702611
v -0.072740 -0.705159 -0.705159
v -0.033368 -0.706638 -0.706638
v 0.047040 -0.706230 -0.706230
v 0.088181 -0.704239 -0.704239
v 0.120000 -0.701993 -0.701993
v 0.140065 -0.699935 -0.699935
v 0.162697 -0.718388 -0.676200
v 0.160000 -0.697990 -0.697990
v 0.192675 -0.693730 -0.693730
v 0.202240 -0.714985 -0.669010
v 0.232341 -0.684649 -0.690484
v 0.283048 -0.678953 -0.677259
v -0.329511 -0.649020 -0.685451
v -0.317229 -0.667062 -0.673929
v -0.359896 -0.639646 -0.679196
v -0.295248 -0.655248 -0.695248
v -0.271026 -0.660278 -0.700278
v -0.234060 -0.667126 -0.707126
v 0.248619 -0.664448 -0.704448
v 0.280000 -0.658505 -0.698505
v 0.313874 -0.648528 -0.693134
v 0.323425 -0.663814 -0.674051
v 0.362017 -0.639309 -0.678285
v -0.439061 -0.596295 -0.671897
v -0.374426 -0.614426 -0.694426
v -0.351489 -0.620711 -0.700711
v -0.320000 -0.628704 -0.708704
v 0.360000 -0.618443 -0.698443
v 0.395252 -0.611704 -0.684916
v 0.400000 -0.592621 -0.698967
v 0.421036 -0.600000 -0.680000
v -0.446299 -0.569016 -0.690491
v -0.479639 -0.558449 -0.676749
v -0.419162 -0.579162 -0.699162
v 0.431078 -0.574965 -0.694965
v 0.442534 -0.594966 -0.670672
v 0.448129 -0.549338 -0.704802
v 0.481826 -0.556725 -0.676493
v -0.487482 -0.531127 -0.692780
v -0.519826 -0.519184 -0.678366
v -0.461986 -0.541986 -0.701986
v 0.480000 -0.535069 -0.695069
v 0.527194 -0.519095 -0.672389
v -0.527360 -0.491372 -0.692902
v -0.559661 -0.478273 -0.676707
v -0.502925 -0.502925 -0.702925
v 0.520000 -0.495559 -0.695559
v 0.562568 -0.475934 -0.675767
v -0.565994 -0.449625 -0.690796
v -0.599174 -0.435396 -0.671687
v -0.541986 -0.461986 -0.701986
v 0.560000 -0.453306 -0.693306
v 0.560000 -0.434378 -0.705305
v 0.598289 -0.428699 -0.676680
v -0.624288 -0.396850 -0.672687
v -0.579162 -0.419162 -0.699162
v 0.583599 -0.416400 -0.696400
v 0.603577 -0.403998 -0.687171
v -0.614426 -0.374426 -0.694426
v -0.639918 -0.359469 -0.679157
v -0.620711 -0.351489 -0.700711
v 0.600000 -0.382436 -0.702436
v 0.640714 -0.358977 -0.678560
v -0.652962 -0.326764 -0.683077
v -0.637176 -0.326242 -0.698024
v 0.640000 -0.332484 -0.692484
v 0.640000 -0.312495 -0.701707
v 0.659526 -0.320000 -0.680000
v -0.655248 -0.295248 -0.695248
v -0.679838 -0.278719 -0.678278
v -0.660278 -0.271026 -0.700278
v -0.640000 -0.304990 -0.704990
v 0.682996 -0.276310 -0.675800
v -0.681771 -0.245623 -0.688907
v -0.667126 -0.234060 -0.707126
v 0.683173 -0.244650 -0.687823
v -0.694013 -0.207608 -0.689185
v -0.717886 -0.192695 -0.668685
v -0.680000 -0.219314 -0.699314
v 0.680000 -0.219314 -0.699314
v 0.680000 -0.194165 -0.706802
v 0.698428 -0.221572 -0.680000
v 0.705274 -0.200000 -0.680000
v -0.696993 -0.167998 -0.696993
v -0.719340 -0.157653 -0.676429
v 0.717911 -0.159554 -0.677430
v -0.720246 -0.123013 -0.682613
v -0.700048 -0.140048 -0.700048
v -0.702611 -0.111614 -0.702611
v 0.702830 -0.137170 -0.697170
v 0.721154 -0.121575 -0.681884
v -0.721333 -0.084826 -0.687179
v -0.705159 -0.072740 -0.705159
v 0.723471 -0.081674 -0.685206
v -0.721866 -0.046951 -0.690167
v -0.706638 -0.033368 -0.706638
v 0.720000 -0.051703 -0.691703
v 0.729175 -0.033828 -0.683173
v -0.722076 -0.007971 -0.691459
v 0.720000 -0.013461 -0.693461
v 0.729656 0.006381 -0.683460
v -0.721945 0.032291 -0.690887
v -0.706230 0.047040 -0.706230
v 0.720000 0.026941 -0.693059
v 0.728567 0.045563 -0.683173
v -0.721449 0.074061 -0.688236
v -0.704239 0.088181 -0.704239
v 0.723024 0.076883 -0.686203
v -0.720506 0.117899 -0.683226
v -0.701993 0.120000 -0.701993
v 0.725747 0.129432 -0.675142
v -0.699935 0.140065 -0.699935
v -0.719194 0.163828 -0.675021
v -0.697990 0.160000 -0.697990
v 0.697169 0.137169 -0.702831
v 0.718498 0.162369 -0.676094
v -0.693730 0.192675 -0.693730
v -0.714985 0.202240 -0.669010
v 0.680000 0.200000 -0.705274
v 0.706801 0.194165 -0.680000
v -0.682324 0.229260 -0.693739
v -0.664448 0.248619 -0.704448
v 0.680000 0.221572 -0.698428
v 0.687823 0.244650 -0.683173
v 0.699314 0.219314 -0.680000
v -0.679559 0.282442 -0.676928
v -0.658505 0.280000 -0.698505
v 0.678007 0.275570 -0.681185
v -0.648528 0.313874 -0.693134
v -0.663814 0.323425 -0.674051
v 0.640000 0.320000 -0.698424
v 0.666010 0.306010 -0.680000
v 0.656249 0.326486 -0.680000
v -0.639729 0.361597 -0.678133
v -0.618443 0.360000 -0.698443
v 0.639143 0.358370 -0.680373
v -0.611704 0.395252 -0.684916
v -0.592621 0.400000 -0.698967
v 0.603938 0.412668 -0.681586
v 0.624193 0.384193 -0.680000
v -0.600000 0.421036 -0.680000
v -0.574965 0.431078 -0.694965
v -0.594966 0.442534 -0.670672
v -0.549338 0.448129 -0.704802
v 0.560000 0.440000 -0.701853
v 0.573386 0.413386 -0.706614
v 0.593172 0.439883 -0.673995
v -0.558179 0.480697 -0.676150
v -0.535069 0.480000 -0.695069
v 0.556586 0.473501 -0.682355
v -0.519498 0.526875 -0.672343
v -0.495559 0.520000 -0.695559
v 0.480000 0.520000 -0.706412
v 0.525895 0.519327 -0.673137
v 0.537897 0.497897 -0.680000
v -0.477751 0.561101 -0.675787
v -0.453306 0.560000 -0.693306
v -0.434378 0.560000 -0.705305
v 0.440000 0.560000 -0.701853
v 0.476521 0.554017 -0.682355
v 0.497897 0.537897 -0.680000
v -0.433440 0.596578 -0.675179
v -0.416400 0.583599 -0.696400
v -0.403998 0.603577 -0.687171
v -0.382436 0.600000 -0.702436
v 0.412668 0.603938 -0.681586
v 0.413386 0.573386 -0.706614
v 0.439883 0.593172 -0.673995
v -0.361245 0.638593 -0.679360
v -0.332484 0.640000 -0.692484
v -0.312495 0.640000 -0.701707
v 0.320000 0.640000 -0.698424
v 0.360914 0.639247 -0.678924
v 0.384193 0.624193 -0.680000
v -0.320000 0.659526 -0.680000
v -0.281004 0.678623 -0.678389
v -0.244650 0.683173 -0.687823
v -0.219314 0.680000 -0.699314
v -0.194165 0.680000 -0.706802
v 0.200000 0.680000 -0.705274
v 0.221572 0.680000 -0.698428
v 0.244650 0.687823 -0.683173
v 0.281004 0.678389 -0.678623
v 0.326486 0.656249 -0.680000
v 0.306010 0.666010 -0.680000
v -0.200000 0.705274 -0.680000
v -0.221572 0.698428 -0.680000
v -0.159554 0.717911 -0.677430
v -0.137170 0.702830 -0.697170
v -0.119539 0.722102 -0.681231
v -0.081674 0.723471 -0.685206
v -0.051703 0.720000 -0.691703
v -0.033828 0.729175 -0.683173
v -0.013461 0.720000 -0.693461
v 0.006381 0.729656 -0.683460
v 0.026941 0.720000 -0.693059
v 0.045563 0.728567 -0.683173
v 0.076883 0.723024 -0.686203
v 0.120056 0.722363 -0.680762
v 0.137169 0.697169 -0.702831
v 0.162369 0.718498 -0.676094
v 0.194165 0.706801 -0.680000
v 0.219314 0.699314 -0.680000
v -0.081832 -0.761310 -0.643112
v -0.119793 -0.759676 -0.639152
v -0.043347 -0.762334 -0.645567
v -0.004007 -0.762719 -0.646519
v 0.036314 -0.762430 -0.645862
v 0.077777 -0.761421 -0.643453
v 0.121025 -0.759623 -0.638939
v -0.243558 -0.722846 -0.646513
v -0.279523 -0.718671 -0.636623
v -0.207960 -0.729198 -0.651681
v -0.205449 -0.766434 -0.608217
v -0.167488 -0.735909 -0.655909
v -0.156435 -0.757407 -0.633752
v -0.139008 -0.739008 -0.659008
v -0.111083 -0.741508 -0.661508
v -0.072196 -0.744047 -0.664047
v -0.032809 -0.745512 -0.665512
v 0.007118 -0.745869 -0.665869
v 0.047633 -0.745070 -0.665070
v 0.088794 -0.743057 -0.663057
v 0.120000 -0.740852 -0.660852
v 0.150669 -0.737752 -0.657752
v 0.165652 -0.756856 -0.631926
v 0.193336 -0.732491 -0.652491
v 0.202934 -0.753563 -0.624935
v 0.233461 -0.723700 -0.649079
v 0.286547 -0.718019 -0.633948
v -0.329360 -0.688775 -0.645578
v -0.316980 -0.705939 -0.633209
v -0.359896 -0.679656 -0.639155
v -0.295248 -0.695248 -0.655248
v -0.271026 -0.700278 -0.660278
v -0.234060 -0.707126 -0.667126
v 0.248619 -0.704448 -0.664448
v 0.280000 -0.698505 -0.658505
v 0.313874 -0.688528 -0.653409
v 0.323831 -0.702558 -0.633345
v 0.362196 -0.679370 -0.638045
v -0.407179 -0.646933 -0.644535
v -0.396928 -0.664760 -0.632687
v -0.439246 -0.637132 -0.633202
v -0.375376 -0.655376 -0.655376
v -0.351969 -0.661798 -0.661798
v 0.360000 -0.659658 -0.659658
v 0.397197 -0.646534 -0.650983
v 0.443104 -0.634048 -0.633409
v -0.480000 -0.600000 -0.640000
v -0.447022 -0.614327 -0.650015
v -0.460721 -0.592398 -0.660721
v -0.421046 -0.621046 -0.661046
v -0.400000 -0.627722 -0.667722
v 0.418433 -0.621567 -0.661567
v 0.440000 -0.614609 -0.654609
v 0.480000 -0.600000 -0.640000
v -0.520340 -0.561518 -0.643313
v -0.486820 -0.576298 -0.656298
v -0.511869 -0.588061 -0.625941
v -0.503447 -0.553331 -0.663447
v 0.480000 -0.578956 -0.658956
v 0.518183 -0.563198 -0.643463
v 0.499968 -0.560000 -0.660032
v -0.560331 -0.521591 -0.643332
v -0.527285 -0.537738 -0.657738
v -0.552668 -0.548759 -0.626952
v -0.543785 -0.513331 -0.663785
v 0.520000 -0.540907 -0.660907
v 0.557896 -0.523507 -0.643746
v -0.600000 -0.480000 -0.640000
v -0.566820 -0.496936 -0.656936
v -0.592169 -0.507460 -0.625640
v -0.581877 -0.472398 -0.661876
v 0.560000 -0.500232 -0.660232
v 0.600000 -0.480000 -0.640000
v -0.607164 -0.451834 -0.653330
v -0.639355 -0.436266 -0.632985
v 0.600000 -0.456645 -0.656645
v 0.638722 -0.435083 -0.634421
v -0.646933 -0.407179 -0.644535
v -0.664760 -0.396928 -0.632687
v -0.621046 -0.421046 -0.661046
v 0.617301 -0.422699 -0.662699
v 0.640000 -0.409786 -0.649786
v 0.640000 -0.392407 -0.660348
v 0.655883 -0.400000 -0.640000
v -0.655376 -0.375376 -0.655376
v -0.679920 -0.359461 -0.639110
v -0.661798 -0.351969 -0.661798
v 0.681138 -0.358547 -0.638185
v -0.688775 -0.329360 -0.645578
v -0.705939 -0.316980 -0.633209
v 0.680000 -0.332973 -0.652973
v 0.680000 -0.313005 -0.662768
v 0.698424 -0.320000 -0.640000
v -0.695248 -0.295248 -0.655248
v -0.719682 -0.277399 -0.636357
v -0.700278 -0.271026 -0.660278
v 0.717731 -0.279432 -0.637573
v -0.721423 -0.244757 -0.647611
v -0.707126 -0.234060 -0.667126
v 0.724715 -0.240485 -0.645347
v -0.726285 -0.212549 -0.653356
v -0.757285 -0.190045 -0.624436
v 0.720000 -0.218356 -0.658356
v 0.720000 -0.193882 -0.666066
v 0.741769 -0.200000 -0.640000
v -0.735909 -0.167488 -0.655909
v -0.758703 -0.155098 -0.632478
v 0.756097 -0.158675 -0.634562
v -0.739008 -0.139008 -0.659008
v -0.759918 -0.118680 -0.639038
v -0.741508 -0.111083 -0.661508
v 0.757305 -0.119367 -0.641870
v -0.760655 -0.082516 -0.643769
v -0.744047 -0.072196 -0.664047
v 0.761645 -0.081008 -0.642746
v -0.761167 -0.044624 -0.646805
v -0.745512 -0.032809 -0.665512
v 0.762774 -0.042069 -0.645005
v -0.761359 -0.005570 -0.648050
v -0.745869 0.007118 -0.665869
v 0.763064 -0.002729 -0.645978
v -0.761215 0.034843 -0.647316
v -0.745070 0.047633 -0.665070
v 0.762598 0.037271 -0.645490
v -0.760710 0.076868 -0.644360
v -0.743057 0.088794 -0.663057
v 0.761443 0.078229 -0.643307
v -0.759826 0.120822 -0.638740
v -0.740852 0.120000 -0.660852
v 0.758222 0.115075 -0.641506
v -0.737752 0.150669 -0.657752
v -0.758428 0.168250 -0.629261
v 0.754280 0.156416 -0.637443
v -0.732491 0.193336 -0.652491
v -0.753563 0.202934 -0.624935
v 0.720000 0.200000 -0.664369
v 0.745389 0.185389 -0.640000
v 0.739311 0.208426 -0.640000
v -0.721850 0.230562 -0.652085
v -0.704448 0.248619 -0.664448
v 0.720000 0.223552 -0.656448
v 0.726117 0.243658 -0.642753
v -0.719149 0.285417 -0.633216
v -0.698505 0.280000 -0.658505
v 0.714344 0.272663 -0.643906
v -0.688528 0.313874 -0.653409
v -0.702558 0.323831 -0.633345
v 0.680000 0.320000 -0.659525
v 0.704989 0.304989 -0.640000
v 0.695454 0.326242 -0.640000
v -0.679745 0.361821 -0.637875
v -0.659658 0.360000 -0.659658
v 0.679329 0.358612 -0.640130
v -0.646534 0.397197 -0.650983
v 0.640000 0.400000 -0.655883
v 0.664813 0.384813 -0.640000
v 0.652834 0.404893 -0.640000
v -0.636704 0.441078 -0.632230
v -0.621567 0.418433 -0.661567
v -0.614609 0.440000 -0.654609
v 0.623232 0.423232 -0.656768
v 0.637211 0.430909 -0.638722
v -0.600000 0.480000 -0.640000
v -0.578956 0.480000 -0.658956
v 0.600000 0.480000 -0.640000
v 0.617248 0.457248 -0.640000
v -0.561773 0.519279 -0.643877
v -0.560000 0.499968 -0.660032
v -0.540907 0.520000 -0.660907
v 0.560000 0.499969 -0.660031
v 0.562326 0.524968 -0.638693
v 0.581697 0.501697 -0.640000
v -0.521940 0.559122 -0.644019
v -0.500232 0.560000 -0.660232
v 0.499969 0.560000 -0.660031
v 0.522351 0.564763 -0.638693
v 0.543175 0.543175 -0.640000
v -0.480000 0.600000 -0.640000
v -0.456645 0.600000 -0.656645
v 0.480000 0.600000 -0.640000
v 0.501697 0.581697 -0.640000
v -0.436594 0.638722 -0.633376
v -0.422699 0.617301 -0.662699
v -0.409786 0.640000 -0.649786
v -0.392407 0.640000 -0.660348
v 0.400000 0.640000 -0.655883
v 0.423232 0.623232 -0.656768
v 0.436594 0.633375 -0.638722
v 0.457248 0.617248 -0.640000
v -0.400000 0.655883 -0.640000
v -0.360914 0.678924 -0.639247
v -0.332973 0.680000 -0.652973
v -0.313005 0.680000 -0.662768
v 0.320000 0.680000 -0.659525
v 0.361245 0.679359 -0.638593
v 0.404893 0.652834 -0.640000
v 0.384813 0.664813 -0.640000
v -0.320000 0.698424 -0.640000
v -0.282761 0.715743 -0.638276
v -0.240485 0.724715 -0.645347
v -0.218356 0.720000 -0.658356
v -0.193882 0.720000 -0.666066
v 0.200000 0.720000 -0.664369
v 0.223552 0.720000 -0.656448
v 0.243658 0.726117 -0.642753
v 0.283061 0.717339 -0.636192
v 0.326242 0.695454 -0.640000
v 0.304989 0.704989 -0.640000
v -0.200000 0.741769 -0.640000
v -0.158675 0.756097 -0.634562
v -0.120341 0.758059 -0.640861
v -0.081008 0.761645 -0.642746
v -0.042069 0.762774 -0.645005
v -0.002729 0.763064 -0.645978
v 0.037271 0.762598 -0.645490
v 0.078229 0.761443 -0.643307
v 0.119982 0.754565 -0.644839
v 0.156416 0.754280 -0.637443
v 0.208426 0.739311 -0.640000
v 0.185389 0.745389 -0.640000
v -0.000000 -0.800000 -0.600000
v -0.240361 -0.760960 -0.602577
v -0.167815 -0.774509 -0.609670
v -0.166056 -0.806614 -0.567016
v -0.127938 -0.776646 -0.616646
v -0.115675 -0.797080 -0.592455
v -0.098965 -0.778965 -0.618965
v -0.077982 -0.798679 -0.596565
v -0.070557 -0.780697 -0.620697
v -0.039468 -0.799663 -0.599117
v -0.031127 -0.782124 -0.622124
v 0.008848 -0.782433 -0.622433
v 0.040599 -0.799647 -0.599057
v 0.049418 -0.781578 -0.621578
v 0.082563 -0.798551 -0.596075
v 0.080000 -0.780280 -0.620280
v 0.110640 -0.778068 -0.618068
v 0.126210 -0.796643 -0.590762
v 0.152582 -0.774112 -0.614112
v 0.162665 -0.794151 -0.585207
v 0.192976 -0.770881 -0.606719
v 0.236064 -0.761219 -0.603772
v -0.323610 -0.725851 -0.606689
v -0.359475 -0.718324 -0.595540
v -0.286650 -0.734721 -0.614721
v -0.275928 -0.756870 -0.592258
v -0.260077 -0.740077 -0.620077
v -0.233058 -0.744955 -0.624955
v 0.240000 -0.743794 -0.623794
v 0.260144 -0.739856 -0.619856
v 0.283059 -0.755532 -0.590488
v 0.280000 -0.736142 -0.616142
v 0.317699 -0.725590 -0.610072
v 0.364931 -0.714145 -0.597006
v -0.405382 -0.683418 -0.606911
v -0.439052 -0.676514 -0.591039
v -0.374426 -0.694426 -0.614426
v -0.351489 -0.700711 -0.620711
v 0.360000 -0.698443 -0.618443
v 0.397626 -0.685596 -0.609456
v 0.421036 -0.680000 -0.600000
v -0.480000 -0.640000 -0.600000
v -0.447022 -0.650015 -0.614327
v -0.460721 -0.660721 -0.592398
v -0.421046 -0.661046 -0.621046
v 0.418433 -0.661567 -0.621567
v 0.442534 -0.675175 -0.589833
v 0.440000 -0.654609 -0.614609
v 0.480000 -0.640000 -0.600001
v -0.520512 -0.602206 -0.605205
v -0.494569 -0.614569 -0.614569
v -0.511785 -0.628145 -0.585773
v -0.472865 -0.622989 -0.622989
v 0.480000 -0.620248 -0.620248
v 0.517277 -0.604761 -0.605250
v -0.560786 -0.563024 -0.606897
v -0.536425 -0.576425 -0.616425
v -0.553251 -0.589815 -0.587967
v 0.520000 -0.583568 -0.623568
v 0.555799 -0.566953 -0.607559
v -0.600486 -0.522416 -0.605263
v -0.576425 -0.536425 -0.616425
v 0.560000 -0.544361 -0.624361
v 0.596313 -0.525792 -0.606209
v -0.640000 -0.480000 -0.600000
v -0.614569 -0.494569 -0.614569
v -0.624506 -0.512722 -0.588915
v -0.622989 -0.472865 -0.622989
v 0.600000 -0.502365 -0.622365
v 0.640000 -0.480000 -0.600000
v -0.646363 -0.451334 -0.614987
v -0.660721 -0.460721 -0.592398
v -0.679209 -0.435256 -0.590699
v 0.640000 -0.457248 -0.617248
v 0.678499 -0.428550 -0.596321
v -0.683418 -0.405382 -0.606911
v -0.661046 -0.421046 -0.621046
v 0.656768 -0.423232 -0.623232
v 0.686346 -0.404299 -0.604299
v 0.680000 -0.392096 -0.619250
v -0.694426 -0.374426 -0.614426
v -0.719608 -0.357259 -0.595272
v -0.700711 -0.351489 -0.620711
v 0.716536 -0.360242 -0.597009
v -0.725851 -0.323610 -0.606689
v 0.726551 -0.325071 -0.605071
v 0.720000 -0.311829 -0.619629
v -0.734721 -0.286650 -0.614721
v -0.758435 -0.274439 -0.590893
v 0.741905 -0.298095 -0.600000
v 0.757327 -0.275300 -0.591878
v -0.760234 -0.241981 -0.602798
v -0.740077 -0.260077 -0.620077
v -0.744955 -0.233058 -0.624955
v 0.742831 -0.257169 -0.617169
v 0.763647 -0.241134 -0.598622
v -0.764785 -0.209026 -0.609113
v 0.760000 -0.213482 -0.613482
v 0.760000 -0.191578 -0.620672
v 0.776644 -0.190607 -0.600000
v -0.774509 -0.167815 -0.609670
v -0.797446 -0.149712 -0.584077
v 0.783741 -0.160000 -0.600000
v -0.776646 -0.127938 -0.616646
v -0.798540 -0.113907 -0.590758
v 0.796074 -0.117546 -0.593220
v -0.778965 -0.098965 -0.618965
v -0.799339 -0.077137 -0.595746
v -0.780697 -0.070557 -0.620697
v 0.798332 -0.078690 -0.596845
v 0.780031 -0.080000 -0.619969
v -0.799832 -0.039240 -0.598894
v -0.782124 -0.031127 -0.622124
v 0.795282 -0.043733 -0.604245
v -0.800000 -0.000002 -0.600000
v -0.782433 0.008848 -0.622433
v 0.799999 -0.000000 -0.600001
v -0.799824 0.040870 -0.598787
v -0.781578 0.049418 -0.621578
v 0.797068 0.038104 -0.602416
v -0.799275 0.083761 -0.594875
v -0.780280 0.080000 -0.620280
v 0.798557 0.082369 -0.596011
v 0.785495 0.065495 -0.614505
v 0.776191 0.086175 -0.623809
v -0.778068 0.110640 -0.618068
v -0.798322 0.129209 -0.587738
v 0.793687 0.115967 -0.596921
v -0.774112 0.152582 -0.614112
v -0.794151 0.162665 -0.585207
v 0.786255 0.146255 -0.600000
v 0.781549 0.169679 -0.600000
v -0.770881 0.192976 -0.606719
v 0.760000 0.174464 -0.625536
v 0.760000 0.200000 -0.618187
v 0.772931 0.205680 -0.600000
v -0.760554 0.236729 -0.604369
v -0.743794 0.240000 -0.623794
v 0.762189 0.245266 -0.598750
v -0.739856 0.260144 -0.619856
v -0.755532 0.283059 -0.590488
v -0.736142 0.280000 -0.616142
v 0.739023 0.259023 -0.620977
v 0.753391 0.276065 -0.596578
v -0.725590 0.317699 -0.610072
v 0.725534 0.322259 -0.607800
v 0.740977 0.300977 -0.600000
v -0.712864 0.366403 -0.597555
v -0.698443 0.360000 -0.618443
v 0.716810 0.351308 -0.601939
v -0.685596 0.397626 -0.609456
v 0.683586 0.412517 -0.601788
v 0.702436 0.382436 -0.600000
v -0.680000 0.421036 -0.600000
v -0.661567 0.418433 -0.621567
v -0.675175 0.442534 -0.589833
v -0.654609 0.440000 -0.614609
v 0.662699 0.422699 -0.617301
v 0.673360 0.436362 -0.596578
v -0.640000 0.480000 -0.600001
v -0.620248 0.480000 -0.620248
v 0.640000 0.480000 -0.600000
v 0.656645 0.456644 -0.600000
v -0.602625 0.518919 -0.606046
v -0.583568 0.520000 -0.623568
v 0.603104 0.527097 -0.598401
v 0.622365 0.502365 -0.600000
v -0.563824 0.558247 -0.608337
v -0.544361 0.560000 -0.624361
v 0.564180 0.569048 -0.597869
v 0.585211 0.545211 -0.600000
v -0.523176 0.598401 -0.606525
v -0.502365 0.600000 -0.622365
v 0.523176 0.606525 -0.598401
v 0.545211 0.585211 -0.600000
v -0.480000 0.640000 -0.600000
v -0.457248 0.640000 -0.617248
v 0.480001 0.640000 -0.599999
v 0.502365 0.622365 -0.600000
v -0.433291 0.676998 -0.594610
v -0.423232 0.656768 -0.623232
v -0.404299 0.686346 -0.604299
v -0.392096 0.680000 -0.619250
v 0.412517 0.683586 -0.601788
v 0.422699 0.662699 -0.617301
v 0.436362 0.673360 -0.596578
v 0.456644 0.656645 -0.600000
v -0.364956 0.713425 -0.597758
v -0.325071 0.726551 -0.605071
v -0.311829 0.720000 -0.619629
v 0.322259 0.725534 -0.607800
v 0.356431 0.714340 -0.601939
v 0.382436 0.702436 -0.600000
v -0.275300 0.757327 -0.591878
v -0.298095 0.741905 -0.600000
v -0.257169 0.742831 -0.617169
v -0.238299 0.763766 -0.599648
v -0.213482 0.760000 -0.613482
v -0.191578 0.760000 -0.620672
v 0.174464 0.760000 -0.625536
v 0.200000 0.760000 -0.618187
v 0.239037 0.766808 -0.595226
v 0.259023 0.739023 -0.620977
v 0.276065 0.753391 -0.596578
v 0.300977 0.740977 -0.600000
v -0.190607 0.776644 -0.600000
v -0.160000 0.783741 -0.600000
v -0.117546 0.796074 -0.593220
v -0.078690 0.798332 -0.596845
v -0.080000 0.780031 -0.619969
v -0.043898 0.794659 -0.605034
v -0.000000 0.799999 -0.600001
v 0.037913 0.796444 -0.603230
v 0.065495 0.785495 -0.614505
v 0.082369 0.798557 -0.596011
v 0.086175 0.776191 -0.623809
v 0.115967 0.793687 -0.596921
v 0.169679 0.781549 -0.600000
v 0.146255 0.786255 -0.600000
v 0.205680 0.772931 -0.600000
v -0.200531 -0.801257 -0.563626
v -0.130165 -0.815352 -0.563761
v -0.086799 -0.814069 -0.574069
v -0.073796 -0.829561 -0.553291
v -0.047809 -0.815942 -0.575942
v -0.032779 -0.835676 -0.547822
v -0.008306 -0.816727 -0.576727
v 0.007082 -0.835922 -0.548380
v 0.031751 -0.816382 -0.576382
v 0.042804 -0.835477 -0.547532
v 0.072413 -0.814858 -0.574858
v 0.087187 -0.828578 -0.552714
v 0.113736 -0.812091 -0.572091
v 0.123387 -0.823421 -0.553583
v 0.153864 -0.809638 -0.566107
v 0.194900 -0.801511 -0.565017
v -0.320425 -0.761290 -0.563621
v -0.287869 -0.773958 -0.563764
v -0.297445 -0.760000 -0.577445
v -0.256110 -0.776110 -0.576110
v -0.236954 -0.797813 -0.554209
v -0.231043 -0.780591 -0.580591
v 0.208659 -0.784115 -0.584115
v 0.241964 -0.797076 -0.553043
v 0.240000 -0.779094 -0.579094
v 0.272992 -0.772704 -0.572705
v 0.283873 -0.782975 -0.553153
v 0.312801 -0.761825 -0.566831
v -0.400480 -0.721663 -0.564533
v -0.368310 -0.733180 -0.571364
v -0.354930 -0.755983 -0.549740
v -0.340091 -0.740091 -0.580091
v 0.340212 -0.739788 -0.579788
v 0.362852 -0.754414 -0.546578
v 0.360000 -0.734788 -0.574788
v 0.395344 -0.725514 -0.562986
v 0.379960 -0.720000 -0.580040
v -0.446486 -0.688828 -0.570866
v -0.443901 -0.726088 -0.524910
v -0.479634 -0.678589 -0.556199
v -0.419162 -0.699162 -0.579162
v 0.431078 -0.694965 -0.574965
v 0.448129 -0.704801 -0.549338
v 0.481826 -0.676792 -0.556358
v -0.520343 -0.641432 -0.563653
v -0.486820 -0.656298 -0.576298
v -0.503447 -0.663447 -0.553331
v 0.480000 -0.658956 -0.578956
v 0.518183 -0.643157 -0.563547
v 0.499967 -0.660033 -0.560000
v -0.560788 -0.602933 -0.567255
v -0.536425 -0.616425 -0.576425
v -0.552520 -0.628907 -0.546656
v 0.520000 -0.623568 -0.583568
v 0.555799 -0.606908 -0.567648
v -0.600769 -0.563063 -0.567290
v -0.577350 -0.577350 -0.577350
v 0.560000 -0.585733 -0.585733
v 0.595088 -0.567665 -0.568361
v -0.640318 -0.521635 -0.563714
v -0.616425 -0.536425 -0.576425
v -0.600000 -0.545212 -0.585212
v 0.600000 -0.545211 -0.585211
v 0.637080 -0.524329 -0.564652
v -0.646820 -0.497668 -0.577668
v -0.663447 -0.503447 -0.553331
v -0.679683 -0.478192 -0.556082
v -0.658957 -0.480000 -0.578957
v 0.640000 -0.501697 -0.581697
v 0.660032 -0.499968 -0.560000
v 0.685010 -0.473474 -0.553171
v -0.685806 -0.450188 -0.571547
v -0.725069 -0.443430 -0.526623
v 0.680000 -0.454807 -0.574807
v 0.701853 -0.440000 -0.560000
v -0.720386 -0.402419 -0.564744
v -0.699162 -0.419162 -0.579162
v 0.706613 -0.413386 -0.573386
v 0.723134 -0.399842 -0.562906
v -0.733180 -0.368310 -0.571364
v -0.757992 -0.353089 -0.548100
v 0.720000 -0.380192 -0.580192
v 0.746081 -0.360000 -0.560000
v -0.760307 -0.322234 -0.563867
v -0.740091 -0.340091 -0.580091
v 0.742187 -0.337813 -0.577813
v 0.764314 -0.321224 -0.558772
v -0.773958 -0.287869 -0.563764
v -0.760000 -0.297445 -0.577445
v 0.760000 -0.297445 -0.577445
v 0.779643 -0.280000 -0.560000
v -0.776110 -0.256110 -0.576110
v -0.798906 -0.235749 -0.553090
v -0.780591 -0.231043 -0.580591
v 0.796442 -0.239034 -0.555076
v -0.800311 -0.203014 -0.564001
v 0.803624 -0.201852 -0.559508
v -0.804099 -0.169258 -0.569548
v 0.800000 -0.173820 -0.573820
v 0.800000 -0.151182 -0.580205
v 0.814123 -0.152289 -0.560000
v -0.815352 -0.130165 -0.563761
v 0.819676 -0.120000 -0.560000
v -0.814069 -0.086799 -0.574069
v -0.829561 -0.073796 -0.553291
v 0.823456 -0.088818 -0.560000
v -0.815942 -0.047809 -0.575942
v -0.837838 -0.029467 -0.544595
v 0.826956 -0.046773 -0.560000
v -0.816727 -0.008306 -0.576727
v -0.837961 0.010425 -0.545097
v 0.828282 -0.005932 -0.560000
v -0.816382 0.031751 -0.576382
v -0.835477 0.042804 -0.547532
v 0.827612 0.033882 -0.560000
v -0.814858 0.072413 -0.574858
v -0.828578 0.087187 -0.552714
v 0.825082 0.072809 -0.560000
v -0.812091 0.113736 -0.572091
v -0.823421 0.123387 -0.553583
v 0.821922 0.101922 -0.560000
v 0.818264 0.128426 -0.560000
v -0.809638 0.153864 -0.566107
v 0.800000 0.136279 -0.583721
v 0.800000 0.160000 -0.578045
v 0.811688 0.165276 -0.560000
v -0.800702 0.195709 -0.565900
v -0.784115 0.208659 -0.584115
v 0.802490 0.207997 -0.558763
v -0.797076 0.241964 -0.553043
v -0.779094 0.240000 -0.579094
v 0.786741 0.226741 -0.573259
v 0.795477 0.237249 -0.557428
v -0.772704 0.272992 -0.572705
v -0.782975 0.283873 -0.553153
v 0.784813 0.264813 -0.560000
v 0.776956 0.287135 -0.560000
v -0.760810 0.313816 -0.567666
v 0.760000 0.308526 -0.571473
v 0.763377 0.326305 -0.557109
v -0.739788 0.340212 -0.579788
v -0.754414 0.362852 -0.546578
v -0.734788 0.360000 -0.574788
v 0.739299 0.339299 -0.580701
v 0.750530 0.350530 -0.560000
v 0.741721 0.368681 -0.560000
v -0.722338 0.398520 -0.564950
v -0.720000 0.379960 -0.580040
v 0.720000 0.379961 -0.580039
v 0.722411 0.406861 -0.558806
v -0.694965 0.431078 -0.574965
v -0.704801 0.448129 -0.549338
v 0.696400 0.416400 -0.583600
v 0.708756 0.428756 -0.560000
v 0.697580 0.446653 -0.560000
v -0.678246 0.480697 -0.555610
v -0.658956 0.480000 -0.578956
v 0.677883 0.474731 -0.561101
v -0.641732 0.519279 -0.564211
v -0.660033 0.499967 -0.560000
v -0.623568 0.520000 -0.583568
v 0.641873 0.524557 -0.559122
v 0.660232 0.500232 -0.560000
v -0.603780 0.558247 -0.568692
v -0.585733 0.560000 -0.585733
v 0.603779 0.568692 -0.558247
v 0.624361 0.544361 -0.560000
v -0.564180 0.597869 -0.569048
v -0.545211 0.600000 -0.585211
v 0.563824 0.608337 -0.558247
v 0.585733 0.585733 -0.560000
v -0.522352 0.638693 -0.564764
v -0.501697 0.640000 -0.581697
v 0.521940 0.644019 -0.559122
v 0.544361 0.624361 -0.560000
v -0.476521 0.682355 -0.554017
v -0.499968 0.660032 -0.560000
v -0.454807 0.680000 -0.574807
v 0.477751 0.675787 -0.561101
v 0.500232 0.660232 -0.560000
v -0.440000 0.701853 -0.560000
v -0.413386 0.706613 -0.573386
v -0.395524 0.725926 -0.562249
v -0.380192 0.720000 -0.580192
v 0.379961 0.720000 -0.580039
v 0.402668 0.724806 -0.558806
v 0.416400 0.696400 -0.583600
v 0.428756 0.708756 -0.560000
v 0.446653 0.697580 -0.560000
v -0.360000 0.746081 -0.560000
v -0.337813 0.742187 -0.577813
v -0.317157 0.765162 -0.559942
v -0.297445 0.760000 -0.577445
v 0.315437 0.761918 -0.565214
v 0.339299 0.739299 -0.580701
v 0.350530 0.750530 -0.560000
v 0.368681 0.741721 -0.560000
v -0.280000 0.779643 -0.560000
v -0.239034 0.796442 -0.555076
v -0.198182 0.804085 -0.560212
v -0.173820 0.800000 -0.573820
v -0.151182 0.800000 -0.580205
v 0.136279 0.800000 -0.583721
v 0.160000 0.800000 -0.578045
v 0.198716 0.806733 -0.555960
v 0.226741 0.786741 -0.573259
v 0.237249 0.795477 -0.557428
v 0.264813 0.784813 -0.560000
v 0.287135 0.776956 -0.560000
v -0.152289 0.814123 -0.560000
v -0.120000 0.819676 -0.560000
v -0.088818 0.823456 -0.560000
v -0.046773 0.826956 -0.560000
v -0.005932 0.828282 -0.560000
v 0.033882 0.827612 -0.560000
v 0.072809 0.825082 -0.560000
v 0.128426 0.818264 -0.560000
v 0.101922 0.821922 -0.560000
v 0.165276 0.811688 -0.560000
v -0.122890 -0.841899 -0.525265
v -0.159826 -0.839687 -0.518989
v -0.085551 -0.843536 -0.529874
v -0.045466 -0.849157 -0.525969
v -0.058786 -0.840000 -0.538786
v -0.006043 -0.849996 -0.526508
v 0.034169 -0.849522 -0.526190
v 0.073019 -0.843825 -0.531189
v 0.115911 -0.842137 -0.526369
v 0.161479 -0.839622 -0.518500
v -0.282877 -0.802147 -0.525699
v -0.307703 -0.798768 -0.516627
v -0.250491 -0.810679 -0.528734
v -0.215996 -0.815996 -0.535996
v -0.195298 -0.836868 -0.511073
v -0.190544 -0.819796 -0.539796
v -0.152675 -0.824572 -0.544572
v -0.120000 -0.827882 -0.547882
v 0.169374 -0.822524 -0.542524
v 0.202612 -0.836046 -0.509523
v 0.200000 -0.818505 -0.538505
v 0.232879 -0.813115 -0.533115
v 0.243911 -0.822803 -0.512965
v 0.275471 -0.805858 -0.523774
v 0.259944 -0.800000 -0.540056
v -0.368621 -0.764701 -0.528210
v -0.399493 -0.758341 -0.514955
v -0.335248 -0.775248 -0.535248
v -0.311518 -0.781043 -0.541043
v 0.322579 -0.796304 -0.511358
v 0.320000 -0.779051 -0.539051
v 0.354206 -0.772849 -0.526036
v 0.405187 -0.753925 -0.516707
v -0.467424 -0.718130 -0.515189
v -0.415376 -0.735376 -0.535376
v -0.392448 -0.742576 -0.542576
v 0.400000 -0.740256 -0.540256
v 0.437409 -0.724970 -0.531668
v 0.459222 -0.720000 -0.520000
v -0.487774 -0.690835 -0.533364
v -0.519822 -0.679285 -0.517971
v -0.461986 -0.701986 -0.541986
v 0.483397 -0.713924 -0.506073
v 0.480000 -0.695069 -0.535069
v 0.524504 -0.675154 -0.518358
v -0.560336 -0.641452 -0.523879
v -0.527285 -0.657738 -0.537738
v -0.543785 -0.663785 -0.513331
v 0.520000 -0.660907 -0.540907
v 0.557896 -0.643440 -0.523881
v -0.600490 -0.602269 -0.525843
v -0.576425 -0.616425 -0.536425
v -0.583871 -0.633022 -0.507979
v 0.560000 -0.624361 -0.544361
v 0.596313 -0.605720 -0.526352
v -0.640319 -0.561583 -0.523920
v -0.616425 -0.576425 -0.536425
v -0.624205 -0.593023 -0.508313
v -0.600000 -0.585212 -0.545211
v 0.600000 -0.585211 -0.545211
v 0.637080 -0.564304 -0.524703
v -0.647285 -0.538872 -0.538872
v -0.663785 -0.543785 -0.513331
v -0.679841 -0.519132 -0.517923
v -0.660907 -0.520000 -0.540907
v 0.640000 -0.543175 -0.543175
v 0.680119 -0.517738 -0.518520
v -0.687067 -0.492249 -0.534071
v -0.719065 -0.466670 -0.514553
v 0.680000 -0.497897 -0.537897
v 0.716603 -0.467147 -0.517536
v -0.701986 -0.461986 -0.541986
v 0.726007 -0.444468 -0.524468
v 0.720000 -0.433419 -0.541619
v -0.735376 -0.415376 -0.535376
v -0.759614 -0.397369 -0.514666
v -0.742576 -0.392448 -0.542576
v 0.756555 -0.400220 -0.516771
v 0.740040 -0.400000 -0.539960
v -0.764701 -0.368621 -0.528210
v 0.760000 -0.372329 -0.532329
v 0.760000 -0.354165 -0.544589
v 0.774502 -0.360000 -0.520000
v -0.775248 -0.335248 -0.535248
v -0.799384 -0.307053 -0.516038
v -0.781043 -0.311518 -0.541043
v 0.795371 -0.319668 -0.514462
v -0.801073 -0.283973 -0.526691
v 0.802953 -0.282029 -0.524686
v -0.810679 -0.250491 -0.528734
v 0.800000 -0.260160 -0.540160
v 0.819676 -0.240000 -0.520000
v -0.815996 -0.215996 -0.535996
v -0.838434 -0.193280 -0.509179
v -0.819796 -0.190544 -0.539796
v 0.830978 -0.206613 -0.516024
v -0.839921 -0.158933 -0.518848
v -0.824572 -0.152675 -0.544572
v 0.835558 -0.163674 -0.523992
v -0.840950 -0.124122 -0.526430
v -0.827882 -0.120000 -0.547882
v 0.844502 -0.122769 -0.520779
v -0.841768 -0.087975 -0.532186
v 0.840000 -0.093865 -0.533865
v 0.848154 -0.074437 -0.524100
v -0.849157 -0.045466 -0.525969
v -0.840000 -0.058786 -0.538786
v 0.840000 -0.058786 -0.538786
v 0.840000 -0.030770 -0.541194
v 0.853327 -0.033259 -0.520000
v -0.849996 -0.006043 -0.526508
v 0.840000 0.009179 -0.541985
v 0.853951 0.006897 -0.520000
v -0.849522 0.034169 -0.526190
v 0.840000 0.040000 -0.540848
v 0.852751 0.046164 -0.520000
v -0.841913 0.069599 -0.534555
v 0.840000 0.061572 -0.538428
v 0.847241 0.084650 -0.524100
v -0.841069 0.113839 -0.528422
v 0.840000 0.109022 -0.530978
v 0.849149 0.125446 -0.512375
v -0.839824 0.161278 -0.518239
v -0.822524 0.169374 -0.542524
v 0.839309 0.156962 -0.520315
v -0.836046 0.202612 -0.509523
v -0.818505 0.200000 -0.538505
v 0.833656 0.196065 -0.516024
v 0.822699 0.182699 -0.537301
v -0.813115 0.232879 -0.533115
v -0.822803 0.243911 -0.512965
v 0.824047 0.224047 -0.520000
v 0.817345 0.247508 -0.520000
v -0.806170 0.274895 -0.523525
v -0.800000 0.259944 -0.540056
v 0.800000 0.259945 -0.540055
v 0.803349 0.292279 -0.518374
v -0.796304 0.322579 -0.511358
v -0.779051 0.320000 -0.539051
v 0.791652 0.312665 -0.524292
v -0.772849 0.354206 -0.526036
v 0.760000 0.360000 -0.540848
v 0.782365 0.342365 -0.520000
v 0.772162 0.364911 -0.520000
v -0.752813 0.406496 -0.517218
v -0.740256 0.400000 -0.540256
v 0.757522 0.392621 -0.521212
v 0.740039 0.400000 -0.539961
v -0.724970 0.437409 -0.531668
v 0.720000 0.440000 -0.536400
v 0.742299 0.422299 -0.520000
v 0.725609 0.453718 -0.516827
v -0.720000 0.459222 -0.520000
v -0.713924 0.483397 -0.506073
v -0.695069 0.480000 -0.535069
v 0.704634 0.464634 -0.535366
v 0.706432 0.479829 -0.520000
v -0.678287 0.521370 -0.517609
v -0.660907 0.520000 -0.540907
v 0.677539 0.517693 -0.522203
v -0.641873 0.559122 -0.524557
v -0.624361 0.560000 -0.544361
v 0.641732 0.564211 -0.519279
v 0.660907 0.540907 -0.520000
v -0.603104 0.598401 -0.527097
v -0.585211 0.600000 -0.545211
v 0.602625 0.606045 -0.518919
v 0.623568 0.583567 -0.520000
v -0.562326 0.638693 -0.524968
v -0.543175 0.640000 -0.543175
v 0.561773 0.643877 -0.519279
v 0.583567 0.623568 -0.520000
v -0.525894 0.673138 -0.519327
v -0.497897 0.680000 -0.537897
v 0.519498 0.672342 -0.526876
v 0.540907 0.660907 -0.520000
v -0.467147 0.716603 -0.517536
v -0.444468 0.726007 -0.524468
v -0.433419 0.720000 -0.541619
v 0.440000 0.720000 -0.536400
v 0.464634 0.704634 -0.535366
v 0.479829 0.706432 -0.520000
v 0.446510 0.730114 -0.516827
v -0.405009 0.753444 -0.517457
v -0.400000 0.740040 -0.539960
v -0.372329 0.760000 -0.532329
v -0.354165 0.760000 -0.544589
v 0.360000 0.760000 -0.540848
v 0.397201 0.755187 -0.521212
v 0.400000 0.740039 -0.539961
v 0.422299 0.742299 -0.520000
v -0.360000 0.774502 -0.520000
v -0.319668 0.795371 -0.514462
v -0.276974 0.805474 -0.523458
v -0.260160 0.800000 -0.540160
v 0.259945 0.800000 -0.540055
v 0.285257 0.804647 -0.520334
v 0.312665 0.791652 -0.524292
v 0.320000 0.773375 -0.546625
v 0.342365 0.782365 -0.520000
v 0.364911 0.772162 -0.520000
v -0.240000 0.819676 -0.520000
v -0.206613 0.830978 -0.516024
v -0.164176 0.835504 -0.523936
v -0.121970 0.842307 -0.524689
v -0.093865 0.840000 -0.533865
v -0.074437 0.848154 -0.524100
v -0.058786 0.840000 -0.538786
v -0.030770 0.840000 -0.541194
v 0.009179 0.840000 -0.541985
v 0.040000 0.840000 -0.540848
v 0.061572 0.840000 -0.538428
v 0.084650 0.847241 -0.524100
v 0.115732 0.841928 -0.526609
v 0.160389 0.838315 -0.520893
v 0.182699 0.822699 -0.537301
v 0.196065 0.833656 -0.516024
v 0.224047 0.824047 -0.520000
v 0.247508 0.817345 -0.520000
v -0.033259 0.853327 -0.520000
v 0.006897 0.853951 -0.520000
v 0.046164 0.852751 -0.520000
v -0.240499 -0.841248 -0.484090
v -0.211055 -0.844660 -0.491476
v -0.167849 -0.855031 -0.490364
v -0.153032 -0.868020 -0.472085
v -0.128412 -0.857664 -0.497664
v -0.114609 -0.878078 -0.464084
v -0.100018 -0.860018 -0.500018
v -0.075965 -0.877718 -0.472798
v -0.071127 -0.861851 -0.501851
v -0.037542 -0.878671 -0.475744
v -0.031729 -0.863334 -0.503334
v 0.001979 -0.878981 -0.476682
v 0.008227 -0.863670 -0.503670
v 0.042853 -0.878610 -0.475372
v 0.048794 -0.862810 -0.502810
v 0.085449 -0.877504 -0.471465
v 0.080000 -0.861448 -0.501448
v 0.100065 -0.859935 -0.499935
v 0.122820 -0.875602 -0.466727
v 0.120000 -0.858505 -0.498505
v 0.152015 -0.855167 -0.495167
v 0.166564 -0.866235 -0.470612
v 0.192604 -0.851985 -0.486381
v 0.233108 -0.841558 -0.486806
v -0.360000 -0.800000 -0.480000
v -0.331317 -0.805570 -0.490748
v -0.296110 -0.816110 -0.496110
v -0.275982 -0.837226 -0.471813
v -0.271548 -0.821377 -0.501377
v -0.240000 -0.827504 -0.507504
v 0.282666 -0.836105 -0.469724
v 0.280000 -0.819658 -0.499658
v 0.313243 -0.812008 -0.492008
v 0.320000 -0.820993 -0.472621
v 0.360000 -0.800000 -0.480000
v -0.407293 -0.769259 -0.491959
v -0.387943 -0.794194 -0.467244
v -0.439902 -0.759664 -0.478918
v -0.379126 -0.779126 -0.499126
v -0.360000 -0.784620 -0.504620
v 0.391022 -0.775337 -0.495337
v 0.400000 -0.784312 -0.473978
v 0.441184 -0.758642 -0.479278
v -0.487460 -0.724411 -0.487172
v -0.518920 -0.715798 -0.466922
v -0.457272 -0.737272 -0.497272
v 0.440000 -0.743468 -0.503468
v 0.473264 -0.733676 -0.486902
v 0.500900 -0.720000 -0.480000
v -0.527713 -0.691018 -0.493609
v -0.559653 -0.678545 -0.475635
v -0.502924 -0.702924 -0.502924
v 0.523841 -0.713445 -0.464755
v 0.520000 -0.695559 -0.495559
v 0.562568 -0.676066 -0.475503
v -0.600000 -0.640000 -0.480000
v -0.566820 -0.656936 -0.496936
v -0.581877 -0.661877 -0.472398
v 0.560000 -0.660232 -0.500232
v 0.600000 -0.640000 -0.480000
v -0.640000 -0.600000 -0.480000
v -0.607285 -0.618467 -0.498467
v -0.622989 -0.622989 -0.472865
v 0.600000 -0.622365 -0.502365
v 0.640000 -0.600000 -0.480000
v -0.646820 -0.577668 -0.497668
v -0.661877 -0.581877 -0.472398
v -0.679680 -0.558324 -0.475560
v -0.660232 -0.560000 -0.500232
v 0.640000 -0.581697 -0.501697
v 0.685010 -0.553538 -0.473042
v 0.660032 -0.560000 -0.499968
v -0.687129 -0.532187 -0.494194
v -0.719060 -0.514675 -0.466543
v 0.680000 -0.537897 -0.497897
v 0.716603 -0.517536 -0.467147
v -0.724411 -0.487460 -0.487172
v -0.702924 -0.502924 -0.502924
v 0.720000 -0.500900 -0.480000
v 0.720000 -0.485276 -0.495726
v 0.734188 -0.480000 -0.480000
v -0.737272 -0.457272 -0.497272
v -0.759923 -0.439500 -0.478865
v 0.763385 -0.435931 -0.476144
v -0.766079 -0.411686 -0.493172
v -0.794194 -0.387943 -0.467244
v 0.760000 -0.417572 -0.497572
v 0.780669 -0.400000 -0.480000
v -0.800000 -0.360000 -0.480000
v -0.779126 -0.379126 -0.499126
v -0.784620 -0.360000 -0.504620
v 0.800000 -0.360000 -0.480000
v -0.805570 -0.331317 -0.490748
v 0.800000 -0.336352 -0.496352
v 0.816744 -0.320000 -0.480000
v -0.816110 -0.296110 -0.496110
v -0.838613 -0.274282 -0.470252
v -0.821377 -0.271548 -0.501377
v 0.835478 -0.278492 -0.473109
v 0.817562 -0.280000 -0.502438
v -0.840307 -0.242784 -0.484496
v -0.827504 -0.240000 -0.507504
v 0.842762 -0.241888 -0.480524
v -0.844660 -0.211055 -0.491476
v 0.840000 -0.216806 -0.496806
v 0.855945 -0.191110 -0.480000
v -0.855031 -0.167849 -0.490364
v -0.868020 -0.153032 -0.472085
v 0.840000 -0.188349 -0.508349
v 0.862495 -0.160000 -0.480000
v -0.857664 -0.128412 -0.497664
v -0.878078 -0.110351 -0.465020
v 0.867886 -0.126603 -0.480000
v -0.860018 -0.100018 -0.500018
v -0.878859 -0.073975 -0.470880
v -0.861851 -0.071127 -0.501851
v 0.877379 -0.076475 -0.473144
v 0.858512 -0.101488 -0.501488
v 0.864512 -0.080000 -0.495488
v -0.879335 -0.036291 -0.474529
v -0.863334 -0.031729 -0.503334
v 0.873224 -0.043903 -0.484546
v -0.879491 0.003019 -0.475664
v -0.863670 0.008227 -0.503670
v 0.875400 -0.002332 -0.482823
v -0.879305 0.044407 -0.473843
v -0.862810 0.048794 -0.502810
v 0.874372 0.037578 -0.483087
v -0.878752 0.088532 -0.468413
v -0.861448 0.080000 -0.501448
v 0.875400 0.077004 -0.476976
v 0.865627 0.073370 -0.494373
v -0.859935 0.100065 -0.499935
v -0.875602 0.122820 -0.466727
v -0.858505 0.120000 -0.498505
v 0.869561 0.115073 -0.480000
v 0.859222 0.099222 -0.500778
v -0.855167 0.152015 -0.495167
v -0.866235 0.166564 -0.470612
v 0.864989 0.144989 -0.480000
v 0.860581 0.169334 -0.480000
v -0.851985 0.192604 -0.486381
v 0.852696 0.205641 -0.480000
v -0.840726 0.233940 -0.487859
v 0.841879 0.246058 -0.479806
v -0.836105 0.282666 -0.469724
v -0.819658 0.280000 -0.499658
v 0.822624 0.273843 -0.497376
v 0.834561 0.276727 -0.476109
v -0.812008 0.313243 -0.492008
v -0.820993 0.320000 -0.472621
v 0.823077 0.303077 -0.480000
v 0.814329 0.325957 -0.480000
v -0.800000 0.360000 -0.480000
v 0.800000 0.360000 -0.480000
v -0.775337 0.391022 -0.495337
v -0.784312 0.400000 -0.473978
v 0.787102 0.387102 -0.480000
v 0.777098 0.377098 -0.502902
v 0.777107 0.406772 -0.480000
v -0.759441 0.440385 -0.478791
v -0.743468 0.440000 -0.503468
v 0.759210 0.438714 -0.480660
v -0.733676 0.473264 -0.486902
v 0.720000 0.480000 -0.500900
v 0.744231 0.464231 -0.480000
v 0.726210 0.494886 -0.476632
v -0.720000 0.500900 -0.480000
v -0.713445 0.523841 -0.464755
v -0.695559 0.520000 -0.495559
v 0.706430 0.513129 -0.486794
v -0.677883 0.561101 -0.474731
v -0.660232 0.560000 -0.500232
v 0.678246 0.555610 -0.480697
v 0.660031 0.560000 -0.499969
v -0.640000 0.600000 -0.480000
v -0.622365 0.600000 -0.502365
v 0.640000 0.599999 -0.480001
v 0.658956 0.578956 -0.480000
v -0.600000 0.640000 -0.480000
v -0.581697 0.640000 -0.501697
v 0.600000 0.639999 -0.480001
v 0.620248 0.620248 -0.480000
v -0.556586 0.682355 -0.473501
v -0.560000 0.660032 -0.499968
v -0.537897 0.680000 -0.497897
v 0.558179 0.676150 -0.480697
v 0.560000 0.660031 -0.499969
v 0.578956 0.658956 -0.480000
v -0.520000 0.706412 -0.480000
v -0.505523 0.720000 -0.475073
v -0.485276 0.720000 -0.495726
v 0.480000 0.720000 -0.500900
v 0.513129 0.706430 -0.486794
v 0.494886 0.726210 -0.476632
v -0.480000 0.734188 -0.480000
v -0.440365 0.759353 -0.478750
v -0.417572 0.760000 -0.497572
v 0.439749 0.757882 -0.481755
v 0.464231 0.744231 -0.480000
v -0.400000 0.780669 -0.480000
v -0.360000 0.800000 -0.480000
v -0.336352 0.800000 -0.496352
v 0.360001 0.799999 -0.480000
v 0.377098 0.777098 -0.502902
v 0.387102 0.787102 -0.480000
v 0.406772 0.777107 -0.480000
v -0.320000 0.816744 -0.480000
v -0.278492 0.835478 -0.473109
v -0.280000 0.817562 -0.502438
v -0.238125 0.843652 -0.480874
v -0.216806 0.840000 -0.496806
v -0.188349 0.840000 -0.508349
v 0.237722 0.844895 -0.478638
v 0.273843 0.822624 -0.497376
v 0.276727 0.834561 -0.476109
v 0.303077 0.823077 -0.480000
v 0.325957 0.814329 -0.480000
v -0.191110 0.855945 -0.480000
v -0.160000 0.862495 -0.480000
v -0.126603 0.867886 -0.480000
v -0.110744 0.855954 -0.504045
v -0.076475 0.877379 -0.473144
v -0.080000 0.864512 -0.495488
v -0.044730 0.872119 -0.486478
v -0.003009 0.874572 -0.484328
v 0.036585 0.873267 -0.485186
v 0.073370 0.865627 -0.494373
v 0.077004 0.875400 -0.476976
v 0.099222 0.859222 -0.500778
v 0.115073 0.869561 -0.480000
v 0.124836 0.851534 -0.508466
v 0.144989 0.864989 -0.480000
v 0.169334 0.860581 -0.480000
v 0.205641 0.852696 -0.480000
v -0.160617 -0.881235 -0.444399
v -0.129430 -0.883487 -0.449719
v -0.086104 -0.890303 -0.446883
v -0.046735 -0.892432 -0.448428
v -0.036183 -0.900840 -0.432307
v -0.007348 -0.893342 -0.448949
v 0.003784 -0.901468 -0.432490
v 0.032749 -0.892947 -0.448586
v 0.044066 -0.900591 -0.432058
v 0.073057 -0.891142 -0.447420
v 0.115046 -0.887847 -0.445217
v 0.154051 -0.881411 -0.446064
v -0.289827 -0.844293 -0.450295
v -0.319882 -0.839680 -0.438833
v -0.248366 -0.856675 -0.451797
v -0.234377 -0.870086 -0.433385
v -0.220048 -0.860048 -0.460048
v -0.197449 -0.878431 -0.434938
v -0.192675 -0.864320 -0.464320
v 0.201311 -0.878021 -0.433963
v 0.220144 -0.859856 -0.459856
v 0.253700 -0.863234 -0.435681
v 0.240000 -0.856618 -0.456618
v 0.274635 -0.851942 -0.445296
v 0.325377 -0.839521 -0.434690
v -0.400398 -0.801297 -0.444381
v -0.366727 -0.814031 -0.450141
v -0.354030 -0.829003 -0.432705
v -0.340077 -0.820077 -0.460077
v -0.320000 -0.825242 -0.465242
v 0.340238 -0.819762 -0.459762
v 0.368288 -0.824511 -0.428860
v 0.360000 -0.814609 -0.454609
v 0.396602 -0.804081 -0.442564
v -0.447957 -0.770338 -0.453364
v -0.429246 -0.794788 -0.428550
v -0.479905 -0.759659 -0.438830
v -0.421055 -0.781055 -0.461055
v 0.418373 -0.781627 -0.461627
v 0.440000 -0.785791 -0.434432
v 0.440000 -0.774419 -0.454419
v 0.481374 -0.758455 -0.439200
v -0.525984 -0.723799 -0.446332
v -0.543656 -0.717476 -0.435070
v -0.488636 -0.740752 -0.460752
v 0.507308 -0.732692 -0.452692
v 0.524100 -0.727876 -0.441869
v -0.566334 -0.689285 -0.451476
v -0.599149 -0.676289 -0.428162
v -0.541986 -0.701986 -0.461986
v 0.560000 -0.705305 -0.434378
v 0.560000 -0.693306 -0.453306
v 0.598289 -0.676680 -0.428699
v -0.607493 -0.651504 -0.453990
v -0.639339 -0.636898 -0.430488
v 0.600000 -0.656645 -0.456645
v 0.638722 -0.635700 -0.433188
v -0.647343 -0.611805 -0.454140
v -0.679194 -0.595931 -0.428031
v 0.640000 -0.617248 -0.457248
v 0.678499 -0.596321 -0.428550
v -0.685959 -0.570036 -0.451852
v -0.725046 -0.526921 -0.443110
v 0.680000 -0.574807 -0.454807
v 0.701853 -0.560000 -0.440000
v -0.701986 -0.541986 -0.461986
v 0.720000 -0.541619 -0.433419
v 0.726007 -0.524468 -0.444468
v -0.740752 -0.488636 -0.460752
v -0.759922 -0.479521 -0.438781
v 0.763414 -0.475964 -0.436079
v -0.773467 -0.446257 -0.449862
v -0.794788 -0.429246 -0.428550
v -0.760000 -0.459314 -0.459314
v 0.760000 -0.459314 -0.459314
v 0.782718 -0.440000 -0.440000
v -0.800304 -0.402045 -0.444630
v -0.781055 -0.421055 -0.461055
v 0.803052 -0.401171 -0.440272
v -0.814031 -0.366727 -0.450141
v -0.829003 -0.354030 -0.432705
v 0.800000 -0.382071 -0.462071
v 0.822601 -0.360000 -0.440000
v -0.820077 -0.340077 -0.460077
v -0.839923 -0.319352 -0.438731
v -0.825242 -0.320000 -0.465242
v 0.839212 -0.319576 -0.439886
v -0.844293 -0.289827 -0.450295
v 0.840000 -0.294878 -0.454878
v 0.855979 -0.270607 -0.440000
v -0.856675 -0.248366 -0.451797
v -0.870086 -0.234377 -0.433385
v 0.865278 -0.240000 -0.440000
v -0.860048 -0.220048 -0.460048
v -0.879608 -0.187032 -0.436906
v -0.864320 -0.192675 -0.464320
v 0.876456 -0.197473 -0.438594
v 0.857812 -0.222188 -0.462188
v -0.880625 -0.162889 -0.444698
v 0.885893 -0.156546 -0.435913
v -0.883487 -0.129430 -0.449719
v 0.880000 -0.134777 -0.454777
v 0.880000 -0.111483 -0.461094
v 0.890518 -0.114437 -0.440000
v -0.890303 -0.086104 -0.446883
v 0.894891 -0.072302 -0.440000
v -0.892432 -0.046735 -0.448428
v -0.900840 -0.036183 -0.432307
v 0.897254 -0.031278 -0.440000
v -0.893342 -0.007348 -0.448949
v -0.901468 0.003784 -0.432490
v 0.897763 0.008786 -0.440000
v -0.892947 0.032749 -0.448586
v -0.900591 0.044066 -0.432058
v 0.896540 0.048008 -0.440000
v -0.891142 0.073057 -0.447420
v 0.893679 0.086486 -0.440000
v -0.887847 0.115046 -0.445217
v 0.880000 0.095488 -0.464512
v 0.880000 0.120000 -0.459222
v 0.895104 0.124651 -0.427209
v -0.880676 0.154786 -0.447262
v 0.881797 0.168970 -0.439719
v -0.878021 0.201311 -0.433963
v 0.873342 0.196113 -0.445309
v -0.859856 0.220144 -0.459856
v -0.863234 0.253700 -0.435681
v -0.856618 0.240000 -0.456618
v 0.866804 0.234165 -0.440000
v 0.859478 0.219478 -0.460522
v -0.851942 0.274635 -0.445296
v 0.859509 0.259509 -0.440000
v 0.853386 0.290092 -0.432363
v -0.839785 0.325113 -0.434385
v 0.839526 0.319602 -0.439159
v -0.819762 0.340238 -0.459762
v -0.824511 0.368288 -0.428860
v -0.814609 0.360000 -0.454609
v 0.827786 0.347786 -0.440000
v 0.819568 0.339568 -0.460432
v 0.819080 0.367779 -0.440000
v -0.801805 0.398879 -0.444728
v 0.802285 0.404990 -0.438223
v -0.781627 0.418373 -0.461627
v -0.785791 0.440000 -0.434432
v -0.774419 0.440000 -0.454419
v 0.781768 0.421768 -0.458232
v 0.788863 0.428863 -0.440000
v 0.778568 0.447209 -0.440000
v -0.759376 0.480453 -0.438672
v 0.759304 0.478831 -0.440563
v -0.731218 0.513654 -0.448215
v 0.720000 0.520000 -0.459222
v 0.743468 0.503468 -0.440000
v 0.724970 0.531668 -0.437409
v -0.720000 0.536400 -0.440000
v -0.705305 0.560000 -0.434378
v -0.693306 0.560000 -0.453306
v 0.706805 0.546805 -0.448130
v 0.698409 0.567482 -0.435539
v -0.676680 0.598289 -0.428699
v -0.656645 0.600000 -0.456645
v 0.674339 0.590745 -0.442534
v -0.637211 0.638722 -0.430910
v -0.617248 0.640000 -0.457248
v 0.636704 0.632230 -0.441078
v -0.596321 0.678499 -0.428550
v -0.574807 0.680000 -0.454807
v 0.589931 0.673353 -0.445068
v 0.607304 0.661300 -0.440000
v -0.560000 0.701853 -0.440000
v -0.541619 0.720000 -0.433419
v -0.522234 0.723004 -0.451845
v 0.520000 0.720000 -0.459222
v 0.546805 0.706805 -0.448130
v 0.567482 0.698409 -0.435539
v 0.525518 0.729475 -0.437409
v -0.480606 0.759145 -0.438679
v -0.459314 0.760000 -0.459314
v 0.479772 0.758138 -0.441496
v 0.503468 0.743468 -0.440000
v -0.440000 0.782718 -0.440000
v -0.396808 0.804792 -0.440977
v -0.382071 0.800000 -0.462071
v 0.400899 0.805675 -0.435699
v 0.421768 0.781768 -0.458232
v 0.428863 0.788863 -0.440000
v 0.447209 0.778568 -0.440000
v -0.360000 0.822601 -0.440000
v -0.320674 0.838868 -0.439735
v -0.294878 0.840000 -0.454878
v 0.322360 0.838679 -0.438651
v 0.339568 0.819568 -0.460432
v 0.347786 0.827786 -0.440000
v 0.367779 0.819080 -0.440000
v -0.270607 0.855979 -0.440000
v -0.240000 0.865278 -0.440000
v -0.222188 0.857812 -0.462188
v -0.199123 0.873971 -0.442729
v -0.154640 0.886273 -0.435884
v -0.134777 0.880000 -0.454777
v -0.111483 0.880000 -0.461094
v 0.095488 0.880000 -0.464512
v 0.120000 0.880000 -0.459222
v 0.158167 0.884212 -0.438955
v 0.196113 0.873342 -0.445309
v 0.219478 0.859478 -0.460522
v 0.234165 0.866804 -0.440000
v 0.259509 0.859509 -0.440000
v 0.290092 0.853386 -0.432363
v -0.114437 0.890518 -0.440000
v -0.072302 0.894891 -0.440000
v -0.031278 0.897254 -0.440000
v 0.008786 0.897763 -0.440000
v 0.048008 0.896540 -0.440000
v 0.086486 0.893679 -0.440000
v 0.124651 0.895104 -0.427209
v -0.240645 -0.881558 -0.405917
v -0.208611 -0.887849 -0.409632
v -0.168083 -0.895782 -0.411099
v -0.152584 -0.907315 -0.391413
v -0.137821 -0.897821 -0.417821
v -0.115037 -0.911622 -0.394329
v -0.110565 -0.900393 -0.420393
v -0.074809 -0.917376 -0.390416
v -0.071729 -0.903072 -0.423072
v -0.036498 -0.918328 -0.393767
v 0.003053 -0.918634 -0.394773
v 0.044205 -0.918252 -0.393090
v 0.081821 -0.917130 -0.389678
v 0.089386 -0.901956 -0.421956
v 0.126173 -0.910412 -0.393531
v 0.120000 -0.899658 -0.419658
v 0.151411 -0.896289 -0.416289
v 0.174625 -0.901640 -0.394880
v 0.194295 -0.890649 -0.410649
v 0.200000 -0.898258 -0.391065
v 0.237141 -0.883870 -0.402841
v 0.219960 -0.880000 -0.420040
v -0.360319 -0.840958 -0.403546
v -0.330362 -0.850324 -0.409054
v -0.298033 -0.858033 -0.418033
v -0.276137 -0.877523 -0.391664
v -0.272613 -0.863678 -0.423678
v 0.282384 -0.876527 -0.389310
v 0.311742 -0.854617 -0.414617
v 0.320000 -0.862085 -0.392697
v 0.357736 -0.842792 -0.401898
v -0.440386 -0.801316 -0.404732
v -0.412324 -0.812324 -0.412324
v -0.389025 -0.835097 -0.388371
v -0.419209 -0.819209 -0.391026
v -0.391026 -0.819209 -0.419209
v 0.408129 -0.825388 -0.389252
v 0.400000 -0.816367 -0.416367
v 0.436226 -0.804446 -0.402789
v -0.487189 -0.769569 -0.412372
v -0.467997 -0.794140 -0.387137
v -0.519538 -0.758260 -0.393603
v -0.461055 -0.781055 -0.421055
v 0.458231 -0.781769 -0.421769
v 0.480000 -0.783886 -0.393551
v 0.480000 -0.773545 -0.413545
v 0.522919 -0.755377 -0.394403
v -0.560433 -0.721761 -0.405948
v -0.535376 -0.735376 -0.415376
v -0.542576 -0.742576 -0.392448
v 0.520000 -0.742299 -0.422299
v 0.557176 -0.724481 -0.405337
v 0.539960 -0.740040 -0.400000
v -0.605538 -0.685813 -0.403357
v -0.579162 -0.699162 -0.419162
v 0.583599 -0.696400 -0.416400
v 0.603577 -0.687171 -0.403998
v -0.646582 -0.646856 -0.403965
v -0.621046 -0.661046 -0.421046
v 0.617301 -0.662699 -0.422699
v 0.640000 -0.660348 -0.392407
v 0.640000 -0.649786 -0.409786
v 0.655883 -0.640000 -0.400000
v -0.685490 -0.606302 -0.402738
v -0.661046 -0.621046 -0.421046
v 0.656768 -0.623232 -0.423232
v 0.680000 -0.619250 -0.392096
v 0.686346 -0.604299 -0.404299
v -0.720392 -0.562085 -0.406069
v -0.699162 -0.579162 -0.419162
v 0.706613 -0.573386 -0.413386
v 0.723134 -0.562471 -0.400441
v -0.735376 -0.535376 -0.415376
v -0.742576 -0.542576 -0.392448
v -0.759609 -0.517691 -0.393390
v 0.740040 -0.539960 -0.400000
v 0.759333 -0.516771 -0.395146
v 0.747555 -0.520000 -0.412445
v -0.766183 -0.491582 -0.413379
v -0.794140 -0.467997 -0.387137
v 0.760000 -0.497572 -0.417572
v 0.780669 -0.480000 -0.400000
v -0.800306 -0.441961 -0.404963
v -0.781055 -0.461055 -0.421055
v 0.802961 -0.441059 -0.400495
v -0.812324 -0.412324 -0.412324
v -0.819209 -0.419209 -0.391026
v -0.835097 -0.389025 -0.388371
v -0.819209 -0.391026 -0.419209
v 0.800000 -0.423972 -0.423972
v 0.824547 -0.400000 -0.400000
v -0.840228 -0.361680 -0.403792
v 0.841931 -0.361138 -0.400621
v -0.850324 -0.330362 -0.409054
v 0.840000 -0.341204 -0.421204
v 0.858775 -0.320000 -0.400000
v -0.858033 -0.298033 -0.418033
v -0.878762 -0.274355 -0.390022
v -0.863678 -0.272613 -0.423678
v 0.876249 -0.277882 -0.392952
v 0.865536 -0.280000 -0.414464
v -0.880385 -0.243635 -0.406540
v 0.882824 -0.242713 -0.401635
v -0.887849 -0.208611 -0.409632
v 0.880000 -0.220128 -0.420128
v 0.896153 -0.191040 -0.400000
v -0.895782 -0.168083 -0.411099
v -0.907315 -0.152584 -0.391413
v 0.902400 -0.160000 -0.400000
v -0.897821 -0.137821 -0.417821
v -0.911622 -0.115037 -0.394329
v -0.900393 -0.110565 -0.420393
v 0.907523 -0.126774 -0.400000
v 0.898428 -0.120000 -0.421572
v -0.918688 -0.071981 -0.387688
v -0.903072 -0.071729 -0.423072
v 0.910526 -0.081974 -0.404528
v 0.903231 -0.096769 -0.416769
v -0.919164 -0.034521 -0.391848
v 0.917073 -0.035616 -0.396443
v 0.910537 -0.049463 -0.409463
v -0.919317 0.004841 -0.393026
v 0.915388 -0.001466 -0.401807
v -0.919126 0.046769 -0.390570
v 0.913157 0.035497 -0.405381
v -0.917130 0.081821 -0.389678
v -0.901956 0.089386 -0.421956
v 0.909549 0.073299 -0.408145
v -0.910412 0.126173 -0.393531
v -0.899658 0.120000 -0.419658
v 0.909174 0.114878 -0.400000
v 0.902183 0.102183 -0.417817
v -0.896289 0.151411 -0.416289
v -0.901640 0.174625 -0.394880
v 0.904813 0.144813 -0.400000
v 0.900566 0.169366 -0.400000
v -0.890649 0.194295 -0.410649
v -0.898258 0.200000 -0.391065
v 0.892998 0.205805 -0.400000
v -0.881828 0.239183 -0.406107
v -0.880000 0.219960 -0.420040
v 0.880000 0.219961 -0.420038
v 0.882630 0.249235 -0.398031
v -0.876527 0.282384 -0.389310
v 0.869348 0.277039 -0.408445
v -0.854617 0.311742 -0.414617
v -0.862085 0.320000 -0.392697
v 0.864361 0.304361 -0.400000
v 0.856160 0.326772 -0.400000
v -0.841269 0.359258 -0.403767
v 0.841551 0.364010 -0.398841
v -0.825388 0.408129 -0.389252
v -0.816367 0.400000 -0.416367
v 0.826632 0.386632 -0.408130
v 0.820457 0.408183 -0.400000
v -0.801947 0.438726 -0.405155
v 0.802102 0.444567 -0.398421
v -0.781769 0.458231 -0.421769
v -0.783886 0.480000 -0.393551
v -0.773545 0.480000 -0.413545
v 0.781626 0.461626 -0.418374
v 0.787955 0.467955 -0.400000
v 0.778002 0.487668 -0.395511
v -0.757522 0.521211 -0.392622
v -0.742299 0.520000 -0.422299
v 0.756879 0.514633 -0.402430
v -0.722412 0.558806 -0.406862
v -0.740040 0.539960 -0.400000
v 0.722842 0.564756 -0.397822
v 0.740256 0.540256 -0.400000
v -0.696400 0.583599 -0.416400
v -0.687171 0.603577 -0.403998
v 0.680000 0.600000 -0.421036
v 0.705241 0.585241 -0.400000
v 0.684811 0.610378 -0.397626
v -0.662699 0.617301 -0.422699
v -0.660348 0.640000 -0.392407
v -0.649786 0.640000 -0.409786
v 0.661566 0.621566 -0.418434
v 0.667722 0.627722 -0.400000
v 0.645794 0.651750 -0.397197
v -0.640000 0.655883 -0.400000
v -0.623232 0.656768 -0.423232
v -0.606962 0.686346 -0.400174
v 0.600000 0.680000 -0.421036
v 0.621566 0.661566 -0.418434
v 0.627722 0.667722 -0.400000
v 0.605013 0.689571 -0.397626
v -0.573386 0.706613 -0.413386
v -0.560944 0.723134 -0.402509
v 0.560952 0.727687 -0.394175
v 0.585241 0.705241 -0.400000
v -0.518945 0.756555 -0.397318
v -0.539960 0.740040 -0.400000
v -0.497572 0.760000 -0.417572
v 0.518954 0.751645 -0.406497
v 0.540256 0.740256 -0.400000
v -0.480000 0.780669 -0.400000
v -0.436424 0.805065 -0.401233
v -0.423972 0.800000 -0.423972
v 0.440830 0.805263 -0.396126
v 0.461626 0.781626 -0.418374
v 0.467955 0.787955 -0.400000
v 0.487668 0.778002 -0.395511
v -0.400000 0.824547 -0.400000
v -0.358060 0.843047 -0.400999
v -0.341204 0.840000 -0.421204
v 0.360677 0.843707 -0.397305
v 0.386632 0.826632 -0.408130
v 0.408183 0.820457 -0.400000
v -0.320000 0.858775 -0.400000
v -0.277882 0.876249 -0.392952
v -0.280000 0.865536 -0.414464
v -0.237879 0.884085 -0.401798
v -0.220128 0.880000 -0.420128
v 0.219961 0.880000 -0.420038
v 0.241352 0.885876 -0.395772
v 0.277039 0.869348 -0.408445
v 0.304361 0.864361 -0.400000
v 0.326772 0.856160 -0.400000
v -0.191040 0.896153 -0.400000
v -0.160000 0.902400 -0.400000
v -0.126774 0.907523 -0.400000
v -0.120000 0.898428 -0.421572
v -0.096769 0.903231 -0.416769
v -0.081974 0.910526 -0.404528
v -0.043782 0.912771 -0.405230
v -0.002571 0.914562 -0.403739
v 0.037320 0.913560 -0.404153
v 0.073299 0.909549 -0.408145
v 0.102183 0.902183 -0.417817
v 0.114878 0.909174 -0.400000
v 0.144813 0.904813 -0.400000
v 0.169366 0.900566 -0.400000
v 0.205805 0.892998 -0.400000
v -0.123453 -0.921916 -0.366809
v -0.159812 -0.919687 -0.358587
v -0.084246 -0.927136 -0.364874
v -0.098429 -0.920000 -0.378429
v -0.045566 -0.929239 -0.366311
v -0.006152 -0.930087 -0.366888
v 0.034065 -0.929609 -0.366559
v 0.075170 -0.927720 -0.365266
v 0.114333 -0.922157 -0.368944
v 0.162725 -0.919626 -0.357210
v -0.288427 -0.883393 -0.368837
v -0.319508 -0.878719 -0.354384
v -0.246365 -0.893984 -0.373984
v -0.232519 -0.906877 -0.351037
v -0.259471 -0.899471 -0.351083
v -0.218965 -0.898965 -0.378965
v -0.202603 -0.921808 -0.329880
v -0.192196 -0.903260 -0.383260
v 0.205313 -0.912013 -0.354565
v 0.230839 -0.896781 -0.376781
v 0.248475 -0.903572 -0.348194
v 0.273885 -0.889108 -0.366137
v 0.323024 -0.876204 -0.357258
v -0.400308 -0.840973 -0.363862
v -0.366384 -0.853594 -0.369989
v -0.352947 -0.867082 -0.351225
v -0.340063 -0.860063 -0.380063
v -0.320000 -0.865394 -0.385395
v 0.340265 -0.859735 -0.379735
v 0.360000 -0.863429 -0.353110
v 0.360000 -0.854419 -0.374419
v 0.397502 -0.843014 -0.362062
v -0.480000 -0.800000 -0.360000
v -0.446489 -0.814269 -0.370616
v -0.434131 -0.828902 -0.352503
v 0.440000 -0.825194 -0.353893
v 0.440000 -0.815559 -0.375559
v 0.480000 -0.800000 -0.360000
v -0.528511 -0.764664 -0.368283
v -0.557643 -0.750757 -0.353756
v -0.499126 -0.779126 -0.379126
v 0.511451 -0.773461 -0.373461
v 0.520000 -0.778433 -0.351182
v 0.540849 -0.760000 -0.360000
v -0.567667 -0.733824 -0.372651
v -0.599563 -0.718154 -0.352920
v 0.560000 -0.748306 -0.355265
v 0.560000 -0.737362 -0.377362
v 0.604304 -0.713973 -0.352862
v 0.580040 -0.720000 -0.379960
v -0.619309 -0.687213 -0.379309
v -0.620711 -0.700711 -0.351489
v -0.639915 -0.679615 -0.358580
v 0.600000 -0.702436 -0.382436
v 0.640714 -0.678598 -0.358904
v -0.655376 -0.655376 -0.375376
v -0.661798 -0.661798 -0.351969
v -0.679917 -0.639597 -0.358573
v -0.664814 -0.640000 -0.384814
v 0.681138 -0.638225 -0.358474
v -0.694426 -0.614426 -0.374426
v -0.700711 -0.620711 -0.351489
v -0.719597 -0.597880 -0.352810
v 0.719294 -0.597009 -0.354935
v 0.707555 -0.600000 -0.372445
v -0.733824 -0.567667 -0.372651
v -0.757944 -0.548348 -0.352793
v 0.720000 -0.580192 -0.380192
v 0.746081 -0.560000 -0.360000
v -0.764664 -0.528511 -0.368283
v 0.760000 -0.544589 -0.354165
v 0.760000 -0.532329 -0.372329
v 0.774502 -0.520000 -0.360000
v -0.800000 -0.480000 -0.360000
v -0.779126 -0.499126 -0.379126
v 0.800000 -0.480000 -0.360000
v -0.814269 -0.446489 -0.370616
v -0.828902 -0.434131 -0.352503
v 0.800000 -0.462071 -0.382071
v 0.822601 -0.440000 -0.360000
v -0.840229 -0.401604 -0.364094
v 0.841883 -0.401072 -0.360755
v -0.853594 -0.366384 -0.369989
v -0.867082 -0.352947 -0.351225
v 0.840000 -0.383306 -0.383306
v 0.860637 -0.360000 -0.360000
v -0.860063 -0.340063 -0.380063
v -0.879690 -0.317265 -0.353872
v -0.865394 -0.320000 -0.385395
v 0.877470 -0.317959 -0.358596
v 0.857169 -0.342831 -0.382831
v -0.883393 -0.288427 -0.368837
v 0.880000 -0.293059 -0.373059
v 0.893854 -0.276534 -0.352090
v -0.893984 -0.246365 -0.373984
v -0.899471 -0.259471 -0.351083
v -0.906877 -0.232519 -0.351037
v 0.901513 -0.240000 -0.360000
v -0.898965 -0.218965 -0.378965
v -0.921808 -0.202603 -0.329880
v -0.903260 -0.192196 -0.383260
v 0.907253 -0.202913 -0.367643
v 0.893386 -0.226614 -0.386614
v -0.919920 -0.158828 -0.358364
v 0.918558 -0.160736 -0.360874
v -0.920958 -0.125215 -0.368481
v 0.923068 -0.123927 -0.363426
v -0.927136 -0.084246 -0.364874
v -0.920000 -0.098429 -0.378429
v 0.920000 -0.098428 -0.378428
v 0.934347 -0.070534 -0.348106
v -0.929239 -0.045566 -0.366311
v 0.920000 -0.065536 -0.385536
v 0.932199 -0.033836 -0.360000
v -0.930087 -0.006152 -0.366888
v 0.932796 0.006332 -0.360000
v -0.929609 0.034065 -0.366559
v 0.931715 0.045680 -0.360000
v -0.927720 0.075170 -0.365266
v 0.920000 0.052446 -0.387554
v 0.932301 0.087420 -0.349960
v -0.921078 0.110718 -0.372508
v 0.920000 0.102804 -0.377196
v 0.926192 0.123849 -0.355492
v -0.919821 0.162530 -0.356791
v 0.919568 0.157449 -0.359734
v -0.912013 0.205313 -0.354565
v 0.908516 0.193433 -0.369479
v -0.896781 0.230839 -0.376781
v -0.903572 0.248475 -0.348194
v 0.905211 0.225211 -0.360000
v 0.897442 0.217442 -0.382558
v 0.899144 0.248388 -0.360000
v -0.889108 0.273885 -0.366137
v 0.891309 0.286115 -0.350864
v -0.878263 0.320965 -0.354077
v 0.877879 0.313510 -0.361545
v -0.859735 0.340265 -0.379735
v -0.863429 0.360000 -0.353110
v -0.854419 0.360000 -0.374419
v 0.866220 0.346220 -0.360000
v 0.859676 0.339676 -0.380324
v 0.857528 0.367209 -0.360000
v -0.841360 0.399156 -0.364134
v 0.841440 0.403646 -0.358967
v -0.825194 0.440000 -0.353893
v -0.815559 0.440000 -0.375559
v 0.826008 0.426008 -0.368288
v 0.818605 0.447304 -0.360000
v -0.800000 0.480000 -0.360000
v 0.800000 0.479998 -0.360002
v -0.773461 0.511451 -0.373461
v -0.778433 0.520000 -0.351182
v 0.784620 0.504620 -0.360000
v 0.765792 0.534403 -0.357103
v -0.760000 0.540849 -0.360000
v -0.748306 0.560000 -0.355265
v -0.737362 0.560000 -0.377362
v 0.747416 0.554156 -0.365703
v -0.716810 0.601939 -0.351309
v -0.720000 0.580040 -0.379960
v -0.702436 0.600000 -0.382436
v 0.716984 0.595301 -0.362283
v 0.720000 0.580039 -0.379961
v -0.679329 0.640130 -0.358613
v 0.679675 0.637893 -0.361910
v 0.698443 0.618443 -0.360000
v -0.639144 0.680373 -0.358370
v 0.639644 0.678151 -0.361702
v 0.659657 0.659657 -0.360000
v -0.599039 0.716536 -0.356723
v -0.580192 0.720000 -0.380192
v 0.599049 0.711629 -0.366404
v 0.580039 0.720000 -0.379961
v 0.618443 0.698443 -0.360000
v -0.560000 0.746081 -0.360000
v -0.544589 0.760000 -0.354165
v -0.532329 0.760000 -0.372329
v 0.554156 0.747416 -0.365703
v 0.534403 0.765792 -0.357103
v -0.520000 0.774502 -0.360000
v -0.480000 0.800000 -0.360000
v -0.462071 0.800000 -0.382071
v 0.480000 0.800000 -0.360001
v 0.504620 0.784620 -0.360000
v -0.440000 0.822601 -0.360000
v -0.397849 0.843191 -0.361197
v -0.383306 0.840000 -0.383306
v 0.400624 0.843482 -0.357545
v 0.426008 0.826008 -0.368288
v 0.447304 0.818605 -0.360000
v -0.360000 0.860637 -0.360000
v -0.342831 0.857169 -0.382831
v -0.322409 0.876009 -0.358177
v -0.293059 0.880000 -0.373059
v 0.318994 0.875103 -0.363520
v 0.339676 0.859676 -0.380324
v 0.346220 0.866220 -0.360000
v 0.367209 0.857528 -0.360000
v -0.276534 0.893854 -0.352090
v -0.240000 0.901513 -0.360000
v -0.226614 0.893386 -0.386614
v -0.202913 0.907253 -0.367643
v -0.161302 0.918448 -0.360920
v -0.115965 0.927379 -0.354705
v -0.098428 0.920000 -0.378428
v -0.065536 0.920000 -0.385536
v 0.102804 0.920000 -0.377196
v 0.123849 0.926192 -0.355492
v 0.161059 0.919031 -0.359553
v 0.193433 0.908516 -0.369479
v 0.217442 0.897442 -0.382558
v 0.225211 0.905211 -0.360000
v 0.248388 0.899144 -0.360000
v 0.286115 0.891309 -0.350864
v -0.070534 0.934347 -0.348106
v -0.033836 0.932199 -0.360000
v 0.006332 0.932796 -0.360000
v 0.045680 0.931715 -0.360000
v 0.087420 0.932301 -0.349960
v -0.239402 -0.918731 -0.313711
v -0.165933 -0.930204 -0.327029
v -0.127613 -0.934918 -0.330606
v -0.115958 -0.943275 -0.310616
v -0.088248 -0.937124 -0.337124
v -0.072386 -0.947377 -0.311251
v -0.049387 -0.939202 -0.339202
v -0.033372 -0.949159 -0.312485
v -0.009976 -0.940104 -0.340104
v 0.006436 -0.949615 -0.312800
v 0.030033 -0.939783 -0.339783
v 0.047127 -0.948659 -0.312138
v 0.070699 -0.938177 -0.338177
v 0.088805 -0.946185 -0.310424
v 0.112092 -0.935213 -0.335213
v 0.124309 -0.941760 -0.311879
v 0.152276 -0.931995 -0.328253
v 0.198237 -0.922700 -0.330124
v 0.242455 -0.916657 -0.317338
v -0.329934 -0.884023 -0.330468
v -0.359529 -0.878698 -0.313732
v -0.287414 -0.896569 -0.336569
v -0.274007 -0.909356 -0.312665
v -0.301067 -0.901067 -0.311614
v 0.287471 -0.906010 -0.309745
v 0.280000 -0.898310 -0.338310
v 0.312212 -0.891388 -0.327744
v 0.363383 -0.875873 -0.316977
v -0.407094 -0.851216 -0.330687
v -0.396714 -0.863588 -0.310720
v -0.439895 -0.839664 -0.318434
v -0.380063 -0.860063 -0.340063
v 0.380324 -0.859676 -0.339676
v 0.400000 -0.861568 -0.312181
v 0.400000 -0.853545 -0.333545
v 0.440496 -0.838748 -0.319856
v -0.491174 -0.805516 -0.330836
v -0.519233 -0.797211 -0.307417
v -0.460077 -0.820077 -0.340077
v 0.460432 -0.819568 -0.339568
v 0.480000 -0.819911 -0.311539
v 0.480000 -0.811915 -0.331915
v 0.525086 -0.792886 -0.308074
v -0.560357 -0.761408 -0.325691
v -0.527624 -0.778807 -0.338807
v -0.541043 -0.781043 -0.311518
v 0.552723 -0.768510 -0.321336
v -0.602721 -0.729246 -0.323448
v -0.580091 -0.740091 -0.340091
v 0.580700 -0.739300 -0.339300
v 0.600000 -0.731069 -0.324518
v 0.615601 -0.720000 -0.320000
v -0.647905 -0.688397 -0.325482
v 0.640000 -0.701707 -0.312495
v 0.640000 -0.692484 -0.332484
v 0.659526 -0.680000 -0.320000
v -0.687707 -0.648584 -0.325577
v 0.680000 -0.662768 -0.313005
v 0.680000 -0.652973 -0.332973
v 0.698424 -0.640000 -0.320000
v -0.725960 -0.606501 -0.323719
v 0.720000 -0.619629 -0.311829
v 0.726551 -0.605071 -0.325071
v -0.760315 -0.561740 -0.325827
v -0.740091 -0.580091 -0.340091
v 0.742187 -0.577813 -0.337813
v 0.763482 -0.560270 -0.320679
v -0.778807 -0.527624 -0.338807
v -0.781043 -0.541043 -0.311518
v -0.799370 -0.516115 -0.306962
v 0.795371 -0.514463 -0.319668
v -0.805516 -0.491174 -0.330836
v 0.800000 -0.496352 -0.336352
v 0.816744 -0.480000 -0.320000
v -0.820077 -0.460077 -0.340077
v -0.839922 -0.439449 -0.318347
v 0.839281 -0.439669 -0.319699
v -0.851216 -0.407094 -0.330687
v -0.863588 -0.396714 -0.310720
v 0.840000 -0.421204 -0.341204
v 0.858775 -0.400000 -0.320000
v -0.860063 -0.380063 -0.340063
v -0.879688 -0.357424 -0.313241
v 0.877534 -0.358062 -0.318389
v 0.857169 -0.382831 -0.342831
v -0.884023 -0.329934 -0.330468
v 0.880000 -0.335422 -0.335422
v 0.896013 -0.315637 -0.311275
v -0.896569 -0.287414 -0.336569
v -0.901067 -0.301067 -0.311614
v -0.909356 -0.274007 -0.312665
v 0.905059 -0.280000 -0.320000
v -0.919683 -0.236482 -0.312947
v 0.917858 -0.237115 -0.317701
v 0.909379 -0.250620 -0.330620
v 0.920000 -0.210083 -0.330083
v 0.920000 -0.192357 -0.340625
v 0.930023 -0.192942 -0.311665
v -0.930204 -0.165933 -0.327029
v 0.934969 -0.151924 -0.320000
v -0.934918 -0.127613 -0.330606
v -0.943275 -0.115958 -0.310616
v 0.939762 -0.120000 -0.320000
v -0.937124 -0.088248 -0.337124
v -0.947377 -0.072386 -0.311251
v 0.943041 -0.088964 -0.320000
v 0.929672 -0.110328 -0.350328
v -0.939202 -0.049387 -0.339202
v -0.949159 -0.033372 -0.312485
v 0.946085 -0.047191 -0.320000
v 0.939106 -0.030287 -0.340894
v -0.940104 -0.009976 -0.340104
v -0.949615 0.006436 -0.312800
v 0.947259 -0.006440 -0.320000
v 0.939799 0.009739 -0.340201
v -0.939783 0.030033 -0.339783
v -0.948659 0.047127 -0.312138
v 0.946695 0.033419 -0.320000
v 0.937942 0.048549 -0.342058
v -0.938177 0.070699 -0.338177
v -0.946185 0.088805 -0.310424
v 0.944500 0.072494 -0.320000
v -0.935213 0.112092 -0.335213
v -0.941760 0.124309 -0.311879
v 0.941745 0.101745 -0.320000
v 0.938505 0.128624 -0.320000
v -0.931995 0.152276 -0.328253
v 0.937179 0.165392 -0.305995
v -0.922700 0.198237 -0.330124
v 0.926505 0.203917 -0.315522
v -0.918420 0.240692 -0.313528
v 0.917997 0.231561 -0.321387
v -0.906010 0.287471 -0.309745
v -0.898310 0.280000 -0.338310
v 0.906022 0.266022 -0.328213
v 0.901982 0.289452 -0.320000
v -0.891388 0.312212 -0.327744
v 0.892500 0.326675 -0.310031
v -0.878124 0.361132 -0.313342
v 0.878045 0.354240 -0.321346
v -0.859676 0.380324 -0.339676
v -0.861568 0.400000 -0.312181
v -0.853545 0.400000 -0.333545
v 0.865394 0.385394 -0.320000
v 0.859735 0.379735 -0.340265
v 0.856131 0.411437 -0.311743
v -0.839573 0.439090 -0.319580
v 0.839753 0.434403 -0.325167
v -0.819568 0.460432 -0.339568
v -0.819911 0.480000 -0.311539
v -0.811915 0.480000 -0.331915
v 0.825241 0.465241 -0.320000
v 0.819762 0.459762 -0.340238
v 0.813568 0.489382 -0.313243
v -0.795826 0.522146 -0.305696
v 0.795705 0.511663 -0.323483
v -0.762058 0.559710 -0.324871
v 0.760945 0.567589 -0.313607
v 0.779050 0.539050 -0.320000
v -0.739300 0.580700 -0.339300
v -0.725535 0.607801 -0.322259
v 0.739787 0.579787 -0.340212
v 0.745099 0.585098 -0.320000
v 0.724840 0.611003 -0.317699
v -0.701707 0.640000 -0.312495
v -0.692484 0.640000 -0.332484
v 0.706690 0.626690 -0.327662
v 0.686567 0.654026 -0.316937
v -0.680000 0.659526 -0.320000
v -0.662768 0.680000 -0.313005
v -0.652973 0.680000 -0.332973
v 0.668101 0.668101 -0.326850
v 0.646704 0.693476 -0.316937
v -0.640000 0.698424 -0.320000
v -0.619629 0.720000 -0.311829
v -0.605071 0.726551 -0.325071
v 0.626690 0.706690 -0.327662
v 0.605153 0.729753 -0.317699
v -0.577813 0.742187 -0.337813
v -0.553707 0.767658 -0.321746
v 0.561264 0.764859 -0.315687
v 0.579787 0.739787 -0.340212
v 0.585098 0.745099 -0.320000
v -0.516437 0.798987 -0.307389
v -0.520000 0.785536 -0.334464
v -0.496352 0.800000 -0.336352
v 0.518062 0.789599 -0.328070
v 0.539050 0.779050 -0.320000
v -0.480000 0.816744 -0.320000
v -0.440976 0.838660 -0.319475
v -0.421204 0.840000 -0.341204
v 0.439217 0.838805 -0.321518
v 0.459762 0.819762 -0.340238
v 0.465241 0.825241 -0.320000
v 0.489382 0.813568 -0.313243
v -0.400000 0.858775 -0.320000
v -0.382831 0.857169 -0.342831
v -0.362705 0.875816 -0.317798
v -0.335422 0.880000 -0.335422
v 0.359087 0.875414 -0.323176
v 0.379735 0.859735 -0.340265
v 0.385394 0.865394 -0.320000
v 0.411437 0.856131 -0.311743
v -0.315637 0.896013 -0.311275
v -0.280000 0.905059 -0.320000
v -0.246129 0.913045 -0.324146
v -0.194669 0.929179 -0.312926
v -0.192357 0.920000 -0.340625
v 0.203917 0.926505 -0.315522
v 0.238866 0.915616 -0.323004
v 0.266022 0.906022 -0.328213
v 0.289452 0.901982 -0.320000
v 0.326675 0.892500 -0.310031
v -0.151924 0.934969 -0.320000
v -0.120000 0.939762 -0.320000
v -0.088964 0.943041 -0.320000
v -0.047191 0.946085 -0.320000
v -0.030287 0.939106 -0.340894
v -0.006440 0.947259 -0.320000
v 0.009739 0.939799 -0.340201
v 0.033419 0.946695 -0.320000
v 0.048549 0.937942 -0.342058
v 0.072494 0.944500 -0.320000
v 0.101745 0.941745 -0.320000
v 0.128624 0.938505 -0.320000
v 0.165392 0.937179 -0.305995
v -0.249881 -0.923469 -0.290319
v -0.279720 -0.919355 -0.276436
v -0.206922 -0.934132 -0.290284
v -0.196016 -0.942528 -0.270004
v -0.177743 -0.937743 -0.297743
v -0.153864 -0.949564 -0.272704
v -0.151152 -0.941276 -0.301276
v -0.116444 -0.954032 -0.275825
v -0.076696 -0.958649 -0.273501
v -0.039079 -0.959656 -0.278283
v 0.000000 -0.960000 -0.280000
v 0.041224 -0.959639 -0.277985
v 0.080947 -0.958519 -0.272830
v 0.124446 -0.953142 -0.275196
v 0.168273 -0.947427 -0.271195
v 0.160000 -0.940248 -0.300248
v 0.191595 -0.935614 -0.295614
v 0.200000 -0.941239 -0.271784
v 0.234075 -0.928922 -0.286192
v 0.281382 -0.918203 -0.278534
v -0.368398 -0.883422 -0.288894
v -0.398181 -0.874688 -0.276061
v -0.327414 -0.896867 -0.296867
v -0.314057 -0.909306 -0.272566
v -0.340237 -0.900238 -0.271083
v 0.328213 -0.905169 -0.268905
v 0.320000 -0.898905 -0.298905
v 0.352841 -0.890266 -0.287050
v 0.408445 -0.869348 -0.277039
v -0.449754 -0.844366 -0.290441
v -0.478155 -0.833821 -0.275541
v -0.418033 -0.858033 -0.298033
v -0.423678 -0.863678 -0.272613
v 0.432363 -0.853386 -0.290093
v 0.484211 -0.831123 -0.272207
v -0.521315 -0.804845 -0.283405
v -0.488055 -0.819594 -0.299594
v -0.501377 -0.821377 -0.271548
v 0.509592 -0.812131 -0.282917
v -0.566959 -0.769733 -0.292670
v -0.557278 -0.784595 -0.271171
v -0.598185 -0.752592 -0.274862
v 0.560000 -0.782228 -0.272407
v 0.560000 -0.774270 -0.294270
v 0.596578 -0.753391 -0.276065
v -0.611396 -0.736640 -0.288570
v -0.639649 -0.718458 -0.272816
v -0.623658 -0.720000 -0.303658
v 0.600000 -0.740977 -0.300977
v 0.643906 -0.713731 -0.274349
v -0.655248 -0.695248 -0.295248
v -0.660278 -0.700278 -0.271026
v -0.679829 -0.679194 -0.276396
v -0.666010 -0.680000 -0.306010
v 0.682996 -0.675875 -0.276119
v -0.695248 -0.655248 -0.295248
v -0.700278 -0.660278 -0.271026
v -0.719668 -0.638308 -0.272750
v -0.704990 -0.640000 -0.304990
v 0.717731 -0.637892 -0.278666
v -0.736640 -0.611396 -0.288570
v -0.758374 -0.591078 -0.274193
v 0.757327 -0.591878 -0.275300
v 0.741905 -0.600000 -0.298095
v -0.766165 -0.571320 -0.293464
v -0.784595 -0.557278 -0.271171
v 0.760000 -0.577445 -0.297445
v 0.779643 -0.560000 -0.280000
v -0.801101 -0.526559 -0.284132
v 0.800865 -0.524686 -0.288061
v -0.819594 -0.488055 -0.299594
v -0.821377 -0.501377 -0.271548
v -0.838580 -0.470424 -0.274077
v 0.817563 -0.502437 -0.280000
v 0.835479 -0.473109 -0.278492
v -0.844366 -0.449754 -0.290441
v 0.840000 -0.454878 -0.294878
v 0.855980 -0.440000 -0.270607
v -0.858033 -0.418033 -0.298033
v -0.863678 -0.423678 -0.272613
v -0.878744 -0.390180 -0.274180
v 0.865536 -0.414464 -0.280000
v 0.876249 -0.392952 -0.277882
v -0.883422 -0.368398 -0.288894
v 0.880000 -0.373059 -0.293059
v 0.893365 -0.356045 -0.273068
v -0.896867 -0.327414 -0.296867
v -0.900238 -0.340237 -0.271083
v -0.909306 -0.314057 -0.272566
v 0.905059 -0.320000 -0.280000
v -0.919841 -0.278383 -0.276065
v 0.916825 -0.281960 -0.282029
v -0.923469 -0.249881 -0.290319
v 0.920000 -0.255820 -0.295820
v 0.931989 -0.236914 -0.273470
v -0.934132 -0.206922 -0.290284
v -0.942528 -0.196016 -0.270004
v 0.938910 -0.200000 -0.280000
v -0.937743 -0.177743 -0.297743
v -0.949564 -0.153864 -0.272704
v -0.941276 -0.151152 -0.301276
v 0.944929 -0.168347 -0.280000
v 0.940127 -0.160000 -0.299872
v -0.954032 -0.116444 -0.275825
v 0.948005 -0.128265 -0.289941
v -0.959325 -0.074616 -0.271486
v 0.956107 -0.080682 -0.280682
v -0.959828 -0.038473 -0.277693
v 0.959082 -0.040027 -0.280030
v -0.960000 0.000000 -0.280000
v 0.960000 0.000000 -0.280000
v -0.959820 0.042106 -0.277115
v 0.959170 0.040347 -0.279660
v -0.958519 0.080947 -0.272830
v 0.955905 0.077350 -0.282727
v -0.953142 0.124446 -0.275196
v 0.950610 0.114339 -0.287597
v -0.947427 0.168273 -0.271195
v -0.940248 0.160000 -0.300248
v 0.945591 0.148953 -0.288130
v -0.935614 0.191595 -0.295614
v -0.941239 0.200000 -0.271784
v 0.942365 0.182365 -0.280000
v 0.937150 0.207695 -0.280000
v -0.928922 0.234075 -0.286192
v 0.930133 0.245682 -0.271988
v -0.919155 0.280431 -0.276311
v 0.919074 0.276394 -0.280596
v -0.905169 0.328213 -0.268905
v -0.898905 0.320000 -0.298905
v 0.906961 0.306961 -0.287471
v 0.901684 0.329155 -0.280000
v -0.890266 0.352841 -0.287050
v 0.889964 0.365259 -0.272152
v -0.869348 0.408445 -0.277039
v 0.876134 0.389625 -0.283092
v -0.853386 0.432363 -0.290093
v 0.862129 0.422129 -0.280000
v 0.854804 0.443765 -0.267925
v -0.831123 0.484211 -0.272207
v 0.835588 0.470067 -0.283526
v -0.812131 0.509592 -0.282917
v 0.803037 0.526786 -0.278028
v 0.819657 0.499657 -0.280000
v -0.782228 0.560000 -0.272407
v -0.774270 0.560000 -0.294270
v 0.786307 0.546306 -0.287746
v 0.774767 0.569856 -0.272992
v -0.753391 0.596578 -0.276065
v -0.740977 0.600000 -0.300977
v 0.755995 0.590487 -0.281928
v 0.741905 0.600000 -0.298095
v -0.714345 0.643906 -0.272664
v 0.718974 0.633289 -0.285666
v 0.736141 0.616141 -0.280000
v -0.678007 0.681185 -0.275570
v 0.679457 0.676964 -0.282581
v 0.698504 0.658504 -0.280000
v -0.639234 0.717731 -0.275408
v 0.638840 0.714438 -0.284790
v 0.658504 0.698504 -0.280000
v -0.591878 0.757327 -0.275300
v -0.600000 0.741905 -0.298095
v -0.577445 0.760000 -0.297445
v 0.597810 0.746945 -0.290012
v 0.616141 0.736141 -0.280000
v -0.560000 0.779643 -0.280000
v -0.522996 0.805907 -0.276648
v 0.521565 0.806818 -0.276651
v 0.546306 0.786307 -0.287746
v 0.569856 0.774767 -0.272992
v -0.471163 0.837833 -0.275054
v -0.502437 0.817563 -0.280000
v -0.480000 0.826248 -0.293752
v -0.454878 0.840000 -0.294878
v 0.477780 0.829710 -0.287780
v 0.499657 0.819657 -0.280000
v -0.440000 0.855980 -0.270607
v -0.390856 0.878166 -0.275048
v -0.414464 0.865536 -0.280000
v -0.400000 0.868663 -0.291337
v -0.373059 0.880000 -0.293059
v 0.397799 0.871344 -0.286506
v 0.422129 0.862129 -0.280000
v 0.443765 0.854804 -0.267925
v -0.356045 0.893365 -0.273068
v -0.320000 0.905059 -0.280000
v -0.283121 0.916496 -0.281957
v -0.255820 0.920000 -0.295820
v 0.279495 0.917932 -0.281356
v 0.306961 0.906961 -0.287471
v 0.329155 0.901684 -0.280000
v 0.365259 0.889964 -0.272152
v -0.236914 0.931989 -0.273470
v -0.200000 0.938910 -0.280000
v -0.168347 0.944929 -0.280000
v -0.160000 0.940127 -0.299872
v -0.128265 0.948005 -0.289941
v -0.081926 0.955489 -0.282544
v -0.040383 0.958927 -0.280540
v -0.000000 0.959999 -0.280000
v 0.039849 0.959015 -0.280313
v 0.077350 0.955905 -0.282727
v 0.114339 0.950610 -0.287597
v 0.148953 0.945591 -0.288130
v 0.182365 0.942365 -0.280000
v 0.207695 0.937150 -0.280000
v 0.245682 0.930133 -0.271988
v -0.122789 -0.961314 -0.246025
v -0.159379 -0.959035 -0.233738
v -0.083596 -0.966011 -0.244230
v -0.100072 -0.960000 -0.260072
v -0.044941 -0.968158 -0.245743
v -0.005527 -0.969010 -0.246346
v 0.034722 -0.968494 -0.245984
v 0.075896 -0.966518 -0.244593
v 0.119053 -0.961485 -0.247222
v 0.099968 -0.960000 -0.260032
v 0.161445 -0.957689 -0.237866
v -0.289866 -0.923484 -0.250348
v -0.319466 -0.918686 -0.231721
v -0.247409 -0.935524 -0.251466
v -0.231502 -0.945169 -0.229548
v -0.220002 -0.940002 -0.260002
v -0.195446 -0.952157 -0.234468
v 0.206685 -0.950026 -0.232935
v 0.220212 -0.939788 -0.259788
v 0.240000 -0.942487 -0.232181
v 0.240000 -0.936229 -0.256229
v 0.273620 -0.929436 -0.246616
v 0.323105 -0.916104 -0.236722
v -0.400547 -0.881656 -0.248946
v -0.366992 -0.895380 -0.251570
v -0.352702 -0.906694 -0.230671
v 0.360000 -0.903362 -0.232606
v 0.360000 -0.896776 -0.256776
v 0.395762 -0.885119 -0.244003
v -0.480399 -0.841366 -0.247166
v -0.455285 -0.855285 -0.246976
v -0.434610 -0.869853 -0.232918
v -0.440000 -0.859510 -0.259510
v 0.440000 -0.866804 -0.234165
v 0.440000 -0.859509 -0.259509
v 0.475737 -0.844947 -0.243589
v -0.526781 -0.811769 -0.251292
v -0.517105 -0.824048 -0.230691
v -0.558653 -0.794907 -0.236353
v 0.520000 -0.821862 -0.232024
v 0.520000 -0.815015 -0.255015
v 0.557428 -0.795477 -0.237249
v 0.540056 -0.800000 -0.259944
v -0.600268 -0.761099 -0.245402
v -0.576110 -0.776110 -0.256110
v -0.580591 -0.780591 -0.231043
v 0.594801 -0.765980 -0.242835
v -0.641563 -0.726840 -0.244713
v -0.620077 -0.740077 -0.260077
v -0.624955 -0.744955 -0.233058
v 0.620977 -0.739023 -0.259023
v 0.642753 -0.726118 -0.243658
v -0.681860 -0.688706 -0.245913
v -0.667126 -0.707126 -0.234060
v 0.683173 -0.687823 -0.244650
v -0.721487 -0.647446 -0.244986
v -0.707126 -0.667126 -0.234060
v 0.724715 -0.645347 -0.240485
v -0.760243 -0.601303 -0.245494
v -0.740077 -0.620077 -0.260077
v -0.744955 -0.624955 -0.233058
v 0.742830 -0.617170 -0.257170
v 0.762684 -0.600004 -0.240883
v -0.776110 -0.576110 -0.256110
v -0.780591 -0.580591 -0.231043
v -0.798864 -0.553220 -0.235577
v 0.796442 -0.555076 -0.239034
v -0.811769 -0.526781 -0.251292
v -0.824048 -0.517105 -0.230691
v 0.800000 -0.540160 -0.260160
v 0.819676 -0.520000 -0.240000
v 0.810083 -0.520000 -0.269917
v -0.840315 -0.482038 -0.247461
v 0.842388 -0.481329 -0.241642
v -0.855285 -0.455285 -0.246976
v -0.869853 -0.434610 -0.232918
v -0.859510 -0.440000 -0.259510
v 0.865278 -0.440000 -0.240000
v -0.880392 -0.402897 -0.249478
v 0.882598 -0.402305 -0.242452
v -0.895380 -0.366992 -0.251570
v -0.906694 -0.352702 -0.230671
v 0.901513 -0.360000 -0.240000
v -0.919680 -0.316970 -0.230999
v 0.917947 -0.317326 -0.237279
v 0.909379 -0.330620 -0.250620
v -0.923484 -0.289866 -0.250348
v 0.920000 -0.295820 -0.255820
v 0.931810 -0.276735 -0.233828
v -0.935524 -0.247409 -0.251466
v -0.945169 -0.231502 -0.229548
v 0.940613 -0.240000 -0.240000
v -0.940002 -0.220002 -0.260002
v -0.952157 -0.195446 -0.234468
v 0.947185 -0.203301 -0.246997
v 0.939222 -0.220778 -0.260778
v -0.959751 -0.156058 -0.232731
v 0.956951 -0.160649 -0.240818
v -0.960657 -0.124414 -0.247576
v 0.963320 -0.119330 -0.239413
v -0.966011 -0.083596 -0.244230
v -0.960000 -0.100072 -0.260072
v 0.960000 -0.100071 -0.260071
v 0.969517 -0.073812 -0.232409
v -0.968158 -0.044941 -0.245743
v 0.972251 -0.032181 -0.230259
v -0.969010 -0.005527 -0.246346
v 0.972855 0.008054 -0.229810
v -0.968494 0.034722 -0.245984
v 0.971526 0.047093 -0.230889
v -0.966518 0.075896 -0.244593
v 0.968419 0.085090 -0.233362
v -0.961485 0.119053 -0.247222
v -0.960000 0.099968 -0.260032
v 0.960000 0.099970 -0.260030
v 0.963445 0.122171 -0.237899
v -0.958873 0.160260 -0.233709
v 0.958629 0.150585 -0.240816
v -0.950026 0.206685 -0.232935
v 0.948679 0.193436 -0.249010
v -0.939788 0.220212 -0.259788
v -0.942487 0.240000 -0.232181
v -0.936229 0.240000 -0.256229
v 0.944361 0.224361 -0.240000
v 0.939735 0.219735 -0.260265
v 0.938421 0.248115 -0.240000
v -0.929436 0.273620 -0.246616
v 0.929559 0.285287 -0.232532
v -0.918176 0.321033 -0.231387
v 0.918274 0.313690 -0.241001
v -0.903362 0.360000 -0.232606
v -0.896776 0.360000 -0.256776
v 0.904862 0.344862 -0.248475
v 0.899146 0.368390 -0.235419
v -0.882365 0.398515 -0.249456
v 0.882006 0.405913 -0.238812
v -0.866804 0.440000 -0.234165
v -0.859509 0.440000 -0.259509
v 0.868911 0.428911 -0.246186
v 0.860947 0.448309 -0.240000
v -0.841719 0.480057 -0.246150
v 0.840808 0.487783 -0.233782
v -0.821862 0.520000 -0.232024
v -0.815015 0.520000 -0.255015
v 0.825929 0.505929 -0.247823
v 0.815036 0.530118 -0.232879
v -0.795477 0.557428 -0.237249
v -0.800000 0.540056 -0.259944
v 0.796666 0.553301 -0.242632
v 0.800000 0.540055 -0.259945
v -0.761886 0.599125 -0.245340
v 0.760634 0.604313 -0.236595
v 0.779094 0.579094 -0.240000
v -0.739023 0.620977 -0.259023
v -0.726118 0.642753 -0.243658
v 0.739856 0.619856 -0.260144
v 0.743794 0.623794 -0.240000
v 0.722121 0.651919 -0.230127
v -0.687823 0.683173 -0.244650
v 0.704448 0.664448 -0.248619
v 0.682145 0.693738 -0.229836
v -0.646724 0.722459 -0.243970
v 0.664448 0.704448 -0.248619
v 0.642314 0.730371 -0.231225
v -0.617170 0.742830 -0.257170
v -0.594279 0.766655 -0.241949
v 0.600753 0.763259 -0.237344
v 0.619856 0.739856 -0.260144
v 0.623794 0.743794 -0.240000
v -0.556895 0.793771 -0.243525
v -0.540160 0.800000 -0.260160
v 0.558450 0.791978 -0.245992
v 0.540055 0.800000 -0.259945
v 0.579094 0.779094 -0.240000
v -0.520000 0.819676 -0.240000
v -0.476443 0.844775 -0.242723
v 0.481251 0.843905 -0.236590
v 0.505929 0.825929 -0.247823
v 0.530118 0.815036 -0.232879
v -0.440000 0.865278 -0.240000
v -0.396793 0.884763 -0.243486
v 0.400957 0.884761 -0.237044
v 0.428911 0.868911 -0.246186
v 0.448309 0.860947 -0.240000
v -0.360000 0.901513 -0.240000
v -0.326369 0.912911 -0.243615
v -0.295820 0.920000 -0.255820
v 0.319087 0.916073 -0.242437
v 0.344862 0.904862 -0.248475
v 0.368390 0.899146 -0.235419
v -0.276735 0.931810 -0.233828
v -0.240000 0.940613 -0.240000
v -0.220778 0.939222 -0.260778
v -0.203301 0.947185 -0.246997
v -0.162683 0.956586 -0.241030
v -0.118324 0.963853 -0.237874
v -0.100071 0.960000 -0.260071
v 0.099970 0.960000 -0.260030
v 0.122171 0.963445 -0.237899
v 0.158434 0.957447 -0.240744
v 0.193436 0.948679 -0.249010
v 0.219735 0.939735 -0.260265
v 0.224361 0.944361 -0.240000
v 0.248115 0.938421 -0.240000
v 0.285287 0.929559 -0.232532
v -0.073812 0.969517 -0.232409
v -0.032181 0.972251 -0.230259
v 0.008054 0.972855 -0.229810
v 0.047093 0.971526 -0.230889
v 0.085090 0.968419 -0.233362
v -0.169577 -0.962634 -0.209906
v -0.199814 -0.959673 -0.197504
v -0.125930 -0.970026 -0.207114
v -0.088141 -0.973591 -0.209650
v -0.048183 -0.975963 -0.211488
v -0.027526 -0.980056 -0.195613
v -0.007985 -0.976099 -0.216100
v 0.012486 -0.980335 -0.195709
v 0.032092 -0.976541 -0.211798
v 0.070683 -0.974768 -0.210507
v 0.112735 -0.971361 -0.208086
v 0.155962 -0.966228 -0.204433
v 0.200572 -0.959176 -0.199199
v -0.326280 -0.922232 -0.206616
v -0.343563 -0.918388 -0.195037
v -0.286679 -0.934374 -0.210770
v -0.276167 -0.942077 -0.189403
v -0.260002 -0.940002 -0.220002
v -0.235483 -0.952120 -0.194394
v 0.247261 -0.949376 -0.192384
v 0.260265 -0.939735 -0.219735
v 0.280000 -0.940638 -0.191182
v 0.280000 -0.935390 -0.215390
v 0.315522 -0.926505 -0.203918
v -0.408396 -0.888065 -0.210062
v -0.439432 -0.878270 -0.187591
v -0.378965 -0.898965 -0.218965
v -0.383260 -0.903260 -0.192196
v 0.367568 -0.909518 -0.192524
v 0.382558 -0.897442 -0.217442
v 0.400000 -0.892998 -0.205805
v 0.445308 -0.873342 -0.196114
v 0.420040 -0.880000 -0.219960
v -0.490913 -0.844802 -0.211760
v -0.517941 -0.832823 -0.194688
v -0.460048 -0.860048 -0.220048
v -0.464320 -0.864320 -0.192675
v 0.460521 -0.859479 -0.219479
v 0.480000 -0.852696 -0.205641
v 0.516024 -0.833656 -0.196065
v 0.491474 -0.840000 -0.228526
v -0.560378 -0.801443 -0.208331
v -0.535996 -0.815996 -0.215996
v -0.539796 -0.819796 -0.190544
v 0.554495 -0.806549 -0.203571
v -0.603741 -0.770061 -0.205117
v 0.573258 -0.786742 -0.226742
v 0.600000 -0.772931 -0.205680
v 0.618187 -0.760000 -0.200000
v -0.647310 -0.731148 -0.214280
v -0.677691 -0.709428 -0.192578
v 0.640000 -0.743579 -0.192695
v 0.640000 -0.736853 -0.216853
v 0.664369 -0.720000 -0.200000
v 0.656449 -0.720000 -0.223551
v -0.695639 -0.685982 -0.212436
v -0.717755 -0.668919 -0.192331
v -0.680000 -0.699314 -0.219314
v 0.680000 -0.706802 -0.194165
v 0.680000 -0.699314 -0.219314
v 0.705274 -0.680000 -0.200000
v 0.698428 -0.680000 -0.221572
v -0.733869 -0.645442 -0.210955
v -0.766415 -0.608255 -0.205392
v -0.720000 -0.658356 -0.218356
v 0.720000 -0.666066 -0.193882
v 0.720000 -0.658356 -0.218356
v 0.741769 -0.640000 -0.200000
v 0.760000 -0.620672 -0.191578
v 0.760000 -0.613482 -0.213482
v 0.776644 -0.600000 -0.190607
v -0.800324 -0.561875 -0.208533
v 0.802822 -0.560768 -0.201676
v -0.815996 -0.535996 -0.215996
v -0.819796 -0.539796 -0.190544
v -0.838373 -0.509365 -0.193034
v 0.830978 -0.516024 -0.206613
v -0.844802 -0.490913 -0.211760
v 0.840000 -0.496806 -0.216806
v 0.855945 -0.480000 -0.191110
v -0.860048 -0.460048 -0.220048
v -0.864320 -0.464320 -0.192675
v -0.879596 -0.436953 -0.186973
v 0.876926 -0.437351 -0.198246
v 0.857812 -0.462188 -0.222188
v -0.888065 -0.408396 -0.210062
v 0.880000 -0.420128 -0.220128
v 0.896153 -0.400000 -0.191040
v -0.898965 -0.378965 -0.218965
v -0.903260 -0.383260 -0.192196
v -0.918388 -0.343563 -0.195037
v 0.908162 -0.363822 -0.205826
v 0.893386 -0.386614 -0.226614
v -0.922232 -0.326280 -0.206616
v 0.920000 -0.340625 -0.192357
v 0.923726 -0.323937 -0.203177
v -0.934374 -0.286679 -0.210770
v -0.942077 -0.276167 -0.189403
v 0.938910 -0.280000 -0.200000
v -0.940002 -0.260002 -0.220002
v -0.952120 -0.235483 -0.194394
v 0.947382 -0.243498 -0.206603
v 0.939222 -0.260778 -0.220778
v -0.959917 -0.198846 -0.197174
v 0.958989 -0.200240 -0.200239
v -0.962634 -0.169577 -0.209906
v 0.960000 -0.176076 -0.216076
v 0.968716 -0.154138 -0.193078
v -0.970026 -0.125930 -0.207114
v 0.975702 -0.109636 -0.187573
v -0.973591 -0.088141 -0.209650
v 0.977043 -0.071214 -0.200000
v -0.975963 -0.048183 -0.211488
v -0.980056 -0.027526 -0.195613
v 0.979164 -0.030321 -0.200000
v -0.976099 -0.007985 -0.216100
v -0.980335 0.012486 -0.195709
v 0.979593 0.009700 -0.200000
v -0.976541 0.032092 -0.211798
v 0.978433 0.048948 -0.200000
v -0.974768 0.070683 -0.210507
v 0.975765 0.087507 -0.200000
v -0.971361 0.112735 -0.208086
v 0.973163 0.127825 -0.189749
v -0.966228 0.155962 -0.204433
v 0.966876 0.164021 -0.194657
v -0.959600 0.200148 -0.197479
v 0.959575 0.197522 -0.200217
v -0.949376 0.247261 -0.192384
v 0.949390 0.233950 -0.208336
v -0.939735 0.260265 -0.219735
v -0.940638 0.280000 -0.191182
v -0.935390 0.280000 -0.215390
v 0.943567 0.263567 -0.200000
v 0.939787 0.259787 -0.220213
v 0.936737 0.292009 -0.191596
v -0.926016 0.316627 -0.204533
v 0.922887 0.329844 -0.197771
v -0.909518 0.367568 -0.192524
v 0.911346 0.355354 -0.206770
v -0.897442 0.382558 -0.217442
v -0.892998 0.400000 -0.205805
v 0.902129 0.382129 -0.200000
v 0.893219 0.406941 -0.189815
v -0.877057 0.442033 -0.186728
v -0.880000 0.420040 -0.219960
v 0.877825 0.434153 -0.201698
v 0.880000 0.420038 -0.219962
v -0.859479 0.460521 -0.219479
v -0.852696 0.480000 -0.205641
v 0.863289 0.463289 -0.200000
v 0.859856 0.459856 -0.220144
v 0.852508 0.486299 -0.190382
v -0.833656 0.516024 -0.196065
v 0.835589 0.509893 -0.203438
v -0.802230 0.559121 -0.208096
v 0.800786 0.565826 -0.195552
v 0.818504 0.538504 -0.200000
v -0.786742 0.573258 -0.226742
v -0.772931 0.600000 -0.205680
v 0.784115 0.584115 -0.208659
v 0.765172 0.612453 -0.197662
v -0.760000 0.618187 -0.200000
v -0.743579 0.640000 -0.192695
v -0.736853 0.640000 -0.216853
v 0.749235 0.629235 -0.205869
v 0.737130 0.646246 -0.196668
v -0.720000 0.664369 -0.200000
v -0.720000 0.656449 -0.223551
v -0.706802 0.680000 -0.194165
v -0.699314 0.680000 -0.219314
v 0.705373 0.677607 -0.206718
v 0.720000 0.664368 -0.200000
v -0.680000 0.705274 -0.200000
v -0.680000 0.698428 -0.221572
v -0.666066 0.720000 -0.193882
v -0.658356 0.720000 -0.218356
v 0.674129 0.710243 -0.201824
v -0.640000 0.741769 -0.200000
v -0.640000 0.733940 -0.226060
v -0.620672 0.760000 -0.191578
v -0.613482 0.760000 -0.213482
v 0.631683 0.747125 -0.205869
v 0.602816 0.774698 -0.189438
v -0.600000 0.776644 -0.190607
v -0.554691 0.806493 -0.203268
v 0.560999 0.803926 -0.196862
v 0.584115 0.784115 -0.208659
v -0.510198 0.837591 -0.194174
v -0.520000 0.826774 -0.213226
v -0.496806 0.840000 -0.216806
v 0.517743 0.829715 -0.207506
v 0.538504 0.818504 -0.200000
v -0.480000 0.855945 -0.191110
v -0.462188 0.857812 -0.222188
v -0.443554 0.873198 -0.200721
v -0.420128 0.880000 -0.220128
v 0.438755 0.875111 -0.203554
v 0.420038 0.880000 -0.219962
v 0.459856 0.859856 -0.220144
v 0.463289 0.863289 -0.200000
v 0.486299 0.852508 -0.190382
v -0.400000 0.896153 -0.191040
v -0.386614 0.893386 -0.226614
v -0.363822 0.908162 -0.205826
v -0.340625 0.920000 -0.192357
v -0.314583 0.928921 -0.193270
v 0.355354 0.911346 -0.206770
v 0.321961 0.926170 -0.195622
v 0.382129 0.902129 -0.200000
v 0.406941 0.893219 -0.189815
v -0.280000 0.938910 -0.200000
v -0.260778 0.939222 -0.220778
v -0.243498 0.947382 -0.206603
v -0.200928 0.958852 -0.200238
v -0.176076 0.960000 -0.216076
v 0.199709 0.959090 -0.200519
v 0.233950 0.949390 -0.208336
v 0.259787 0.939787 -0.220213
v 0.263567 0.943567 -0.200000
v 0.292009 0.936737 -0.191596
v -0.154138 0.968716 -0.193078
v -0.109636 0.975702 -0.187573
v -0.071214 0.977043 -0.200000
v -0.030321 0.979164 -0.200000
v 0.009700 0.979593 -0.200000
v 0.048948 0.978433 -0.200000
v 0.087507 0.975765 -0.200000
v 0.127825 0.973163 -0.189749
v 0.164021 0.966876 -0.194657
v -0.209566 -0.962645 -0.169929
v -0.239479 -0.958999 -0.150579
v -0.166664 -0.971400 -0.168154
v -0.128093 -0.976481 -0.172141
v -0.115693 -0.981822 -0.149163
v -0.098663 -0.978663 -0.178663
v -0.071429 -0.985892 -0.149807
v -0.070614 -0.980730 -0.180730
v -0.032454 -0.987754 -0.151144
v 0.007372 -0.988206 -0.151463
v 0.048148 -0.987151 -0.150690
v 0.049345 -0.981805 -0.181805
v 0.089996 -0.984467 -0.148735
v 0.080000 -0.980232 -0.180232
v 0.110839 -0.977549 -0.177549
v 0.120000 -0.981076 -0.151182
v 0.151199 -0.973536 -0.169735
v 0.195669 -0.966567 -0.164725
v 0.241972 -0.957337 -0.157217
v -0.325756 -0.930381 -0.167384
v -0.359867 -0.919658 -0.156875
v -0.297743 -0.937743 -0.177743
v -0.274013 -0.949415 -0.152405
v -0.301276 -0.941276 -0.151152
v 0.294001 -0.942860 -0.154477
v 0.312117 -0.934231 -0.170785
v 0.360631 -0.918913 -0.159441
v -0.440878 -0.882756 -0.162094
v -0.407249 -0.896616 -0.172766
v -0.392948 -0.906951 -0.150686
v 0.400000 -0.903607 -0.152407
v 0.400000 -0.898733 -0.178733
v 0.439329 -0.883537 -0.160686
v -0.486773 -0.856108 -0.172516
v -0.473497 -0.867556 -0.151156
v -0.519894 -0.839633 -0.156875
v 0.480000 -0.863743 -0.152495
v 0.480000 -0.858668 -0.178668
v 0.521475 -0.838228 -0.158930
v -0.562673 -0.809480 -0.166787
v -0.544572 -0.824572 -0.152675
v 0.537301 -0.822699 -0.182699
v 0.560000 -0.811688 -0.165276
v 0.578046 -0.800000 -0.160000
v -0.606323 -0.776002 -0.172655
v -0.638498 -0.753618 -0.155378
v 0.600000 -0.784998 -0.153127
v 0.600000 -0.779358 -0.179358
v 0.635106 -0.755348 -0.160033
v -0.655909 -0.735909 -0.167488
v -0.679273 -0.716666 -0.157620
v 0.677748 -0.717560 -0.159778
v -0.696993 -0.696993 -0.167998
v -0.719294 -0.676501 -0.157536
v 0.717911 -0.677430 -0.159554
v -0.735909 -0.655909 -0.167488
v -0.758623 -0.632622 -0.154874
v 0.756097 -0.634562 -0.158675
v -0.776002 -0.606323 -0.172655
v -0.803962 -0.569564 -0.169721
v 0.783741 -0.600000 -0.160000
v 0.800000 -0.580205 -0.151182
v 0.800000 -0.573820 -0.173820
v 0.814123 -0.560000 -0.152289
v -0.824572 -0.544572 -0.152675
v -0.839917 -0.519451 -0.156783
v 0.835659 -0.523838 -0.163662
v -0.856108 -0.486773 -0.172516
v -0.867556 -0.473497 -0.151156
v 0.840000 -0.508349 -0.188349
v 0.862496 -0.480000 -0.160000
v -0.880644 -0.444623 -0.162984
v 0.885740 -0.436223 -0.156557
v -0.896616 -0.407249 -0.172766
v -0.906951 -0.392948 -0.150686
v 0.902400 -0.400000 -0.160000
v -0.919918 -0.359250 -0.156679
v 0.918585 -0.360815 -0.160715
v -0.930381 -0.325756 -0.167384
v 0.934969 -0.320000 -0.151924
v -0.937743 -0.297743 -0.177743
v -0.941276 -0.301276 -0.151152
v -0.949415 -0.274013 -0.152405
v 0.940128 -0.299872 -0.160000
v 0.932251 -0.307749 -0.187749
v 0.944929 -0.280000 -0.168347
v -0.959749 -0.236840 -0.149606
v 0.956975 -0.240770 -0.160576
v -0.962645 -0.209566 -0.169929
v 0.960000 -0.216076 -0.176076
v 0.968669 -0.194091 -0.153173
v -0.971400 -0.166664 -0.168154
v 0.977672 -0.148172 -0.146128
v -0.976481 -0.128093 -0.172141
v -0.981822 -0.115693 -0.149163
v 0.979787 -0.120000 -0.160000
v -0.978663 -0.098663 -0.178663
v -0.985892 -0.071429 -0.149807
v -0.980730 -0.070614 -0.180730
v 0.982928 -0.089004 -0.160000
v 0.980160 -0.080000 -0.179840
v -0.987754 -0.032454 -0.151144
v 0.983135 -0.050942 -0.173327
v -0.988206 0.007372 -0.151463
v 0.984653 -0.009775 -0.172091
v -0.987151 0.048148 -0.150690
v -0.981805 0.049345 -0.181805
v 0.984186 0.030109 -0.172424
v -0.984467 0.089996 -0.148735
v -0.980232 0.080000 -0.180232
v 0.984338 0.072406 -0.160000
v 0.981566 0.061566 -0.178434
v 0.979057 0.088977 -0.180943
v -0.977549 0.110839 -0.177549
v -0.981076 0.120000 -0.151182
v 0.981696 0.101696 -0.160000
v 0.978574 0.128681 -0.160000
v -0.973536 0.151199 -0.169735
v 0.974090 0.168246 -0.149156
v -0.966567 0.195669 -0.164725
v 0.966512 0.203752 -0.154997
v -0.958711 0.240598 -0.150450
v 0.958805 0.233835 -0.160455
v -0.942860 0.294001 -0.154477
v 0.946650 0.272504 -0.170360
v -0.934231 0.312117 -0.170785
v 0.940248 0.300248 -0.160000
v 0.932740 0.326979 -0.150257
v -0.919593 0.359687 -0.157427
v 0.919806 0.356809 -0.162566
v -0.903607 0.400000 -0.152407
v -0.898733 0.400000 -0.178733
v 0.906691 0.386691 -0.167170
v 0.899344 0.408144 -0.155705
v -0.883363 0.439859 -0.160318
v 0.880734 0.447186 -0.154653
v -0.863743 0.480000 -0.152495
v -0.858668 0.480000 -0.178668
v 0.867787 0.467787 -0.166565
v 0.858831 0.487583 -0.156008
v -0.839373 0.520226 -0.156937
v 0.839804 0.518257 -0.161317
v -0.822699 0.537301 -0.182699
v -0.811688 0.560000 -0.165276
v 0.822523 0.542523 -0.169374
v 0.805308 0.571601 -0.155968
v -0.800000 0.578046 -0.160000
v -0.784998 0.600000 -0.153127
v -0.779358 0.600000 -0.179358
v 0.787425 0.592729 -0.167968
v 0.778926 0.607056 -0.156291
v -0.754280 0.637443 -0.156417
v -0.760000 0.625536 -0.174464
v 0.758217 0.629403 -0.168605
v -0.718498 0.676094 -0.162369
v 0.719075 0.675092 -0.164019
v 0.737752 0.657752 -0.150669
v -0.678416 0.716386 -0.162064
v 0.679034 0.715418 -0.163795
v 0.697990 0.697990 -0.160000
v -0.636642 0.753263 -0.163589
v 0.637969 0.751387 -0.167237
v 0.657752 0.737752 -0.150669
v -0.600000 0.783741 -0.160000
v -0.580205 0.800000 -0.151182
v -0.573820 0.800000 -0.173820
v 0.590064 0.790064 -0.165330
v 0.607056 0.778926 -0.156291
v 0.562654 0.812443 -0.151237
v -0.560000 0.814123 -0.152289
v -0.524641 0.835203 -0.163320
v 0.519716 0.839038 -0.160769
v 0.542523 0.822523 -0.169374
v -0.480000 0.862496 -0.160000
v -0.433858 0.886733 -0.157388
v 0.441148 0.883447 -0.157182
v 0.467787 0.867787 -0.166565
v 0.487583 0.858831 -0.156008
v -0.400000 0.902400 -0.160000
v -0.361462 0.918368 -0.160473
v 0.359540 0.919122 -0.160863
v 0.386691 0.906691 -0.167170
v 0.408144 0.899344 -0.155705
v -0.320000 0.934969 -0.151924
v -0.299872 0.940128 -0.160000
v -0.280000 0.944929 -0.168347
v -0.242873 0.956516 -0.160227
v -0.216076 0.960000 -0.176076
v 0.238893 0.957703 -0.159717
v 0.272504 0.946650 -0.170360
v 0.300248 0.940248 -0.160000
v 0.326979 0.932740 -0.150257
v -0.194091 0.968669 -0.153173
v -0.148172 0.977672 -0.146128
v -0.120000 0.979787 -0.160000
v -0.089004 0.982928 -0.160000
v -0.080000 0.980160 -0.179840
v -0.050942 0.983135 -0.173327
v -0.009775 0.984653 -0.172091
v 0.030109 0.984186 -0.172424
v 0.061566 0.981566 -0.178434
v 0.072406 0.984338 -0.160000
v 0.088977 0.979057 -0.180943
v 0.101696 0.981696 -0.160000
v 0.128681 0.978574 -0.160000
v 0.168246 0.974090 -0.149156
v 0.203752 0.966512 -0.154997
v -0.241269 -0.962668 -0.122258
v -0.205842 -0.970115 -0.127292
v -0.167947 -0.976627 -0.132433
v -0.155776 -0.981571 -0.108829
v -0.139935 -0.979935 -0.139935
v -0.112357 -0.987258 -0.110714
v -0.074290 -0.990615 -0.113152
v -0.035446 -0.992623 -0.114611
v 0.004258 -0.993202 -0.115028
v 0.044928 -0.992249 -0.114325
v 0.086688 -0.989637 -0.112404
v 0.129693 -0.985209 -0.109145
v 0.140212 -0.979788 -0.139788
v 0.160000 -0.980742 -0.110848
v 0.160000 -0.977362 -0.137362
v 0.191642 -0.972631 -0.129186
v 0.237899 -0.963445 -0.122171
v -0.361516 -0.924100 -0.123268
v -0.326953 -0.935577 -0.131925
v -0.316334 -0.942148 -0.109113
v -0.276560 -0.953916 -0.115593
v 0.286203 -0.951153 -0.113489
v 0.320000 -0.940754 -0.110873
v 0.320000 -0.937248 -0.137248
v 0.355491 -0.926193 -0.123849
v -0.449306 -0.883611 -0.129967
v -0.465242 -0.877993 -0.110043
v -0.417821 -0.897821 -0.137821
v -0.395323 -0.911336 -0.113757
v -0.420393 -0.900393 -0.110565
v 0.400000 -0.909175 -0.114878
v 0.432847 -0.891780 -0.129303
v 0.419694 -0.900306 -0.111092
v 0.459222 -0.880000 -0.120000
v -0.521236 -0.844368 -0.123288
v -0.497664 -0.857664 -0.128412
v 0.480000 -0.869561 -0.115073
v 0.511850 -0.849904 -0.122342
v -0.565570 -0.813996 -0.131082
v -0.557077 -0.822957 -0.109553
v -0.598198 -0.792926 -0.114712
v 0.560000 -0.820799 -0.110961
v 0.560000 -0.816853 -0.136853
v 0.588782 -0.797720 -0.128139
v -0.616646 -0.776646 -0.127938
v -0.639904 -0.759591 -0.115706
v 0.644589 -0.755154 -0.117522
v -0.680269 -0.721228 -0.129467
v -0.659008 -0.739008 -0.139008
v -0.661509 -0.741508 -0.111083
v 0.675142 -0.726267 -0.126733
v -0.720263 -0.681284 -0.129496
v -0.700049 -0.700049 -0.140049
v -0.702611 -0.702611 -0.111614
v 0.702830 -0.697170 -0.137170
v 0.721154 -0.681668 -0.122649
v -0.739008 -0.659008 -0.139008
v -0.741508 -0.661509 -0.111083
v -0.759912 -0.639525 -0.115671
v 0.758389 -0.640661 -0.119282
v -0.776646 -0.616646 -0.127938
v -0.798449 -0.590919 -0.113655
v 0.796074 -0.593220 -0.117546
v -0.813996 -0.565570 -0.131082
v -0.822957 -0.557077 -0.109553
v 0.819676 -0.560000 -0.120000
v -0.840992 -0.526320 -0.124274
v 0.842307 -0.524689 -0.121970
v -0.857664 -0.497664 -0.128412
v -0.877993 -0.465242 -0.110043
v 0.855955 -0.504045 -0.110744
v 0.867886 -0.480000 -0.126602
v -0.883611 -0.449306 -0.129967
v 0.880000 -0.461094 -0.111483
v 0.880000 -0.454778 -0.134778
v 0.890518 -0.440000 -0.114437
v -0.897821 -0.417821 -0.137821
v -0.900393 -0.420393 -0.110565
v -0.911336 -0.395323 -0.113757
v 0.898428 -0.421572 -0.120000
v 0.907523 -0.400000 -0.126773
v -0.920983 -0.368365 -0.125357
v 0.922783 -0.364436 -0.123203
v -0.935577 -0.326953 -0.131925
v -0.942148 -0.316334 -0.109113
v 0.939762 -0.320000 -0.120000
v -0.953916 -0.276560 -0.115593
v 0.948288 -0.288547 -0.129376
v -0.960666 -0.247493 -0.124505
v 0.963284 -0.239680 -0.119099
v -0.970115 -0.205842 -0.127292
v 0.975533 -0.189467 -0.107912
v -0.976627 -0.167947 -0.132433
v -0.981571 -0.155776 -0.108829
v 0.979787 -0.160000 -0.120000
v -0.979935 -0.139935 -0.139935
v -0.987258 -0.112357 -0.110714
v 0.983639 -0.124245 -0.128489
v -0.990615 -0.074290 -0.113152
v 0.987215 -0.088418 -0.130019
v -0.992623 -0.035446 -0.114611
v 0.990506 -0.046140 -0.127419
v -0.993202 0.004258 -0.115028
v 0.991726 -0.005256 -0.126448
v -0.992249 0.044928 -0.114325
v 0.991072 0.034427 -0.126940
v -0.989637 0.086688 -0.112404
v 0.988700 0.073066 -0.128763
v -0.985209 0.129693 -0.109145
v 0.984729 0.110787 -0.131815
v -0.979788 0.140212 -0.139788
v -0.980742 0.160000 -0.110848
v -0.977362 0.160000 -0.137362
v 0.982365 0.142365 -0.120000
v 0.979787 0.139787 -0.140213
v 0.978281 0.168388 -0.120000
v -0.972631 0.191642 -0.129186
v 0.971812 0.206813 -0.111011
v -0.963276 0.238432 -0.122535
v 0.961550 0.247056 -0.118822
v -0.951153 0.286203 -0.113489
v 0.952765 0.275930 -0.125558
v -0.940754 0.320000 -0.110873
v -0.937248 0.320000 -0.137248
v 0.943757 0.303757 -0.128619
v 0.939286 0.325780 -0.105010
v -0.925749 0.356501 -0.124415
v 0.921143 0.372391 -0.110537
v -0.909175 0.400000 -0.114878
v 0.909713 0.394525 -0.127867
v -0.891780 0.432847 -0.129303
v -0.900306 0.419694 -0.111092
v 0.899657 0.419657 -0.120000
v 0.884205 0.451806 -0.116828
v -0.880000 0.459222 -0.120000
v -0.869561 0.480000 -0.115073
v 0.870441 0.475121 -0.127292
v -0.851535 0.508465 -0.124836
v -0.841929 0.526610 -0.115731
v 0.858504 0.498505 -0.120000
v 0.841159 0.528312 -0.113639
v -0.820799 0.560000 -0.110961
v -0.816853 0.560000 -0.136853
v 0.827166 0.547166 -0.126774
v 0.814096 0.569177 -0.113737
v -0.793687 0.596921 -0.115967
v -0.800000 0.583722 -0.136278
v 0.798135 0.587898 -0.129558
v -0.758505 0.641193 -0.115047
v 0.759803 0.638757 -0.120863
v 0.778068 0.618068 -0.110640
v -0.725748 0.675142 -0.129432
v 0.720571 0.683172 -0.117781
v 0.740851 0.660851 -0.120000
v -0.697170 0.702830 -0.137170
v -0.680580 0.721154 -0.127999
v 0.680590 0.723001 -0.117890
v 0.699934 0.699934 -0.140066
v 0.701993 0.701993 -0.120000
v -0.644886 0.754807 -0.118099
v 0.639779 0.758977 -0.120717
v 0.660851 0.740851 -0.120000
v -0.591681 0.797720 -0.114759
v -0.600000 0.788854 -0.131146
v 0.597714 0.791263 -0.127313
v 0.618068 0.778068 -0.110640
v -0.560000 0.819676 -0.120000
v -0.514754 0.848651 -0.119293
v 0.547166 0.827166 -0.126774
v 0.569177 0.814096 -0.113737
v 0.521548 0.845195 -0.115644
v -0.480000 0.867886 -0.126602
v -0.461094 0.880000 -0.111483
v -0.454778 0.880000 -0.134778
v 0.475121 0.870441 -0.127292
v 0.442506 0.889345 -0.113546
v 0.498505 0.858504 -0.120000
v -0.440000 0.890518 -0.114437
v -0.421572 0.898428 -0.120000
v -0.400000 0.907523 -0.126773
v -0.354123 0.927742 -0.115021
v 0.394525 0.909713 -0.127867
v 0.362090 0.924813 -0.115525
v 0.419657 0.899657 -0.120000
v -0.320000 0.939762 -0.120000
v -0.288547 0.948288 -0.129376
v -0.237371 0.964084 -0.117590
v 0.275930 0.952765 -0.125558
v 0.241295 0.963200 -0.117795
v 0.303757 0.943757 -0.128619
v 0.325780 0.939286 -0.105010
v -0.189467 0.975533 -0.107912
v -0.160000 0.979787 -0.120000
v -0.124245 0.983639 -0.128489
v -0.088418 0.987215 -0.130019
v -0.046140 0.990506 -0.127419
v -0.005256 0.991726 -0.126448
v 0.034427 0.991072 -0.126940
v 0.073066 0.988700 -0.128763
v 0.110787 0.984729 -0.131815
v 0.139787 0.979787 -0.140213
v 0.142365 0.982365 -0.120000
v 0.168388 0.978281 -0.120000
v 0.206813 0.971812 -0.111011
v -0.243489 -0.966118 -0.084444
v -0.278604 -0.957203 -0.077498
v -0.260072 -0.960000 -0.100072
v -0.207957 -0.973775 -0.090017
v -0.178663 -0.978663 -0.098663
v -0.151567 -0.985753 -0.069530
v -0.180730 -0.980730 -0.070614
v -0.114336 -0.990568 -0.073059
v -0.076391 -0.994077 -0.075636
v -0.037659 -0.996215 -0.077207
v 0.001948 -0.996897 -0.077707
v 0.042539 -0.996017 -0.077053
v 0.084246 -0.993440 -0.075139
v 0.127233 -0.988999 -0.071836
v 0.169568 -0.982601 -0.071595
v 0.182045 -0.977955 -0.097955
v 0.200000 -0.975765 -0.087508
v 0.234560 -0.968069 -0.085939
v 0.282726 -0.955905 -0.077350
v 0.260032 -0.960000 -0.099968
v -0.364023 -0.927360 -0.085321
v -0.397837 -0.914234 -0.075234
v -0.378429 -0.920000 -0.098429
v -0.337124 -0.937124 -0.088249
v -0.312757 -0.947006 -0.070510
v 0.320000 -0.944501 -0.072495
v 0.351807 -0.931530 -0.088495
v 0.408145 -0.909550 -0.073300
v 0.377198 -0.920000 -0.102802
v -0.445683 -0.890724 -0.087725
v -0.478330 -0.874777 -0.075842
v -0.423072 -0.903072 -0.071729
v 0.440000 -0.893680 -0.086486
v 0.474616 -0.876203 -0.080876
v -0.522332 -0.848194 -0.086269
v -0.500018 -0.860018 -0.100018
v -0.501851 -0.861851 -0.071127
v 0.500778 -0.859222 -0.099222
v 0.524100 -0.847241 -0.084651
v 0.494373 -0.865627 -0.073371
v -0.574069 -0.814069 -0.086799
v -0.554442 -0.828915 -0.071998
v -0.599175 -0.796768 -0.077542
v 0.560000 -0.825083 -0.072809
v 0.597664 -0.797619 -0.079778
v -0.640758 -0.763225 -0.082381
v -0.618965 -0.778965 -0.098965
v -0.620697 -0.780697 -0.070557
v 0.600000 -0.791934 -0.111934
v 0.627648 -0.772352 -0.092352
v 0.641960 -0.762367 -0.080500
v 0.617236 -0.782764 -0.072748
v -0.681471 -0.726724 -0.084901
v -0.664047 -0.744047 -0.072196
v 0.683679 -0.724954 -0.081337
v -0.721432 -0.687037 -0.085067
v -0.705160 -0.705160 -0.072740
v 0.723471 -0.685206 -0.081674
v -0.760699 -0.643698 -0.082632
v -0.744047 -0.664047 -0.072196
v 0.761645 -0.642747 -0.081008
v -0.778965 -0.618965 -0.098965
v -0.780697 -0.620697 -0.070557
v -0.799294 -0.595818 -0.077020
v 0.780032 -0.619968 -0.080000
v 0.798332 -0.596846 -0.078690
v -0.814069 -0.574069 -0.086799
v -0.828915 -0.554442 -0.071998
v 0.823456 -0.560000 -0.088818
v -0.841858 -0.531986 -0.088266
v 0.848154 -0.524100 -0.074437
v 0.840000 -0.533865 -0.093865
v -0.860018 -0.500018 -0.100018
v -0.861851 -0.501851 -0.071127
v -0.878801 -0.471009 -0.073788
v 0.864513 -0.495487 -0.080000
v 0.877379 -0.473144 -0.076475
v -0.890724 -0.445683 -0.087725
v 0.894891 -0.440000 -0.072302
v -0.903072 -0.423072 -0.071729
v -0.918636 -0.387841 -0.071776
v 0.904992 -0.415008 -0.088384
v 0.914300 -0.395808 -0.083948
v -0.927360 -0.364023 -0.085321
v -0.920000 -0.378429 -0.098429
v 0.920000 -0.378428 -0.098428
v 0.933767 -0.349953 -0.069267
v -0.937124 -0.337124 -0.088249
v -0.947006 -0.312757 -0.070510
v 0.929672 -0.350328 -0.110328
v 0.943041 -0.320000 -0.088964
v -0.959308 -0.271567 -0.074518
v 0.956182 -0.280373 -0.080916
v -0.966118 -0.243489 -0.084444
v -0.960000 -0.260072 -0.100072
v 0.960000 -0.260071 -0.100071
v 0.969311 -0.233606 -0.072819
v -0.973775 -0.207957 -0.090017
v 0.977043 -0.200000 -0.071214
v -0.978663 -0.178663 -0.098663
v -0.980730 -0.180730 -0.070614
v -0.985753 -0.151567 -0.069530
v 0.980160 -0.179840 -0.080000
v 0.982928 -0.160000 -0.089004
v -0.990568 -0.114336 -0.073059
v 0.987286 -0.128489 -0.089877
v -0.994077 -0.076391 -0.075636
v 0.992458 -0.084947 -0.085843
v -0.996215 -0.037659 -0.077207
v 0.995442 -0.042938 -0.083522
v -0.996897 0.001948 -0.077707
v 0.996464 -0.002241 -0.082726
v -0.996017 0.042539 -0.077053
v 0.995703 0.037323 -0.083305
v -0.993440 0.084246 -0.075139
v 0.993299 0.075894 -0.085142
v -0.988999 0.127233 -0.071836
v 0.989362 0.113587 -0.088147
v -0.982601 0.169568 -0.071595
v 0.984700 0.148735 -0.087746
v 0.980158 0.169161 -0.099842
v -0.977955 0.182045 -0.097955
v -0.975765 0.200000 -0.087508
v 0.980232 0.180232 -0.080000
v 0.975271 0.208814 -0.068487
v -0.968069 0.234560 -0.085939
v 0.966769 0.243852 -0.074904
v -0.956131 0.282109 -0.076958
v -0.960000 0.260032 -0.099968
v 0.958447 0.272992 -0.081181
v 0.960000 0.260030 -0.099970
v -0.944501 0.320000 -0.072495
v 0.946427 0.310424 -0.086565
v -0.931530 0.351807 -0.088495
v 0.938177 0.338177 -0.070699
v 0.928134 0.364415 -0.073904
v -0.909178 0.408516 -0.076240
v -0.920000 0.377198 -0.102802
v 0.916942 0.389982 -0.082315
v -0.893680 0.440000 -0.086486
v 0.901956 0.421956 -0.089386
v 0.891866 0.446219 -0.071133
v -0.875400 0.476976 -0.077005
v -0.880000 0.464513 -0.095487
v 0.878654 0.468541 -0.088760
v -0.859222 0.500778 -0.099222
v -0.865627 0.494373 -0.073371
v -0.847241 0.524100 -0.084651
v 0.861448 0.501448 -0.080000
v 0.859934 0.499934 -0.100066
v 0.842059 0.534354 -0.069252
v -0.825083 0.560000 -0.072809
v 0.826387 0.555205 -0.091309
v 0.819702 0.567429 -0.076206
v -0.798557 0.596011 -0.082369
v 0.799202 0.594946 -0.083907
v -0.772352 0.627648 -0.092352
v -0.782764 0.617236 -0.072748
v -0.761443 0.643307 -0.078229
v 0.780280 0.620280 -0.080000
v 0.760780 0.644288 -0.076728
v -0.723024 0.686203 -0.076883
v 0.743057 0.663056 -0.088794
v 0.721603 0.688093 -0.073765
v -0.683180 0.725848 -0.077271
v 0.704238 0.704238 -0.088181
v 0.681656 0.727677 -0.074021
v -0.641680 0.762770 -0.078816
v 0.663056 0.743057 -0.088794
v 0.640858 0.763658 -0.077116
v -0.598081 0.797170 -0.081089
v -0.619968 0.780032 -0.080000
v 0.599034 0.796283 -0.083048
v 0.620280 0.780280 -0.080000
v -0.560000 0.823456 -0.088818
v -0.531032 0.842591 -0.086932
v 0.555205 0.826387 -0.091309
v 0.567429 0.819702 -0.076206
v 0.522704 0.849194 -0.072446
v -0.501487 0.858513 -0.101487
v -0.495487 0.864513 -0.080000
v -0.475816 0.875560 -0.080966
v 0.477963 0.874067 -0.085167
v 0.499934 0.859934 -0.100066
v 0.501448 0.861448 -0.080000
v -0.440000 0.894891 -0.072302
v -0.415008 0.904992 -0.088384
v -0.394288 0.915176 -0.080332
v -0.378428 0.920000 -0.098428
v 0.397983 0.913331 -0.084612
v 0.421956 0.901956 -0.089386
v 0.446219 0.891866 -0.071133
v -0.349953 0.933767 -0.069267
v -0.320000 0.943041 -0.088964
v -0.283166 0.955255 -0.082783
v -0.260071 0.960000 -0.100071
v 0.278714 0.956769 -0.082232
v 0.260030 0.960000 -0.099970
v 0.310424 0.946427 -0.086565
v 0.338177 0.938177 -0.070699
v 0.364415 0.928134 -0.073904
v -0.233606 0.969311 -0.072819
v -0.200000 0.977043 -0.071214
v -0.179840 0.980160 -0.080000
v -0.160000 0.982928 -0.089004
v -0.128489 0.987286 -0.089877
v -0.084947 0.992458 -0.085843
v -0.042938 0.995442 -0.083522
v -0.002241 0.996464 -0.082726
v 0.037323 0.995703 -0.083305
v 0.075894 0.993299 -0.085142
v 0.113587 0.989362 -0.088147
v 0.148735 0.984700 -0.087746
v 0.169161 0.980158 -0.099842
v 0.180232 0.980232 -0.080000
v 0.208814 0.975271 -0.068487
v 0.243852 0.966769 -0.074904
v -0.244756 -0.968343 -0.046114
v -0.279626 -0.959282 -0.039334
v -0.207599 -0.976547 -0.052657
v -0.195613 -0.980056 -0.027526
v -0.152638 -0.987570 -0.030777
v -0.115521 -0.992549 -0.034462
v -0.077679 -0.996196 -0.037168
v -0.039035 -0.998443 -0.038839
v 0.000502 -0.999202 -0.039404
v 0.041049 -0.998359 -0.038772
v 0.082745 -0.995772 -0.036832
v 0.125764 -0.991264 -0.033443
v 0.170318 -0.984615 -0.028432
v 0.200000 -0.978434 -0.048949
v 0.232484 -0.971103 -0.048265
v 0.280562 -0.958965 -0.039549
v -0.365228 -0.929577 -0.046986
v -0.398581 -0.916299 -0.036866
v -0.339202 -0.939202 -0.049387
v -0.313751 -0.948780 -0.031727
v 0.320000 -0.946696 -0.033419
v 0.349103 -0.935246 -0.051389
v 0.404930 -0.913294 -0.036276
v -0.445579 -0.893588 -0.050739
v -0.432308 -0.900840 -0.036184
v -0.479006 -0.876931 -0.037507
v 0.440000 -0.896540 -0.048008
v 0.485682 -0.873043 -0.035864
v -0.524947 -0.849676 -0.047007
v -0.557094 -0.829593 -0.031808
v -0.538786 -0.840000 -0.058786
v -0.503334 -0.863334 -0.031729
v 0.520000 -0.852751 -0.046164
v 0.540849 -0.840000 -0.040000
v 0.538429 -0.840000 -0.061571
v -0.575942 -0.815942 -0.047809
v -0.599787 -0.799167 -0.039355
v 0.560000 -0.827612 -0.033882
v 0.603324 -0.796384 -0.037757
v -0.641363 -0.765801 -0.044350
v -0.622124 -0.782124 -0.031127
v 0.643281 -0.764288 -0.041170
v -0.682075 -0.729515 -0.047047
v -0.665512 -0.745512 -0.032809
v 0.689703 -0.723004 -0.033470
v 0.680000 -0.731127 -0.051127
v -0.722018 -0.689972 -0.047299
v -0.706638 -0.706638 -0.033368
v 0.729175 -0.683173 -0.033828
v 0.720000 -0.691703 -0.051703
v -0.761253 -0.646681 -0.044835
v -0.745512 -0.665512 -0.032809
v 0.762774 -0.645005 -0.042069
v -0.782124 -0.622124 -0.031127
v -0.799819 -0.598912 -0.039209
v 0.795526 -0.603934 -0.043802
v -0.815942 -0.575942 -0.047809
v -0.837689 -0.544828 -0.029085
v 0.826957 -0.560000 -0.046773
v -0.849676 -0.524947 -0.047007
v -0.840000 -0.538786 -0.058786
v 0.840000 -0.541194 -0.030770
v 0.840000 -0.538786 -0.058786
v 0.853327 -0.520000 -0.033259
v -0.863334 -0.503334 -0.031729
v -0.879297 -0.474603 -0.036179
v 0.877681 -0.477367 -0.037679
v 0.869380 -0.490620 -0.050620
v -0.893588 -0.445579 -0.050739
v -0.900840 -0.432308 -0.036184
v 0.897254 -0.440000 -0.031278
v -0.919126 -0.391943 -0.034388
v 0.917520 -0.395409 -0.036203
v 0.910537 -0.409463 -0.049463
v -0.929577 -0.365228 -0.046986
v 0.920000 -0.385536 -0.065536
v 0.933878 -0.355304 -0.033836
v -0.939202 -0.339202 -0.049387
v -0.948780 -0.313751 -0.031727
v 0.946085 -0.320000 -0.047191
v -0.959823 -0.277713 -0.038448
v 0.959103 -0.279953 -0.040083
v -0.968343 -0.244756 -0.046114
v 0.971924 -0.231854 -0.030914
v -0.976547 -0.207599 -0.052657
v -0.980056 -0.195613 -0.027526
v 0.979164 -0.200000 -0.030321
v -0.987570 -0.152638 -0.030777
v 0.983414 -0.171221 -0.052768
v -0.992549 -0.115521 -0.034462
v 0.990610 -0.126244 -0.047211
v -0.996196 -0.077679 -0.037168
v 0.995467 -0.082963 -0.043473
v -0.998443 -0.039035 -0.038839
v 0.998244 -0.041128 -0.041342
v -0.999202 0.000502 -0.039404
v 0.999148 -0.000539 -0.040650
v -0.998359 0.041049 -0.038772
v 0.998341 0.038968 -0.041263
v -0.995772 0.082745 -0.036832
v 0.995954 0.077524 -0.043074
v -0.991264 0.125764 -0.033443
v 0.992087 0.115234 -0.045999
v -0.984615 0.170318 -0.028432
v 0.986819 0.152184 -0.049975
v -0.978434 0.200000 -0.048949
v 0.981804 0.181804 -0.049345
v 0.977949 0.205899 -0.026367
v -0.971103 0.232484 -0.048265
v 0.968775 0.244997 -0.033454
v -0.959196 0.279583 -0.040296
v 0.959812 0.277134 -0.042135
v -0.946696 0.320000 -0.033419
v 0.948128 0.313404 -0.048925
v -0.935246 0.349103 -0.051389
v 0.939782 0.339782 -0.030033
v 0.930067 0.365477 -0.032524
v -0.913656 0.404347 -0.034963
v -0.920000 0.387555 -0.052445
v 0.919074 0.390664 -0.046917
v -0.896540 0.440000 -0.048008
v 0.904117 0.424117 -0.048131
v 0.893698 0.447203 -0.029860
v -0.874701 0.482535 -0.037355
v 0.879255 0.473916 -0.044531
v -0.852751 0.520000 -0.046164
v 0.862810 0.502810 -0.048794
v 0.850185 0.525168 -0.032484
v -0.840000 0.540849 -0.040000
v -0.840000 0.538429 -0.061571
v -0.827612 0.560000 -0.033882
v 0.835098 0.547999 -0.043651
v -0.797319 0.602103 -0.038043
v 0.799807 0.598804 -0.040905
v 0.816382 0.576382 -0.031752
v -0.762599 0.645490 -0.037271
v 0.781578 0.621578 -0.049418
v 0.761323 0.647191 -0.034610
v -0.728567 0.683173 -0.045563
v 0.745070 0.665070 -0.047633
v 0.722135 0.690691 -0.031906
v -0.689024 0.723004 -0.045852
v 0.706230 0.706230 -0.047040
v 0.682201 0.730164 -0.032219
v -0.643038 0.764638 -0.038237
v 0.665070 0.745070 -0.047633
v 0.641450 0.766177 -0.035213
v -0.605116 0.794591 -0.044049
v 0.599769 0.799107 -0.040718
v 0.621578 0.781578 -0.049418
v -0.560000 0.826957 -0.046773
v -0.541194 0.840000 -0.030770
v -0.538786 0.840000 -0.058786
v 0.557357 0.828645 -0.047752
v 0.576382 0.816382 -0.031752
v -0.520000 0.853327 -0.033259
v -0.520000 0.851126 -0.068873
v -0.486891 0.871873 -0.045389
v 0.478904 0.876730 -0.042778
v 0.502810 0.862810 -0.048794
v 0.525168 0.850185 -0.032484
v -0.440000 0.897254 -0.031278
v -0.405851 0.912478 -0.044697
v 0.398399 0.916065 -0.043524
v 0.424117 0.904117 -0.048131
v 0.447203 0.893698 -0.029860
v -0.355304 0.933878 -0.033836
v -0.320000 0.946085 -0.047191
v -0.280717 0.958871 -0.040616
v 0.279549 0.959238 -0.040782
v 0.313404 0.948128 -0.048925
v 0.339782 0.939782 -0.030033
v 0.365477 0.930067 -0.032524
v -0.231854 0.971924 -0.030914
v -0.200000 0.979164 -0.030321
v -0.171221 0.983414 -0.052768
v -0.126244 0.990610 -0.047211
v -0.082963 0.995467 -0.043473
v -0.041128 0.998244 -0.041342
v -0.000539 0.999148 -0.040650
v 0.038968 0.998341 -0.041263
v 0.077524 0.995954 -0.043074
v 0.115234 0.992087 -0.045999
v 0.152184 0.986819 -0.049975
v 0.181804 0.981804 -0.049345
v 0.205899 0.977949 -0.026367
v 0.244997 0.968775 -0.033454
v -0.280000 -0.960000 -0.000001
v -0.245277 -0.969261 -0.006847
v -0.216100 -0.976099 -0.007985
v -0.195709 -0.980335 0.012486
v -0.152868 -0.987967 0.009017
v -0.115846 -0.993097 0.005181
v -0.078084 -0.996865 0.002357
v -0.039502 -0.999197 0.000604
v 0.000000 -1.000000 0.000000
v 0.040543 -0.999152 0.000641
v 0.082278 -0.996503 0.002649
v 0.125391 -0.991860 0.006179
v 0.170110 -0.984988 0.011420
v 0.200000 -0.979594 -0.009700
v 0.231537 -0.972447 -0.009374
v 0.280000 -0.960000 0.000000
v -0.365729 -0.930511 -0.007735
v -0.398800 -0.916951 0.002651
v -0.340104 -0.940104 -0.009976
v -0.313987 -0.949192 0.008046
v 0.320000 -0.947259 0.006440
v 0.340201 -0.939799 -0.009739
v 0.360000 -0.932796 -0.006332
v 0.404291 -0.914339 0.003346
v -0.445952 -0.894738 -0.011741
v -0.432491 -0.901468 0.003784
v -0.479220 -0.877628 0.001969
v 0.440000 -0.897763 -0.008786
v 0.484666 -0.874397 0.003523
v -0.525413 -0.850625 -0.007767
v -0.557209 -0.830084 0.007955
v -0.503670 -0.863670 0.008227
v 0.520000 -0.853951 -0.006897
v 0.541985 -0.840000 -0.009179
v -0.600000 -0.800000 -0.000006
v -0.576727 -0.816727 -0.008306
v 0.560000 -0.828282 0.005932
v 0.600000 -0.800000 0.000000
v -0.641605 -0.766832 -0.005207
v -0.622433 -0.782433 0.008848
v 0.643601 -0.765089 -0.001673
v -0.682327 -0.730722 -0.007541
v -0.665869 -0.745869 0.007118
v 0.690190 -0.723276 0.006730
v 0.680000 -0.732762 -0.012762
v -0.722262 -0.691245 -0.008370
v 0.729656 -0.683460 0.006381
v 0.720000 -0.693461 -0.013461
v -0.761470 -0.647907 -0.005823
v -0.745869 -0.665869 0.007118
v 0.763064 -0.645979 -0.002729
v -0.800000 -0.600000 -0.000006
v -0.782433 -0.622433 0.008848
v 0.800000 -0.600000 0.000000
v -0.816727 -0.576727 -0.008306
v -0.837806 -0.545313 0.010796
v 0.828282 -0.560000 -0.005932
v -0.850625 -0.525413 -0.007767
v 0.840000 -0.541985 0.009179
v 0.853951 -0.520000 0.006897
v -0.863670 -0.503670 0.008227
v -0.879458 -0.475720 0.003107
v 0.875639 -0.482409 -0.002508
v -0.894738 -0.445952 -0.011741
v -0.901468 -0.432491 0.003784
v 0.897763 -0.440000 0.008786
v -0.919281 -0.393102 0.004953
v 0.915578 -0.401394 -0.001689
v -0.930511 -0.365729 -0.007735
v 0.932796 -0.360000 0.006332
v -0.940104 -0.340104 -0.009976
v -0.949192 -0.313987 0.008046
v 0.939799 -0.340201 0.009739
v 0.939426 -0.340574 -0.020574
v 0.947259 -0.320000 -0.006440
v -0.960000 -0.280000 -0.000002
v 0.960000 -0.280000 0.000000
v -0.969261 -0.245277 -0.006847
v 0.972446 -0.231537 0.009374
v -0.976099 -0.216100 -0.007985
v -0.980335 -0.195709 0.012486
v 0.979593 -0.200000 0.009700
v -0.987967 -0.152868 0.009017
v 0.984988 -0.170110 -0.011420
v -0.993097 -0.115846 0.005181
v 0.991860 -0.125391 -0.006179
v -0.996865 -0.078084 0.002357
v 0.996502 -0.082279 -0.002650
v -0.999197 -0.039502 0.000604
v 0.999152 -0.040543 -0.000641
v -1.000000 0.000000 0.000000
v 1.000000 -0.000000 -0.000000
v -0.999152 0.040543 0.000641
v 0.999197 0.039502 -0.000605
v -0.996503 0.082278 0.002649
v 0.996865 0.078084 -0.002357
v -0.991860 0.125391 0.006179
v 0.993097 0.115846 -0.005181
v -0.984988 0.170110 0.011420
v 0.987966 0.152868 -0.009017
v -0.979594 0.200000 -0.009700
v 0.982834 0.182834 -0.008659
v 0.978194 0.206021 0.013692
v -0.972447 0.231537 -0.009374
v 0.969260 0.245277 0.006846
v -0.960000 0.280000 0.000000
v 0.960000 0.279999 -0.000001
v -0.947259 0.320000 0.006440
v 0.949191 0.313987 -0.008047
v -0.939799 0.340201 -0.009739
v -0.932796 0.360000 -0.006332
v 0.940104 0.340104 0.009976
v 0.930510 0.365729 0.007735
v -0.915579 0.401394 0.001689
v 0.919281 0.393101 -0.004953
v -0.897763 0.440000 -0.008786
v 0.904981 0.424981 -0.007569
v 0.894045 0.447408 0.010302
v -0.875639 0.482409 0.002508
v 0.879458 0.475719 -0.003107
v -0.853951 0.520000 -0.006897
v 0.863670 0.503670 -0.008227
v 0.850625 0.525413 0.007767
v -0.840000 0.541985 -0.009179
v -0.828282 0.560000 0.005932
v 0.837806 0.545312 -0.010796
v -0.800000 0.600000 0.000000
v 0.800000 0.600000 -0.000000
v 0.816726 0.576726 0.008306
v -0.763064 0.645979 0.002729
v 0.782433 0.622433 -0.008849
v 0.761470 0.647907 0.005822
v -0.729657 0.683460 -0.006381
v 0.745869 0.665869 -0.007118
v 0.722262 0.691245 0.008369
v -0.720000 0.693060 -0.026940
v -0.690190 0.723275 -0.006730
v 0.707010 0.707010 -0.006543
v 0.682329 0.730711 0.008064
v -0.680000 0.732344 -0.027656
v -0.643601 0.765089 0.001673
v 0.665869 0.745869 -0.007118
v 0.641605 0.766831 0.005207
v -0.600000 0.800000 0.000000
v 0.600000 0.800000 -0.000000
v 0.622433 0.782433 -0.008849
v -0.560000 0.828282 -0.005932
v -0.541985 0.840000 0.009179
v 0.557209 0.830084 -0.007955
v 0.576726 0.816726 0.008306
v -0.520000 0.853951 0.006897
v -0.484666 0.874396 -0.003523
v 0.479220 0.877627 -0.001969
v 0.503670 0.863670 -0.008227
v 0.525413 0.850625 0.007767
v -0.440000 0.897763 0.008786
v -0.404291 0.914338 -0.003347
v 0.398800 0.916951 -0.002651
v 0.424981 0.904981 -0.007569
v 0.447408 0.894045 0.010302
v -0.360000 0.932796 0.006332
v -0.340574 0.939426 -0.020574
v -0.340201 0.939799 0.009739
v -0.320000 0.947259 -0.006440
v -0.280000 0.960000 -0.000000
v 0.280000 0.960000 -0.000000
v 0.313987 0.949191 -0.008047
v 0.340104 0.940104 0.009976
v 0.365729 0.930510 0.007735
v -0.231537 0.972446 0.009374
v -0.200000 0.979593 0.009700
v -0.170110 0.984988 -0.011420
v -0.125391 0.991860 -0.006179
v -0.082279 0.996502 -0.002650
v -0.040543 0.999152 -0.000641
v -0.000000 1.000000 -0.000000
v 0.039502 0.999197 -0.000605
v 0.078084 0.996865 -0.002357
v 0.115846 0.993097 -0.005181
v 0.152868 0.987966 -0.009017
v 0.182834 0.982834 -0.008659
v 0.206021 0.978194 0.013692
v 0.245277 0.969260 0.006846
v -0.244997 -0.968775 0.033454
v -0.279549 -0.959239 0.040781
v -0.211798 -0.976541 0.032092
v -0.152184 -0.986819 0.049975
v -0.181805 -0.981805 0.049345
v -0.115234 -0.992088 0.045999
v -0.077524 -0.995954 0.043073
v -0.038968 -0.998341 0.041262
v 0.000539 -0.999148 0.040650
v 0.041128 -0.998245 0.041342
v 0.082963 -0.995467 0.043472
v 0.126243 -0.990610 0.047211
v 0.171221 -0.983414 0.052768
v 0.200000 -0.979164 0.030321
v 0.231854 -0.971924 0.030913
v 0.280717 -0.958872 0.040616
v -0.365477 -0.930068 0.032523
v -0.398399 -0.916066 0.043523
v -0.339783 -0.939783 0.030033
v -0.313404 -0.948128 0.048925
v 0.320000 -0.946086 0.047191
v 0.340574 -0.939426 0.020574
v 0.355304 -0.933879 0.033836
v 0.405850 -0.912478 0.044696
v -0.445738 -0.894461 0.028388
v -0.432058 -0.900591 0.044066
v -0.478904 -0.876730 0.042777
v 0.440000 -0.897255 0.031277
v 0.486891 -0.871873 0.045389
v -0.525168 -0.850185 0.032484
v -0.557357 -0.828646 0.047752
v -0.502810 -0.862810 0.048794
v 0.520000 -0.853328 0.033259
v 0.539817 -0.840000 0.049393
v 0.541540 -0.840000 0.021540
v -0.576382 -0.816382 0.031751
v -0.599770 -0.799107 0.040717
v 0.560000 -0.826957 0.046773
v 0.605115 -0.794592 0.044048
v -0.641450 -0.766177 0.035213
v -0.621578 -0.781578 0.049418
v 0.643038 -0.764638 0.038237
v -0.682201 -0.730164 0.032219
v -0.665070 -0.745070 0.047633
v 0.689024 -0.723004 0.045852
v 0.680000 -0.732344 0.027656
v -0.722135 -0.690691 0.031906
v -0.706231 -0.706231 0.047040
v 0.728567 -0.683173 0.045563
v 0.720000 -0.693060 0.026940
v -0.761323 -0.647192 0.034610
v -0.745070 -0.665070 0.047633
v 0.762599 -0.645490 0.037271
v -0.781578 -0.621578 0.049418
v -0.799807 -0.598805 0.040904
v 0.797318 -0.602104 0.038042
v -0.816382 -0.576382 0.031751
v -0.835098 -0.548000 0.043651
v 0.827612 -0.560000 0.033882
v -0.850185 -0.525168 0.032484
v 0.840000 -0.540848 0.040000
v 0.852751 -0.520000 0.046164
v -0.862810 -0.502810 0.048794
v -0.879256 -0.473917 0.044530
v 0.874701 -0.482535 0.037355
v -0.894461 -0.445738 0.028388
v -0.900591 -0.432058 0.044066
v 0.896540 -0.440000 0.048008
v -0.919075 -0.390665 0.046916
v 0.913656 -0.404348 0.034963
v -0.930068 -0.365477 0.032523
v 0.935246 -0.349103 0.051389
v -0.939783 -0.339783 0.030033
v -0.948128 -0.313404 0.048925
v 0.946695 -0.320000 0.033419
v -0.959812 -0.277136 0.042134
v 0.959196 -0.279583 0.040296
v -0.968775 -0.244997 0.033454
v 0.971103 -0.232484 0.048265
v -0.976541 -0.211798 0.032092
v 0.978433 -0.200000 0.048948
v -0.981805 -0.181805 0.049345
v -0.986819 -0.152184 0.049975
v 0.984614 -0.170319 0.028432
v -0.992088 -0.115234 0.045999
v 0.991263 -0.125765 0.033443
v -0.995954 -0.077524 0.043073
v 0.995771 -0.082746 0.036832
v -0.998341 -0.038968 0.041262
v 0.998358 -0.041049 0.038772
v -0.999148 0.000539 0.040650
v 0.999201 -0.000503 0.039404
v -0.998245 0.041128 0.041342
v 0.998443 0.039035 0.038839
v -0.995467 0.082963 0.043472
v 0.996195 0.077678 0.037168
v -0.990610 0.126243 0.047211
v 0.992548 0.115520 0.034462
v -0.983414 0.171221 0.052768
v 0.987570 0.152637 0.030776
v -0.979164 0.200000 0.030321
v 0.982452 0.182452 0.031303
v 0.976208 0.209362 0.051892
v -0.971924 0.231854 0.030913
v 0.968342 0.244756 0.046113
v -0.959103 0.279953 0.040083
v 0.959822 0.277712 0.038447
v -0.946086 0.320000 0.047191
v 0.948779 0.313751 0.031727
v -0.939426 0.340574 0.020574
v -0.933879 0.355304 0.033836
v 0.939202 0.339202 0.049387
v 0.929577 0.365228 0.046986
v -0.917520 0.395410 0.036203
v 0.919126 0.391942 0.034387
v -0.897255 0.440000 0.031277
v 0.904615 0.424615 0.032367
v 0.893023 0.446886 0.049466
v -0.877681 0.477367 0.037679
v 0.879297 0.474602 0.036179
v -0.853328 0.520000 0.033259
v 0.863333 0.503333 0.031729
v 0.842419 0.535841 0.051144
v -0.840000 0.539817 0.049393
v -0.840000 0.541540 0.021540
v -0.826957 0.560000 0.046773
v 0.830756 0.555383 0.033259
v 0.840000 0.541540 0.021540
v -0.795526 0.603933 0.043801
v 0.799819 0.598911 0.039209
v 0.815942 0.575942 0.047808
v -0.762774 0.645005 0.042069
v 0.782123 0.622123 0.031127
v 0.761253 0.646680 0.044835
v -0.729176 0.683173 0.033828
v 0.745512 0.665512 0.032809
v 0.722018 0.689971 0.047298
v -0.720000 0.693461 0.013461
v -0.689703 0.723004 0.033470
v 0.706638 0.706638 0.033368
v 0.682075 0.729514 0.047046
v -0.680000 0.732762 0.012762
v -0.643281 0.764288 0.041170
v 0.665512 0.745512 0.032809
v 0.641363 0.765800 0.044350
v -0.603324 0.796383 0.037757
v 0.599787 0.799167 0.039355
v 0.622123 0.782123 0.031127
v -0.560000 0.827612 0.033882
v -0.540848 0.840000 0.040000
v 0.555383 0.830756 0.033259
v 0.535841 0.842419 0.051144
v 0.541540 0.840000 0.021540
v 0.575942 0.815942 0.047808
v -0.520000 0.852751 0.046164
v -0.485683 0.873043 0.035864
v 0.479006 0.876931 0.037507
v 0.503333 0.863333 0.031729
v -0.440000 0.896540 0.048008
v -0.404931 0.913293 0.036275
v 0.398581 0.916298 0.036866
v 0.424615 0.904615 0.032367
v 0.446886 0.893023 0.049466
v -0.349103 0.935246 0.051389
v -0.320000 0.946695 0.033419
v -0.280562 0.958965 0.039549
v 0.279626 0.959282 0.039333
v 0.313751 0.948779 0.031727
v 0.339202 0.939202 0.049387
v 0.365228 0.929577 0.046986
v -0.232484 0.971103 0.048265
v -0.200000 0.978433 0.048948
v -0.170319 0.984614 0.028432
v -0.125765 0.991263 0.033443
v -0.082746 0.995771 0.036832
v -0.041049 0.998358 0.038772
v -0.000503 0.999201 0.039404
v 0.039035 0.998443 0.038839
v 0.077678 0.996195 0.037168
v 0.115520 0.992548 0.034462
v 0.152637 0.987570 0.030776
v 0.182452 0.982452 0.031303
v 0.209362 0.976208 0.051892
v 0.244756 0.968342 0.046113
v -0.243852 -0.966770 0.074904
v -0.278715 -0.956770 0.082231
v -0.208814 -0.975271 0.068486
v -0.150495 -0.983976 0.092247
v -0.180232 -0.980232 0.080000
v -0.113587 -0.989362 0.088147
v -0.075894 -0.993300 0.085142
v -0.037323 -0.995703 0.083304
v 0.002240 -0.996465 0.082725
v 0.042938 -0.995443 0.083522
v 0.084947 -0.992459 0.085843
v 0.128489 -0.987286 0.089877
v 0.160000 -0.982928 0.089003
v 0.200000 -0.977044 0.071214
v 0.179840 -0.980160 0.080000
v 0.233606 -0.969312 0.072819
v 0.283166 -0.955255 0.082782
v -0.364415 -0.928135 0.073904
v -0.397983 -0.913332 0.084612
v -0.338177 -0.938177 0.070699
v -0.311930 -0.945449 0.091046
v 0.320000 -0.943042 0.088964
v 0.349953 -0.933767 0.069267
v 0.380830 -0.920000 0.089214
v 0.385536 -0.920000 0.065536
v -0.446219 -0.891866 0.071132
v -0.477964 -0.874067 0.085167
v -0.421956 -0.901956 0.089386
v 0.403312 -0.910989 0.083948
v 0.440000 -0.894891 0.072302
v 0.475816 -0.875560 0.080966
v -0.522704 -0.849194 0.072446
v -0.501448 -0.861448 0.080000
v 0.531033 -0.842591 0.086932
v 0.495487 -0.864513 0.080000
v 0.520000 -0.851127 0.068873
v -0.574858 -0.814858 0.072413
v -0.553866 -0.827526 0.089391
v -0.599035 -0.796283 0.083047
v 0.560000 -0.823456 0.088818
v 0.598081 -0.797170 0.081088
v -0.640859 -0.763659 0.077115
v -0.620280 -0.780280 0.080000
v 0.641680 -0.762770 0.078816
v 0.619968 -0.780032 0.080000
v -0.681656 -0.727678 0.074021
v -0.663057 -0.743057 0.088794
v 0.683180 -0.725848 0.077271
v -0.721604 -0.688094 0.073764
v -0.704239 -0.704239 0.088181
v 0.723024 -0.686203 0.076883
v -0.760780 -0.644289 0.076727
v -0.743057 -0.663057 0.088794
v 0.761443 -0.643307 0.078229
v -0.780280 -0.620280 0.080000
v -0.799202 -0.594947 0.083907
v 0.776192 -0.623808 0.086176
v 0.785495 -0.614505 0.065495
v 0.798557 -0.596011 0.082369
v -0.814858 -0.574858 0.072413
v -0.827526 -0.553866 0.089391
v 0.825082 -0.560000 0.072809
v -0.842059 -0.534355 0.069251
v 0.847241 -0.524100 0.084650
v 0.840000 -0.538428 0.061572
v -0.861448 -0.501448 0.080000
v -0.878654 -0.468542 0.088759
v 0.865627 -0.494373 0.073371
v 0.875400 -0.476976 0.077004
v -0.891866 -0.446219 0.071132
v 0.893679 -0.440000 0.086486
v -0.901956 -0.421956 0.089386
v -0.916942 -0.389983 0.082315
v 0.909178 -0.408516 0.076240
v -0.928135 -0.364415 0.073904
v 0.920000 -0.387555 0.052445
v 0.931529 -0.351807 0.088495
v -0.938177 -0.338177 0.070699
v -0.945449 -0.311930 0.091046
v 0.944500 -0.320000 0.072495
v -0.958447 -0.272994 0.081181
v 0.956131 -0.282109 0.076958
v -0.966770 -0.243852 0.074904
v 0.968069 -0.234560 0.085938
v -0.975271 -0.208814 0.068486
v 0.975765 -0.200000 0.087507
v -0.980232 -0.180232 0.080000
v -0.983976 -0.150495 0.092247
v 0.979057 -0.180943 0.088977
v 0.981566 -0.178434 0.061566
v 0.984338 -0.160000 0.072406
v -0.989362 -0.113587 0.088147
v 0.988999 -0.127233 0.071836
v -0.993300 -0.075894 0.085142
v 0.993440 -0.084247 0.075138
v -0.995703 -0.037323 0.083304
v 0.996017 -0.042539 0.077052
v -0.996465 0.002240 0.082725
v 0.996897 -0.001948 0.077707
v -0.995443 0.042938 0.083522
v 0.996215 0.037659 0.077207
v -0.992459 0.084947 0.085843
v 0.994077 0.076391 0.075635
v -0.987286 0.128489 0.089877
v 0.990568 0.114336 0.073059
v -0.982928 0.160000 0.089003
v 0.985753 0.151567 0.069530
v -0.980160 0.179840 0.080000
v -0.977044 0.200000 0.071214
v 0.979447 0.179447 0.089331
v 0.981227 0.181227 0.061227
v 0.973775 0.207956 0.090017
v -0.969312 0.233606 0.072819
v 0.966117 0.243489 0.084444
v -0.956182 0.280373 0.080916
v 0.959308 0.271566 0.074517
v -0.943042 0.320000 0.088964
v 0.947005 0.312757 0.070510
v -0.933767 0.349953 0.069267
v 0.937124 0.337124 0.088248
v 0.927359 0.364023 0.085321
v -0.920000 0.380830 0.089214
v -0.920000 0.385536 0.065536
v -0.910989 0.403312 0.083948
v 0.917424 0.390851 0.071070
v -0.910537 0.409463 0.049463
v -0.894891 0.440000 0.072302
v 0.903072 0.423072 0.071729
v 0.890724 0.445682 0.087725
v -0.877379 0.473145 0.076475
v 0.878801 0.471008 0.073787
v -0.869380 0.490620 0.050620
v -0.864513 0.495487 0.080000
v -0.848154 0.524100 0.074437
v 0.861851 0.501851 0.071127
v 0.841858 0.531985 0.088265
v -0.823456 0.560000 0.088818
v 0.828302 0.555493 0.070606
v 0.820615 0.563517 0.092661
v -0.798332 0.596845 0.078690
v 0.799294 0.595817 0.077020
v -0.780032 0.619968 0.080000
v -0.761645 0.642747 0.081008
v 0.779622 0.619622 0.089482
v 0.781114 0.621114 0.061114
v 0.760699 0.643698 0.082631
v -0.723471 0.685206 0.081673
v 0.744046 0.664046 0.072195
v 0.721432 0.687036 0.085067
v -0.720000 0.691703 0.051703
v -0.683679 0.724954 0.081337
v 0.705159 0.705159 0.072740
v 0.681471 0.726723 0.084900
v -0.680000 0.731127 0.051127
v -0.641960 0.762367 0.080500
v 0.664046 0.744046 0.072195
v 0.640758 0.763225 0.082380
v -0.614505 0.785495 0.065495
v -0.623808 0.776192 0.086176
v -0.597664 0.797619 0.079778
v 0.599175 0.796768 0.077541
v 0.621114 0.781114 0.061114
v 0.619622 0.779622 0.089482
v -0.560000 0.825082 0.072809
v -0.524100 0.847241 0.084650
v -0.538428 0.840000 0.061572
v 0.555493 0.828302 0.070606
v 0.563517 0.820615 0.092661
v 0.522332 0.848193 0.086268
v -0.494373 0.865627 0.073371
v -0.474616 0.876202 0.080876
v 0.478330 0.874776 0.075842
v 0.501851 0.861851 0.071127
v -0.440000 0.893679 0.086486
v -0.408145 0.909549 0.073299
v 0.397762 0.914234 0.075522
v 0.423072 0.903072 0.071729
v 0.445682 0.890724 0.087725
v -0.351807 0.931529 0.088495
v -0.320000 0.944500 0.072495
v -0.282727 0.955905 0.077350
v 0.278603 0.957202 0.077498
v 0.312757 0.947005 0.070510
v 0.337124 0.937124 0.088248
v 0.364023 0.927359 0.085321
v -0.234560 0.968069 0.085938
v -0.200000 0.975765 0.087507
v -0.178434 0.981566 0.061566
v -0.180943 0.979057 0.088977
v -0.160000 0.984338 0.072406
v -0.127233 0.988999 0.071836
v -0.084247 0.993440 0.075138
v -0.042539 0.996017 0.077052
v -0.001948 0.996897 0.077707
v 0.037659 0.996215 0.077207
v 0.076391 0.994077 0.075635
v 0.114336 0.990568 0.073059
v 0.151567 0.985753 0.069530
v 0.181227 0.981227 0.061227
v 0.179447 0.979447 0.089331
v 0.207956 0.973775 0.090017
v 0.243489 0.966117 0.084444
v -0.241295 -0.963201 0.117795
v -0.260032 -0.960000 0.099968
v -0.206813 -0.971813 0.111011
v -0.177550 -0.977549 0.110839
v -0.151182 -0.981076 0.120000
v -0.110787 -0.984729 0.131815
v -0.073066 -0.988700 0.128762
v -0.034427 -0.991072 0.126939
v 0.005256 -0.991726 0.126448
v 0.046139 -0.990506 0.127418
v 0.088418 -0.987216 0.130018
v 0.124244 -0.983639 0.128489
v 0.160000 -0.979788 0.120000
v 0.189466 -0.975533 0.107912
v 0.237370 -0.964084 0.117589
v 0.260072 -0.960000 0.100072
v -0.362090 -0.924814 0.115525
v -0.335213 -0.935213 0.112092
v -0.311879 -0.941760 0.124309
v -0.275930 -0.952765 0.125557
v 0.288547 -0.948288 0.129376
v 0.320000 -0.939762 0.120000
v 0.354123 -0.927742 0.115021
v -0.444391 -0.888411 0.113655
v -0.467172 -0.875221 0.123646
v -0.394525 -0.909713 0.127867
v -0.419658 -0.899658 0.120000
v 0.400000 -0.907523 0.126773
v 0.416768 -0.903232 0.096768
v 0.440000 -0.890518 0.114437
v 0.421571 -0.898429 0.120000
v 0.457000 -0.880000 0.127389
v 0.462967 -0.880000 0.102967
v -0.521548 -0.845196 0.115644
v -0.499935 -0.859935 0.100065
v -0.498505 -0.858505 0.120000
v 0.480000 -0.867886 0.126602
v 0.501487 -0.858513 0.101487
v 0.514754 -0.848652 0.119293
v -0.572091 -0.812091 0.113736
v -0.553583 -0.823422 0.123387
v -0.597714 -0.791264 0.127312
v 0.560000 -0.819676 0.120000
v 0.591681 -0.797720 0.114759
v -0.639779 -0.758977 0.120717
v -0.618068 -0.778068 0.110640
v 0.644886 -0.754808 0.118099
v -0.680590 -0.723001 0.117889
v -0.660852 -0.740852 0.120000
v 0.680580 -0.721154 0.127999
v -0.720571 -0.683173 0.117780
v -0.701993 -0.701993 0.120000
v 0.725748 -0.675142 0.129432
v -0.759803 -0.638758 0.120863
v -0.740852 -0.660852 0.120000
v 0.758505 -0.641194 0.115046
v -0.778068 -0.618068 0.110640
v -0.798135 -0.587899 0.129558
v 0.793687 -0.596921 0.115967
v -0.812091 -0.572091 0.113736
v -0.823422 -0.553583 0.123387
v 0.818264 -0.560000 0.128426
v 0.821922 -0.560000 0.101922
v -0.841159 -0.528312 0.113638
v 0.841929 -0.526610 0.115732
v -0.859935 -0.499935 0.100065
v -0.858505 -0.498505 0.120000
v -0.875221 -0.467172 0.123646
v 0.851535 -0.508465 0.124836
v 0.859222 -0.500778 0.099222
v 0.869561 -0.480000 0.115073
v -0.888411 -0.444391 0.113655
v 0.880000 -0.459222 0.120000
v 0.880000 -0.464513 0.095487
v 0.895104 -0.427209 0.124651
v -0.899658 -0.419658 0.120000
v -0.909713 -0.394525 0.127867
v 0.902184 -0.417816 0.102184
v 0.909174 -0.400000 0.114878
v -0.921143 -0.372392 0.110536
v 0.925749 -0.356501 0.124415
v 0.920000 -0.377197 0.102803
v -0.935213 -0.335213 0.112092
v -0.941760 -0.311879 0.124309
v 0.938505 -0.320000 0.128624
v 0.941745 -0.320000 0.101745
v -0.952765 -0.275930 0.125557
v 0.951153 -0.286203 0.113489
v -0.961551 -0.247057 0.118822
v -0.960000 -0.260032 0.099968
v 0.963276 -0.238432 0.122535
v 0.960000 -0.260030 0.099970
v -0.971813 -0.206813 0.111011
v 0.972631 -0.191642 0.129186
v -0.977549 -0.177550 0.110839
v -0.981076 -0.151182 0.120000
v 0.978574 -0.160000 0.128681
v 0.981696 -0.160000 0.101696
v -0.984729 -0.110787 0.131815
v 0.985208 -0.129693 0.109144
v -0.988700 -0.073066 0.128762
v 0.989637 -0.086688 0.112403
v -0.991072 -0.034427 0.126939
v 0.992249 -0.044928 0.114325
v -0.991726 0.005256 0.126448
v 0.993202 -0.004258 0.115028
v -0.990506 0.046139 0.127418
v 0.992623 0.035446 0.114611
v -0.987216 0.088418 0.130018
v 0.990615 0.074289 0.113152
v -0.983639 0.124244 0.128489
v 0.987258 0.112357 0.110714
v -0.979788 0.160000 0.120000
v 0.982400 0.151552 0.106809
v 0.976415 0.169602 0.131845
v -0.975533 0.189466 0.107912
v 0.970115 0.205841 0.127291
v -0.963284 0.239680 0.119099
v 0.960333 0.243746 0.133693
v -0.960000 0.260072 0.100072
v -0.948288 0.288547 0.129376
v 0.953916 0.276559 0.115593
v 0.960000 0.260071 0.100071
v -0.939762 0.320000 0.120000
v 0.943541 0.312668 0.107353
v 0.935210 0.328428 0.130914
v -0.929673 0.350327 0.110327
v -0.922783 0.364436 0.123203
v 0.920983 0.368364 0.125356
v -0.907523 0.400000 0.126773
v 0.911336 0.395323 0.113757
v -0.903232 0.416768 0.096768
v -0.898429 0.421571 0.120000
v -0.890518 0.440000 0.114437
v 0.898739 0.418739 0.128910
v 0.901129 0.421129 0.101129
v 0.881805 0.453152 0.128678
v -0.880000 0.457000 0.127389
v -0.880000 0.462967 0.102967
v -0.867886 0.480000 0.126602
v 0.875985 0.469389 0.108602
v -0.855955 0.504045 0.110743
v -0.842307 0.524689 0.121970
v 0.857664 0.497664 0.128411
v 0.860018 0.500018 0.100018
v 0.840992 0.526319 0.124274
v -0.840000 0.533865 0.093865
v -0.819676 0.560000 0.120000
v 0.828308 0.548308 0.114368
v 0.813441 0.566768 0.129525
v -0.796074 0.593220 0.117546
v 0.798449 0.590918 0.113654
v -0.758389 0.640661 0.119283
v 0.759912 0.639525 0.115669
v 0.776646 0.616646 0.127938
v -0.721154 0.681667 0.122649
v 0.739929 0.659929 0.129504
v 0.742165 0.662165 0.102165
v 0.720262 0.681284 0.129494
v -0.675142 0.726267 0.126732
v 0.702610 0.702610 0.111614
v 0.680269 0.721228 0.129465
v -0.644589 0.755154 0.117521
v 0.639904 0.759590 0.115704
v 0.662165 0.742165 0.102165
v 0.659929 0.739929 0.129504
v -0.588782 0.797720 0.128139
v -0.600000 0.791934 0.111934
v 0.598198 0.792925 0.114711
v 0.616646 0.776646 0.127938
v -0.560000 0.818264 0.128426
v -0.560000 0.821922 0.101922
v -0.511850 0.849904 0.122342
v 0.548308 0.828308 0.114368
v 0.566768 0.813441 0.129525
v 0.521236 0.844367 0.123288
v -0.500778 0.859222 0.099222
v -0.480000 0.869561 0.115073
v -0.459222 0.880000 0.120000
v 0.469389 0.875985 0.108602
v 0.442483 0.887735 0.125974
v 0.500018 0.860018 0.100018
v 0.497664 0.857664 0.128411
v -0.427209 0.895104 0.124651
v -0.417816 0.902184 0.102184
v -0.400000 0.909174 0.114878
v -0.355492 0.926192 0.123849
v -0.377197 0.920000 0.102803
v 0.395323 0.911336 0.113757
v 0.361516 0.924099 0.123267
v 0.421129 0.901129 0.101129
v 0.418739 0.898739 0.128910
v -0.320000 0.938505 0.128624
v -0.320000 0.941745 0.101745
v -0.286203 0.951153 0.113489
v -0.237899 0.963445 0.122171
v -0.260030 0.960000 0.099970
v 0.276559 0.953916 0.115593
v 0.241269 0.962668 0.122258
v 0.260071 0.960000 0.100071
v 0.312668 0.943541 0.107353
v 0.328428 0.935210 0.130914
v -0.191642 0.972631 0.129186
v -0.160000 0.978574 0.128681
v -0.160000 0.981696 0.101696
v -0.129693 0.985208 0.109144
v -0.086688 0.989637 0.112403
v -0.044928 0.992249 0.114325
v -0.004258 0.993202 0.115028
v 0.035446 0.992623 0.114611
v 0.074289 0.990615 0.113152
v 0.112357 0.987258 0.110714
v 0.151552 0.982400 0.106809
v 0.169602 0.976415 0.131845
v 0.205841 0.970115 0.127291
v -0.238894 -0.957703 0.159717
v -0.203753 -0.966513 0.154997
v -0.168246 -0.974091 0.149155
v -0.139788 -0.979788 0.140212
v -0.110848 -0.980742 0.160000
v -0.137362 -0.977362 0.160000
v -0.072407 -0.984338 0.160000
v -0.030110 -0.984187 0.172424
v 0.009775 -0.984653 0.172091
v 0.050942 -0.983135 0.173326
v 0.089003 -0.982928 0.160000
v 0.120000 -0.979788 0.160000
v 0.148172 -0.977673 0.146128
v 0.194091 -0.968669 0.153173
v 0.242873 -0.956516 0.160227
v -0.359540 -0.919122 0.160862
v -0.326979 -0.932740 0.150256
v -0.272505 -0.946650 0.170359
v -0.300248 -0.940248 0.160000
v 0.280000 -0.944930 0.168347
v 0.320000 -0.934969 0.151923
v 0.299872 -0.940128 0.160000
v 0.361461 -0.918368 0.160473
v -0.441148 -0.883448 0.157181
v -0.416289 -0.896289 0.151410
v -0.394880 -0.901640 0.174625
v 0.400000 -0.902400 0.160000
v 0.433857 -0.886733 0.157388
v -0.519716 -0.839039 0.160769
v -0.495167 -0.855167 0.152015
v -0.470612 -0.866236 0.166564
v 0.480000 -0.862496 0.160000
v 0.524641 -0.835204 0.163319
v -0.565158 -0.810617 0.151936
v -0.585207 -0.794151 0.162665
v -0.542524 -0.822524 0.169374
v 0.560000 -0.814123 0.152289
v 0.575933 -0.800000 0.166910
v 0.582365 -0.800000 0.142365
v -0.614112 -0.774112 0.152582
v -0.637969 -0.751388 0.167236
v 0.600000 -0.783741 0.160000
v 0.600000 -0.788854 0.131146
v 0.636642 -0.753263 0.163589
v -0.657753 -0.737753 0.150669
v -0.679034 -0.715419 0.163794
v 0.678416 -0.716386 0.162064
v -0.699935 -0.699935 0.140065
v -0.697990 -0.697990 0.160000
v -0.719075 -0.675093 0.164019
v 0.697170 -0.702830 0.137170
v 0.718498 -0.676095 0.162369
v -0.737753 -0.657753 0.150669
v -0.758217 -0.629404 0.168604
v 0.754280 -0.637443 0.156417
v -0.774112 -0.614112 0.152582
v -0.794151 -0.585207 0.162665
v 0.781550 -0.600000 0.169679
v 0.786255 -0.600000 0.146255
v -0.810617 -0.565158 0.151936
v 0.800000 -0.578046 0.160000
v 0.800000 -0.583721 0.136279
v 0.811688 -0.560000 0.165276
v -0.839804 -0.518258 0.161316
v -0.822524 -0.542524 0.169374
v 0.839373 -0.520226 0.156936
v -0.855167 -0.495167 0.152015
v -0.866236 -0.470612 0.166564
v 0.860582 -0.480000 0.169334
v 0.864989 -0.480000 0.144989
v -0.880734 -0.447187 0.154652
v 0.881681 -0.439929 0.169065
v -0.896289 -0.416289 0.151410
v -0.901640 -0.394880 0.174625
v 0.900567 -0.400000 0.169366
v 0.904813 -0.400000 0.144813
v -0.919806 -0.356811 0.162564
v 0.919592 -0.359687 0.157426
v -0.932740 -0.326979 0.150256
v 0.937179 -0.305995 0.165392
v -0.940248 -0.300248 0.160000
v -0.946650 -0.272505 0.170359
v 0.945591 -0.288130 0.148953
v -0.958805 -0.233836 0.160455
v 0.958711 -0.240599 0.150449
v -0.966513 -0.203753 0.154997
v 0.966567 -0.195669 0.164724
v -0.974091 -0.168246 0.149155
v 0.973536 -0.151199 0.169735
v -0.979788 -0.139788 0.140212
v -0.977362 -0.137362 0.160000
v -0.980742 -0.110848 0.160000
v 0.979787 -0.140213 0.139787
v 0.978281 -0.120000 0.168388
v 0.982365 -0.120000 0.142365
v -0.984338 -0.072407 0.160000
v 0.980158 -0.099842 0.169161
v 0.984700 -0.087746 0.148735
v -0.984187 -0.030110 0.172424
v 0.987151 -0.048149 0.150690
v -0.984653 0.009775 0.172091
v 0.988206 -0.007372 0.151462
v -0.983135 0.050942 0.173326
v 0.987753 0.032454 0.151143
v -0.982928 0.089003 0.160000
v 0.985892 0.071428 0.149807
v -0.979788 0.120000 0.160000
v 0.980179 0.100179 0.169331
v 0.983104 0.111922 0.143104
v 0.976342 0.129675 0.171699
v -0.977673 0.148172 0.146128
v 0.979934 0.139934 0.139934
v 0.971399 0.166664 0.168153
v -0.968669 0.194091 0.153173
v 0.962645 0.209565 0.169928
v -0.956975 0.240770 0.160576
v 0.959497 0.233679 0.156325
v -0.944930 0.280000 0.168347
v 0.949414 0.274013 0.152405
v -0.940128 0.299872 0.160000
v -0.934969 0.320000 0.151923
v 0.938995 0.298995 0.168872
v 0.942303 0.302303 0.142303
v 0.930381 0.325755 0.167384
v -0.918585 0.360815 0.160715
v 0.919918 0.359250 0.156677
v -0.902400 0.400000 0.160000
v 0.906578 0.394172 0.149648
v 0.898591 0.403624 0.171066
v -0.885740 0.436223 0.156557
v 0.880322 0.442311 0.170397
v -0.862496 0.480000 0.160000
v 0.867125 0.474630 0.149949
v 0.858344 0.483387 0.170925
v -0.835660 0.523838 0.163661
v 0.839917 0.519451 0.156781
v -0.814123 0.560000 0.152289
v 0.824572 0.544572 0.152675
v 0.802142 0.572503 0.168414
v -0.800000 0.575933 0.166910
v -0.800000 0.582365 0.142365
v -0.783741 0.600000 0.160000
v 0.789088 0.594323 0.154490
v 0.800000 0.582364 0.142364
v -0.756097 0.634562 0.158675
v 0.758623 0.632621 0.154874
v -0.717911 0.677430 0.159554
v 0.719294 0.676500 0.157536
v 0.735908 0.655908 0.167487
v -0.677748 0.717560 0.159778
v -0.702830 0.697170 0.137170
v 0.679273 0.716665 0.157619
v 0.696993 0.696993 0.167998
v 0.700048 0.700048 0.140048
v -0.635106 0.755348 0.160033
v 0.638498 0.753617 0.155378
v 0.655908 0.735908 0.167487
v -0.600000 0.781550 0.169679
v -0.600000 0.786255 0.146255
v -0.578046 0.800000 0.160000
v 0.594323 0.789088 0.154490
v 0.562509 0.809563 0.166984
v 0.582364 0.800000 0.142364
v -0.560000 0.811688 0.165276
v -0.521475 0.838227 0.158930
v 0.519894 0.839633 0.156873
v 0.544572 0.824572 0.152675
v -0.480000 0.860582 0.169334
v -0.480000 0.864989 0.144989
v -0.439329 0.883537 0.160686
v 0.474630 0.867125 0.149949
v 0.483387 0.858344 0.170925
v 0.440439 0.881378 0.169953
v -0.400000 0.900567 0.169366
v -0.400000 0.904813 0.144813
v -0.360631 0.918913 0.159441
v 0.359867 0.919657 0.156873
v 0.394172 0.906578 0.149648
v 0.403624 0.898591 0.171066
v -0.305995 0.937179 0.165392
v -0.288130 0.945591 0.148953
v -0.241973 0.957337 0.157217
v 0.239479 0.958998 0.150577
v 0.274013 0.949414 0.152405
v 0.302303 0.942303 0.142303
v 0.298995 0.938995 0.168872
v 0.325755 0.930381 0.167384
v -0.195669 0.966567 0.164724
v -0.151199 0.973536 0.169735
v -0.140213 0.979787 0.139787
v -0.120000 0.978281 0.168388
v -0.120000 0.982365 0.142365
v -0.087746 0.984700 0.148735
v -0.099842 0.980158 0.169161
v -0.048149 0.987151 0.150690
v -0.007372 0.988206 0.151462
v 0.032454 0.987753 0.151143
v 0.071428 0.985892 0.149807
v 0.111922 0.983104 0.143104
v 0.100179 0.980179 0.169331
v 0.129675 0.976342 0.171699
v 0.139934 0.979934 0.139934
v 0.166664 0.971399 0.168153
v 0.209565 0.962645 0.169928
v -0.199709 -0.959091 0.200518
v -0.164021 -0.966876 0.194656
v -0.127825 -0.973164 0.189748
v -0.097955 -0.977955 0.182045
v -0.087508 -0.975765 0.200000
v -0.070783 -0.980863 0.179137
v -0.048949 -0.978434 0.200000
v -0.009700 -0.979594 0.200000
v 0.030321 -0.979164 0.200000
v 0.071214 -0.977044 0.200000
v 0.080000 -0.980160 0.179840
v 0.109636 -0.975703 0.187573
v 0.154138 -0.968717 0.193078
v 0.200928 -0.958852 0.200238
v 0.216077 -0.960000 0.176077
v -0.321962 -0.926170 0.195622
v -0.295614 -0.935614 0.191595
v -0.271784 -0.941239 0.200000
v -0.233951 -0.949391 0.208335
v 0.243498 -0.947382 0.206602
v 0.280000 -0.938910 0.200000
v 0.312812 -0.929457 0.193572
v 0.344714 -0.920000 0.184714
v -0.410650 -0.890650 0.194295
v -0.391065 -0.898258 0.200000
v -0.438756 -0.875111 0.203553
v -0.355354 -0.911346 0.206769
v 0.363822 -0.908162 0.205826
v 0.400000 -0.896153 0.191040
v 0.443554 -0.873198 0.200720
v -0.486381 -0.851985 0.192604
v -0.517743 -0.829716 0.207505
v 0.480000 -0.855945 0.191109
v 0.500451 -0.840000 0.208403
v 0.514174 -0.835183 0.194174
v -0.560999 -0.803926 0.196862
v -0.538505 -0.818505 0.200000
v 0.554690 -0.806493 0.203268
v -0.603360 -0.774566 0.188269
v -0.624936 -0.753563 0.202934
v -0.584115 -0.784115 0.208659
v 0.600000 -0.776644 0.190607
v 0.615834 -0.760000 0.206741
v 0.623157 -0.760000 0.183157
v -0.652492 -0.732492 0.193336
v -0.674872 -0.709463 0.202240
v 0.640000 -0.741769 0.200000
v 0.661362 -0.720000 0.209178
v 0.667764 -0.720000 0.187764
v -0.693730 -0.693730 0.192675
v -0.714985 -0.669010 0.202240
v 0.680000 -0.705274 0.200000
v 0.706802 -0.680000 0.194165
v -0.732492 -0.652492 0.193336
v -0.753563 -0.624936 0.202934
v 0.720000 -0.664369 0.200000
v 0.739311 -0.640000 0.208426
v 0.745390 -0.640000 0.185390
v -0.774566 -0.603360 0.188269
v 0.760000 -0.618187 0.200000
v 0.760000 -0.625536 0.174464
v 0.772931 -0.600000 0.205680
v -0.800786 -0.565827 0.195551
v -0.784115 -0.584115 0.208659
v 0.802230 -0.559121 0.208096
v -0.818505 -0.538505 0.200000
v -0.835590 -0.509893 0.203438
v 0.822699 -0.537301 0.182699
v 0.833656 -0.516024 0.196065
v -0.851985 -0.486381 0.192604
v 0.852696 -0.480000 0.205641
v -0.877826 -0.434153 0.201698
v 0.874113 -0.444066 0.195642
v -0.890650 -0.410650 0.194295
v -0.898258 -0.391065 0.200000
v 0.892998 -0.400000 0.205805
v -0.911346 -0.355354 0.206769
v 0.909518 -0.367568 0.192524
v -0.922887 -0.329845 0.197771
v 0.926016 -0.316627 0.204533
v -0.935614 -0.295614 0.191595
v -0.941239 -0.271784 0.200000
v 0.937150 -0.280000 0.207695
v 0.942365 -0.280000 0.182365
v -0.949391 -0.233951 0.208335
v 0.949376 -0.247261 0.192383
v -0.959575 -0.197523 0.200217
v 0.959600 -0.200148 0.197479
v -0.966876 -0.164021 0.194656
v 0.966227 -0.155963 0.204433
v -0.973164 -0.127825 0.189748
v 0.971361 -0.112735 0.208085
v -0.977955 -0.097955 0.182045
v -0.975765 -0.087508 0.200000
v -0.980863 -0.070783 0.179137
v 0.974768 -0.070683 0.210507
v 0.980232 -0.080000 0.180232
v -0.978434 -0.048949 0.200000
v 0.981805 -0.049345 0.181805
v 0.976589 -0.029672 0.211798
v -0.979594 -0.009700 0.200000
v 0.982834 -0.008659 0.182834
v 0.976940 0.010410 0.212042
v -0.979164 0.030321 0.200000
v 0.982452 0.031303 0.182452
v 0.975916 0.049655 0.211307
v -0.977044 0.071214 0.200000
v -0.980160 0.080000 0.179840
v 0.980729 0.070613 0.180729
v 0.973591 0.088140 0.209650
v -0.975703 0.109636 0.187573
v 0.970026 0.125930 0.207114
v -0.968717 0.154138 0.193078
v 0.962634 0.169577 0.209905
v -0.958989 0.200240 0.200239
v 0.959917 0.198846 0.197173
v -0.960000 0.216077 0.176077
v -0.947382 0.243498 0.206602
v 0.952119 0.235483 0.194393
v -0.938910 0.280000 0.200000
v 0.943515 0.272333 0.187623
v 0.934162 0.287951 0.209996
v -0.932252 0.307748 0.187748
v -0.923348 0.324971 0.203177
v 0.921116 0.329794 0.205828
v -0.920000 0.344714 0.184714
v -0.908162 0.363822 0.205826
v 0.916775 0.350589 0.190074
v -0.896153 0.400000 0.191040
v 0.900547 0.380547 0.209482
v 0.904391 0.384391 0.184391
v 0.890192 0.405491 0.207158
v -0.876926 0.437351 0.198246
v 0.879193 0.433906 0.196131
v -0.855945 0.480000 0.191109
v 0.864319 0.464319 0.192675
v 0.837006 0.511988 0.192076
v -0.840000 0.500451 0.208403
v -0.840000 0.508349 0.188349
v -0.828570 0.520000 0.206613
v -0.802822 0.560768 0.201676
v 0.817250 0.537250 0.207998
v 0.821087 0.541087 0.181087
v 0.800324 0.561874 0.208532
v -0.776644 0.600000 0.190607
v 0.784435 0.589596 0.191661
v 0.762305 0.612430 0.208338
v -0.760000 0.615834 0.206741
v -0.760000 0.623157 0.183157
v -0.741769 0.640000 0.200000
v 0.754046 0.629277 0.186849
v 0.736589 0.642721 0.209690
v -0.720000 0.661362 0.209178
v -0.720000 0.667764 0.187764
v -0.705274 0.680000 0.200000
v 0.713290 0.672780 0.195332
v -0.680000 0.706802 0.194165
v -0.664369 0.720000 0.200000
v 0.677629 0.709364 0.193039
v -0.640000 0.739311 0.208426
v -0.640000 0.745390 0.185390
v -0.618187 0.760000 0.200000
v 0.628812 0.754115 0.188125
v 0.602553 0.770448 0.207409
v -0.600000 0.772931 0.205680
v -0.554495 0.806549 0.203571
v 0.589596 0.784435 0.191661
v 0.560378 0.801442 0.208330
v -0.537301 0.822699 0.182699
v -0.516024 0.833656 0.196065
v 0.517735 0.832897 0.194871
v 0.541087 0.821087 0.181087
v 0.537250 0.817250 0.207998
v -0.480000 0.852696 0.205641
v -0.445309 0.873342 0.196113
v 0.438863 0.876540 0.197368
v 0.464319 0.864319 0.192675
v -0.400000 0.892998 0.205805
v -0.367568 0.909518 0.192524
v -0.315522 0.926505 0.203918
v 0.350589 0.916775 0.190074
v 0.321766 0.924594 0.203571
v 0.384391 0.904391 0.184391
v 0.380547 0.900547 0.209482
v 0.405491 0.890192 0.207158
v -0.280000 0.937150 0.207695
v -0.280000 0.942365 0.182365
v -0.247261 0.949376 0.192383
v -0.200572 0.959176 0.199199
v 0.199813 0.959672 0.197503
v 0.235483 0.952119 0.194393
v 0.272333 0.943515 0.187623
v 0.287951 0.934162 0.209996
v -0.155963 0.966227 0.204433
v -0.112735 0.971361 0.208085
v -0.070683 0.974768 0.210507
v -0.080000 0.980232 0.180232
v -0.049345 0.981805 0.181805
v -0.029672 0.976589 0.211798
v -0.008659 0.982834 0.182834
v 0.010410 0.976940 0.212042
v 0.031303 0.982452 0.182452
v 0.049655 0.975916 0.211307
v 0.070613 0.980729 0.180729
v 0.088140 0.973591 0.209650
v 0.125930 0.970026 0.207114
v 0.169577 0.962634 0.209905
v -0.158434 -0.957448 0.240744
v -0.122171 -0.963445 0.237899
v -0.085091 -0.968419 0.233362
v -0.047093 -0.971526 0.230888
v -0.008055 -0.972855 0.229809
v 0.032181 -0.972252 0.230258
v 0.073811 -0.969517 0.232408
v 0.118323 -0.963853 0.237874
v 0.162683 -0.956586 0.241030
v 0.176077 -0.960000 0.216077
v -0.319087 -0.916073 0.242436
v -0.285287 -0.929560 0.232532
v -0.259788 -0.939788 0.220212
v -0.232181 -0.942487 0.240000
v -0.256229 -0.936230 0.240000
v -0.193436 -0.948679 0.249010
v 0.203301 -0.947185 0.246996
v 0.240000 -0.940614 0.240000
v 0.260778 -0.939222 0.220778
v 0.276735 -0.931811 0.233828
v 0.326368 -0.912912 0.243615
v -0.400957 -0.884761 0.237044
v -0.420041 -0.880000 0.219959
v -0.376781 -0.896781 0.230838
v -0.348194 -0.903572 0.248475
v 0.360000 -0.901513 0.240000
v 0.386613 -0.893387 0.226613
v 0.396793 -0.884763 0.243487
v 0.420128 -0.880000 0.220128
v -0.481252 -0.843906 0.236590
v -0.459856 -0.859857 0.220144
v -0.435681 -0.863234 0.253700
v -0.456618 -0.856618 0.240000
v 0.440000 -0.865278 0.240000
v 0.462187 -0.857813 0.222187
v 0.476443 -0.844776 0.242723
v -0.533115 -0.813115 0.232879
v -0.512965 -0.822803 0.243911
v -0.558450 -0.791978 0.245991
v 0.520000 -0.819676 0.240000
v 0.520000 -0.826774 0.213226
v 0.556895 -0.793771 0.243524
v -0.600754 -0.763259 0.237343
v -0.579094 -0.779094 0.240000
v 0.594279 -0.766655 0.241949
v -0.642315 -0.730372 0.231224
v -0.623795 -0.743795 0.240000
v 0.646724 -0.722460 0.243970
v 0.640000 -0.733940 0.226060
v -0.682145 -0.693739 0.229836
v -0.698429 -0.680000 0.221571
v -0.664448 -0.704448 0.248619
v 0.687823 -0.683173 0.244650
v 0.680000 -0.698429 0.221571
v 0.699314 -0.680000 0.219314
v -0.722121 -0.651920 0.230126
v -0.704448 -0.664448 0.248619
v 0.726118 -0.642753 0.243658
v 0.720000 -0.656449 0.223551
v -0.760634 -0.604314 0.236594
v -0.743795 -0.623795 0.240000
v 0.761886 -0.599126 0.245340
v -0.779094 -0.579094 0.240000
v -0.796667 -0.553302 0.242632
v 0.786741 -0.573259 0.226741
v 0.795477 -0.557428 0.237249
v -0.813115 -0.533115 0.232879
v -0.822803 -0.512965 0.243911
v 0.817345 -0.520000 0.247508
v 0.824047 -0.520000 0.224047
v -0.840809 -0.487785 0.233781
v 0.841719 -0.480057 0.246150
v -0.859857 -0.459856 0.220144
v -0.856618 -0.456618 0.240000
v -0.863234 -0.435681 0.253700
v 0.859478 -0.460521 0.219479
v 0.866804 -0.440000 0.234165
v -0.882006 -0.405913 0.238812
v -0.880000 -0.420041 0.219959
v 0.882365 -0.398516 0.249456
v 0.880000 -0.420039 0.219961
v -0.896781 -0.376781 0.230838
v -0.903572 -0.348194 0.248475
v 0.897442 -0.382558 0.217442
v 0.899144 -0.360000 0.248388
v 0.905211 -0.360000 0.225211
v -0.918274 -0.313691 0.241001
v 0.918176 -0.321033 0.231387
v -0.929560 -0.285287 0.232532
v 0.929435 -0.273620 0.246616
v -0.939788 -0.259788 0.220212
v -0.936230 -0.256229 0.240000
v -0.942487 -0.232181 0.240000
v 0.939735 -0.260265 0.219735
v 0.938421 -0.240000 0.248115
v 0.944361 -0.240000 0.224361
v -0.948679 -0.193436 0.249010
v 0.950026 -0.206685 0.232935
v -0.958630 -0.150586 0.240816
v 0.958873 -0.160261 0.233709
v -0.963445 -0.122171 0.237899
v 0.961485 -0.119053 0.247222
v -0.968419 -0.085091 0.233362
v 0.966518 -0.075897 0.244593
v -0.971526 -0.047093 0.230888
v 0.968494 -0.034722 0.245984
v -0.972855 -0.008055 0.229809
v 0.969010 0.005527 0.246345
v -0.972252 0.032181 0.230258
v 0.968157 0.044941 0.245743
v -0.969517 0.073811 0.232408
v 0.966010 0.083596 0.244229
v -0.963320 0.119330 0.239413
v 0.960328 0.133648 0.243787
v -0.956952 0.160649 0.240818
v 0.959502 0.156393 0.233616
v -0.960000 0.176077 0.216077
v -0.947185 0.203301 0.246996
v 0.952157 0.195446 0.234468
v -0.940614 0.240000 0.240000
v 0.944999 0.232819 0.228909
v 0.936972 0.243704 0.249790
v -0.939222 0.260778 0.220778
v -0.931811 0.276735 0.233828
v 0.940002 0.260002 0.220002
v 0.923484 0.289866 0.250348
v -0.917948 0.317326 0.237280
v 0.919680 0.316970 0.230998
v -0.901513 0.360000 0.240000
v 0.906458 0.353853 0.229789
v 0.897262 0.363496 0.249979
v -0.893387 0.386613 0.226613
v -0.882598 0.402305 0.242452
v 0.880392 0.402897 0.249477
v -0.880000 0.420128 0.220128
v -0.865278 0.440000 0.240000
v 0.869461 0.434340 0.234813
v 0.880000 0.420128 0.220128
v -0.857813 0.462187 0.222187
v -0.842388 0.481329 0.241642
v 0.860048 0.460048 0.220048
v 0.840315 0.482038 0.247460
v -0.819676 0.520000 0.240000
v 0.826234 0.514211 0.229358
v 0.812769 0.526555 0.248811
v -0.796443 0.555076 0.239034
v 0.798864 0.553219 0.235576
v -0.762684 0.600004 0.240883
v 0.777602 0.577602 0.248055
v 0.782087 0.582087 0.222087
v 0.760243 0.601303 0.245493
v -0.724715 0.645347 0.240485
v 0.744954 0.624954 0.233057
v 0.721487 0.647446 0.244985
v -0.683173 0.687823 0.244650
v -0.698429 0.680000 0.221571
v 0.704924 0.670096 0.231858
v 0.681860 0.688705 0.245913
v -0.680000 0.699314 0.219314
v -0.642753 0.726118 0.243658
v -0.656449 0.720000 0.223551
v 0.670096 0.704924 0.231858
v 0.641563 0.726840 0.244712
v 0.658356 0.720000 0.218356
v -0.594801 0.765980 0.242835
v 0.624954 0.744954 0.233057
v 0.600268 0.761099 0.245401
v -0.573259 0.786741 0.226741
v -0.557428 0.795477 0.237249
v 0.558653 0.794906 0.236353
v 0.582087 0.782087 0.222087
v 0.577602 0.777602 0.248055
v -0.520000 0.817345 0.247508
v -0.520000 0.824047 0.224047
v -0.475737 0.844947 0.243588
v -0.491474 0.840000 0.228526
v 0.514211 0.826234 0.229358
v 0.526555 0.812769 0.248811
v 0.480399 0.841366 0.247165
v -0.460521 0.859478 0.219479
v -0.440000 0.866804 0.234165
v -0.395762 0.885119 0.244003
v -0.420039 0.880000 0.219961
v 0.434340 0.869461 0.234813
v 0.400547 0.881655 0.248945
v 0.420128 0.880000 0.220128
v 0.460048 0.860048 0.220048
v -0.382558 0.897442 0.217442
v -0.360000 0.899144 0.248388
v -0.360000 0.905211 0.225211
v -0.323105 0.916104 0.236722
v 0.319466 0.918686 0.231720
v 0.353853 0.906458 0.229789
v 0.363496 0.897262 0.249979
v -0.273620 0.929435 0.246616
v -0.260265 0.939735 0.219735
v -0.240000 0.938421 0.248115
v -0.240000 0.944361 0.224361
v -0.206685 0.950026 0.232935
v -0.161445 0.957689 0.237866
v 0.159379 0.959034 0.233737
v 0.195446 0.952157 0.234468
v 0.232819 0.944999 0.228909
v 0.243704 0.936972 0.249790
v 0.260002 0.940002 0.220002
v 0.289866 0.923484 0.250348
v -0.119053 0.961485 0.247222
v -0.075897 0.966518 0.244593
v -0.034722 0.968494 0.245984
v 0.005527 0.969010 0.246345
v 0.044941 0.968157 0.245743
v 0.083596 0.966010 0.244229
v 0.122789 0.961314 0.246024
v -0.099968 -0.960000 0.260032
v -0.077351 -0.955906 0.282726
v -0.039849 -0.959016 0.280313
v -0.000000 -0.960000 0.280000
v 0.040382 -0.958928 0.280539
v 0.081926 -0.955490 0.282544
v 0.100072 -0.960000 0.260072
v -0.279496 -0.917932 0.281355
v -0.245682 -0.930134 0.271987
v -0.219736 -0.939736 0.260264
v -0.191183 -0.940638 0.280000
v -0.215390 -0.935390 0.280000
v -0.154477 -0.942860 0.294001
v -0.114340 -0.950611 0.287596
v 0.128265 -0.948006 0.289940
v 0.168347 -0.944930 0.280000
v 0.200000 -0.938911 0.280000
v 0.220778 -0.939222 0.260778
v 0.236914 -0.931990 0.273470
v 0.283121 -0.916496 0.281956
v 0.295821 -0.920000 0.255821
v -0.365259 -0.889964 0.272152
v -0.397799 -0.871345 0.286506
v -0.309745 -0.906010 0.287470
v -0.338310 -0.898310 0.280000
v 0.320000 -0.905059 0.280000
v 0.356045 -0.893365 0.273067
v 0.378146 -0.880000 0.286530
v 0.390097 -0.880000 0.270097
v -0.445296 -0.851942 0.274635
v -0.477780 -0.829711 0.287779
v 0.403616 -0.868882 0.285668
v 0.440000 -0.855980 0.270607
v 0.459657 -0.840000 0.287439
v 0.475054 -0.835667 0.275054
v -0.521565 -0.806819 0.276650
v -0.540057 -0.800000 0.259943
v -0.499658 -0.819658 0.280000
v 0.522996 -0.805907 0.276648
v 0.502437 -0.817563 0.280000
v 0.540160 -0.800000 0.260160
v -0.572705 -0.772705 0.272992
v -0.553153 -0.782975 0.283873
v -0.597810 -0.746946 0.290011
v 0.560000 -0.779643 0.280000
v 0.581879 -0.760000 0.288723
v 0.595300 -0.754653 0.275300
v -0.638840 -0.714439 0.284789
v -0.619857 -0.739857 0.260143
v -0.616142 -0.736142 0.280000
v 0.617171 -0.742829 0.257171
v 0.639234 -0.717731 0.275408
v -0.679458 -0.676965 0.282580
v -0.658505 -0.698505 0.280000
v 0.678007 -0.681185 0.275570
v -0.718974 -0.633290 0.285665
v -0.698505 -0.658505 0.280000
v 0.714344 -0.643906 0.272664
v -0.739857 -0.619857 0.260143
v -0.736142 -0.616142 0.280000
v -0.755995 -0.590488 0.281928
v 0.739023 -0.620977 0.259023
v 0.753391 -0.596578 0.276065
v -0.772705 -0.572705 0.272992
v -0.782975 -0.553153 0.283873
v 0.776956 -0.560000 0.287135
v 0.784813 -0.560000 0.264813
v -0.803037 -0.526787 0.278028
v -0.800000 -0.540057 0.259943
v 0.803349 -0.518374 0.292280
v 0.800000 -0.540056 0.259944
v -0.819658 -0.499658 0.280000
v -0.835589 -0.470068 0.283526
v 0.822624 -0.497376 0.273843
v 0.834561 -0.476109 0.276727
v -0.851942 -0.445296 0.274635
v 0.853386 -0.432363 0.290093
v 0.859509 -0.440000 0.259509
v -0.876134 -0.389626 0.283092
v 0.869348 -0.408445 0.277039
v -0.889964 -0.365259 0.272152
v 0.890266 -0.352841 0.287050
v -0.898310 -0.338310 0.280000
v -0.906010 -0.309745 0.287470
v 0.906022 -0.328213 0.266022
v 0.901982 -0.320000 0.289453
v -0.919074 -0.276395 0.280595
v 0.919155 -0.280431 0.276310
v -0.930134 -0.245682 0.271987
v 0.928921 -0.234075 0.286192
v -0.939736 -0.219736 0.260264
v -0.935390 -0.215390 0.280000
v -0.940638 -0.191183 0.280000
v 0.939787 -0.220213 0.259788
v 0.936737 -0.191596 0.292009
v 0.943567 -0.200000 0.263568
v -0.942860 -0.154477 0.294001
v 0.947427 -0.168273 0.271195
v -0.950611 -0.114340 0.287596
v 0.953142 -0.124447 0.275195
v -0.960000 -0.099968 0.260032
v -0.955906 -0.077351 0.282726
v 0.958519 -0.080947 0.272830
v 0.960000 -0.099970 0.260030
v -0.959170 -0.040347 0.279660
v 0.959819 -0.042107 0.277115
v -0.960000 -0.000001 0.280000
v 0.960000 -0.000001 0.279999
v -0.959082 0.040027 0.280030
v 0.959828 0.038473 0.277692
v -0.956108 0.080682 0.280682
v 0.959325 0.074616 0.271485
v -0.960000 0.100072 0.260072
v -0.948006 0.128265 0.289940
v 0.954032 0.116444 0.275825
v 0.960000 0.100071 0.260071
v -0.944930 0.168347 0.280000
v 0.949564 0.153864 0.272703
v -0.938911 0.200000 0.280000
v 0.940054 0.180054 0.288872
v 0.944666 0.192882 0.264666
v 0.934041 0.208073 0.289754
v -0.939222 0.220778 0.260778
v -0.931990 0.236914 0.273470
v 0.940002 0.220002 0.260002
v 0.923469 0.249881 0.290318
v -0.916826 0.281960 0.282029
v 0.919841 0.278383 0.276064
v -0.920000 0.295821 0.255821
v -0.905059 0.320000 0.280000
v 0.908922 0.314056 0.273747
v -0.909381 0.330619 0.250619
v -0.893365 0.356045 0.273067
v 0.896569 0.336569 0.287414
v 0.902165 0.342165 0.262165
v 0.881711 0.375814 0.284447
v -0.880000 0.378146 0.286530
v -0.880000 0.390097 0.270097
v -0.868882 0.403616 0.285668
v 0.877488 0.393695 0.273310
v -0.855980 0.440000 0.270607
v 0.860081 0.420081 0.289016
v 0.862368 0.432613 0.262368
v 0.837400 0.473030 0.273263
v -0.840000 0.459657 0.287439
v -0.840000 0.470109 0.270109
v -0.828791 0.480000 0.286876
v -0.817563 0.502437 0.280000
v -0.800865 0.524686 0.288061
v -0.810084 0.520000 0.269916
v 0.817884 0.497884 0.288055
v 0.823096 0.503096 0.263096
v 0.800550 0.523279 0.291429
v -0.800000 0.540160 0.260160
v -0.779643 0.560000 0.280000
v 0.786962 0.554555 0.269936
v 0.766070 0.571781 0.292853
v 0.800000 0.540160 0.260160
v -0.760000 0.581879 0.288723
v -0.760000 0.590599 0.270599
v -0.745606 0.600000 0.289047
v 0.758374 0.591077 0.274193
v -0.717731 0.637892 0.278666
v -0.742829 0.617171 0.257171
v 0.719667 0.638308 0.272748
v 0.734721 0.614721 0.286650
v 0.740077 0.620077 0.260077
v -0.682996 0.675875 0.276119
v 0.679829 0.679194 0.276394
v 0.696876 0.656876 0.287624
v 0.702051 0.662051 0.262051
v -0.643906 0.713731 0.274349
v 0.639649 0.718458 0.272815
v 0.656876 0.696876 0.287624
v 0.662051 0.702051 0.262051
v -0.596578 0.753391 0.276065
v -0.620977 0.739023 0.259023
v 0.598184 0.752591 0.274862
v 0.614721 0.734721 0.286650
v 0.620077 0.740077 0.260077
v -0.560000 0.776956 0.287135
v -0.560000 0.784813 0.264813
v -0.509266 0.811914 0.284087
v -0.540056 0.800000 0.259944
v 0.554555 0.786962 0.269936
v 0.571781 0.766070 0.292853
v 0.520657 0.802422 0.291065
v 0.540160 0.800000 0.260160
v -0.484212 0.831123 0.272207
v 0.477926 0.833889 0.275704
v 0.503096 0.823096 0.263096
v 0.497884 0.817884 0.288055
v -0.432363 0.853386 0.290093
v -0.440000 0.859509 0.259509
v -0.408445 0.869348 0.277039
v 0.393695 0.877488 0.273310
v 0.375814 0.881711 0.284447
v 0.432613 0.862368 0.262368
v 0.420081 0.860081 0.289016
v -0.352841 0.890266 0.287050
v -0.328213 0.906022 0.266022
v -0.320000 0.901982 0.289453
v -0.281383 0.918203 0.278534
v 0.279720 0.919355 0.276436
v 0.314056 0.908922 0.273747
v 0.342165 0.902165 0.262165
v 0.336569 0.896569 0.287414
v -0.234075 0.928921 0.286192
v -0.220213 0.939787 0.259788
v -0.191596 0.936737 0.292009
v -0.200000 0.943567 0.263568
v -0.168273 0.947427 0.271195
v -0.124447 0.953142 0.275195
v -0.080947 0.958519 0.272830
v -0.099970 0.960000 0.260030
v -0.041224 0.959639 0.277985
v -0.000000 0.960000 0.279999
v 0.039078 0.959655 0.278282
v 0.076696 0.958649 0.273500
v 0.116444 0.954032 0.275825
v 0.100071 0.960000 0.260071
v 0.153864 0.949564 0.272703
v 0.192882 0.944666 0.264666
v 0.180054 0.940054 0.288872
v 0.208073 0.934041 0.289754
v 0.220002 0.940002 0.260002
v 0.249881 0.923469 0.290318
v -0.238866 -0.915616 0.323003
v -0.203918 -0.926505 0.315522
v -0.170785 -0.934231 0.312117
v -0.110873 -0.940754 0.320000
v -0.137248 -0.937248 0.320000
v -0.072495 -0.944501 0.320000
v -0.033419 -0.946696 0.320000
v 0.006440 -0.947259 0.320000
v 0.047191 -0.946086 0.320000
v 0.088964 -0.943042 0.320000
v 0.120000 -0.939762 0.320000
v 0.151923 -0.934969 0.320000
v 0.160000 -0.940128 0.299872
v 0.194668 -0.928990 0.313442
v 0.246128 -0.913046 0.324145
v 0.255821 -0.920000 0.295821
v -0.359087 -0.875414 0.323175
v -0.326675 -0.892501 0.310031
v -0.268905 -0.905170 0.328213
v -0.298905 -0.898905 0.320000
v 0.280000 -0.905059 0.320000
v 0.315637 -0.896014 0.311274
v 0.362705 -0.875817 0.317798
v -0.439218 -0.838806 0.321517
v -0.414617 -0.854617 0.311742
v -0.392697 -0.862085 0.320000
v 0.400000 -0.858776 0.320000
v 0.440976 -0.838660 0.319475
v -0.492008 -0.812008 0.313243
v -0.472621 -0.820993 0.320000
v -0.518063 -0.789600 0.328069
v 0.480000 -0.816744 0.320000
v 0.480000 -0.826248 0.293752
v 0.501820 -0.800000 0.328176
v 0.518026 -0.795949 0.312707
v -0.561264 -0.764860 0.315686
v -0.539051 -0.779051 0.320000
v 0.553707 -0.767658 0.321746
v -0.604543 -0.731181 0.315398
v -0.621146 -0.713345 0.323831
v 0.606436 -0.726551 0.322536
v 0.600000 -0.741906 0.298094
v 0.623657 -0.720000 0.303657
v -0.648528 -0.693134 0.313873
v -0.663814 -0.674051 0.323425
v 0.640000 -0.698425 0.320000
v 0.656249 -0.680000 0.326486
v 0.666010 -0.680000 0.306010
v -0.688528 -0.653409 0.313873
v -0.702558 -0.633345 0.323831
v 0.680000 -0.659526 0.320000
v 0.695454 -0.640000 0.326242
v 0.704989 -0.640000 0.304989
v -0.725590 -0.610072 0.317699
v -0.741906 -0.600000 0.298094
v 0.725535 -0.607801 0.322259
v 0.740977 -0.600000 0.300977
v -0.760945 -0.567591 0.313606
v 0.762058 -0.559710 0.324871
v -0.779051 -0.539051 0.320000
v -0.795705 -0.511663 0.323483
v 0.791653 -0.524292 0.312665
v -0.812008 -0.492008 0.313243
v -0.820993 -0.472621 0.320000
v 0.814329 -0.480000 0.325957
v 0.823077 -0.480000 0.303077
v -0.839753 -0.434407 0.325163
v 0.839573 -0.439090 0.319580
v -0.854617 -0.414617 0.311742
v -0.862085 -0.392697 0.320000
v 0.856160 -0.400000 0.326772
v 0.864361 -0.400000 0.304361
v -0.878045 -0.354241 0.321346
v 0.878124 -0.361132 0.313341
v -0.892501 -0.326675 0.310031
v 0.891388 -0.312212 0.327744
v -0.898905 -0.298905 0.320000
v -0.905170 -0.268905 0.328213
v 0.906961 -0.287471 0.306961
v 0.901684 -0.280000 0.329155
v -0.917998 -0.231562 0.321386
v 0.918420 -0.240692 0.313528
v -0.926505 -0.203918 0.315522
v 0.922700 -0.198237 0.330124
v -0.934231 -0.170785 0.312117
v 0.931995 -0.152276 0.328252
v 0.940248 -0.160000 0.300248
v -0.937248 -0.137248 0.320000
v -0.940754 -0.110873 0.320000
v 0.943757 -0.128619 0.303757
v 0.939286 -0.105010 0.325780
v -0.944501 -0.072495 0.320000
v 0.946427 -0.086565 0.310424
v -0.946696 -0.033419 0.320000
v 0.948659 -0.047127 0.312138
v -0.947259 0.006440 0.320000
v 0.949615 -0.006437 0.312800
v -0.946086 0.047191 0.320000
v 0.949158 0.033372 0.312485
v -0.943042 0.088964 0.320000
v 0.947376 0.072386 0.311251
v -0.939762 0.120000 0.320000
v 0.944293 0.111916 0.308856
v 0.934880 0.128758 0.330254
v -0.934969 0.151923 0.320000
v -0.940128 0.160000 0.299872
v 0.941275 0.151151 0.301275
v 0.930203 0.165933 0.327029
v -0.932252 0.187748 0.307748
v -0.923520 0.204109 0.323866
v 0.921102 0.205674 0.329934
v -0.917858 0.237115 0.317701
v 0.919683 0.236481 0.312946
v -0.920000 0.255821 0.295821
v -0.905059 0.280000 0.320000
v 0.908934 0.274007 0.313809
v -0.896014 0.315637 0.311274
v 0.896867 0.296867 0.327414
v 0.903228 0.303228 0.303228
v 0.884022 0.329933 0.330468
v -0.877534 0.358062 0.318389
v 0.879688 0.357423 0.313240
v -0.858776 0.400000 0.320000
v 0.865607 0.393427 0.309259
v 0.852380 0.406647 0.328443
v -0.839281 0.439669 0.319699
v 0.839922 0.439449 0.318347
v -0.816744 0.480000 0.320000
v 0.824879 0.473340 0.308568
v 0.805293 0.490933 0.331766
v -0.800000 0.506962 0.320140
v -0.788717 0.520000 0.327232
v 0.798739 0.512229 0.315196
v -0.763482 0.560270 0.320679
v 0.777149 0.537149 0.327624
v 0.783036 0.543036 0.303035
v 0.760315 0.561739 0.325826
v -0.723276 0.610336 0.322536
v 0.743747 0.593258 0.307472
v 0.721926 0.609923 0.326362
v -0.720000 0.623657 0.303657
v -0.698425 0.640000 0.320000
v 0.713692 0.629273 0.306933
v 0.682623 0.652635 0.328233
v -0.680000 0.656249 0.326486
v -0.680000 0.666010 0.306010
v -0.659526 0.680000 0.320000
v 0.674218 0.670721 0.308485
v 0.642688 0.692114 0.328019
v -0.640000 0.695454 0.326242
v -0.640000 0.704989 0.304989
v -0.615601 0.720000 0.320000
v 0.633359 0.709939 0.307266
v 0.602073 0.728745 0.325878
v -0.600000 0.731069 0.324518
v -0.600000 0.740977 0.300977
v -0.552723 0.768510 0.321336
v 0.593258 0.743747 0.307472
v 0.560356 0.761408 0.325691
v -0.524292 0.791653 0.312665
v 0.518465 0.794422 0.316107
v 0.543036 0.783036 0.303035
v 0.537149 0.777149 0.327624
v -0.480000 0.814329 0.325957
v -0.480000 0.823077 0.303077
v -0.440496 0.838748 0.319856
v 0.439895 0.839664 0.318433
v 0.473340 0.824879 0.308568
v 0.490933 0.805293 0.331766
v -0.400000 0.856160 0.326772
v -0.400000 0.864361 0.304361
v -0.363383 0.875873 0.316977
v 0.359529 0.878698 0.313731
v 0.393427 0.865607 0.309259
v 0.406647 0.852380 0.328443
v -0.312212 0.891388 0.327744
v -0.287471 0.906961 0.306961
v -0.280000 0.901684 0.329155
v -0.242455 0.916656 0.317338
v 0.239402 0.918731 0.313711
v 0.274007 0.908934 0.313809
v 0.303228 0.903228 0.303228
v 0.296867 0.896867 0.327414
v 0.329933 0.884022 0.330468
v -0.198237 0.922700 0.330124
v -0.152276 0.931995 0.328252
v -0.160000 0.940248 0.300248
v -0.128619 0.943757 0.303757
v -0.105010 0.939286 0.325780
v -0.086565 0.946427 0.310424
v -0.047127 0.948659 0.312138
v -0.006437 0.949615 0.312800
v 0.033372 0.949158 0.312485
v 0.072386 0.947376 0.311251
v 0.111916 0.944293 0.308856
v 0.128758 0.934880 0.330254
v 0.151151 0.941275 0.301275
v 0.165933 0.930203 0.327029
v 0.203787 0.922203 0.328172
v -0.161059 -0.919031 0.359553
v -0.123849 -0.926193 0.355491
v -0.087421 -0.932302 0.349960
v -0.048549 -0.937942 0.342058
v -0.045680 -0.931716 0.360000
v -0.009739 -0.939799 0.340200
v -0.006332 -0.932796 0.360000
v 0.030287 -0.939106 0.340894
v 0.033836 -0.932200 0.360000
v 0.070533 -0.934348 0.348105
v 0.115964 -0.927380 0.354704
v 0.161302 -0.918449 0.360920
v 0.184714 -0.920000 0.344714
v -0.318994 -0.875104 0.363519
v -0.286116 -0.891310 0.350863
v -0.232606 -0.903362 0.360000
v -0.256776 -0.896776 0.360000
v -0.193434 -0.908517 0.369478
v 0.202913 -0.907254 0.367643
v 0.240000 -0.901513 0.360000
v 0.276534 -0.893854 0.352090
v 0.322409 -0.876009 0.358177
v 0.335422 -0.880000 0.335422
v -0.400625 -0.843482 0.357545
v -0.379736 -0.859736 0.340264
v -0.353110 -0.863429 0.360000
v -0.374419 -0.854419 0.360000
v 0.360000 -0.860637 0.360000
v 0.382829 -0.857171 0.342830
v 0.397849 -0.843192 0.361197
v 0.421204 -0.840000 0.341204
v -0.480000 -0.800000 0.360000
v -0.459763 -0.819763 0.340237
v -0.428860 -0.824511 0.368288
v -0.454609 -0.814609 0.360000
v 0.440000 -0.822601 0.360000
v 0.479997 -0.800003 0.359997
v -0.526036 -0.772849 0.354206
v -0.553760 -0.749195 0.362852
v 0.520000 -0.774502 0.360000
v 0.520000 -0.785536 0.334464
v 0.536589 -0.760000 0.366164
v 0.548329 -0.760000 0.348330
v -0.599050 -0.711630 0.366403
v -0.579788 -0.739788 0.340212
v -0.574788 -0.734788 0.360000
v 0.560000 -0.746082 0.360000
v 0.577814 -0.742186 0.337814
v 0.599039 -0.716536 0.356723
v -0.639645 -0.678152 0.361701
v -0.618443 -0.698443 0.360000
v 0.639144 -0.680373 0.358370
v -0.679676 -0.637895 0.361909
v -0.659658 -0.659658 0.360000
v 0.679329 -0.640130 0.358613
v -0.716985 -0.595302 0.362283
v -0.698443 -0.618443 0.360000
v 0.716810 -0.601939 0.351309
v -0.739788 -0.579788 0.340212
v -0.734788 -0.574788 0.360000
v -0.754414 -0.546578 0.362852
v 0.739300 -0.580700 0.339300
v 0.741722 -0.560000 0.368681
v 0.750530 -0.560000 0.350530
v -0.772849 -0.526036 0.354206
v 0.760000 -0.540849 0.360000
v 0.772163 -0.520000 0.364912
v 0.782365 -0.520000 0.342365
v -0.800000 -0.480001 0.359999
v 0.800000 -0.480000 0.360000
v -0.819763 -0.459763 0.340237
v -0.814609 -0.454609 0.360000
v -0.824511 -0.428860 0.368288
v 0.819568 -0.460432 0.339568
v 0.819080 -0.440000 0.367780
v 0.827787 -0.440000 0.347787
v -0.841440 -0.403647 0.358967
v 0.841360 -0.399156 0.364134
v -0.859736 -0.379736 0.340264
v -0.854419 -0.374419 0.360000
v -0.863429 -0.353110 0.360000
v 0.859676 -0.380324 0.339676
v 0.857528 -0.360000 0.367210
v 0.866220 -0.360000 0.346220
v -0.877879 -0.313511 0.361545
v 0.878263 -0.320965 0.354077
v -0.891310 -0.286116 0.350863
v 0.889108 -0.273885 0.366136
v -0.896776 -0.256776 0.360000
v -0.903362 -0.232606 0.360000
v 0.904863 -0.248475 0.344863
v 0.899147 -0.235419 0.368390
v -0.908517 -0.193434 0.369478
v 0.912013 -0.205313 0.354565
v -0.919569 -0.157451 0.359735
v 0.919820 -0.162531 0.356790
v -0.926193 -0.123849 0.355491
v 0.921078 -0.110718 0.372508
v -0.932302 -0.087421 0.349960
v 0.927719 -0.075170 0.365266
v 0.938177 -0.070699 0.338177
v -0.937942 -0.048549 0.342058
v -0.931716 -0.045680 0.360000
v 0.929609 -0.034065 0.366559
v 0.939782 -0.030033 0.339782
v -0.939799 -0.009739 0.340200
v -0.932796 -0.006332 0.360000
v 0.930087 0.006152 0.366888
v 0.940104 0.009976 0.340104
v -0.939106 0.030287 0.340894
v -0.932200 0.033836 0.360000
v 0.929239 0.045566 0.366310
v 0.939202 0.049387 0.339202
v -0.934348 0.070533 0.348105
v 0.927136 0.084246 0.364874
v 0.937124 0.088248 0.337124
v -0.929673 0.110327 0.350327
v -0.923068 0.123928 0.363427
v 0.920958 0.125215 0.368480
v -0.918559 0.160735 0.360873
v 0.919920 0.158827 0.358363
v -0.920000 0.184714 0.344714
v -0.907254 0.202913 0.367643
v 0.916835 0.190529 0.350194
v -0.901513 0.240000 0.360000
v 0.906271 0.231593 0.353100
v -0.909380 0.250620 0.330620
v -0.893854 0.276534 0.352090
v 0.902165 0.262165 0.342165
v 0.877947 0.277190 0.389864
v -0.877470 0.317959 0.358596
v 0.879690 0.317265 0.353871
v -0.880000 0.335422 0.335422
v -0.860637 0.360000 0.360000
v 0.867000 0.353890 0.350445
v 0.855561 0.363192 0.368599
v -0.857171 0.382829 0.342830
v -0.841883 0.401072 0.360755
v 0.860063 0.380063 0.340063
v 0.840229 0.401603 0.364094
v -0.840000 0.421204 0.341204
v -0.822601 0.440000 0.360000
v 0.828401 0.433516 0.354384
v 0.840000 0.421204 0.341204
v -0.800001 0.479999 0.359999
v 0.800000 0.480000 0.360000
v 0.820077 0.460077 0.340077
v -0.774502 0.520000 0.360000
v 0.784321 0.513139 0.348166
v 0.762184 0.532493 0.367625
v -0.760000 0.536589 0.366164
v -0.760000 0.548329 0.348330
v -0.746082 0.560000 0.360000
v 0.755580 0.552022 0.352193
v -0.719294 0.597008 0.354935
v -0.742186 0.577814 0.337814
v 0.719597 0.597880 0.352809
v 0.740091 0.580091 0.340091
v -0.681138 0.638225 0.358474
v 0.679917 0.639597 0.358572
v 0.696434 0.616434 0.367213
v 0.702978 0.622978 0.342978
v -0.640714 0.678598 0.358904
v 0.639915 0.679615 0.358579
v 0.657516 0.657516 0.367688
v 0.663938 0.663938 0.343938
v -0.604304 0.713973 0.352862
v 0.599562 0.718154 0.352919
v 0.616434 0.696434 0.367213
v 0.622978 0.702978 0.342978
v -0.560000 0.741722 0.368681
v -0.580700 0.739300 0.339300
v -0.560000 0.750530 0.350530
v -0.540849 0.760000 0.360000
v 0.552022 0.755580 0.352193
v 0.532493 0.762184 0.367625
v 0.580091 0.740091 0.340091
v -0.520000 0.772163 0.364912
v -0.520000 0.782365 0.342365
v -0.480000 0.800000 0.360000
v 0.480000 0.800000 0.360000
v 0.513139 0.784321 0.348166
v -0.440000 0.819080 0.367780
v -0.460432 0.819568 0.339568
v -0.440000 0.827787 0.347787
v -0.397502 0.843014 0.362062
v 0.433516 0.828401 0.354384
v 0.400308 0.840972 0.363861
v 0.421204 0.840000 0.341204
v 0.460077 0.820077 0.340077
v -0.380324 0.859676 0.339676
v -0.360000 0.857528 0.367210
v -0.360000 0.866220 0.346220
v -0.323024 0.876204 0.357258
v 0.319508 0.878719 0.354383
v 0.353890 0.867000 0.350445
v 0.363192 0.855561 0.368599
v 0.380063 0.860063 0.340063
v -0.273885 0.889108 0.366136
v -0.248475 0.904863 0.344863
v -0.235419 0.899147 0.368390
v -0.205313 0.912013 0.354565
v -0.162726 0.919625 0.357209
v 0.159812 0.919686 0.358586
v 0.190529 0.916835 0.350194
v 0.231593 0.906271 0.353100
v 0.262165 0.902165 0.342165
v 0.277190 0.877947 0.389864
v -0.114334 0.922156 0.368943
v -0.075170 0.927719 0.365266
v -0.070699 0.938177 0.338177
v -0.034065 0.929609 0.366559
v -0.030033 0.939782 0.339782
v 0.006152 0.930087 0.366888
v 0.009976 0.940104 0.340104
v 0.045566 0.929239 0.366310
v 0.049387 0.939202 0.339202
v 0.084246 0.927136 0.364874
v 0.088248 0.937124 0.337124
v 0.123452 0.921916 0.366809
v -0.102802 -0.920000 0.377198
v -0.073300 -0.909550 0.408145
v -0.037321 -0.913561 0.404152
v 0.002570 -0.914562 0.403738
v 0.043782 -0.912772 0.405229
v 0.065536 -0.920000 0.385536
v 0.089214 -0.920000 0.380830
v -0.277039 -0.869349 0.408444
v -0.241352 -0.885877 0.395771
v -0.217443 -0.897443 0.382557
v -0.205805 -0.892998 0.400000
v -0.152407 -0.903607 0.400000
v -0.178733 -0.898733 0.400000
v -0.114878 -0.909175 0.400000
v 0.089371 -0.906442 0.411696
v 0.126773 -0.907524 0.400000
v 0.160000 -0.902400 0.400000
v 0.191040 -0.896153 0.400000
v 0.226613 -0.893387 0.386613
v 0.237879 -0.884086 0.401798
v 0.270097 -0.880000 0.390097
v 0.286530 -0.880000 0.378146
v -0.360677 -0.843708 0.397304
v -0.339676 -0.859676 0.380324
v -0.312181 -0.861569 0.400000
v -0.333545 -0.853545 0.400000
v 0.282834 -0.868100 0.407232
v 0.320000 -0.858776 0.400000
v 0.342829 -0.857171 0.382829
v 0.358060 -0.843048 0.400999
v 0.383307 -0.840000 0.383307
v -0.440831 -0.805264 0.396125
v -0.389252 -0.825388 0.408129
v -0.416367 -0.816367 0.400000
v 0.400000 -0.824547 0.400000
v 0.436424 -0.805065 0.401233
v 0.462072 -0.800000 0.382072
v -0.518954 -0.751646 0.406496
v -0.495337 -0.775337 0.391022
v -0.473978 -0.784312 0.400000
v 0.480000 -0.780669 0.400000
v 0.518945 -0.756555 0.397318
v -0.560952 -0.727688 0.394174
v -0.580041 -0.720000 0.379959
v -0.540256 -0.740256 0.400000
v 0.560944 -0.723134 0.402509
v 0.539960 -0.740040 0.400000
v 0.580192 -0.720000 0.380192
v -0.611704 -0.684916 0.395252
v -0.592621 -0.698967 0.400000
v 0.603938 -0.681586 0.412668
v 0.624193 -0.680000 0.384193
v -0.646534 -0.650983 0.397197
v 0.640000 -0.655883 0.400000
v 0.652835 -0.640000 0.404893
v 0.664813 -0.640000 0.384813
v -0.685596 -0.609456 0.397626
v 0.683586 -0.601788 0.412517
v 0.702436 -0.600000 0.382436
v -0.722843 -0.564757 0.397822
v -0.720000 -0.580041 0.379959
v 0.722412 -0.558806 0.406862
v 0.720000 -0.580040 0.379960
v -0.756879 -0.514634 0.402430
v -0.740256 -0.540256 0.400000
v 0.740040 -0.539960 0.400000
v 0.757522 -0.521212 0.392622
v -0.775337 -0.495337 0.391022
v -0.784312 -0.473978 0.400000
v 0.777098 -0.502902 0.377098
v 0.777107 -0.480000 0.406772
v 0.787103 -0.480000 0.387103
v -0.802103 -0.444568 0.398421
v 0.801947 -0.438726 0.405155
v -0.816367 -0.416367 0.400000
v -0.825388 -0.389252 0.408129
v 0.826632 -0.408129 0.386632
v 0.820457 -0.400000 0.408183
v -0.841551 -0.364011 0.398841
v 0.841269 -0.359258 0.403767
v -0.859676 -0.339676 0.380324
v -0.853545 -0.333545 0.400000
v -0.861569 -0.312181 0.400000
v 0.859735 -0.340265 0.379735
v 0.856131 -0.311742 0.411437
v 0.865394 -0.320000 0.385394
v -0.869349 -0.277039 0.408444
v 0.876527 -0.282384 0.389310
v -0.882630 -0.249237 0.398031
v 0.881828 -0.239184 0.406107
v -0.897443 -0.217443 0.382557
v -0.892998 -0.205805 0.400000
v 0.892215 -0.192055 0.408177
v 0.902129 -0.200000 0.382129
v -0.898733 -0.178733 0.400000
v -0.903607 -0.152407 0.400000
v 0.906691 -0.167170 0.386691
v 0.899344 -0.155705 0.408144
v -0.909175 -0.114878 0.400000
v 0.910411 -0.126174 0.393531
v -0.920000 -0.102802 0.377198
v -0.909550 -0.073300 0.408145
v 0.917130 -0.081821 0.389677
v -0.920000 -0.052445 0.387555
v -0.913157 -0.035498 0.405381
v 0.919126 -0.046770 0.390569
v -0.915389 0.001465 0.401807
v 0.919317 -0.004841 0.393025
v -0.917073 0.035616 0.396443
v 0.919164 0.034521 0.391847
v -0.920000 0.065536 0.385536
v -0.920000 0.089214 0.380830
v -0.906442 0.089371 0.411696
v 0.917682 0.071768 0.390099
v -0.907524 0.126773 0.400000
v 0.911622 0.115037 0.394328
v -0.902400 0.160000 0.400000
v 0.906561 0.151696 0.393373
v -0.896153 0.191040 0.400000
v 0.904391 0.184391 0.384391
v 0.889977 0.205707 0.406727
v 0.900547 0.209482 0.380547
v -0.893387 0.226613 0.386613
v -0.882824 0.242714 0.401635
v 0.880385 0.243634 0.406539
v 0.895238 0.240000 0.375238
v -0.880000 0.270097 0.390097
v -0.880000 0.286530 0.378146
v -0.868100 0.282834 0.407232
v -0.858776 0.320000 0.400000
v 0.865866 0.313168 0.389775
v 0.852276 0.326750 0.408236
v -0.857171 0.342829 0.382829
v -0.841931 0.361138 0.400621
v 0.860063 0.340063 0.380063
v 0.840228 0.361679 0.403791
v -0.840000 0.383307 0.383307
v -0.824547 0.400000 0.400000
v 0.834778 0.388819 0.389218
v -0.802961 0.441059 0.400495
v 0.822051 0.422051 0.382051
v 0.800306 0.441961 0.404962
v 0.815559 0.440000 0.375559
v -0.800000 0.462072 0.382072
v -0.780669 0.480000 0.400000
v 0.787794 0.473115 0.394116
v 0.800000 0.462071 0.382071
v -0.759333 0.516771 0.395147
v 0.759609 0.517691 0.393389
v 0.779125 0.499125 0.379125
v -0.740040 0.539960 0.400000
v -0.723134 0.562471 0.400441
v 0.737816 0.537816 0.407688
v 0.741128 0.552448 0.381128
v 0.720392 0.562085 0.406068
v -0.720000 0.580192 0.380192
v -0.681586 0.603938 0.412668
v -0.707555 0.600000 0.372445
v 0.704706 0.593488 0.388396
v 0.680880 0.604370 0.413243
v 0.720000 0.580192 0.380192
v -0.680000 0.624193 0.384193
v -0.655883 0.640000 0.400000
v 0.673495 0.629388 0.387126
v 0.642128 0.649884 0.406273
v -0.640000 0.652835 0.404893
v -0.640000 0.664813 0.384813
v -0.601788 0.683586 0.412517
v 0.633340 0.669698 0.387281
v 0.600924 0.684017 0.413111
v -0.600000 0.702436 0.382436
v -0.557176 0.724481 0.405337
v -0.580040 0.720000 0.379960
v 0.593488 0.704706 0.388396
v 0.560433 0.721761 0.405947
v 0.580192 0.720000 0.380192
v -0.522919 0.755377 0.394402
v -0.539960 0.740040 0.400000
v 0.519537 0.758260 0.393603
v 0.552448 0.741128 0.381128
v 0.537816 0.737816 0.407688
v -0.480000 0.777107 0.406772
v -0.502902 0.777098 0.377098
v -0.480000 0.787103 0.387103
v -0.436227 0.804446 0.402789
v 0.473115 0.787794 0.394116
v 0.440386 0.801316 0.404732
v 0.462071 0.800000 0.382071
v 0.499125 0.779125 0.379125
v -0.408129 0.826632 0.386632
v -0.400000 0.820457 0.408183
v -0.357736 0.842791 0.401898
v 0.388819 0.834778 0.389218
v 0.360319 0.840958 0.403545
v 0.422051 0.822051 0.382051
v 0.440000 0.815559 0.375559
v -0.340265 0.859735 0.379735
v -0.311742 0.856131 0.411437
v -0.320000 0.865394 0.385394
v -0.282384 0.876527 0.389310
v -0.237141 0.883870 0.402841
v 0.240645 0.881558 0.405916
v 0.313168 0.865866 0.389775
v 0.326750 0.852276 0.408236
v 0.340063 0.860063 0.380063
v -0.192055 0.892215 0.408177
v -0.200000 0.902129 0.382129
v -0.167170 0.906691 0.386691
v -0.155705 0.899344 0.408144
v -0.126174 0.910411 0.393531
v -0.081821 0.917130 0.389677
v -0.044206 0.918251 0.393089
v -0.003053 0.918633 0.394773
v 0.036497 0.918328 0.393766
v 0.071768 0.917682 0.390099
v 0.115037 0.911622 0.394328
v 0.151696 0.906561 0.393373
v 0.184391 0.904391 0.384391
v 0.205707 0.889977 0.406727
v 0.209482 0.900547 0.380547
v 0.240000 0.895238 0.375238
v -0.219959 -0.880000 0.420041
v -0.196114 -0.873343 0.445308
v -0.158167 -0.884212 0.438955
v -0.129303 -0.891781 0.432846
v -0.111092 -0.900306 0.419694
v -0.086487 -0.893680 0.440000
v -0.048008 -0.896540 0.440000
v -0.008786 -0.897764 0.440000
v 0.031277 -0.897255 0.440000
v 0.072302 -0.894891 0.440000
v 0.114437 -0.890518 0.440000
v 0.120000 -0.898429 0.421571
v 0.154639 -0.886274 0.435884
v 0.199123 -0.873971 0.442728
v 0.220128 -0.880000 0.420128
v -0.322359 -0.838680 0.438652
v -0.290093 -0.853386 0.432363
v -0.234165 -0.866804 0.440000
v -0.259509 -0.859509 0.440000
v 0.240000 -0.865278 0.440000
v 0.270607 -0.855980 0.440000
v 0.320674 -0.838869 0.439735
v 0.341204 -0.840000 0.421204
v -0.400900 -0.805676 0.435698
v -0.353893 -0.825194 0.440000
v -0.375559 -0.815559 0.440000
v 0.360000 -0.822601 0.440000
v 0.396808 -0.804793 0.440977
v 0.423972 -0.800000 0.423972
v -0.479772 -0.758139 0.441495
v -0.461627 -0.781627 0.418373
v -0.434432 -0.785791 0.440000
v -0.454419 -0.774419 0.440000
v 0.440000 -0.782718 0.440000
v 0.480606 -0.759145 0.438679
v 0.497572 -0.760000 0.417572
v -0.525518 -0.729476 0.437409
v -0.503469 -0.743469 0.440000
v 0.523167 -0.723004 0.450728
v 0.546839 -0.720000 0.426838
v -0.600000 -0.680000 0.421037
v -0.574965 -0.694965 0.431078
v -0.549338 -0.704802 0.448129
v -0.594966 -0.670672 0.442534
v 0.560000 -0.701854 0.440000
v 0.573387 -0.706613 0.413387
v 0.593172 -0.673995 0.439883
v -0.636704 -0.632230 0.441078
v -0.621567 -0.661567 0.418433
v -0.614609 -0.654609 0.440000
v 0.623232 -0.656768 0.423232
v 0.637211 -0.638722 0.430910
v -0.680000 -0.600000 0.421037
v -0.661567 -0.621567 0.418433
v -0.654609 -0.614609 0.440000
v -0.675176 -0.589833 0.442534
v 0.662699 -0.617301 0.422699
v 0.673360 -0.596578 0.436362
v -0.694965 -0.574965 0.431078
v -0.704802 -0.549338 0.448129
v 0.696400 -0.583600 0.416400
v 0.697580 -0.560000 0.446653
v 0.708756 -0.560000 0.428756
v -0.724970 -0.531668 0.437409
v 0.720000 -0.536400 0.440000
v 0.725609 -0.516827 0.453718
v 0.742299 -0.520000 0.422299
v -0.759305 -0.478832 0.440562
v -0.743469 -0.503469 0.440000
v 0.759376 -0.480453 0.438672
v -0.781627 -0.461627 0.418373
v -0.774419 -0.454419 0.440000
v -0.785791 -0.434432 0.440000
v 0.781769 -0.458231 0.421769
v 0.778568 -0.440000 0.447209
v 0.788864 -0.440000 0.428864
v -0.802285 -0.404990 0.438223
v 0.801805 -0.398879 0.444727
v -0.815559 -0.375559 0.440000
v -0.825194 -0.353893 0.440000
v 0.826009 -0.368288 0.426009
v 0.818605 -0.360000 0.447304
v -0.839526 -0.319602 0.439159
v 0.839785 -0.325114 0.434384
v -0.853386 -0.290093 0.432363
v 0.851524 -0.272287 0.447529
v 0.862129 -0.280000 0.422129
v -0.859509 -0.259509 0.440000
v -0.866804 -0.234165 0.440000
v 0.868911 -0.246186 0.428911
v 0.860948 -0.240000 0.448309
v -0.880000 -0.219959 0.420041
v -0.873343 -0.196114 0.445308
v 0.878021 -0.201311 0.433962
v 0.880000 -0.219961 0.420039
v -0.881797 -0.168972 0.439719
v 0.880676 -0.154786 0.447262
v -0.891781 -0.129303 0.432846
v -0.900306 -0.111092 0.419694
v 0.883923 -0.117523 0.452219
v 0.899657 -0.120000 0.419657
v -0.893680 -0.086487 0.440000
v 0.901956 -0.089386 0.421956
v 0.891142 -0.073057 0.447419
v -0.896540 -0.048008 0.440000
v 0.904117 -0.048131 0.424117
v 0.892941 -0.032040 0.448627
v -0.897764 -0.008786 0.440000
v 0.904981 -0.007569 0.424981
v 0.893347 0.008106 0.448906
v -0.897255 0.031277 0.440000
v 0.904615 0.032367 0.424615
v 0.892445 0.047464 0.448310
v -0.910538 0.049462 0.409462
v -0.894891 0.072302 0.440000
v 0.903072 0.071729 0.423072
v 0.890303 0.086103 0.446883
v -0.890518 0.114437 0.440000
v -0.898429 0.120000 0.421571
v 0.901129 0.101129 0.421129
v 0.881744 0.128409 0.453359
v 0.898739 0.128910 0.418739
v -0.885893 0.156545 0.435913
v 0.880313 0.163671 0.444977
v 0.895398 0.160000 0.415398
v -0.876456 0.197473 0.438594
v 0.879215 0.196249 0.433811
v -0.880000 0.220128 0.420128
v -0.865278 0.240000 0.440000
v 0.869548 0.234900 0.434122
v 0.880000 0.220128 0.420128
v -0.855980 0.270607 0.440000
v 0.865227 0.265227 0.425227
v 0.837703 0.273816 0.472160
v 0.860081 0.289016 0.420081
v -0.839212 0.319576 0.439886
v 0.839923 0.319352 0.438730
v -0.840000 0.341204 0.421204
v -0.822601 0.360000 0.440000
v 0.828330 0.353344 0.434485
v 0.840000 0.341204 0.421204
v -0.803052 0.401171 0.440272
v 0.819209 0.391025 0.419209
v 0.800304 0.402045 0.444629
v -0.800000 0.423972 0.423972
v -0.782718 0.440000 0.440000
v 0.794469 0.428941 0.429412
v -0.763414 0.475964 0.436080
v 0.759922 0.479521 0.438781
v 0.781055 0.461055 0.421055
v 0.773545 0.480000 0.413545
v -0.760000 0.497572 0.417572
v -0.723004 0.530434 0.442234
v -0.747555 0.520000 0.412445
v 0.740370 0.500370 0.448636
v 0.753880 0.502665 0.422665
v 0.720856 0.524719 0.452404
v 0.742299 0.520000 0.422299
v -0.720000 0.546839 0.426838
v -0.701854 0.560000 0.440000
v 0.714668 0.550607 0.430982
v -0.680000 0.580560 0.447404
v -0.706613 0.573387 0.413387
v -0.673995 0.596065 0.436065
v 0.674800 0.594042 0.437569
v 0.699162 0.579162 0.419162
v -0.638722 0.635700 0.433188
v -0.656768 0.623232 0.423232
v 0.639223 0.636948 0.430575
v 0.661046 0.621046 0.421046
v -0.596578 0.673360 0.436362
v -0.617301 0.662699 0.422699
v 0.598101 0.672545 0.435602
v 0.621046 0.661046 0.421046
v -0.560000 0.697580 0.446653
v -0.583600 0.696400 0.416400
v -0.560000 0.708756 0.428756
v -0.514679 0.728315 0.451618
v 0.550911 0.714685 0.430554
v 0.520971 0.723806 0.452084
v 0.579162 0.699162 0.419162
v -0.520000 0.742299 0.422299
v -0.481374 0.758455 0.439199
v 0.479905 0.759658 0.438829
v 0.502665 0.753880 0.422665
v 0.500370 0.740370 0.448636
v 0.520000 0.742299 0.422299
v -0.440000 0.778568 0.447209
v -0.458231 0.781769 0.421769
v -0.440000 0.788864 0.428864
v -0.396602 0.804081 0.442564
v 0.428941 0.794469 0.429412
v 0.400398 0.801297 0.444381
v 0.461055 0.781055 0.421055
v 0.480000 0.773545 0.413545
v -0.368288 0.826009 0.426009
v -0.360000 0.818605 0.447304
v -0.325378 0.839521 0.434689
v 0.319882 0.839680 0.438832
v 0.353344 0.828330 0.434485
v 0.341204 0.840000 0.421204
v 0.391025 0.819209 0.419209
v -0.272287 0.851524 0.447529
v -0.280000 0.862129 0.422129
v -0.246186 0.868911 0.428911
v -0.240000 0.860948 0.448309
v -0.201311 0.878021 0.433962
v -0.219961 0.880000 0.420039
v -0.154051 0.881411 0.446064
v 0.197448 0.878431 0.434937
v 0.160617 0.881235 0.444399
v 0.234900 0.869548 0.434122
v 0.220128 0.880000 0.420128
v 0.265227 0.865227 0.425227
v 0.275980 0.835616 0.474733
v 0.289016 0.860081 0.420081
v -0.117523 0.883923 0.452219
v -0.120000 0.899657 0.419657
v -0.089386 0.901956 0.421956
v -0.073057 0.891142 0.447419
v -0.048131 0.904117 0.424117
v -0.032040 0.892941 0.448627
v -0.007569 0.904981 0.424981
v 0.008106 0.893347 0.448906
v 0.032367 0.904615 0.424615
v 0.047464 0.892445 0.448310
v 0.071729 0.903072 0.423072
v 0.086103 0.890303 0.446883
v 0.101129 0.901129 0.421129
v 0.125735 0.883487 0.450830
v 0.128910 0.898739 0.418739
v 0.160000 0.895398 0.415398
v -0.120000 -0.880000 0.459222
v -0.095487 -0.880000 0.464513
v -0.077005 -0.875400 0.476976
v -0.036585 -0.873267 0.485185
v 0.003009 -0.874572 0.484328
v 0.044729 -0.872120 0.486477
v 0.076476 -0.877379 0.473145
v 0.102967 -0.880000 0.462967
v 0.127389 -0.880000 0.457000
v -0.272207 -0.831124 0.484211
v -0.237722 -0.844896 0.478637
v -0.219479 -0.859479 0.460521
v -0.205642 -0.852696 0.480000
v -0.152495 -0.863743 0.480000
v -0.178668 -0.858668 0.480000
v -0.115073 -0.869561 0.480000
v 0.126602 -0.867886 0.480000
v 0.160000 -0.862496 0.480000
v 0.191109 -0.855945 0.480000
v 0.222186 -0.857814 0.462186
v 0.238125 -0.843652 0.480874
v 0.270109 -0.840000 0.470109
v 0.287439 -0.840000 0.459657
v -0.360000 -0.800000 0.480000
v -0.339569 -0.819569 0.460431
v -0.311539 -0.819911 0.480000
v -0.331915 -0.811915 0.480000
v 0.286876 -0.828791 0.480000
v 0.320000 -0.816744 0.480000
v 0.359999 -0.800002 0.479999
v 0.382072 -0.800000 0.462072
v -0.439749 -0.757883 0.481754
v -0.421769 -0.781769 0.458231
v -0.393551 -0.783886 0.480000
v -0.413545 -0.773545 0.480000
v 0.400000 -0.780669 0.480000
v 0.440365 -0.759353 0.478750
v 0.459314 -0.760000 0.459314
v -0.520000 -0.720000 0.459223
v -0.486902 -0.733676 0.473264
v -0.513235 -0.708829 0.483397
v 0.480000 -0.734189 0.480000
v 0.495726 -0.720000 0.485276
v 0.515073 -0.713206 0.475073
v -0.558179 -0.676150 0.480697
v -0.535069 -0.695069 0.480000
v 0.556586 -0.682355 0.473501
v -0.600000 -0.640001 0.479999
v -0.578957 -0.658957 0.480000
v 0.600000 -0.640000 0.480000
v 0.617248 -0.640000 0.457248
v -0.640000 -0.600001 0.479999
v -0.620248 -0.620248 0.480000
v 0.640000 -0.600000 0.480000
v 0.656645 -0.600000 0.456645
v -0.678246 -0.555611 0.480697
v -0.658957 -0.578957 0.480000
v 0.677883 -0.561101 0.474731
v -0.720000 -0.520000 0.459223
v -0.695069 -0.535069 0.480000
v -0.713924 -0.506073 0.483397
v 0.704634 -0.535366 0.464634
v 0.706432 -0.520000 0.479829
v -0.733676 -0.486902 0.473264
v 0.720000 -0.500900 0.480000
v 0.726210 -0.476632 0.494886
v 0.744232 -0.480000 0.464232
v -0.759211 -0.438715 0.480660
v 0.759441 -0.440385 0.478790
v -0.781769 -0.421769 0.458231
v -0.773545 -0.413545 0.480000
v -0.783886 -0.393551 0.480000
v 0.781627 -0.418373 0.461627
v 0.778003 -0.395511 0.487668
v 0.787955 -0.400000 0.467955
v -0.800000 -0.360000 0.480000
v 0.800000 -0.360001 0.479999
v -0.819569 -0.339569 0.460431
v -0.811915 -0.331915 0.480000
v -0.819911 -0.311539 0.480000
v 0.819762 -0.340238 0.459762
v 0.813568 -0.313243 0.489382
v 0.825242 -0.320000 0.465242
v -0.831124 -0.272207 0.484211
v 0.836104 -0.282667 0.469723
v -0.841879 -0.246059 0.479806
v 0.840726 -0.233940 0.487859
v -0.859479 -0.219479 0.460521
v -0.852696 -0.205642 0.480000
v 0.859856 -0.220144 0.459856
v 0.851411 -0.192604 0.487425
v 0.863289 -0.200000 0.463289
v -0.858668 -0.178668 0.480000
v -0.863743 -0.152495 0.480000
v 0.867787 -0.166565 0.467787
v 0.858831 -0.156008 0.487583
v -0.880000 -0.120000 0.459222
v -0.869561 -0.115073 0.480000
v 0.871203 -0.125641 0.474231
v -0.880000 -0.095487 0.464513
v -0.875400 -0.077005 0.476976
v 0.878752 -0.088532 0.468412
v -0.874372 -0.037578 0.483087
v 0.879305 -0.044408 0.473842
v -0.875401 0.002332 0.482823
v 0.879491 -0.003019 0.475664
v -0.873225 0.043903 0.484546
v 0.879335 0.036291 0.474529
v -0.877379 0.076476 0.473145
v 0.878859 0.073975 0.470879
v -0.880000 0.102967 0.462967
v -0.880000 0.127389 0.457000
v -0.867886 0.126602 0.480000
v 0.876156 0.109218 0.468945
v -0.862496 0.160000 0.480000
v 0.867131 0.152137 0.473894
v -0.855945 0.191109 0.480000
v 0.864319 0.192675 0.464319
v 0.837383 0.192730 0.511118
v -0.857814 0.222186 0.462186
v -0.842763 0.241888 0.480524
v 0.860048 0.220048 0.460048
v 0.840307 0.242783 0.484496
v -0.840000 0.270109 0.470109
v -0.840000 0.287439 0.459657
v -0.828791 0.286876 0.480000
v -0.816744 0.320000 0.480000
v 0.825420 0.312799 0.469650
v 0.798004 0.315049 0.513478
v -0.800000 0.360000 0.480000
v 0.800000 0.360000 0.480000
v 0.820077 0.340077 0.460077
v 0.814609 0.360000 0.454609
v -0.800000 0.382072 0.462072
v -0.780669 0.400000 0.480000
v 0.787714 0.392928 0.474223
v 0.800000 0.382071 0.462071
v -0.763384 0.435931 0.476144
v 0.759923 0.439500 0.478864
v 0.781055 0.421055 0.461055
v 0.774419 0.440000 0.454419
v -0.760000 0.459314 0.459314
v -0.734189 0.480000 0.480000
v 0.740752 0.460752 0.488636
v 0.749293 0.472006 0.464122
v 0.721007 0.485768 0.493739
v -0.720000 0.495726 0.485276
v -0.720000 0.515073 0.464684
v -0.706413 0.520000 0.480000
v 0.715838 0.513093 0.473331
v -0.685010 0.553538 0.473042
v 0.679680 0.558324 0.475559
v 0.701986 0.541986 0.461986
v 0.693306 0.560000 0.453306
v -0.640000 0.600000 0.480000
v 0.640000 0.600000 0.480000
v 0.656298 0.576298 0.486820
v 0.664796 0.584796 0.464796
v -0.640000 0.617248 0.457248
v -0.600000 0.640000 0.480000
v 0.600000 0.640000 0.480000
v 0.617409 0.617409 0.487285
v 0.632865 0.621489 0.461489
v -0.600000 0.656645 0.456645
v -0.562569 0.676066 0.475502
v 0.559653 0.678545 0.475634
v 0.576298 0.656298 0.486820
v 0.592398 0.660720 0.460720
v 0.574807 0.680000 0.454807
v -0.520000 0.706432 0.479829
v -0.535366 0.704634 0.464634
v -0.500900 0.720000 0.480000
v 0.513093 0.715838 0.473331
v 0.485768 0.721007 0.493739
v 0.541986 0.701986 0.461986
v -0.476632 0.726210 0.494886
v -0.480000 0.744232 0.464232
v -0.441184 0.758642 0.479278
v 0.439902 0.759664 0.478917
v 0.472006 0.749293 0.464122
v 0.460752 0.740752 0.488636
v -0.395511 0.778003 0.487668
v -0.418373 0.781627 0.461627
v -0.400000 0.787955 0.467955
v -0.360001 0.800000 0.479999
v 0.360000 0.800000 0.480000
v 0.392928 0.787714 0.474223
v 0.382071 0.800000 0.462071
v 0.421055 0.781055 0.461055
v 0.440000 0.774419 0.454419
v -0.313243 0.813568 0.489382
v -0.340238 0.819762 0.459762
v -0.320000 0.825242 0.465242
v -0.282667 0.836104 0.469723
v -0.233108 0.841558 0.486806
v 0.240499 0.841248 0.484090
v 0.312799 0.825420 0.469650
v 0.316664 0.796151 0.515456
v 0.340077 0.820077 0.460077
v 0.360000 0.814609 0.454609
v -0.220144 0.859856 0.459856
v -0.192604 0.851411 0.487425
v -0.200000 0.863289 0.463289
v -0.166565 0.867787 0.467787
v -0.156008 0.858831 0.487583
v -0.125641 0.871203 0.474231
v -0.085449 0.877504 0.471464
v -0.042853 0.878610 0.475372
v -0.001979 0.878981 0.476682
v 0.037541 0.878671 0.475744
v 0.075965 0.877718 0.472798
v 0.109218 0.876156 0.468945
v 0.152137 0.867131 0.473894
v 0.192675 0.864319 0.464319
v 0.195309 0.834991 0.514189
v 0.220048 0.860048 0.460048
v -0.196065 -0.833656 0.516024
v -0.160388 -0.838316 0.520893
v -0.124836 -0.851535 0.508465
v -0.115731 -0.841929 0.526610
v -0.099223 -0.859222 0.500778
v -0.084651 -0.847241 0.524100
v -0.073371 -0.865627 0.494373
v -0.046164 -0.852751 0.520000
v -0.006897 -0.853952 0.520000
v 0.033259 -0.853328 0.520000
v 0.074437 -0.848154 0.524100
v 0.080000 -0.864513 0.495487
v 0.110743 -0.855955 0.504045
v 0.121970 -0.842307 0.524689
v 0.164174 -0.835506 0.523934
v 0.188349 -0.840000 0.508349
v 0.208403 -0.840000 0.500451
v -0.305696 -0.795826 0.522146
v -0.282917 -0.812131 0.509592
v -0.232024 -0.821862 0.520000
v -0.255015 -0.815015 0.520000
v 0.206613 -0.828570 0.520000
v 0.240000 -0.819676 0.520000
v 0.276973 -0.805474 0.523458
v 0.280000 -0.817563 0.502437
v 0.320140 -0.800000 0.506962
v -0.397201 -0.755188 0.521211
v -0.373461 -0.773461 0.511451
v -0.351183 -0.778434 0.520000
v 0.327232 -0.788717 0.520000
v 0.360000 -0.774502 0.520000
v 0.405009 -0.753444 0.517457
v 0.417572 -0.760000 0.497572
v -0.480000 -0.720000 0.500900
v -0.448215 -0.731219 0.513654
v -0.464755 -0.713445 0.523841
v -0.422299 -0.742299 0.520000
v 0.443520 -0.723004 0.529317
v 0.477536 -0.716603 0.507986
v -0.519498 -0.672344 0.526875
v -0.495559 -0.695559 0.520000
v 0.525894 -0.673138 0.519327
v 0.537897 -0.680000 0.497897
v -0.561774 -0.643878 0.519278
v -0.560000 -0.660034 0.499967
v -0.540907 -0.660907 0.520000
v 0.562326 -0.638693 0.524968
v 0.560000 -0.660033 0.499967
v 0.581697 -0.640000 0.501697
v -0.602625 -0.606046 0.518919
v -0.583568 -0.623568 0.520000
v 0.603104 -0.598401 0.527097
v 0.622365 -0.600000 0.502365
v -0.641732 -0.564211 0.519278
v -0.660034 -0.560000 0.499967
v -0.623568 -0.583568 0.520000
v 0.641873 -0.559122 0.524557
v 0.660232 -0.560000 0.500232
v -0.677540 -0.517693 0.522202
v -0.660907 -0.540907 0.520000
v 0.678287 -0.521370 0.517609
v -0.720000 -0.480000 0.500900
v -0.695559 -0.495559 0.520000
v -0.713445 -0.464755 0.523841
v 0.706430 -0.486794 0.513129
v -0.731219 -0.448215 0.513654
v 0.720000 -0.459222 0.520000
v 0.724970 -0.437409 0.531668
v 0.743468 -0.440000 0.503468
v -0.757522 -0.392622 0.521211
v -0.742299 -0.422299 0.520000
v 0.752813 -0.406496 0.517218
v -0.773461 -0.373461 0.511451
v -0.778434 -0.351183 0.520000
v 0.765792 -0.357103 0.534403
v 0.784620 -0.360000 0.504620
v -0.795826 -0.305696 0.522146
v 0.796304 -0.322579 0.511358
v -0.812131 -0.282917 0.509592
v 0.806170 -0.274895 0.523525
v 0.819658 -0.280000 0.499658
v -0.815015 -0.255015 0.520000
v -0.821862 -0.232024 0.520000
v 0.825929 -0.247823 0.505929
v 0.815037 -0.232879 0.530118
v -0.833656 -0.196065 0.516024
v 0.836046 -0.202612 0.509523
v -0.839310 -0.156963 0.520315
v 0.839824 -0.161278 0.518239
v -0.849150 -0.125447 0.512374
v 0.841069 -0.113839 0.528422
v 0.858504 -0.120000 0.498505
v -0.859222 -0.099223 0.500778
v -0.847241 -0.084651 0.524100
v -0.865627 -0.073371 0.494373
v 0.859934 -0.100066 0.499934
v 0.841912 -0.069599 0.534555
v 0.861448 -0.080000 0.501448
v -0.852751 -0.046164 0.520000
v 0.862810 -0.048794 0.502810
v 0.844761 -0.037085 0.533519
v -0.853952 -0.006897 0.520000
v 0.863670 -0.008227 0.503670
v 0.844998 0.003021 0.534418
v -0.853328 0.033259 0.520000
v 0.863333 0.031729 0.503333
v 0.842289 0.050759 0.536097
v -0.848154 0.074437 0.524100
v -0.864513 0.080000 0.495487
v 0.861851 0.071127 0.501851
v 0.841768 0.087975 0.532186
v -0.858513 0.101487 0.501487
v -0.844503 0.122769 0.520779
v 0.860018 0.100018 0.500018
v 0.840950 0.124121 0.526429
v 0.857664 0.128411 0.497664
v -0.835560 0.163672 0.523990
v 0.839920 0.158933 0.518847
v 0.854364 0.160000 0.494364
v -0.840000 0.188349 0.508349
v -0.840000 0.208403 0.500451
v -0.828570 0.206613 0.520000
v -0.819676 0.240000 0.520000
v 0.827098 0.233346 0.511087
v 0.812390 0.246934 0.528054
v -0.802953 0.282029 0.524686
v -0.817563 0.280000 0.502437
v 0.823096 0.263096 0.503096
v 0.800537 0.284327 0.527265
v 0.817884 0.288055 0.497884
v -0.800000 0.320140 0.506962
v -0.788717 0.327232 0.520000
v -0.774502 0.360000 0.520000
v 0.784885 0.352575 0.509294
v 0.762148 0.367318 0.532764
v -0.756555 0.400220 0.516771
v 0.759614 0.397369 0.514666
v 0.779125 0.379125 0.499125
v 0.772718 0.400000 0.492718
v -0.760000 0.417572 0.497572
v -0.721502 0.445923 0.529317
v 0.738837 0.418837 0.527688
v 0.753880 0.422665 0.502665
v 0.720849 0.445079 0.530979
v 0.743468 0.440000 0.503468
v -0.716603 0.477536 0.507986
v 0.715829 0.473066 0.513348
v -0.680119 0.517738 0.518520
v 0.679841 0.519132 0.517922
v 0.702924 0.502924 0.502924
v 0.695559 0.520000 0.495559
v -0.680000 0.537897 0.497897
v -0.637080 0.564304 0.524703
v -0.660033 0.560000 0.499967
v 0.657738 0.537738 0.527285
v 0.673331 0.542280 0.502280
v 0.640319 0.561583 0.523920
v 0.660232 0.560000 0.500232
v -0.640000 0.581697 0.501697
v -0.596313 0.605720 0.526352
v 0.632722 0.587979 0.503570
v 0.619996 0.579996 0.528212
v 0.600490 0.602269 0.525843
v -0.600000 0.622365 0.502365
v -0.557896 0.643440 0.523881
v 0.592555 0.628313 0.503737
v 0.579996 0.619996 0.528212
v 0.560335 0.641452 0.523878
v -0.560000 0.660232 0.500232
v -0.524504 0.675154 0.518358
v 0.519822 0.679284 0.517971
v 0.542280 0.673331 0.502280
v 0.537738 0.657738 0.527285
v 0.560000 0.660232 0.500232
v -0.486794 0.706430 0.513129
v -0.459222 0.720000 0.520000
v 0.473066 0.715829 0.513348
v 0.441022 0.723699 0.530559
v 0.502924 0.702924 0.502924
v 0.520000 0.695559 0.495559
v -0.437409 0.724970 0.531668
v -0.440000 0.743468 0.503468
v -0.405188 0.753925 0.516707
v 0.399492 0.758341 0.514955
v 0.422665 0.753880 0.502665
v 0.418837 0.738837 0.527688
v 0.440000 0.743468 0.503468
v -0.357103 0.765792 0.534403
v -0.360000 0.784620 0.504620
v -0.322579 0.796304 0.511358
v -0.275471 0.805858 0.523774
v 0.280800 0.802216 0.526708
v 0.352575 0.784885 0.509294
v 0.364236 0.762148 0.534894
v 0.379125 0.779125 0.499125
v 0.400000 0.772718 0.492718
v -0.280000 0.819658 0.499658
v -0.247823 0.825929 0.505929
v -0.232879 0.815037 0.530118
v -0.202612 0.836046 0.509523
v -0.161479 0.839622 0.518499
v 0.159826 0.839686 0.518988
v 0.233346 0.827098 0.511087
v 0.246934 0.812390 0.528054
v 0.263096 0.823096 0.503096
v 0.288055 0.817884 0.497884
v -0.115911 0.842137 0.526369
v -0.120000 0.858504 0.498505
v -0.100066 0.859934 0.499934
v -0.073020 0.843825 0.531189
v -0.080000 0.861448 0.501448
v -0.048794 0.862810 0.502810
v -0.037085 0.844761 0.533519
v -0.008227 0.863670 0.503670
v 0.003021 0.844998 0.534418
v 0.031729 0.863333 0.503333
v 0.045466 0.849156 0.525969
v 0.071127 0.861851 0.501851
v 0.085551 0.843536 0.529873
v 0.100018 0.860018 0.500018
v 0.122890 0.841899 0.525265
v 0.128411 0.857664 0.497664
v 0.160000 0.854364 0.494364
v -0.061571 -0.840000 0.538429
v -0.040000 -0.840000 0.540849
v -0.009179 -0.840000 0.541986
v 0.021540 -0.840000 0.541540
v 0.049393 -0.840000 0.539817
v 0.093865 -0.840000 0.533865
v -0.259943 -0.800000 0.540057
v -0.237249 -0.795477 0.557428
v -0.198716 -0.806734 0.555959
v -0.182700 -0.822700 0.537300
v -0.165276 -0.811688 0.560000
v -0.110961 -0.820799 0.560000
v -0.136853 -0.816853 0.560000
v -0.072809 -0.825083 0.560000
v -0.033882 -0.827612 0.560000
v 0.005932 -0.828283 0.560000
v 0.046773 -0.826957 0.560000
v 0.088818 -0.823456 0.560000
v 0.120000 -0.819676 0.560000
v 0.152289 -0.814123 0.560000
v 0.198181 -0.804086 0.560212
v 0.239034 -0.796443 0.555076
v 0.260160 -0.800000 0.540160
v -0.360000 -0.760000 0.540849
v -0.315437 -0.761919 0.565215
v -0.320000 -0.773377 0.546623
v -0.272407 -0.782228 0.560000
v -0.294270 -0.774270 0.560000
v 0.280000 -0.779643 0.560000
v 0.317157 -0.765162 0.559942
v 0.348330 -0.760000 0.548329
v 0.366164 -0.760000 0.536589
v -0.440000 -0.720000 0.536401
v -0.402669 -0.724807 0.558805
v -0.400000 -0.740041 0.539959
v -0.355265 -0.748306 0.560000
v -0.377362 -0.737362 0.560000
v 0.360000 -0.746082 0.560000
v 0.395523 -0.725927 0.562249
v 0.400000 -0.740040 0.539960
v 0.426839 -0.720000 0.546839
v -0.477751 -0.675787 0.561101
v -0.434378 -0.705305 0.560000
v -0.453307 -0.693307 0.560000
v 0.440000 -0.701854 0.560000
v 0.476521 -0.682355 0.554017
v 0.497897 -0.680000 0.537897
v -0.521941 -0.644019 0.559122
v -0.500232 -0.660232 0.560000
v 0.522352 -0.638693 0.564764
v 0.499967 -0.660033 0.560000
v 0.543175 -0.640000 0.543175
v -0.563824 -0.608338 0.558247
v -0.544361 -0.624361 0.560000
v 0.564180 -0.597869 0.569048
v 0.585211 -0.600000 0.545211
v -0.603780 -0.568692 0.558247
v -0.585733 -0.585733 0.560000
v 0.603780 -0.558247 0.568692
v 0.624361 -0.560000 0.544361
v -0.641873 -0.524557 0.559122
v -0.624361 -0.544361 0.560000
v 0.641732 -0.519279 0.564211
v 0.660907 -0.520000 0.540907
v -0.677883 -0.474731 0.561101
v -0.660232 -0.500232 0.560000
v 0.660032 -0.499968 0.560000
v 0.678246 -0.480697 0.555610
v -0.720000 -0.440000 0.536401
v -0.693307 -0.453307 0.560000
v -0.705305 -0.434378 0.560000
v 0.706805 -0.448129 0.546805
v 0.698409 -0.435539 0.567483
v -0.722412 -0.406862 0.558805
v -0.740041 -0.400000 0.539959
v 0.722338 -0.398520 0.564950
v 0.740256 -0.400000 0.540256
v -0.760000 -0.360000 0.540849
v -0.737362 -0.377362 0.560000
v -0.748306 -0.355265 0.560000
v 0.747416 -0.365703 0.554156
v -0.763377 -0.326306 0.557109
v 0.760810 -0.313816 0.567665
v 0.779051 -0.320000 0.539051
v -0.774270 -0.294270 0.560000
v -0.782228 -0.272407 0.560000
v 0.786307 -0.287746 0.546307
v 0.774767 -0.272992 0.569856
v -0.800000 -0.259943 0.540057
v -0.795477 -0.237249 0.557428
v 0.797076 -0.241964 0.553043
v 0.800000 -0.259944 0.540056
v -0.802490 -0.207998 0.558763
v 0.800701 -0.195709 0.565900
v 0.818505 -0.200000 0.538505
v -0.822700 -0.182700 0.537300
v -0.811688 -0.165276 0.560000
v 0.822523 -0.169374 0.542523
v 0.804819 -0.156932 0.572076
v -0.816853 -0.136853 0.560000
v -0.820799 -0.110961 0.560000
v 0.827167 -0.126774 0.547167
v 0.814096 -0.113736 0.569177
v -0.840000 -0.109021 0.530979
v -0.825083 -0.072809 0.560000
v 0.828493 -0.086900 0.552902
v 0.819702 -0.076206 0.567429
v -0.840000 -0.061571 0.538429
v -0.840000 -0.040000 0.540849
v -0.827612 -0.033882 0.560000
v 0.830955 -0.045609 0.554215
v -0.840000 -0.009179 0.541986
v -0.828283 0.005932 0.560000
v 0.831844 -0.004985 0.554774
v 0.840000 -0.018358 0.541642
v -0.840000 0.021540 0.541540
v -0.840000 0.049393 0.539817
v -0.826957 0.046773 0.560000
v 0.831352 0.034788 0.554449
v 0.840000 0.021540 0.541540
v -0.823456 0.088818 0.560000
v 0.829595 0.074201 0.553190
v 0.820615 0.092661 0.563517
v -0.840000 0.093865 0.533865
v -0.819676 0.120000 0.560000
v 0.828309 0.114368 0.548309
v 0.812791 0.127418 0.568225
v -0.814123 0.152289 0.560000
v 0.824572 0.152675 0.544572
v 0.802049 0.168084 0.572740
v -0.803624 0.201852 0.559508
v 0.821087 0.181087 0.541087
v 0.800311 0.203013 0.564000
v 0.817250 0.207998 0.537250
v -0.796443 0.239034 0.555076
v 0.798906 0.235748 0.553090
v -0.800000 0.260160 0.540160
v -0.779643 0.280000 0.560000
v 0.787784 0.273732 0.551581
v 0.757424 0.273951 0.592412
v 0.800000 0.260160 0.540160
v -0.764314 0.321224 0.558772
v 0.783036 0.303036 0.543036
v 0.760307 0.322233 0.563866
v 0.777149 0.327624 0.537149
v -0.760000 0.348330 0.548329
v -0.760000 0.366164 0.536589
v -0.746082 0.360000 0.560000
v 0.755526 0.351873 0.552288
v -0.723134 0.399842 0.562906
v -0.740040 0.400000 0.539960
v 0.742576 0.392448 0.542576
v 0.720386 0.402419 0.564744
v -0.720000 0.426839 0.546839
v -0.701854 0.440000 0.560000
v 0.713924 0.430313 0.552053
v -0.685010 0.473474 0.553171
v 0.679683 0.478192 0.556081
v 0.701986 0.461986 0.541986
v 0.695069 0.480000 0.535069
v -0.680000 0.497897 0.537897
v -0.660033 0.499967 0.560000
v -0.637080 0.524329 0.564652
v 0.660232 0.500232 0.560000
v 0.673331 0.502280 0.542280
v 0.640318 0.521635 0.563713
v 0.660907 0.520000 0.540907
v -0.640000 0.543175 0.543175
v -0.595088 0.567665 0.568361
v 0.633453 0.548950 0.545040
v 0.620393 0.540393 0.568212
v 0.600650 0.563114 0.567371
v -0.600000 0.585211 0.545211
v -0.555799 0.606908 0.567648
v 0.593316 0.589619 0.547705
v 0.560666 0.602979 0.567331
v -0.560000 0.624361 0.544361
v -0.518183 0.643157 0.563547
v 0.553156 0.629543 0.545336
v 0.540393 0.620393 0.568212
v 0.520343 0.641431 0.563653
v -0.520000 0.660907 0.540907
v -0.481826 0.676792 0.556358
v -0.499968 0.660032 0.560000
v 0.479634 0.678589 0.556198
v 0.502280 0.673331 0.542280
v 0.500232 0.660232 0.560000
v 0.520000 0.660907 0.540907
v -0.435539 0.698409 0.567483
v -0.448129 0.706805 0.546805
v -0.395345 0.725514 0.562986
v 0.430313 0.713924 0.552053
v 0.400480 0.721663 0.564532
v 0.461986 0.701986 0.541986
v 0.480000 0.695069 0.535069
v -0.400000 0.740256 0.540256
v -0.365703 0.747416 0.554156
v -0.312802 0.761825 0.566831
v 0.351873 0.755526 0.552288
v 0.320425 0.761290 0.563621
v 0.392448 0.742576 0.542576
v -0.320000 0.779051 0.539051
v -0.287746 0.786307 0.546307
v -0.272992 0.774767 0.569856
v -0.241964 0.797076 0.553043
v -0.259944 0.800000 0.540056
v -0.194900 0.801511 0.565016
v 0.236954 0.797813 0.554208
v 0.200531 0.801257 0.563626
v 0.273732 0.787784 0.551581
v 0.275755 0.755033 0.594707
v 0.260160 0.800000 0.540160
v 0.303036 0.783036 0.543036
v 0.327624 0.777149 0.537149
v -0.200000 0.818505 0.538505
v -0.169374 0.822523 0.542523
v -0.156932 0.804819 0.572076
v -0.126774 0.827167 0.547167
v -0.113736 0.814096 0.569177
v -0.086900 0.828493 0.552902
v -0.076206 0.819702 0.567429
v -0.045609 0.830955 0.554215
v -0.004985 0.831844 0.554774
v -0.018358 0.840000 0.541642
v 0.028751 0.836143 0.547200
v 0.074201 0.829595 0.553190
v 0.092661 0.820615 0.563517
v 0.114368 0.828309 0.548309
v 0.127418 0.812791 0.568225
v 0.152675 0.824572 0.544572
v 0.165803 0.804098 0.570604
v 0.181087 0.821087 0.541087
v 0.207998 0.817250 0.537250
v -0.160000 -0.800000 0.578046
v -0.136278 -0.800000 0.583722
v -0.115967 -0.793687 0.596921
v -0.082369 -0.798557 0.596011
v -0.037914 -0.796446 0.603228
v -0.000000 -0.800000 0.600000
v 0.043897 -0.794661 0.605032
v 0.078690 -0.798332 0.596846
v 0.117546 -0.796074 0.593220
v 0.142365 -0.800000 0.582365
v 0.166910 -0.800000 0.575933
v -0.276065 -0.753392 0.596578
v -0.239037 -0.766809 0.595225
v -0.226742 -0.786742 0.573258
v -0.205680 -0.772931 0.600000
v -0.153128 -0.784998 0.600000
v -0.179358 -0.779358 0.600000
v 0.160000 -0.783741 0.600000
v 0.190607 -0.776644 0.600000
v 0.238299 -0.763766 0.599647
v 0.270599 -0.760000 0.590599
v 0.288723 -0.760000 0.581879
v -0.379959 -0.720000 0.580041
v -0.356431 -0.714341 0.601939
v -0.339300 -0.739300 0.580700
v -0.322259 -0.725535 0.607801
v -0.300977 -0.740977 0.600000
v 0.289047 -0.745606 0.600000
v 0.322536 -0.723276 0.610336
v 0.337814 -0.742186 0.577814
v 0.364956 -0.713425 0.597758
v 0.380192 -0.720000 0.580192
v -0.433440 -0.675179 0.596578
v -0.416401 -0.696401 0.583599
v -0.403998 -0.687171 0.603577
v -0.382436 -0.702436 0.600000
v 0.412668 -0.681587 0.603938
v 0.413387 -0.706613 0.573387
v 0.436065 -0.673995 0.596065
v 0.447404 -0.680000 0.580560
v -0.480000 -0.640002 0.599998
v -0.456645 -0.656645 0.600000
v 0.480000 -0.640000 0.600000
v 0.501697 -0.640000 0.581697
v -0.523176 -0.606526 0.598401
v -0.502365 -0.622365 0.600000
v 0.523176 -0.598401 0.606525
v 0.545211 -0.600000 0.585211
v -0.564180 -0.569049 0.597869
v -0.545212 -0.585212 0.600000
v 0.563824 -0.558247 0.608337
v 0.585733 -0.560000 0.585733
v -0.603105 -0.527098 0.598401
v -0.585212 -0.545212 0.600000
v 0.602625 -0.518919 0.606045
v 0.623568 -0.520000 0.583568
v -0.640000 -0.480000 0.600000
v -0.622365 -0.502365 0.600000
v 0.640000 -0.480000 0.600000
v 0.658956 -0.480000 0.578956
v -0.676680 -0.428700 0.598289
v -0.656645 -0.456645 0.600000
v 0.674339 -0.442534 0.590745
v -0.696401 -0.416401 0.583599
v -0.687171 -0.403998 0.603577
v 0.680000 -0.421036 0.600000
v 0.684812 -0.397626 0.610378
v 0.705242 -0.400000 0.585241
v -0.720000 -0.379959 0.580041
v -0.716810 -0.351309 0.601939
v -0.702436 -0.382436 0.600000
v 0.712864 -0.366403 0.597555
v 0.720000 -0.379960 0.580040
v -0.739300 -0.339300 0.580700
v -0.725535 -0.322259 0.607801
v 0.739788 -0.340212 0.579788
v 0.724840 -0.317699 0.611003
v 0.745099 -0.320000 0.585099
v -0.760000 -0.308525 0.571475
v -0.753392 -0.276065 0.596578
v -0.740977 -0.300977 0.600000
v 0.755532 -0.283059 0.590487
v -0.762189 -0.245267 0.598749
v 0.760554 -0.236730 0.604368
v 0.779094 -0.240000 0.579094
v -0.786742 -0.226742 0.573258
v -0.772931 -0.205680 0.600000
v 0.784115 -0.208659 0.584115
v 0.765440 -0.196488 0.612453
v -0.800000 -0.160000 0.578046
v -0.779358 -0.179358 0.600000
v -0.784998 -0.153128 0.600000
v 0.790064 -0.165329 0.590064
v 0.778926 -0.156291 0.607056
v -0.800000 -0.136278 0.583722
v -0.793687 -0.115967 0.596921
v 0.798322 -0.129210 0.587737
v -0.798557 -0.082369 0.596011
v 0.799275 -0.083762 0.594875
v -0.797069 -0.038104 0.602414
v 0.799824 -0.040871 0.598787
v 0.816382 -0.031752 0.576382
v -0.800000 -0.000003 0.600000
v 0.800000 -0.000000 0.600000
v 0.816726 0.008306 0.576726
v -0.795284 0.043732 0.604244
v 0.799831 0.039240 0.598894
v 0.815942 0.047808 0.575942
v -0.798332 0.078690 0.596846
v 0.799339 0.077137 0.595745
v -0.796074 0.117546 0.593220
v 0.798540 0.113907 0.590757
v -0.800000 0.142365 0.582365
v -0.800000 0.166910 0.575933
v -0.783741 0.160000 0.600000
v 0.788709 0.153376 0.595056
v 0.800000 0.142364 0.582364
v -0.776644 0.190607 0.600000
v 0.786417 0.193643 0.586417
v 0.762206 0.207983 0.612685
v -0.763647 0.241134 0.598622
v 0.782087 0.222087 0.582087
v 0.760234 0.241981 0.602798
v 0.777602 0.248055 0.577602
v -0.760000 0.270599 0.590599
v -0.760000 0.288723 0.581879
v -0.745606 0.289047 0.600000
v -0.723276 0.322536 0.610336
v 0.744777 0.312228 0.589533
v 0.721869 0.326080 0.610148
v -0.716536 0.360242 0.597008
v -0.742186 0.337814 0.577814
v 0.719608 0.357259 0.595271
v 0.740091 0.340091 0.580091
v 0.734788 0.360000 0.574788
v -0.720000 0.380192 0.580192
v -0.681587 0.412668 0.603938
v 0.705407 0.392787 0.589798
v 0.680861 0.413118 0.604476
v 0.720000 0.380192 0.580192
v -0.706613 0.413387 0.573387
v -0.673995 0.436065 0.596065
v -0.680000 0.447404 0.580560
v 0.676800 0.435119 0.593599
v 0.699162 0.419162 0.579162
v -0.640000 0.480000 0.600000
v 0.640000 0.480000 0.600000
v 0.664796 0.464796 0.584796
v 0.656298 0.486820 0.576298
v -0.640000 0.501697 0.581697
v -0.596313 0.525792 0.606209
v 0.618467 0.498467 0.607284
v 0.633022 0.507979 0.583871
v 0.600486 0.522416 0.605262
v -0.600000 0.545211 0.585211
v -0.555799 0.566953 0.607559
v 0.593381 0.549554 0.587836
v 0.560664 0.563071 0.606971
v -0.560000 0.585733 0.585733
v -0.517277 0.604761 0.605249
v 0.553251 0.589815 0.587966
v 0.520512 0.602206 0.605204
v 0.577350 0.577350 0.577350
v -0.520000 0.623568 0.583568
v -0.480000 0.640000 0.600000
v 0.480000 0.640000 0.600000
v 0.512555 0.628914 0.584338
v 0.498467 0.618467 0.607284
v -0.480000 0.658956 0.578956
v -0.442534 0.674339 0.590745
v -0.421036 0.680000 0.600000
v 0.434904 0.677231 0.593286
v 0.412493 0.681723 0.603940
v 0.447748 0.650740 0.612971
v 0.464796 0.664796 0.584796
v 0.486820 0.656298 0.576298
v -0.397626 0.684812 0.610378
v -0.400000 0.705242 0.585241
v -0.364932 0.714145 0.597006
v -0.379960 0.720000 0.580040
v 0.359475 0.718323 0.595539
v 0.392787 0.705407 0.589798
v 0.380192 0.720000 0.580192
v 0.419162 0.699162 0.579162
v -0.317699 0.724840 0.611003
v -0.340212 0.739788 0.579788
v -0.320000 0.745099 0.585099
v -0.283059 0.755532 0.590487
v -0.236064 0.761219 0.603772
v 0.240361 0.760960 0.602576
v 0.312228 0.744777 0.589533
v 0.324552 0.723737 0.608790
v 0.340091 0.740091 0.580091
v 0.360000 0.734788 0.574788
v -0.240000 0.779094 0.579094
v -0.208659 0.784115 0.584115
v -0.196488 0.765440 0.612453
v -0.165329 0.790064 0.590064
v -0.156291 0.778926 0.607056
v -0.126211 0.796643 0.590762
v -0.082564 0.798551 0.596075
v -0.040599 0.799647 0.599057
v -0.000000 0.800000 0.600000
v 0.039468 0.799663 0.599117
v 0.077982 0.798678 0.596564
v 0.115675 0.797079 0.592454
v 0.153376 0.788709 0.595056
v 0.142364 0.800000 0.582364
v 0.193643 0.786417 0.586417
v 0.205854 0.764412 0.610713
v 0.222087 0.782087 0.582087
v 0.248055 0.777602 0.577602
v -0.031752 0.816382 0.576382
v 0.008306 0.816726 0.576726
v 0.047808 0.815942 0.575942
v -0.200000 -0.760000 0.618187
v -0.174463 -0.760000 0.625537
v -0.156417 -0.754280 0.637443
v -0.119982 -0.754568 0.644837
v -0.092352 -0.772352 0.627648
v -0.078229 -0.761443 0.643307
v -0.072748 -0.782764 0.617236
v -0.037271 -0.762599 0.645490
v 0.002729 -0.763064 0.645979
v 0.042069 -0.762774 0.645005
v 0.081008 -0.761645 0.642747
v 0.080000 -0.780032 0.619968
v 0.120341 -0.758059 0.640861
v 0.158675 -0.756097 0.634562
v 0.183157 -0.760000 0.623157
v 0.206741 -0.760000 0.615835
v -0.283060 -0.717340 0.636192
v -0.259024 -0.739024 0.620976
v -0.243658 -0.726118 0.642753
v -0.192695 -0.743579 0.640000
v -0.216853 -0.736853 0.640000
v 0.200000 -0.741769 0.640000
v 0.240485 -0.724715 0.645347
v 0.257171 -0.742829 0.617171
v 0.282761 -0.715744 0.638277
v 0.303657 -0.720000 0.623657
v -0.361245 -0.679360 0.638593
v -0.312495 -0.701707 0.640000
v -0.332484 -0.692484 0.640000
v 0.320000 -0.698425 0.640000
v 0.360914 -0.678924 0.639248
v 0.384193 -0.680000 0.624193
v -0.436594 -0.633376 0.638722
v -0.422700 -0.662700 0.617300
v -0.392407 -0.660349 0.640000
v -0.409786 -0.649786 0.640000
v 0.400000 -0.655883 0.640000
v 0.423232 -0.656768 0.623232
v 0.436594 -0.638722 0.633376
v 0.457248 -0.640000 0.617248
v -0.479999 -0.600000 0.640001
v -0.457248 -0.617248 0.640000
v 0.480000 -0.600000 0.640000
v 0.502365 -0.600000 0.622365
v -0.522352 -0.564764 0.638693
v -0.501697 -0.581697 0.640000
v 0.521940 -0.559122 0.644019
v 0.544361 -0.560000 0.624361
v -0.562326 -0.524968 0.638693
v -0.543175 -0.543175 0.640000
v 0.561773 -0.519279 0.643877
v 0.583568 -0.520000 0.623568
v -0.599999 -0.480000 0.640002
v -0.581697 -0.501697 0.640000
v 0.600000 -0.480000 0.640000
v 0.620248 -0.480000 0.620248
v -0.637211 -0.430910 0.638722
v -0.617248 -0.457248 0.640000
v 0.636704 -0.441078 0.632230
v -0.662700 -0.422700 0.617300
v -0.649786 -0.409786 0.640000
v -0.660349 -0.392407 0.640000
v 0.661567 -0.418433 0.621567
v 0.645794 -0.397197 0.651750
v 0.667722 -0.400000 0.627722
v -0.679329 -0.358613 0.640130
v 0.679745 -0.361821 0.637875
v 0.698443 -0.360000 0.618443
v -0.692484 -0.332484 0.640000
v -0.701707 -0.312495 0.640000
v 0.706690 -0.327662 0.626690
v 0.686567 -0.316937 0.654027
v -0.714345 -0.272664 0.643906
v 0.719149 -0.285418 0.633215
v 0.736141 -0.280000 0.616141
v -0.739024 -0.259024 0.620976
v -0.726118 -0.243658 0.642753
v 0.739856 -0.260144 0.619856
v 0.721850 -0.230562 0.652084
v 0.743794 -0.240000 0.623794
v -0.760000 -0.200000 0.618187
v -0.736853 -0.216853 0.640000
v -0.743579 -0.192695 0.640000
v 0.749235 -0.205869 0.629235
v 0.737130 -0.196668 0.646246
v -0.760000 -0.174463 0.625537
v -0.754280 -0.156417 0.637443
v 0.758428 -0.168250 0.629260
v -0.758223 -0.115077 0.641505
v 0.759826 -0.120822 0.638740
v 0.778068 -0.110640 0.618068
v -0.772352 -0.092352 0.627648
v -0.761443 -0.078229 0.643307
v -0.782764 -0.072748 0.617236
v 0.760710 -0.076868 0.644360
v 0.780280 -0.080000 0.620280
v -0.762599 -0.037271 0.645490
v 0.781578 -0.049418 0.621578
v 0.761215 -0.034843 0.647316
v -0.763064 0.002729 0.645979
v 0.782433 -0.008849 0.622433
v 0.761359 0.005569 0.648049
v -0.762774 0.042069 0.645005
v 0.782123 0.031127 0.622123
v 0.761167 0.044624 0.646805
v -0.761645 0.081008 0.642747
v -0.780032 0.080000 0.619968
v 0.781114 0.061114 0.621114
v 0.760655 0.082516 0.643769
v 0.779622 0.089482 0.619622
v -0.757305 0.119367 0.641870
v 0.759918 0.118680 0.639037
v 0.776646 0.127938 0.616646
v -0.756097 0.158675 0.634562
v 0.758703 0.155098 0.632478
v 0.773388 0.160000 0.613387
v -0.760000 0.183157 0.623157
v -0.760000 0.206741 0.615835
v -0.741769 0.200000 0.640000
v 0.746486 0.192461 0.636695
v 0.760000 0.183156 0.623156
v -0.724715 0.240485 0.645347
v 0.744954 0.233057 0.624954
v 0.721423 0.244757 0.647610
v -0.717731 0.279432 0.637573
v -0.742829 0.257171 0.617171
v 0.719682 0.277399 0.636356
v 0.740077 0.260077 0.620077
v 0.734721 0.286650 0.614721
v -0.720000 0.303657 0.623657
v -0.698425 0.320000 0.640000
v 0.714156 0.308809 0.627861
v 0.682533 0.327843 0.652935
v -0.681138 0.358547 0.638185
v 0.679920 0.359461 0.639109
v 0.702978 0.342978 0.622978
v 0.696434 0.367213 0.616434
v -0.680000 0.384193 0.624193
v -0.655883 0.400000 0.640000
v 0.673858 0.389024 0.627853
v 0.642074 0.405967 0.650135
v -0.638722 0.435083 0.634421
v -0.656768 0.423232 0.623232
v 0.639234 0.436321 0.633062
v 0.661046 0.421046 0.621046
v -0.640000 0.457248 0.617248
v -0.600000 0.480000 0.640000
v 0.600000 0.480000 0.640000
v 0.632865 0.461489 0.621489
v 0.620248 0.480000 0.620248
v -0.600000 0.502365 0.622365
v -0.557896 0.523507 0.643746
v 0.592555 0.503737 0.628313
v 0.560331 0.521590 0.643332
v 0.579996 0.528212 0.619996
v -0.560000 0.544361 0.624361
v -0.518183 0.563198 0.643463
v 0.554725 0.546905 0.626905
v 0.538872 0.538872 0.647285
v 0.520340 0.561518 0.643313
v 0.540393 0.568212 0.620393
v -0.520000 0.583568 0.623568
v -0.480000 0.600000 0.640000
v 0.480000 0.600000 0.640000
v 0.511868 0.588061 0.625940
v -0.480000 0.620248 0.620248
v -0.443104 0.634048 0.633409
v 0.439246 0.637132 0.633202
v 0.447672 0.610816 0.652821
v 0.472865 0.622989 0.622989
v -0.397197 0.645794 0.651750
v -0.418433 0.661567 0.621567
v -0.400000 0.667722 0.627722
v -0.362197 0.679370 0.638044
v 0.359896 0.679656 0.639155
v 0.392976 0.670789 0.628735
v 0.404595 0.644147 0.648960
v 0.421046 0.661046 0.621046
v -0.360000 0.698443 0.618443
v -0.316937 0.686567 0.654027
v -0.327662 0.706690 0.626690
v -0.286547 0.718019 0.633947
v 0.279523 0.718671 0.636622
v 0.312895 0.711332 0.629123
v 0.325957 0.685066 0.651258
v 0.342978 0.702978 0.622978
v 0.367213 0.696434 0.616434
v -0.280000 0.736141 0.616141
v -0.233461 0.723700 0.649079
v -0.260144 0.739856 0.619856
v -0.240000 0.743794 0.623794
v -0.205869 0.749235 0.629235
v -0.196668 0.737130 0.646246
v -0.165652 0.756856 0.631925
v -0.121026 0.759623 0.638939
v 0.119793 0.759676 0.639152
v 0.156435 0.757407 0.633752
v 0.192461 0.746486 0.636695
v 0.183156 0.760000 0.623156
v 0.233057 0.744954 0.624954
v 0.243558 0.722846 0.646512
v 0.260077 0.740077 0.620077
v 0.286650 0.734721 0.614721
v -0.110640 0.778068 0.618068
v -0.077777 0.761421 0.643453
v -0.080000 0.780280 0.620280
v -0.049418 0.781578 0.621578
v -0.036314 0.762430 0.645861
v -0.008849 0.782433 0.622433
v 0.004007 0.762719 0.646519
v 0.031127 0.782123 0.622123
v 0.043347 0.762333 0.645566
v 0.061114 0.781114 0.621114
v 0.081832 0.761310 0.643112
v 0.089482 0.779622 0.619622
v 0.127938 0.776646 0.616646
v 0.160000 0.773388 0.613387
v -0.223551 -0.720000 0.656449
v -0.200000 -0.720000 0.664369
v -0.162369 -0.718498 0.676095
v -0.120056 -0.722363 0.680762
v -0.076883 -0.723024 0.686203
v -0.045563 -0.728567 0.683173
v -0.006381 -0.729657 0.683460
v 0.033828 -0.729176 0.683173
v 0.081673 -0.723471 0.685206
v 0.119539 -0.722102 0.681231
v 0.159554 -0.717911 0.677430
v 0.187764 -0.720000 0.667764
v 0.209178 -0.720000 0.661363
v -0.320000 -0.680000 0.659526
v -0.281004 -0.678389 0.678623
v -0.244651 -0.687824 0.683173
v -0.194165 -0.706802 0.680000
v -0.219314 -0.699314 0.680000
v 0.200000 -0.705274 0.680000
v 0.244651 -0.683173 0.687823
v 0.221571 -0.698429 0.680000
v 0.281004 -0.678623 0.678389
v 0.306010 -0.680000 0.666010
v 0.326486 -0.680000 0.656249
v -0.400000 -0.640000 0.655884
v -0.360914 -0.639248 0.678925
v -0.313005 -0.662768 0.680000
v -0.332973 -0.652973 0.680000
v 0.320000 -0.659526 0.680000
v 0.361245 -0.638593 0.679360
v 0.384813 -0.640000 0.664813
v 0.404893 -0.640000 0.652835
v -0.433292 -0.594611 0.676998
v -0.423233 -0.623233 0.656767
v -0.400174 -0.606962 0.686346
v 0.412517 -0.601788 0.683586
v 0.422699 -0.617301 0.662699
v 0.436362 -0.596578 0.673360
v 0.456645 -0.600000 0.656645
v -0.499966 -0.560000 0.660034
v -0.476521 -0.554018 0.682355
v -0.454808 -0.574808 0.680000
v 0.477751 -0.561101 0.675787
v 0.500232 -0.560000 0.660232
v -0.525893 -0.519327 0.673139
v -0.497897 -0.537897 0.680000
v 0.519498 -0.526875 0.672343
v 0.540907 -0.520000 0.660907
v -0.560000 -0.499966 0.660034
v -0.556586 -0.473502 0.682355
v -0.537897 -0.497897 0.680000
v 0.558179 -0.480697 0.676150
v 0.560000 -0.499968 0.660032
v 0.578956 -0.480000 0.658956
v -0.596322 -0.428551 0.678499
v -0.574808 -0.454808 0.680000
v 0.589931 -0.445068 0.673353
v 0.607305 -0.440000 0.661300
v -0.640000 -0.400000 0.655884
v -0.623233 -0.423233 0.656767
v -0.606962 -0.400174 0.686346
v 0.600000 -0.421036 0.680000
v 0.621567 -0.418433 0.661567
v 0.605013 -0.397626 0.689571
v 0.627722 -0.400000 0.667722
v -0.639144 -0.358370 0.680373
v 0.639729 -0.361597 0.678133
v 0.659658 -0.360000 0.659658
v -0.680000 -0.320000 0.659526
v -0.652973 -0.332973 0.680000
v -0.662768 -0.313005 0.680000
v 0.668101 -0.326849 0.668101
v 0.646704 -0.316937 0.693476
v -0.678007 -0.275571 0.681185
v 0.679559 -0.282442 0.676928
v 0.698505 -0.280000 0.658505
v -0.687824 -0.244651 0.683173
v 0.704448 -0.248619 0.664448
v 0.682324 -0.229260 0.693739
v -0.720000 -0.223551 0.656449
v -0.720000 -0.200000 0.664369
v -0.699314 -0.219314 0.680000
v -0.706802 -0.194165 0.680000
v 0.714263 -0.201782 0.669868
v -0.718498 -0.162369 0.676095
v 0.719194 -0.163829 0.675021
v 0.737752 -0.150669 0.657752
v -0.725748 -0.129433 0.675142
v 0.720506 -0.117899 0.683226
v 0.740851 -0.120000 0.660851
v -0.723024 -0.076883 0.686203
v 0.743057 -0.088794 0.663057
v 0.721449 -0.074062 0.688236
v -0.728567 -0.045563 0.683173
v 0.745070 -0.047633 0.665070
v 0.721945 -0.032292 0.690886
v -0.729657 -0.006381 0.683460
v 0.745869 -0.007118 0.665869
v 0.722076 0.007971 0.691458
v -0.729176 0.033828 0.683173
v 0.745512 0.032809 0.665512
v 0.721866 0.046951 0.690167
v -0.723471 0.081673 0.685206
v 0.744046 0.072195 0.664046
v 0.721333 0.084825 0.687179
v -0.721154 0.121575 0.681885
v 0.742165 0.102165 0.662165
v 0.720246 0.123012 0.682612
v 0.739929 0.129504 0.659929
v -0.717911 0.159554 0.677430
v 0.719339 0.157653 0.676429
v 0.735908 0.167487 0.655908
v -0.720000 0.187764 0.667764
v -0.720000 0.209178 0.661363
v -0.705274 0.200000 0.680000
v 0.712053 0.191564 0.675194
v 0.696527 0.203804 0.687795
v -0.698429 0.221571 0.680000
v -0.683173 0.244651 0.687823
v 0.707126 0.234059 0.667126
v 0.681770 0.245622 0.688906
v -0.682996 0.276311 0.675800
v 0.679838 0.278719 0.678278
v 0.702051 0.262051 0.662051
v 0.696876 0.287624 0.656876
v -0.680000 0.306010 0.666010
v -0.680000 0.326486 0.656249
v -0.659526 0.320000 0.680000
v 0.674705 0.310234 0.669458
v 0.642582 0.327614 0.692415
v -0.640714 0.358977 0.678560
v 0.639918 0.359469 0.679157
v 0.663938 0.343938 0.663938
v 0.657517 0.367688 0.657517
v -0.640000 0.384813 0.664813
v -0.640000 0.404893 0.652835
v -0.601788 0.412517 0.683586
v 0.633781 0.389257 0.668163
v 0.600896 0.412977 0.684124
v -0.617301 0.422699 0.662699
v -0.596578 0.436362 0.673360
v 0.598073 0.435472 0.672648
v 0.621046 0.421046 0.661046
v -0.600000 0.456645 0.656645
v -0.562568 0.475934 0.675766
v 0.559661 0.478272 0.676707
v 0.592398 0.460720 0.660720
v 0.576298 0.486820 0.656298
v -0.560000 0.500232 0.660232
v -0.527194 0.519095 0.672389
v 0.519826 0.519184 0.678366
v 0.513409 0.473009 0.715819
v 0.543784 0.513331 0.663784
v 0.560000 0.500232 0.660232
v -0.520000 0.540907 0.660907
v -0.481826 0.556725 0.676493
v -0.499968 0.560000 0.660032
v 0.479639 0.558449 0.676749
v 0.476885 0.517197 0.710484
v 0.503447 0.553331 0.663447
v 0.520000 0.540907 0.660907
v -0.480000 0.578956 0.658956
v -0.445068 0.589931 0.673353
v -0.440000 0.607305 0.661300
v -0.421036 0.600000 0.680000
v 0.436400 0.596146 0.673756
v 0.412437 0.601792 0.683663
v 0.464796 0.584796 0.664796
v 0.486820 0.576298 0.656298
v -0.397626 0.605013 0.689571
v -0.418433 0.621567 0.661567
v -0.400000 0.627722 0.667722
v -0.362018 0.639309 0.678285
v 0.359896 0.639646 0.679195
v 0.393053 0.630711 0.668890
v 0.421046 0.621046 0.661046
v -0.360000 0.659658 0.659658
v -0.316937 0.646704 0.693476
v -0.326849 0.668101 0.668101
v -0.283049 0.678952 0.677259
v 0.279763 0.679318 0.678393
v 0.313732 0.672180 0.670431
v 0.325865 0.645165 0.690861
v 0.343938 0.663938 0.663938
v 0.367688 0.657517 0.657517
v -0.280000 0.698505 0.658505
v -0.232341 0.684649 0.690484
v -0.248619 0.704448 0.664448
v -0.201782 0.714263 0.669868
v -0.162697 0.718387 0.676199
v -0.117314 0.721091 0.682696
v 0.158262 0.718679 0.677012
v 0.120500 0.720980 0.682352
v 0.191564 0.712053 0.675194
v 0.203804 0.696527 0.687795
v 0.234059 0.707126 0.667126
v 0.244269 0.683541 0.687664
v 0.262051 0.702051 0.662051
v 0.287624 0.696876 0.656876
v -0.150669 0.737752 0.657752
v -0.120000 0.740851 0.660851
v -0.088794 0.743057 0.663057
v -0.075695 0.722898 0.686591
v -0.047633 0.745070 0.665070
v -0.034378 0.723890 0.688806
v -0.007118 0.745869 0.665869
v 0.005846 0.724153 0.689361
v 0.032809 0.745512 0.665512
v 0.045125 0.723732 0.688384
v 0.072195 0.744046 0.664046
v 0.083575 0.722666 0.685972
v 0.102165 0.742165 0.662165
v 0.129504 0.739929 0.659929
v 0.167487 0.735908 0.655908
v -0.026940 -0.720000 0.693060
v 0.013461 -0.720000 0.693461
v 0.051703 -0.720000 0.691703
v -0.221571 -0.680000 0.698429
v -0.200000 -0.680000 0.705274
v -0.162064 -0.678416 0.716386
v -0.137171 -0.697171 0.702828
v -0.119539 -0.681231 0.722102
v -0.077271 -0.683181 0.725848
v -0.045852 -0.689025 0.723004
v -0.006730 -0.690190 0.723275
v 0.033470 -0.689703 0.723004
v 0.081337 -0.683679 0.724954
v 0.120056 -0.680762 0.722363
v 0.137171 -0.702829 0.697171
v 0.159778 -0.677748 0.717560
v 0.194165 -0.680000 0.706802
v 0.219314 -0.680000 0.699314
v -0.320000 -0.640000 0.698425
v -0.282761 -0.638277 0.715744
v -0.243970 -0.646724 0.722459
v -0.193882 -0.666066 0.720000
v -0.218356 -0.658356 0.720000
v 0.200000 -0.664369 0.720000
v 0.243658 -0.642753 0.726118
v 0.223551 -0.656449 0.720000
v 0.283060 -0.636192 0.717339
v 0.304990 -0.640000 0.704989
v 0.326242 -0.640000 0.695454
v -0.364956 -0.597758 0.713425
v -0.311829 -0.619630 0.720000
v -0.325071 -0.605071 0.726551
v 0.320000 -0.615601 0.720000
v 0.356431 -0.601939 0.714340
v 0.382436 -0.600000 0.702436
v -0.440000 -0.560000 0.701854
v -0.413388 -0.573388 0.706612
v -0.395523 -0.562250 0.725927
v -0.380192 -0.580192 0.720000
v 0.402669 -0.558806 0.724806
v 0.379960 -0.580040 0.720000
v 0.416401 -0.583599 0.696401
v 0.428756 -0.560000 0.708756
v 0.446653 -0.560000 0.697580
v -0.480000 -0.520000 0.706413
v -0.433419 -0.541620 0.720000
v -0.447040 -0.522234 0.726007
v 0.440000 -0.536401 0.720000
v 0.464634 -0.535366 0.704634
v 0.446510 -0.516827 0.730115
v 0.479829 -0.520000 0.706432
v -0.520000 -0.480000 0.706413
v -0.475073 -0.505523 0.720000
v -0.490553 -0.490553 0.720000
v -0.505523 -0.475073 0.720000
v 0.480000 -0.500900 0.720000
v 0.513129 -0.486794 0.706430
v 0.494887 -0.476632 0.726210
v -0.560000 -0.440000 0.701854
v -0.522234 -0.447040 0.726007
v -0.541620 -0.433419 0.720000
v 0.520000 -0.459222 0.720000
v 0.546806 -0.448129 0.706805
v 0.525518 -0.437409 0.729475
v 0.567483 -0.435539 0.698409
v -0.573388 -0.413388 0.706612
v -0.560944 -0.402509 0.723134
v 0.560952 -0.394174 0.727687
v 0.585242 -0.400000 0.705242
v -0.599039 -0.356723 0.716536
v -0.580192 -0.380192 0.720000
v 0.580040 -0.379960 0.720000
v 0.599049 -0.366403 0.711629
v 0.618443 -0.360000 0.698443
v -0.640000 -0.320000 0.698425
v -0.605071 -0.325071 0.726551
v -0.619630 -0.311829 0.720000
v 0.626690 -0.327662 0.706690
v 0.605153 -0.317699 0.729754
v -0.639234 -0.275409 0.717731
v 0.639077 -0.284478 0.714365
v 0.658505 -0.280000 0.698505
v -0.646724 -0.243970 0.722459
v 0.664448 -0.248619 0.704448
v 0.641965 -0.231738 0.730536
v -0.680000 -0.221571 0.698429
v -0.680000 -0.200000 0.705274
v -0.658356 -0.218356 0.720000
v -0.666066 -0.193882 0.720000
v 0.674129 -0.201824 0.710243
v -0.678416 -0.162064 0.716386
v 0.679169 -0.163588 0.715347
v 0.697990 -0.160000 0.697990
v -0.697171 -0.137171 0.702828
v -0.680580 -0.128000 0.721154
v 0.680517 -0.118016 0.723054
v 0.699934 -0.140066 0.699934
v 0.701993 -0.120000 0.701993
v -0.683181 -0.077271 0.725848
v 0.704238 -0.088181 0.704238
v 0.681482 -0.074337 0.727820
v -0.689025 -0.045852 0.723004
v 0.706230 -0.047040 0.706230
v 0.681989 -0.032627 0.730359
v -0.720000 -0.026940 0.693060
v -0.690190 -0.006730 0.723275
v 0.707010 -0.006543 0.707010
v 0.682121 0.007643 0.730924
v -0.720000 0.013461 0.693461
v -0.689703 0.033470 0.723004
v 0.706638 0.033368 0.706638
v 0.681905 0.046681 0.729710
v -0.720000 0.051703 0.691703
v -0.683679 0.081337 0.724954
v 0.705159 0.072740 0.705159
v 0.681360 0.084647 0.726866
v -0.675142 0.126196 0.726370
v 0.702610 0.111614 0.702610
v 0.680251 0.122982 0.722487
v -0.702829 0.137171 0.697171
v -0.677748 0.159778 0.717560
v 0.679325 0.157742 0.716594
v 0.700048 0.140048 0.700048
v 0.696993 0.167998 0.696993
v -0.680000 0.194165 0.706802
v -0.664369 0.200000 0.720000
v 0.677533 0.192800 0.709506
v -0.680000 0.219314 0.699314
v -0.656449 0.223551 0.720000
v -0.642753 0.243658 0.726118
v 0.670096 0.231858 0.704925
v 0.641479 0.244464 0.727005
v -0.643906 0.274733 0.713590
v 0.639668 0.277470 0.716728
v 0.662051 0.262051 0.702051
v 0.656876 0.287624 0.696876
v -0.640000 0.304990 0.704989
v -0.640000 0.326242 0.695454
v -0.615601 0.320000 0.720000
v 0.633990 0.309309 0.708527
v 0.601981 0.325561 0.728971
v -0.604304 0.353594 0.713620
v 0.599582 0.357377 0.715989
v 0.622978 0.342978 0.702978
v 0.616434 0.367213 0.696434
v -0.600000 0.382436 0.702436
v -0.580040 0.379960 0.720000
v -0.557176 0.404738 0.724823
v 0.592423 0.387331 0.706117
v 0.560418 0.402290 0.723862
v -0.583599 0.416401 0.696401
v -0.560000 0.428756 0.708756
v -0.560000 0.446653 0.697580
v -0.514679 0.449216 0.729817
v 0.550656 0.430842 0.714717
v 0.520941 0.444737 0.728421
v 0.579162 0.419162 0.699162
v -0.535366 0.464634 0.704634
v -0.520000 0.479829 0.706432
v -0.500900 0.480000 0.720000
v 0.494124 0.483941 0.722013
v 0.541986 0.461986 0.701986
v 0.560000 0.453306 0.693306
v -0.476632 0.494887 0.726210
v -0.486794 0.513129 0.706430
v -0.459222 0.520000 0.720000
v 0.440999 0.524270 0.728321
v 0.502924 0.502924 0.702924
v -0.437409 0.525518 0.729475
v -0.448129 0.546806 0.706805
v -0.435539 0.567483 0.698409
v -0.393634 0.561687 0.727396
v 0.430555 0.550911 0.714685
v 0.400472 0.561858 0.723771
v 0.461986 0.541986 0.701986
v -0.400000 0.585242 0.705242
v -0.366950 0.598312 0.711950
v -0.379960 0.580040 0.720000
v 0.359483 0.598167 0.716148
v 0.391722 0.588734 0.706819
v 0.419162 0.579162 0.699162
v 0.440000 0.572087 0.692087
v -0.360000 0.618443 0.698443
v -0.317699 0.605153 0.729754
v -0.327662 0.626690 0.706690
v -0.285796 0.637759 0.714968
v 0.279527 0.638593 0.716927
v 0.313061 0.631166 0.709456
v 0.324345 0.603963 0.727888
v 0.342978 0.622978 0.702978
v 0.367213 0.616434 0.696434
v -0.280000 0.658505 0.698505
v -0.233932 0.643930 0.728158
v -0.248619 0.664448 0.704448
v -0.201824 0.674129 0.710243
v -0.162601 0.678338 0.716397
v -0.117408 0.681125 0.722565
v 0.158298 0.678650 0.717129
v 0.120498 0.681005 0.722255
v 0.194353 0.675065 0.711447
v 0.231858 0.670096 0.704925
v 0.243441 0.642958 0.726062
v 0.262051 0.662051 0.702051
v 0.287624 0.656876 0.696876
v -0.160000 0.697990 0.697990
v -0.140066 0.699934 0.699934
v -0.120000 0.701993 0.701993
v -0.088181 0.704238 0.704238
v -0.075805 0.682965 0.726321
v -0.047040 0.706230 0.706230
v -0.034512 0.683977 0.728457
v -0.006543 0.707010 0.707010
v 0.005715 0.684242 0.729002
v 0.033368 0.706638 0.706638
v 0.045016 0.683810 0.728071
v 0.072740 0.705159 0.705159
v 0.083504 0.682720 0.725754
v 0.111614 0.702610 0.702610
v 0.140048 0.700048 0.700048
v 0.167998 0.696993 0.696993
v -0.027656 -0.680000 0.732344
v 0.012762 -0.680000 0.732762
v 0.051127 -0.680000 0.731127
v -0.226060 -0.640000 0.733940
v -0.200000 -0.640000 0.741769
v -0.163588 -0.636642 0.753263
v -0.120341 -0.640861 0.758060
v -0.078816 -0.641680 0.762770
v -0.038237 -0.643038 0.764638
v 0.001674 -0.643601 0.765089
v 0.041170 -0.643281 0.764288
v 0.080500 -0.641960 0.762367
v 0.119982 -0.644837 0.754568
v 0.160033 -0.635106 0.755348
v 0.185390 -0.640000 0.745390
v 0.208426 -0.640000 0.739311
v -0.298094 -0.600000 0.741906
v -0.275300 -0.591878 0.757327
v -0.257171 -0.617171 0.742829
v -0.238299 -0.599648 0.763766
v -0.191579 -0.620672 0.760000
v -0.213482 -0.613482 0.760000
v 0.200000 -0.618187 0.760000
v 0.239037 -0.595226 0.766809
v 0.259023 -0.620977 0.739023
v 0.276065 -0.596578 0.753392
v 0.300977 -0.600000 0.740977
v 0.324518 -0.600000 0.731069
v -0.360000 -0.560000 0.746082
v -0.337814 -0.577814 0.742186
v -0.317157 -0.559942 0.765162
v -0.297445 -0.577445 0.760000
v 0.315437 -0.565215 0.761919
v 0.339300 -0.580700 0.739300
v 0.350530 -0.560000 0.750530
v 0.368681 -0.560000 0.741722
v -0.405009 -0.517457 0.753444
v -0.400000 -0.539959 0.740041
v -0.354165 -0.544589 0.760000
v -0.372329 -0.532329 0.760000
v 0.360000 -0.540849 0.760000
v 0.397201 -0.521211 0.755188
v 0.400000 -0.539960 0.740040
v 0.422299 -0.520000 0.742299
v -0.480000 -0.480000 0.734189
v -0.440365 -0.478751 0.759353
v -0.417572 -0.497572 0.760000
v 0.439749 -0.481755 0.757883
v 0.464232 -0.480000 0.744232
v -0.480606 -0.438679 0.759145
v -0.459314 -0.459314 0.760000
v 0.479772 -0.441495 0.758139
v 0.503468 -0.440000 0.743468
v -0.539959 -0.400000 0.740041
v -0.518945 -0.397319 0.756555
v -0.497572 -0.417572 0.760000
v 0.518954 -0.406496 0.751646
v 0.540256 -0.400000 0.740256
v -0.560000 -0.360000 0.746082
v -0.532329 -0.372329 0.760000
v -0.544589 -0.354165 0.760000
v 0.554156 -0.365703 0.747416
v 0.534403 -0.357103 0.765792
v -0.577814 -0.337814 0.742186
v -0.553707 -0.321746 0.767658
v 0.560981 -0.316045 0.764935
v 0.579788 -0.340212 0.739788
v 0.585099 -0.320000 0.745099
v -0.600000 -0.298094 0.741906
v -0.591878 -0.275300 0.757327
v -0.577445 -0.297445 0.760000
v 0.597810 -0.290011 0.746945
v 0.616141 -0.280000 0.736141
v -0.617171 -0.257171 0.742829
v -0.594278 -0.241949 0.766656
v 0.600620 -0.237532 0.763314
v 0.619856 -0.260144 0.739856
v 0.623794 -0.240000 0.743794
v -0.640000 -0.226060 0.733940
v -0.640000 -0.200000 0.741769
v -0.613482 -0.213482 0.760000
v -0.620672 -0.191579 0.760000
v 0.631683 -0.205869 0.747125
v 0.602816 -0.189438 0.774698
v -0.636642 -0.163588 0.753263
v 0.638278 -0.166784 0.751244
v 0.657752 -0.150669 0.737752
v -0.644885 -0.118100 0.754809
v 0.639813 -0.120666 0.758959
v 0.660851 -0.120000 0.740852
v -0.641680 -0.078816 0.762770
v 0.663057 -0.088794 0.743057
v 0.640761 -0.077284 0.763730
v -0.643038 -0.038237 0.764638
v 0.665070 -0.047633 0.745070
v 0.641299 -0.035489 0.766302
v -0.680000 -0.027656 0.732344
v -0.643601 0.001674 0.765089
v 0.665869 -0.007118 0.745869
v 0.641450 0.004910 0.766974
v -0.680000 0.012762 0.732762
v -0.643281 0.041170 0.764288
v 0.665512 0.032809 0.745512
v 0.641242 0.044104 0.765925
v -0.680000 0.051127 0.731127
v -0.641960 0.080500 0.762367
v 0.664046 0.072195 0.744046
v 0.640696 0.082247 0.763296
v -0.645977 0.118754 0.753749
v 0.639912 0.118717 0.759182
v 0.662165 0.102165 0.742165
v 0.659930 0.129504 0.739929
v -0.635106 0.160033 0.755348
v 0.638615 0.155638 0.753474
v 0.655908 0.167487 0.735908
v -0.640000 0.185390 0.745390
v -0.640000 0.208426 0.739311
v -0.618187 0.200000 0.760000
v 0.628565 0.188511 0.754253
v 0.602387 0.206988 0.770703
v -0.593107 0.241376 0.767723
v 0.633057 0.221484 0.741484
v 0.600253 0.241883 0.762296
v 0.623794 0.240000 0.743794
v -0.620977 0.259023 0.739023
v -0.596578 0.276065 0.753392
v 0.598293 0.275156 0.752406
v 0.620077 0.260077 0.740077
v 0.614721 0.286650 0.734721
v -0.600000 0.300977 0.740977
v -0.600000 0.324518 0.731069
v -0.552723 0.321188 0.768576
v 0.571781 0.292853 0.766070
v 0.593258 0.307472 0.743747
v 0.560339 0.322088 0.763005
v -0.580700 0.339300 0.739300
v -0.560000 0.350530 0.750530
v -0.560000 0.368681 0.741722
v -0.540849 0.360000 0.760000
v 0.552022 0.352193 0.755580
v 0.534623 0.364543 0.762184
v 0.580091 0.340091 0.740091
v -0.522919 0.395057 0.755044
v -0.539960 0.400000 0.740040
v 0.519558 0.397598 0.756210
v 0.552448 0.381129 0.741129
v 0.537816 0.407688 0.737816
v -0.520000 0.422299 0.742299
v -0.481904 0.439558 0.757891
v 0.479909 0.439552 0.759249
v 0.483291 0.408474 0.774133
v 0.513880 0.425029 0.745029
v 0.500370 0.448636 0.740370
v -0.480000 0.464232 0.744232
v -0.441628 0.479599 0.758165
v 0.439906 0.479578 0.759254
v 0.429475 0.428892 0.794457
v 0.474355 0.466471 0.746471
v 0.460752 0.488636 0.740752
v -0.440000 0.503468 0.743468
v -0.407097 0.518156 0.751849
v 0.399508 0.518001 0.756286
v 0.403395 0.488061 0.773823
v 0.433880 0.505614 0.745614
v 0.418837 0.527688 0.738837
v -0.400000 0.540256 0.740256
v -0.357103 0.534403 0.765792
v -0.365703 0.554156 0.747416
v -0.314584 0.562441 0.764410
v 0.351873 0.552288 0.755526
v 0.364236 0.534894 0.762148
v 0.320415 0.561476 0.762895
v 0.392448 0.542576 0.742576
v -0.340212 0.579788 0.739788
v -0.320000 0.585099 0.745099
v -0.286452 0.595620 0.750135
v -0.236706 0.601446 0.762891
v 0.276001 0.595937 0.753943
v 0.240355 0.601065 0.762167
v 0.312228 0.589533 0.744777
v 0.340091 0.580091 0.740091
v 0.360000 0.574788 0.734788
v -0.280000 0.616141 0.736141
v -0.260144 0.619856 0.739856
v -0.240000 0.623794 0.743794
v -0.205869 0.631683 0.747125
v -0.192966 0.605633 0.771682
v -0.165066 0.636555 0.753127
v -0.120900 0.639578 0.759112
v 0.119796 0.639647 0.759262
v 0.156651 0.637230 0.754460
v 0.188125 0.628812 0.754115
v 0.205456 0.604775 0.769261
v 0.233057 0.624955 0.744955
v 0.260077 0.620077 0.740077
v 0.286650 0.614721 0.734721
v -0.150669 0.657752 0.737752
v -0.120000 0.660851 0.740852
v -0.077944 0.641523 0.763045
v -0.088794 0.663057 0.743057
v -0.047633 0.665070 0.745070
v -0.036572 0.642597 0.765191
v -0.007118 0.665869 0.745869
v 0.003743 0.642900 0.765795
v 0.032809 0.665512 0.745512
v 0.043139 0.642484 0.764964
v 0.072195 0.664046 0.744046
v 0.081724 0.641393 0.762783
v 0.102165 0.662165 0.742165
v 0.129504 0.659930 0.739929
v 0.167487 0.655908 0.735908
v 0.200000 0.651654 0.731654
v -0.190607 -0.600000 0.776644
v -0.160000 -0.600000 0.783741
v -0.131146 -0.600000 0.788854
v -0.114759 -0.591681 0.797720
v -0.081089 -0.598082 0.797170
v -0.080000 -0.619967 0.780033
v -0.044047 -0.605114 0.794592
v 0.000000 -0.600000 0.800000
v 0.037757 -0.603323 0.796384
v 0.065496 -0.614504 0.785496
v 0.079778 -0.597664 0.797619
v 0.086176 -0.623807 0.776193
v 0.111934 -0.600000 0.791934
v 0.128139 -0.588783 0.797720
v 0.146255 -0.600000 0.786255
v 0.169679 -0.600000 0.781550
v 0.205680 -0.600000 0.772931
v -0.280000 -0.560000 0.779643
v -0.243524 -0.556895 0.793771
v -0.198182 -0.560212 0.804086
v -0.151183 -0.580206 0.800000
v -0.173821 -0.573821 0.800000
v 0.160000 -0.578046 0.800000
v 0.198716 -0.555959 0.806734
v 0.226742 -0.573258 0.786742
v 0.237249 -0.557428 0.795477
v 0.264813 -0.560000 0.784813
v 0.287135 -0.560000 0.776957
v -0.360000 -0.520000 0.774502
v -0.334463 -0.520000 0.785537
v -0.307390 -0.516437 0.798987
v -0.276648 -0.522996 0.805907
v -0.260160 -0.540160 0.800000
v 0.285258 -0.520334 0.804647
v 0.259943 -0.540057 0.800000
v 0.312666 -0.524292 0.791653
v 0.320000 -0.546624 0.773376
v 0.342365 -0.520000 0.782365
v 0.364912 -0.520000 0.772163
v -0.400000 -0.480000 0.780669
v -0.359994 -0.479994 0.800006
v -0.336352 -0.496352 0.800000
v 0.360000 -0.480000 0.800000
v 0.377099 -0.502901 0.777099
v 0.387103 -0.480000 0.787103
v 0.406773 -0.480000 0.777107
v -0.440000 -0.440000 0.782718
v -0.396808 -0.440977 0.804793
v -0.382072 -0.462072 0.800000
v 0.400900 -0.435698 0.805675
v 0.421769 -0.458231 0.781769
v 0.428864 -0.440000 0.788864
v 0.447210 -0.440000 0.778569
v -0.480000 -0.400000 0.780669
v -0.436424 -0.401233 0.805065
v -0.423972 -0.423972 0.800000
v 0.440831 -0.396126 0.805264
v 0.461627 -0.418373 0.781627
v 0.467955 -0.400000 0.787955
v 0.487668 -0.395511 0.778003
v -0.520000 -0.360000 0.774502
v -0.479994 -0.359994 0.800006
v -0.462072 -0.382072 0.800000
v 0.480000 -0.360000 0.800000
v 0.504620 -0.360000 0.784620
v -0.520000 -0.334463 0.785537
v -0.516437 -0.307390 0.798987
v -0.496352 -0.336352 0.800000
v 0.518062 -0.328069 0.789600
v 0.539051 -0.320000 0.779051
v -0.560000 -0.280000 0.779643
v -0.522996 -0.276648 0.805907
v 0.521565 -0.276651 0.806819
v 0.546307 -0.287745 0.786307
v 0.569856 -0.272992 0.774767
v -0.556895 -0.243524 0.793771
v -0.540160 -0.260160 0.800000
v 0.540056 -0.259944 0.800000
v 0.558450 -0.245991 0.791978
v 0.579094 -0.240000 0.779094
v -0.600000 -0.190607 0.776644
v -0.554690 -0.203268 0.806493
v 0.560820 -0.197113 0.803999
v 0.584115 -0.208659 0.784115
v -0.600000 -0.160000 0.783741
v -0.573821 -0.173821 0.800000
v -0.580206 -0.151183 0.800000
v 0.590064 -0.165329 0.790064
v 0.562655 -0.151237 0.812444
v 0.607056 -0.156291 0.778926
v -0.600000 -0.131146 0.788854
v -0.591681 -0.114759 0.797720
v 0.598061 -0.126804 0.791102
v 0.618068 -0.110640 0.778068
v -0.619967 -0.080000 0.780033
v -0.598082 -0.081089 0.797170
v 0.599170 -0.082841 0.796211
v 0.620280 -0.080000 0.780280
v -0.605114 -0.044047 0.794592
v 0.599799 -0.040670 0.799089
v 0.621578 -0.049418 0.781578
v -0.600000 -0.000002 0.800000
v 0.600000 0.000000 0.800000
v 0.622433 -0.008848 0.782433
v -0.603323 0.037757 0.796384
v 0.599810 0.039396 0.799149
v 0.622123 0.031127 0.782123
v -0.614504 0.065496 0.785496
v -0.623807 0.086176 0.776193
v -0.597664 0.079778 0.797619
v 0.599258 0.077696 0.796696
v 0.621114 0.061114 0.781114
v 0.619622 0.089482 0.779622
v -0.600000 0.111934 0.791934
v -0.588783 0.128139 0.797720
v 0.598364 0.115039 0.792764
v 0.616646 0.127938 0.776646
v -0.600000 0.146255 0.786255
v -0.600000 0.169679 0.781550
v -0.578046 0.160000 0.800000
v 0.582365 0.142365 0.800000
v 0.594323 0.154490 0.789089
v 0.562315 0.166552 0.809801
v -0.600000 0.205680 0.772931
v -0.553240 0.201730 0.807866
v 0.589596 0.191661 0.784436
v 0.560351 0.202797 0.802964
v -0.573258 0.226742 0.786742
v -0.557428 0.237249 0.795477
v 0.558751 0.236580 0.794777
v 0.582087 0.222087 0.782087
v 0.577602 0.248055 0.777602
v -0.560000 0.264813 0.784813
v -0.560000 0.287135 0.776957
v -0.540057 0.259943 0.800000
v -0.516094 0.289878 0.805629
v 0.553311 0.268691 0.788197
v 0.520618 0.283938 0.805083
v -0.524292 0.312666 0.791653
v 0.518559 0.316354 0.794270
v 0.543036 0.303036 0.783036
v 0.537149 0.327624 0.777149
v -0.520000 0.342365 0.782365
v -0.520000 0.364912 0.772163
v -0.480000 0.360000 0.800000
v 0.480000 0.360000 0.800000
v 0.490934 0.331766 0.805293
v 0.513139 0.348166 0.784321
v -0.502901 0.377099 0.777099
v -0.480000 0.387103 0.787103
v -0.480000 0.406773 0.777107
v -0.435204 0.401560 0.805593
v 0.473604 0.390167 0.789397
v 0.440368 0.401798 0.802841
v 0.499126 0.379126 0.779126
v -0.458231 0.421769 0.781769
v -0.440000 0.428864 0.788864
v -0.440000 0.447210 0.778569
v -0.395674 0.441442 0.805133
v 0.400381 0.441695 0.802823
v 0.461055 0.421055 0.781055
v -0.418373 0.461627 0.781627
v -0.400000 0.467955 0.787955
v -0.395511 0.487668 0.778003
v -0.360000 0.480000 0.800000
v 0.360000 0.480000 0.800000
v 0.393391 0.470593 0.789610
v 0.421055 0.461055 0.781055
v -0.360000 0.504620 0.784620
v -0.325291 0.516125 0.792073
v -0.274247 0.522867 0.806818
v 0.316920 0.516439 0.795395
v 0.280775 0.522683 0.804891
v 0.352575 0.509294 0.784885
v 0.379126 0.499126 0.779126
v -0.320000 0.539051 0.779051
v -0.287745 0.546307 0.786307
v -0.272992 0.569856 0.774767
v -0.243968 0.556901 0.793743
v -0.259944 0.540056 0.800000
v -0.196023 0.561910 0.803468
v 0.237287 0.557502 0.795452
v 0.200516 0.561473 0.802791
v 0.272488 0.550337 0.789020
v 0.303036 0.543036 0.783036
v 0.327624 0.537149 0.777149
v -0.240000 0.579094 0.779094
v -0.208659 0.584115 0.784115
v -0.165329 0.590064 0.790064
v -0.154040 0.565309 0.810115
v -0.156291 0.607056 0.778926
v -0.125248 0.596123 0.792844
v -0.082195 0.598339 0.796921
v -0.040519 0.599598 0.799252
v 0.000000 0.600000 0.800000
v 0.039531 0.599620 0.799289
v 0.078205 0.598515 0.797217
v 0.116128 0.596729 0.793857
v 0.153376 0.595056 0.788709
v 0.142365 0.582365 0.800000
v 0.165190 0.564629 0.808482
v 0.193643 0.586417 0.786418
v 0.222087 0.582087 0.782087
v 0.248055 0.577602 0.777602
v -0.110640 0.618068 0.778068
v -0.080000 0.620280 0.780280
v -0.049418 0.621578 0.781578
v -0.008848 0.622433 0.782433
v 0.031127 0.622123 0.782123
v 0.061114 0.621114 0.781114
v 0.089482 0.619622 0.779622
v 0.127938 0.616646 0.776646
v 0.160000 0.613388 0.773388
v -0.152289 -0.560000 0.814123
v -0.120000 -0.560000 0.819676
v -0.088818 -0.560000 0.823456
v -0.046773 -0.560000 0.826957
v -0.005932 -0.560000 0.828282
v 0.033882 -0.560000 0.827612
v 0.072809 -0.560000 0.825083
v 0.101922 -0.560000 0.821922
v 0.128426 -0.560000 0.818265
v 0.165276 -0.560000 0.811688
v -0.240000 -0.520000 0.819676
v -0.213226 -0.520000 0.826774
v -0.194175 -0.510199 0.837591
v -0.164173 -0.523933 0.835507
v -0.119293 -0.514754 0.848652
v -0.086933 -0.531033 0.842591
v -0.030770 -0.541195 0.840000
v -0.058786 -0.538786 0.840000
v 0.009179 -0.541986 0.840000
v 0.040000 -0.540849 0.840000
v 0.084650 -0.524100 0.847241
v 0.061571 -0.538429 0.840000
v 0.122342 -0.511849 0.849904
v 0.160388 -0.520893 0.838315
v 0.182699 -0.537301 0.822699
v 0.196065 -0.516024 0.833656
v 0.224047 -0.520000 0.824047
v 0.247508 -0.520000 0.817346
v -0.320000 -0.480000 0.816744
v -0.293751 -0.480000 0.826249
v -0.280000 -0.502436 0.817564
v -0.275055 -0.471164 0.837833
v -0.238125 -0.480874 0.843652
v -0.216807 -0.496807 0.840000
v 0.237722 -0.478637 0.844895
v 0.273843 -0.497375 0.822625
v 0.276728 -0.476109 0.834561
v 0.303077 -0.480000 0.823077
v 0.325957 -0.480000 0.814330
v -0.360000 -0.440000 0.822601
v -0.320674 -0.439735 0.838869
v -0.294878 -0.454878 0.840000
v 0.322359 -0.438652 0.838680
v 0.339568 -0.460431 0.819569
v 0.347787 -0.440000 0.827787
v 0.367780 -0.440000 0.819080
v -0.400000 -0.400000 0.824547
v -0.358060 -0.400999 0.843048
v -0.341205 -0.421205 0.840000
v 0.360677 -0.397305 0.843708
v 0.386632 -0.408129 0.826632
v 0.408183 -0.400000 0.820457
v -0.440000 -0.360000 0.822601
v -0.397849 -0.361197 0.843192
v -0.383307 -0.383307 0.840000
v 0.400624 -0.357545 0.843482
v 0.426009 -0.368288 0.826009
v 0.447305 -0.360000 0.818605
v -0.480000 -0.320000 0.816744
v -0.440976 -0.319475 0.838660
v -0.421205 -0.341205 0.840000
v 0.439510 -0.321205 0.838786
v 0.459762 -0.340238 0.819762
v 0.465242 -0.320000 0.825242
v 0.489382 -0.313243 0.813568
v -0.502436 -0.280000 0.817564
v -0.480000 -0.293751 0.826249
v -0.471164 -0.275055 0.837833
v -0.454878 -0.294878 0.840000
v 0.477780 -0.287779 0.829710
v 0.499658 -0.280000 0.819658
v -0.520000 -0.240000 0.819676
v -0.476443 -0.242723 0.844776
v 0.480968 -0.236949 0.843981
v 0.505929 -0.247823 0.825929
v 0.530118 -0.232879 0.815037
v -0.520000 -0.213226 0.826774
v -0.510199 -0.194175 0.837591
v -0.496807 -0.216807 0.840000
v 0.517743 -0.207506 0.829716
v 0.538505 -0.200000 0.818505
v -0.560000 -0.152289 0.814123
v -0.524639 -0.163319 0.835205
v 0.519775 -0.160691 0.839020
v 0.542524 -0.169374 0.822523
v -0.560000 -0.120000 0.819676
v -0.514754 -0.119293 0.848652
v 0.547167 -0.126774 0.827167
v 0.521315 -0.115987 0.845305
v 0.569177 -0.113736 0.814096
v -0.560000 -0.088818 0.823456
v -0.531033 -0.086933 0.842591
v 0.555205 -0.091309 0.826388
v 0.522329 -0.073022 0.849395
v 0.567429 -0.076206 0.819702
v -0.560000 -0.046773 0.826957
v -0.538786 -0.058786 0.840000
v -0.541195 -0.030770 0.840000
v 0.557357 -0.047752 0.828645
v 0.576382 -0.031752 0.816382
v -0.560000 -0.005932 0.828282
v -0.541986 0.009179 0.840000
v 0.557567 -0.007382 0.829868
v 0.576727 0.008306 0.816727
v -0.560000 0.033882 0.827612
v -0.540849 0.040000 0.840000
v 0.541540 0.021540 0.840000
v 0.557351 0.033548 0.829359
v 0.575942 0.047808 0.815942
v -0.560000 0.072809 0.825083
v -0.538429 0.061571 0.840000
v -0.524100 0.084650 0.847241
v 0.555494 0.070606 0.828303
v 0.522099 0.085835 0.848395
v 0.563517 0.092661 0.820615
v -0.560000 0.101922 0.821922
v -0.560000 0.128426 0.818265
v -0.511849 0.122342 0.849904
v 0.548309 0.114368 0.828309
v 0.521123 0.123065 0.844477
v 0.566768 0.129525 0.813441
v -0.560000 0.165276 0.811688
v -0.521713 0.159492 0.837975
v 0.519904 0.159030 0.839264
v 0.544572 0.152675 0.824572
v -0.537301 0.182699 0.822699
v -0.516024 0.196065 0.833656
v 0.517735 0.194871 0.832897
v 0.541087 0.181087 0.821087
v 0.537250 0.207998 0.817250
v -0.520000 0.224047 0.824047
v -0.520000 0.247508 0.817346
v -0.475566 0.241066 0.845734
v 0.514211 0.229358 0.826234
v 0.480370 0.242467 0.842820
v 0.526555 0.248811 0.812769
v -0.497375 0.273843 0.822625
v -0.476109 0.276728 0.834561
v 0.477926 0.275704 0.833889
v 0.503096 0.263096 0.823096
v 0.497884 0.288055 0.817884
v -0.480000 0.303077 0.823077
v -0.480000 0.325957 0.814330
v -0.440749 0.320196 0.838480
v 0.439902 0.319445 0.839294
v 0.473340 0.308568 0.824879
v -0.460431 0.339568 0.819569
v -0.440000 0.347787 0.827787
v -0.440000 0.367780 0.819080
v -0.396950 0.361155 0.843654
v 0.421204 0.341204 0.840000
v 0.433516 0.354384 0.828402
v 0.400291 0.361430 0.842065
v 0.460077 0.340077 0.820077
v -0.408129 0.386632 0.826632
v -0.400000 0.408183 0.820457
v -0.357221 0.401069 0.843395
v 0.388819 0.389218 0.834778
v 0.360302 0.401340 0.842052
v 0.422051 0.382051 0.822051
v 0.440000 0.375559 0.815559
v -0.368288 0.426009 0.826009
v -0.360000 0.447305 0.818605
v -0.322251 0.438464 0.838887
v 0.319888 0.439558 0.839309
v 0.353344 0.434485 0.828330
v 0.341204 0.421204 0.840000
v 0.391026 0.419209 0.819209
v -0.340238 0.459762 0.819762
v -0.320000 0.465242 0.825242
v -0.313243 0.489382 0.813568
v -0.285245 0.475560 0.831901
v -0.235515 0.482402 0.843513
v 0.276298 0.475869 0.834851
v 0.240478 0.481603 0.842710
v 0.312799 0.469651 0.825420
v 0.340077 0.460077 0.820077
v 0.360000 0.454609 0.814609
v -0.280000 0.499658 0.819658
v -0.247823 0.505929 0.825929
v -0.232879 0.530118 0.815037
v -0.205092 0.515487 0.831760
v -0.161010 0.519456 0.839145
v 0.159833 0.519602 0.839314
v 0.195624 0.515487 0.834101
v 0.233347 0.511087 0.827098
v 0.246934 0.528054 0.812390
v 0.263096 0.503096 0.823096
v 0.288055 0.497884 0.817884
v -0.200000 0.538505 0.818505
v -0.169374 0.542524 0.822523
v -0.116770 0.522630 0.844398
v -0.126774 0.547167 0.827167
v -0.113736 0.569177 0.814096
v -0.086900 0.552902 0.828493
v -0.074389 0.524659 0.847854
v -0.076206 0.567429 0.819702
v -0.045609 0.554216 0.830955
v -0.037084 0.533519 0.844761
v -0.004985 0.554774 0.831844
v -0.018358 0.541642 0.840000
v 0.003021 0.534418 0.844998
v 0.036274 0.554702 0.831030
v 0.021540 0.541540 0.840000
v 0.074201 0.553190 0.829595
v 0.084695 0.524199 0.847223
v 0.092661 0.563517 0.820615
v 0.114368 0.548309 0.828309
v 0.122468 0.522246 0.843876
v 0.127418 0.568225 0.812791
v 0.152675 0.544572 0.824572
v 0.181087 0.541087 0.821087
v 0.207998 0.537250 0.817250
v -0.031752 0.576382 0.816382
v 0.008306 0.576727 0.816727
v 0.047808 0.575942 0.815942
v -0.068873 -0.520000 0.851127
v -0.033259 -0.520000 0.853328
v 0.006897 -0.520000 0.853951
v 0.046164 -0.520000 0.852751
v -0.191109 -0.480000 0.855945
v -0.160000 -0.480000 0.862496
v -0.126602 -0.480000 0.867886
v -0.101486 -0.501486 0.858514
v -0.080966 -0.475816 0.875560
v -0.080000 -0.495487 0.864513
v -0.045389 -0.486890 0.871874
v -0.003522 -0.484666 0.874397
v 0.035865 -0.485682 0.873044
v 0.073371 -0.494373 0.865627
v 0.080876 -0.474616 0.876203
v 0.099222 -0.500778 0.859222
v 0.115073 -0.480000 0.869561
v 0.144990 -0.480000 0.864990
v 0.169334 -0.480000 0.860582
v 0.205641 -0.480000 0.852696
v -0.270607 -0.440000 0.855980
v -0.240000 -0.440000 0.865278
v -0.222186 -0.462186 0.857814
v -0.200721 -0.443553 0.873199
v -0.154639 -0.435884 0.886274
v -0.111484 -0.461095 0.880000
v -0.134778 -0.454778 0.880000
v 0.120000 -0.459222 0.880000
v 0.158167 -0.438955 0.884212
v 0.196114 -0.445308 0.873343
v 0.219479 -0.460521 0.859479
v 0.234165 -0.440000 0.866804
v 0.259509 -0.440000 0.859509
v 0.290093 -0.432363 0.853386
v -0.320000 -0.400000 0.858776
v -0.291336 -0.400000 0.868664
v -0.280000 -0.414463 0.865537
v -0.275048 -0.390857 0.878166
v -0.237879 -0.401799 0.884086
v -0.220128 -0.420128 0.880000
v 0.241352 -0.395772 0.885877
v 0.219960 -0.420040 0.880000
v 0.277039 -0.408445 0.869348
v 0.304361 -0.400000 0.864361
v 0.326773 -0.400000 0.856160
v -0.360000 -0.360000 0.860637
v -0.342828 -0.382828 0.857172
v -0.322409 -0.358177 0.876010
v -0.293060 -0.373060 0.880000
v 0.318994 -0.363519 0.875104
v 0.339676 -0.380324 0.859676
v 0.346220 -0.360000 0.866220
v 0.367210 -0.360000 0.857528
v -0.400000 -0.320000 0.858776
v -0.382828 -0.342828 0.857172
v -0.362705 -0.317799 0.875817
v -0.335422 -0.335422 0.880000
v 0.359087 -0.323176 0.875414
v 0.379735 -0.340265 0.859735
v 0.385394 -0.320000 0.865394
v 0.411437 -0.311742 0.856131
v -0.440000 -0.270607 0.855980
v -0.414463 -0.280000 0.865537
v -0.400000 -0.291336 0.868664
v -0.390857 -0.275048 0.878166
v -0.373060 -0.293060 0.880000
v 0.397799 -0.286506 0.871344
v 0.422129 -0.280000 0.862130
v 0.443765 -0.267925 0.854804
v -0.440000 -0.240000 0.865278
v -0.396793 -0.243487 0.884763
v 0.400957 -0.237044 0.884761
v 0.428911 -0.246186 0.868911
v 0.448309 -0.240000 0.860948
v -0.480000 -0.191109 0.855945
v -0.462186 -0.222186 0.857814
v -0.443553 -0.200721 0.873199
v -0.420128 -0.220128 0.880000
v 0.420040 -0.219960 0.880000
v 0.438755 -0.203554 0.875111
v 0.459856 -0.220144 0.859856
v 0.463289 -0.200000 0.863289
v 0.486299 -0.190382 0.852508
v -0.480000 -0.160000 0.862496
v -0.433857 -0.157388 0.886734
v 0.445376 -0.154020 0.881761
v 0.467788 -0.166565 0.867787
v 0.487583 -0.156008 0.858831
v -0.480000 -0.126602 0.867886
v -0.454778 -0.134778 0.880000
v -0.461095 -0.111484 0.880000
v 0.475121 -0.127291 0.870442
v 0.442506 -0.113546 0.889345
v 0.498505 -0.120000 0.858505
v -0.501486 -0.101486 0.858514
v -0.495487 -0.080000 0.864513
v -0.475816 -0.080966 0.875560
v 0.478318 -0.084683 0.873938
v 0.499934 -0.100066 0.859934
v 0.501448 -0.080000 0.861448
v -0.520000 -0.068873 0.851127
v -0.520000 -0.033259 0.853328
v -0.486890 -0.045389 0.871874
v 0.479078 -0.042529 0.876656
v 0.502810 -0.048794 0.862810
v 0.525168 -0.032484 0.850185
v -0.520000 0.006897 0.853951
v -0.484666 -0.003522 0.874397
v 0.479334 -0.001800 0.877572
v 0.503670 -0.008227 0.863670
v 0.525413 0.007767 0.850625
v -0.520000 0.046164 0.852751
v -0.485682 0.035865 0.873044
v 0.479139 0.037714 0.876857
v 0.503334 0.031729 0.863334
v 0.524947 0.047007 0.849675
v -0.494373 0.073371 0.865627
v -0.474616 0.080876 0.876203
v 0.478535 0.076176 0.874647
v 0.501851 0.071127 0.861851
v -0.500778 0.099222 0.859222
v -0.480000 0.115073 0.869561
v -0.459222 0.120000 0.880000
v 0.469389 0.108602 0.875985
v 0.442228 0.125513 0.887942
v 0.500018 0.100018 0.860018
v 0.497664 0.128411 0.857664
v -0.480000 0.144990 0.864990
v -0.480000 0.169334 0.860582
v -0.436152 0.161254 0.885077
v 0.474630 0.149949 0.867125
v 0.440397 0.163194 0.882771
v 0.483387 0.170925 0.858344
v -0.480000 0.205641 0.852696
v -0.445308 0.196114 0.873343
v 0.438974 0.197574 0.876445
v 0.464320 0.192675 0.864320
v -0.460521 0.219479 0.859479
v -0.440000 0.234165 0.866804
v -0.420040 0.219960 0.880000
v -0.395122 0.242222 0.885900
v 0.420128 0.220128 0.880000
v 0.434340 0.234813 0.869461
v 0.400502 0.243065 0.883397
v 0.460048 0.220048 0.860048
v -0.440000 0.259509 0.859509
v -0.432363 0.290093 0.853386
v -0.408445 0.277039 0.869348
v 0.393695 0.273310 0.877488
v 0.375815 0.284447 0.881711
v 0.432613 0.262368 0.862368
v 0.420081 0.289016 0.860081
v -0.400000 0.304361 0.864361
v -0.400000 0.326773 0.856160
v -0.364025 0.318320 0.875116
v 0.359566 0.317791 0.877284
v 0.393427 0.309259 0.865607
v 0.406647 0.328443 0.852380
v -0.380324 0.339676 0.859676
v -0.360000 0.346220 0.866220
v -0.360000 0.367210 0.857528
v -0.323633 0.358466 0.875480
v 0.319543 0.357972 0.877304
v 0.329933 0.330468 0.884022
v 0.353890 0.350445 0.867000
v 0.363192 0.368599 0.855561
v 0.380063 0.340063 0.860063
v -0.340265 0.379735 0.859735
v -0.320000 0.385394 0.865394
v -0.311742 0.411437 0.856131
v -0.284509 0.395598 0.873026
v -0.236580 0.401614 0.884572
v 0.277206 0.396215 0.875203
v 0.240607 0.402229 0.883306
v 0.313169 0.389775 0.865866
v 0.326750 0.408236 0.852276
v 0.340063 0.380063 0.860063
v -0.280000 0.422129 0.862130
v -0.272287 0.447529 0.851524
v -0.246186 0.428911 0.868911
v -0.240000 0.448309 0.860948
v -0.202471 0.437511 0.876003
v -0.219960 0.420040 0.880000
v -0.156218 0.442187 0.883068
v 0.197978 0.437949 0.876865
v 0.160585 0.441692 0.882637
v 0.234900 0.434122 0.869548
v 0.220128 0.420128 0.880000
v 0.265227 0.425227 0.865227
v 0.289016 0.420081 0.860081
v -0.220144 0.459856 0.859856
v -0.200000 0.463289 0.863289
v -0.192604 0.487425 0.851411
v -0.166565 0.467788 0.867787
v -0.156008 0.487583 0.858831
v -0.125641 0.474232 0.871203
v -0.115437 0.445011 0.887868
v -0.083909 0.476636 0.874937
v -0.042102 0.478157 0.877184
v -0.001491 0.478667 0.877939
v 0.038111 0.478278 0.877313
v 0.076846 0.477070 0.875392
v 0.109218 0.468945 0.876157
v 0.124577 0.444455 0.886957
v 0.152137 0.473894 0.867131
v 0.192675 0.464320 0.864320
v 0.220048 0.460048 0.860048
v -0.120000 0.498505 0.858505
v -0.100066 0.499934 0.859934
v -0.080000 0.501448 0.861448
v -0.048794 0.502810 0.862810
v -0.008227 0.503670 0.863670
v 0.031729 0.503334 0.863334
v 0.045466 0.525969 0.849156
v 0.071127 0.501851 0.861851
v 0.100018 0.500018 0.860018
v 0.128411 0.497664 0.857664
v 0.160000 0.494364 0.854364
v -0.114437 -0.440000 0.890518
v -0.072302 -0.440000 0.894891
v -0.031277 -0.440000 0.897255
v 0.008786 -0.440000 0.897764
v 0.048008 -0.440000 0.896540
v 0.086486 -0.440000 0.893680
v 0.124652 -0.427209 0.895105
v -0.191040 -0.400000 0.896153
v -0.160000 -0.400000 0.902400
v -0.126773 -0.400000 0.907524
v -0.120000 -0.421571 0.898429
v -0.088384 -0.415008 0.904992
v -0.080332 -0.394288 0.915176
v -0.044696 -0.405850 0.912478
v -0.003346 -0.404291 0.914339
v 0.036276 -0.404930 0.913294
v 0.073299 -0.408145 0.909550
v 0.102184 -0.417816 0.902184
v 0.114878 -0.400000 0.909175
v 0.144813 -0.400000 0.904813
v 0.169367 -0.400000 0.900567
v 0.205805 -0.400000 0.892998
v -0.276534 -0.352089 0.893854
v -0.240000 -0.360000 0.901513
v -0.226613 -0.386613 0.893387
v -0.202913 -0.367643 0.907254
v -0.161302 -0.360920 0.918449
v -0.115021 -0.354123 0.927742
v -0.098429 -0.378429 0.920000
v 0.123849 -0.355491 0.926193
v 0.102802 -0.377198 0.920000
v 0.161059 -0.359553 0.919031
v 0.193434 -0.369478 0.908517
v 0.217442 -0.382558 0.897442
v 0.225211 -0.360000 0.905211
v 0.248388 -0.360000 0.899144
v 0.286116 -0.350864 0.891309
v -0.315637 -0.311274 0.896014
v -0.280000 -0.320000 0.905059
v -0.246128 -0.324145 0.913046
v -0.192357 -0.340625 0.920000
v -0.193572 -0.312295 0.929646
v 0.203918 -0.315522 0.926505
v 0.238866 -0.323003 0.915616
v 0.266022 -0.328213 0.906022
v 0.289453 -0.320000 0.901982
v 0.326675 -0.310031 0.892501
v -0.356045 -0.273067 0.893365
v -0.320000 -0.280000 0.905059
v -0.283121 -0.281956 0.916496
v -0.255821 -0.295821 0.920000
v 0.279496 -0.281356 0.917932
v 0.306961 -0.287471 0.906961
v 0.329155 -0.280000 0.901684
v 0.365259 -0.272152 0.889964
v -0.360000 -0.240000 0.901513
v -0.326368 -0.243615 0.912912
v -0.295821 -0.255821 0.920000
v 0.319087 -0.242437 0.916073
v 0.344863 -0.248475 0.904863
v 0.368390 -0.235419 0.899147
v -0.400000 -0.191040 0.896153
v -0.386613 -0.226613 0.893387
v -0.363821 -0.205826 0.908162
v -0.313400 -0.192640 0.929474
v -0.340625 -0.192357 0.920000
v 0.355354 -0.206769 0.911346
v 0.321961 -0.195622 0.926170
v 0.382129 -0.200000 0.902129
v 0.406941 -0.189815 0.893219
v -0.400000 -0.160000 0.902400
v -0.361461 -0.160473 0.918369
v 0.359676 -0.160707 0.919102
v 0.386691 -0.167170 0.906691
v 0.408144 -0.155705 0.899345
v -0.440000 -0.114437 0.890518
v -0.421571 -0.120000 0.898429
v -0.400000 -0.126773 0.907524
v -0.354123 -0.115021 0.927742
v 0.394525 -0.127867 0.909713
v 0.361669 -0.116062 0.924930
v 0.419658 -0.120000 0.899658
v -0.440000 -0.072302 0.894891
v -0.415008 -0.088384 0.904992
v -0.394288 -0.080332 0.915176
v -0.378429 -0.098429 0.920000
v 0.397983 -0.084612 0.913331
v 0.421956 -0.089386 0.901956
v 0.446219 -0.071133 0.891866
v -0.440000 -0.031277 0.897255
v -0.405850 -0.044696 0.912478
v 0.398693 -0.043135 0.915971
v 0.424117 -0.048131 0.904117
v 0.447203 -0.029859 0.893698
v -0.440000 0.008786 0.897764
v -0.404291 -0.003346 0.914339
v 0.399000 -0.002375 0.916875
v 0.424981 -0.007568 0.904981
v 0.447408 0.010302 0.894045
v -0.440000 0.048008 0.896540
v -0.404930 0.036276 0.913294
v 0.398796 0.037176 0.916203
v 0.424615 0.032367 0.904615
v 0.446886 0.049466 0.893023
v -0.440000 0.086486 0.893680
v -0.408145 0.073299 0.909550
v 0.397762 0.075522 0.914234
v 0.423072 0.071729 0.903072
v 0.445682 0.087725 0.890724
v -0.427209 0.124652 0.895105
v -0.417816 0.102184 0.902184
v -0.400000 0.114878 0.909175
v -0.377198 0.102802 0.920000
v -0.355491 0.123849 0.926193
v 0.395323 0.113757 0.911336
v 0.361342 0.122977 0.924216
v 0.421129 0.101129 0.901129
v 0.418739 0.128910 0.898739
v -0.400000 0.144813 0.904813
v -0.400000 0.169367 0.900567
v -0.360712 0.159829 0.918818
v 0.359883 0.159038 0.919320
v 0.394172 0.149648 0.906578
v 0.403624 0.171066 0.898591
v -0.400000 0.205805 0.892998
v -0.367567 0.192524 0.909518
v -0.315522 0.203918 0.926505
v 0.350589 0.190074 0.916775
v 0.321590 0.203256 0.924734
v 0.384391 0.184391 0.904391
v 0.380547 0.209482 0.900547
v 0.405492 0.207158 0.890192
v -0.382558 0.217442 0.897442
v -0.360000 0.225211 0.905211
v -0.360000 0.248388 0.899144
v -0.323509 0.238186 0.915591
v 0.319520 0.237255 0.917334
v 0.353853 0.229790 0.906458
v 0.363496 0.249979 0.897262
v -0.352841 0.287050 0.890266
v -0.328213 0.266022 0.906022
v -0.320000 0.289453 0.901982
v -0.281584 0.279183 0.917947
v 0.279746 0.278781 0.918679
v 0.289866 0.250348 0.923484
v 0.314056 0.273748 0.908922
v 0.342165 0.262165 0.902165
v 0.336569 0.287414 0.896569
v -0.312212 0.327744 0.891388
v -0.287471 0.306961 0.906961
v -0.280000 0.329155 0.901684
v -0.242855 0.318506 0.916148
v 0.239454 0.317789 0.917376
v 0.249881 0.290319 0.923469
v 0.274007 0.313809 0.908934
v 0.303228 0.303228 0.903228
v 0.296867 0.327414 0.896867
v -0.273885 0.366137 0.889108
v -0.248475 0.344863 0.904863
v -0.235419 0.368390 0.899147
v -0.196839 0.323923 0.925233
v -0.205313 0.354565 0.912013
v -0.161267 0.359116 0.919201
v 0.159826 0.359489 0.919347
v 0.190529 0.350194 0.916835
v 0.202819 0.323181 0.924261
v 0.231593 0.353100 0.906272
v 0.262165 0.342165 0.902165
v -0.200000 0.382129 0.902129
v -0.192055 0.408177 0.892216
v -0.167170 0.386691 0.906691
v -0.155705 0.408144 0.899345
v -0.116471 0.363338 0.924216
v -0.126173 0.393531 0.910412
v -0.083302 0.395965 0.914336
v -0.042751 0.397386 0.916552
v -0.002066 0.398000 0.917307
v 0.037559 0.397593 0.916706
v 0.075963 0.395523 0.915138
v 0.115037 0.394329 0.911622
v 0.122557 0.362684 0.923738
v 0.151696 0.393373 0.906561
v 0.184391 0.384391 0.904391
v 0.209482 0.380547 0.900547
v 0.205707 0.406728 0.889977
v 0.240000 0.375239 0.895238
v -0.120000 0.419658 0.899658
v -0.089386 0.421956 0.901956
v -0.073057 0.447419 0.891142
v -0.048131 0.424117 0.904117
v -0.032040 0.448628 0.892941
v -0.007568 0.424981 0.904981
v 0.008106 0.448906 0.893347
v 0.032367 0.424615 0.904615
v 0.047464 0.448310 0.892445
v 0.071729 0.423072 0.903072
v 0.086103 0.446883 0.890303
v 0.101129 0.421129 0.901129
v 0.128910 0.418739 0.898739
v 0.160000 0.415398 0.895398
v -0.070533 -0.348105 0.934348
v -0.033836 -0.360000 0.932200
v 0.006332 -0.360000 0.932796
v 0.045680 -0.360000 0.931715
v 0.087421 -0.349960 0.932302
v -0.151923 -0.320000 0.934969
v -0.120000 -0.320000 0.939762
v -0.088964 -0.320000 0.943042
v -0.047191 -0.320000 0.946086
v -0.030287 -0.340894 0.939106
v -0.006440 -0.320000 0.947259
v 0.009739 -0.340201 0.939799
v 0.033419 -0.320000 0.946696
v 0.048549 -0.342058 0.937942
v 0.072495 -0.320000 0.944500
v 0.101746 -0.320000 0.941746
v 0.128624 -0.320000 0.938505
v 0.165393 -0.305995 0.937180
v -0.236914 -0.273470 0.931990
v -0.200000 -0.280000 0.938910
v -0.168347 -0.280000 0.944930
v -0.160000 -0.299872 0.940128
v -0.128265 -0.289940 0.948006
v -0.082782 -0.283166 0.955255
v -0.040616 -0.280717 0.958872
v 0.000000 -0.280000 0.960000
v 0.039549 -0.280562 0.958965
v 0.077350 -0.282727 0.955905
v 0.114340 -0.287596 0.950611
v 0.148953 -0.288129 0.945591
v 0.182365 -0.280000 0.942365
v 0.207695 -0.280000 0.937150
v 0.245682 -0.271987 0.930134
v -0.276735 -0.233828 0.931811
v -0.240000 -0.240000 0.940614
v -0.220778 -0.260778 0.939222
v -0.203301 -0.246996 0.947185
v -0.162682 -0.241030 0.956586
v -0.117589 -0.237370 0.964084
v -0.100072 -0.260072 0.960000
v 0.122171 -0.237899 0.963445
v 0.099968 -0.260032 0.960000
v 0.158434 -0.240744 0.957448
v 0.193436 -0.249010 0.948679
v 0.219735 -0.260265 0.939735
v 0.224361 -0.240000 0.944361
v 0.248115 -0.240000 0.938421
v 0.285287 -0.232532 0.929560
v -0.280000 -0.200000 0.938910
v -0.260778 -0.220778 0.939222
v -0.243498 -0.206602 0.947382
v -0.200928 -0.200238 0.958852
v -0.176077 -0.216077 0.960000
v 0.199709 -0.200518 0.959091
v 0.233951 -0.208335 0.949391
v 0.259788 -0.220212 0.939788
v 0.263568 -0.200000 0.943568
v 0.292009 -0.191596 0.936737
v -0.320000 -0.151923 0.934969
v -0.299872 -0.160000 0.940128
v -0.280000 -0.168347 0.944930
v -0.242873 -0.160227 0.956516
v -0.216077 -0.176077 0.960000
v 0.238894 -0.159718 0.957703
v 0.272504 -0.170359 0.946650
v 0.300248 -0.160000 0.940248
v 0.326979 -0.150257 0.932740
v -0.320000 -0.120000 0.939762
v -0.288547 -0.129376 0.948288
v -0.237370 -0.117589 0.964084
v 0.275930 -0.125558 0.952765
v 0.241295 -0.117795 0.963201
v 0.303758 -0.128619 0.943758
v 0.325780 -0.105010 0.939286
v -0.349953 -0.069267 0.933767
v -0.320000 -0.088964 0.943042
v -0.283166 -0.082782 0.955255
v -0.260072 -0.100072 0.960000
v 0.260032 -0.099968 0.960000
v 0.278715 -0.082232 0.956769
v 0.310424 -0.086565 0.946427
v 0.338177 -0.070699 0.938177
v 0.364415 -0.073904 0.928134
v -0.355303 -0.033836 0.933879
v -0.320000 -0.047191 0.946086
v -0.280717 -0.040616 0.958872
v 0.279653 -0.040657 0.959218
v 0.313404 -0.048925 0.948128
v 0.339782 -0.030033 0.939783
v 0.365477 -0.032524 0.930068
v -0.360000 0.006332 0.932796
v -0.340574 -0.020574 0.939426
v -0.340201 0.009739 0.939799
v -0.320000 -0.006440 0.947259
v -0.280000 -0.000001 0.960000
v 0.280000 0.000000 0.960000
v 0.313987 -0.008047 0.949192
v 0.340104 0.009976 0.940104
v 0.365729 0.007735 0.930511
v -0.349102 0.051389 0.935246
v -0.320000 0.033419 0.946696
v -0.280562 0.039549 0.958965
v 0.279695 0.039422 0.959262
v 0.313751 0.031727 0.948780
v 0.339202 0.049387 0.939202
v 0.365228 0.046986 0.929577
v -0.351807 0.088495 0.931530
v -0.320000 0.072495 0.944500
v -0.282727 0.077350 0.955905
v 0.278833 0.077809 0.957121
v 0.312757 0.070510 0.947006
v 0.337124 0.088248 0.937124
v 0.364023 0.085321 0.927359
v -0.320000 0.101746 0.941746
v -0.320000 0.128624 0.938505
v -0.286203 0.113490 0.951153
v -0.260032 0.099968 0.960000
v -0.237899 0.122171 0.963445
v 0.260072 0.100072 0.960000
v 0.276560 0.115593 0.953916
v 0.241100 0.122007 0.962751
v 0.312668 0.107353 0.943541
v 0.328428 0.130914 0.935210
v -0.305995 0.165393 0.937180
v -0.288129 0.148953 0.945591
v -0.242123 0.157004 0.957323
v 0.239551 0.157100 0.958026
v 0.274013 0.152405 0.949415
v 0.302303 0.142303 0.942303
v 0.298996 0.168872 0.938996
v 0.325756 0.167384 0.930381
v -0.280000 0.182365 0.942365
v -0.280000 0.207695 0.937150
v -0.247261 0.192384 0.949376
v -0.200628 0.199556 0.959095
v 0.199837 0.199200 0.959348
v 0.209565 0.169929 0.962645
v 0.235483 0.194393 0.952120
v 0.272333 0.187623 0.943515
v 0.287951 0.209996 0.934163
v -0.273620 0.246616 0.929436
v -0.260265 0.219735 0.939735
v -0.240000 0.224361 0.944361
v -0.240000 0.248115 0.938421
v -0.206685 0.232935 0.950026
v -0.161623 0.237914 0.957638
v 0.159449 0.237919 0.958060
v 0.169577 0.209906 0.962634
v 0.195446 0.234468 0.952157
v 0.232819 0.228909 0.944999
v 0.243704 0.249790 0.936972
v 0.260002 0.220002 0.940002
v -0.234075 0.286192 0.928922
v -0.220212 0.259788 0.939788
v -0.200000 0.263568 0.943568
v -0.191596 0.292009 0.936737
v -0.168273 0.271195 0.947427
v -0.118360 0.242590 0.962800
v -0.124447 0.275195 0.953142
v -0.081650 0.277429 0.957188
v -0.099968 0.260032 0.960000
v -0.040644 0.279307 0.959315
v 0.000000 0.280000 0.960000
v 0.039458 0.279390 0.959345
v 0.077973 0.277666 0.957433
v 0.116444 0.275825 0.954032
v 0.100072 0.260072 0.960000
v 0.121826 0.242199 0.962484
v 0.153864 0.272704 0.949564
v 0.192882 0.264666 0.944666
v 0.180054 0.288872 0.940054
v 0.208073 0.289754 0.934041
v 0.220002 0.260002 0.940002
v -0.160000 0.300248 0.940248
v -0.152276 0.328253 0.931995
v -0.128619 0.303758 0.943758
v -0.105010 0.325780 0.939286
v -0.086565 0.310424 0.946427
v -0.047127 0.312138 0.948659
v -0.006436 0.312800 0.949615
v 0.033372 0.312485 0.949159
v 0.072386 0.311251 0.947376
v 0.111916 0.308856 0.944293
v 0.128758 0.330254 0.934881
v 0.151151 0.301275 0.941275
v 0.165933 0.327029 0.930204
v -0.070699 0.338177 0.938177
v -0.075170 0.365266 0.927719
v -0.030033 0.339782 0.939783
v -0.034065 0.366559 0.929609
v 0.009976 0.340104 0.940104
v 0.006152 0.366888 0.930087
v 0.049387 0.339202 0.939202
v 0.045566 0.366311 0.929239
v 0.088248 0.337124 0.937124
v 0.084246 0.364874 0.927136
v -0.073811 -0.232408 0.969517
v -0.032181 -0.230258 0.972252
v 0.008055 -0.229809 0.972855
v 0.047093 -0.230888 0.971526
v 0.085090 -0.233362 0.968419
v -0.154138 -0.193078 0.968717
v -0.109636 -0.187573 0.975703
v -0.071214 -0.200000 0.977044
v -0.030321 -0.200000 0.979164
v 0.009700 -0.200000 0.979594
v 0.048949 -0.200000 0.978434
v 0.087508 -0.200000 0.975765
v 0.127825 -0.189749 0.973164
v 0.164021 -0.194657 0.966876
v -0.194091 -0.153173 0.968669
v -0.148172 -0.146128 0.977673
v -0.120000 -0.160000 0.979788
v -0.089004 -0.160000 0.982928
v -0.080000 -0.179840 0.980160
v -0.050942 -0.173326 0.983135
v -0.009775 -0.172091 0.984653
v 0.030110 -0.172424 0.984187
v 0.061567 -0.178433 0.981567
v 0.072407 -0.160000 0.984338
v 0.088978 -0.180942 0.979058
v 0.101697 -0.160000 0.981697
v 0.128681 -0.160000 0.978575
v 0.168246 -0.149155 0.974091
v 0.203753 -0.154997 0.966513
v -0.189466 -0.107912 0.975533
v -0.160000 -0.120000 0.979788
v -0.124244 -0.128489 0.983639
v -0.088418 -0.130018 0.987216
v -0.046139 -0.127418 0.990506
v -0.005256 -0.126448 0.991726
v 0.034427 -0.126939 0.991073
v 0.073066 -0.128762 0.988700
v 0.110787 -0.131815 0.984729
v 0.139788 -0.140212 0.979788
v 0.142365 -0.120000 0.982365
v 0.168388 -0.120000 0.978282
v 0.206813 -0.111011 0.971813
v -0.233606 -0.072819 0.969312
v -0.200000 -0.071214 0.977044
v -0.179840 -0.080000 0.980160
v -0.160000 -0.089004 0.982928
v -0.128489 -0.089877 0.987286
v -0.084947 -0.085843 0.992459
v -0.042938 -0.083522 0.995443
v -0.002240 -0.082725 0.996465
v 0.037323 -0.083305 0.995703
v 0.075894 -0.085142 0.993300
v 0.113587 -0.088147 0.989362
v 0.148735 -0.087745 0.984701
v 0.169161 -0.099842 0.980158
v 0.180232 -0.080000 0.980232
v 0.208814 -0.068486 0.975271
v 0.243852 -0.074904 0.966770
v -0.231854 -0.030913 0.971924
v -0.200000 -0.030321 0.979164
v -0.171221 -0.052768 0.983414
v -0.126243 -0.047210 0.990610
v -0.082963 -0.043472 0.995468
v -0.041128 -0.041342 0.998245
v -0.000539 -0.040650 0.999148
v 0.038968 -0.041262 0.998341
v 0.077524 -0.043073 0.995954
v 0.115234 -0.045999 0.992088
v 0.152184 -0.049975 0.986819
v 0.181805 -0.049345 0.981805
v 0.205899 -0.026367 0.977949
v 0.244997 -0.033454 0.968775
v -0.231537 0.009374 0.972447
v -0.200000 0.009700 0.979594
v -0.170110 -0.011420 0.984989
v -0.125391 -0.006179 0.991861
v -0.082278 -0.002649 0.996503
v -0.040543 -0.000641 0.999152
v 0.000000 0.000000 1.000000
v 0.039502 -0.000604 0.999197
v 0.078084 -0.002357 0.996865
v 0.115846 -0.005181 0.993097
v 0.152868 -0.009017 0.987967
v 0.182834 -0.008659 0.982834
v 0.206021 0.013692 0.978194
v 0.245277 0.006846 0.969260
v -0.232484 0.048265 0.971103
v -0.200000 0.048949 0.978434
v -0.170318 0.028432 0.984615
v -0.125764 0.033443 0.991264
v -0.082745 0.036832 0.995772
v -0.041049 0.038772 0.998359
v -0.000502 0.039404 0.999202
v 0.039035 0.038839 0.998443
v 0.077678 0.037168 0.996196
v 0.115521 0.034462 0.992549
v 0.152637 0.030777 0.987570
v 0.182453 0.031303 0.982453
v 0.209362 0.051892 0.976208
v 0.244756 0.046114 0.968343
v -0.234560 0.085939 0.968069
v -0.200000 0.087508 0.975765
v -0.178433 0.061567 0.981567
v -0.180942 0.088978 0.979058
v -0.160000 0.072407 0.984338
v -0.127233 0.071836 0.988999
v -0.084246 0.075139 0.993440
v -0.042539 0.077052 0.996017
v -0.001948 0.077707 0.996897
v 0.037659 0.077207 0.996215
v 0.076391 0.075635 0.994077
v 0.114336 0.073059 0.990568
v 0.151567 0.069530 0.985753
v 0.181227 0.061227 0.981227
v 0.179447 0.089331 0.979447
v 0.207957 0.090017 0.973775
v 0.243489 0.084444 0.966118
v -0.191642 0.129186 0.972631
v -0.160000 0.101697 0.981697
v -0.160000 0.128681 0.978575
v -0.129693 0.109145 0.985209
v -0.086688 0.112404 0.989637
v -0.044928 0.114325 0.992249
v -0.004258 0.115028 0.993202
v 0.035446 0.114611 0.992623
v 0.074290 0.113152 0.990615
v 0.112357 0.110714 0.987258
v 0.151552 0.106809 0.982400
v 0.169602 0.131845 0.976416
v 0.205842 0.127291 0.970115
v -0.195669 0.164725 0.966567
v -0.151199 0.169735 0.973536
v -0.140212 0.139788 0.979788
v -0.120000 0.142365 0.982365
v -0.120000 0.168388 0.978282
v -0.087745 0.148735 0.984701
v -0.099842 0.169161 0.980158
v -0.048148 0.150690 0.987151
v -0.007372 0.151462 0.988206
v 0.032454 0.151143 0.987754
v 0.071429 0.149807 0.985892
v 0.111922 0.143104 0.983104
v 0.100180 0.169331 0.980180
v 0.129675 0.171699 0.976342
v 0.139934 0.139934 0.979934
v 0.166664 0.168153 0.971399
v -0.155962 0.204433 0.966228
v -0.112735 0.208085 0.971361
v -0.080000 0.180232 0.980232
v -0.070683 0.210507 0.974768
v -0.049345 0.181805 0.981805
v -0.029672 0.211798 0.976589
v -0.008659 0.182834 0.982834
v 0.010410 0.212042 0.976940
v 0.031303 0.182453 0.982453
v 0.049655 0.211307 0.975916
v 0.070614 0.180730 0.980730
v 0.088140 0.209650 0.973591
v 0.125930 0.207114 0.970026
v -0.075897 0.244593 0.966518
v -0.034722 0.245984 0.968494
v 0.005527 0.246346 0.969010
v 0.044941 0.245743 0.968157
v 0.083596 0.244230 0.966011
f 4 5 6
f 4 6 2
f 7 8 5
f 7 5 4
f 9 1 8
f 9 8 7
f 10 11 1
f 9 10 1
f 12 13 11
f 12 11 10
f 14 15 12
f 13 12 15
f 19 2 3
f 19 3 17
f 2 20 4
f 19 20 2
f 4 21 7
f 20 21 4
f 7 23 9
f 21 23 7
f 23 21 22
f 23 22 24
f 9 25 10
f 23 25 9
f 25 23 24
f 10 26 12
f 25 26 10
f 12 27 14
f 26 27 12
f 28 16 14
f 27 28 14
f 29 16 28
f 32 17 18
f 32 18 30
f 17 33 19
f 32 33 17
f 19 35 20
f 33 35 19
f 35 33 34
f 35 36 20
f 35 37 36
f 35 34 37
f 20 36 21
f 36 22 21
f 36 38 22
f 36 37 38
f 22 39 24
f 22 38 39
f 25 24 40
f 24 41 40
f 24 39 41
f 25 40 26
f 40 42 26
f 40 43 42
f 40 41 43
f 26 44 27
f 42 44 26
f 44 42 43
f 44 43 45
f 27 46 28
f 44 46 27
f 45 46 44
f 47 29 28
f 46 47 28
f 48 29 47
f 50 30 31
f 50 31 49
f 30 51 32
f 50 51 30
f 32 53 33
f 51 53 32
f 53 51 52
f 53 34 33
f 53 54 34
f 53 52 54
f 34 55 37
f 34 54 55
f 37 56 38
f 37 55 56
f 38 57 39
f 38 56 57
f 39 58 41
f 39 57 58
f 41 59 43
f 41 58 59
f 43 60 45
f 43 59 60
f 45 61 46
f 61 45 60
f 61 62 46
f 61 63 62
f 61 60 63
f 46 64 47
f 62 64 46
f 63 64 62
f 65 48 47
f 64 65 47
f 66 49 67
f 66 67 68
f 49 69 50
f 66 69 49
f 50 70 51
f 69 70 50
f 70 69 71
f 70 52 51
f 70 72 52
f 70 71 72
f 52 73 54
f 52 72 73
f 54 74 55
f 54 73 74
f 55 75 56
f 55 74 75
f 56 76 57
f 56 75 76
f 57 77 58
f 57 76 77
f 58 78 59
f 58 77 78
f 59 79 60
f 59 78 79
f 60 80 63
f 60 79 80
f 63 81 64
f 81 63 80
f 81 82 64
f 81 80 82
f 64 83 65
f 82 83 64
f 84 65 85
f 83 85 65
f 86 66 68
f 86 68 87
f 66 88 69
f 86 88 66
f 88 71 69
f 71 88 89
f 71 90 72
f 71 89 90
f 72 91 73
f 72 90 91
f 73 92 74
f 73 91 92
f 74 93 75
f 74 92 93
f 75 94 76
f 75 93 94
f 76 95 77
f 76 94 95
f 77 96 78
f 77 95 96
f 78 97 79
f 78 96 97
f 79 98 80
f 79 97 98
f 82 80 99
f 80 98 99
f 82 100 83
f 99 100 82
f 101 85 83
f 100 101 83
f 103 86 87
f 103 87 102
f 86 104 88
f 103 104 86
f 104 89 88
f 104 105 89
f 89 106 90
f 89 105 106
f 90 107 91
f 90 106 107
f 91 108 92
f 91 107 108
f 92 109 93
f 92 108 109
f 93 110 94
f 93 109 110
f 94 111 95
f 94 110 111
f 95 112 96
f 95 111 112
f 96 113 97
f 96 112 113
f 97 114 98
f 97 113 114
f 99 98 115
f 98 114 115
f 99 116 100
f 115 116 99
f 117 101 100
f 116 117 100
f 102 118 103
f 118 102 119
f 103 120 104
f 118 120 103
f 120 105 104
f 120 121 105
f 105 122 106
f 105 121 122
f 106 123 107
f 106 122 123
f 107 124 108
f 107 123 124
f 108 125 109
f 108 124 125
f 109 126 110
f 109 125 126
f 110 127 111
f 110 126 127
f 111 128 112
f 111 127 128
f 112 129 113
f 112 128 129
f 113 130 114
f 113 129 130
f 115 114 131
f 114 130 131
f 115 132 116
f 131 132 115
f 133 117 116
f 132 133 116
f 134 118 119
f 134 119 135
f 118 136 120
f 134 136 118
f 136 121 120
f 121 136 137
f 121 138 122
f 121 137 138
f 122 139 123
f 122 138 139
f 123 140 124
f 123 139 140
f 124 141 125
f 124 140 141
f 125 142 126
f 125 141 142
f 126 143 127
f 126 142 143
f 127 144 128
f 127 143 144
f 128 145 129
f 128 144 145
f 129 146 130
f 129 145 146
f 146 147 130
f 131 130 148
f 130 147 148
f 131 149 132
f 148 149 131
f 150 133 132
f 149 150 132
f 151 134 152
f 135 152 134
f 134 153 136
f 151 153 134
f 136 154 137
f 153 154 136
f 154 138 137
f 154 155 138
f 138 156 139
f 138 155 156
f 139 157 140
f 139 156 157
f 140 158 141
f 140 157 158
f 141 159 142
f 141 158 159
f 142 160 143
f 142 159 160
f 143 161 144
f 143 160 161
f 144 162 145
f 144 161 162
f 145 163 146
f 145 162 163
f 146 164 147
f 163 164 146
f 148 147 164
f 148 165 149
f 164 165 148
f 166 150 149
f 166 149 165
f 151 168 153
f 168 151 167
f 153 169 154
f 168 169 153
f 155 154 169
f 169 170 155
f 170 169 171
f 170 156 155
f 170 172 156
f 170 171 172
f 156 173 157
f 156 172 173
f 157 174 158
f 157 173 174
f 158 175 159
f 158 174 175
f 159 176 160
f 159 175 176
f 160 177 161
f 160 176 177
f 161 178 162
f 161 177 178
f 178 179 162
f 163 162 179
f 163 180 164
f 179 180 163
f 164 181 165
f 180 181 164
f 167 182 168
f 168 183 169
f 183 168 182
f 169 184 171
f 183 184 169
f 172 171 184
f 184 185 172
f 185 184 186
f 185 187 172
f 173 172 187
f 185 186 187
f 186 188 187
f 187 174 173
f 187 188 174
f 188 189 174
f 174 189 175
f 189 190 175
f 175 190 176
f 190 191 176
f 177 176 192
f 176 191 192
f 192 193 177
f 191 193 192
f 178 177 193
f 178 194 179
f 193 194 178
f 179 195 180
f 194 195 179
f 196 181 180
f 195 196 180
f 182 197 183
f 183 198 184
f 198 183 197
f 184 199 186
f 198 199 184
f 186 200 188
f 199 200 186
f 188 201 189
f 200 201 188
f 189 202 190
f 201 202 189
f 190 203 191
f 202 203 190
f 191 204 193
f 203 204 191
f 193 205 194
f 204 205 193
f 206 195 194
f 205 206 194
f 207 199 208
f 198 208 199
f 199 209 200
f 207 209 199
f 200 210 201
f 209 210 200
f 201 211 202
f 210 211 201
f 202 212 203
f 211 212 202
f 203 213 204
f 212 213 203
f 216 217 218
f 216 218 214
f 219 220 217
f 219 217 216
f 221 222 220
f 221 220 219
f 223 224 222
f 223 222 221
f 225 226 224
f 225 224 223
f 226 225 227
f 231 215 229
f 232 214 215
f 232 215 231
f 214 234 216
f 232 234 214
f 234 232 233
f 234 233 235
f 216 236 219
f 234 236 216
f 236 234 235
f 236 235 237
f 219 238 221
f 236 238 219
f 238 236 237
f 238 237 239
f 221 240 223
f 238 240 221
f 240 238 239
f 240 239 241
f 223 242 225
f 240 242 223
f 242 240 241
f 242 241 243
f 225 244 227
f 242 244 225
f 244 242 243
f 244 243 245
f 246 228 227
f 244 246 227
f 245 246 244
f 247 228 246
f 251 229 230
f 251 230 249
f 229 253 231
f 251 253 229
f 253 251 252
f 253 254 231
f 253 255 254
f 253 252 255
f 231 254 232
f 254 233 232
f 254 256 233
f 254 255 256
f 233 5 235
f 233 256 5
f 235 8 237
f 235 5 8
f 237 1 239
f 237 8 1
f 239 11 241
f 239 1 11
f 241 13 243
f 241 11 13
f 243 257 245
f 243 13 257
f 245 258 246
f 245 259 258
f 245 257 259
f 246 260 247
f 258 260 246
f 260 258 259
f 260 259 261
f 262 248 247
f 260 262 247
f 261 262 260
f 263 248 262
f 266 249 250
f 266 250 264
f 249 268 251
f 266 268 249
f 268 266 267
f 268 252 251
f 268 269 252
f 268 267 269
f 252 3 255
f 252 269 3
f 255 2 256
f 255 3 2
f 256 6 5
f 6 256 2
f 13 15 257
f 14 257 15
f 257 16 259
f 257 14 16
f 259 270 261
f 259 16 270
f 261 271 262
f 271 261 270
f 271 272 262
f 271 273 272
f 271 270 273
f 274 263 262
f 272 274 262
f 273 274 272
f 275 263 274
f 278 264 265
f 278 265 276
f 264 280 266
f 278 280 264
f 280 278 279
f 280 267 266
f 280 281 267
f 280 279 281
f 267 18 269
f 267 281 18
f 269 17 3
f 269 18 17
f 16 29 270
f 270 282 273
f 270 29 282
f 273 283 274
f 283 273 282
f 283 284 274
f 283 285 284
f 283 282 285
f 286 275 274
f 284 286 274
f 285 286 284
f 287 276 277
f 287 277 288
f 276 289 278
f 287 289 276
f 289 287 290
f 289 279 278
f 289 291 279
f 289 290 291
f 279 31 281
f 279 291 31
f 281 30 18
f 281 31 30
f 29 48 282
f 282 292 285
f 282 48 292
f 285 293 286
f 293 285 292
f 293 294 286
f 296 287 288
f 296 288 295
f 296 290 287
f 290 296 297
f 290 298 291
f 290 297 298
f 291 49 31
f 291 298 49
f 48 299 292
f 65 299 48
f 293 292 300
f 292 301 300
f 292 299 301
f 302 294 293
f 300 302 293
f 301 302 300
f 303 295 304
f 303 304 305
f 295 306 296
f 303 306 295
f 306 297 296
f 306 307 297
f 297 68 298
f 297 307 68
f 49 298 67
f 298 68 67
f 84 85 65
f 299 65 85
f 299 308 301
f 299 85 308
f 301 309 302
f 308 309 301
f 310 302 311
f 309 311 302
f 312 303 305
f 312 305 313
f 303 314 306
f 312 314 303
f 314 307 306
f 314 315 307
f 307 87 68
f 307 315 87
f 85 316 308
f 85 101 316
f 308 317 309
f 316 317 308
f 318 311 309
f 317 318 309
f 319 312 313
f 319 313 320
f 312 321 314
f 319 321 312
f 321 315 314
f 321 322 315
f 315 102 87
f 315 322 102
f 101 323 316
f 101 117 323
f 316 324 317
f 323 324 316
f 324 325 317
f 326 318 317
f 325 326 317
f 327 319 320
f 327 320 328
f 319 329 321
f 327 329 319
f 329 322 321
f 329 330 322
f 322 119 102
f 322 330 119
f 117 331 323
f 117 133 331
f 323 332 324
f 332 323 333
f 331 333 323
f 332 333 324
f 325 324 333
f 334 326 325
f 333 334 325
f 335 327 328
f 335 328 336
f 327 337 329
f 335 337 327
f 337 330 329
f 337 338 330
f 330 135 119
f 330 338 135
f 133 339 331
f 133 150 339
f 331 340 333
f 339 340 331
f 341 334 333
f 341 333 342
f 340 342 333
f 336 343 335
f 335 344 337
f 343 344 335
f 344 338 337
f 344 345 338
f 338 346 135
f 338 345 346
f 135 346 152
f 151 152 346
f 166 347 150
f 166 165 347
f 150 348 339
f 150 347 348
f 339 349 340
f 348 349 339
f 342 340 349
f 343 351 344
f 351 343 350
f 345 344 351
f 345 351 352
f 345 353 346
f 345 352 353
f 346 167 151
f 346 353 167
f 347 165 354
f 354 165 181
f 354 355 347
f 348 347 356
f 347 355 356
f 348 357 349
f 356 357 348
f 358 351 350
f 351 359 352
f 358 359 351
f 359 353 352
f 359 360 353
f 353 361 167
f 353 360 361
f 167 361 182
f 196 362 181
f 362 196 195
f 181 363 354
f 181 362 363
f 354 364 355
f 363 364 354
f 356 355 364
f 365 357 356
f 365 356 364
f 358 367 359
f 367 358 366
f 360 359 367
f 367 368 360
f 368 367 369
f 368 361 360
f 368 370 361
f 368 369 370
f 361 371 182
f 361 370 371
f 182 371 197
f 206 372 195
f 372 206 205
f 195 373 362
f 195 372 373
f 374 362 375
f 373 375 362
f 374 375 362
f 363 362 375
f 363 376 364
f 375 376 363
f 366 377 367
f 367 378 369
f 378 367 377
f 370 369 378
f 378 379 370
f 379 378 380
f 379 371 370
f 379 381 371
f 379 380 381
f 371 382 197
f 371 381 382
f 198 197 383
f 197 382 383
f 198 383 208
f 207 208 383
f 204 213 384
f 384 213 212
f 204 385 205
f 385 204 384
f 205 386 372
f 205 385 386
f 387 372 388
f 386 388 372
f 387 388 372
f 373 372 388
f 373 389 375
f 388 389 373
f 390 376 375
f 389 390 375
f 377 391 378
f 378 392 380
f 392 378 391
f 381 380 392
f 392 393 381
f 393 382 381
f 393 394 382
f 382 395 383
f 382 394 395
f 383 396 207
f 383 395 396
f 207 397 209
f 207 396 397
f 209 398 210
f 209 397 398
f 210 399 211
f 210 398 399
f 211 400 212
f 211 399 400
f 212 401 384
f 212 400 401
f 401 402 384
f 385 384 403
f 384 402 403
f 403 404 385
f 402 404 403
f 386 385 404
f 386 405 388
f 404 405 386
f 406 389 388
f 405 406 388
f 392 407 393
f 393 408 394
f 408 393 407
f 395 394 408
f 408 409 395
f 396 395 409
f 409 410 396
f 410 409 411
f 397 396 410
f 410 412 397
f 412 410 413
f 411 413 410
f 398 397 412
f 412 414 398
f 414 412 415
f 413 415 412
f 399 398 414
f 414 416 399
f 415 416 414
f 400 399 416
f 416 417 400
f 401 400 417
f 401 418 402
f 417 418 401
f 402 419 404
f 418 419 402
f 420 409 421
f 408 421 409
f 409 422 411
f 420 422 409
f 411 423 413
f 422 423 411
f 413 424 415
f 423 424 413
f 425 416 426
f 415 426 416
f 424 426 415
f 416 425 417
f 430 431 429
f 430 429 428
f 432 433 431
f 432 431 430
f 435 436 433
f 435 433 432
f 434 435 432
f 438 439 436
f 438 436 435
f 437 438 435
f 441 442 439
f 441 439 438
f 440 441 438
f 443 444 442
f 443 442 441
f 444 443 445
f 449 427 448
f 449 448 447
f 427 451 428
f 449 451 427
f 451 449 450
f 451 452 428
f 451 453 452
f 451 450 453
f 428 452 430
f 452 454 430
f 452 217 454
f 452 453 217
f 430 454 432
f 454 434 432
f 454 220 434
f 454 217 220
f 434 437 435
f 434 222 437
f 434 220 222
f 437 440 438
f 437 224 440
f 437 222 224
f 440 455 441
f 440 226 455
f 440 224 226
f 441 455 443
f 455 456 443
f 455 457 456
f 455 226 457
f 443 458 445
f 456 458 443
f 458 456 457
f 458 457 459
f 460 461 445
f 458 460 445
f 460 458 459
f 460 459 462
f 463 464 460
f 461 460 464
f 462 463 460
f 468 446 466
f 468 466 465
f 468 465 469
f 468 469 470
f 446 471 447
f 468 471 446
f 471 468 470
f 471 472 447
f 471 229 472
f 471 470 229
f 447 472 449
f 472 450 449
f 472 215 450
f 472 229 215
f 450 214 453
f 450 215 214
f 453 218 217
f 218 453 214
f 226 227 457
f 457 228 459
f 457 227 228
f 459 473 462
f 459 228 473
f 462 474 463
f 474 462 473
f 474 473 475
f 476 477 463
f 474 476 463
f 475 476 474
f 478 477 476
f 481 465 467
f 481 467 479
f 481 479 482
f 481 482 483
f 481 469 465
f 469 481 483
f 469 230 470
f 469 483 230
f 470 230 229
f 247 473 228
f 473 248 475
f 473 247 248
f 475 484 476
f 475 485 484
f 475 248 485
f 486 478 476
f 484 486 476
f 485 486 484
f 487 478 486
f 490 479 480
f 490 480 488
f 490 488 491
f 490 491 492
f 490 482 479
f 482 490 492
f 482 250 483
f 482 492 250
f 483 249 230
f 483 250 249
f 248 263 485
f 485 493 486
f 485 494 493
f 485 263 494
f 495 487 486
f 493 495 486
f 494 495 493
f 496 487 495
f 498 488 489
f 498 489 497
f 498 491 488
f 491 498 499
f 491 265 492
f 491 499 265
f 492 264 250
f 492 265 264
f 263 275 494
f 494 500 495
f 494 501 500
f 494 275 501
f 496 495 502
f 500 502 495
f 501 502 500
f 497 505 498
f 503 505 497
f 505 503 506
f 505 499 498
f 505 277 499
f 505 506 277
f 499 276 265
f 499 277 276
f 275 507 501
f 286 507 275
f 501 508 502
f 508 501 507
f 508 509 502
f 508 507 509
f 510 502 511
f 509 511 502
f 513 503 504
f 513 504 512
f 513 506 503
f 506 513 514
f 506 288 277
f 506 514 288
f 507 286 294
f 509 507 515
f 507 516 515
f 507 294 516
f 511 509 517
f 515 517 509
f 516 517 515
f 512 520 513
f 518 520 512
f 520 518 521
f 520 514 513
f 520 522 514
f 520 521 522
f 514 295 288
f 514 522 295
f 294 523 516
f 302 523 294
f 516 524 517
f 524 516 525
f 523 525 516
f 524 526 517
f 527 518 519
f 527 519 528
f 527 521 518
f 521 527 529
f 521 305 522
f 521 529 305
f 295 522 304
f 522 305 304
f 310 311 302
f 523 302 311
f 525 523 311
f 524 525 530
f 525 311 530
f 531 526 524
f 530 531 524
f 532 527 528
f 532 528 533
f 532 529 527
f 529 532 534
f 529 313 305
f 529 534 313
f 530 311 535
f 311 318 535
f 536 531 530
f 535 536 530
f 537 532 533
f 537 533 538
f 534 532 537
f 534 537 539
f 534 320 313
f 534 539 320
f 535 318 540
f 318 326 540
f 541 536 535
f 540 541 535
f 542 537 538
f 542 538 543
f 539 537 542
f 539 542 544
f 539 328 320
f 539 544 328
f 540 326 545
f 326 334 545
f 546 541 540
f 545 546 540
f 547 542 543
f 547 543 548
f 544 542 547
f 544 547 549
f 544 336 328
f 544 549 336
f 341 550 334
f 341 342 550
f 545 334 551
f 334 550 551
f 552 546 545
f 551 552 545
f 553 547 548
f 553 548 554
f 553 549 547
f 549 553 555
f 549 556 336
f 549 555 556
f 336 556 343
f 550 342 557
f 342 349 557
f 558 550 559
f 557 559 550
f 558 560 550
f 551 550 560
f 558 559 560
f 561 552 551
f 561 551 562
f 560 562 551
f 554 563 553
f 553 564 555
f 563 564 553
f 564 556 555
f 564 565 556
f 556 350 343
f 556 565 350
f 557 349 566
f 566 349 357
f 557 567 559
f 566 567 557
f 560 559 567
f 562 560 567
f 563 568 564
f 568 563 569
f 568 565 564
f 568 570 565
f 565 571 350
f 565 570 571
f 358 350 571
f 365 572 357
f 365 364 572
f 566 357 573
f 357 572 573
f 566 574 567
f 573 574 566
f 575 568 576
f 569 576 568
f 570 568 575
f 575 577 570
f 577 571 570
f 577 578 571
f 571 366 358
f 571 578 366
f 572 364 579
f 579 364 376
f 580 572 581
f 579 581 572
f 580 581 572
f 573 572 581
f 582 574 573
f 582 573 581
f 575 583 577
f 583 575 584
f 578 577 583
f 578 583 585
f 578 586 366
f 578 585 586
f 366 586 377
f 390 587 376
f 587 390 389
f 587 588 376
f 579 376 588
f 579 589 581
f 589 579 590
f 588 590 579
f 584 591 583
f 583 592 585
f 592 583 591
f 586 585 592
f 586 592 593
f 586 594 377
f 586 593 594
f 377 594 391
f 406 595 389
f 595 406 405
f 595 596 389
f 587 389 596
f 587 597 588
f 596 597 587
f 597 590 588
f 591 598 592
f 592 599 593
f 599 592 598
f 594 593 599
f 594 599 600
f 594 601 391
f 594 600 601
f 392 391 602
f 391 601 602
f 392 602 407
f 404 419 603
f 603 419 418
f 404 604 405
f 604 404 603
f 604 605 405
f 595 405 605
f 595 606 596
f 605 606 595
f 607 597 596
f 606 607 596
f 598 608 599
f 599 609 600
f 608 609 599
f 601 600 609
f 609 610 601
f 610 609 611
f 610 602 601
f 610 611 602
f 611 612 602
f 602 613 407
f 602 612 613
f 408 407 614
f 407 613 614
f 408 614 421
f 420 421 614
f 425 426 615
f 615 426 424
f 417 425 616
f 616 425 615
f 417 617 418
f 617 417 616
f 617 618 418
f 418 618 603
f 619 603 620
f 618 620 603
f 619 620 603
f 604 603 620
f 621 605 622
f 604 622 605
f 622 604 620
f 621 606 605
f 623 611 624
f 609 624 611
f 611 625 612
f 623 625 611
f 613 612 625
f 625 626 613
f 626 627 613
f 614 613 627
f 626 628 627
f 627 420 614
f 627 628 420
f 628 629 420
f 420 629 422
f 629 630 422
f 422 630 423
f 630 631 423
f 423 631 424
f 631 632 424
f 424 632 615
f 632 633 615
f 616 615 634
f 615 633 634
f 634 635 616
f 633 635 634
f 617 616 635
f 617 636 618
f 636 617 635
f 618 637 620
f 636 637 618
f 638 626 625
f 626 639 628
f 638 639 626
f 628 640 629
f 639 640 628
f 629 641 630
f 640 641 629
f 630 642 631
f 641 642 630
f 631 643 632
f 642 643 631
f 644 633 645
f 632 645 633
f 643 645 632
f 633 644 635
f 649 650 651
f 649 651 648
f 652 653 650
f 652 650 649
f 654 655 653
f 654 653 652
f 655 654 656
f 662 647 661
f 662 661 660
f 664 646 647
f 664 647 662
f 664 662 663
f 664 663 429
f 646 665 648
f 664 665 646
f 665 664 429
f 665 666 648
f 665 431 666
f 665 429 431
f 648 666 649
f 666 667 649
f 666 433 667
f 666 431 433
f 649 667 652
f 667 668 652
f 667 436 668
f 667 433 436
f 652 668 654
f 668 669 654
f 668 439 669
f 668 436 439
f 654 669 656
f 669 670 656
f 669 442 670
f 669 439 442
f 656 671 657
f 670 671 656
f 671 670 442
f 671 672 657
f 671 444 672
f 671 442 444
f 673 658 657
f 672 673 657
f 673 672 444
f 673 444 674
f 675 676 658
f 675 658 673
f 674 675 673
f 676 675 677
f 681 659 679
f 681 679 678
f 659 683 660
f 681 683 659
f 683 681 682
f 683 684 660
f 683 448 684
f 683 682 448
f 660 684 662
f 684 663 662
f 684 427 663
f 684 448 427
f 663 428 429
f 428 663 427
f 444 445 674
f 674 461 675
f 674 445 461
f 675 685 677
f 685 675 461
f 685 686 677
f 685 687 686
f 685 461 687
f 688 689 677
f 686 688 677
f 688 686 687
f 690 689 688
f 693 678 680
f 693 680 692
f 693 694 678
f 693 466 694
f 693 692 466
f 678 694 681
f 694 682 681
f 694 446 682
f 694 466 446
f 682 447 448
f 447 682 446
f 461 464 687
f 463 687 464
f 687 477 688
f 687 463 477
f 695 690 688
f 695 688 477
f 695 477 696
f 697 690 695
f 696 697 695
f 699 691 700
f 699 700 698
f 691 702 692
f 699 702 691
f 702 699 701
f 702 703 692
f 702 467 703
f 702 701 467
f 692 703 467
f 692 465 466
f 692 467 465
f 477 478 696
f 696 704 697
f 704 696 478
f 704 705 697
f 704 706 705
f 704 478 706
f 705 707 697
f 706 707 705
f 698 711 699
f 708 711 698
f 711 708 710
f 711 701 699
f 711 480 701
f 711 710 480
f 701 479 467
f 701 480 479
f 478 487 706
f 706 712 707
f 712 706 487
f 712 713 707
f 712 714 713
f 712 487 714
f 713 715 707
f 714 715 713
f 718 708 709
f 718 709 716
f 718 716 719
f 718 710 708
f 718 489 710
f 718 719 489
f 710 488 480
f 710 489 488
f 487 496 714
f 720 715 714
f 720 714 496
f 721 715 720
f 723 716 717
f 723 717 722
f 723 724 716
f 723 725 724
f 724 719 716
f 719 724 725
f 719 497 489
f 719 725 497
f 720 496 726
f 496 727 726
f 496 502 727
f 721 720 728
f 726 728 720
f 727 728 726
f 722 731 723
f 729 731 722
f 731 729 732
f 731 725 723
f 731 504 725
f 731 732 504
f 497 725 503
f 725 504 503
f 510 511 502
f 727 502 511
f 727 733 728
f 733 727 511
f 733 734 728
f 733 511 734
f 734 735 728
f 736 729 730
f 736 730 737
f 736 732 729
f 732 736 738
f 732 512 504
f 732 738 512
f 734 511 739
f 511 740 739
f 511 517 740
f 741 735 734
f 739 741 734
f 740 741 739
f 743 736 737
f 743 737 742
f 743 738 736
f 743 519 738
f 512 738 518
f 738 519 518
f 740 517 744
f 517 526 744
f 745 741 740
f 744 745 740
f 742 747 743
f 746 747 742
f 747 746 748
f 747 519 743
f 747 528 519
f 747 748 528
f 744 526 531
f 744 749 745
f 749 744 750
f 531 750 744
f 749 751 745
f 749 750 751
f 752 746 753
f 752 753 754
f 752 748 746
f 748 752 755
f 748 533 528
f 748 755 533
f 750 531 536
f 751 750 756
f 750 536 756
f 757 751 758
f 756 758 751
f 759 752 754
f 759 754 760
f 759 755 752
f 755 759 761
f 755 538 533
f 755 761 538
f 756 536 762
f 536 541 762
f 763 758 756
f 762 763 756
f 764 759 760
f 764 760 765
f 764 761 759
f 761 764 766
f 761 543 538
f 761 766 543
f 762 541 767
f 541 546 767
f 768 763 762
f 768 762 769
f 767 769 762
f 765 770 764
f 770 766 764
f 766 770 771
f 766 548 543
f 766 771 548
f 552 772 546
f 767 546 773
f 546 774 773
f 546 772 774
f 769 767 774
f 773 774 767
f 770 776 771
f 775 776 770
f 776 775 777
f 776 548 771
f 776 554 548
f 776 777 554
f 561 778 552
f 561 562 778
f 552 779 772
f 779 552 780
f 778 780 552
f 779 780 772
f 774 772 780
f 775 782 777
f 782 775 781
f 782 554 777
f 782 783 554
f 554 783 563
f 778 562 784
f 562 567 784
f 778 785 780
f 784 785 778
f 786 782 781
f 786 781 787
f 783 782 786
f 783 569 563
f 783 786 569
f 784 567 788
f 788 567 574
f 789 785 784
f 789 784 790
f 788 790 784
f 787 791 786
f 791 792 786
f 792 791 793
f 792 569 786
f 792 794 569
f 792 793 794
f 569 794 576
f 575 576 794
f 582 795 574
f 582 581 795
f 796 574 797
f 795 797 574
f 796 797 574
f 788 574 797
f 790 788 797
f 791 798 793
f 798 791 799
f 798 794 793
f 794 584 575
f 794 798 584
f 581 589 800
f 795 581 801
f 801 581 800
f 795 802 797
f 802 795 803
f 801 803 795
f 799 804 798
f 805 798 804
f 805 584 798
f 805 806 584
f 584 806 591
f 589 590 807
f 807 590 597
f 589 808 800
f 807 808 589
f 808 801 800
f 808 803 801
f 809 805 804
f 806 805 809
f 809 810 806
f 810 809 811
f 810 591 806
f 810 812 591
f 810 811 812
f 591 812 598
f 607 813 597
f 813 607 606
f 814 597 815
f 813 815 597
f 814 815 597
f 807 597 815
f 816 808 807
f 816 807 815
f 809 817 811
f 812 811 817
f 817 818 812
f 818 817 819
f 818 598 812
f 818 820 598
f 818 819 820
f 598 820 608
f 621 821 606
f 821 621 622
f 822 606 823
f 821 823 606
f 822 823 606
f 813 606 823
f 813 824 815
f 824 813 823
f 817 825 819
f 825 820 819
f 826 820 825
f 826 608 820
f 826 827 608
f 608 828 609
f 608 827 828
f 609 828 624
f 623 624 828
f 620 637 829
f 829 637 636
f 620 829 830
f 622 620 830
f 830 831 622
f 831 821 622
f 821 832 823
f 831 832 821
f 825 833 826
f 826 834 827
f 833 834 826
f 828 827 834
f 834 835 828
f 835 834 836
f 835 623 828
f 835 836 623
f 836 837 623
f 623 838 625
f 623 837 838
f 638 625 839
f 839 625 838
f 638 839 639
f 644 645 840
f 840 645 643
f 635 644 841
f 841 644 840
f 635 841 842
f 636 635 842
f 843 636 844
f 842 844 636
f 843 844 636
f 829 636 844
f 845 830 846
f 829 846 830
f 846 829 844
f 845 831 830
f 847 836 834
f 836 848 837
f 847 848 836
f 848 838 837
f 849 838 848
f 839 838 849
f 849 850 839
f 850 849 851
f 850 852 839
f 639 839 852
f 850 851 852
f 851 853 852
f 852 640 639
f 852 853 640
f 853 854 640
f 640 854 641
f 854 855 641
f 641 855 642
f 855 856 642
f 643 642 857
f 642 858 857
f 642 856 858
f 857 859 643
f 859 857 860
f 858 860 857
f 859 860 643
f 840 643 860
f 860 861 840
f 861 841 840
f 862 842 863
f 841 863 842
f 861 863 841
f 842 862 844
f 864 853 865
f 851 865 853
f 853 866 854
f 864 866 853
f 867 855 868
f 854 868 855
f 866 868 854
f 858 856 867
f 855 867 856
f 872 873 871
f 874 875 873
f 874 873 872
f 874 872 876
f 877 878 875
f 877 875 874
f 877 874 876
f 877 876 650
f 879 869 878
f 879 878 877
f 879 877 650
f 879 650 653
f 880 881 869
f 879 880 869
f 880 879 653
f 880 653 655
f 882 883 881
f 882 881 880
f 882 880 655
f 882 655 884
f 885 886 883
f 885 883 882
f 885 882 884
f 885 884 887
f 888 889 886
f 888 886 885
f 887 888 885
f 889 888 890
f 893 894 895
f 893 895 891
f 896 870 894
f 896 894 893
f 896 897 870
f 896 661 897
f 896 893 661
f 870 897 871
f 897 898 871
f 897 647 898
f 897 661 647
f 871 898 872
f 898 899 872
f 898 646 899
f 898 647 646
f 646 872 899
f 872 648 876
f 648 872 646
f 876 651 650
f 651 876 648
f 655 656 884
f 884 657 887
f 657 884 656
f 887 900 888
f 887 658 900
f 887 657 658
f 888 900 890
f 900 901 890
f 900 676 901
f 900 658 676
f 902 903 890
f 901 902 890
f 902 901 676
f 902 676 904
f 905 906 902
f 903 902 906
f 904 905 902
f 909 891 892
f 909 892 908
f 909 910 891
f 909 679 910
f 909 908 679
f 891 910 893
f 910 911 893
f 910 659 911
f 910 679 659
f 659 893 911
f 893 660 661
f 660 893 659
f 676 677 904
f 904 912 905
f 904 689 912
f 904 677 689
f 913 914 905
f 912 913 905
f 913 912 689
f 913 689 915
f 914 913 916
f 915 916 913
f 918 907 919
f 918 919 917
f 907 921 908
f 918 921 907
f 921 918 920
f 921 922 908
f 921 680 922
f 921 920 680
f 908 922 680
f 908 678 679
f 908 680 678
f 689 690 915
f 915 923 916
f 923 915 690
f 923 924 916
f 923 925 924
f 923 690 925
f 924 926 916
f 925 926 924
f 928 917 929
f 928 929 927
f 928 927 930
f 928 931 917
f 928 700 931
f 928 930 700
f 917 931 918
f 931 920 918
f 931 691 920
f 931 700 691
f 920 692 680
f 692 920 691
f 697 925 690
f 925 932 926
f 925 933 932
f 925 697 933
f 932 934 926
f 933 934 932
f 936 927 937
f 936 937 935
f 936 930 927
f 930 936 938
f 930 698 700
f 930 938 698
f 697 707 933
f 933 939 934
f 933 940 939
f 933 707 940
f 939 941 934
f 940 941 939
f 935 944 936
f 942 944 935
f 944 938 936
f 944 709 938
f 944 942 709
f 698 938 708
f 938 709 708
f 940 707 715
f 940 945 941
f 945 940 715
f 945 946 941
f 945 947 946
f 945 715 947
f 946 948 941
f 947 948 946
f 950 942 943
f 950 943 949
f 950 949 951
f 950 951 717
f 942 950 717
f 942 716 709
f 942 717 716
f 715 721 947
f 952 948 947
f 721 952 947
f 953 949 954
f 953 951 949
f 951 953 955
f 951 722 717
f 951 955 722
f 721 956 952
f 721 957 956
f 721 728 957
f 958 952 959
f 956 959 952
f 957 959 956
f 961 953 954
f 961 954 960
f 961 960 962
f 961 955 953
f 961 730 955
f 961 962 730
f 722 955 729
f 955 730 729
f 957 728 735
f 959 957 963
f 735 963 957
f 964 962 960
f 962 964 965
f 962 737 730
f 962 965 737
f 735 966 963
f 966 735 741
f 966 967 963
f 966 741 967
f 967 968 963
f 969 964 970
f 969 965 964
f 965 969 971
f 965 742 737
f 965 971 742
f 967 741 972
f 741 973 972
f 745 973 741
f 974 968 967
f 972 974 967
f 973 974 972
f 975 969 970
f 975 970 976
f 975 971 969
f 975 977 971
f 742 971 746
f 971 977 746
f 973 745 978
f 745 751 978
f 979 974 973
f 978 979 973
f 980 975 976
f 980 976 981
f 980 977 975
f 980 754 977
f 746 977 753
f 977 754 753
f 757 982 751
f 978 751 982
f 757 758 982
f 983 979 978
f 982 983 978
f 985 980 981
f 985 981 984
f 985 754 980
f 985 760 754
f 763 986 758
f 982 758 986
f 987 983 982
f 986 987 982
f 984 988 985
f 988 984 989
f 988 760 985
f 988 765 760
f 768 990 763
f 986 763 990
f 768 769 990
f 991 987 986
f 990 991 986
f 992 988 989
f 992 989 993
f 992 765 988
f 992 994 765
f 765 994 770
f 990 769 995
f 769 774 995
f 996 991 990
f 995 996 990
f 997 992 993
f 997 993 998
f 997 994 992
f 997 999 994
f 770 994 775
f 994 999 775
f 995 774 1000
f 774 780 1000
f 1001 996 995
f 1000 1001 995
f 1002 997 998
f 1002 998 1003
f 999 997 1002
f 999 1002 1004
f 999 781 775
f 999 1004 781
f 1000 780 1005
f 1005 780 785
f 1006 1001 1000
f 1006 1000 1007
f 1005 1007 1000
f 1003 1008 1002
f 1008 1004 1002
f 1004 1008 1009
f 1004 787 781
f 1004 1009 787
f 789 1010 785
f 1005 785 1010
f 1007 1005 1010
f 1008 1011 1009
f 1011 1008 1012
f 1011 787 1009
f 1011 1013 787
f 787 1013 791
f 789 790 1014
f 1014 790 1015
f 790 797 1015
f 789 1016 1010
f 1014 1016 789
f 1015 1016 1014
f 1017 1011 1018
f 1012 1018 1011
f 1013 1011 1017
f 1013 1017 1019
f 1013 799 791
f 1013 1019 799
f 797 802 1020
f 1015 797 1021
f 1021 797 1020
f 1022 1016 1015
f 1022 1015 1021
f 1017 1023 1019
f 1023 1017 1024
f 1023 799 1019
f 1023 1025 799
f 799 1025 804
f 802 803 1026
f 1026 803 1027
f 1027 803 808
f 802 1028 1020
f 1028 802 1029
f 1026 1029 802
f 1027 1029 1026
f 1028 1021 1020
f 1024 1030 1023
f 1025 1023 1030
f 1030 1031 1025
f 1031 1030 1032
f 1031 804 1025
f 1031 1033 804
f 1031 1032 1033
f 809 804 1033
f 816 1034 808
f 816 815 1034
f 1034 1035 808
f 1035 1027 808
f 1035 1029 1027
f 1030 1036 1032
f 1033 1032 1036
f 1033 1036 1037
f 1033 1038 809
f 1033 1037 1038
f 817 809 1038
f 815 824 1039
f 824 823 1039
f 815 1039 1040
f 1034 815 1040
f 1041 1035 1034
f 1041 1034 1040
f 1036 1042 1037
f 1038 1037 1042
f 1038 1042 1043
f 1038 1044 817
f 1038 1043 1044
f 817 1044 825
f 823 832 1045
f 1045 832 831
f 823 1045 1046
f 1039 823 1046
f 1039 1047 1040
f 1047 1039 1046
f 1042 1048 1043
f 1044 1043 1048
f 1048 1049 1044
f 1049 1048 1050
f 1049 825 1044
f 1049 1051 825
f 1049 1050 1051
f 825 1051 833
f 845 846 1052
f 845 1053 831
f 1053 845 1052
f 1053 1054 831
f 1054 1045 831
f 1045 1055 1046
f 1054 1055 1045
f 1056 1050 1048
f 1056 1051 1050
f 1057 1051 1056
f 833 1051 1057
f 833 1057 1058
f 833 1059 834
f 833 1058 1059
f 847 834 1059
f 862 863 1060
f 844 862 1061
f 1061 862 1060
f 844 1061 1062
f 846 844 1063
f 1063 844 1062
f 846 1064 1052
f 1064 846 1062
f 1063 1062 846
f 1064 1053 1052
f 1064 1054 1053
f 1065 1058 1066
f 1057 1066 1058
f 1065 1059 1058
f 1065 1067 1059
f 847 1059 1067
f 1067 1068 847
f 1068 1067 1069
f 1068 848 847
f 1068 1069 848
f 1069 1070 848
f 849 848 1071
f 848 1070 1071
f 851 849 1072
f 1072 849 1071
f 864 865 1073
f 851 1072 865
f 1073 865 1072
f 864 1073 866
f 1074 866 1073
f 867 868 1075
f 866 1074 868
f 1075 868 1074
f 858 867 1076
f 1076 867 1075
f 860 858 1077
f 1077 858 1076
f 860 1077 1078
f 860 1078 861
f 1078 1079 861
f 863 861 1079
f 863 1080 1060
f 1080 863 1079
f 1080 1061 1060
f 1061 1081 1062
f 1080 1081 1061
f 1082 1069 1067
f 1069 1083 1070
f 1082 1083 1069
f 1083 1071 1070
f 1083 1084 1071
f 1084 1072 1071
f 1084 1085 1072
f 1085 1073 1072
f 1085 1086 1073
f 1086 1074 1073
f 1086 1087 1074
f 1087 1075 1074
f 1087 1088 1075
f 1088 1076 1075
f 1088 1089 1076
f 1089 1077 1076
f 1090 1078 1091
f 1077 1091 1078
f 1089 1091 1077
f 1078 1090 1079
f 1101 1102 1100
f 1103 1093 1102
f 1103 1102 1101
f 1103 1101 871
f 1103 871 873
f 1104 1092 1093
f 1104 1093 1103
f 1104 1103 873
f 1104 1105 1092
f 1104 875 1105
f 1104 873 875
f 1092 1105 1094
f 1105 1106 1094
f 1105 878 1106
f 1105 875 878
f 1094 1106 1095
f 1106 1107 1095
f 1106 869 1107
f 1106 878 869
f 1095 1107 1096
f 1107 1108 1096
f 1107 881 1108
f 1107 869 881
f 1096 1108 1097
f 1108 1109 1097
f 1108 883 1109
f 1108 881 883
f 1110 1098 1097
f 1109 1110 1097
f 1110 1109 883
f 1110 883 886
f 1111 1112 1098
f 1111 1098 1110
f 1111 1110 886
f 1111 886 889
f 1113 1114 1112
f 1113 1112 1111
f 889 1113 1111
f 1114 1113 1115
f 1119 1099 1118
f 1119 1118 1117
f 1119 1117 895
f 1119 1120 1099
f 1119 894 1120
f 1119 895 894
f 1099 1120 1100
f 1120 870 1100
f 1120 894 870
f 1100 871 1101
f 871 1100 870
f 889 1121 1113
f 889 890 1121
f 1113 1121 1115
f 1121 1122 1115
f 1121 903 1122
f 1121 890 903
f 1123 1124 1115
f 1122 1123 1115
f 1123 1122 903
f 1123 903 1125
f 1124 1123 1126
f 1125 1126 1123
f 1130 1116 1128
f 1130 1128 1127
f 1130 1131 1116
f 1130 892 1131
f 1130 1127 892
f 1116 1131 1117
f 1131 895 1117
f 1131 891 895
f 1131 892 891
f 903 906 1125
f 905 1125 906
f 1125 1132 1126
f 1125 914 1132
f 1125 905 914
f 1133 1134 1126
f 1132 1133 1126
f 1133 1132 914
f 1135 1134 1133
f 1138 1127 1129
f 1138 1129 1136
f 1138 1136 919
f 1138 1139 1127
f 1138 907 1139
f 1138 919 907
f 907 1127 1139
f 1127 908 892
f 908 1127 907
f 914 916 1133
f 1140 1135 1133
f 916 1140 1133
f 1140 916 1141
f 1142 1135 1140
f 1141 1142 1140
f 1145 1136 1137
f 1145 1137 1143
f 1145 1143 929
f 1145 919 1136
f 1145 917 919
f 1145 929 917
f 916 926 1141
f 1146 1142 1141
f 926 1146 1141
f 1146 1147 1142
f 1146 1148 1147
f 1146 926 1148
f 1149 1142 1147
f 1148 1149 1147
f 1152 1143 1144
f 1152 1144 1150
f 1152 1150 937
f 1152 929 1143
f 1152 927 929
f 1152 937 927
f 926 934 1148
f 1153 1149 1148
f 934 1153 1148
f 1153 1154 1149
f 1153 1155 1154
f 1153 934 1155
f 1156 1149 1154
f 1155 1156 1154
f 1159 1150 1151
f 1159 1151 1157
f 1159 937 1150
f 1159 935 937
f 1159 1157 935
f 934 941 1155
f 1160 1156 1155
f 941 1160 1155
f 1160 941 1161
f 1162 1156 1160
f 1161 1162 1160
f 1164 1157 1158
f 1164 1158 1163
f 1164 1163 1165
f 1164 1165 943
f 1157 1164 943
f 935 1157 942
f 1157 943 942
f 1161 941 948
f 1162 1161 1166
f 948 1166 1161
f 1167 1165 1163
f 1165 1167 949
f 1165 949 943
f 948 1169 1166
f 948 1170 1169
f 952 1170 948
f 1169 1171 1166
f 1170 1171 1169
f 1173 1167 1168
f 1173 1168 1172
f 1173 1172 1174
f 1173 954 1167
f 1173 1174 954
f 949 1167 954
f 958 959 952
f 1170 952 959
f 1171 1170 1175
f 959 1175 1170
f 1176 1174 1172
f 1174 960 954
f 1174 1176 960
f 959 1177 1175
f 963 1177 959
f 1177 1178 1175
f 1177 963 1178
f 1178 1179 1175
f 1180 1176 1181
f 1176 1180 964
f 960 1176 964
f 1178 963 1182
f 1182 963 1183
f 963 968 1183
f 1184 1179 1178
f 1182 1184 1178
f 1183 1184 1182
f 1185 1180 1181
f 1185 1181 1186
f 1185 964 1180
f 1185 970 964
f 1183 968 974
f 1187 1184 1183
f 974 1187 1183
f 1189 1185 1186
f 1189 1186 1188
f 1189 1188 1190
f 1189 970 1185
f 1189 976 970
f 1189 1190 976
f 1191 974 979
f 1192 1187 974
f 1191 1192 974
f 1192 1191 1193
f 979 1193 1191
f 1192 1194 1187
f 1192 1193 1194
f 1195 1190 1188
f 1190 1195 1196
f 1190 981 976
f 1190 1196 981
f 1193 979 983
f 1194 1193 1197
f 1193 983 1197
f 1198 1196 1195
f 1196 1198 1199
f 1196 984 981
f 1196 1199 984
f 1197 983 1200
f 983 987 1200
f 1201 1199 1198
f 1199 1201 1202
f 1199 989 984
f 1199 1202 989
f 1200 987 1203
f 987 991 1203
f 1204 1202 1201
f 1202 1204 1205
f 1202 993 989
f 1202 1205 993
f 996 1206 991
f 1203 991 1207
f 991 1206 1207
f 1204 1209 1205
f 1209 1204 1208
f 1209 993 1205
f 1209 998 993
f 996 1210 1206
f 1001 1210 996
f 1210 1207 1206
f 1211 1209 1208
f 1211 1208 1212
f 1211 998 1209
f 1211 1003 998
f 1006 1214 1001
f 1213 1001 1214
f 1006 1007 1214
f 1215 1210 1001
f 1213 1215 1001
f 1214 1215 1213
f 1216 1211 1212
f 1216 1212 1217
f 1003 1211 1216
f 1003 1216 1218
f 1003 1218 1008
f 1214 1007 1219
f 1007 1010 1219
f 1220 1215 1214
f 1220 1214 1221
f 1219 1221 1214
f 1217 1222 1216
f 1222 1218 1216
f 1218 1222 1223
f 1218 1012 1008
f 1218 1223 1012
f 1010 1016 1224
f 1219 1010 1224
f 1221 1219 1224
f 1222 1225 1223
f 1225 1222 1226
f 1225 1012 1223
f 1225 1227 1012
f 1012 1227 1018
f 1017 1018 1227
f 1022 1228 1016
f 1022 1021 1228
f 1016 1229 1224
f 1229 1016 1230
f 1228 1230 1016
f 1226 1231 1225
f 1227 1225 1231
f 1227 1231 1232
f 1227 1024 1017
f 1227 1232 1024
f 1228 1021 1233
f 1028 1233 1021
f 1230 1228 1233
f 1231 1234 1232
f 1234 1231 1235
f 1234 1024 1232
f 1024 1234 1030
f 1028 1029 1236
f 1236 1029 1237
f 1237 1029 1035
f 1028 1238 1233
f 1238 1028 1239
f 1236 1239 1028
f 1237 1239 1236
f 1235 1240 1234
f 1241 1234 1240
f 1234 1241 1030
f 1241 1242 1030
f 1036 1030 1242
f 1041 1243 1035
f 1041 1040 1243
f 1243 1244 1035
f 1244 1237 1035
f 1244 1239 1237
f 1240 1245 1241
f 1245 1242 1241
f 1246 1242 1245
f 1246 1245 1247
f 1242 1246 1036
f 1246 1248 1036
f 1246 1247 1248
f 1042 1036 1248
f 1040 1047 1249
f 1047 1046 1249
f 1249 1250 1040
f 1243 1040 1250
f 1251 1244 1243
f 1250 1251 1243
f 1245 1252 1247
f 1252 1248 1247
f 1253 1248 1252
f 1253 1252 1254
f 1248 1253 1042
f 1253 1255 1042
f 1253 1254 1255
f 1048 1042 1255
f 1046 1055 1256
f 1256 1055 1054
f 1256 1257 1046
f 1249 1046 1257
f 1258 1250 1249
f 1257 1258 1249
f 1252 1259 1254
f 1259 1255 1254
f 1260 1255 1259
f 1255 1260 1048
f 1260 1261 1048
f 1056 1048 1261
f 1064 1262 1054
f 1262 1263 1054
f 1263 1256 1054
f 1264 1257 1256
f 1263 1264 1256
f 1259 1265 1260
f 1265 1261 1260
f 1265 1266 1261
f 1266 1267 1261
f 1056 1261 1267
f 1056 1267 1268
f 1266 1268 1267
f 1057 1056 1269
f 1056 1268 1269
f 1057 1269 1066
f 1065 1066 1269
f 1062 1081 1270
f 1270 1081 1080
f 1062 1270 1271
f 1064 1062 1271
f 1272 1064 1273
f 1273 1064 1271
f 1272 1262 1064
f 1272 1263 1262
f 1274 1268 1266
f 1274 1269 1268
f 1274 1275 1269
f 1065 1269 1275
f 1275 1276 1065
f 1276 1275 1277
f 1065 1276 1067
f 1276 1277 1067
f 1067 1277 1278
f 1082 1067 1279
f 1279 1067 1278
f 1082 1279 1083
f 1083 1280 1084
f 1090 1091 1282
f 1089 1281 1091
f 1282 1091 1281
f 1090 1282 1283
f 1079 1090 1283
f 1079 1283 1284
f 1080 1079 1284
f 1285 1080 1286
f 1286 1080 1284
f 1285 1270 1080
f 1270 1285 1271
f 1287 1277 1275
f 1277 1288 1278
f 1287 1288 1277
f 1288 1279 1278
f 1288 1289 1279
f 1289 1083 1279
f 1083 1290 1280
f 1290 1083 1289
f 1290 1289 1291
f 1290 1292 1280
f 1084 1280 1292
f 1290 1291 1292
f 1291 1293 1292
f 1292 1085 1084
f 1292 1293 1085
f 1293 1294 1085
f 1085 1294 1086
f 1294 1295 1086
f 1086 1295 1087
f 1295 1296 1087
f 1088 1087 1297
f 1087 1296 1297
f 1297 1298 1088
f 1296 1298 1297
f 1298 1089 1088
f 1089 1299 1281
f 1298 1299 1089
f 1299 1282 1281
f 1300 1283 1301
f 1282 1301 1283
f 1299 1301 1282
f 1283 1300 1284
f 1313 1314 1312
f 1313 1312 1311
f 1313 1311 1100
f 1313 1100 1102
f 1315 1302 1314
f 1315 1314 1313
f 1315 1313 1102
f 1315 1316 1302
f 1315 1093 1316
f 1315 1102 1093
f 1302 1316 1303
f 1316 1317 1303
f 1316 1092 1317
f 1316 1093 1092
f 1303 1317 1304
f 1317 1318 1304
f 1317 1094 1318
f 1094 1317 1092
f 1304 1318 1305
f 1318 1319 1305
f 1318 1095 1319
f 1095 1318 1094
f 1305 1319 1306
f 1319 1320 1306
f 1319 1096 1320
f 1096 1319 1095
f 1306 1320 1307
f 1320 1321 1307
f 1320 1097 1321
f 1097 1320 1096
f 1307 1321 1308
f 1321 1322 1308
f 1321 1098 1322
f 1321 1097 1098
f 1323 1324 1308
f 1322 1323 1308
f 1323 1322 1098
f 1323 1098 1112
f 1325 1326 1324
f 1325 1324 1323
f 1325 1323 1112
f 1325 1112 1114
f 1326 1325 1327
f 1114 1327 1325
f 1331 1310 1329
f 1331 1329 1118
f 1332 1309 1310
f 1332 1310 1331
f 1332 1331 1118
f 1332 1333 1309
f 1332 1099 1333
f 1332 1118 1099
f 1309 1333 1311
f 1333 1100 1311
f 1100 1333 1099
f 1114 1334 1327
f 1114 1115 1334
f 1335 1328 1327
f 1334 1335 1327
f 1115 1335 1334
f 1335 1336 1328
f 1335 1124 1336
f 1335 1115 1124
f 1337 1338 1328
f 1337 1328 1336
f 1337 1336 1124
f 1339 1338 1337
f 1341 1330 1342
f 1341 1342 1340
f 1343 1329 1330
f 1343 1330 1341
f 1343 1341 1128
f 1343 1116 1329
f 1343 1128 1116
f 1329 1117 1118
f 1117 1329 1116
f 1124 1126 1337
f 1344 1339 1337
f 1126 1344 1337
f 1344 1345 1339
f 1344 1134 1345
f 1344 1126 1134
f 1346 1347 1345
f 1339 1345 1347
f 1134 1346 1345
f 1350 1340 1348
f 1350 1351 1340
f 1350 1129 1351
f 1350 1348 1129
f 1340 1351 1341
f 1351 1128 1341
f 1351 1127 1128
f 1351 1129 1127
f 1134 1352 1346
f 1134 1135 1352
f 1352 1353 1346
f 1353 1352 1135
f 1357 1348 1349
f 1357 1349 1355
f 1357 1137 1348
f 1357 1355 1137
f 1348 1136 1129
f 1348 1137 1136
f 1353 1135 1358
f 1135 1142 1358
f 1359 1360 1353
f 1354 1353 1360
f 1358 1359 1353
f 1359 1358 1142
f 1361 1360 1359
f 1364 1355 1356
f 1364 1356 1362
f 1364 1362 1144
f 1355 1364 1144
f 1355 1143 1137
f 1355 1144 1143
f 1142 1149 1359
f 1365 1366 1359
f 1361 1359 1366
f 1365 1359 1149
f 1365 1367 1366
f 1365 1149 1367
f 1369 1362 1363
f 1369 1363 1368
f 1369 1368 1370
f 1369 1151 1362
f 1369 1370 1151
f 1362 1150 1144
f 1362 1151 1150
f 1367 1149 1371
f 1149 1156 1371
f 1371 1372 1367
f 1372 1371 1373
f 1156 1373 1371
f 1374 1368 1375
f 1374 1375 1376
f 1374 1370 1368
f 1370 1374 1158
f 1370 1157 1151
f 1370 1158 1157
f 1156 1377 1373
f 1372 1373 1377
f 1156 1378 1377
f 1162 1378 1156
f 1379 1372 1380
f 1377 1380 1372
f 1378 1380 1377
f 1382 1374 1376
f 1382 1376 1381
f 1382 1158 1374
f 1382 1163 1158
f 1382 1381 1163
f 1162 1166 1378
f 1383 1380 1378
f 1166 1383 1378
f 1383 1384 1380
f 1383 1166 1384
f 1385 1380 1384
f 1386 1381 1387
f 1381 1386 1168
f 1163 1381 1167
f 1381 1168 1167
f 1384 1166 1388
f 1388 1166 1171
f 1389 1385 1384
f 1388 1389 1384
f 1171 1389 1388
f 1391 1386 1387
f 1391 1387 1390
f 1391 1390 1392
f 1391 1168 1386
f 1391 1172 1168
f 1391 1392 1172
f 1393 1389 1171
f 1175 1393 1171
f 1393 1394 1389
f 1393 1175 1394
f 1395 1392 1390
f 1392 1395 1176
f 1172 1392 1176
f 1394 1175 1397
f 1397 1175 1398
f 1175 1179 1398
f 1399 1394 1400
f 1397 1400 1394
f 1398 1400 1397
f 1401 1395 1396
f 1401 1396 1402
f 1401 1176 1395
f 1401 1181 1176
f 1398 1179 1184
f 1403 1400 1398
f 1184 1403 1398
f 1405 1401 1402
f 1405 1402 1404
f 1405 1404 1406
f 1405 1181 1401
f 1405 1186 1181
f 1405 1406 1186
f 1403 1184 1407
f 1407 1184 1187
f 1408 1406 1404
f 1406 1408 1409
f 1406 1188 1186
f 1406 1409 1188
f 1407 1187 1410
f 1194 1410 1187
f 1411 1409 1408
f 1409 1411 1412
f 1188 1409 1195
f 1409 1412 1195
f 1410 1194 1413
f 1413 1194 1414
f 1194 1197 1414
f 1413 1414 1410
f 1415 1412 1411
f 1412 1415 1416
f 1195 1412 1198
f 1412 1416 1198
f 1414 1197 1417
f 1417 1197 1418
f 1197 1200 1418
f 1417 1418 1414
f 1419 1416 1415
f 1416 1419 1420
f 1198 1416 1201
f 1416 1420 1201
f 1418 1200 1421
f 1421 1200 1422
f 1200 1203 1422
f 1421 1422 1418
f 1423 1420 1419
f 1420 1423 1424
f 1201 1420 1204
f 1420 1424 1204
f 1422 1203 1425
f 1203 1207 1425
f 1426 1424 1423
f 1424 1426 1427
f 1424 1208 1204
f 1424 1427 1208
f 1425 1207 1428
f 1428 1207 1210
f 1426 1429 1427
f 1429 1426 1430
f 1429 1208 1427
f 1429 1212 1208
f 1428 1210 1431
f 1215 1431 1210
f 1432 1429 1430
f 1432 1430 1433
f 1432 1212 1429
f 1432 1217 1212
f 1220 1434 1215
f 1220 1221 1434
f 1435 1431 1215
f 1435 1215 1436
f 1434 1436 1215
f 1433 1437 1432
f 1217 1432 1437
f 1217 1437 1438
f 1217 1438 1222
f 1434 1221 1439
f 1439 1221 1440
f 1221 1224 1440
f 1436 1434 1440
f 1439 1440 1434
f 1437 1442 1438
f 1442 1437 1441
f 1442 1441 1443
f 1438 1442 1222
f 1442 1226 1222
f 1442 1443 1226
f 1229 1445 1224
f 1444 1224 1445
f 1440 1224 1445
f 1444 1445 1224
f 1446 1443 1441
f 1446 1441 1447
f 1446 1226 1443
f 1226 1446 1231
f 1229 1230 1448
f 1448 1230 1449
f 1230 1233 1449
f 1450 1445 1229
f 1450 1229 1449
f 1448 1449 1229
f 1447 1451 1446
f 1452 1446 1451
f 1452 1451 1453
f 1446 1452 1231
f 1452 1235 1231
f 1452 1453 1235
f 1233 1238 1454
f 1238 1239 1454
f 1454 1456 1233
f 1455 1233 1456
f 1449 1233 1456
f 1455 1456 1233
f 1457 1453 1458
f 1451 1458 1453
f 1235 1453 1457
f 1235 1457 1459
f 1235 1459 1240
f 1454 1239 1461
f 1244 1460 1239
f 1461 1239 1460
f 1462 1456 1454
f 1462 1454 1461
f 1457 1463 1459
f 1463 1240 1459
f 1463 1464 1240
f 1240 1464 1245
f 1251 1465 1244
f 1465 1251 1250
f 1461 1460 1466
f 1244 1466 1460
f 1466 1244 1465
f 1463 1468 1464
f 1468 1463 1469
f 1467 1469 1463
f 1468 1245 1464
f 1245 1468 1252
f 1258 1470 1250
f 1470 1258 1257
f 1465 1250 1471
f 1471 1250 1472
f 1470 1472 1250
f 1469 1473 1468
f 1474 1468 1475
f 1473 1475 1468
f 1474 1475 1476
f 1474 1252 1468
f 1474 1476 1252
f 1476 1477 1252
f 1252 1477 1259
f 1264 1478 1257
f 1478 1264 1263
f 1479 1257 1478
f 1479 1470 1257
f 1479 1472 1470
f 1476 1480 1477
f 1480 1481 1477
f 1259 1477 1481
f 1259 1481 1482
f 1480 1482 1481
f 1265 1259 1483
f 1259 1482 1483
f 1266 1265 1483
f 1272 1273 1484
f 1273 1271 1484
f 1272 1484 1485
f 1272 1485 1263
f 1486 1263 1485
f 1478 1263 1487
f 1487 1263 1485
f 1486 1485 1263
f 1488 1482 1489
f 1480 1489 1482
f 1488 1483 1482
f 1490 1483 1488
f 1490 1488 1491
f 1483 1490 1266
f 1490 1491 1266
f 1266 1491 1492
f 1274 1266 1492
f 1285 1286 1493
f 1271 1285 1494
f 1494 1285 1493
f 1494 1496 1271
f 1495 1271 1496
f 1484 1271 1496
f 1495 1496 1271
f 1484 1497 1485
f 1496 1497 1484
f 1488 1498 1491
f 1491 1499 1492
f 1498 1499 1491
f 1499 1274 1492
f 1500 1274 1499
f 1500 1499 1501
f 1274 1500 1275
f 1500 1501 1275
f 1275 1501 1502
f 1287 1275 1503
f 1503 1275 1502
f 1287 1503 1288
f 1300 1301 1504
f 1504 1301 1299
f 1300 1504 1505
f 1284 1300 1506
f 1506 1300 1505
f 1506 1508 1284
f 1507 1284 1508
f 1286 1284 1508
f 1507 1508 1284
f 1494 1493 1509
f 1286 1509 1493
f 1508 1509 1286
f 1510 1502 1511
f 1501 1511 1502
f 1510 1503 1502
f 1510 1512 1503
f 1512 1288 1503
f 1512 1513 1288
f 1513 1289 1288
f 1513 1514 1289
f 1291 1289 1514
f 1291 1514 1515
f 1293 1291 1516
f 1516 1291 1515
f 1293 1516 1517
f 1294 1293 1518
f 1518 1293 1517
f 1294 1518 1519
f 1295 1294 1520
f 1520 1294 1519
f 1295 1520 1521
f 1296 1295 1521
f 1296 1521 1522
f 1296 1522 1298
f 1523 1298 1522
f 1523 1299 1298
f 1524 1299 1525
f 1523 1525 1299
f 1524 1504 1299
f 1506 1505 1524
f 1504 1524 1505
f 1516 1515 1514
f 1518 1517 1516
f 1520 1519 1518
f 1535 1533 1537
f 1535 1537 1312
f 1538 1539 1536
f 1538 1536 1535
f 1538 1535 1312
f 1538 1312 1314
f 1540 1526 1539
f 1540 1539 1538
f 1540 1538 1314
f 1540 1541 1526
f 1540 1302 1541
f 1540 1314 1302
f 1526 1541 1527
f 1541 1542 1527
f 1541 1303 1542
f 1303 1541 1302
f 1527 1542 1528
f 1542 1543 1528
f 1542 1304 1543
f 1304 1542 1303
f 1528 1543 1529
f 1543 1305 1529
f 1305 1543 1304
f 1529 1305 1530
f 1305 1544 1530
f 1305 1306 1544
f 1530 1544 1531
f 1544 1545 1531
f 1544 1307 1545
f 1307 1544 1306
f 1531 1545 1532
f 1545 1546 1532
f 1545 1308 1546
f 1308 1545 1307
f 1547 1548 1532
f 1546 1547 1532
f 1308 1547 1546
f 1547 1549 1548
f 1547 1324 1549
f 1547 1308 1324
f 1550 1551 1548
f 1550 1548 1549
f 1550 1549 1324
f 1550 1324 1326
f 1551 1550 1552
f 1326 1552 1550
f 1557 1534 1555
f 1557 1555 1554
f 1557 1558 1534
f 1557 1310 1558
f 1557 1554 1310
f 1558 1533 1534
f 1558 1559 1533
f 1558 1309 1559
f 1558 1310 1309
f 1533 1559 1537
f 1559 1312 1537
f 1559 1311 1312
f 1311 1559 1309
f 1326 1560 1552
f 1326 1327 1560
f 1560 1553 1552
f 1560 1561 1553
f 1560 1328 1561
f 1560 1327 1328
f 1562 1563 1553
f 1562 1553 1561
f 1562 1561 1328
f 1564 1563 1562
f 1566 1556 1342
f 1566 1567 1556
f 1566 1330 1567
f 1566 1342 1330
f 1567 1554 1556
f 1567 1568 1554
f 1567 1329 1568
f 1567 1330 1329
f 1568 1329 1554
f 1329 1310 1554
f 1562 1328 1338
f 1338 1564 1562
f 1338 1569 1564
f 1338 1339 1569
f 1570 1564 1569
f 1570 1569 1339
f 1570 1339 1571
f 1571 1572 1570
f 1575 1342 1565
f 1575 1565 1573
f 1575 1573 1348
f 1575 1340 1342
f 1575 1348 1340
f 1339 1347 1571
f 1346 1571 1347
f 1576 1577 1571
f 1572 1571 1577
f 1346 1576 1571
f 1576 1346 1578
f 1579 1577 1576
f 1578 1579 1576
f 1582 1573 1574
f 1582 1574 1580
f 1582 1580 1349
f 1582 1348 1573
f 1582 1349 1348
f 1346 1353 1578
f 1578 1583 1579
f 1578 1360 1583
f 1578 1353 1360
f 1354 1360 1353
f 1584 1579 1583
f 1360 1584 1583
f 1587 1580 1581
f 1587 1581 1585
f 1587 1585 1356
f 1587 1349 1580
f 1587 1355 1349
f 1587 1356 1355
f 1360 1588 1584
f 1360 1366 1588
f 1361 1366 1360
f 1589 1584 1588
f 1366 1589 1588
f 1592 1585 1586
f 1592 1586 1590
f 1592 1590 1363
f 1592 1356 1585
f 1592 1362 1356
f 1592 1363 1362
f 1366 1593 1589
f 1366 1594 1593
f 1367 1594 1366
f 1595 1589 1593
f 1594 1595 1593
f 1597 1590 1591
f 1597 1591 1375
f 1597 1363 1590
f 1597 1368 1363
f 1597 1375 1368
f 1367 1372 1594
f 1598 1595 1594
f 1372 1598 1594
f 1598 1599 1595
f 1598 1372 1599
f 1600 1375 1596
f 1600 1596 1601
f 1600 1601 1602
f 1600 1376 1375
f 1600 1602 1376
f 1599 1372 1603
f 1379 1380 1372
f 1603 1372 1380
f 1603 1604 1599
f 1380 1604 1603
f 1605 1606 1601
f 1602 1601 1606
f 1602 1381 1376
f 1602 1606 1381
f 1380 1607 1604
f 1380 1608 1607
f 1385 1608 1380
f 1609 1604 1607
f 1608 1609 1607
f 1610 1605 1611
f 1610 1611 1612
f 1610 1613 1605
f 1606 1605 1613
f 1610 1387 1613
f 1610 1612 1387
f 1613 1381 1606
f 1381 1613 1387
f 1608 1385 1389
f 1614 1609 1608
f 1389 1614 1608
f 1612 1611 1615
f 1612 1615 1616
f 1612 1390 1387
f 1612 1616 1390
f 1389 1617 1614
f 1394 1617 1389
f 1618 1620 1615
f 1618 1396 1620
f 1620 1616 1615
f 1616 1620 1396
f 1390 1616 1395
f 1616 1396 1395
f 1617 1394 1621
f 1399 1622 1394
f 1621 1394 1622
f 1399 1400 1622
f 1623 1617 1624
f 1621 1624 1617
f 1622 1624 1621
f 1625 1618 1619
f 1625 1619 1626
f 1625 1396 1618
f 1625 1402 1396
f 1622 1400 1403
f 1627 1624 1622
f 1403 1627 1622
f 1629 1625 1626
f 1629 1626 1628
f 1629 1628 1630
f 1629 1402 1625
f 1629 1404 1402
f 1629 1630 1404
f 1631 1632 1403
f 1627 1403 1632
f 1407 1631 1403
f 1631 1407 1632
f 1633 1630 1628
f 1630 1633 1634
f 1404 1630 1408
f 1630 1634 1408
f 1632 1407 1635
f 1407 1410 1635
f 1636 1634 1633
f 1634 1636 1637
f 1408 1634 1411
f 1634 1637 1411
f 1635 1410 1638
f 1638 1410 1639
f 1410 1414 1639
f 1638 1639 1635
f 1640 1637 1636
f 1637 1640 1415
f 1411 1637 1415
f 1639 1414 1641
f 1641 1414 1642
f 1414 1418 1642
f 1641 1642 1639
f 1643 1415 1640
f 1415 1643 1644
f 1415 1644 1419
f 1642 1418 1645
f 1645 1418 1646
f 1418 1422 1646
f 1645 1646 1642
f 1647 1644 1643
f 1644 1647 1648
f 1419 1644 1423
f 1644 1648 1423
f 1646 1422 1649
f 1422 1425 1649
f 1650 1648 1647
f 1648 1650 1651
f 1423 1648 1426
f 1648 1651 1426
f 1649 1425 1652
f 1425 1428 1652
f 1650 1653 1651
f 1653 1650 1654
f 1653 1654 1655
f 1651 1653 1426
f 1653 1430 1426
f 1653 1655 1430
f 1656 1657 1652
f 1431 1657 1428
f 1656 1428 1657
f 1656 1652 1428
f 1658 1655 1654
f 1658 1654 1659
f 1658 1430 1655
f 1658 1433 1430
f 1435 1660 1431
f 1435 1436 1660
f 1661 1657 1431
f 1660 1661 1431
f 1659 1662 1658
f 1433 1658 1662
f 1433 1662 1663
f 1433 1663 1437
f 1660 1436 1664
f 1664 1436 1665
f 1436 1440 1665
f 1666 1661 1660
f 1666 1660 1665
f 1664 1665 1660
f 1663 1662 1667
f 1663 1667 1668
f 1663 1441 1437
f 1663 1668 1441
f 1665 1440 1669
f 1669 1440 1445
f 1670 1668 1667
f 1670 1667 1671
f 1670 1441 1668
f 1670 1447 1441
f 1450 1672 1445
f 1450 1449 1672
f 1673 1669 1445
f 1673 1445 1674
f 1672 1674 1445
f 1671 1675 1670
f 1447 1670 1675
f 1447 1675 1676
f 1447 1676 1451
f 1672 1449 1677
f 1677 1449 1456
f 1677 1674 1672
f 1678 1676 1675
f 1678 1451 1676
f 1678 1679 1451
f 1451 1679 1458
f 1457 1458 1679
f 1462 1680 1456
f 1462 1461 1680
f 1681 1677 1456
f 1681 1456 1680
f 1682 1679 1678
f 1683 1679 1684
f 1682 1684 1679
f 1679 1683 1457
f 1683 1685 1457
f 1463 1457 1685
f 1461 1466 1686
f 1466 1465 1686
f 1687 1688 1680
f 1686 1688 1461
f 1687 1461 1688
f 1687 1680 1461
f 1684 1689 1683
f 1689 1685 1683
f 1685 1689 1690
f 1685 1469 1463
f 1467 1463 1469
f 1685 1690 1469
f 1471 1691 1465
f 1686 1465 1691
f 1691 1688 1686
f 1689 1692 1690
f 1692 1469 1690
f 1469 1692 1693
f 1473 1469 1475
f 1469 1693 1475
f 1479 1478 1694
f 1694 1695 1479
f 1471 1472 1695
f 1695 1472 1479
f 1696 1691 1471
f 1695 1696 1471
f 1692 1697 1693
f 1697 1475 1693
f 1475 1697 1698
f 1476 1475 1699
f 1475 1698 1699
f 1480 1476 1699
f 1478 1487 1700
f 1487 1485 1700
f 1700 1701 1478
f 1694 1478 1701
f 1702 1695 1694
f 1701 1702 1694
f 1697 1703 1698
f 1703 1699 1698
f 1704 1699 1703
f 1704 1703 1705
f 1699 1704 1480
f 1704 1705 1480
f 1480 1705 1706
f 1480 1706 1489
f 1488 1489 1706
f 1485 1497 1707
f 1707 1497 1496
f 1708 1707 1709
f 1708 1485 1707
f 1700 1485 1709
f 1708 1709 1485
f 1709 1701 1700
f 1705 1710 1706
f 1710 1488 1706
f 1488 1710 1711
f 1498 1488 1712
f 1488 1711 1712
f 1498 1712 1499
f 1494 1509 1713
f 1713 1509 1508
f 1713 1714 1494
f 1714 1496 1494
f 1707 1496 1715
f 1714 1715 1496
f 1710 1716 1711
f 1716 1712 1711
f 1716 1717 1712
f 1717 1499 1712
f 1499 1717 1718
f 1501 1499 1718
f 1501 1718 1719
f 1510 1511 1720
f 1501 1719 1511
f 1720 1511 1719
f 1510 1720 1512
f 1524 1525 1721
f 1721 1525 1523
f 1524 1721 1722
f 1506 1524 1723
f 1723 1524 1722
f 1723 1724 1506
f 1724 1508 1506
f 1725 1508 1726
f 1724 1726 1508
f 1725 1713 1508
f 1725 1714 1713
f 1727 1719 1728
f 1718 1728 1719
f 1727 1720 1719
f 1727 1729 1720
f 1729 1512 1720
f 1730 1512 1731
f 1729 1731 1512
f 1512 1730 1513
f 1730 1731 1513
f 1513 1731 1732
f 1514 1513 1732
f 1514 1732 1733
f 1516 1514 1734
f 1734 1514 1733
f 1516 1734 1735
f 1518 1516 1736
f 1736 1516 1735
f 1518 1736 1737
f 1520 1518 1738
f 1738 1518 1737
f 1520 1738 1739
f 1521 1520 1739
f 1521 1739 1740
f 1522 1521 1740
f 1741 1740 1742
f 1741 1522 1740
f 1523 1522 1742
f 1741 1742 1522
f 1742 1743 1523
f 1743 1721 1523
f 1723 1722 1744
f 1721 1744 1722
f 1743 1744 1721
f 1734 1733 1732
f 1736 1735 1734
f 1738 1737 1736
f 1756 1757 1755
f 1756 1755 1754
f 1756 1754 1536
f 1756 1536 1539
f 1758 1746 1757
f 1758 1757 1756
f 1758 1756 1539
f 1758 1759 1746
f 1758 1526 1759
f 1758 1539 1526
f 1759 1745 1746
f 1759 1760 1745
f 1759 1527 1760
f 1527 1759 1526
f 1745 1760 1747
f 1760 1761 1747
f 1760 1528 1761
f 1528 1760 1527
f 1747 1761 1748
f 1761 1762 1748
f 1761 1529 1762
f 1529 1761 1528
f 1748 1762 1749
f 1762 1763 1749
f 1762 1530 1763
f 1530 1762 1529
f 1749 1763 1750
f 1763 1764 1750
f 1763 1531 1764
f 1531 1763 1530
f 1764 1751 1750
f 1764 1765 1751
f 1764 1532 1765
f 1532 1764 1531
f 1766 1767 1751
f 1766 1751 1765
f 1532 1766 1765
f 1766 1532 1548
f 1768 1769 1767
f 1768 1767 1766
f 1768 1766 1548
f 1768 1548 1551
f 1769 1768 1770
f 1551 1770 1768
f 1775 1753 1773
f 1775 1773 1772
f 1775 1776 1753
f 1775 1534 1776
f 1775 1772 1534
f 1776 1752 1753
f 1776 1777 1752
f 1776 1533 1777
f 1776 1534 1533
f 1752 1777 1754
f 1777 1536 1754
f 1777 1535 1536
f 1535 1777 1533
f 1551 1778 1770
f 1551 1552 1778
f 1778 1771 1770
f 1778 1779 1771
f 1778 1553 1779
f 1778 1552 1553
f 1780 1781 1771
f 1780 1771 1779
f 1780 1779 1553
f 1782 1781 1780
f 1786 1774 1784
f 1786 1784 1783
f 1786 1787 1774
f 1786 1556 1787
f 1786 1783 1556
f 1787 1772 1774
f 1787 1555 1772
f 1787 1554 1555
f 1787 1556 1554
f 1555 1534 1772
f 1780 1553 1563
f 1563 1782 1780
f 1563 1788 1782
f 1563 1564 1788
f 1789 1782 1788
f 1789 1788 1564
f 1792 1791 1793
f 1792 1793 1565
f 1794 1783 1785
f 1794 1785 1792
f 1794 1792 1565
f 1794 1795 1783
f 1794 1342 1795
f 1794 1565 1342
f 1795 1342 1783
f 1342 1556 1783
f 1789 1564 1570
f 1796 1790 1789
f 1570 1796 1789
f 1796 1797 1790
f 1796 1577 1797
f 1796 1570 1577
f 1572 1577 1570
f 1790 1797 1798
f 1577 1798 1797
f 1800 1791 1801
f 1800 1801 1799
f 1800 1799 1802
f 1800 1802 1574
f 1800 1793 1791
f 1793 1800 1574
f 1793 1573 1565
f 1793 1574 1573
f 1577 1803 1798
f 1577 1579 1803
f 1803 1804 1798
f 1804 1803 1805
f 1579 1805 1803
f 1807 1799 1808
f 1807 1808 1806
f 1807 1806 1809
f 1807 1809 1581
f 1807 1802 1799
f 1802 1807 1581
f 1802 1580 1574
f 1802 1581 1580
f 1579 1810 1805
f 1804 1805 1810
f 1579 1584 1810
f 1810 1811 1804
f 1811 1810 1584
f 1813 1806 1814
f 1813 1814 1812
f 1813 1812 1815
f 1813 1815 1586
f 1813 1809 1806
f 1809 1813 1586
f 1809 1585 1581
f 1809 1586 1585
f 1811 1584 1816
f 1584 1589 1816
f 1816 1817 1811
f 1589 1817 1816
f 1818 1815 1812
f 1815 1818 1591
f 1815 1590 1586
f 1815 1591 1590
f 1589 1820 1817
f 1589 1595 1820
f 1820 1821 1817
f 1595 1821 1820
f 1824 1818 1819
f 1824 1819 1822
f 1824 1822 1596
f 1824 1591 1818
f 1824 1375 1591
f 1824 1596 1375
f 1825 1821 1595
f 1825 1826 1821
f 1825 1827 1826
f 1825 1595 1827
f 1599 1827 1595
f 1828 1821 1826
f 1827 1828 1826
f 1829 1822 1823
f 1829 1823 1830
f 1829 1830 1831
f 1829 1601 1822
f 1829 1831 1601
f 1596 1822 1601
f 1827 1599 1604
f 1832 1828 1827
f 1604 1832 1827
f 1831 1830 1833
f 1831 1833 1605
f 1831 1605 1601
f 1604 1835 1832
f 1604 1836 1835
f 1609 1836 1604
f 1837 1832 1835
f 1836 1837 1835
f 1838 1833 1834
f 1838 1834 1839
f 1838 1839 1840
f 1838 1611 1833
f 1838 1840 1611
f 1605 1833 1611
f 1836 1609 1614
f 1841 1837 1836
f 1614 1841 1836
f 1840 1839 1842
f 1840 1842 1843
f 1840 1615 1611
f 1840 1843 1615
f 1614 1844 1841
f 1617 1844 1614
f 1845 1843 1842
f 1843 1845 1619
f 1615 1843 1618
f 1843 1619 1618
f 1844 1617 1847
f 1623 1848 1617
f 1847 1617 1848
f 1623 1624 1848
f 1847 1849 1844
f 1848 1849 1847
f 1850 1845 1846
f 1850 1846 1851
f 1850 1619 1845
f 1850 1626 1619
f 1848 1624 1627
f 1852 1849 1848
f 1627 1852 1848
f 1853 1850 1851
f 1853 1851 1854
f 1853 1854 1855
f 1853 1626 1850
f 1853 1628 1626
f 1853 1855 1628
f 1856 1852 1627
f 1632 1856 1627
f 1855 1854 1857
f 1855 1857 1858
f 1628 1855 1633
f 1855 1858 1633
f 1632 1859 1856
f 1632 1635 1859
f 1860 1858 1857
f 1858 1860 1861
f 1633 1858 1636
f 1858 1861 1636
f 1859 1635 1862
f 1635 1639 1862
f 1863 1861 1860
f 1861 1863 1864
f 1636 1861 1640
f 1861 1864 1640
f 1862 1639 1865
f 1639 1642 1865
f 1866 1864 1863
f 1864 1866 1867
f 1640 1864 1643
f 1864 1867 1643
f 1865 1642 1868
f 1642 1646 1868
f 1869 1867 1866
f 1867 1869 1870
f 1643 1867 1647
f 1867 1870 1647
f 1868 1646 1871
f 1646 1649 1871
f 1870 1869 1872
f 1870 1872 1873
f 1647 1870 1650
f 1870 1873 1650
f 1871 1649 1874
f 1652 1874 1649
f 1875 1873 1872
f 1875 1872 1876
f 1873 1875 1650
f 1875 1654 1650
f 1652 1877 1874
f 1657 1877 1652
f 1878 1875 1876
f 1878 1876 1879
f 1878 1654 1875
f 1878 1659 1654
f 1661 1880 1657
f 1881 1877 1657
f 1881 1657 1882
f 1880 1882 1657
f 1879 1883 1878
f 1659 1878 1883
f 1659 1883 1884
f 1659 1884 1662
f 1880 1661 1885
f 1666 1886 1661
f 1885 1661 1886
f 1666 1665 1886
f 1882 1880 1886
f 1885 1886 1880
f 1884 1883 1887
f 1884 1887 1888
f 1884 1667 1662
f 1884 1888 1667
f 1886 1665 1889
f 1889 1665 1669
f 1890 1888 1887
f 1890 1887 1891
f 1890 1667 1888
f 1890 1671 1667
f 1673 1892 1669
f 1673 1674 1892
f 1893 1889 1669
f 1893 1669 1894
f 1892 1894 1669
f 1891 1895 1890
f 1671 1890 1895
f 1671 1895 1896
f 1671 1896 1675
f 1892 1674 1897
f 1897 1674 1677
f 1897 1894 1892
f 1898 1896 1895
f 1898 1675 1896
f 1898 1678 1675
f 1681 1899 1677
f 1681 1680 1899
f 1900 1897 1677
f 1900 1677 1901
f 1899 1901 1677
f 1898 1903 1678
f 1903 1898 1902
f 1903 1902 1904
f 1903 1684 1678
f 1682 1678 1684
f 1903 1904 1684
f 1688 1906 1680
f 1905 1680 1906
f 1899 1680 1906
f 1905 1906 1680
f 1906 1901 1899
f 1902 1907 1904
f 1684 1904 1907
f 1684 1907 1908
f 1684 1908 1689
f 1909 1688 1691
f 1910 1906 1688
f 1909 1910 1688
f 1907 1911 1908
f 1911 1912 1908
f 1689 1908 1912
f 1689 1912 1913
f 1911 1913 1912
f 1689 1913 1692
f 1696 1915 1691
f 1914 1691 1915
f 1915 1696 1695
f 1916 1909 1691
f 1916 1691 1915
f 1914 1915 1691
f 1911 1917 1913
f 1917 1692 1913
f 1917 1918 1692
f 1692 1918 1697
f 1702 1920 1695
f 1701 1919 1702
f 1920 1702 1919
f 1915 1695 1921
f 1921 1695 1920
f 1917 1922 1918
f 1697 1918 1922
f 1697 1922 1923
f 1697 1923 1703
f 1924 1701 1709
f 1920 1919 1925
f 1701 1925 1919
f 1924 1925 1701
f 1926 1923 1922
f 1926 1703 1923
f 1927 1703 1926
f 1927 1926 1928
f 1927 1929 1703
f 1705 1703 1929
f 1927 1928 1929
f 1705 1929 1710
f 1707 1715 1930
f 1930 1715 1714
f 1930 1932 1707
f 1931 1707 1932
f 1709 1707 1932
f 1931 1932 1707
f 1933 1924 1709
f 1932 1933 1709
f 1926 1934 1928
f 1934 1929 1928
f 1934 1935 1929
f 1935 1710 1929
f 1710 1935 1936
f 1716 1710 1937
f 1710 1936 1937
f 1716 1937 1717
f 1725 1726 1938
f 1938 1726 1724
f 1938 1939 1725
f 1939 1714 1725
f 1940 1714 1941
f 1939 1941 1714
f 1940 1930 1714
f 1940 1932 1930
f 1935 1942 1936
f 1942 1937 1936
f 1942 1943 1937
f 1943 1717 1937
f 1717 1943 1944
f 1718 1717 1944
f 1718 1944 1945
f 1727 1728 1946
f 1718 1945 1728
f 1946 1728 1945
f 1727 1946 1729
f 1947 1743 1742
f 1743 1947 1948
f 1723 1744 1949
f 1743 1948 1744
f 1949 1744 1948
f 1949 1950 1723
f 1950 1724 1723
f 1951 1724 1952
f 1950 1952 1724
f 1951 1938 1724
f 1951 1939 1938
f 1953 1945 1944
f 1953 1946 1945
f 1953 1954 1946
f 1954 1729 1946
f 1954 1955 1729
f 1729 1955 1731
f 1956 1731 1955
f 1732 1731 1956
f 1732 1956 1957
f 1734 1732 1957
f 1734 1957 1958
f 1736 1734 1958
f 1736 1958 1959
f 1738 1736 1959
f 1738 1959 1960
f 1739 1738 1960
f 1960 1961 1739
f 1740 1739 1961
f 1740 1961 1962
f 1742 1740 1962
f 1963 1742 1964
f 1962 1964 1742
f 1963 1947 1742
f 1949 1948 1963
f 1947 1963 1948
f 1967 1755 1757
f 1969 1970 1968
f 1969 1968 1967
f 1969 1967 1757
f 1969 1757 1746
f 1971 1972 1970
f 1971 1970 1969
f 1971 1969 1746
f 1971 1973 1972
f 1971 1745 1973
f 1971 1746 1745
f 1973 1974 1972
f 1973 1975 1974
f 1973 1747 1975
f 1747 1973 1745
f 1975 1965 1974
f 1975 1976 1965
f 1975 1748 1976
f 1748 1975 1747
f 1976 1977 1965
f 1976 1978 1977
f 1976 1749 1978
f 1749 1976 1748
f 1978 1979 1977
f 1978 1980 1979
f 1978 1750 1980
f 1750 1978 1749
f 1981 1982 1979
f 1981 1979 1980
f 1750 1981 1980
f 1981 1750 1751
f 1983 1984 1982
f 1983 1982 1981
f 1983 1981 1751
f 1983 1751 1767
f 1984 1983 1985
f 1985 1983 1767
f 1985 1767 1769
f 1769 1986 1985
f 1989 1990 1987
f 1989 1987 1753
f 1991 1966 1990
f 1991 1990 1989
f 1991 1989 1753
f 1991 1992 1966
f 1991 1752 1992
f 1991 1753 1752
f 1966 1992 1755
f 1992 1754 1755
f 1754 1992 1752
f 1769 1993 1986
f 1769 1770 1993
f 1994 1995 1986
f 1993 1994 1986
f 1770 1994 1993
f 1994 1996 1995
f 1994 1771 1996
f 1994 1770 1771
f 1997 1995 1996
f 1997 1996 1771
f 2001 1988 1999
f 2001 2002 1988
f 2001 1774 2002
f 2001 1999 1774
f 2002 1987 1988
f 2002 1773 1987
f 2002 1772 1773
f 2002 1774 1772
f 1773 1753 1987
f 1997 1771 1781
f 1781 1998 1997
f 1781 2003 1998
f 1781 1782 2003
f 2004 1998 2003
f 2004 2003 1782
f 2007 2000 2008
f 2007 2008 2006
f 2009 1999 2000
f 2009 2000 2007
f 2009 2007 1785
f 2009 1784 1999
f 2009 1783 1784
f 2009 1785 1783
f 1784 1774 1999
f 2004 1782 1789
f 2010 2011 2004
f 2005 2004 2011
f 1789 2010 2004
f 2010 2012 2011
f 2010 1790 2012
f 2010 1789 1790
f 2011 2012 2013
f 1790 2013 2012
f 2015 2006 2016
f 2015 2016 2014
f 2015 2014 1801
f 2015 2017 2006
f 2015 1791 2017
f 2015 1801 1791
f 2006 2017 2007
f 2017 1785 2007
f 2017 1792 1785
f 1792 2017 1791
f 1790 2018 2013
f 1790 1798 2018
f 2018 2019 2013
f 1798 2019 2018
f 2021 2014 2022
f 2021 2022 2020
f 2021 2020 1808
f 2021 1801 2014
f 2021 1799 1801
f 2021 1808 1799
f 2019 1798 2023
f 1798 1804 2023
f 2023 2024 2019
f 1804 2024 2023
f 2026 2020 2025
f 2026 2025 1814
f 2026 1808 2020
f 2026 1806 1808
f 2026 1814 1806
f 2024 1804 2027
f 1804 1811 2027
f 2027 2028 2024
f 1811 2028 2027
f 2030 2025 2031
f 2030 2031 2029
f 2030 2029 2032
f 2030 1814 2025
f 2030 1812 1814
f 2030 2032 1812
f 2028 1811 2033
f 1811 1817 2033
f 2033 2034 2028
f 1817 2034 2033
f 2035 2029 2036
f 2035 2036 2037
f 2035 2032 2029
f 2032 2035 1819
f 1812 2032 1818
f 2032 1819 1818
f 2034 1817 2038
f 2038 1817 1821
f 2038 2039 2034
f 1821 2039 2038
f 2041 2035 2037
f 2041 2037 2040
f 2041 2040 1823
f 2041 1819 2035
f 2041 1822 1819
f 2041 1823 1822
f 2042 2039 1821
f 2042 2043 2039
f 2042 2044 2043
f 2042 1821 2044
f 1828 2044 1821
f 2045 2040 2046
f 2045 2046 2047
f 2045 1830 2040
f 2045 2047 1830
f 1823 2040 1830
f 2044 1828 1832
f 2048 2043 2044
f 1832 2048 2044
f 2047 2046 2049
f 2047 2049 1834
f 2047 1833 1830
f 2047 1834 1833
f 1832 2050 2048
f 1832 2051 2050
f 1837 2051 1832
f 2052 2049 2053
f 2052 1839 2049
f 1834 2049 1839
f 2051 1837 1841
f 2054 2050 2051
f 2054 2051 2055
f 1841 2055 2051
f 2057 2052 2053
f 2057 2053 2056
f 2057 2056 2058
f 2057 1839 2052
f 2057 1842 1839
f 2057 2058 1842
f 2059 2060 1841
f 2055 1841 2060
f 2059 1841 2060
f 1844 2060 1841
f 2061 2058 2056
f 2058 2061 1846
f 1842 2058 1845
f 2058 1846 1845
f 2060 1844 2062
f 2062 1844 2063
f 1844 1849 2063
f 2062 2064 2060
f 2063 2064 2062
f 2065 1846 2061
f 2065 1851 1846
f 2063 1849 1852
f 2064 2063 2067
f 1852 2067 2063
f 2068 2065 2066
f 2068 2066 2069
f 2068 1851 2065
f 2068 1854 1851
f 2070 2067 1852
f 1856 2070 1852
f 2071 2068 2069
f 2071 2069 2072
f 2071 2072 2073
f 2071 1854 2068
f 2071 1857 1854
f 2071 2073 1857
f 2074 2070 1856
f 2074 1856 2075
f 1859 2075 1856
f 2073 2072 2076
f 2073 2076 2077
f 1857 2073 1860
f 2073 2077 1860
f 2074 2075 2078
f 2078 2075 1859
f 1862 2078 1859
f 2077 2076 2079
f 2077 2079 2080
f 1860 2077 1863
f 2077 2080 1863
f 2081 2078 1862
f 1865 2081 1862
f 2080 2079 2082
f 2080 2082 2083
f 1863 2080 1866
f 2080 2083 1866
f 2084 2081 1865
f 1868 2084 1865
f 2083 2082 2085
f 2083 2085 2086
f 1866 2083 1869
f 2083 2086 1869
f 2088 2087 2084
f 2088 2089 2087
f 2088 2084 1868
f 1871 2089 1868
f 2088 1868 2089
f 2090 2086 2085
f 2090 2085 2091
f 2086 2090 1869
f 2090 1872 1869
f 2087 2089 2092
f 2089 1874 2092
f 2089 1871 1874
f 2093 2090 2091
f 2093 2091 2094
f 2093 1872 2090
f 2093 1876 1872
f 2095 2092 1874
f 2095 1874 2096
f 1877 2096 1874
f 2094 2097 2093
f 2097 1876 2093
f 2097 1879 1876
f 1881 2099 1877
f 2098 1877 2099
f 1881 1882 2099
f 2096 1877 2100
f 2098 2100 1877
f 2099 2100 2098
f 1879 2097 2101
f 1879 2101 2102
f 1879 2102 1883
f 2099 1882 2103
f 1882 1886 2103
f 2100 2099 2103
f 2101 2104 2102
f 2104 2101 2105
f 2104 2105 2106
f 2102 2104 1883
f 2104 1887 1883
f 2104 2106 1887
f 2107 2108 2103
f 2107 1889 2108
f 2107 2103 1886
f 2107 1886 1889
f 2109 2106 2105
f 2109 1887 2106
f 2109 1891 1887
f 1893 2110 1889
f 1893 1894 2110
f 2111 2108 1889
f 2111 1889 2110
f 1891 2109 2112
f 1891 2112 2113
f 1891 2113 1895
f 2110 1894 2114
f 2114 1894 1897
f 2115 2113 2112
f 2115 1895 2113
f 2115 1898 1895
f 1900 2116 1897
f 1900 1901 2116
f 2117 2114 1897
f 2117 1897 2116
f 2115 2119 1898
f 2119 2115 2120
f 2118 2120 2115
f 2119 2120 2121
f 2119 1902 1898
f 2119 2121 1902
f 2122 2123 2116
f 2122 1906 2123
f 2122 2116 1901
f 2122 1901 1906
f 2120 2124 2121
f 1902 2121 2124
f 1902 2124 2125
f 1902 2125 1907
f 2126 1906 1910
f 2126 1910 1909
f 2127 2123 1906
f 2126 2127 1906
f 2124 2128 2125
f 2125 2128 1907
f 1907 2128 2129
f 1911 1907 2129
f 1916 2130 1909
f 1916 1915 2130
f 2131 2126 1909
f 2131 1909 2130
f 2128 2132 2129
f 2129 2132 1911
f 1911 2132 2133
f 1917 1911 2133
f 1915 1921 2134
f 1921 1920 2134
f 1915 2135 2130
f 1915 2134 2135
f 2132 2136 2133
f 2133 2136 1917
f 1917 2136 2137
f 1922 1917 2137
f 1920 1925 2138
f 2138 1925 1924
f 1920 2139 2134
f 1920 2138 2139
f 2136 2140 2137
f 2137 2140 1922
f 1922 2140 2141
f 1926 1922 2141
f 2142 1924 1933
f 2142 1933 1932
f 2138 1924 2143
f 2142 2143 1924
f 2144 2141 2140
f 2144 1926 2141
f 2145 1926 2144
f 2145 2144 2146
f 2145 2147 1926
f 1934 1926 2147
f 2145 2146 2147
f 1934 2147 1935
f 1940 1941 2148
f 2148 1941 1939
f 2149 2148 2150
f 2149 1940 2148
f 2149 2150 1932
f 2149 1932 1940
f 2151 2142 1932
f 2150 2151 1932
f 2146 2152 2147
f 2152 1935 2147
f 1935 2152 2153
f 1942 1935 2154
f 1935 2153 2154
f 1942 2154 1943
f 1951 1952 2155
f 2155 1952 1950
f 2155 2156 1951
f 2156 1939 1951
f 2148 1939 2157
f 2156 2157 1939
f 2158 2154 2159
f 2153 2159 2154
f 2158 1943 2154
f 2160 1943 2161
f 2158 2161 1943
f 2160 2161 1943
f 1944 1943 2161
f 1944 2161 2162
f 1953 1944 2163
f 2163 1944 2162
f 1953 2163 1954
f 1963 1964 2165
f 1962 2164 1964
f 2165 1964 2164
f 1963 2165 2166
f 1949 1963 2166
f 2167 2166 2168
f 2167 1949 2166
f 2167 2168 1950
f 2167 1950 1949
f 2155 1950 2169
f 2168 2169 1950
f 2170 2162 2161
f 2170 2163 2162
f 2171 2163 2170
f 2171 1954 2163
f 2171 2172 1954
f 2172 1955 1954
f 2172 2173 1955
f 2174 1955 2173
f 2174 1956 1955
f 2173 2175 2174
f 2175 1956 2174
f 1957 1956 2175
f 2176 1957 2175
f 1958 1957 2176
f 2177 1958 2176
f 1959 1958 2177
f 2178 2177 2179
f 2178 1959 2177
f 2178 2179 2180
f 1960 1959 2180
f 2178 2180 1959
f 2179 2181 2180
f 2180 2181 1961
f 2180 1961 1960
f 2182 1961 2183
f 2181 2183 1961
f 2182 1962 1961
f 2184 2164 2182
f 1962 2182 2164
f 2184 2165 2164
f 2165 2184 2166
f 2186 1968 1970
f 2187 2188 2186
f 2187 2186 1970
f 2187 1970 1972
f 2189 2190 2188
f 2189 2188 2187
f 2189 2187 1972
f 2189 1972 1974
f 2191 2192 2190
f 2191 2190 2189
f 2191 2189 1974
f 2191 1974 1965
f 2193 2194 2192
f 2193 2192 2191
f 1965 2193 2191
f 2193 1965 1977
f 2195 2196 2194
f 2195 2194 2193
f 2195 2193 1977
f 2195 1977 1979
f 2197 2198 2196
f 2197 2196 2195
f 2197 2195 1979
f 2197 1979 1982
f 2198 2197 2199
f 2199 2197 1982
f 2199 1982 1984
f 1984 2200 2199
f 2202 2201 2203
f 2202 2203 1990
f 2204 2205 2202
f 2204 2202 1990
f 2204 2206 2205
f 2204 1966 2206
f 2204 1990 1966
f 2206 2185 2205
f 2206 1755 2185
f 1755 2206 1966
f 2185 1755 1968
f 1755 1967 1968
f 1984 2207 2200
f 1984 1985 2207
f 2207 2208 2200
f 2207 2209 2208
f 2207 1986 2209
f 1986 2207 1985
f 2210 2211 2208
f 2210 2208 2209
f 1986 2210 2209
f 2210 1986 1995
f 2211 2210 2212
f 1995 2212 2210
f 2216 2201 2215
f 2216 2215 2214
f 2216 2214 1988
f 2216 1987 2201
f 2216 1988 1987
f 2201 1987 2203
f 1987 1990 2203
f 1995 1997 2212
f 2217 2218 2212
f 1997 2217 2212
f 2217 2219 2218
f 2217 1998 2219
f 2217 1997 1998
f 2218 2219 2220
f 2220 2219 2221
f 1998 2221 2219
f 2225 2213 2223
f 2225 2223 2222
f 2225 2222 2000
f 2225 1999 2213
f 2225 2000 1999
f 2213 1999 2214
f 1999 1988 2214
f 1998 2004 2221
f 2220 2221 2004
f 2226 2227 2220
f 2004 2226 2220
f 2226 2004 2011
f 2005 2011 2004
f 2228 2227 2226
f 2011 2228 2226
f 2230 2224 2231
f 2230 2231 2229
f 2230 2229 2016
f 2230 2016 2006
f 2008 2222 2224
f 2008 2224 2230
f 2006 2008 2230
f 2008 2000 2222
f 2011 2232 2228
f 2011 2013 2232
f 2233 2234 2232
f 2228 2232 2234
f 2013 2233 2232
f 2236 2229 2237
f 2236 2237 2235
f 2236 2235 2022
f 2236 2016 2229
f 2236 2014 2016
f 2236 2022 2014
f 2233 2013 2238
f 2013 2019 2238
f 2238 2239 2233
f 2019 2239 2238
f 2241 2235 2240
f 2241 2240 2020
f 2241 2022 2235
f 2241 2020 2022
f 2239 2019 2242
f 2019 2024 2242
f 2242 2243 2239
f 2024 2243 2242
f 2245 2240 2244
f 2245 2244 2031
f 2245 2246 2240
f 2245 2025 2246
f 2245 2031 2025
f 2246 2020 2240
f 2025 2020 2246
f 2243 2024 2247
f 2024 2028 2247
f 2247 2248 2243
f 2028 2248 2247
f 2249 2244 2250
f 2249 2250 2251
f 2249 2251 2252
f 2249 2252 2029
f 2249 2031 2244
f 2029 2031 2249
f 2248 2028 2253
f 2028 2034 2253
f 2254 2248 2255
f 2253 2255 2248
f 2255 2253 2034
f 2036 2252 2251
f 2036 2251 2256
f 2036 2256 2037
f 2252 2036 2029
f 2255 2034 2258
f 2258 2034 2039
f 2259 2255 2258
f 2039 2259 2258
f 2261 2256 2257
f 2261 2257 2260
f 2261 2260 2040
f 2261 2037 2256
f 2261 2040 2037
f 2262 2263 2039
f 2259 2039 2263
f 2262 2039 2263
f 2043 2263 2039
f 2264 2040 2260
f 2040 2264 2046
f 2263 2043 2266
f 2266 2043 2048
f 2266 2267 2263
f 2048 2267 2266
f 2269 2264 2265
f 2269 2265 2268
f 2269 2268 2049
f 2269 2046 2264
f 2269 2049 2046
f 2270 2271 2048
f 2267 2048 2271
f 2270 2048 2271
f 2050 2271 2048
f 2272 2273 2268
f 2272 2053 2273
f 2273 2049 2268
f 2049 2273 2053
f 2271 2050 2274
f 2054 2055 2050
f 2274 2050 2055
f 2274 2275 2271
f 2055 2275 2274
f 2276 2272 2277
f 2276 2277 2278
f 2276 2053 2272
f 2276 2056 2053
f 2276 2278 2056
f 2279 2275 2055
f 2279 2055 2060
f 2278 2277 2280
f 2278 2280 2061
f 2056 2278 2061
f 2279 2060 2281
f 2060 2064 2281
f 2282 2061 2280
f 2061 2282 2066
f 2061 2066 2065
f 2281 2064 2283
f 2283 2064 2284
f 2064 2067 2284
f 2283 2285 2281
f 2284 2285 2283
f 2286 2066 2282
f 2286 2069 2066
f 2284 2067 2070
f 2285 2284 2287
f 2070 2287 2284
f 2288 2286 2289
f 2288 2069 2286
f 2288 2072 2069
f 2290 2287 2070
f 2074 2290 2070
f 2291 2288 2289
f 2291 2289 2292
f 2291 2072 2288
f 2291 2076 2072
f 2293 2290 2074
f 2078 2293 2074
f 2294 2291 2292
f 2294 2292 2295
f 2294 2076 2291
f 2294 2079 2076
f 2296 2293 2078
f 2081 2296 2078
f 2297 2294 2295
f 2297 2295 2298
f 2294 2297 2079
f 2297 2082 2079
f 2299 2296 2081
f 2084 2299 2081
f 2300 2297 2298
f 2300 2298 2301
f 2300 2082 2297
f 2300 2085 2082
f 2302 2299 2084
f 2087 2302 2084
f 2303 2300 2301
f 2303 2301 2304
f 2303 2085 2300
f 2303 2091 2085
f 2305 2302 2087
f 2305 2087 2306
f 2092 2306 2087
f 2304 2307 2303
f 2307 2091 2303
f 2307 2094 2091
f 2095 2309 2092
f 2308 2092 2309
f 2095 2096 2309
f 2306 2092 2310
f 2308 2310 2092
f 2309 2310 2308
f 2094 2307 2311
f 2094 2311 2312
f 2094 2312 2097
f 2309 2096 2313
f 2096 2100 2313
f 2310 2309 2313
f 2312 2311 2314
f 2312 2314 2315
f 2097 2312 2101
f 2312 2315 2101
f 2316 2317 2313
f 2316 2103 2317
f 2316 2313 2100
f 2316 2100 2103
f 2318 2315 2314
f 2318 2314 2319
f 2315 2318 2101
f 2318 2105 2101
f 2317 2103 2320
f 2103 2321 2320
f 2108 2321 2103
f 2319 2322 2318
f 2105 2318 2322
f 2105 2322 2109
f 2111 2324 2108
f 2323 2108 2324
f 2111 2110 2324
f 2321 2108 2324
f 2323 2324 2108
f 2322 2325 2109
f 2325 2322 2326
f 2325 2326 2327
f 2325 2112 2109
f 2325 2327 2112
f 2328 2329 2324
f 2328 2330 2329
f 2328 2114 2330
f 2328 2324 2110
f 2328 2110 2114
f 2326 2331 2327
f 2331 2332 2327
f 2112 2327 2332
f 2112 2332 2115
f 2331 2115 2332
f 2117 2334 2114
f 2333 2114 2334
f 2117 2116 2334
f 2330 2114 2334
f 2333 2334 2114
f 2331 2335 2115
f 2335 2331 2336
f 2335 2120 2115
f 2118 2115 2120
f 2337 2338 2334
f 2337 2339 2338
f 2123 2339 2116
f 2337 2116 2339
f 2337 2334 2116
f 2336 2340 2335
f 2340 2120 2335
f 2120 2340 2341
f 2120 2341 2124
f 2342 2123 2127
f 2342 2127 2126
f 2342 2339 2123
f 2343 2341 2344
f 2340 2344 2341
f 2341 2343 2124
f 2124 2343 2345
f 2128 2124 2345
f 2131 2346 2126
f 2131 2130 2346
f 2347 2342 2126
f 2347 2126 2346
f 2343 2348 2345
f 2345 2348 2128
f 2128 2348 2349
f 2132 2128 2349
f 2130 2135 2350
f 2135 2134 2350
f 2130 2351 2346
f 2130 2350 2351
f 2348 2352 2349
f 2349 2352 2132
f 2132 2352 2353
f 2136 2132 2353
f 2134 2139 2354
f 2139 2138 2354
f 2134 2355 2350
f 2134 2354 2355
f 2352 2356 2353
f 2353 2356 2136
f 2136 2356 2357
f 2140 2136 2357
f 2138 2143 2358
f 2358 2143 2142
f 2138 2359 2354
f 2138 2358 2359
f 2360 2357 2361
f 2356 2361 2357
f 2357 2360 2140
f 2362 2140 2360
f 2144 2140 2362
f 2363 2142 2151
f 2363 2151 2150
f 2358 2142 2364
f 2363 2364 2142
f 2360 2365 2362
f 2365 2144 2362
f 2366 2144 2367
f 2365 2367 2144
f 2366 2367 2144
f 2146 2144 2367
f 2146 2367 2368
f 2146 2368 2152
f 2148 2157 2370
f 2156 2369 2157
f 2370 2157 2369
f 2371 2372 2373
f 2371 2370 2372
f 2371 2148 2370
f 2150 2148 2373
f 2371 2373 2148
f 2373 2363 2150
f 2374 2368 2367
f 2374 2152 2368
f 2375 2152 2376
f 2374 2376 2152
f 2375 2376 2152
f 2153 2152 2376
f 2153 2376 2377
f 2153 2377 2159
f 2158 2159 2377
f 2155 2169 2378
f 2168 2378 2169
f 2379 2380 2381
f 2379 2378 2380
f 2379 2155 2378
f 2379 2381 2156
f 2379 2156 2155
f 2370 2369 2381
f 2156 2381 2369
f 2382 2377 2376
f 2382 2158 2377
f 2382 2383 2158
f 2158 2383 2161
f 2161 2383 2384
f 2170 2161 2384
f 2170 2384 2385
f 2171 2170 2386
f 2386 2170 2385
f 2171 2386 2172
f 2182 2183 2388
f 2181 2387 2183
f 2388 2183 2387
f 2182 2388 2389
f 2184 2182 2389
f 2390 2389 2391
f 2390 2184 2389
f 2390 2391 2166
f 2390 2166 2184
f 2166 2392 2393
f 2391 2392 2166
f 2168 2166 2393
f 2168 2393 2378
f 2394 2385 2384
f 2394 2386 2385
f 2395 2386 2394
f 2395 2172 2386
f 2395 2396 2172
f 2396 2173 2172
f 2396 2397 2173
f 2397 2175 2173
f 2397 2398 2175
f 2398 2176 2175
f 2398 2399 2176
f 2399 2177 2176
f 2399 2400 2177
f 2400 2179 2177
f 2401 2179 2402
f 2400 2402 2179
f 2401 2181 2179
f 2403 2387 2401
f 2181 2401 2387
f 2403 2388 2387
f 2388 2403 2389
f 2407 2406 2408
f 2407 2408 2190
f 2409 2407 2190
f 2409 2190 2192
f 2410 2409 2192
f 2410 2192 2194
f 2194 2411 2410
f 2417 2418 2416
f 2417 2416 2205
f 2417 2419 2418
f 2417 2185 2419
f 2417 2205 2185
f 2419 2405 2418
f 2419 2420 2405
f 2419 1968 2420
f 1968 2419 2185
f 2420 2404 2405
f 2420 2421 2404
f 2420 2186 2421
f 2186 2420 1968
f 2404 2186 2406
f 2421 2186 2404
f 2186 2188 2406
f 2406 2188 2408
f 2188 2190 2408
f 2194 2196 2411
f 2411 2196 2412
f 2196 2198 2412
f 2198 2413 2412
f 2198 2422 2413
f 2198 2199 2422
f 2422 2423 2413
f 2422 2424 2423
f 2422 2200 2424
f 2200 2422 2199
f 2425 2426 2423
f 2425 2423 2424
f 2200 2425 2424
f 2425 2200 2208
f 2426 2425 2427
f 2427 2425 2428
f 2208 2428 2425
f 2431 2415 2429
f 2431 2429 2215
f 2431 2432 2415
f 2431 2201 2432
f 2431 2215 2201
f 2432 2414 2415
f 2432 2202 2414
f 2202 2432 2201
f 2414 2202 2416
f 2202 2205 2416
f 2208 2211 2428
f 2427 2428 2211
f 2211 2433 2427
f 2211 2434 2433
f 2211 2212 2434
f 2435 2433 2434
f 2212 2435 2434
f 2435 2212 2218
f 2218 2436 2435
f 2438 2430 2223
f 2438 2439 2430
f 2438 2213 2439
f 2438 2223 2213
f 2439 2429 2430
f 2439 2215 2429
f 2439 2214 2215
f 2214 2439 2213
f 2218 2440 2436
f 2218 2220 2440
f 2441 2436 2440
f 2220 2441 2440
f 2445 2223 2437
f 2445 2437 2443
f 2445 2443 2224
f 2445 2222 2223
f 2445 2224 2222
f 2441 2220 2227
f 2227 2446 2441
f 2442 2441 2446
f 2227 2447 2446
f 2227 2228 2447
f 2448 2446 2447
f 2228 2448 2447
f 2450 2444 2451
f 2450 2451 2449
f 2450 2449 2237
f 2450 2237 2229
f 2231 2443 2444
f 2231 2444 2450
f 2229 2231 2450
f 2231 2224 2443
f 2228 2452 2448
f 2228 2234 2452
f 2233 2452 2234
f 2453 2448 2452
f 2233 2453 2452
f 2455 2449 2456
f 2455 2456 2454
f 2455 2454 2235
f 2455 2237 2449
f 2455 2235 2237
f 2453 2233 2457
f 2233 2239 2457
f 2457 2458 2453
f 2239 2458 2457
f 2460 2454 2461
f 2460 2461 2459
f 2460 2459 2240
f 2460 2462 2454
f 2460 2240 2462
f 2462 2235 2454
f 2240 2235 2462
f 2458 2239 2463
f 2239 2243 2463
f 2463 2464 2458
f 2243 2464 2463
f 2465 2459 2466
f 2465 2466 2467
f 2465 2467 2468
f 2465 2468 2244
f 2465 2240 2459
f 2244 2240 2465
f 2464 2243 2469
f 2243 2248 2469
f 2469 2470 2464
f 2248 2470 2469
f 2250 2468 2467
f 2250 2467 2471
f 2250 2471 2251
f 2468 2250 2244
f 2248 2473 2470
f 2254 2255 2248
f 2473 2248 2255
f 2474 2470 2473
f 2255 2474 2473
f 2475 2471 2472
f 2475 2472 2257
f 2475 2251 2471
f 2475 2256 2251
f 2475 2257 2256
f 2255 2476 2474
f 2255 2477 2476
f 2259 2477 2255
f 2478 2257 2479
f 2478 2479 2480
f 2478 2260 2257
f 2478 2480 2260
f 2259 2263 2477
f 2481 2476 2477
f 2481 2477 2482
f 2263 2482 2477
f 2480 2479 2483
f 2480 2483 2265
f 2260 2480 2264
f 2480 2265 2264
f 2263 2484 2482
f 2481 2482 2484
f 2484 2263 2485
f 2263 2267 2485
f 2486 2481 2484
f 2485 2486 2484
f 2487 2483 2488
f 2487 2488 2489
f 2487 2265 2483
f 2487 2268 2265
f 2487 2489 2268
f 2267 2271 2485
f 2490 2486 2485
f 2490 2485 2271
f 2489 2488 2491
f 2489 2491 2272
f 2268 2489 2272
f 2490 2271 2492
f 2271 2275 2492
f 2493 2272 2491
f 2272 2493 2277
f 2492 2275 2494
f 2494 2275 2279
f 2494 2495 2492
f 2279 2495 2494
f 2496 2493 2497
f 2496 2497 2498
f 2496 2277 2493
f 2496 2280 2277
f 2496 2498 2280
f 2499 2495 2279
f 2499 2279 2281
f 2498 2497 2500
f 2498 2500 2501
f 2280 2498 2282
f 2498 2501 2282
f 2499 2281 2502
f 2285 2502 2281
f 2501 2500 2503
f 2501 2503 2504
f 2282 2501 2286
f 2501 2504 2286
f 2285 2505 2502
f 2285 2287 2505
f 2503 2286 2504
f 2506 2286 2503
f 2286 2506 2289
f 2505 2287 2507
f 2290 2508 2287
f 2507 2287 2508
f 2507 2508 2505
f 2509 2510 2506
f 2509 2292 2510
f 2510 2289 2506
f 2289 2510 2292
f 2508 2290 2511
f 2293 2512 2290
f 2511 2290 2512
f 2511 2513 2508
f 2512 2513 2511
f 2514 2292 2509
f 2514 2295 2292
f 2296 2515 2293
f 2512 2293 2515
f 2513 2512 2516
f 2515 2516 2512
f 2517 2295 2514
f 2517 2298 2295
f 2299 2518 2296
f 2515 2296 2518
f 2516 2515 2519
f 2518 2519 2515
f 2298 2517 2520
f 2298 2520 2301
f 2518 2299 2521
f 2302 2522 2299
f 2521 2299 2522
f 2519 2518 2522
f 2521 2522 2518
f 2523 2301 2520
f 2301 2523 2304
f 2522 2302 2524
f 2305 2525 2302
f 2524 2302 2525
f 2305 2306 2525
f 2524 2525 2522
f 2304 2523 2526
f 2304 2526 2527
f 2304 2527 2307
f 2525 2306 2528
f 2310 2528 2306
f 2527 2526 2529
f 2527 2529 2530
f 2307 2527 2311
f 2527 2530 2311
f 2532 2531 2528
f 2532 2313 2531
f 2532 2528 2310
f 2532 2310 2313
f 2533 2530 2529
f 2533 2529 2534
f 2530 2533 2311
f 2533 2314 2311
f 2531 2313 2535
f 2313 2536 2535
f 2317 2536 2313
f 2534 2537 2533
f 2537 2538 2533
f 2314 2533 2538
f 2314 2538 2319
f 2537 2319 2538
f 2320 2540 2317
f 2539 2317 2540
f 2320 2321 2540
f 2536 2317 2540
f 2539 2540 2317
f 2319 2537 2541
f 2319 2541 2542
f 2319 2542 2322
f 2543 2540 2321
f 2543 2321 2324
f 2544 2542 2541
f 2542 2544 2322
f 2544 2326 2322
f 2324 2329 2545
f 2329 2330 2545
f 2543 2324 2546
f 2324 2547 2546
f 2545 2547 2324
f 2548 2326 2544
f 2326 2548 2549
f 2326 2549 2331
f 2545 2330 2550
f 2334 2551 2330
f 2550 2330 2551
f 2550 2547 2545
f 2552 2549 2548
f 2549 2552 2331
f 2331 2552 2336
f 2334 2338 2553
f 2338 2339 2553
f 2550 2551 2554
f 2334 2554 2551
f 2334 2555 2554
f 2553 2555 2334
f 2336 2552 2557
f 2556 2557 2552
f 2336 2557 2558
f 2336 2558 2340
f 2559 2560 2555
f 2559 2342 2560
f 2553 2339 2555
f 2559 2555 2339
f 2559 2339 2342
f 2557 2561 2558
f 2561 2340 2558
f 2340 2561 2562
f 2340 2562 2344
f 2343 2344 2562
f 2563 2342 2347
f 2346 2563 2347
f 2563 2560 2342
f 2564 2562 2561
f 2562 2564 2343
f 2343 2564 2565
f 2348 2343 2565
f 2346 2351 2566
f 2351 2350 2566
f 2346 2567 2563
f 2346 2566 2567
f 2564 2568 2565
f 2565 2568 2348
f 2348 2568 2569
f 2352 2348 2569
f 2350 2355 2570
f 2355 2354 2570
f 2350 2571 2566
f 2350 2570 2571
f 2568 2572 2569
f 2569 2572 2352
f 2352 2572 2573
f 2356 2352 2573
f 2354 2359 2574
f 2359 2358 2574
f 2354 2575 2570
f 2354 2574 2575
f 2572 2576 2573
f 2573 2576 2356
f 2577 2356 2576
f 2356 2577 2361
f 2360 2361 2577
f 2358 2364 2578
f 2578 2364 2363
f 2358 2579 2574
f 2358 2578 2579
f 2576 2580 2577
f 2580 2360 2577
f 2360 2580 2581
f 2365 2360 2582
f 2360 2581 2582
f 2367 2365 2582
f 2373 2372 2583
f 2372 2370 2583
f 2584 2586 2585
f 2583 2586 2373
f 2584 2373 2586
f 2584 2585 2363
f 2584 2363 2373
f 2585 2578 2363
f 2581 2587 2582
f 2588 2367 2587
f 2582 2587 2367
f 2588 2587 2367
f 2589 2367 2587
f 2374 2367 2590
f 2590 2367 2589
f 2376 2374 2590
f 2381 2380 2591
f 2380 2378 2591
f 2591 2592 2381
f 2370 2381 2593
f 2592 2593 2381
f 2370 2594 2586
f 2592 2594 2593
f 2370 2593 2594
f 2583 2370 2586
f 2587 2595 2589
f 2595 2590 2589
f 2595 2596 2590
f 2590 2596 2376
f 2376 2596 2597
f 2382 2376 2597
f 2382 2597 2598
f 2382 2598 2383
f 2393 2392 2600
f 2391 2599 2392
f 2600 2392 2599
f 2601 2393 2600
f 2378 2393 2602
f 2601 2602 2393
f 2378 2603 2604
f 2601 2603 2602
f 2378 2602 2603
f 2591 2378 2604
f 2604 2592 2591
f 2605 2598 2597
f 2605 2383 2598
f 2605 2606 2383
f 2383 2606 2384
f 2606 2607 2384
f 2394 2384 2607
f 2608 2394 2607
f 2395 2394 2608
f 2395 2608 2609
f 2395 2609 2396
f 2610 2396 2609
f 2396 2610 2611
f 2396 2611 2397
f 2612 2397 2611
f 2397 2612 2398
f 2613 2398 2612
f 2398 2613 2399
f 2614 2399 2613
f 2399 2614 2615
f 2399 2615 2400
f 2616 2400 2615
f 2400 2616 2617
f 2401 2402 2617
f 2400 2617 2402
f 2617 2618 2401
f 2403 2401 2618
f 2619 2618 2620
f 2619 2403 2618
f 2619 2620 2389
f 2619 2389 2403
f 2389 2621 2622
f 2620 2621 2389
f 2391 2389 2622
f 2600 2599 2622
f 2391 2622 2599
f 2610 2609 2608
f 2623 2611 2610
f 2623 2612 2611
f 2624 2612 2623
f 2624 2613 2612
f 2625 2613 2624
f 2625 2614 2613
f 2616 2615 2625
f 2614 2625 2615
f 2628 2627 2418
f 2628 2418 2405
f 2630 2631 2629
f 2630 2629 2628
f 2630 2628 2405
f 2630 2405 2404
f 2632 2633 2631
f 2632 2631 2630
f 2404 2632 2630
f 2632 2634 2633
f 2632 2406 2634
f 2406 2632 2404
f 2634 2635 2633
f 2634 2636 2635
f 2634 2407 2636
f 2407 2634 2406
f 2636 2637 2635
f 2636 2638 2637
f 2636 2409 2638
f 2409 2636 2407
f 2638 2639 2637
f 2638 2640 2639
f 2638 2410 2640
f 2410 2638 2409
f 2640 2641 2639
f 2640 2642 2641
f 2640 2411 2642
f 2411 2640 2410
f 2643 2644 2641
f 2643 2641 2642
f 2411 2643 2642
f 2643 2645 2644
f 2643 2412 2645
f 2412 2643 2411
f 2646 2647 2644
f 2646 2644 2645
f 2412 2646 2645
f 2646 2412 2413
f 2647 2646 2648
f 2648 2646 2413
f 2648 2413 2423
f 2423 2649 2648
f 2652 2653 2651
f 2652 2651 2415
f 2652 2654 2653
f 2652 2414 2654
f 2652 2415 2414
f 2654 2626 2653
f 2654 2655 2626
f 2654 2416 2655
f 2416 2654 2414
f 2626 2416 2627
f 2655 2416 2626
f 2416 2418 2627
f 2423 2426 2649
f 2426 2656 2649
f 2426 2657 2656
f 2426 2427 2657
f 2658 2659 2656
f 2658 2656 2657
f 2427 2658 2657
f 2658 2427 2433
f 2659 2658 2660
f 2433 2660 2658
f 2664 2650 2662
f 2664 2662 2661
f 2664 2661 2430
f 2664 2665 2650
f 2664 2429 2665
f 2664 2430 2429
f 2650 2429 2651
f 2665 2429 2650
f 2429 2415 2651
f 2433 2435 2660
f 2666 2667 2660
f 2435 2666 2660
f 2666 2435 2436
f 2668 2667 2666
f 2436 2668 2666
f 2671 2663 2669
f 2671 2669 2437
f 2671 2223 2663
f 2671 2437 2223
f 2223 2661 2663
f 2223 2430 2661
f 2436 2672 2668
f 2441 2672 2436
f 2673 2668 2672
f 2441 2673 2672
f 2673 2441 2446
f 2442 2446 2441
f 2446 2674 2673
f 2677 2669 2670
f 2677 2670 2675
f 2677 2675 2444
f 2677 2437 2669
f 2677 2443 2437
f 2677 2444 2443
f 2674 2446 2678
f 2446 2679 2678
f 2446 2448 2679
f 2680 2678 2679
f 2448 2680 2679
f 2682 2676 2683
f 2682 2683 2681
f 2682 2681 2456
f 2682 2456 2449
f 2451 2675 2676
f 2451 2676 2682
f 2449 2451 2682
f 2451 2444 2675
f 2448 2684 2680
f 2453 2684 2448
f 2680 2684 2685
f 2453 2685 2684
f 2687 2681 2688
f 2687 2688 2686
f 2687 2686 2461
f 2687 2461 2454
f 2687 2456 2681
f 2454 2456 2687
f 2685 2453 2689
f 2453 2458 2689
f 2689 2690 2685
f 2458 2690 2689
f 2691 2686 2692
f 2691 2692 2693
f 2691 2693 2694
f 2691 2694 2459
f 2691 2461 2686
f 2459 2461 2691
f 2690 2458 2695
f 2458 2464 2695
f 2695 2696 2690
f 2696 2695 2697
f 2464 2697 2695
f 2466 2694 2693
f 2466 2693 2698
f 2466 2698 2467
f 2694 2466 2459
f 2464 2700 2697
f 2696 2697 2700
f 2700 2464 2470
f 2701 2696 2700
f 2470 2701 2700
f 2703 2698 2699
f 2703 2699 2702
f 2703 2702 2472
f 2703 2467 2698
f 2703 2471 2467
f 2703 2472 2471
f 2701 2470 2704
f 2470 2705 2704
f 2474 2705 2470
f 2706 2704 2705
f 2707 2702 2708
f 2707 2708 2257
f 2707 2472 2702
f 2707 2257 2472
f 2709 2706 2705
f 2474 2709 2705
f 2476 2709 2474
f 2257 2708 2710
f 2257 2710 2479
f 2476 2712 2709
f 2712 2476 2481
f 2713 2709 2712
f 2481 2713 2712
f 2715 2710 2711
f 2715 2711 2714
f 2715 2714 2716
f 2715 2479 2710
f 2715 2483 2479
f 2715 2716 2483
f 2717 2713 2481
f 2486 2717 2481
f 2714 2483 2716
f 2718 2483 2714
f 2483 2718 2488
f 2486 2719 2717
f 2719 2486 2490
f 2720 2717 2719
f 2490 2720 2719
f 2721 2718 2722
f 2721 2722 2723
f 2721 2488 2718
f 2721 2491 2488
f 2721 2723 2491
f 2724 2720 2490
f 2724 2490 2725
f 2492 2725 2490
f 2723 2722 2726
f 2723 2726 2727
f 2491 2723 2493
f 2723 2727 2493
f 2724 2725 2728
f 2492 2728 2725
f 2492 2495 2728
f 2726 2493 2727
f 2729 2493 2726
f 2493 2729 2497
f 2728 2495 2730
f 2730 2495 2499
f 2730 2731 2728
f 2499 2731 2730
f 2732 2497 2729
f 2732 2500 2497
f 2734 2499 2502
f 2731 2499 2735
f 2734 2735 2499
f 2502 2735 2734
f 2736 2732 2733
f 2736 2733 2737
f 2736 2500 2732
f 2736 2503 2500
f 2738 2735 2502
f 2738 2502 2505
f 2739 2736 2737
f 2739 2737 2740
f 2739 2740 2741
f 2736 2739 2503
f 2503 2739 2506
f 2739 2741 2506
f 2738 2505 2742
f 2743 2742 2505
f 2743 2744 2742
f 2508 2744 2505
f 2743 2505 2744
f 2741 2740 2745
f 2741 2745 2746
f 2506 2741 2509
f 2741 2746 2509
f 2742 2744 2747
f 2747 2744 2508
f 2513 2747 2508
f 2746 2745 2748
f 2746 2748 2749
f 2509 2746 2514
f 2746 2749 2514
f 2750 2747 2513
f 2516 2750 2513
f 2749 2748 2751
f 2749 2751 2752
f 2514 2749 2517
f 2749 2752 2517
f 2753 2750 2516
f 2519 2753 2516
f 2752 2751 2754
f 2752 2754 2755
f 2517 2752 2520
f 2752 2755 2520
f 2757 2756 2753
f 2757 2753 2519
f 2522 2757 2519
f 2758 2755 2754
f 2758 2754 2759
f 2758 2759 2760
f 2755 2758 2520
f 2520 2758 2523
f 2758 2760 2523
f 2756 2757 2761
f 2762 2761 2757
f 2762 2525 2761
f 2762 2757 2522
f 2762 2522 2525
f 2763 2760 2759
f 2763 2759 2764
f 2760 2763 2523
f 2763 2526 2523
f 2761 2525 2765
f 2525 2766 2765
f 2525 2528 2766
f 2764 2767 2763
f 2767 2526 2763
f 2767 2529 2526
f 2766 2528 2768
f 2531 2768 2528
f 2529 2767 2769
f 2529 2769 2534
f 2535 2770 2531
f 2535 2536 2770
f 2768 2531 2770
f 2534 2769 2771
f 2534 2771 2772
f 2534 2772 2537
f 2773 2774 2770
f 2773 2770 2536
f 2540 2773 2536
f 2775 2772 2771
f 2775 2771 2776
f 2772 2775 2537
f 2775 2541 2537
f 2774 2773 2777
f 2540 2777 2773
f 2540 2778 2777
f 2543 2778 2540
f 2776 2779 2775
f 2541 2775 2779
f 2541 2779 2544
f 2780 2543 2546
f 2547 2780 2546
f 2780 2778 2543
f 2779 2781 2544
f 2781 2779 2782
f 2781 2548 2544
f 2784 2783 2780
f 2784 2785 2783
f 2784 2550 2785
f 2784 2780 2547
f 2784 2547 2550
f 2782 2786 2781
f 2786 2548 2781
f 2548 2786 2787
f 2552 2548 2787
f 2788 2550 2554
f 2555 2788 2554
f 2788 2785 2550
f 2789 2787 2786
f 2787 2789 2552
f 2789 2557 2552
f 2556 2552 2557
f 2555 2560 2790
f 2555 2791 2788
f 2555 2792 2791
f 2790 2792 2555
f 2793 2557 2789
f 2793 2794 2557
f 2557 2794 2795
f 2557 2795 2561
f 2790 2560 2792
f 2796 2792 2560
f 2796 2560 2563
f 2794 2797 2795
f 2797 2561 2795
f 2561 2797 2798
f 2564 2561 2798
f 2799 2563 2567
f 2566 2800 2567
f 2799 2567 2800
f 2799 2796 2563
f 2797 2801 2798
f 2798 2801 2564
f 2564 2801 2802
f 2568 2564 2802
f 2566 2571 2803
f 2570 2803 2571
f 2799 2800 2804
f 2566 2804 2800
f 2566 2803 2804
f 2801 2805 2802
f 2802 2805 2568
f 2568 2805 2806
f 2572 2568 2806
f 2570 2575 2807
f 2574 2807 2575
f 2570 2808 2803
f 2570 2807 2808
f 2809 2806 2805
f 2810 2572 2809
f 2806 2809 2572
f 2810 2809 2572
f 2811 2572 2809
f 2572 2811 2576
f 2574 2579 2813
f 2812 2813 2579
f 2812 2579 2578
f 2574 2814 2807
f 2812 2814 2813
f 2574 2813 2814
f 2809 2815 2811
f 2815 2576 2811
f 2815 2816 2576
f 2576 2816 2817
f 2580 2576 2817
f 2585 2586 2818
f 2818 2820 2585
f 2819 2585 2820
f 2819 2578 2585
f 2819 2812 2578
f 2816 2821 2817
f 2817 2822 2580
f 2821 2822 2817
f 2822 2581 2580
f 2823 2581 2822
f 2581 2823 2587
f 2586 2594 2824
f 2824 2594 2592
f 2586 2825 2820
f 2586 2824 2825
f 2818 2586 2820
f 2822 2826 2823
f 2826 2587 2823
f 2826 2827 2587
f 2827 2595 2587
f 2828 2595 2827
f 2595 2828 2596
f 2604 2603 2829
f 2829 2603 2601
f 2830 2831 2832
f 2830 2829 2831
f 2830 2604 2829
f 2830 2832 2592
f 2830 2592 2604
f 2832 2824 2592
f 2827 2833 2828
f 2833 2596 2828
f 2833 2834 2596
f 2835 2597 2834
f 2596 2834 2597
f 2835 2834 2836
f 2835 2836 2597
f 2605 2597 2836
f 2605 2836 2837
f 2605 2837 2606
f 2606 2838 2607
f 2622 2621 2839
f 2620 2839 2621
f 2840 2839 2841
f 2840 2622 2839
f 2600 2622 2840
f 2600 2842 2843
f 2841 2842 2840
f 2600 2840 2842
f 2601 2600 2843
f 2843 2829 2601
f 2844 2837 2836
f 2844 2606 2837
f 2845 2838 2844
f 2606 2844 2838
f 2845 2607 2838
f 2845 2846 2607
f 2847 2607 2846
f 2847 2608 2607
f 2846 2848 2847
f 2847 2848 2849
f 2610 2608 2849
f 2847 2849 2608
f 2848 2850 2849
f 2850 2610 2849
f 2623 2610 2850
f 2851 2623 2850
f 2624 2623 2851
f 2852 2624 2851
f 2625 2624 2852
f 2853 2852 2854
f 2853 2625 2852
f 2616 2625 2853
f 2854 2856 2853
f 2855 2853 2856
f 2855 2616 2853
f 2855 2856 2857
f 2617 2616 2857
f 2855 2857 2616
f 2857 2858 2859
f 2856 2858 2857
f 2857 2859 2618
f 2857 2618 2617
f 2860 2618 2859
f 2860 2620 2618
f 2620 2860 2839
f 2863 2862 2631
f 2863 2631 2633
f 2864 2863 2633
f 2864 2633 2635
f 2865 2864 2866
f 2866 2864 2635
f 2866 2635 2637
f 2867 2866 2868
f 2868 2866 2637
f 2868 2637 2639
f 2869 2868 2870
f 2870 2868 2639
f 2870 2639 2641
f 2871 2870 2641
f 2871 2641 2644
f 2644 2872 2871
f 2875 2873 2653
f 2875 2653 2626
f 2877 2878 2876
f 2877 2876 2875
f 2626 2877 2875
f 2877 2879 2878
f 2877 2627 2879
f 2627 2877 2626
f 2879 2861 2878
f 2879 2629 2861
f 2879 2628 2629
f 2628 2879 2627
f 2861 2629 2862
f 2629 2631 2862
f 2644 2647 2872
f 2647 2880 2872
f 2647 2648 2880
f 2881 2882 2880
f 2881 2880 2648
f 2881 2883 2882
f 2881 2649 2883
f 2649 2881 2648
f 2884 2882 2883
f 2649 2884 2883
f 2884 2649 2656
f 2656 2885 2884
f 2887 2886 2662
f 2887 2662 2650
f 2889 2874 2888
f 2889 2888 2887
f 2650 2889 2887
f 2889 2890 2874
f 2889 2651 2890
f 2651 2889 2650
f 2651 2873 2874
f 2651 2874 2890
f 2651 2653 2873
f 2656 2659 2885
f 2891 2892 2885
f 2891 2885 2659
f 2891 2893 2892
f 2891 2660 2893
f 2660 2891 2659
f 2892 2893 2894
f 2660 2894 2893
f 2898 2886 2896
f 2898 2896 2895
f 2898 2895 2663
f 2898 2662 2886
f 2898 2661 2662
f 2898 2663 2661
f 2894 2660 2667
f 2899 2900 2894
f 2667 2899 2894
f 2899 2901 2900
f 2899 2668 2901
f 2899 2667 2668
f 2902 2900 2901
f 2668 2902 2901
f 2905 2897 2903
f 2905 2903 2670
f 2905 2670 2669
f 2669 2895 2897
f 2669 2897 2905
f 2669 2663 2895
f 2668 2673 2902
f 2906 2907 2902
f 2906 2902 2673
f 2906 2678 2907
f 2906 2673 2678
f 2674 2678 2673
f 2910 2903 2904
f 2910 2904 2908
f 2910 2908 2676
f 2910 2670 2903
f 2910 2675 2670
f 2910 2676 2675
f 2907 2678 2911
f 2678 2912 2911
f 2678 2680 2912
f 2913 2911 2912
f 2680 2913 2912
f 2683 2908 2909
f 2683 2909 2914
f 2681 2683 2914
f 2683 2676 2908
f 2680 2916 2913
f 2680 2685 2916
f 2917 2913 2916
f 2917 2916 2685
f 2688 2914 2915
f 2688 2915 2918
f 2686 2688 2918
f 2914 2688 2681
f 2917 2685 2920
f 2685 2690 2920
f 2921 2917 2920
f 2921 2920 2690
f 2692 2918 2919
f 2692 2919 2922
f 2692 2922 2693
f 2918 2692 2686
f 2921 2690 2924
f 2924 2690 2696
f 2925 2921 2924
f 2696 2925 2924
f 2926 2922 2923
f 2926 2923 2699
f 2926 2693 2922
f 2926 2698 2693
f 2926 2699 2698
f 2925 2696 2927
f 2696 2928 2927
f 2696 2701 2928
f 2929 2923 2930
f 2929 2699 2923
f 2929 2702 2699
f 2931 2928 2701
f 2704 2931 2701
f 2706 2931 2704
f 2932 2934 2930
f 2932 2708 2934
f 2702 2929 2930
f 2702 2930 2934
f 2702 2934 2708
f 2706 2935 2931
f 2935 2706 2709
f 2936 2931 2935
f 2709 2936 2935
f 2938 2932 2933
f 2938 2933 2937
f 2938 2937 2711
f 2938 2708 2932
f 2938 2710 2708
f 2938 2711 2710
f 2936 2709 2939
f 2713 2939 2709
f 2940 2711 2937
f 2940 2714 2711
f 2939 2713 2942
f 2942 2713 2717
f 2942 2943 2939
f 2717 2943 2942
f 2944 2940 2941
f 2944 2941 2945
f 2944 2945 2946
f 2940 2944 2714
f 2714 2944 2718
f 2944 2946 2718
f 2947 2943 2717
f 2720 2947 2717
f 2718 2946 2945
f 2718 2945 2948
f 2718 2948 2722
f 2720 2949 2947
f 2949 2720 2724
f 2950 2947 2949
f 2724 2950 2949
f 2951 2722 2948
f 2951 2726 2722
f 2950 2724 2953
f 2953 2724 2728
f 2954 2951 2952
f 2954 2952 2955
f 2954 2955 2956
f 2951 2954 2726
f 2726 2954 2729
f 2954 2956 2729
f 2953 2728 2957
f 2958 2957 2728
f 2731 2957 2728
f 2958 2728 2957
f 2956 2955 2959
f 2956 2959 2733
f 2729 2956 2732
f 2956 2733 2732
f 2731 2960 2957
f 2731 2735 2960
f 2961 2733 2959
f 2733 2961 2737
f 2960 2735 2962
f 2738 2963 2735
f 2962 2735 2963
f 2962 2964 2960
f 2963 2964 2962
f 2965 2737 2961
f 2965 2740 2737
f 2963 2738 2742
f 2964 2963 2966
f 2742 2966 2963
f 2967 2740 2965
f 2967 2745 2740
f 2966 2742 2969
f 2747 2969 2742
f 2968 2970 2967
f 2970 2745 2967
f 2970 2748 2745
f 2969 2747 2972
f 2750 2972 2747
f 2971 2973 2970
f 2973 2748 2970
f 2973 2751 2748
f 2972 2750 2975
f 2753 2975 2750
f 2974 2976 2973
f 2976 2751 2973
f 2976 2754 2751
f 2975 2753 2977
f 2756 2977 2753
f 2978 2754 2976
f 2978 2759 2754
f 2761 2980 2756
f 2979 2756 2980
f 2977 2756 2981
f 2979 2981 2756
f 2980 2981 2979
f 2759 2978 2982
f 2759 2982 2764
f 2980 2761 2983
f 2765 2983 2761
f 2765 2766 2983
f 2981 2980 2983
f 2764 2982 2984
f 2764 2984 2767
f 2985 2983 2766
f 2768 2985 2766
f 2986 2767 2984
f 2986 2984 2987
f 2986 2987 2988
f 2767 2986 2769
f 2986 2988 2769
f 2990 2989 2985
f 2990 2770 2989
f 2990 2985 2768
f 2990 2768 2770
f 2991 2988 2987
f 2988 2991 2769
f 2991 2771 2769
f 2989 2770 2992
f 2770 2993 2992
f 2774 2993 2770
f 2994 2771 2991
f 2771 2994 2776
f 2995 2774 2777
f 2778 2995 2777
f 2995 2993 2774
f 2996 2776 2994
f 2996 2994 2997
f 2996 2997 2998
f 2776 2996 2779
f 2996 2998 2779
f 3000 2999 2995
f 3000 3001 2999
f 3000 2780 3001
f 3000 2995 2778
f 3000 2778 2780
f 2997 3002 2998
f 2998 3002 2779
f 2779 3002 2782
f 2783 3003 2780
f 2783 2785 3003
f 3001 2780 3003
f 3002 3004 2782
f 3004 3002 3005
f 3004 3005 3006
f 3004 2786 2782
f 3004 3006 2786
f 3007 3008 3003
f 3007 3009 3008
f 3007 2788 3009
f 3007 3003 2785
f 3007 2785 2788
f 3005 3010 3006
f 3010 2786 3006
f 2786 3010 2789
f 3011 2788 2791
f 2792 3011 2791
f 3011 3009 2788
f 3012 2789 3010
f 3012 2794 2789
f 2793 2789 2794
f 2792 2796 3013
f 2792 3014 3011
f 2792 3015 3014
f 3013 3015 2792
f 3016 2794 3012
f 3016 3017 2794
f 2794 3017 3018
f 2794 3018 2797
f 3019 2799 3020
f 3013 2796 3015
f 3019 3015 2796
f 3019 2796 2799
f 3017 3021 3018
f 3021 2797 3018
f 2797 3021 3022
f 2797 3022 2801
f 3023 2799 2804
f 3023 2804 2803
f 3023 3020 2799
f 3021 3024 3022
f 3022 3024 2801
f 3025 2801 3024
f 2805 2801 3025
f 3026 2803 2808
f 3026 2808 2807
f 3026 3023 2803
f 3024 3027 3025
f 3025 3027 2805
f 3028 2805 3027
f 2809 2805 3028
f 3029 3030 2807
f 3029 2807 2814
f 3029 2814 2812
f 3030 3026 2807
f 3027 3031 3028
f 3031 2809 3028
f 3031 3032 2809
f 2809 3032 3033
f 2815 2809 3033
f 2815 3033 2816
f 2819 2820 3034
f 3034 3037 2819
f 3035 2819 3037
f 3035 3036 2812
f 3035 2812 2819
f 3036 3029 2812
f 3033 3038 2816
f 3038 2821 2816
f 3039 2821 3038
f 2821 3039 2822
f 2820 2825 3040
f 3040 2825 2824
f 2820 3041 3037
f 2820 3040 3041
f 3034 2820 3037
f 3038 3042 3039
f 3042 2822 3039
f 3042 3043 2822
f 2826 2822 3043
f 2826 3043 3044
f 2826 3044 2827
f 2832 2831 3045
f 3045 2831 2829
f 3046 3047 3048
f 3046 3045 3047
f 3046 2832 3045
f 3046 3048 2824
f 3046 2824 2832
f 3048 3040 2824
f 3049 3044 3043
f 3049 2827 3044
f 3049 3050 2827
f 3050 2833 2827
f 3051 2833 3050
f 2833 3051 2834
f 2843 2842 3052
f 3052 2842 2841
f 3053 3054 3055
f 3053 3052 3054
f 3053 2843 3052
f 3053 3055 2829
f 3053 2829 2843
f 3045 2829 3055
f 3050 3056 3051
f 3056 2834 3051
f 3057 2834 3056
f 2834 3057 2836
f 3057 3059 2836
f 3058 2836 3059
f 2844 2836 3059
f 3058 3059 2836
f 3059 3060 2844
f 2845 2844 3060
f 2845 3060 3061
f 2845 3061 2846
f 3062 2846 3061
f 2846 3062 2848
f 2854 3063 2856
f 3064 2856 3063
f 2856 3064 3065
f 2859 2858 3065
f 2856 3065 2858
f 3066 2859 3065
f 2860 2859 3066
f 3067 3066 3068
f 3067 2860 3066
f 3067 3068 2839
f 3067 2839 2860
f 2839 3069 3070
f 3068 3069 2839
f 2841 2839 3070
f 3070 3052 2841
f 3071 3061 3060
f 3071 3062 3061
f 3072 3062 3071
f 3072 2848 3062
f 3073 2848 3072
f 3073 2850 2848
f 3074 2850 3073
f 3074 2851 2850
f 3075 2851 3074
f 3075 2852 2851
f 3076 2852 3075
f 3076 2854 2852
f 3077 3063 3076
f 2854 3076 3063
f 3077 3064 3063
f 3064 3077 3065
f 3080 3079 2878
f 3080 2878 2861
f 3082 3083 3081
f 3082 3081 3080
f 2861 3082 3080
f 3082 3084 3083
f 3082 2862 3084
f 2862 3082 2861
f 3084 3085 3083
f 3084 3086 3085
f 3084 2863 3086
f 2863 3084 2862
f 3086 3087 3085
f 3086 2865 3087
f 3086 2864 2865
f 2864 3086 2863
f 2865 3088 3087
f 2865 2867 3088
f 2865 2866 2867
f 2867 3089 3088
f 2867 2869 3089
f 2867 2868 2869
f 2869 3090 3089
f 2869 3091 3090
f 2869 2870 3091
f 3091 3092 3090
f 3091 3093 3092
f 3091 2871 3093
f 2871 3091 2870
f 3094 3095 3092
f 3094 3092 3093
f 2871 3094 3093
f 2872 3094 2871
f 3096 3097 3095
f 3096 3095 3094
f 2872 3096 3094
f 3096 2872 2880
f 3097 3096 3098
f 3098 3096 3099
f 2880 3099 3096
f 3102 3103 3101
f 3102 3101 2874
f 3102 3104 3103
f 3102 2873 3104
f 3102 2874 2873
f 3104 3078 3103
f 3104 2876 3078
f 3104 2875 2876
f 2875 3104 2873
f 3078 2876 3079
f 2876 2878 3079
f 2880 2882 3099
f 3098 3099 2882
f 2882 3105 3098
f 2882 2884 3105
f 3106 3107 3105
f 3106 3105 2884
f 3106 2884 2885
f 3107 3106 3108
f 3108 3106 2885
f 3110 3111 3112
f 3110 3112 3109
f 3110 3109 2896
f 3110 3113 3111
f 3110 2886 3113
f 3110 2896 2886
f 3113 3100 3111
f 3113 2888 3100
f 3113 2887 2888
f 2887 3113 2886
f 3100 2888 3101
f 2888 2874 3101
f 3108 2885 2892
f 2892 3114 3108
f 2892 3115 3114
f 2892 2894 3115
f 3114 3115 3116
f 2894 3116 3115
f 3120 3109 3118
f 3120 3118 3117
f 3120 3117 2897
f 3120 2896 3109
f 3120 2895 2896
f 3120 2897 2895
f 3116 2894 2900
f 3121 3122 3116
f 2900 3121 3116
f 3121 3123 3122
f 3121 2902 3123
f 3121 2900 2902
f 3124 3122 3123
f 2902 3124 3123
f 3126 3119 3127
f 3126 3127 3125
f 3126 3125 2904
f 3126 2903 3119
f 3126 2904 2903
f 2903 3117 3119
f 2903 2897 3117
f 2902 3128 3124
f 2907 3128 2902
f 3129 3130 3128
f 3124 3128 3130
f 2907 3129 3128
f 3132 3125 3131
f 3132 3131 2909
f 3132 2904 3125
f 3132 2908 2904
f 3132 2909 2908
f 3129 2907 2911
f 3133 3134 3129
f 2911 3133 3129
f 3133 2913 3134
f 3133 2911 2913
f 3136 3131 3135
f 3136 3135 2915
f 3136 2909 3131
f 3136 2914 2909
f 3136 2915 2914
f 3137 3138 2913
f 3134 2913 3138
f 3137 3139 3138
f 3137 2917 3139
f 3137 2913 2917
f 3140 3138 3139
f 2917 3140 3139
f 3142 3135 3141
f 3142 3141 2919
f 3142 2915 3135
f 3142 2918 2915
f 3142 2919 2918
f 3143 3144 2917
f 3140 2917 3144
f 3143 3145 3144
f 3143 2921 3145
f 3143 2917 2921
f 3147 3141 3146
f 3147 3146 2923
f 3147 2919 3141
f 3147 2922 2919
f 3147 2923 2922
f 3148 3149 2921
f 3145 2921 3149
f 3148 2921 3149
f 2925 3149 2921
f 3150 3146 3151
f 3150 3151 3152
f 3150 3152 2923
f 3150 2923 3146
f 3149 2925 2927
f 3153 3149 3154
f 2927 3154 3149
f 3154 2927 3155
f 2928 3155 2927
f 2923 3152 3156
f 2923 3156 2930
f 2928 3158 3155
f 3154 3155 3158
f 3158 2928 2931
f 3159 3154 3158
f 2931 3159 3158
f 3161 3156 3157
f 3161 3157 3160
f 3161 3160 2933
f 3161 2930 3156
f 3161 2932 2930
f 3161 2933 2932
f 3159 2931 3162
f 2936 3162 2931
f 3163 3160 3164
f 3163 3164 3165
f 3163 3165 3166
f 3163 2933 3160
f 3163 2937 2933
f 3163 3166 2937
f 3162 2936 3167
f 2936 2939 3167
f 3167 3168 3162
f 3168 3167 2939
f 3166 3165 3169
f 3166 3169 2941
f 2937 3166 2940
f 3166 2941 2940
f 3168 2939 3170
f 2939 2943 3170
f 3171 2941 3169
f 2941 3171 2945
f 3170 2943 3172
f 3172 2943 2947
f 3172 3173 3170
f 2947 3173 3172
f 3174 3171 3175
f 3174 3175 3176
f 3174 2945 3171
f 3174 2948 2945
f 3174 3176 2948
f 3177 3173 2947
f 3177 2947 3178
f 2950 3178 2947
f 3176 3175 3179
f 3176 3179 2952
f 2948 3176 2951
f 3176 2952 2951
f 3177 3178 3180
f 2950 3180 3178
f 2950 2953 3180
f 3181 2952 3179
f 2952 3181 2955
f 3180 2953 3182
f 3182 2953 2957
f 3182 3183 3180
f 2957 3183 3182
f 3184 2955 3181
f 3184 2959 2955
f 3183 2957 3186
f 3186 2957 2960
f 3187 3184 3185
f 3187 3185 3188
f 3187 3188 3189
f 3184 3187 2959
f 2959 3187 2961
f 3187 3189 2961
f 3186 2960 3190
f 2960 3191 3190
f 2964 3191 2960
f 3189 3188 3192
f 3189 3192 3193
f 2961 3189 2965
f 3189 3193 2965
f 3190 3191 3194
f 3195 3194 3191
f 3195 3191 2964
f 2966 3194 2964
f 3195 2964 3194
f 3193 3192 3196
f 3193 3196 2968
f 2965 3193 2967
f 3193 2968 2967
f 3198 3197 3194
f 3198 3194 2966
f 2969 3197 2966
f 3198 2966 3197
f 2968 3196 3199
f 2968 3199 2971
f 2968 2971 2970
f 3200 3197 2969
f 2972 3200 2969
f 2971 3199 3201
f 2971 3201 2974
f 2971 2974 2973
f 3202 3200 2972
f 2975 3202 2972
f 2974 3201 3203
f 2974 3203 3204
f 2974 3204 2976
f 3205 3202 2975
f 2977 3205 2975
f 3204 3203 3206
f 3204 3206 3207
f 2976 3204 2978
f 3204 3207 2978
f 3209 3208 3205
f 3209 2981 3208
f 3209 3205 2977
f 3209 2977 2981
f 3210 3207 3206
f 3210 3206 3211
f 3207 3210 2978
f 2978 3210 2982
f 3208 2981 3212
f 2981 3213 3212
f 2981 2983 3213
f 3214 3210 3211
f 3214 3211 3215
f 3210 3214 2982
f 3214 2984 2982
f 2983 3216 3213
f 2985 3216 2983
f 3215 3217 3214
f 3217 3218 3214
f 2984 3214 3218
f 2984 3218 2987
f 3217 2987 3218
f 2989 3220 2985
f 3219 2985 3220
f 3216 2985 3220
f 3219 3220 2985
f 2987 3217 3221
f 2987 3221 2991
f 3222 3220 2989
f 3222 2989 2992
f 2993 3222 2992
f 3223 2991 3221
f 3223 3221 3224
f 3223 2994 2991
f 2993 3225 3222
f 2993 3226 3225
f 2993 2995 3226
f 3224 3227 3223
f 3227 2994 3223
f 3227 2997 2994
f 2999 3228 2995
f 2999 3001 3228
f 3226 2995 3228
f 2997 3227 3229
f 2997 3229 3230
f 2997 3230 3002
f 3231 3003 3232
f 3231 3228 3001
f 3231 3001 3003
f 3229 3233 3230
f 3230 3233 3002
f 3002 3233 3005
f 3003 3008 3234
f 3008 3009 3234
f 3003 3234 3232
f 3233 3235 3005
f 3235 3233 3236
f 3235 3236 3237
f 3235 3010 3005
f 3235 3237 3010
f 3238 3239 3234
f 3238 3240 3239
f 3238 3011 3240
f 3238 3234 3009
f 3238 3009 3011
f 3236 3241 3237
f 3241 3010 3237
f 3010 3241 3242
f 3012 3010 3242
f 3243 3011 3014
f 3015 3243 3014
f 3243 3240 3011
f 3244 3242 3245
f 3241 3245 3242
f 3242 3244 3012
f 3016 3012 3244
f 3016 3244 3017
f 3015 3019 3246
f 3019 3020 3246
f 3015 3247 3243
f 3015 3246 3247
f 3244 3248 3017
f 3248 3244 3249
f 3248 3021 3017
f 3248 3249 3021
f 3020 3251 3246
f 3020 3252 3251
f 3250 3252 3023
f 3020 3023 3252
f 3253 3021 3254
f 3249 3254 3021
f 3253 3254 3255
f 3253 3024 3021
f 3253 3255 3024
f 3256 3257 3252
f 3256 3258 3257
f 3256 3026 3258
f 3250 3023 3252
f 3256 3252 3023
f 3256 3023 3026
f 3254 3259 3255
f 3259 3024 3255
f 3260 3024 3261
f 3259 3261 3024
f 3260 3027 3024
f 3260 3261 3027
f 3030 3029 3262
f 3263 3264 3258
f 3263 3265 3264
f 3262 3265 3030
f 3263 3030 3265
f 3263 3258 3026
f 3263 3026 3030
f 3266 3027 3267
f 3261 3267 3027
f 3266 3267 3027
f 3031 3027 3267
f 3031 3267 3032
f 3036 3035 3268
f 3035 3037 3268
f 3036 3269 3265
f 3036 3268 3269
f 3262 3029 3265
f 3036 3265 3029
f 3270 3032 3271
f 3267 3271 3032
f 3270 3033 3032
f 3272 3033 3270
f 3033 3272 3038
f 3037 3041 3273
f 3273 3041 3040
f 3037 3274 3268
f 3037 3273 3274
f 3270 3275 3272
f 3275 3038 3272
f 3275 3276 3038
f 3042 3038 3276
f 3042 3276 3277
f 3043 3042 3277
f 3048 3047 3278
f 3047 3045 3278
f 3279 3280 3281
f 3279 3278 3280
f 3279 3048 3278
f 3279 3281 3040
f 3279 3040 3048
f 3281 3273 3040
f 3282 3277 3276
f 3277 3282 3043
f 3043 3282 3283
f 3049 3043 3283
f 3049 3283 3284
f 3049 3284 3050
f 3055 3054 3285
f 3285 3054 3052
f 3286 3055 3285
f 3286 3287 3045
f 3286 3045 3055
f 3045 3287 3278
f 3288 3284 3283
f 3288 3050 3284
f 3288 3289 3050
f 3290 3050 3289
f 3290 3056 3050
f 3290 3289 3291
f 3290 3291 3056
f 3057 3056 3291
f 3057 3291 3292
f 3057 3292 3059
f 3066 3293 3068
f 3294 3068 3293
f 3295 3068 3294
f 3070 3069 3295
f 3295 3069 3068
f 3070 3296 3297
f 3070 3295 3296
f 3070 3297 3052
f 3285 3052 3297
f 3298 3292 3291
f 3298 3059 3292
f 3299 3059 3298
f 3059 3299 3060
f 3299 3300 3060
f 3060 3300 3301
f 3071 3060 3301
f 3300 3303 3301
f 3302 3301 3303
f 3302 3071 3301
f 3072 3071 3303
f 3302 3303 3071
f 3304 3072 3303
f 3073 3072 3304
f 3305 3073 3304
f 3074 3073 3305
f 3306 3074 3305
f 3075 3074 3306
f 3307 3075 3306
f 3076 3075 3307
f 3308 3307 3309
f 3308 3076 3307
f 3308 3309 3077
f 3308 3077 3076
f 3077 3310 3311
f 3309 3310 3077
f 3077 3311 3065
f 3065 3311 3312
f 3066 3065 3312
f 3294 3293 3312
f 3066 3312 3293
f 3315 3313 3316
f 3315 3316 3085
f 3317 3315 3085
f 3317 3085 3087
f 3318 3317 3087
f 3318 3087 3088
f 3319 3318 3088
f 3319 3088 3089
f 3320 3319 3089
f 3320 3089 3090
f 3090 3321 3320
f 3325 3326 3327
f 3325 3327 3323
f 3325 3323 3103
f 3325 3103 3078
f 3328 3329 3326
f 3328 3326 3325
f 3078 3328 3325
f 3328 3330 3329
f 3328 3079 3330
f 3079 3328 3078
f 3330 3314 3329
f 3330 3081 3314
f 3330 3080 3081
f 3080 3330 3079
f 3081 3313 3314
f 3081 3083 3313
f 3313 3083 3316
f 3083 3085 3316
f 3090 3092 3321
f 3092 3322 3321
f 3092 3095 3322
f 3095 3331 3322
f 3095 3097 3331
f 3332 3333 3331
f 3332 3331 3097
f 3098 3332 3097
f 3333 3332 3334
f 3098 3334 3332
f 3334 3098 3105
f 3105 3335 3334
f 3337 3336 3111
f 3337 3111 3100
f 3339 3324 3338
f 3339 3338 3337
f 3100 3339 3337
f 3339 3340 3324
f 3339 3101 3340
f 3101 3339 3100
f 3101 3323 3324
f 3101 3324 3340
f 3101 3103 3323
f 3105 3107 3335
f 3341 3342 3335
f 3341 3335 3107
f 3341 3343 3342
f 3341 3108 3343
f 3108 3341 3107
f 3342 3343 3344
f 3108 3344 3343
f 3346 3345 3118
f 3346 3118 3109
f 3112 3336 3347
f 3112 3347 3346
f 3109 3112 3346
f 3112 3111 3336
f 3344 3108 3114
f 3114 3348 3344
f 3114 3349 3348
f 3114 3116 3349
f 3348 3349 3350
f 3116 3350 3349
f 3353 3345 3351
f 3353 3351 3119
f 3353 3118 3345
f 3353 3117 3118
f 3353 3119 3117
f 3350 3116 3122
f 3354 3355 3350
f 3122 3354 3350
f 3354 3122 3124
f 3356 3355 3354
f 3124 3356 3354
f 3127 3351 3352
f 3127 3352 3357
f 3125 3127 3357
f 3127 3119 3351
f 3356 3124 3359
f 3124 3360 3359
f 3124 3130 3360
f 3129 3360 3130
f 3361 3359 3360
f 3361 3360 3362
f 3129 3362 3360
f 3363 3358 3364
f 3363 3364 3365
f 3363 3131 3358
f 3131 3357 3358
f 3357 3131 3125
f 3129 3366 3362
f 3361 3362 3366
f 3129 3134 3366
f 3367 3361 3366
f 3134 3367 3366
f 3368 3365 3369
f 3368 3369 3370
f 3368 3370 3371
f 3368 3135 3365
f 3368 3371 3135
f 3131 3363 3365
f 3131 3365 3135
f 3134 3138 3367
f 3372 3367 3138
f 3140 3372 3138
f 3373 3370 3374
f 3373 3374 3375
f 3373 3375 3141
f 3373 3141 3370
f 3135 3371 3370
f 3135 3370 3141
f 3140 3144 3372
f 3376 3372 3144
f 3376 3144 3377
f 3145 3377 3144
f 3141 3375 3378
f 3146 3141 3378
f 3145 3380 3377
f 3376 3377 3380
f 3145 3149 3380
f 3381 3376 3380
f 3381 3380 3149
f 3151 3378 3379
f 3151 3379 3382
f 3151 3382 3152
f 3378 3151 3146
f 3381 3149 3383
f 3383 3149 3384
f 3153 3154 3149
f 3384 3149 3154
f 3385 3383 3384
f 3154 3385 3384
f 3387 3382 3386
f 3387 3386 3157
f 3387 3152 3382
f 3387 3156 3152
f 3387 3157 3156
f 3388 3385 3154
f 3159 3388 3154
f 3389 3157 3386
f 3389 3160 3157
f 3159 3391 3388
f 3159 3162 3391
f 3392 3388 3391
f 3392 3391 3162
f 3164 3389 3390
f 3164 3390 3393
f 3164 3393 3165
f 3389 3164 3160
f 3392 3162 3394
f 3162 3168 3394
f 3395 3165 3393
f 3395 3169 3165
f 3394 3168 3397
f 3168 3170 3397
f 3397 3398 3394
f 3398 3397 3170
f 3399 3395 3396
f 3399 3396 3400
f 3399 3400 3401
f 3395 3399 3169
f 3169 3399 3171
f 3399 3401 3171
f 3398 3170 3402
f 3403 3402 3170
f 3173 3402 3170
f 3403 3170 3402
f 3171 3401 3400
f 3171 3400 3404
f 3171 3404 3175
f 3173 3405 3402
f 3405 3173 3177
f 3406 3402 3405
f 3177 3406 3405
f 3407 3404 3408
f 3407 3408 3409
f 3407 3175 3404
f 3407 3179 3175
f 3406 3177 3410
f 3410 3177 3180
f 3411 3407 3409
f 3411 3409 3412
f 3411 3412 3413
f 3407 3411 3179
f 3179 3411 3181
f 3411 3413 3181
f 3410 3180 3414
f 3415 3414 3180
f 3183 3414 3180
f 3415 3180 3414
f 3413 3412 3416
f 3413 3416 3185
f 3181 3413 3184
f 3413 3185 3184
f 3417 3414 3183
f 3186 3417 3183
f 3185 3416 3418
f 3185 3418 3188
f 3186 3419 3417
f 3190 3419 3186
f 3420 3421 3418
f 3420 3192 3421
f 3421 3188 3418
f 3188 3421 3192
f 3419 3190 3422
f 3422 3190 3194
f 3422 3423 3419
f 3194 3423 3422
f 3424 3192 3420
f 3424 3196 3192
f 3425 3194 3197
f 3423 3194 3426
f 3425 3426 3194
f 3197 3426 3425
f 3427 3196 3424
f 3427 3199 3196
f 3426 3197 3428
f 3200 3428 3197
f 3429 3199 3427
f 3429 3201 3199
f 3428 3200 3430
f 3202 3430 3200
f 3431 3201 3429
f 3431 3203 3201
f 3432 3202 3205
f 3430 3202 3433
f 3432 3433 3202
f 3205 3433 3432
f 3203 3431 3434
f 3203 3434 3206
f 3208 3436 3205
f 3435 3205 3436
f 3433 3205 3436
f 3435 3436 3205
f 3206 3434 3437
f 3206 3437 3211
f 3436 3208 3438
f 3438 3208 3212
f 3213 3438 3212
f 3211 3437 3439
f 3211 3439 3215
f 3440 3438 3213
f 3216 3440 3213
f 3441 3215 3439
f 3441 3439 3442
f 3215 3441 3217
f 3444 3443 3440
f 3444 3445 3443
f 3444 3220 3445
f 3444 3440 3216
f 3444 3216 3220
f 3442 3446 3441
f 3441 3446 3217
f 3446 3221 3217
f 3220 3447 3445
f 3222 3447 3220
f 3448 3221 3446
f 3221 3448 3224
f 3449 3222 3225
f 3226 3449 3225
f 3449 3447 3222
f 3450 3224 3448
f 3450 3448 3451
f 3450 3451 3452
f 3224 3450 3227
f 3450 3452 3227
f 3454 3453 3449
f 3454 3455 3453
f 3454 3228 3455
f 3454 3449 3226
f 3454 3226 3228
f 3451 3456 3452
f 3452 3456 3227
f 3227 3456 3229
f 3228 3231 3457
f 3231 3232 3457
f 3228 3457 3455
f 3229 3456 3458
f 3229 3458 3459
f 3229 3459 3233
f 3460 3234 3461
f 3460 3457 3232
f 3460 3232 3234
f 3458 3462 3459
f 3459 3462 3233
f 3233 3462 3236
f 3234 3239 3463
f 3240 3463 3239
f 3234 3463 3461
f 3462 3464 3236
f 3464 3462 3465
f 3464 3241 3236
f 3240 3466 3463
f 3240 3467 3466
f 3240 3243 3467
f 3465 3468 3464
f 3468 3241 3464
f 3468 3469 3241
f 3241 3469 3470
f 3241 3470 3245
f 3244 3245 3470
f 3471 3467 3243
f 3471 3243 3247
f 3471 3247 3246
f 3469 3472 3470
f 3473 3244 3472
f 3470 3472 3244
f 3473 3472 3244
f 3474 3244 3472
f 3249 3244 3474
f 3246 3251 3476
f 3475 3476 3251
f 3252 3475 3251
f 3475 3471 3476
f 3246 3476 3471
f 3472 3477 3474
f 3474 3477 3249
f 3254 3249 3477
f 3252 3257 3478
f 3258 3478 3257
f 3252 3479 3475
f 3252 3478 3479
f 3477 3480 3254
f 3480 3259 3254
f 3261 3259 3480
f 3258 3264 3481
f 3265 3481 3264
f 3258 3482 3478
f 3258 3481 3482
f 3480 3483 3261
f 3484 3261 3483
f 3267 3261 3484
f 3265 3269 3485
f 3268 3486 3269
f 3485 3269 3486
f 3265 3487 3481
f 3265 3485 3487
f 3483 3488 3484
f 3484 3488 3267
f 3267 3488 3489
f 3490 3267 3489
f 3267 3490 3271
f 3270 3271 3490
f 3491 3273 3492
f 3491 3268 3274
f 3491 3274 3273
f 3485 3486 3491
f 3268 3491 3486
f 3489 3493 3490
f 3493 3270 3490
f 3493 3494 3270
f 3494 3275 3270
f 3495 3275 3494
f 3276 3275 3495
f 3281 3280 3496
f 3278 3496 3280
f 3281 3497 3492
f 3281 3496 3497
f 3281 3492 3273
f 3494 3498 3495
f 3495 3498 3276
f 3276 3498 3499
f 3282 3276 3499
f 3282 3499 3500
f 3283 3282 3500
f 3287 3286 3501
f 3286 3285 3501
f 3502 3287 3501
f 3502 3503 3278
f 3502 3278 3287
f 3278 3503 3496
f 3504 3500 3499
f 3500 3504 3283
f 3504 3506 3283
f 3505 3283 3506
f 3288 3283 3506
f 3505 3506 3283
f 3507 3288 3506
f 3288 3507 3289
f 3297 3296 3508
f 3508 3296 3295
f 3509 3510 3511
f 3509 3508 3510
f 3509 3297 3508
f 3509 3511 3285
f 3509 3285 3297
f 3285 3511 3501
f 3506 3512 3507
f 3512 3289 3507
f 3513 3289 3512
f 3289 3513 3291
f 3513 3515 3291
f 3514 3291 3515
f 3298 3291 3515
f 3514 3515 3291
f 3516 3298 3515
f 3299 3298 3516
f 3517 3299 3516
f 3299 3517 3300
f 3300 3517 3518
f 3300 3518 3303
f 3303 3519 3304
f 3307 3520 3309
f 3521 3309 3520
f 3521 3522 3309
f 3311 3310 3522
f 3522 3310 3309
f 3523 3311 3522
f 3312 3311 3523
f 3524 3525 3526
f 3524 3523 3525
f 3524 3312 3523
f 3524 3526 3294
f 3524 3294 3312
f 3294 3526 3527
f 3295 3294 3527
f 3527 3508 3295
f 3528 3518 3517
f 3528 3303 3518
f 3529 3519 3528
f 3303 3528 3519
f 3529 3304 3519
f 3530 3304 3529
f 3530 3305 3304
f 3531 3305 3530
f 3531 3306 3305
f 3532 3306 3531
f 3532 3307 3306
f 3521 3520 3532
f 3307 3532 3520
f 3534 3329 3314
f 3535 3534 3314
f 3535 3314 3313
f 3537 3538 3536
f 3537 3536 3535
f 3313 3537 3535
f 3315 3537 3313
f 3539 3540 3538
f 3539 3538 3537
f 3315 3539 3537
f 3317 3539 3315
f 3541 3542 3540
f 3541 3540 3539
f 3317 3541 3539
f 3318 3541 3317
f 3543 3544 3542
f 3543 3542 3541
f 3318 3543 3541
f 3319 3543 3318
f 3545 3546 3544
f 3545 3544 3543
f 3319 3545 3543
f 3320 3545 3319
f 3547 3548 3546
f 3547 3546 3545
f 3320 3547 3545
f 3321 3547 3320
f 3548 3547 3549
f 3321 3549 3547
f 3549 3321 3322
f 3550 3549 3322
f 3554 3555 3556
f 3554 3556 3552
f 3554 3552 3324
f 3554 3324 3323
f 3327 3533 3555
f 3327 3555 3554
f 3323 3327 3554
f 3327 3326 3533
f 3326 3329 3533
f 3550 3322 3331
f 3331 3551 3550
f 3331 3333 3551
f 3333 3557 3551
f 3333 3558 3557
f 3333 3334 3558
f 3557 3558 3559
f 3334 3559 3558
f 3559 3334 3335
f 3335 3560 3559
f 3564 3553 3562
f 3564 3562 3561
f 3336 3564 3561
f 3564 3338 3553
f 3564 3337 3338
f 3337 3564 3336
f 3338 3552 3553
f 3338 3324 3552
f 3335 3342 3560
f 3565 3566 3560
f 3565 3560 3342
f 3565 3567 3566
f 3565 3344 3567
f 3344 3565 3342
f 3568 3566 3567
f 3344 3568 3567
f 3571 3563 3569
f 3345 3571 3569
f 3571 3347 3563
f 3571 3346 3347
f 3346 3571 3345
f 3347 3561 3563
f 3561 3347 3336
f 3344 3348 3568
f 3572 3573 3568
f 3572 3568 3348
f 3572 3574 3573
f 3572 3350 3574
f 3350 3572 3348
f 3575 3573 3574
f 3575 3574 3350
f 3577 3570 3578
f 3577 3578 3576
f 3577 3576 3352
f 3577 3352 3351
f 3351 3569 3570
f 3351 3570 3577
f 3569 3351 3345
f 3575 3350 3355
f 3575 3355 3579
f 3356 3579 3355
f 3581 3576 3580
f 3581 3580 3358
f 3581 3352 3576
f 3581 3357 3352
f 3581 3358 3357
f 3579 3356 3359
f 3582 3583 3579
f 3359 3582 3579
f 3582 3361 3583
f 3582 3359 3361
f 3361 3584 3583
f 3364 3580 3585
f 3364 3585 3365
f 3364 3358 3580
f 3584 3361 3586
f 3361 3587 3586
f 3361 3367 3587
f 3588 3586 3587
f 3367 3588 3587
f 3369 3585 3589
f 3369 3589 3370
f 3369 3365 3585
f 3588 3367 3590
f 3367 3591 3590
f 3367 3372 3591
f 3592 3590 3591
f 3372 3592 3591
f 3374 3589 3593
f 3374 3593 3375
f 3374 3370 3589
f 3592 3372 3594
f 3372 3595 3594
f 3372 3376 3595
f 3597 3593 3596
f 3597 3596 3379
f 3597 3375 3593
f 3597 3378 3375
f 3597 3379 3378
f 3598 3599 3376
f 3595 3376 3599
f 3598 3376 3599
f 3381 3599 3376
f 3600 3596 3601
f 3600 3601 3602
f 3600 3379 3596
f 3600 3382 3379
f 3599 3381 3383
f 3383 3603 3599
f 3385 3603 3383
f 3382 3600 3602
f 3382 3602 3604
f 3386 3382 3604
f 3385 3605 3603
f 3605 3385 3388
f 3606 3603 3605
f 3388 3606 3605
f 3607 3604 3608
f 3607 3608 3390
f 3604 3607 3386
f 3386 3607 3389
f 3607 3390 3389
f 3609 3606 3388
f 3392 3609 3388
f 3390 3608 3610
f 3393 3390 3610
f 3392 3612 3609
f 3392 3394 3612
f 3613 3609 3612
f 3613 3612 3394
f 3614 3610 3611
f 3614 3611 3615
f 3614 3615 3396
f 3610 3614 3393
f 3393 3614 3395
f 3614 3396 3395
f 3613 3394 3616
f 3617 3616 3394
f 3398 3616 3394
f 3617 3394 3616
f 3396 3615 3618
f 3396 3618 3400
f 3398 3619 3616
f 3619 3398 3402
f 3620 3616 3619
f 3402 3620 3619
f 3621 3618 3622
f 3621 3622 3623
f 3621 3400 3618
f 3621 3404 3400
f 3620 3402 3624
f 3624 3402 3406
f 3408 3621 3623
f 3408 3623 3625
f 3408 3625 3409
f 3621 3408 3404
f 3624 3406 3626
f 3627 3626 3406
f 3410 3626 3406
f 3627 3406 3626
f 3409 3625 3412
f 3410 3628 3626
f 3414 3629 3410
f 3628 3410 3629
f 3630 3626 3628
f 3629 3630 3628
f 3631 3416 3412
f 3629 3414 3417
f 3630 3629 3632
f 3417 3632 3629
f 3633 3416 3631
f 3633 3418 3416
f 3632 3417 3635
f 3635 3417 3419
f 3636 3633 3634
f 3636 3634 3637
f 3633 3636 3418
f 3418 3636 3420
f 3635 3419 3638
f 3639 3638 3419
f 3639 3423 3638
f 3639 3419 3423
f 3640 3636 3637
f 3640 3637 3641
f 3636 3640 3420
f 3420 3640 3424
f 3638 3423 3642
f 3423 3643 3642
f 3426 3643 3423
f 3644 3640 3641
f 3644 3641 3645
f 3640 3644 3424
f 3424 3644 3427
f 3642 3643 3646
f 3643 3647 3646
f 3428 3647 3426
f 3643 3426 3647
f 3648 3644 3645
f 3648 3645 3649
f 3644 3648 3427
f 3427 3648 3429
f 3646 3647 3650
f 3647 3651 3650
f 3430 3651 3428
f 3647 3428 3651
f 3652 3648 3649
f 3652 3649 3653
f 3648 3652 3429
f 3429 3652 3431
f 3650 3651 3654
f 3651 3433 3654
f 3651 3430 3433
f 3655 3652 3653
f 3655 3653 3656
f 3652 3655 3431
f 3431 3655 3434
f 3654 3433 3657
f 3433 3658 3657
f 3433 3436 3658
f 3656 3659 3655
f 3655 3659 3434
f 3659 3437 3434
f 3436 3660 3658
f 3436 3438 3660
f 3661 3437 3659
f 3661 3439 3437
f 3440 3662 3438
f 3660 3438 3662
f 3439 3661 3663
f 3439 3663 3442
f 3662 3440 3664
f 3664 3440 3443
f 3445 3664 3443
f 3442 3663 3665
f 3442 3665 3666
f 3442 3666 3446
f 3667 3447 3668
f 3667 3664 3445
f 3667 3445 3447
f 3665 3669 3666
f 3666 3669 3446
f 3669 3448 3446
f 3447 3670 3668
f 3447 3449 3670
f 3671 3448 3669
f 3448 3671 3451
f 3672 3449 3453
f 3455 3672 3453
f 3672 3670 3449
f 3673 3451 3671
f 3673 3671 3674
f 3673 3674 3675
f 3451 3673 3456
f 3673 3675 3456
f 3677 3676 3672
f 3677 3678 3676
f 3677 3457 3678
f 3677 3672 3455
f 3677 3455 3457
f 3674 3679 3675
f 3675 3679 3456
f 3458 3456 3679
f 3457 3460 3680
f 3461 3680 3460
f 3457 3680 3678
f 3681 3458 3679
f 3681 3679 3682
f 3681 3682 3683
f 3458 3681 3462
f 3681 3683 3462
f 3685 3684 3680
f 3685 3686 3684
f 3685 3463 3686
f 3685 3680 3461
f 3685 3461 3463
f 3682 3687 3683
f 3683 3687 3462
f 3465 3462 3687
f 3688 3463 3466
f 3467 3688 3466
f 3688 3686 3463
f 3687 3689 3465
f 3468 3465 3689
f 3468 3689 3469
f 3467 3471 3690
f 3467 3691 3688
f 3467 3690 3691
f 3689 3692 3469
f 3692 3689 3693
f 3692 3472 3469
f 3692 3693 3472
f 3694 3695 3690
f 3694 3696 3695
f 3694 3475 3696
f 3694 3690 3471
f 3694 3471 3475
f 3693 3697 3472
f 3472 3697 3698
f 3472 3698 3477
f 3699 3478 3700
f 3699 3696 3475
f 3699 3475 3479
f 3699 3479 3478
f 3697 3701 3698
f 3701 3477 3698
f 3701 3702 3477
f 3477 3702 3703
f 3477 3703 3480
f 3704 3481 3705
f 3704 3700 3478
f 3704 3478 3482
f 3704 3482 3481
f 3702 3706 3703
f 3706 3480 3703
f 3706 3707 3480
f 3480 3707 3708
f 3480 3708 3483
f 3709 3485 3710
f 3709 3705 3481
f 3709 3481 3487
f 3709 3487 3485
f 3711 3483 3712
f 3708 3712 3483
f 3711 3712 3483
f 3488 3483 3712
f 3488 3712 3489
f 3491 3492 3713
f 3714 3715 3710
f 3714 3713 3715
f 3714 3491 3713
f 3714 3710 3485
f 3714 3485 3491
f 3716 3489 3712
f 3717 3489 3716
f 3717 3493 3489
f 3717 3716 3493
f 3718 3493 3716
f 3493 3718 3494
f 3492 3497 3719
f 3719 3497 3496
f 3492 3720 3713
f 3492 3719 3720
f 3716 3721 3718
f 3721 3494 3718
f 3721 3722 3494
f 3722 3498 3494
f 3723 3498 3722
f 3499 3498 3723
f 3503 3502 3724
f 3501 3724 3502
f 3725 3726 3727
f 3725 3724 3726
f 3725 3503 3724
f 3725 3727 3496
f 3725 3496 3503
f 3727 3719 3496
f 3722 3728 3723
f 3723 3728 3499
f 3728 3730 3499
f 3729 3499 3730
f 3504 3499 3730
f 3729 3730 3499
f 3731 3504 3730
f 3504 3731 3506
f 3511 3510 3732
f 3732 3510 3508
f 3733 3734 3735
f 3733 3732 3734
f 3733 3511 3732
f 3733 3735 3501
f 3733 3501 3511
f 3501 3735 3724
f 3730 3736 3731
f 3736 3506 3731
f 3737 3506 3736
f 3512 3506 3737
f 3737 3738 3512
f 3513 3512 3738
f 3739 3513 3738
f 3513 3739 3515
f 3740 3515 3739
f 3515 3740 3516
f 3741 3523 3522
f 3741 3742 3523
f 3526 3525 3742
f 3742 3525 3523
f 3743 3526 3742
f 3743 3744 3527
f 3743 3527 3526
f 3527 3744 3745
f 3527 3745 3508
f 3745 3732 3508
f 3746 3740 3739
f 3746 3516 3740
f 3747 3516 3746
f 3517 3516 3747
f 3747 3748 3517
f 3517 3748 3528
f 3748 3749 3528
f 3528 3749 3750
f 3529 3528 3750
f 3749 3751 3750
f 3750 3751 3752
f 3530 3529 3752
f 3750 3752 3529
f 3751 3753 3752
f 3752 3753 3754
f 3531 3530 3754
f 3752 3754 3530
f 3753 3755 3754
f 3754 3755 3532
f 3754 3532 3531
f 3532 3756 3757
f 3755 3756 3532
f 3532 3757 3521
f 3521 3757 3758
f 3521 3758 3522
f 3741 3522 3758
f 3761 3759 3533
f 3761 3533 3329
f 3763 3764 3762
f 3763 3762 3761
f 3329 3763 3761
f 3763 3765 3764
f 3763 3534 3765
f 3534 3763 3329
f 3765 3766 3764
f 3765 3536 3766
f 3765 3535 3536
f 3535 3765 3534
f 3536 3767 3766
f 3536 3538 3767
f 3538 3768 3767
f 3538 3540 3768
f 3540 3769 3768
f 3540 3542 3769
f 3542 3770 3769
f 3542 3544 3770
f 3544 3771 3770
f 3544 3546 3771
f 3546 3772 3771
f 3546 3548 3772
f 3548 3773 3772
f 3548 3774 3773
f 3548 3549 3774
f 3775 3776 3773
f 3775 3773 3774
f 3549 3775 3774
f 3550 3775 3549
f 3776 3775 3777
f 3550 3777 3775
f 3777 3550 3551
f 3551 3778 3777
f 3781 3782 3783
f 3781 3783 3779
f 3781 3779 3553
f 3781 3553 3552
f 3556 3760 3782
f 3556 3782 3781
f 3552 3556 3781
f 3556 3555 3760
f 3555 3759 3760
f 3555 3533 3759
f 3551 3557 3778
f 3557 3784 3778
f 3557 3785 3784
f 3557 3559 3785
f 3784 3785 3786
f 3559 3786 3785
f 3786 3559 3560
f 3560 3787 3786
f 3790 3780 3791
f 3790 3791 3788
f 3790 3788 3563
f 3790 3562 3780
f 3790 3561 3562
f 3790 3563 3561
f 3562 3779 3780
f 3562 3553 3779
f 3560 3566 3787
f 3792 3787 3566
f 3792 3566 3568
f 3568 3793 3792
f 3795 3789 3796
f 3795 3796 3794
f 3795 3794 3570
f 3795 3570 3569
f 3569 3788 3789
f 3569 3789 3795
f 3569 3563 3788
f 3568 3573 3793
f 3793 3573 3797
f 3797 3573 3575
f 3578 3794 3799
f 3578 3799 3798
f 3576 3578 3798
f 3578 3570 3794
f 3797 3575 3801
f 3575 3802 3801
f 3575 3579 3802
f 3803 3801 3802
f 3803 3802 3579
f 3804 3805 3806
f 3804 3806 3580
f 3580 3798 3800
f 3580 3800 3804
f 3798 3580 3576
f 3803 3579 3807
f 3579 3583 3807
f 3808 3803 3807
f 3583 3808 3807
f 3584 3808 3583
f 3809 3805 3810
f 3809 3810 3811
f 3809 3811 3812
f 3809 3585 3805
f 3809 3812 3585
f 3580 3806 3805
f 3580 3805 3585
f 3584 3586 3808
f 3813 3808 3586
f 3588 3813 3586
f 3814 3811 3815
f 3814 3815 3816
f 3814 3816 3817
f 3814 3589 3811
f 3814 3817 3589
f 3585 3812 3811
f 3585 3811 3589
f 3588 3590 3813
f 3818 3813 3590
f 3592 3818 3590
f 3819 3593 3816
f 3589 3817 3816
f 3589 3816 3593
f 3592 3594 3818
f 3821 3818 3594
f 3821 3594 3822
f 3595 3822 3594
f 3593 3819 3820
f 3593 3820 3823
f 3596 3593 3823
f 3595 3825 3822
f 3821 3822 3825
f 3595 3599 3825
f 3826 3821 3825
f 3826 3825 3599
f 3601 3823 3824
f 3601 3824 3827
f 3601 3827 3602
f 3823 3601 3596
f 3826 3599 3828
f 3599 3603 3828
f 3829 3827 3830
f 3829 3830 3831
f 3829 3602 3827
f 3829 3604 3602
f 3832 3828 3833
f 3603 3833 3828
f 3606 3833 3603
f 3604 3829 3831
f 3604 3831 3834
f 3604 3834 3608
f 3606 3835 3833
f 3835 3606 3609
f 3836 3833 3835
f 3609 3836 3835
f 3837 3834 3838
f 3837 3838 3839
f 3837 3839 3611
f 3837 3608 3834
f 3837 3610 3608
f 3837 3611 3610
f 3840 3836 3609
f 3840 3609 3841
f 3613 3841 3609
f 3611 3839 3842
f 3611 3842 3615
f 3613 3843 3841
f 3843 3613 3616
f 3844 3841 3843
f 3616 3844 3843
f 3845 3842 3846
f 3845 3846 3847
f 3845 3615 3842
f 3845 3618 3615
f 3844 3616 3848
f 3848 3616 3620
f 3622 3845 3847
f 3622 3847 3849
f 3622 3849 3623
f 3845 3622 3618
f 3848 3620 3850
f 3624 3850 3620
f 3623 3849 3851
f 3623 3851 3625
f 3624 3852 3850
f 3852 3624 3626
f 3853 3850 3852
f 3626 3853 3852
f 3854 3625 3851
f 3854 3412 3625
f 3853 3626 3856
f 3856 3626 3630
f 3857 3854 3855
f 3857 3855 3858
f 3857 3858 3859
f 3854 3857 3412
f 3412 3857 3631
f 3857 3859 3631
f 3856 3630 3860
f 3630 3861 3860
f 3632 3861 3630
f 3859 3858 3862
f 3859 3862 3634
f 3631 3859 3633
f 3859 3634 3633
f 3860 3861 3863
f 3863 3861 3632
f 3635 3863 3632
f 3634 3862 3864
f 3634 3864 3637
f 3865 3863 3635
f 3865 3635 3638
f 3637 3864 3866
f 3637 3866 3641
f 3867 3865 3638
f 3867 3638 3642
f 3641 3866 3868
f 3641 3868 3645
f 3869 3867 3642
f 3869 3642 3646
f 3645 3868 3870
f 3645 3870 3649
f 3871 3869 3646
f 3871 3646 3650
f 3649 3870 3872
f 3649 3872 3653
f 3873 3871 3650
f 3873 3650 3654
f 3653 3872 3874
f 3653 3874 3656
f 3875 3873 3654
f 3875 3654 3657
f 3658 3875 3657
f 3656 3874 3876
f 3656 3876 3877
f 3656 3877 3659
f 3878 3875 3658
f 3878 3658 3660
f 3879 3877 3876
f 3879 3876 3880
f 3877 3879 3659
f 3659 3879 3661
f 3878 3660 3881
f 3660 3882 3881
f 3660 3662 3882
f 3880 3883 3879
f 3879 3883 3661
f 3883 3663 3661
f 3662 3884 3882
f 3662 3664 3884
f 3885 3663 3883
f 3663 3885 3665
f 3886 3664 3667
f 3668 3886 3667
f 3886 3884 3664
f 3665 3885 3887
f 3665 3887 3888
f 3665 3888 3669
f 3889 3670 3890
f 3889 3886 3668
f 3889 3668 3670
f 3887 3891 3888
f 3888 3891 3669
f 3891 3671 3669
f 3670 3892 3890
f 3670 3672 3892
f 3893 3671 3891
f 3671 3893 3674
f 3894 3672 3676
f 3678 3894 3676
f 3894 3892 3672
f 3895 3674 3893
f 3895 3679 3674
f 3678 3896 3894
f 3678 3897 3896
f 3678 3680 3897
f 3898 3679 3895
f 3679 3898 3682
f 3899 3680 3684
f 3686 3899 3684
f 3899 3897 3680
f 3898 3900 3682
f 3900 3687 3682
f 3686 3902 3899
f 3686 3901 3902
f 3686 3688 3901
f 3900 3903 3687
f 3687 3903 3904
f 3687 3904 3689
f 3905 3690 3906
f 3905 3901 3688
f 3905 3688 3691
f 3905 3691 3690
f 3903 3907 3904
f 3904 3907 3689
f 3908 3689 3907
f 3693 3689 3908
f 3909 3690 3695
f 3696 3910 3695
f 3909 3695 3910
f 3909 3906 3690
f 3907 3911 3908
f 3908 3911 3693
f 3697 3693 3911
f 3696 3699 3912
f 3700 3912 3699
f 3909 3910 3913
f 3696 3913 3910
f 3696 3912 3913
f 3911 3914 3697
f 3914 3701 3697
f 3702 3701 3914
f 3700 3704 3915
f 3705 3915 3704
f 3700 3916 3912
f 3700 3915 3916
f 3914 3917 3702
f 3917 3706 3702
f 3707 3706 3917
f 3705 3709 3918
f 3710 3918 3709
f 3705 3919 3915
f 3705 3918 3919
f 3917 3920 3707
f 3921 3707 3920
f 3921 3708 3707
f 3921 3920 3708
f 3922 3708 3920
f 3712 3708 3922
f 3710 3715 3923
f 3923 3715 3713
f 3710 3924 3918
f 3710 3923 3924
f 3920 3925 3922
f 3922 3925 3712
f 3712 3925 3926
f 3716 3712 3926
f 3928 3719 3927
f 3928 3929 3713
f 3928 3713 3720
f 3928 3720 3719
f 3923 3713 3929
f 3930 3716 3931
f 3926 3931 3716
f 3932 3716 3930
f 3932 3721 3716
f 3932 3930 3721
f 3933 3721 3930
f 3721 3933 3722
f 3727 3726 3934
f 3934 3726 3724
f 3727 3935 3927
f 3727 3934 3935
f 3727 3927 3719
f 3930 3936 3933
f 3936 3722 3933
f 3937 3722 3938
f 3936 3938 3722
f 3939 3722 3937
f 3939 3728 3722
f 3939 3937 3728
f 3940 3728 3937
f 3728 3940 3730
f 3735 3734 3941
f 3941 3734 3732
f 3735 3942 3943
f 3735 3941 3942
f 3735 3943 3724
f 3943 3934 3724
f 3937 3944 3940
f 3944 3730 3940
f 3945 3730 3944
f 3736 3730 3945
f 3945 3946 3736
f 3737 3736 3946
f 3947 3737 3946
f 3737 3947 3738
f 3744 3743 3948
f 3948 3743 3742
f 3949 3744 3948
f 3949 3950 3745
f 3949 3745 3744
f 3745 3950 3951
f 3745 3951 3732
f 3951 3941 3732
f 3946 3952 3947
f 3952 3738 3947
f 3953 3738 3952
f 3739 3738 3953
f 3953 3954 3739
f 3739 3954 3955
f 3746 3739 3955
f 3954 3956 3955
f 3956 3746 3955
f 3747 3746 3956
f 3957 3747 3956
f 3957 3748 3747
f 3958 3748 3957
f 3958 3749 3748
f 3959 3749 3958
f 3959 3751 3749
f 3960 3751 3959
f 3960 3753 3751
f 3961 3753 3960
f 3961 3755 3753
f 3962 3755 3961
f 3757 3756 3962
f 3962 3756 3755
f 3963 3757 3962
f 3963 3758 3757
f 3758 3964 3965
f 3963 3964 3758
f 3758 3965 3741
f 3741 3965 3966
f 3741 3966 3742
f 3966 3948 3742
f 3969 3967 3970
f 3969 3970 3767
f 3971 3969 3767
f 3971 3767 3768
f 3972 3971 3768
f 3972 3768 3769
f 3973 3972 3769
f 3973 3769 3770
f 3974 3973 3770
f 3974 3770 3771
f 3975 3974 3976
f 3771 3976 3974
f 3980 3978 3760
f 3980 3760 3759
f 3982 3983 3981
f 3982 3981 3980
f 3759 3982 3980
f 3982 3762 3983
f 3982 3761 3762
f 3761 3982 3759
f 3762 3968 3983
f 3762 3764 3968
f 3764 3967 3968
f 3764 3766 3967
f 3967 3766 3970
f 3766 3767 3970
f 3771 3772 3976
f 3975 3976 3772
f 3772 3977 3975
f 3772 3773 3977
f 3773 3984 3977
f 3773 3776 3984
f 3985 3986 3984
f 3985 3984 3776
f 3985 3987 3986
f 3985 3777 3987
f 3777 3985 3776
f 3986 3987 3988
f 3777 3988 3987
f 3988 3777 3778
f 3778 3989 3988
f 3991 3990 3780
f 3991 3780 3779
f 3783 3979 3992
f 3783 3992 3991
f 3779 3783 3991
f 3783 3782 3979
f 3782 3978 3979
f 3782 3760 3978
f 3778 3784 3989
f 3784 3993 3989
f 3784 3994 3993
f 3784 3786 3994
f 3993 3994 3995
f 3786 3995 3994
f 3787 3995 3786
f 3997 3996 3789
f 3997 3999 3998
f 3997 3788 3999
f 3997 3789 3788
f 3791 3990 3998
f 3791 3998 3999
f 3788 3791 3999
f 3791 3780 3990
f 3787 4000 3995
f 3787 4001 4000
f 3792 4001 3787
f 4000 4001 4002
f 3792 4002 4001
f 3793 4002 3792
f 3796 3996 4004
f 3796 4004 4003
f 3794 3796 4003
f 3796 3789 3996
f 3793 4006 4002
f 3793 4007 4006
f 3793 3797 4007
f 4008 4006 4007
f 4008 4007 4009
f 3797 4009 4007
f 4011 4005 4012
f 4011 4012 4010
f 4011 4010 3800
f 4011 3799 4005
f 4011 3798 3799
f 4011 3800 3798
f 3799 4003 4005
f 4003 3799 3794
f 3797 3801 4009
f 4008 4009 3801
f 4008 3801 4013
f 3803 4013 3801
f 4015 4010 4016
f 4015 4016 4014
f 4015 4014 3805
f 4015 3800 4010
f 4015 3804 3800
f 4015 3805 3804
f 4017 4018 4013
f 3803 4017 4013
f 4017 3808 4018
f 4017 3803 3808
f 3810 4014 4020
f 3810 4020 4019
f 3810 4019 3811
f 3810 3805 4014
f 4018 3808 4021
f 3808 3813 4021
f 3815 4019 4023
f 3815 4023 4022
f 3815 4022 3816
f 3815 3811 4019
f 4021 3813 4024
f 3813 3818 4024
f 4026 4022 4027
f 4026 4027 4025
f 4026 4025 3820
f 4026 3816 4022
f 4026 3819 3816
f 4026 3820 3819
f 4028 4029 3818
f 4024 3818 4029
f 4028 3818 4029
f 3821 4029 3818
f 4030 4025 4031
f 4030 4031 4032
f 4030 4032 3824
f 4030 3820 4025
f 4030 3823 3820
f 4030 3824 3823
f 3821 4033 4029
f 3826 4033 3821
f 3824 4032 4034
f 3827 3824 4034
f 3826 4036 4033
f 3826 3828 4036
f 4037 4033 4036
f 4037 4036 4038
f 3828 4038 4036
f 3830 4034 4035
f 3830 4035 4039
f 3830 4039 3831
f 4034 3830 3827
f 4037 4038 4040
f 3828 4040 4038
f 3832 4040 3828
f 3832 3833 4040
f 4041 4042 4043
f 4041 3831 4039
f 4041 3834 3831
f 4041 4043 3834
f 3833 4044 4040
f 4044 3833 3836
f 3838 4043 4042
f 3838 4042 4045
f 3838 4045 3839
f 4043 3838 3834
f 4044 3836 4046
f 3840 4046 3836
f 3840 3841 4046
f 4047 3839 4045
f 4047 3842 3839
f 3841 4049 4046
f 4049 3841 3844
f 3846 4047 4048
f 3846 4048 4050
f 3846 4050 3847
f 4047 3846 3842
f 4049 3844 4051
f 4052 4051 3844
f 3848 4051 3844
f 4052 3844 4051
f 3847 4050 4053
f 3847 4053 3849
f 3848 4054 4051
f 4054 3848 3850
f 4055 4051 4054
f 3850 4055 4054
f 4056 3849 4053
f 4056 3851 3849
f 4055 3850 4058
f 4058 3850 3853
f 4059 4056 4057
f 4059 4057 4060
f 4059 4060 3855
f 4056 4059 3851
f 3851 4059 3854
f 4059 3855 3854
f 4058 3853 4061
f 4062 4061 3853
f 3856 4061 3853
f 4062 3853 4061
f 3855 4060 4063
f 3855 4063 3858
f 4064 4061 3856
f 4064 3856 3860
f 3858 4063 4065
f 3858 4065 3862
f 3860 4066 4064
f 3863 4066 3860
f 4067 4068 4065
f 4067 3864 4068
f 4068 3862 4065
f 3862 4068 3864
f 4066 3863 4069
f 4069 3863 3865
f 4069 4070 4066
f 3865 4070 4069
f 4071 3864 4067
f 4071 3866 3864
f 4070 3865 4072
f 3867 4072 3865
f 4073 3866 4071
f 4073 3868 3866
f 4072 3867 4074
f 3869 4074 3867
f 4075 3868 4073
f 4075 3870 3868
f 4074 3869 4076
f 3871 4076 3869
f 4077 3870 4075
f 4077 3872 3870
f 4076 3871 4078
f 3873 4078 3871
f 4079 4080 4077
f 3872 4077 4080
f 3872 4080 3874
f 4079 3874 4080
f 3875 4082 3873
f 4081 3873 4082
f 4078 3873 4082
f 4081 4082 3873
f 3874 4079 4083
f 3874 4083 3876
f 4082 3875 4084
f 4084 3875 3878
f 3876 4083 4085
f 3876 4085 3880
f 4086 4084 3878
f 4086 3878 3881
f 3882 4086 3881
f 4087 3880 4085
f 4087 4085 4088
f 4087 4088 4089
f 3880 4087 3883
f 4087 4089 3883
f 4091 4090 4086
f 4091 4092 4090
f 4091 3884 4092
f 4091 4086 3882
f 4091 3882 3884
f 4088 4093 4089
f 4089 4093 3883
f 4093 3885 3883
f 3884 4094 4092
f 3884 3886 4094
f 4095 3885 4093
f 3885 4095 3887
f 4096 3886 3889
f 3890 4096 3889
f 4096 4094 3886
f 3887 4095 4097
f 3887 4097 4098
f 3887 4098 3891
f 4099 3892 4100
f 4099 4096 3890
f 4099 3890 3892
f 4097 4101 4098
f 4098 4101 3891
f 3893 3891 4101
f 3892 4102 4100
f 3892 3894 4102
f 3893 4101 4103
f 3893 4103 4104
f 3895 3893 4104
f 4105 3897 4106
f 4105 4102 3894
f 4105 3894 3896
f 4105 3896 3897
f 4103 4107 4104
f 4104 4107 3895
f 3898 3895 4107
f 3897 4108 4106
f 3897 3899 4108
f 3898 4107 4109
f 3898 4109 4110
f 3898 4110 3900
f 4111 3901 4112
f 4111 4108 3899
f 4111 3899 3902
f 4111 3902 3901
f 4109 4113 4110
f 4114 3900 4113
f 4110 4113 3900
f 4114 4113 3900
f 3903 3900 4113
f 3901 3905 4116
f 4115 4116 3905
f 3906 4115 3905
f 4115 4112 4116
f 3901 4116 4112
f 4113 4117 3903
f 3907 3903 4117
f 3906 4119 4115
f 3906 4118 4119
f 3906 3909 4118
f 4117 4120 3907
f 4120 4117 4121
f 4120 3911 3907
f 4120 4121 3911
f 4122 4123 4118
f 4122 4124 4123
f 4122 3912 4124
f 4122 4118 3909
f 4122 3909 3913
f 4122 3913 3912
f 4121 4125 3911
f 3911 4125 3914
f 4126 3915 4127
f 4126 4124 3912
f 4126 3912 3916
f 4126 3916 3915
f 4125 4128 3914
f 3914 4128 3917
f 4129 3918 4130
f 4129 4127 3915
f 4129 3915 3919
f 4129 3919 3918
f 4131 3917 4132
f 4128 4132 3917
f 4131 4132 3917
f 3920 3917 4132
f 4134 4135 4130
f 4134 4133 4135
f 4134 3923 4133
f 4134 4130 3918
f 4134 3918 3924
f 4134 3924 3923
f 4136 3920 4132
f 4136 3925 3920
f 4137 3925 4136
f 3926 3925 4137
f 3929 3928 4138
f 3927 4139 3928
f 4138 3928 4139
f 3929 4140 4133
f 3929 4138 4140
f 3929 4133 3923
f 4136 4141 4137
f 4137 4141 3926
f 3926 4141 4142
f 3930 3931 4142
f 3926 4142 3931
f 4144 3934 4143
f 4144 4145 3927
f 4144 3927 3935
f 4144 3935 3934
f 4138 4139 4145
f 3927 4145 4139
f 4146 3930 4142
f 3936 3930 4146
f 3936 4146 4147
f 3937 3938 4147
f 3936 4147 3938
f 4149 3941 4148
f 4149 4150 3943
f 4149 3943 3942
f 4149 3942 3941
f 3943 4150 4143
f 3943 4143 3934
f 4151 3937 4147
f 3944 3937 4151
f 4151 4152 3944
f 3945 3944 4152
f 4153 3945 4152
f 3945 4153 3946
f 3950 3949 4154
f 4154 3949 3948
f 4155 3950 4154
f 4155 4156 3951
f 4155 3951 3950
f 3951 4156 4148
f 3951 4148 3941
f 4152 4157 4153
f 4157 3946 4153
f 4158 3946 4157
f 3952 3946 4158
f 4158 4160 3952
f 4159 3952 4160
f 3953 3952 4160
f 4159 4160 3952
f 4161 3953 4160
f 4161 3954 3953
f 4162 3954 4161
f 3954 4162 3956
f 3956 4162 4163
f 3956 4163 3957
f 3961 4164 3962
f 4165 3962 4164
f 4165 4166 3962
f 4166 3963 3962
f 4167 3963 4166
f 3965 3964 4167
f 4167 3964 3963
f 4168 4169 4170
f 4168 4167 4169
f 4168 3965 4167
f 4168 4170 3966
f 4168 3966 3965
f 3966 4170 4171
f 3966 4171 3948
f 4171 4154 3948
f 4172 4163 4162
f 4172 3957 4163
f 4173 3957 4172
f 4173 3958 3957
f 4174 3958 4173
f 4174 3959 3958
f 4175 3959 4174
f 4175 3960 3959
f 4176 3960 4175
f 4176 3961 3960
f 4165 4164 4176
f 3961 4176 4164
f 4179 4177 3968
f 4179 3968 3967
f 3967 4180 4179
f 3969 4180 3967
f 3969 4181 4180
f 3971 4181 3969
f 4183 4184 4182
f 4183 4182 4181
f 3971 4183 4181
f 3972 4183 3971
f 4185 4184 4183
f 3972 4185 4183
f 3973 4185 3972
f 3973 4186 4185
f 3974 4186 3973
f 3974 4187 4186
f 3975 4187 3974
f 3975 4188 4187
f 4188 3975 3977
f 3977 4189 4188
f 4192 4190 3979
f 4192 3979 3978
f 4194 4195 4193
f 4194 4193 4192
f 3978 4194 4192
f 4194 3981 4195
f 4194 3980 3981
f 3980 4194 3978
f 3981 4178 4195
f 3981 3983 4178
f 3983 4177 4178
f 3983 3968 4177
f 3977 3984 4189
f 3984 4196 4189
f 3984 3986 4196
f 4197 4198 4196
f 4197 4196 3986
f 4197 4199 4198
f 4197 3988 4199
f 3988 4197 3986
f 4198 4199 4200
f 3988 4200 4199
f 4200 3988 3989
f 4203 4191 4204
f 4203 4204 4201
f 3990 4203 4201
f 4203 3992 4191
f 4203 3991 3992
f 3991 4203 3990
f 3992 4190 4191
f 3992 3979 4190
f 4200 3989 4205
f 3989 3993 4205
f 4206 4207 4205
f 4206 4205 3993
f 4206 3995 4207
f 3995 4206 3993
f 4208 4207 4209
f 3995 4209 4207
f 4212 4202 4213
f 4212 4213 4210
f 3996 4212 4210
f 4212 3998 4202
f 4212 3997 3998
f 3997 4212 3996
f 3998 4201 4202
f 4201 3998 3990
f 3995 4000 4209
f 4208 4209 4000
f 4214 4215 4208
f 4214 4208 4000
f 4214 4002 4215
f 4002 4214 4000
f 4216 4215 4217
f 4002 4217 4215
f 4219 4211 4220
f 4219 4220 4218
f 4219 4218 4005
f 4219 4004 4211
f 4219 4003 4004
f 4219 4005 4003
f 4004 4210 4211
f 4210 4004 3996
f 4002 4006 4217
f 4216 4217 4006
f 4216 4006 4221
f 4008 4221 4006
f 4012 4218 4222
f 4010 4012 4222
f 4012 4005 4218
f 4223 4224 4221
f 4008 4223 4221
f 4223 4013 4224
f 4013 4223 4008
f 4225 4224 4013
f 4016 4222 4226
f 4014 4016 4226
f 4222 4016 4010
f 4225 4013 4228
f 4228 4013 4229
f 4013 4018 4229
f 4230 4228 4229
f 4230 4229 4231
f 4018 4231 4229
f 4232 4234 4227
f 4232 4019 4234
f 4020 4226 4227
f 4020 4227 4234
f 4019 4020 4234
f 4226 4020 4014
f 4230 4231 4235
f 4018 4236 4231
f 4235 4231 4236
f 4018 4021 4236
f 4237 4235 4236
f 4237 4236 4238
f 4021 4238 4236
f 4239 4241 4233
f 4239 4022 4241
f 4023 4232 4233
f 4023 4233 4241
f 4022 4023 4241
f 4232 4023 4019
f 4237 4238 4242
f 4021 4243 4238
f 4242 4238 4243
f 4021 4024 4243
f 4244 4242 4243
f 4244 4243 4024
f 4027 4239 4240
f 4025 4027 4240
f 4239 4027 4022
f 4244 4024 4245
f 4245 4024 4246
f 4024 4029 4246
f 4247 4245 4246
f 4247 4246 4029
f 4031 4240 4248
f 4031 4248 4032
f 4240 4031 4025
f 4247 4029 4249
f 4029 4033 4249
f 4250 4248 4251
f 4250 4251 4252
f 4250 4252 4035
f 4250 4032 4248
f 4250 4034 4032
f 4250 4035 4034
f 4033 4253 4249
f 4037 4253 4033
f 4035 4252 4254
f 4039 4035 4254
f 4037 4255 4253
f 4037 4040 4255
f 4256 4253 4255
f 4256 4255 4040
f 4257 4254 4258
f 4257 4258 4259
f 4257 4259 4042
f 4254 4257 4039
f 4039 4257 4041
f 4257 4042 4041
f 4256 4040 4260
f 4261 4260 4040
f 4044 4260 4040
f 4261 4040 4260
f 4042 4259 4262
f 4045 4042 4262
f 4044 4263 4260
f 4044 4046 4263
f 4264 4260 4263
f 4264 4263 4046
f 4265 4262 4266
f 4265 4266 4267
f 4265 4267 4048
f 4262 4265 4045
f 4045 4265 4047
f 4265 4048 4047
f 4264 4046 4268
f 4269 4268 4046
f 4049 4268 4046
f 4269 4046 4268
f 4048 4267 4270
f 4048 4270 4050
f 4049 4272 4268
f 4271 4268 4272
f 4272 4049 4051
f 4273 4050 4270
f 4273 4053 4050
f 4272 4051 4275
f 4275 4051 4055
f 4276 4273 4274
f 4276 4274 4277
f 4276 4277 4057
f 4273 4276 4053
f 4053 4276 4056
f 4276 4057 4056
f 4275 4055 4278
f 4279 4278 4055
f 4058 4278 4055
f 4279 4055 4278
f 4057 4277 4280
f 4057 4280 4060
f 4281 4278 4058
f 4281 4058 4061
f 4060 4280 4282
f 4060 4282 4063
f 4061 4283 4281
f 4283 4061 4064
f 4284 4281 4283
f 4064 4284 4283
f 4285 4063 4282
f 4285 4065 4063
f 4284 4064 4286
f 4286 4064 4066
f 4285 4287 4065
f 4065 4287 4067
f 4066 4288 4286
f 4066 4070 4288
f 4287 4289 4067
f 4067 4289 4071
f 4070 4291 4288
f 4070 4072 4291
f 4292 4289 4290
f 4292 4290 4293
f 4289 4292 4071
f 4071 4292 4073
f 4072 4294 4291
f 4072 4074 4294
f 4295 4292 4293
f 4292 4295 4073
f 4073 4295 4075
f 4074 4296 4294
f 4074 4076 4296
f 4295 4297 4075
f 4075 4297 4077
f 4076 4298 4296
f 4076 4078 4298
f 4297 4299 4077
f 4077 4299 4079
f 4078 4300 4298
f 4078 4082 4300
f 4299 4301 4079
f 4301 4083 4079
f 4082 4302 4300
f 4082 4084 4302
f 4303 4083 4301
f 4083 4303 4085
f 4304 4084 4086
f 4304 4302 4084
f 4085 4303 4305
f 4085 4305 4088
f 4306 4304 4086
f 4306 4086 4090
f 4092 4306 4090
f 4307 4088 4305
f 4307 4305 4308
f 4307 4308 4309
f 4088 4307 4093
f 4307 4309 4093
f 4311 4310 4306
f 4311 4312 4310
f 4311 4094 4312
f 4311 4306 4092
f 4311 4092 4094
f 4308 4313 4309
f 4309 4313 4093
f 4313 4095 4093
f 4094 4314 4312
f 4094 4096 4314
f 4313 4315 4095
f 4095 4315 4097
f 4316 4314 4096
f 4316 4096 4099
f 4100 4316 4099
f 4317 4097 4315
f 4317 4315 4318
f 4097 4317 4101
f 4317 4318 4101
f 4100 4319 4316
f 4100 4320 4319
f 4100 4102 4320
f 4322 4101 4321
f 4318 4321 4101
f 4322 4321 4101
f 4103 4101 4321
f 4102 4105 4324
f 4323 4324 4105
f 4106 4323 4105
f 4323 4320 4324
f 4102 4324 4320
f 4325 4103 4321
f 4325 4321 4326
f 4103 4325 4107
f 4325 4326 4107
f 4328 4327 4323
f 4328 4329 4327
f 4328 4108 4329
f 4328 4323 4106
f 4328 4106 4108
f 4326 4330 4107
f 4109 4107 4330
f 4331 4108 4111
f 4112 4331 4111
f 4331 4329 4108
f 4330 4332 4109
f 4113 4109 4332
f 4112 4334 4331
f 4112 4333 4334
f 4112 4115 4333
f 4332 4335 4113
f 4335 4332 4336
f 4113 4335 4117
f 4335 4336 4117
f 4337 4118 4338
f 4337 4333 4115
f 4337 4115 4119
f 4337 4119 4118
f 4336 4339 4117
f 4117 4339 4340
f 4341 4117 4340
f 4121 4117 4341
f 4342 4124 4343
f 4342 4338 4118
f 4342 4118 4123
f 4342 4123 4124
f 4340 4344 4341
f 4345 4121 4344
f 4341 4344 4121
f 4345 4344 4346
f 4345 4346 4121
f 4347 4121 4346
f 4125 4121 4347
f 4348 4349 4124
f 4348 4124 4126
f 4127 4348 4126
f 4349 4343 4124
f 4346 4350 4347
f 4351 4125 4350
f 4347 4350 4125
f 4351 4350 4352
f 4351 4352 4125
f 4353 4125 4352
f 4128 4125 4353
f 4354 4127 4129
f 4354 4129 4130
f 4354 4348 4127
f 4352 4355 4353
f 4356 4128 4355
f 4353 4355 4128
f 4356 4355 4357
f 4356 4357 4128
f 4358 4128 4357
f 4132 4128 4358
f 4359 4133 4360
f 4359 4130 4135
f 4359 4135 4133
f 4359 4354 4130
f 4357 4361 4358
f 4358 4361 4132
f 4132 4361 4362
f 4136 4132 4362
f 4364 4138 4363
f 4364 4360 4133
f 4364 4133 4140
f 4364 4140 4138
f 4365 4136 4362
f 4366 4136 4365
f 4366 4141 4136
f 4366 4365 4141
f 4367 4141 4365
f 4142 4141 4367
f 4145 4144 4368
f 4368 4144 4143
f 4145 4369 4363
f 4145 4368 4369
f 4145 4363 4138
f 4365 4370 4367
f 4367 4370 4142
f 4370 4372 4142
f 4371 4142 4372
f 4146 4142 4372
f 4371 4372 4142
f 4373 4146 4372
f 4147 4146 4373
f 4150 4149 4374
f 4148 4375 4149
f 4374 4149 4375
f 4376 4377 4378
f 4376 4374 4377
f 4376 4150 4374
f 4376 4378 4143
f 4376 4143 4150
f 4368 4143 4378
f 4372 4379 4373
f 4373 4379 4147
f 4379 4381 4147
f 4380 4147 4381
f 4151 4147 4381
f 4380 4381 4147
f 4381 4382 4151
f 4383 4151 4382
f 4151 4383 4152
f 4384 4154 4385
f 4156 4155 4384
f 4384 4155 4154
f 4156 4386 4387
f 4156 4384 4386
f 4156 4387 4148
f 4374 4375 4387
f 4148 4387 4375
f 4388 4152 4383
f 4157 4152 4388
f 4388 4390 4157
f 4389 4157 4390
f 4158 4157 4390
f 4389 4390 4157
f 4391 4158 4390
f 4391 4160 4158
f 4392 4160 4391
f 4160 4392 4161
f 4393 4167 4166
f 4394 4167 4393
f 4170 4169 4394
f 4394 4169 4167
f 4395 4396 4397
f 4395 4394 4396
f 4395 4170 4394
f 4395 4397 4171
f 4395 4171 4170
f 4171 4397 4385
f 4171 4385 4154
f 4391 4398 4392
f 4398 4161 4392
f 4399 4161 4398
f 4162 4161 4399
f 4162 4399 4400
f 4162 4400 4172
f 4172 4400 4401
f 4172 4401 4173
f 4173 4401 4402
f 4173 4402 4174
f 4174 4402 4403
f 4174 4403 4175
f 4175 4403 4404
f 4175 4404 4176
f 4176 4404 4405
f 4176 4405 4165
f 4165 4405 4406
f 4165 4406 4166
f 4406 4393 4166
f 4409 4407 4178
f 4409 4178 4177
f 4177 4410 4409
f 4179 4410 4177
f 4412 4413 4411
f 4412 4411 4410
f 4179 4412 4410
f 4412 4414 4413
f 4412 4180 4414
f 4180 4412 4179
f 4414 4415 4413
f 4414 4182 4415
f 4414 4181 4182
f 4181 4414 4180
f 4182 4416 4415
f 4182 4184 4416
f 4184 4417 4416
f 4184 4418 4417
f 4185 4418 4184
f 4418 4419 4417
f 4418 4420 4419
f 4418 4186 4420
f 4186 4418 4185
f 4421 4422 4419
f 4421 4419 4420
f 4186 4421 4420
f 4187 4421 4186
f 4422 4421 4423
f 4187 4423 4421
f 4188 4423 4187
f 4188 4424 4423
f 4424 4188 4189
f 4189 4425 4424
f 4426 4427 4191
f 4426 4191 4190
f 4428 4429 4430
f 4428 4430 4426
f 4190 4428 4426
f 4428 4193 4429
f 4428 4192 4193
f 4192 4428 4190
f 4193 4408 4429
f 4193 4195 4408
f 4195 4407 4408
f 4195 4178 4407
f 4189 4196 4425
f 4196 4431 4425
f 4196 4198 4431
f 4432 4431 4198
f 4200 4432 4198
f 4200 4433 4432
f 4435 4434 4202
f 4435 4202 4201
f 4204 4427 4436
f 4204 4436 4435
f 4201 4204 4435
f 4204 4191 4427
f 4200 4205 4433
f 4205 4437 4433
f 4205 4438 4437
f 4207 4438 4205
f 4437 4438 4439
f 4207 4439 4438
f 4208 4439 4207
f 4440 4442 4211
f 4440 4211 4210
f 4213 4434 4441
f 4213 4441 4440
f 4210 4213 4440
f 4213 4202 4434
f 4208 4443 4439
f 4208 4444 4443
f 4215 4444 4208
f 4445 4443 4444
f 4215 4445 4444
f 4216 4445 4215
f 4220 4442 4447
f 4220 4447 4446
f 4218 4220 4446
f 4220 4211 4442
f 4448 4449 4445
f 4448 4445 4216
f 4448 4221 4449
f 4221 4448 4216
f 4450 4449 4221
f 4451 4452 4222
f 4222 4446 4451
f 4446 4222 4218
f 4450 4221 4453
f 4453 4221 4454
f 4221 4224 4454
f 4455 4453 4454
f 4224 4455 4454
f 4225 4455 4224
f 4456 4457 4227
f 4456 4222 4452
f 4456 4226 4222
f 4456 4227 4226
f 4225 4228 4455
f 4458 4455 4228
f 4230 4458 4228
f 4459 4460 4233
f 4459 4227 4457
f 4459 4232 4227
f 4459 4233 4232
f 4230 4235 4458
f 4461 4458 4235
f 4237 4461 4235
f 4462 4463 4240
f 4462 4233 4460
f 4462 4239 4233
f 4462 4240 4239
f 4237 4242 4461
f 4464 4461 4242
f 4244 4464 4242
f 4465 4240 4463
f 4244 4245 4464
f 4467 4464 4245
f 4467 4245 4247
f 4240 4465 4466
f 4248 4240 4466
f 4467 4247 4468
f 4468 4247 4469
f 4247 4249 4469
f 4470 4468 4469
f 4470 4469 4249
f 4251 4466 4471
f 4251 4471 4472
f 4251 4472 4252
f 4466 4251 4248
f 4470 4249 4473
f 4253 4473 4249
f 4474 4252 4472
f 4474 4254 4252
f 4253 4476 4473
f 4477 4473 4476
f 4477 4476 4256
f 4253 4256 4476
f 4258 4474 4475
f 4258 4475 4478
f 4258 4478 4259
f 4474 4258 4254
f 4477 4256 4479
f 4260 4479 4256
f 4480 4259 4478
f 4480 4262 4259
f 4260 4482 4479
f 4482 4260 4264
f 4266 4480 4481
f 4266 4481 4483
f 4266 4483 4267
f 4480 4266 4262
f 4482 4264 4484
f 4484 4264 4268
f 4485 4267 4483
f 4485 4270 4267
f 4268 4271 4484
f 4486 4484 4271
f 4486 4271 4272
f 4487 4485 4488
f 4487 4488 4489
f 4487 4489 4274
f 4485 4487 4270
f 4270 4487 4273
f 4487 4274 4273
f 4486 4272 4490
f 4491 4490 4272
f 4491 4492 4490
f 4275 4492 4272
f 4491 4272 4492
f 4274 4489 4493
f 4274 4493 4277
f 4494 4492 4275
f 4494 4275 4278
f 4277 4493 4495
f 4277 4495 4280
f 4278 4496 4494
f 4496 4278 4281
f 4497 4494 4496
f 4281 4497 4496
f 4498 4280 4495
f 4498 4282 4280
f 4497 4281 4499
f 4499 4281 4284
f 4498 4500 4282
f 4282 4500 4285
f 4284 4502 4499
f 4284 4286 4502
f 4503 4500 4501
f 4503 4501 4504
f 4503 4504 4505
f 4500 4503 4285
f 4285 4503 4287
f 4503 4505 4287
f 4502 4286 4506
f 4286 4507 4506
f 4288 4507 4286
f 4505 4504 4508
f 4505 4508 4290
f 4287 4505 4289
f 4505 4290 4289
f 4506 4507 4509
f 4509 4507 4288
f 4291 4509 4288
f 4290 4508 4510
f 4290 4510 4293
f 4511 4509 4291
f 4294 4511 4291
f 4293 4510 4512
f 4293 4512 4513
f 4295 4293 4513
f 4514 4511 4294
f 4296 4514 4294
f 4513 4512 4515
f 4513 4515 4516
f 4295 4513 4297
f 4513 4516 4297
f 4518 4517 4514
f 4518 4519 4517
f 4518 4514 4296
f 4298 4519 4296
f 4518 4296 4519
f 4520 4516 4515
f 4520 4515 4521
f 4516 4520 4297
f 4297 4520 4299
f 4517 4519 4522
f 4519 4523 4522
f 4519 4300 4523
f 4519 4298 4300
f 4521 4524 4520
f 4520 4524 4299
f 4299 4524 4301
f 4300 4525 4523
f 4300 4302 4525
f 4524 4526 4301
f 4526 4303 4301
f 4302 4527 4525
f 4302 4304 4527
f 4528 4303 4526
f 4303 4528 4305
f 4529 4304 4306
f 4529 4527 4304
f 4305 4528 4530
f 4305 4530 4308
f 4531 4529 4306
f 4531 4306 4310
f 4312 4531 4310
f 4532 4308 4530
f 4308 4532 4313
f 4312 4533 4531
f 4312 4534 4533
f 4312 4314 4534
f 4532 4535 4313
f 4315 4313 4535
f 4314 4316 4536
f 4314 4536 4534
f 4315 4535 4537
f 4315 4537 4538
f 4318 4315 4538
f 4539 4320 4540
f 4539 4536 4316
f 4539 4316 4319
f 4539 4319 4320
f 4537 4541 4538
f 4538 4541 4318
f 4541 4321 4318
f 4320 4542 4540
f 4320 4323 4542
f 4541 4543 4321
f 4321 4543 4544
f 4326 4321 4544
f 4545 4329 4546
f 4545 4542 4323
f 4545 4323 4327
f 4545 4327 4329
f 4543 4547 4544
f 4544 4547 4326
f 4547 4330 4326
f 4329 4548 4546
f 4329 4331 4548
f 4549 4330 4547
f 4549 4547 4550
f 4330 4549 4332
f 4549 4550 4332
f 4551 4333 4552
f 4551 4548 4331
f 4551 4331 4334
f 4551 4334 4333
f 4550 4553 4332
f 4332 4553 4554
f 4555 4332 4554
f 4336 4332 4555
f 4556 4552 4333
f 4556 4333 4337
f 4338 4556 4337
f 4554 4558 4555
f 4559 4336 4558
f 4555 4558 4336
f 4559 4339 4336
f 4559 4558 4339
f 4340 4339 4558
f 4338 4342 4560
f 4343 4560 4342
f 4338 4557 4556
f 4338 4560 4557
f 4558 4561 4340
f 4561 4344 4340
f 4346 4344 4561
f 4349 4348 4562
f 4343 4563 4560
f 4343 4562 4563
f 4343 4349 4562
f 4561 4564 4346
f 4564 4350 4346
f 4352 4350 4564
f 4348 4566 4562
f 4348 4565 4566
f 4348 4354 4565
f 4564 4567 4352
f 4567 4355 4352
f 4357 4355 4567
f 4360 4568 4359
f 4354 4569 4565
f 4354 4568 4569
f 4354 4359 4568
f 4567 4570 4357
f 4361 4357 4570
f 4361 4570 4571
f 4572 4361 4571
f 4362 4361 4572
f 4573 4363 4575
f 4573 4574 4360
f 4573 4360 4364
f 4573 4364 4363
f 4360 4574 4568
f 4571 4576 4572
f 4572 4576 4362
f 4576 4577 4362
f 4365 4362 4577
f 4579 4368 4578
f 4579 4575 4363
f 4579 4363 4369
f 4579 4369 4368
f 4577 4580 4365
f 4370 4365 4580
f 4370 4580 4581
f 4370 4581 4372
f 4583 4374 4582
f 4583 4584 4378
f 4583 4378 4377
f 4583 4377 4374
f 4378 4584 4578
f 4378 4578 4368
f 4585 4372 4581
f 4379 4372 4585
f 4585 4586 4379
f 4586 4381 4379
f 4382 4381 4586
f 4385 4587 4384
f 4588 4384 4587
f 4588 4589 4387
f 4588 4387 4386
f 4588 4386 4384
f 4387 4589 4582
f 4387 4582 4374
f 4586 4590 4382
f 4383 4382 4590
f 4383 4591 4592
f 4590 4591 4383
f 4388 4383 4592
f 4593 4388 4592
f 4593 4390 4388
f 4594 4390 4593
f 4390 4594 4391
f 4595 4394 4393
f 4596 4394 4595
f 4397 4396 4596
f 4596 4396 4394
f 4397 4597 4598
f 4397 4596 4597
f 4397 4598 4385
f 4385 4598 4587
f 4593 4599 4594
f 4599 4391 4594
f 4600 4391 4599
f 4398 4391 4600
f 4398 4600 4601
f 4398 4601 4399
f 4601 4602 4399
f 4399 4602 4603
f 4400 4399 4603
f 4602 4604 4603
f 4604 4400 4603
f 4401 4400 4604
f 4605 4401 4604
f 4402 4401 4605
f 4606 4402 4605
f 4403 4402 4606
f 4607 4606 4608
f 4607 4403 4606
f 4607 4608 4609
f 4404 4403 4609
f 4607 4609 4403
f 4609 4610 4611
f 4608 4610 4609
f 4609 4611 4405
f 4609 4405 4404
f 4405 4611 4612
f 4405 4612 4406
f 4406 4612 4613
f 4406 4613 4393
f 4613 4595 4393
f 4615 4614 4408
f 4615 4408 4407
f 4407 4616 4615
f 4409 4616 4407
f 4618 4619 4617
f 4618 4617 4616
f 4409 4618 4616
f 4618 4411 4619
f 4618 4410 4411
f 4410 4618 4409
f 4411 4620 4619
f 4411 4413 4620
f 4413 4621 4620
f 4413 4415 4621
f 4415 4622 4621
f 4415 4416 4622
f 4416 4623 4622
f 4416 4417 4623
f 4417 4624 4623
f 4417 4419 4624
f 4419 4625 4624
f 4419 4422 4625
f 4626 4627 4625
f 4626 4625 4422
f 4626 4628 4627
f 4626 4423 4628
f 4423 4626 4422
f 4627 4628 4629
f 4423 4629 4628
f 4424 4629 4423
f 4424 4630 4629
f 4630 4424 4425
f 4632 4631 4427
f 4632 4427 4426
f 4430 4634 4633
f 4430 4633 4632
f 4426 4430 4632
f 4430 4429 4634
f 4429 4614 4634
f 4429 4408 4614
f 4630 4425 4635
f 4425 4431 4635
f 4431 4636 4635
f 4431 4637 4636
f 4432 4637 4431
f 4636 4637 4638
f 4432 4638 4637
f 4638 4432 4433
f 4641 4642 4643
f 4641 4643 4639
f 4434 4641 4639
f 4641 4436 4642
f 4641 4435 4436
f 4435 4641 4434
f 4436 4631 4642
f 4436 4427 4631
f 4638 4433 4644
f 4433 4437 4644
f 4645 4646 4437
f 4644 4437 4646
f 4439 4645 4437
f 4647 4645 4439
f 4649 4648 4442
f 4649 4441 4640
f 4649 4440 4441
f 4649 4442 4440
f 4441 4639 4640
f 4639 4441 4434
f 4647 4439 4650
f 4650 4439 4443
f 4650 4443 4651
f 4651 4443 4445
f 4652 4654 4446
f 4447 4648 4653
f 4447 4653 4652
f 4446 4447 4652
f 4447 4442 4648
f 4651 4445 4655
f 4445 4656 4655
f 4449 4656 4445
f 4657 4655 4656
f 4449 4657 4656
f 4450 4657 4449
f 4658 4659 4452
f 4658 4446 4654
f 4658 4451 4446
f 4658 4452 4451
f 4450 4453 4657
f 4660 4657 4453
f 4455 4660 4453
f 4662 4659 4663
f 4662 4663 4661
f 4662 4661 4457
f 4662 4452 4659
f 4662 4456 4452
f 4662 4457 4456
f 4664 4660 4455
f 4458 4664 4455
f 4666 4661 4667
f 4666 4667 4665
f 4666 4665 4460
f 4666 4457 4661
f 4666 4459 4457
f 4666 4460 4459
f 4668 4669 4664
f 4458 4668 4664
f 4668 4458 4669
f 4461 4669 4458
f 4670 4665 4671
f 4670 4671 4672
f 4670 4672 4463
f 4670 4460 4665
f 4670 4462 4460
f 4670 4463 4462
f 4461 4673 4669
f 4464 4673 4461
f 4674 4675 4466
f 4674 4463 4672
f 4674 4465 4463
f 4674 4466 4465
f 4676 4673 4464
f 4467 4676 4464
f 4677 4466 4675
f 4467 4468 4676
f 4679 4676 4468
f 4679 4468 4470
f 4471 4677 4678
f 4471 4678 4680
f 4471 4680 4472
f 4677 4471 4466
f 4679 4470 4681
f 4681 4470 4473
f 4682 4683 4475
f 4682 4472 4680
f 4682 4474 4472
f 4682 4475 4474
f 4684 4681 4473
f 4684 4473 4685
f 4477 4685 4473
f 4475 4683 4686
f 4478 4475 4686
f 4477 4688 4685
f 4687 4685 4688
f 4477 4479 4688
f 4689 4687 4688
f 4689 4688 4479
f 4690 4686 4691
f 4690 4691 4692
f 4690 4692 4481
f 4686 4690 4478
f 4478 4690 4480
f 4690 4481 4480
f 4689 4479 4693
f 4479 4694 4693
f 4482 4694 4479
f 4481 4692 4695
f 4481 4695 4483
f 4482 4696 4694
f 4696 4482 4484
f 4697 4483 4695
f 4697 4485 4483
f 4696 4484 4699
f 4699 4484 4486
f 4488 4697 4698
f 4488 4698 4700
f 4488 4700 4489
f 4697 4488 4485
f 4699 4486 4701
f 4701 4486 4490
f 4492 4701 4490
f 4489 4700 4702
f 4489 4702 4493
f 4492 4703 4701
f 4703 4492 4494
f 4704 4493 4702
f 4704 4495 4493
f 4703 4494 4705
f 4705 4494 4497
f 4704 4706 4495
f 4495 4706 4498
f 4497 4708 4705
f 4497 4499 4708
f 4709 4706 4707
f 4709 4707 4710
f 4709 4710 4501
f 4706 4709 4498
f 4498 4709 4500
f 4709 4501 4500
f 4708 4499 4711
f 4502 4711 4499
f 4501 4710 4712
f 4501 4712 4504
f 4713 4711 4502
f 4713 4502 4506
f 4504 4712 4714
f 4504 4714 4508
f 4715 4713 4506
f 4715 4506 4509
f 4508 4714 4716
f 4508 4716 4510
f 4717 4715 4509
f 4717 4509 4511
f 4510 4716 4718
f 4510 4718 4512
f 4719 4717 4511
f 4719 4511 4514
f 4512 4718 4720
f 4512 4720 4515
f 4721 4719 4514
f 4721 4514 4517
f 4515 4720 4722
f 4515 4722 4521
f 4723 4721 4517
f 4723 4517 4522
f 4523 4723 4522
f 4724 4521 4722
f 4724 4722 4725
f 4724 4725 4726
f 4521 4724 4524
f 4724 4726 4524
f 4728 4727 4723
f 4728 4729 4727
f 4728 4525 4729
f 4728 4723 4523
f 4728 4523 4525
f 4725 4730 4726
f 4726 4730 4524
f 4524 4730 4526
f 4525 4731 4729
f 4525 4527 4731
f 4730 4732 4526
f 4732 4528 4526
f 4527 4733 4731
f 4527 4529 4733
f 4732 4734 4528
f 4528 4734 4530
f 4735 4733 4529
f 4735 4529 4531
f 4530 4734 4736
f 4530 4736 4737
f 4532 4530 4737
f 4738 4534 4739
f 4738 4735 4531
f 4738 4531 4533
f 4738 4533 4534
f 4736 4740 4737
f 4737 4740 4532
f 4740 4535 4532
f 4534 4741 4739
f 4534 4536 4741
f 4740 4742 4535
f 4535 4742 4537
f 4743 4741 4536
f 4743 4536 4539
f 4540 4743 4539
f 4744 4537 4745
f 4742 4745 4537
f 4537 4744 4541
f 4540 4746 4743
f 4540 4747 4746
f 4540 4542 4747
f 4744 4748 4541
f 4541 4748 4749
f 4543 4541 4749
f 4750 4747 4542
f 4750 4542 4545
f 4546 4750 4545
f 4749 4751 4543
f 4751 4547 4543
f 4751 4752 4547
f 4546 4753 4750
f 4546 4754 4753
f 4546 4548 4754
f 4752 4755 4547
f 4547 4755 4756
f 4550 4547 4756
f 4757 4552 4758
f 4757 4754 4548
f 4757 4548 4551
f 4757 4551 4552
f 4755 4759 4756
f 4760 4550 4759
f 4756 4759 4550
f 4760 4553 4550
f 4760 4759 4553
f 4554 4553 4759
f 4552 4556 4761
f 4557 4761 4556
f 4552 4761 4758
f 4759 4762 4554
f 4762 4558 4554
f 4557 4764 4761
f 4557 4763 4764
f 4557 4560 4763
f 4765 4558 4762
f 4561 4558 4765
f 4563 4767 4763
f 4563 4766 4767
f 4563 4562 4766
f 4563 4763 4560
f 4765 4768 4561
f 4768 4765 4769
f 4768 4769 4561
f 4564 4561 4769
f 4771 4772 4766
f 4771 4770 4772
f 4771 4565 4770
f 4771 4766 4562
f 4771 4562 4566
f 4771 4566 4565
f 4769 4773 4564
f 4773 4567 4564
f 4569 4775 4770
f 4569 4774 4775
f 4569 4568 4774
f 4569 4770 4565
f 4773 4776 4567
f 4777 4567 4776
f 4777 4570 4567
f 4777 4776 4570
f 4571 4570 4776
f 4574 4573 4778
f 4575 4778 4573
f 4574 4779 4774
f 4574 4778 4779
f 4574 4774 4568
f 4776 4780 4571
f 4576 4571 4780
f 4576 4780 4781
f 4576 4781 4577
f 4782 4578 4784
f 4782 4783 4575
f 4782 4575 4579
f 4782 4579 4578
f 4575 4783 4778
f 4785 4577 4781
f 4785 4580 4577
f 4785 4786 4580
f 4787 4580 4786
f 4581 4580 4787
f 4788 4582 4789
f 4584 4583 4788
f 4788 4583 4582
f 4584 4790 4784
f 4584 4788 4790
f 4584 4784 4578
f 4786 4791 4787
f 4787 4791 4581
f 4581 4792 4793
f 4791 4792 4581
f 4585 4581 4793
f 4793 4794 4585
f 4585 4794 4586
f 4795 4587 4796
f 4589 4588 4795
f 4795 4588 4587
f 4589 4797 4789
f 4589 4795 4797
f 4589 4789 4582
f 4798 4586 4794
f 4590 4586 4798
f 4798 4799 4590
f 4592 4591 4799
f 4799 4591 4590
f 4799 4800 4592
f 4592 4800 4593
f 4801 4595 4802
f 4801 4596 4595
f 4803 4596 4801
f 4803 4804 4598
f 4803 4598 4597
f 4803 4597 4596
f 4598 4804 4796
f 4598 4796 4587
f 4805 4593 4800
f 4599 4593 4805
f 4599 4805 4806
f 4599 4806 4600
f 4806 4807 4600
f 4601 4600 4807
f 4808 4601 4807
f 4808 4602 4601
f 4809 4602 4808
f 4809 4604 4602
f 4810 4604 4809
f 4810 4605 4604
f 4811 4605 4810
f 4811 4606 4605
f 4812 4606 4811
f 4812 4608 4606
f 4813 4608 4812
f 4611 4610 4813
f 4813 4610 4608
f 4814 4815 4816
f 4814 4813 4815
f 4814 4611 4813
f 4814 4816 4612
f 4814 4612 4611
f 4612 4816 4817
f 4612 4817 4613
f 4613 4817 4802
f 4613 4802 4595
f 4818 4819 4820
f 4818 4820 4614
f 4614 4821 4818
f 4615 4821 4614
f 4822 4823 4824
f 4822 4824 4821
f 4615 4822 4821
f 4822 4617 4823
f 4822 4616 4617
f 4616 4822 4615
f 4617 4825 4823
f 4617 4619 4825
f 4619 4826 4825
f 4619 4620 4826
f 4620 4827 4826
f 4620 4621 4827
f 4621 4828 4827
f 4621 4622 4828
f 4622 4829 4828
f 4622 4623 4829
f 4623 4830 4829
f 4623 4624 4830
f 4624 4831 4830
f 4624 4625 4831
f 4625 4832 4831
f 4625 4627 4832
f 4833 4834 4832
f 4833 4832 4627
f 4833 4629 4834
f 4629 4833 4627
f 4629 4835 4834
f 4630 4835 4629
f 4836 4835 4837
f 4630 4837 4835
f 4838 4839 4840
f 4838 4840 4631
f 4631 4841 4838
f 4841 4633 4842
f 4841 4632 4633
f 4632 4841 4631
f 4633 4819 4842
f 4633 4634 4819
f 4634 4820 4819
f 4820 4634 4614
f 4630 4635 4837
f 4836 4837 4635
f 4635 4843 4836
f 4635 4636 4843
f 4843 4636 4844
f 4638 4844 4636
f 4845 4844 4846
f 4638 4846 4844
f 4847 4848 4640
f 4847 4640 4639
f 4643 4839 4849
f 4643 4849 4847
f 4639 4643 4847
f 4643 4642 4839
f 4642 4840 4839
f 4840 4642 4631
f 4638 4644 4846
f 4845 4846 4644
f 4646 4850 4845
f 4646 4845 4644
f 4645 4850 4646
f 4645 4851 4850
f 4647 4851 4645
f 4853 4848 4854
f 4853 4854 4852
f 4648 4853 4852
f 4853 4640 4848
f 4853 4649 4640
f 4649 4853 4648
f 4647 4650 4851
f 4855 4856 4857
f 4855 4857 4650
f 4851 4650 4857
f 4855 4651 4856
f 4651 4855 4650
f 4858 4860 4654
f 4858 4653 4859
f 4858 4652 4653
f 4858 4654 4652
f 4653 4852 4859
f 4852 4653 4648
f 4856 4651 4861
f 4861 4651 4655
f 4862 4861 4655
f 4657 4862 4655
f 4864 4860 4865
f 4864 4865 4863
f 4864 4863 4659
f 4864 4654 4860
f 4864 4658 4654
f 4864 4659 4658
f 4657 4866 4862
f 4867 4868 4869
f 4867 4869 4866
f 4862 4866 4869
f 4657 4867 4866
f 4867 4660 4868
f 4867 4657 4660
f 4663 4863 4871
f 4663 4871 4870
f 4661 4663 4870
f 4663 4659 4863
f 4868 4660 4872
f 4664 4872 4660
f 4667 4870 4874
f 4667 4874 4873
f 4665 4667 4873
f 4870 4667 4661
f 4872 4664 4875
f 4664 4669 4875
f 4671 4873 4877
f 4671 4877 4876
f 4671 4876 4672
f 4873 4671 4665
f 4875 4669 4878
f 4878 4669 4673
f 4879 4876 4880
f 4879 4880 4881
f 4879 4881 4675
f 4879 4672 4876
f 4879 4674 4672
f 4879 4675 4674
f 4882 4878 4673
f 4882 4673 4883
f 4676 4883 4673
f 4884 4885 4678
f 4884 4675 4881
f 4884 4677 4675
f 4884 4678 4677
f 4886 4883 4676
f 4679 4886 4676
f 4678 4885 4887
f 4680 4678 4887
f 4679 4889 4886
f 4888 4886 4889
f 4679 4681 4889
f 4888 4889 4681
f 4890 4887 4891
f 4890 4891 4892
f 4890 4892 4683
f 4887 4890 4680
f 4680 4890 4682
f 4890 4683 4682
f 4888 4681 4893
f 4684 4893 4681
f 4684 4894 4893
f 4685 4894 4684
f 4895 4683 4892
f 4895 4686 4683
f 4685 4687 4894
f 4896 4894 4687
f 4896 4687 4689
f 4691 4895 4897
f 4691 4897 4898
f 4691 4898 4692
f 4895 4691 4686
f 4896 4689 4899
f 4899 4689 4693
f 4694 4900 4693
f 4899 4693 4900
f 4901 4902 4898
f 4901 4695 4902
f 4692 4898 4902
f 4695 4692 4902
f 4694 4903 4900
f 4694 4696 4903
f 4904 4900 4903
f 4904 4903 4696
f 4905 4906 4698
f 4901 4905 4695
f 4695 4905 4697
f 4905 4698 4697
f 4907 4904 4696
f 4907 4908 4904
f 4699 4908 4696
f 4907 4696 4908
f 4698 4906 4909
f 4698 4909 4700
f 4910 4908 4699
f 4910 4699 4701
f 4911 4912 4909
f 4911 4702 4912
f 4700 4909 4912
f 4702 4700 4912
f 4701 4913 4910
f 4701 4703 4913
f 4914 4910 4913
f 4914 4913 4703
f 4911 4915 4702
f 4702 4915 4704
f 4703 4916 4914
f 4703 4705 4916
f 4917 4915 4918
f 4917 4918 4919
f 4917 4919 4707
f 4915 4917 4704
f 4704 4917 4706
f 4917 4707 4706
f 4916 4705 4920
f 4705 4921 4920
f 4708 4921 4705
f 4707 4919 4922
f 4707 4922 4710
f 4923 4921 4708
f 4923 4708 4711
f 4710 4922 4924
f 4710 4924 4712
f 4925 4923 4711
f 4925 4711 4713
f 4712 4924 4926
f 4712 4926 4714
f 4927 4925 4713
f 4927 4713 4715
f 4714 4926 4928
f 4714 4928 4716
f 4929 4927 4715
f 4929 4715 4717
f 4716 4928 4930
f 4716 4930 4718
f 4931 4929 4717
f 4931 4717 4719
f 4718 4930 4932
f 4718 4932 4720
f 4933 4931 4719
f 4933 4719 4721
f 4720 4932 4934
f 4720 4934 4722
f 4935 4933 4721
f 4935 4721 4723
f 4722 4934 4936
f 4722 4936 4725
f 4937 4935 4723
f 4937 4723 4727
f 4729 4938 4727
f 4937 4727 4938
f 4939 4725 4936
f 4939 4936 4940
f 4725 4939 4730
f 4939 4940 4730
f 4937 4938 4941
f 4938 4942 4941
f 4938 4731 4942
f 4938 4729 4731
f 4940 4943 4730
f 4730 4943 4732
f 4731 4944 4942
f 4731 4733 4944
f 4946 4732 4945
f 4943 4945 4732
f 4946 4945 4732
f 4734 4732 4945
f 4733 4735 4948
f 4947 4948 4735
f 4947 4944 4948
f 4733 4948 4944
f 4734 4945 4949
f 4734 4949 4736
f 4950 4947 4735
f 4950 4735 4738
f 4950 4738 4739
f 4949 4951 4736
f 4736 4951 4740
f 4950 4739 4952
f 4739 4953 4952
f 4739 4741 4953
f 4955 4740 4954
f 4951 4954 4740
f 4955 4954 4740
f 4742 4740 4954
f 4956 4741 4743
f 4956 4953 4741
f 4745 4742 4954
f 4745 4954 4957
f 4744 4745 4957
f 4958 4747 4959
f 4958 4956 4743
f 4958 4743 4746
f 4958 4746 4747
f 4961 4744 4960
f 4957 4960 4744
f 4961 4748 4744
f 4961 4960 4748
f 4749 4748 4960
f 4747 4750 4962
f 4747 4962 4959
f 4963 4749 4964
f 4960 4964 4749
f 4963 4964 4965
f 4749 4963 4751
f 4963 4965 4751
f 4752 4751 4965
f 4967 4966 4962
f 4967 4968 4966
f 4967 4754 4968
f 4967 4962 4750
f 4967 4750 4753
f 4967 4753 4754
f 4752 4965 4969
f 4755 4752 4969
f 4970 4968 4754
f 4970 4754 4757
f 4758 4970 4757
f 4969 4972 4755
f 4972 4759 4755
f 4758 4971 4970
f 4758 4973 4971
f 4758 4761 4973
f 4974 4759 4975
f 4972 4975 4759
f 4974 4975 4976
f 4974 4762 4759
f 4974 4976 4762
f 4764 4977 4973
f 4764 4978 4977
f 4764 4763 4978
f 4764 4973 4761
f 4976 4979 4762
f 4765 4762 4979
f 4980 4766 4981
f 4980 4978 4763
f 4980 4763 4767
f 4980 4767 4766
f 4765 4979 4982
f 4769 4765 4982
f 4983 4770 4984
f 4983 4981 4766
f 4983 4766 4772
f 4983 4772 4770
f 4769 4982 4985
f 4769 4985 4773
f 4986 4774 4987
f 4986 4984 4770
f 4986 4770 4775
f 4986 4775 4774
f 4988 4773 4989
f 4985 4989 4773
f 4988 4776 4773
f 4779 4991 4987
f 4779 4990 4991
f 4779 4778 4990
f 4779 4987 4774
f 4988 4992 4776
f 4992 4780 4776
f 4992 4993 4780
f 4781 4780 4993
f 4994 4784 4996
f 4783 4782 4994
f 4994 4782 4784
f 4783 4995 4990
f 4783 4994 4995
f 4783 4990 4778
f 4997 4998 4999
f 4993 4998 4781
f 4997 4781 4998
f 4785 4781 4999
f 4997 4999 4781
f 4786 4785 4999
f 4789 5000 4788
f 5001 5002 4996
f 5001 5000 5002
f 5001 4788 5000
f 5001 4996 4784
f 5001 4784 4790
f 5001 4790 4788
f 4999 5003 4786
f 4791 4786 5003
f 5003 5004 4791
f 4793 4792 5005
f 5004 5005 4792
f 5004 4792 4791
f 5006 4793 5005
f 4794 4793 5006
f 5007 4795 4796
f 5008 4795 5007
f 5008 5009 4789
f 5008 4789 4797
f 5008 4797 4795
f 4789 5009 5000
f 5005 5010 5006
f 5006 5010 4794
f 4794 5010 5011
f 4798 4794 5011
f 5012 4798 5011
f 5012 4799 4798
f 5013 4799 5012
f 4800 4799 5013
f 4802 5015 4801
f 5014 4801 5015
f 5016 4801 5014
f 5016 4804 4803
f 5016 4803 4801
f 4804 5017 5018
f 5016 5017 4804
f 4804 5018 4796
f 5007 4796 5018
f 5012 5019 5013
f 5013 5019 4800
f 4800 5019 5020
f 4800 5020 4805
f 4805 5021 5022
f 5020 5021 4805
f 4806 4805 5022
f 5023 4806 5022
f 5023 4807 4806
f 5024 4807 5023
f 5024 4808 4807
f 5025 4808 5024
f 5025 4809 4808
f 5026 4809 5025
f 5026 4810 4809
f 5027 4810 5026
f 5027 4811 4810
f 5028 4811 5027
f 5028 4812 4811
f 5029 4812 5028
f 5029 4813 4812
f 5030 4813 5029
f 4816 4815 5031
f 5030 5031 4815
f 5030 4815 4813
f 5031 5032 5033
f 5030 5032 5031
f 5031 5033 4817
f 5031 4817 4816
f 4817 5033 5034
f 4817 5034 4802
f 5014 5015 5034
f 4802 5034 5015
f 5035 5036 4819
f 5035 4819 4818
f 4818 5037 5035
f 4821 5037 4818
f 4824 5039 5038
f 4824 5038 5037
f 4821 4824 5037
f 4824 4823 5039
f 4823 5040 5039
f 4823 4825 5040
f 4825 5041 5040
f 4825 4826 5041
f 4826 5042 5041
f 4826 4827 5042
f 4827 5043 5042
f 4827 4828 5043
f 4828 5044 5043
f 4828 4829 5044
f 4829 5045 5044
f 4829 4830 5045
f 4830 5046 5045
f 4830 4831 5046
f 4831 5047 5046
f 4831 4832 5047
f 4832 5048 5047
f 4834 5048 4832
f 4834 5049 5048
f 4835 5049 4834
f 4835 5050 5049
f 4836 5050 4835
f 5051 5052 4839
f 5051 4839 4838
f 4838 5053 5051
f 5053 4842 5054
f 5053 4841 4842
f 4841 5053 4838
f 4842 5036 5054
f 4842 4819 5036
f 4836 5055 5050
f 4836 4843 5055
f 5055 4843 5056
f 4844 5056 4843
f 4844 5057 5056
f 4845 5057 4844
f 5058 5060 4848
f 5058 4848 4847
f 4849 5052 5059
f 4849 5059 5058
f 4847 4849 5058
f 4849 4839 5052
f 4845 5061 5057
f 4850 5061 4845
f 4850 5062 5061
f 4851 5062 4850
f 5063 5064 5065
f 5063 5065 4852
f 4854 5060 5066
f 4854 5066 5063
f 4852 4854 5063
f 4854 4848 5060
f 4857 5067 5062
f 4857 5062 4851
f 4856 5067 4857
f 5068 5067 5069
f 4856 5069 5067
f 5070 5071 4860
f 5070 4859 5064
f 5070 4858 4859
f 5070 4860 4858
f 4859 5065 5064
f 5065 4859 4852
f 5068 5069 5072
f 4856 4861 5069
f 5072 5069 4861
f 5073 5072 4861
f 4862 5073 4861
f 4865 5071 5075
f 4865 5075 5074
f 4863 4865 5074
f 4865 4860 5071
f 4869 5076 5073
f 4869 5073 4862
f 4868 5076 4869
f 4871 5074 5078
f 4871 5078 5077
f 4870 4871 5077
f 5074 4871 4863
f 5076 4868 5079
f 5079 4868 5080
f 4868 4872 5080
f 5079 5080 4872
f 4874 5077 5082
f 4874 5082 5081
f 4873 4874 5081
f 5077 4874 4870
f 5079 4872 5083
f 5083 4872 5084
f 4872 4875 5084
f 5083 5084 4875
f 4877 5081 5086
f 4877 5086 5085
f 4876 4877 5085
f 5081 4877 4873
f 5083 4875 5087
f 4875 4878 5087
f 4880 5085 5088
f 4880 5088 5089
f 4880 5089 4881
f 5085 4880 4876
f 5087 4878 5090
f 5090 4878 4882
f 4883 5090 4882
f 5091 5092 4885
f 5091 4881 5089
f 5091 4884 4881
f 5091 4885 4884
f 5093 5090 4883
f 4886 5093 4883
f 5094 5095 5092
f 5094 4887 5095
f 4885 5092 5095
f 4887 4885 5095
f 4886 5097 5093
f 5096 5093 5097
f 4886 4888 5097
f 5098 5096 5097
f 5098 5097 4888
f 4891 5094 5099
f 4891 5099 5100
f 4891 5100 4892
f 5094 4891 4887
f 5098 4888 5101
f 5102 5101 4888
f 5102 4888 4893
f 4894 5101 4893
f 5102 4893 5101
f 5103 4892 5100
f 5103 4895 4892
f 5105 5101 4894
f 5105 4894 4896
f 4897 5103 5104
f 4897 5104 5106
f 4897 5106 4898
f 5103 4897 4895
f 5105 4896 5107
f 5108 5107 4896
f 5108 4896 4899
f 4900 5107 4899
f 5108 4899 5107
f 5109 4898 5106
f 5109 4901 4898
f 4900 5110 5107
f 5111 5107 5110
f 5111 5110 4904
f 4900 4904 5110
f 5112 5113 4906
f 5109 5112 4901
f 4901 5112 4905
f 5112 4906 4905
f 4904 5114 5111
f 4908 5114 4904
f 4906 5113 5115
f 4906 5115 4909
f 5116 5114 4908
f 5116 4908 4910
f 5117 4909 5115
f 5117 4911 4909
f 5118 5116 4910
f 5118 4910 4914
f 5117 5119 4911
f 4911 5119 4915
f 4914 5121 5118
f 4914 4916 5121
f 4918 5119 5120
f 4918 5120 5122
f 4918 5122 4919
f 5119 4918 4915
f 5121 4916 5123
f 5123 4916 4920
f 4921 5123 4920
f 4919 5122 5124
f 4919 5124 4922
f 5125 5123 4921
f 5125 4921 4923
f 4922 5124 5126
f 4922 5126 4924
f 5127 5125 4923
f 5127 4923 4925
f 4924 5126 5128
f 4924 5128 4926
f 5129 5127 4925
f 5129 4925 4927
f 4926 5128 5130
f 4926 5130 4928
f 5131 5129 4927
f 5131 4927 4929
f 4928 5130 5132
f 4928 5132 4930
f 5133 5131 4929
f 5133 4929 4931
f 4930 5132 5134
f 4930 5134 4932
f 5135 5133 4931
f 5135 4931 4933
f 4932 5134 5136
f 4932 5136 4934
f 5137 5135 4933
f 5137 4933 4935
f 4934 5136 5138
f 4934 5138 4936
f 5139 5137 4935
f 5139 4935 4937
f 4936 5138 5140
f 4940 4936 5140
f 5141 4942 5142
f 5141 5139 4937
f 5141 4937 4941
f 5141 4941 4942
f 5140 5143 4940
f 4940 5143 4943
f 4942 5144 5142
f 4942 4944 5144
f 5143 5145 4943
f 5145 4945 4943
f 4944 5146 5144
f 4944 4947 5146
f 4945 5145 5147
f 4945 5147 4949
f 5148 5146 4947
f 5148 4947 4950
f 5147 5149 4949
f 4949 5149 4951
f 4952 5150 5148
f 4952 5151 5150
f 4952 4953 5151
f 4952 5148 4950
f 5153 4951 5152
f 5149 5152 4951
f 5153 4954 4951
f 5153 5152 4954
f 4953 5154 5151
f 4953 4956 5154
f 4954 5152 5155
f 4957 4954 5155
f 5156 4959 5157
f 5156 5154 4956
f 5156 4956 4958
f 5156 4958 4959
f 5155 5158 4957
f 5158 4960 4957
f 4959 5159 5157
f 4959 4962 5159
f 4964 4960 5158
f 4964 5158 5160
f 4965 4964 5160
f 5161 4968 5162
f 5161 5159 4962
f 5161 4962 4966
f 5161 4966 4968
f 5164 4965 5163
f 5160 5163 4965
f 5164 5163 5165
f 5164 5165 4965
f 4969 4965 5165
f 5166 4968 4970
f 4971 5166 4970
f 5166 5162 4968
f 5165 5167 4969
f 5167 4972 4969
f 4971 5169 5166
f 4971 5168 5169
f 4971 4973 5168
f 4975 4972 5167
f 4975 5167 5170
f 4976 4975 5170
f 5171 4978 5172
f 5171 5168 4973
f 5171 4973 4977
f 5171 4977 4978
f 4976 5170 5173
f 4979 4976 5173
f 5174 4981 5175
f 5174 5172 4978
f 5174 4978 4980
f 5174 4980 4981
f 4979 5173 5176
f 4982 4979 5176
f 5177 4984 5178
f 5177 5175 4981
f 5177 4981 4983
f 5177 4983 4984
f 4982 5176 5179
f 4985 4982 5179
f 5180 4987 5181
f 5180 5178 4984
f 5180 4984 4986
f 5180 4986 4987
f 5179 5182 4985
f 4988 4989 5182
f 5182 4989 4985
f 5184 4990 5183
f 5184 5181 4987
f 5184 4987 4991
f 5184 4991 4990
f 5182 5185 4988
f 5185 4992 4988
f 5185 5186 4992
f 5187 4992 5186
f 4993 4992 5187
f 4995 4994 5188
f 5188 4994 4996
f 4995 5189 5183
f 4995 5188 5189
f 4995 5183 4990
f 5186 5190 5187
f 5191 4993 5190
f 5187 5190 4993
f 5190 5192 5191
f 5192 4993 5191
f 4999 4998 5192
f 5192 4998 4993
f 5194 5000 5193
f 5194 5195 4996
f 5194 4996 5002
f 5194 5002 5000
f 5188 4996 5195
f 5192 5196 4999
f 5003 4999 5196
f 5196 5197 5003
f 5005 5004 5197
f 5197 5004 5003
f 5199 5007 5198
f 5199 5200 5009
f 5199 5009 5008
f 5199 5008 5007
f 5009 5200 5193
f 5009 5193 5000
f 5197 5201 5005
f 5010 5005 5201
f 5010 5201 5202
f 5011 5010 5202
f 5203 5011 5202
f 5203 5012 5011
f 5205 5014 5204
f 5205 5016 5014
f 5017 5206 5207
f 5017 5205 5206
f 5017 5016 5205
f 5017 5207 5018
f 5018 5207 5198
f 5018 5198 5007
f 5203 5208 5012
f 5019 5012 5208
f 5019 5208 5209
f 5019 5209 5020
f 5209 5210 5020
f 5022 5021 5210
f 5210 5021 5020
f 5211 5022 5210
f 5211 5023 5022
f 5212 5023 5211
f 5212 5024 5023
f 5213 5024 5212
f 5213 5025 5024
f 5214 5025 5213
f 5214 5026 5025
f 5215 5026 5214
f 5215 5027 5026
f 5216 5027 5215
f 5216 5028 5027
f 5217 5028 5216
f 5217 5029 5028
f 5218 5029 5217
f 5218 5030 5029
f 5219 5030 5218
f 5219 5220 5033
f 5219 5033 5032
f 5219 5032 5030
f 5033 5220 5221
f 5033 5221 5034
f 5034 5221 5204
f 5034 5204 5014
f 5223 5222 5036
f 5223 5036 5035
f 5035 5224 5223
f 5224 5038 5225
f 5224 5037 5038
f 5037 5224 5035
f 5038 5226 5225
f 5038 5039 5226
f 5039 5227 5226
f 5039 5040 5227
f 5040 5228 5227
f 5040 5041 5228
f 5041 5229 5228
f 5041 5042 5229
f 5042 5230 5229
f 5042 5043 5230
f 5043 5231 5230
f 5043 5044 5231
f 5044 5232 5231
f 5044 5045 5232
f 5045 5233 5232
f 5045 5046 5233
f 5046 5234 5233
f 5046 5047 5234
f 5047 5235 5234
f 5048 5235 5047
f 5048 5236 5235
f 5049 5236 5048
f 5049 5237 5236
f 5050 5237 5049
f 5238 5239 5052
f 5238 5052 5051
f 5051 5240 5238
f 5240 5054 5241
f 5240 5053 5054
f 5053 5240 5051
f 5054 5222 5241
f 5054 5036 5222
f 5050 5242 5237
f 5050 5055 5242
f 5242 5055 5243
f 5243 5056 5244
f 5056 5243 5055
f 5056 5245 5244
f 5057 5245 5056
f 5246 5248 5060
f 5059 5246 5058
f 5246 5060 5058
f 5059 5239 5247
f 5059 5247 5246
f 5059 5052 5239
f 5057 5249 5245
f 5061 5249 5057
f 5061 5250 5249
f 5062 5250 5061
f 5251 5252 5064
f 5251 5064 5063
f 5066 5248 5253
f 5066 5253 5251
f 5063 5066 5251
f 5066 5060 5248
f 5062 5254 5250
f 5067 5254 5062
f 5067 5255 5254
f 5068 5255 5067
f 5257 5256 5071
f 5257 5064 5252
f 5257 5070 5064
f 5257 5071 5070
f 5068 5072 5255
f 5258 5255 5072
f 5259 5258 5072
f 5073 5259 5072
f 5075 5256 5261
f 5075 5261 5260
f 5074 5075 5260
f 5075 5071 5256
f 5073 5262 5259
f 5076 5262 5073
f 5078 5260 5264
f 5078 5264 5263
f 5077 5078 5263
f 5260 5078 5074
f 5262 5076 5265
f 5265 5076 5266
f 5076 5079 5266
f 5265 5266 5079
f 5082 5263 5267
f 5081 5082 5267
f 5263 5082 5077
f 5265 5079 5268
f 5268 5079 5269
f 5079 5083 5269
f 5268 5269 5083
f 5086 5267 5271
f 5086 5271 5270
f 5085 5086 5270
f 5267 5086 5081
f 5268 5083 5272
f 5083 5087 5272
f 5088 5270 5274
f 5088 5274 5273
f 5088 5273 5089
f 5270 5088 5085
f 5272 5087 5275
f 5275 5087 5090
f 5276 5277 5092
f 5276 5089 5273
f 5276 5091 5089
f 5276 5092 5091
f 5278 5275 5090
f 5093 5278 5090
f 5279 5092 5277
f 5279 5094 5092
f 5093 5096 5278
f 5280 5278 5096
f 5281 5280 5096
f 5281 5096 5098
f 5099 5279 5282
f 5099 5282 5283
f 5099 5283 5100
f 5279 5099 5094
f 5281 5098 5284
f 5284 5098 5101
f 5285 5100 5283
f 5285 5103 5100
f 5104 5103 5285
f 5287 5284 5101
f 5287 5101 5105
f 5104 5285 5286
f 5104 5286 5288
f 5104 5288 5106
f 5287 5105 5289
f 5289 5105 5107
f 5290 5106 5288
f 5290 5109 5106
f 5291 5289 5107
f 5291 5107 5111
f 5292 5293 5113
f 5290 5292 5109
f 5109 5292 5112
f 5292 5113 5112
f 5291 5111 5294
f 5295 5294 5111
f 5295 5296 5294
f 5114 5296 5111
f 5295 5111 5296
f 5113 5293 5297
f 5113 5297 5115
f 5298 5296 5114
f 5298 5114 5116
f 5299 5115 5297
f 5299 5117 5115
f 5300 5298 5116
f 5300 5116 5118
f 5301 5302 5120
f 5299 5301 5117
f 5117 5301 5119
f 5301 5120 5119
f 5118 5303 5300
f 5118 5121 5303
f 5120 5302 5304
f 5120 5304 5122
f 5303 5121 5305
f 5305 5121 5123
f 5122 5304 5306
f 5122 5306 5124
f 5307 5305 5123
f 5307 5123 5125
f 5124 5306 5308
f 5124 5308 5126
f 5309 5307 5125
f 5309 5125 5127
f 5126 5308 5310
f 5126 5310 5128
f 5311 5309 5127
f 5311 5127 5129
f 5128 5310 5312
f 5128 5312 5130
f 5313 5311 5129
f 5313 5129 5131
f 5130 5312 5314
f 5130 5314 5132
f 5315 5313 5131
f 5315 5131 5133
f 5132 5314 5316
f 5132 5316 5134
f 5317 5315 5133
f 5317 5133 5135
f 5134 5316 5318
f 5134 5318 5136
f 5319 5317 5135
f 5319 5135 5137
f 5136 5318 5320
f 5136 5320 5138
f 5321 5319 5137
f 5321 5137 5139
f 5138 5320 5322
f 5140 5138 5322
f 5323 5142 5324
f 5323 5321 5139
f 5323 5139 5141
f 5323 5141 5142
f 5322 5325 5140
f 5140 5325 5143
f 5142 5326 5324
f 5142 5144 5326
f 5325 5327 5143
f 5327 5145 5143
f 5144 5328 5326
f 5144 5146 5328
f 5145 5327 5329
f 5145 5329 5147
f 5330 5328 5146
f 5330 5146 5148
f 5329 5331 5147
f 5147 5331 5149
f 5331 5332 5149
f 5150 5333 5330
f 5150 5334 5333
f 5150 5151 5334
f 5150 5330 5148
f 5332 5335 5149
f 5335 5152 5149
f 5151 5336 5334
f 5151 5154 5336
f 5152 5335 5337
f 5155 5152 5337
f 5338 5157 5339
f 5338 5336 5154
f 5338 5154 5156
f 5338 5156 5157
f 5337 5340 5155
f 5340 5158 5155
f 5157 5341 5339
f 5157 5159 5341
f 5158 5340 5342
f 5160 5158 5342
f 5343 5162 5344
f 5343 5341 5159
f 5343 5159 5161
f 5343 5161 5162
f 5342 5345 5160
f 5345 5163 5160
f 5345 5346 5163
f 5165 5163 5346
f 5162 5347 5344
f 5162 5166 5347
f 5346 5348 5165
f 5348 5167 5165
f 5169 5350 5347
f 5169 5349 5350
f 5169 5168 5349
f 5169 5347 5166
f 5167 5348 5351
f 5170 5167 5351
f 5352 5172 5353
f 5352 5349 5168
f 5352 5168 5171
f 5352 5171 5172
f 5170 5351 5354
f 5173 5170 5354
f 5355 5175 5356
f 5355 5353 5172
f 5355 5172 5174
f 5355 5174 5175
f 5357 5173 5354
f 5357 5354 5358
f 5357 5358 5173
f 5176 5173 5358
f 5359 5178 5360
f 5359 5356 5175
f 5359 5175 5177
f 5359 5177 5178
f 5361 5176 5358
f 5361 5358 5362
f 5361 5362 5176
f 5179 5176 5362
f 5363 5181 5364
f 5363 5360 5178
f 5363 5178 5180
f 5363 5180 5181
f 5362 5365 5179
f 5365 5182 5179
f 5367 5183 5366
f 5367 5364 5181
f 5367 5181 5184
f 5367 5184 5183
f 5365 5368 5182
f 5368 5185 5182
f 5368 5369 5185
f 5186 5185 5369
f 5189 5371 5366
f 5189 5370 5371
f 5189 5188 5370
f 5189 5366 5183
f 5369 5372 5186
f 5190 5186 5372
f 5372 5373 5190
f 5373 5192 5190
f 5375 5193 5374
f 5375 5376 5195
f 5375 5195 5194
f 5375 5194 5193
f 5195 5376 5370
f 5195 5370 5188
f 5373 5377 5192
f 5196 5192 5377
f 5377 5378 5196
f 5378 5197 5196
f 5380 5198 5379
f 5380 5381 5200
f 5380 5200 5199
f 5380 5199 5198
f 5200 5381 5374
f 5200 5374 5193
f 5378 5382 5197
f 5201 5197 5382
f 5383 5384 5385
f 5382 5384 5201
f 5383 5201 5384
f 5202 5201 5385
f 5383 5385 5201
f 5386 5202 5385
f 5386 5203 5202
f 5388 5204 5387
f 5388 5205 5204
f 5206 5389 5390
f 5206 5388 5389
f 5206 5205 5388
f 5206 5390 5207
f 5207 5390 5379
f 5207 5379 5198
f 5386 5391 5203
f 5208 5203 5391
f 5208 5391 5392
f 5208 5392 5209
f 5392 5393 5209
f 5393 5210 5209
f 5394 5210 5393
f 5394 5211 5210
f 5395 5211 5394
f 5395 5212 5211
f 5396 5212 5395
f 5396 5213 5212
f 5397 5213 5396
f 5397 5214 5213
f 5398 5214 5397
f 5398 5215 5214
f 5399 5215 5398
f 5399 5216 5215
f 5400 5216 5399
f 5400 5217 5216
f 5401 5217 5400
f 5401 5218 5217
f 5402 5218 5401
f 5402 5403 5220
f 5402 5220 5219
f 5402 5219 5218
f 5220 5403 5404
f 5220 5404 5221
f 5221 5404 5387
f 5221 5387 5204
f 5405 5406 5222
f 5223 5405 5222
f 5223 5407 5405
f 5407 5224 5225
f 5224 5407 5223
f 5225 5408 5409
f 5407 5225 5409
f 5225 5226 5408
f 5226 5410 5408
f 5226 5227 5410
f 5227 5411 5410
f 5227 5228 5411
f 5228 5412 5411
f 5228 5229 5412
f 5229 5413 5412
f 5229 5230 5413
f 5230 5414 5413
f 5230 5231 5414
f 5231 5415 5414
f 5231 5232 5415
f 5232 5416 5415
f 5232 5233 5416
f 5233 5417 5416
f 5233 5234 5417
f 5234 5418 5417
f 5235 5418 5234
f 5235 5419 5418
f 5236 5419 5235
f 5236 5420 5419
f 5237 5420 5236
f 5421 5422 5239
f 5421 5239 5238
f 5238 5423 5421
f 5423 5241 5424
f 5423 5240 5241
f 5240 5423 5238
f 5241 5406 5424
f 5241 5222 5406
f 5237 5425 5420
f 5237 5242 5425
f 5426 5427 5242
f 5425 5242 5427
f 5426 5243 5427
f 5244 5427 5243
f 5243 5426 5242
f 5244 5428 5427
f 5245 5428 5244
f 5429 5431 5248
f 5247 5429 5246
f 5429 5248 5246
f 5247 5422 5430
f 5247 5430 5429
f 5247 5239 5422
f 5245 5432 5428
f 5249 5432 5245
f 5249 5433 5432
f 5250 5433 5249
f 5434 5435 5252
f 5434 5252 5251
f 5253 5431 5436
f 5253 5436 5434
f 5251 5253 5434
f 5253 5248 5431
f 5250 5437 5433
f 5254 5437 5250
f 5438 5437 5439
f 5254 5439 5437
f 5255 5439 5254
f 5440 5441 5256
f 5440 5252 5435
f 5440 5257 5252
f 5257 5440 5256
f 5438 5439 5442
f 5255 5258 5439
f 5442 5439 5258
f 5443 5442 5258
f 5259 5443 5258
f 5261 5441 5445
f 5261 5445 5444
f 5260 5261 5444
f 5261 5256 5441
f 5259 5446 5443
f 5262 5446 5259
f 5264 5444 5448
f 5264 5448 5447
f 5263 5264 5447
f 5444 5264 5260
f 5446 5262 5449
f 5449 5262 5450
f 5262 5265 5450
f 5449 5450 5265
f 5263 5447 5452
f 5263 5452 5451
f 5267 5263 5451
f 5449 5265 5453
f 5453 5265 5454
f 5265 5268 5454
f 5453 5454 5268
f 5271 5451 5456
f 5271 5456 5455
f 5270 5271 5455
f 5451 5271 5267
f 5453 5268 5457
f 5268 5272 5457
f 5274 5455 5458
f 5274 5458 5459
f 5274 5459 5273
f 5455 5274 5270
f 5457 5272 5460
f 5460 5272 5275
f 5461 5462 5277
f 5461 5273 5459
f 5273 5461 5276
f 5461 5277 5276
f 5463 5460 5275
f 5278 5463 5275
f 5464 5277 5462
f 5464 5279 5277
f 5278 5280 5463
f 5465 5463 5280
f 5466 5465 5280
f 5466 5280 5281
f 5282 5464 5467
f 5282 5467 5468
f 5282 5468 5283
f 5464 5282 5279
f 5466 5281 5469
f 5469 5281 5284
f 5470 5283 5468
f 5470 5285 5283
f 5286 5285 5470
f 5472 5469 5284
f 5472 5284 5287
f 5286 5470 5471
f 5286 5471 5473
f 5286 5473 5288
f 5472 5287 5474
f 5474 5287 5289
f 5475 5288 5473
f 5475 5290 5288
f 5476 5474 5289
f 5476 5289 5291
f 5477 5478 5293
f 5475 5477 5290
f 5290 5477 5292
f 5477 5293 5292
f 5294 5476 5291
f 5294 5479 5476
f 5296 5479 5294
f 5293 5478 5480
f 5293 5480 5297
f 5481 5479 5296
f 5481 5296 5298
f 5482 5297 5480
f 5297 5482 5299
f 5483 5481 5298
f 5483 5298 5300
f 5482 5484 5299
f 5299 5484 5301
f 5484 5302 5301
f 5300 5485 5483
f 5300 5303 5485
f 5484 5486 5302
f 5302 5486 5487
f 5302 5487 5304
f 5485 5303 5488
f 5488 5303 5305
f 5304 5487 5489
f 5304 5489 5306
f 5490 5488 5305
f 5490 5305 5307
f 5306 5489 5491
f 5306 5491 5308
f 5492 5490 5307
f 5492 5307 5309
f 5308 5491 5493
f 5308 5493 5310
f 5494 5492 5309
f 5494 5309 5311
f 5310 5493 5495
f 5310 5495 5312
f 5496 5494 5311
f 5496 5311 5313
f 5312 5495 5497
f 5312 5497 5314
f 5498 5496 5313
f 5498 5313 5315
f 5314 5497 5499
f 5314 5499 5316
f 5500 5498 5315
f 5500 5315 5317
f 5316 5499 5501
f 5316 5501 5318
f 5502 5500 5317
f 5502 5317 5319
f 5318 5501 5503
f 5318 5503 5320
f 5504 5502 5319
f 5504 5319 5321
f 5320 5503 5505
f 5322 5320 5505
f 5506 5324 5507
f 5506 5504 5321
f 5506 5321 5323
f 5506 5323 5324
f 5505 5508 5322
f 5322 5508 5325
f 5324 5509 5507
f 5324 5326 5509
f 5508 5510 5325
f 5510 5327 5325
f 5326 5511 5509
f 5326 5328 5511
f 5327 5510 5512
f 5327 5512 5329
f 5513 5511 5328
f 5513 5328 5330
f 5514 5329 5515
f 5512 5515 5329
f 5329 5514 5331
f 5514 5515 5331
f 5332 5331 5515
f 5333 5516 5513
f 5333 5517 5516
f 5333 5334 5517
f 5333 5513 5330
f 5515 5518 5332
f 5518 5335 5332
f 5334 5519 5517
f 5334 5336 5519
f 5335 5518 5520
f 5337 5335 5520
f 5521 5339 5522
f 5521 5519 5336
f 5521 5336 5338
f 5521 5338 5339
f 5520 5523 5337
f 5523 5340 5337
f 5339 5524 5522
f 5339 5341 5524
f 5340 5523 5525
f 5342 5340 5525
f 5526 5344 5527
f 5526 5524 5341
f 5526 5341 5343
f 5526 5343 5344
f 5529 5342 5528
f 5525 5528 5342
f 5529 5345 5342
f 5529 5528 5530
f 5529 5530 5345
f 5346 5345 5530
f 5531 5527 5532
f 5531 5532 5347
f 5344 5532 5527
f 5344 5347 5532
f 5530 5533 5346
f 5533 5348 5346
f 5350 5535 5531
f 5350 5534 5535
f 5350 5349 5534
f 5350 5531 5347
f 5348 5533 5536
f 5351 5348 5536
f 5537 5353 5538
f 5537 5534 5349
f 5537 5349 5352
f 5537 5352 5353
f 5351 5536 5539
f 5354 5351 5539
f 5540 5356 5541
f 5540 5538 5353
f 5540 5353 5355
f 5540 5355 5356
f 5542 5354 5539
f 5542 5539 5543
f 5542 5543 5354
f 5358 5354 5543
f 5544 5360 5545
f 5544 5541 5356
f 5544 5356 5359
f 5544 5359 5360
f 5546 5358 5543
f 5546 5543 5547
f 5546 5547 5358
f 5362 5358 5547
f 5548 5364 5549
f 5548 5545 5360
f 5548 5360 5363
f 5548 5363 5364
f 5547 5550 5362
f 5550 5365 5362
f 5552 5366 5551
f 5552 5549 5364
f 5552 5364 5367
f 5552 5367 5366
f 5550 5553 5365
f 5553 5368 5365
f 5553 5554 5368
f 5369 5368 5554
f 5555 5557 5556
f 5555 5370 5557
f 5371 5558 5551
f 5371 5555 5558
f 5371 5370 5555
f 5371 5551 5366
f 5554 5559 5369
f 5372 5369 5559
f 5559 5560 5372
f 5560 5373 5372
f 5562 5374 5561
f 5562 5556 5376
f 5562 5376 5375
f 5562 5375 5374
f 5376 5556 5557
f 5376 5557 5370
f 5560 5563 5373
f 5377 5373 5563
f 5563 5564 5377
f 5564 5378 5377
f 5566 5379 5565
f 5566 5567 5381
f 5566 5381 5380
f 5566 5380 5379
f 5381 5567 5561
f 5381 5561 5374
f 5564 5568 5378
f 5382 5378 5568
f 5384 5568 5569
f 5384 5382 5568
f 5385 5384 5569
f 5570 5385 5569
f 5570 5386 5385
f 5572 5387 5571
f 5572 5388 5387
f 5389 5573 5574
f 5389 5572 5573
f 5389 5388 5572
f 5389 5574 5390
f 5390 5574 5565
f 5390 5565 5379
f 5570 5575 5386
f 5391 5386 5575
f 5391 5575 5576
f 5391 5576 5392
f 5576 5577 5392
f 5577 5393 5392
f 5578 5393 5577
f 5578 5394 5393
f 5579 5394 5578
f 5579 5395 5394
f 5580 5395 5579
f 5580 5396 5395
f 5581 5396 5580
f 5581 5397 5396
f 5582 5397 5581
f 5582 5398 5397
f 5583 5398 5582
f 5583 5399 5398
f 5584 5399 5583
f 5584 5400 5399
f 5585 5400 5584
f 5585 5401 5400
f 5586 5401 5585
f 5586 5587 5403
f 5586 5403 5402
f 5586 5402 5401
f 5403 5587 5588
f 5403 5588 5404
f 5404 5588 5571
f 5404 5571 5387
f 5589 5590 5406
f 5589 5406 5405
f 5405 5591 5589
f 5407 5591 5405
f 5409 5592 5593
f 5409 5593 5591
f 5407 5409 5591
f 5409 5408 5592
f 5408 5594 5592
f 5408 5410 5594
f 5410 5595 5594
f 5410 5411 5595
f 5411 5596 5595
f 5411 5412 5596
f 5412 5597 5596
f 5412 5413 5597
f 5413 5598 5597
f 5413 5414 5598
f 5414 5599 5598
f 5414 5415 5599
f 5415 5600 5599
f 5415 5416 5600
f 5416 5601 5600
f 5416 5417 5601
f 5417 5602 5603
f 5601 5417 5603
f 5418 5602 5417
f 5418 5604 5602
f 5419 5604 5418
f 5419 5605 5604
f 5420 5605 5419
f 5606 5607 5422
f 5606 5422 5421
f 5421 5608 5606
f 5608 5424 5609
f 5608 5423 5424
f 5423 5608 5421
f 5424 5590 5609
f 5424 5406 5590
f 5420 5610 5605
f 5420 5425 5610
f 5610 5425 5611
f 5427 5611 5425
f 5612 5611 5613
f 5427 5613 5611
f 5428 5613 5427
f 5614 5615 5431
f 5430 5614 5429
f 5614 5431 5429
f 5430 5607 5616
f 5430 5616 5614
f 5430 5422 5607
f 5612 5613 5617
f 5617 5613 5428
f 5428 5618 5617
f 5432 5618 5428
f 5432 5619 5618
f 5433 5619 5432
f 5435 5434 5620
f 5436 5615 5621
f 5436 5621 5620
f 5434 5436 5620
f 5436 5431 5615
f 5433 5622 5623
f 5619 5433 5623
f 5433 5624 5622
f 5437 5624 5433
f 5622 5624 5438
f 5437 5438 5624
f 5625 5627 5441
f 5625 5435 5626
f 5625 5440 5435
f 5625 5441 5440
f 5435 5620 5626
f 5622 5438 5628
f 5628 5438 5442
f 5629 5628 5442
f 5443 5629 5442
f 5445 5627 5631
f 5445 5631 5630
f 5444 5445 5630
f 5445 5441 5627
f 5443 5632 5633
f 5629 5443 5633
f 5446 5632 5443
f 5448 5630 5635
f 5448 5635 5634
f 5447 5448 5634
f 5630 5448 5444
f 5632 5446 5636
f 5446 5449 5636
f 5452 5634 5638
f 5452 5638 5637
f 5451 5452 5637
f 5634 5452 5447
f 5636 5449 5639
f 5449 5453 5639
f 5456 5637 5641
f 5456 5641 5640
f 5455 5456 5640
f 5637 5456 5451
f 5639 5453 5642
f 5453 5457 5642
f 5458 5640 5643
f 5458 5643 5644
f 5458 5644 5459
f 5640 5458 5455
f 5642 5457 5645
f 5646 5645 5457
f 5646 5647 5645
f 5646 5457 5460
f 5646 5460 5647
f 5648 5649 5462
f 5648 5459 5644
f 5648 5461 5459
f 5648 5462 5461
f 5650 5647 5460
f 5463 5650 5460
f 5462 5651 5464
f 5462 5649 5651
f 5463 5653 5650
f 5652 5650 5653
f 5463 5465 5653
f 5652 5653 5466
f 5465 5466 5653
f 5467 5651 5654
f 5467 5654 5655
f 5467 5655 5468
f 5651 5467 5464
f 5652 5466 5656
f 5656 5466 5469
f 5656 5469 5657
f 5658 5468 5655
f 5658 5470 5468
f 5471 5470 5658
f 5659 5657 5469
f 5659 5469 5472
f 5471 5658 5660
f 5471 5660 5661
f 5471 5661 5473
f 5659 5472 5662
f 5662 5472 5474
f 5663 5473 5661
f 5663 5475 5473
f 5474 5664 5662
f 5665 5662 5664
f 5665 5664 5476
f 5474 5476 5664
f 5666 5667 5478
f 5663 5666 5475
f 5475 5666 5477
f 5666 5478 5477
f 5476 5668 5665
f 5479 5668 5476
f 5478 5667 5669
f 5478 5669 5480
f 5670 5668 5479
f 5670 5479 5481
f 5671 5480 5669
f 5671 5482 5480
f 5672 5670 5481
f 5672 5481 5483
f 5671 5673 5482
f 5482 5673 5484
f 5483 5674 5672
f 5483 5485 5674
f 5486 5673 5675
f 5486 5675 5676
f 5486 5676 5487
f 5673 5486 5484
f 5674 5485 5677
f 5678 5677 5485
f 5678 5679 5677
f 5678 5485 5488
f 5678 5488 5679
f 5487 5676 5680
f 5487 5680 5489
f 5681 5679 5488
f 5681 5488 5490
f 5489 5680 5682
f 5489 5682 5491
f 5683 5681 5490
f 5683 5490 5492
f 5491 5682 5684
f 5491 5684 5493
f 5685 5683 5492
f 5685 5492 5494
f 5493 5684 5686
f 5493 5686 5495
f 5687 5685 5494
f 5687 5494 5496
f 5495 5686 5688
f 5495 5688 5497
f 5689 5687 5496
f 5689 5496 5498
f 5497 5688 5690
f 5497 5690 5499
f 5691 5689 5498
f 5691 5498 5500
f 5499 5690 5692
f 5499 5692 5501
f 5693 5691 5500
f 5693 5500 5502
f 5501 5692 5694
f 5501 5694 5503
f 5695 5693 5502
f 5695 5502 5504
f 5694 5696 5503
f 5503 5696 5697
f 5505 5503 5697
f 5699 5698 5695
f 5699 5700 5698
f 5699 5507 5700
f 5699 5695 5504
f 5699 5504 5506
f 5699 5506 5507
f 5697 5701 5505
f 5505 5701 5508
f 5507 5702 5700
f 5507 5509 5702
f 5701 5703 5508
f 5703 5510 5508
f 5509 5704 5702
f 5509 5511 5704
f 5510 5703 5705
f 5510 5705 5512
f 5706 5704 5511
f 5706 5511 5513
f 5705 5707 5512
f 5512 5707 5515
f 5516 5708 5706
f 5516 5709 5708
f 5516 5517 5709
f 5516 5706 5513
f 5711 5515 5710
f 5707 5710 5515
f 5711 5518 5515
f 5711 5710 5712
f 5711 5712 5518
f 5517 5713 5709
f 5517 5519 5713
f 5714 5518 5712
f 5714 5712 5715
f 5714 5715 5518
f 5520 5518 5715
f 5716 5522 5717
f 5716 5713 5519
f 5716 5519 5521
f 5716 5521 5522
f 5715 5718 5520
f 5718 5523 5520
f 5522 5719 5717
f 5522 5524 5719
f 5720 5523 5721
f 5718 5721 5523
f 5720 5721 5722
f 5720 5722 5523
f 5525 5523 5722
f 5723 5527 5724
f 5723 5719 5524
f 5723 5524 5526
f 5723 5526 5527
f 5528 5525 5722
f 5528 5722 5725
f 5530 5528 5725
f 5726 5724 5527
f 5726 5527 5531
f 5725 5728 5530
f 5728 5533 5530
f 5535 5727 5726
f 5535 5729 5727
f 5535 5534 5729
f 5535 5726 5531
f 5728 5730 5533
f 5533 5730 5731
f 5536 5533 5731
f 5733 5732 5729
f 5733 5734 5732
f 5733 5538 5734
f 5733 5729 5534
f 5733 5534 5537
f 5733 5537 5538
f 5536 5731 5735
f 5539 5536 5735
f 5736 5541 5737
f 5736 5734 5538
f 5736 5538 5540
f 5736 5540 5541
f 5738 5539 5735
f 5738 5735 5739
f 5738 5739 5539
f 5543 5539 5739
f 5740 5545 5741
f 5740 5737 5541
f 5740 5541 5544
f 5740 5544 5545
f 5742 5543 5739
f 5742 5739 5743
f 5742 5743 5543
f 5547 5543 5743
f 5744 5549 5745
f 5744 5741 5545
f 5744 5545 5548
f 5744 5548 5549
f 5746 5747 5748
f 5743 5747 5547
f 5746 5547 5747
f 5746 5748 5550
f 5746 5550 5547
f 5750 5751 5745
f 5750 5749 5751
f 5750 5551 5749
f 5750 5745 5549
f 5750 5549 5552
f 5750 5552 5551
f 5748 5752 5550
f 5752 5553 5550
f 5752 5753 5553
f 5754 5553 5753
f 5554 5553 5754
f 5755 5556 5757
f 5755 5555 5556
f 5558 5756 5749
f 5558 5755 5756
f 5558 5555 5755
f 5558 5749 5551
f 5559 5554 5753
f 5754 5753 5554
f 5753 5758 5559
f 5758 5759 5560
f 5758 5560 5559
f 5761 5561 5760
f 5761 5757 5556
f 5761 5556 5562
f 5761 5562 5561
f 5759 5762 5560
f 5563 5560 5762
f 5762 5763 5563
f 5763 5564 5563
f 5765 5565 5764
f 5765 5766 5567
f 5765 5567 5566
f 5765 5566 5565
f 5567 5766 5760
f 5567 5760 5561
f 5763 5767 5564
f 5568 5564 5767
f 5568 5767 5768
f 5569 5568 5768
f 5769 5569 5768
f 5769 5570 5569
f 5771 5571 5770
f 5771 5572 5571
f 5573 5772 5773
f 5573 5771 5772
f 5573 5572 5771
f 5573 5773 5574
f 5574 5773 5764
f 5574 5764 5565
f 5769 5774 5570
f 5575 5570 5774
f 5575 5774 5775
f 5575 5775 5576
f 5776 5777 5778
f 5775 5777 5576
f 5776 5576 5777
f 5776 5778 5577
f 5776 5577 5576
f 5779 5577 5778
f 5779 5578 5577
f 5780 5578 5779
f 5780 5579 5578
f 5781 5579 5780
f 5781 5580 5579
f 5782 5580 5781
f 5782 5581 5580
f 5783 5581 5782
f 5783 5582 5581
f 5784 5582 5783
f 5784 5583 5582
f 5785 5583 5784
f 5785 5584 5583
f 5786 5584 5785
f 5786 5585 5584
f 5787 5788 5789
f 5787 5786 5788
f 5787 5585 5786
f 5787 5789 5587
f 5787 5587 5586
f 5787 5586 5585
f 5587 5789 5790
f 5587 5790 5588
f 5588 5790 5770
f 5588 5770 5571
f 5791 5792 5589
f 5590 5589 5792
f 5589 5793 5791
f 5591 5793 5589
f 5591 5794 5793
f 5794 5592 5795
f 5794 5593 5592
f 5593 5794 5591
f 5592 5796 5795
f 5592 5594 5796
f 5594 5797 5796
f 5594 5595 5797
f 5595 5798 5797
f 5595 5596 5798
f 5596 5799 5798
f 5596 5597 5799
f 5597 5800 5799
f 5597 5598 5800
f 5598 5801 5800
f 5598 5599 5801
f 5599 5802 5801
f 5599 5600 5802
f 5600 5803 5802
f 5600 5601 5803
f 5803 5601 5804
f 5602 5804 5603
f 5603 5804 5601
f 5602 5805 5804
f 5604 5805 5602
f 5604 5806 5805
f 5605 5806 5604
f 5607 5606 5807
f 5606 5808 5807
f 5808 5609 5809
f 5808 5608 5609
f 5608 5808 5606
f 5609 5810 5809
f 5609 5590 5810
f 5590 5792 5810
f 5791 5810 5792
f 5805 5806 5811
f 5811 5806 5605
f 5605 5812 5811
f 5605 5610 5812
f 5812 5610 5813
f 5611 5813 5610
f 5611 5612 5813
f 5814 5815 5615
f 5814 5615 5614
f 5616 5816 5817
f 5616 5817 5814
f 5614 5616 5814
f 5616 5607 5816
f 5607 5807 5816
f 5813 5612 5818
f 5818 5612 5617
f 5819 5820 5821
f 5819 5821 5617
f 5818 5617 5821
f 5819 5617 5820
f 5618 5820 5617
f 5822 5820 5823
f 5618 5823 5820
f 5619 5823 5618
f 5825 5815 5826
f 5825 5826 5824
f 5620 5825 5824
f 5825 5615 5815
f 5825 5621 5615
f 5621 5825 5620
f 5822 5823 5827
f 5827 5823 5619
f 5828 5829 5619
f 5827 5619 5829
f 5828 5623 5829
f 5622 5829 5623
f 5623 5828 5619
f 5830 5832 5627
f 5830 5626 5831
f 5830 5625 5626
f 5830 5627 5625
f 5626 5824 5831
f 5824 5626 5620
f 5829 5622 5833
f 5833 5622 5628
f 5834 5833 5628
f 5629 5834 5628
f 5836 5835 5630
f 5836 5627 5832
f 5836 5631 5627
f 5631 5836 5630
f 5837 5834 5629
f 5632 5837 5633
f 5633 5837 5629
f 5635 5835 5839
f 5635 5839 5838
f 5634 5635 5838
f 5635 5630 5835
f 5632 5840 5837
f 5632 5636 5840
f 5638 5838 5842
f 5638 5842 5841
f 5637 5638 5841
f 5838 5638 5634
f 5840 5636 5843
f 5636 5639 5843
f 5641 5841 5845
f 5641 5845 5844
f 5641 5844 5640
f 5841 5641 5637
f 5843 5639 5846
f 5642 5846 5639
f 5847 5848 5644
f 5847 5640 5844
f 5640 5847 5643
f 5847 5644 5643
f 5645 5846 5642
f 5645 5849 5846
f 5647 5849 5645
f 5850 5851 5649
f 5850 5644 5848
f 5850 5648 5644
f 5850 5649 5648
f 5852 5849 5647
f 5852 5647 5853
f 5650 5853 5647
f 5649 5851 5854
f 5651 5649 5854
f 5852 5853 5855
f 5650 5855 5853
f 5650 5652 5855
f 5856 5854 5857
f 5856 5857 5858
f 5856 5858 5655
f 5854 5856 5651
f 5651 5856 5654
f 5856 5655 5654
f 5855 5652 5859
f 5860 5859 5652
f 5860 5861 5859
f 5860 5652 5656
f 5657 5861 5656
f 5860 5656 5861
f 5862 5655 5858
f 5862 5658 5655
f 5657 5864 5861
f 5863 5861 5864
f 5865 5863 5864
f 5865 5864 5659
f 5657 5659 5864
f 5660 5862 5866
f 5660 5866 5867
f 5660 5867 5661
f 5862 5660 5658
f 5868 5865 5659
f 5868 5869 5865
f 5868 5659 5662
f 5868 5662 5869
f 5661 5870 5663
f 5661 5867 5870
f 5662 5872 5869
f 5871 5869 5872
f 5871 5872 5665
f 5662 5665 5872
f 5873 5874 5667
f 5870 5873 5663
f 5663 5873 5666
f 5873 5667 5666
f 5665 5875 5871
f 5665 5876 5875
f 5668 5876 5665
f 5667 5874 5877
f 5667 5877 5669
f 5875 5876 5878
f 5878 5876 5668
f 5878 5668 5670
f 5879 5671 5880
f 5669 5880 5671
f 5669 5877 5880
f 5879 5880 5877
f 5670 5882 5878
f 5881 5878 5882
f 5881 5882 5672
f 5670 5672 5882
f 5879 5883 5671
f 5671 5883 5673
f 5672 5884 5881
f 5672 5674 5884
f 5885 5886 5676
f 5883 5885 5673
f 5673 5885 5675
f 5885 5676 5675
f 5677 5884 5674
f 5677 5887 5884
f 5677 5888 5887
f 5679 5888 5677
f 5676 5886 5889
f 5676 5889 5680
f 5887 5888 5890
f 5890 5888 5679
f 5890 5679 5681
f 5680 5889 5891
f 5680 5891 5682
f 5892 5890 5681
f 5892 5681 5683
f 5682 5891 5893
f 5682 5893 5684
f 5894 5892 5683
f 5894 5683 5685
f 5684 5893 5895
f 5684 5895 5686
f 5896 5894 5685
f 5896 5685 5687
f 5686 5895 5897
f 5686 5897 5688
f 5898 5896 5687
f 5898 5687 5689
f 5688 5897 5899
f 5688 5899 5690
f 5900 5898 5689
f 5900 5689 5691
f 5690 5899 5901
f 5690 5901 5692
f 5902 5900 5691
f 5902 5691 5693
f 5692 5901 5903
f 5692 5903 5694
f 5904 5902 5693
f 5904 5693 5695
f 5903 5906 5694
f 5694 5906 5696
f 5697 5696 5906
f 5698 5905 5904
f 5698 5907 5905
f 5698 5700 5907
f 5698 5904 5695
f 5906 5908 5697
f 5697 5908 5701
f 5700 5909 5907
f 5700 5702 5909
f 5910 5701 5908
f 5910 5703 5701
f 5910 5908 5911
f 5910 5911 5703
f 5912 5909 5913
f 5912 5913 5704
f 5702 5913 5909
f 5702 5704 5913
f 5703 5911 5914
f 5703 5914 5705
f 5915 5912 5704
f 5915 5704 5706
f 5917 5705 5918
f 5914 5918 5705
f 5705 5917 5707
f 5917 5918 5707
f 5708 5916 5915
f 5708 5919 5916
f 5708 5709 5919
f 5708 5915 5706
f 5710 5707 5918
f 5710 5918 5920
f 5712 5710 5920
f 5921 5919 5713
f 5709 5713 5919
f 5922 5712 5923
f 5920 5923 5712
f 5922 5923 5924
f 5922 5924 5712
f 5715 5712 5924
f 5926 5925 5921
f 5926 5927 5925
f 5926 5717 5927
f 5926 5921 5713
f 5926 5713 5716
f 5926 5716 5717
f 5929 5715 5928
f 5924 5928 5715
f 5929 5718 5715
f 5929 5928 5930
f 5929 5930 5718
f 5717 5931 5927
f 5717 5719 5931
f 5930 5932 5718
f 5718 5932 5721
f 5932 5933 5721
f 5722 5721 5933
f 5935 5934 5931
f 5935 5936 5934
f 5935 5724 5936
f 5935 5931 5719
f 5935 5719 5723
f 5935 5723 5724
f 5937 5722 5933
f 5937 5933 5938
f 5937 5938 5722
f 5725 5722 5938
f 5939 5727 5940
f 5939 5936 5724
f 5939 5724 5726
f 5939 5726 5727
f 5938 5941 5725
f 5941 5728 5725
f 5727 5942 5940
f 5727 5729 5942
f 5941 5943 5728
f 5728 5943 5730
f 5943 5731 5730
f 5732 5945 5942
f 5732 5944 5945
f 5732 5734 5944
f 5732 5942 5729
f 5946 5731 5943
f 5735 5731 5946
f 5948 5947 5944
f 5948 5949 5947
f 5948 5737 5949
f 5948 5944 5734
f 5948 5734 5736
f 5948 5736 5737
f 5735 5946 5950
f 5739 5735 5950
f 5951 5741 5952
f 5951 5949 5737
f 5951 5737 5740
f 5951 5740 5741
f 5950 5953 5739
f 5743 5739 5953
f 5955 5956 5952
f 5955 5954 5956
f 5955 5745 5954
f 5955 5952 5741
f 5955 5741 5744
f 5955 5744 5745
f 5747 5953 5957
f 5747 5743 5953
f 5747 5957 5958
f 5748 5747 5958
f 5958 5957 5748
f 5751 5960 5954
f 5751 5959 5960
f 5751 5749 5959
f 5751 5954 5745
f 5957 5961 5748
f 5962 5748 5961
f 5962 5752 5748
f 5962 5961 5963
f 5962 5963 5752
f 5753 5752 5963
f 5964 5757 5966
f 5964 5965 5756
f 5964 5756 5755
f 5964 5755 5757
f 5756 5965 5959
f 5756 5959 5749
f 5967 5963 5968
f 5967 5753 5963
f 5759 5758 5968
f 5967 5968 5758
f 5967 5758 5753
f 5968 5969 5759
f 5972 5973 5966
f 5972 5970 5973
f 5972 5760 5970
f 5972 5966 5757
f 5972 5757 5761
f 5972 5761 5760
f 5969 5974 5759
f 5762 5759 5974
f 5975 5974 5976
f 5975 5762 5974
f 5975 5976 5763
f 5975 5763 5762
f 5976 5977 5763
f 5978 5763 5977
f 5979 5764 5980
f 5981 5982 5971
f 5981 5979 5982
f 5981 5764 5979
f 5981 5971 5766
f 5981 5766 5765
f 5981 5765 5764
f 5766 5971 5970
f 5766 5970 5760
f 5767 5763 5977
f 5978 5977 5763
f 5767 5977 5983
f 5767 5983 5984
f 5768 5767 5984
f 5983 5985 5984
f 5985 5768 5984
f 5985 5769 5768
f 5985 5986 5769
f 5987 5769 5986
f 5988 5990 5989
f 5988 5770 5990
f 5991 5770 5988
f 5991 5771 5770
f 5772 5992 5980
f 5772 5991 5992
f 5772 5771 5991
f 5772 5980 5773
f 5773 5980 5764
f 5774 5769 5986
f 5987 5986 5769
f 5774 5986 5993
f 5774 5993 5775
f 5777 5993 5994
f 5777 5775 5993
f 5777 5994 5995
f 5778 5777 5995
f 5994 5996 5995
f 5996 5778 5995
f 5996 5779 5778
f 5997 5779 5996
f 5997 5780 5779
f 5998 5780 5997
f 5998 5781 5780
f 5999 5781 5998
f 5999 5782 5781
f 6000 5782 5999
f 6000 5783 5782
f 6001 5783 6000
f 6001 5784 5783
f 6002 5784 6001
f 6002 5785 5784
f 6003 5785 6002
f 6003 5786 5785
f 5788 6004 6005
f 5788 6003 6004
f 5788 5786 6003
f 5788 6005 5789
f 5789 6005 5989
f 5789 5989 5790
f 5790 5989 5990
f 5790 5990 5770
f 6007 6006 5791
f 5793 6007 5791
f 5793 6008 6007
f 5795 6008 5794
f 5794 6008 5793
f 6009 6010 6011
f 6009 6011 6008
f 5795 6009 6008
f 6009 5796 6010
f 6009 5795 5796
f 5796 6012 6010
f 5796 5797 6012
f 5797 6013 6012
f 5797 5798 6013
f 5798 6014 6013
f 5798 5799 6014
f 5799 6015 6014
f 5799 5800 6015
f 5800 6016 6015
f 5800 5801 6016
f 5801 6017 6016
f 5801 5802 6017
f 6017 5802 6018
f 5803 6018 5802
f 5803 6019 6018
f 5804 6019 5803
f 5804 6020 6019
f 5805 6020 5804
f 6022 6021 5807
f 5809 6022 5808
f 5808 6022 5807
f 5809 6023 6024
f 5809 6024 6022
f 5809 5810 6023
f 5810 6006 6023
f 5810 5791 6006
f 5805 6025 6020
f 6025 5805 5811
f 5811 6026 6027
f 6025 5811 6027
f 5812 6026 5811
f 5812 6028 6026
f 5813 6028 5812
f 5815 5814 6029
f 5814 6030 6029
f 6030 5816 6031
f 6030 5817 5816
f 5817 6030 5814
f 5816 6021 6031
f 5816 5807 6021
f 5813 6032 6028
f 6032 5813 5818
f 6032 5818 6033
f 5820 6033 5821
f 5821 6033 5818
f 5820 5822 6033
f 6035 6034 5824
f 6035 5815 6036
f 6035 5826 5815
f 5826 6035 5824
f 5815 6029 6036
f 6033 5822 6037
f 6037 5822 5827
f 6038 6037 5827
f 5829 6038 5827
f 6039 6040 5832
f 5831 6039 5830
f 6039 5832 5830
f 5831 6034 6041
f 5831 6041 6039
f 5831 5824 6034
f 5829 6042 6038
f 5829 5833 6042
f 6043 6042 6044
f 5833 6044 6042
f 5834 6044 5833
f 6045 6046 5835
f 6045 5832 6040
f 6045 5836 5832
f 6045 5835 5836
f 6043 6044 6047
f 5834 6048 6044
f 6047 6044 6048
f 6049 6047 6048
f 5834 6049 6048
f 5837 6049 5834
f 6050 6051 5838
f 6050 5835 6046
f 6050 5839 5835
f 5839 6050 5838
f 6052 6049 5837
f 6052 5837 5840
f 6053 6051 6054
f 6053 6054 6055
f 6053 6055 5841
f 6053 5838 6051
f 5838 6053 5842
f 5842 6053 5841
f 6052 5840 6057
f 6056 6057 5840
f 6056 5840 5843
f 6056 5843 6057
f 6058 6059 5844
f 6058 5841 6055
f 5841 6058 5845
f 6058 5844 5845
f 6057 5843 6060
f 5843 5846 6060
f 6061 6062 5848
f 6061 5844 6059
f 6061 5847 5844
f 6061 5848 5847
f 6063 6060 5846
f 6063 5846 6064
f 5849 6064 5846
f 6065 5848 6062
f 6065 5850 5848
f 5851 5850 6065
f 6063 6064 6066
f 5849 6067 6064
f 6066 6064 6067
f 6068 6066 6067
f 6068 6067 5852
f 5849 5852 6067
f 5851 6065 6070
f 5851 6070 6069
f 5851 6069 5854
f 6068 5852 6071
f 5855 6071 5852
f 6072 6073 5858
f 6072 5854 6069
f 5854 6072 5857
f 6072 5858 5857
f 5859 6071 5855
f 5859 6074 6071
f 5859 6075 6074
f 5861 6075 5859
f 5858 6076 5862
f 5858 6073 6076
f 6074 6075 6077
f 5861 6077 6075
f 5861 5863 6077
f 5863 5865 6077
f 6078 6079 5867
f 6076 6078 5862
f 5862 6078 5866
f 6078 5867 5866
f 5865 6080 6077
f 5865 6081 6080
f 5869 6081 5865
f 5867 6079 6082
f 5867 6082 5870
f 6080 6081 6083
f 6083 6081 5869
f 5871 6083 5869
f 6084 5870 6082
f 5870 6084 5873
f 5874 5873 6084
f 5871 6085 6083
f 5871 5875 6085
f 5874 6084 6086
f 5874 6086 6087
f 5874 6087 5877
f 6088 6085 5875
f 6088 5875 5878
f 5877 6087 6089
f 5877 6089 5879
f 6090 6088 5878
f 5881 6090 5878
f 6091 5879 6089
f 5879 6091 5883
f 5881 6092 6090
f 5881 5884 6092
f 6091 6093 5883
f 5883 6093 5885
f 5886 5885 6093
f 5884 6094 6092
f 5884 5887 6094
f 6095 6093 6096
f 6095 6096 6097
f 6095 6097 5889
f 6093 6095 5886
f 6095 5889 5886
f 6098 6094 5887
f 6098 6099 6094
f 6098 6100 6099
f 6098 5887 5890
f 6098 5890 6100
f 5889 6097 6101
f 5889 6101 5891
f 6099 6100 6102
f 6103 6102 6100
f 6103 6100 5890
f 6103 5890 5892
f 5891 6101 6104
f 5891 6104 5893
f 6105 6103 5892
f 6105 5892 5894
f 5893 6104 6106
f 5893 6106 5895
f 6107 6105 5894
f 6107 5894 5896
f 5895 6106 6108
f 5895 6108 5897
f 6109 6107 5896
f 6109 5896 5898
f 5897 6108 6110
f 5897 6110 5899
f 6111 6109 5898
f 6111 5898 5900
f 5899 6110 6112
f 5899 6112 5901
f 6114 6113 6111
f 6114 6115 6113
f 6114 6111 5900
f 6114 5900 5902
f 6112 6116 5901
f 5903 5901 6116
f 6117 6115 6114
f 6117 6118 6115
f 6117 5905 6118
f 6117 6114 5902
f 6117 5902 5904
f 6117 5904 5905
f 6116 6119 5903
f 5903 6119 5906
f 5905 6120 6118
f 5905 5907 6120
f 6119 6121 5906
f 5906 6121 5908
f 5907 6122 6120
f 5907 5909 6122
f 6123 5908 6121
f 5911 5908 6123
f 6124 6122 5909
f 6124 5909 5912
f 6123 6125 5911
f 5911 6125 6126
f 5914 5911 6126
f 6128 6127 6124
f 6128 6129 6127
f 6128 5916 6129
f 6128 6124 5912
f 6128 5912 5915
f 6128 5915 5916
f 6126 6130 5914
f 5914 6130 5918
f 5916 6131 6129
f 5916 5919 6131
f 6132 5918 6130
f 5920 5918 6132
f 6133 6131 5919
f 6133 5919 5921
f 6132 6135 5920
f 5920 6135 5923
f 5924 5923 6135
f 5925 6134 6133
f 5925 6136 6134
f 5925 5927 6136
f 5925 6133 5921
f 5928 5924 6135
f 5928 6135 6137
f 5930 5928 6137
f 6138 6136 5927
f 6138 5927 5931
f 6137 6140 5930
f 5930 6140 5932
f 6140 5933 5932
f 5934 6139 6138
f 5934 6141 6139
f 5934 5936 6141
f 5934 6138 5931
f 6142 5933 6140
f 5938 5933 6142
f 6143 5940 6144
f 6143 6141 5936
f 6143 5936 5939
f 6143 5939 5940
f 6146 5938 6145
f 6142 6145 5938
f 6146 5941 5938
f 6146 6145 6147
f 6146 6147 5941
f 6148 6144 6149
f 6148 6149 5942
f 5940 6149 6144
f 5940 5942 6149
f 6147 6150 5941
f 6150 5943 5941
f 5945 6151 6148
f 5945 5944 6151
f 5945 6148 5942
f 6150 6152 5943
f 5946 5943 6152
f 5947 6154 6151
f 5947 6153 6154
f 5947 5949 6153
f 5947 6151 5944
f 6152 6155 5946
f 6156 5946 6155
f 6156 6155 5950
f 6156 5950 5946
f 6159 6158 6153
f 6159 6157 6158
f 6159 5952 6157
f 6159 6153 5949
f 6159 5949 5951
f 6159 5951 5952
f 6155 6160 5950
f 5950 6160 5953
f 5956 6162 6157
f 5956 6161 6162
f 5956 5954 6161
f 5956 6157 5952
f 6160 6163 5953
f 6164 5953 6163
f 6164 5957 5953
f 6164 6163 6165
f 6164 6165 5957
f 6166 6168 6167
f 6166 5959 6168
f 5960 6166 6161
f 5960 5959 6166
f 5960 6161 5954
f 6165 6169 5957
f 5961 5957 6169
f 6169 6170 5961
f 5963 5961 6170
f 6172 5966 6171
f 6172 6167 5965
f 6172 5965 5964
f 6172 5964 5966
f 5965 6167 6168
f 5965 6168 5959
f 5963 6170 6173
f 5963 6173 6174
f 5968 5963 6174
f 6174 6173 6175
f 6174 6175 5968
f 5969 5968 6175
f 6176 5971 6178
f 6176 5970 5971
f 5973 6177 6171
f 5973 6176 6177
f 5973 5970 6176
f 5973 6171 5966
f 5974 5969 6175
f 5974 6175 6179
f 5974 6179 6180
f 5976 5974 6180
f 6179 6181 6180
f 6181 5976 6180
f 5977 5976 6181
f 6183 5980 6182
f 6183 5979 5980
f 5982 6184 6178
f 5982 6183 6184
f 5982 5979 6183
f 5982 6178 5971
f 5977 6181 6185
f 5977 6185 5983
f 6186 5983 6185
f 6186 5985 5983
f 6187 5985 6186
f 5986 5985 6187
f 6189 5989 6188
f 6189 5988 5989
f 6190 6191 6192
f 6190 6189 6191
f 6190 5988 6189
f 6190 6192 5992
f 6190 5992 5991
f 6190 5991 5988
f 5992 6192 6182
f 5992 6182 5980
f 5986 6187 6193
f 5986 6193 5993
f 5993 6193 6194
f 5993 6194 5994
f 6195 6194 6196
f 6195 5994 6194
f 6195 6196 6197
f 6195 6197 5996
f 6195 5996 5994
f 6196 6199 6197
f 6198 6197 6199
f 6198 5996 6197
f 6198 5997 5996
f 6200 5997 6198
f 6200 5998 5997
f 6201 5998 6200
f 6201 5999 5998
f 6202 5999 6201
f 6202 6000 5999
f 6203 6000 6202
f 6203 6001 6000
f 6204 6205 6206
f 6204 6203 6205
f 6204 6001 6203
f 6204 6002 6001
f 6207 6206 6208
f 6207 6204 6206
f 6207 6002 6204
f 6207 6208 6004
f 6207 6004 6003
f 6207 6003 6002
f 6004 6208 6209
f 6004 6209 6005
f 6005 6209 6188
f 6005 6188 5989
f 6210 6006 6007
f 6211 6210 6007
f 6008 6211 6007
f 6008 6212 6211
f 6010 6212 6011
f 6011 6212 6008
f 6213 6214 6212
f 6010 6213 6212
f 6213 6215 6214
f 6213 6010 6215
f 6012 6215 6010
f 6214 6215 6216
f 6215 6013 6216
f 6215 6012 6013
f 6216 6013 6217
f 6013 6014 6217
f 6217 6014 6218
f 6014 6015 6218
f 6218 6015 6219
f 6015 6220 6219
f 6016 6220 6015
f 6219 6220 6221
f 6016 6221 6220
f 6017 6221 6016
f 6017 6222 6221
f 6018 6222 6017
f 6018 6223 6222
f 6019 6223 6018
f 6224 6223 6019
f 6020 6224 6019
f 6225 6021 6022
f 6022 6226 6225
f 6226 6023 6227
f 6226 6024 6023
f 6024 6226 6022
f 6023 6228 6227
f 6023 6006 6228
f 6006 6210 6228
f 6224 6229 6223
f 6229 6224 6020
f 6020 6230 6229
f 6020 6025 6230
f 6230 6025 6231
f 6026 6231 6027
f 6027 6231 6025
f 6026 6232 6231
f 6028 6232 6026
f 6233 6235 6029
f 6233 6031 6234
f 6233 6030 6031
f 6030 6233 6029
f 6031 6236 6234
f 6031 6021 6236
f 6225 6236 6021
f 6231 6232 6237
f 6237 6232 6028
f 6028 6238 6237
f 6032 6238 6028
f 6032 6239 6238
f 6239 6032 6033
f 6240 6241 6034
f 6036 6240 6035
f 6240 6034 6035
f 6036 6235 6240
f 6036 6029 6235
f 6239 6033 6242
f 6033 6037 6242
f 6243 6242 6244
f 6037 6244 6242
f 6038 6244 6037
f 6040 6039 6245
f 6041 6241 6246
f 6041 6246 6245
f 6039 6041 6245
f 6041 6034 6241
f 6244 6038 6247
f 6042 6247 6038
f 6042 6043 6247
f 6248 6249 6046
f 6040 6248 6045
f 6248 6046 6045
f 6040 6245 6250
f 6040 6250 6248
f 6247 6043 6251
f 6043 6047 6251
f 6252 6251 6253
f 6047 6253 6251
f 6049 6253 6047
f 6254 6255 6051
f 6254 6046 6249
f 6254 6050 6046
f 6254 6051 6050
f 6252 6253 6256
f 6256 6253 6049
f 6257 6256 6049
f 6257 6049 6258
f 6052 6258 6049
f 6259 6260 6055
f 6259 6051 6255
f 6259 6054 6051
f 6259 6055 6054
f 6257 6258 6261
f 6261 6258 6052
f 6262 6261 6052
f 6057 6262 6052
f 6263 6264 6059
f 6263 6055 6260
f 6263 6058 6055
f 6263 6059 6058
f 6265 6262 6057
f 6266 6265 6057
f 6266 6057 6267
f 6060 6267 6057
f 6268 6059 6264
f 6268 6061 6059
f 6062 6061 6268
f 6266 6267 6269
f 6060 6270 6267
f 6269 6267 6270
f 6271 6269 6270
f 6271 6270 6063
f 6060 6063 6270
f 6062 6272 6065
f 6062 6268 6273
f 6062 6273 6272
f 6271 6063 6274
f 6063 6066 6274
f 6066 6068 6274
f 6070 6272 6275
f 6070 6275 6276
f 6070 6276 6069
f 6272 6070 6065
f 6277 6274 6068
f 6277 6278 6274
f 6277 6068 6071
f 6277 6071 6278
f 6279 6069 6276
f 6279 6072 6069
f 6073 6072 6279
f 6280 6278 6071
f 6280 6071 6074
f 6073 6279 6281
f 6073 6281 6076
f 6280 6074 6282
f 6282 6074 6077
f 6283 6284 6079
f 6283 6076 6281
f 6076 6283 6078
f 6283 6079 6078
f 6282 6077 6285
f 6077 6080 6285
f 6079 6284 6286
f 6079 6286 6082
f 6285 6080 6287
f 6287 6080 6083
f 6288 6084 6082
f 6288 6082 6286
f 6289 6287 6083
f 6289 6083 6085
f 6290 6291 6087
f 6288 6290 6084
f 6084 6290 6086
f 6290 6087 6086
f 6085 6292 6289
f 6085 6293 6292
f 6088 6293 6085
f 6087 6291 6294
f 6087 6294 6089
f 6292 6293 6295
f 6295 6293 6088
f 6295 6088 6090
f 6089 6296 6091
f 6089 6294 6296
f 6297 6295 6090
f 6092 6297 6090
f 6298 6091 6296
f 6091 6298 6093
f 6092 6299 6297
f 6092 6094 6299
f 6298 6300 6093
f 6093 6300 6096
f 6097 6096 6300
f 6094 6301 6299
f 6094 6099 6301
f 6302 6300 6303
f 6302 6303 6304
f 6300 6302 6097
f 6302 6304 6097
f 6101 6097 6304
f 6102 6301 6099
f 6102 6305 6301
f 6102 6306 6305
f 6103 6306 6102
f 6303 6307 6304
f 6304 6307 6104
f 6304 6104 6101
f 6308 6305 6306
f 6308 6309 6305
f 6308 6306 6103
f 6308 6103 6105
f 6307 6310 6104
f 6104 6310 6106
f 6311 6309 6308
f 6311 6312 6309
f 6311 6308 6105
f 6311 6105 6107
f 6310 6313 6106
f 6106 6313 6108
f 6314 6312 6311
f 6314 6315 6312
f 6314 6311 6107
f 6314 6107 6109
f 6313 6316 6108
f 6108 6316 6317
f 6110 6108 6317
f 6318 6315 6314
f 6318 6319 6315
f 6318 6314 6109
f 6318 6109 6111
f 6316 6320 6317
f 6317 6320 6110
f 6112 6110 6320
f 6113 6319 6318
f 6113 6321 6319
f 6113 6115 6321
f 6113 6318 6111
f 6320 6322 6112
f 6112 6322 6116
f 6115 6323 6321
f 6115 6118 6323
f 6322 6324 6116
f 6116 6324 6119
f 6118 6325 6323
f 6118 6120 6325
f 6324 6326 6119
f 6326 6121 6119
f 6327 6326 6324
f 6326 6327 6121
f 6328 6325 6120
f 6328 6120 6122
f 6121 6327 6329
f 6121 6329 6123
f 6330 6328 6122
f 6330 6122 6124
f 6332 6123 6333
f 6329 6333 6123
f 6123 6332 6125
f 6332 6333 6125
f 6126 6125 6333
f 6127 6331 6330
f 6127 6334 6331
f 6127 6129 6334
f 6127 6330 6124
f 6335 6126 6333
f 6335 6130 6126
f 6335 6333 6336
f 6335 6336 6130
f 6129 6337 6334
f 6129 6131 6337
f 6130 6336 6338
f 6132 6130 6338
f 6340 6339 6337
f 6340 6341 6339
f 6340 6134 6341
f 6340 6337 6131
f 6340 6131 6133
f 6340 6133 6134
f 6338 6342 6132
f 6132 6342 6135
f 6134 6343 6341
f 6134 6136 6343
f 6344 6135 6342
f 6137 6135 6344
f 6345 6139 6346
f 6345 6343 6136
f 6345 6136 6138
f 6345 6138 6139
f 6348 6137 6347
f 6344 6347 6137
f 6348 6140 6137
f 6348 6347 6349
f 6348 6349 6140
f 6139 6141 6346
f 6349 6350 6140
f 6142 6140 6350
f 6352 6351 6346
f 6352 6353 6351
f 6352 6144 6353
f 6352 6346 6141
f 6352 6141 6143
f 6352 6143 6144
f 6145 6142 6350
f 6145 6350 6354
f 6147 6145 6354
f 6355 6353 6144
f 6355 6144 6148
f 6358 6147 6357
f 6354 6357 6147
f 6358 6150 6147
f 6358 6357 6359
f 6358 6359 6150
f 6148 6356 6355
f 6148 6360 6356
f 6148 6151 6360
f 6359 6362 6150
f 6363 6150 6362
f 6363 6152 6150
f 6363 6362 6364
f 6363 6364 6152
f 6154 6361 6360
f 6154 6365 6361
f 6154 6153 6365
f 6154 6360 6151
f 6364 6366 6152
f 6366 6155 6152
f 6366 6367 6155
f 6158 6368 6365
f 6158 6157 6368
f 6158 6365 6153
f 6367 6369 6155
f 6370 6155 6369
f 6370 6160 6155
f 6370 6369 6371
f 6370 6371 6160
f 6162 6372 6368
f 6162 6161 6372
f 6162 6368 6157
f 6371 6374 6160
f 6163 6160 6374
f 6163 6374 6375
f 6165 6163 6375
f 6376 6167 6377
f 6376 6166 6167
f 6166 6373 6372
f 6166 6376 6373
f 6166 6372 6161
f 6169 6165 6375
f 6378 6375 6379
f 6378 6169 6375
f 6378 6379 6170
f 6378 6170 6169
f 6381 6382 6377
f 6381 6380 6382
f 6381 6171 6380
f 6381 6377 6167
f 6381 6167 6172
f 6381 6172 6171
f 6379 6383 6170
f 6173 6170 6383
f 6383 6384 6173
f 6384 6175 6173
f 6386 6178 6385
f 6386 6380 6177
f 6386 6177 6176
f 6386 6176 6178
f 6177 6380 6171
f 6384 6387 6175
f 6175 6387 6179
f 6387 6388 6179
f 6388 6181 6179
f 6388 6389 6181
f 6392 6393 6394
f 6392 6390 6393
f 6392 6182 6390
f 6392 6394 6184
f 6392 6184 6183
f 6392 6183 6182
f 6184 6394 6385
f 6184 6385 6178
f 6185 6181 6389
f 6185 6389 6395
f 6185 6395 6396
f 6186 6185 6396
f 6395 6397 6396
f 6397 6186 6396
f 6397 6187 6186
f 6398 6187 6397
f 6400 6209 6399
f 6400 6188 6209
f 6401 6188 6400
f 6401 6189 6188
f 6191 6402 6391
f 6191 6401 6402
f 6191 6189 6401
f 6191 6391 6192
f 6192 6391 6390
f 6192 6390 6182
f 6398 6193 6187
f 6193 6398 6403
f 6193 6403 6194
f 6194 6403 6404
f 6194 6404 6196
f 6199 6404 6405
f 6199 6196 6404
f 6199 6405 6406
f 6198 6199 6406
f 6407 6405 6408
f 6407 6406 6405
f 6407 6198 6406
f 6407 6200 6198
f 6409 6408 6410
f 6409 6407 6408
f 6409 6200 6407
f 6409 6201 6200
f 6411 6410 6412
f 6411 6409 6410
f 6411 6201 6409
f 6411 6202 6201
f 6413 6412 6414
f 6413 6411 6412
f 6413 6202 6411
f 6413 6203 6202
f 6205 6414 6415
f 6205 6413 6414
f 6205 6203 6413
f 6205 6415 6206
f 6206 6415 6416
f 6206 6416 6208
f 6208 6416 6399
f 6208 6399 6209
f 6417 6210 6211
f 6418 6417 6211
f 6212 6418 6211
f 6212 6419 6418
f 6214 6419 6212
f 6214 6420 6419
f 6216 6420 6214
f 6216 6421 6420
f 6217 6421 6216
f 6217 6422 6421
f 6218 6422 6217
f 6218 6423 6422
f 6219 6423 6218
f 6219 6424 6423
f 6221 6424 6219
f 6221 6425 6424
f 6222 6425 6221
f 6426 6425 6222
f 6223 6426 6222
f 6428 6427 6225
f 6227 6428 6226
f 6226 6428 6225
f 6429 6430 6431
f 6429 6431 6428
f 6227 6429 6428
f 6429 6228 6430
f 6429 6227 6228
f 6228 6432 6430
f 6228 6210 6432
f 6210 6417 6432
f 6426 6433 6425
f 6433 6426 6223
f 6223 6434 6433
f 6223 6229 6434
f 6435 6436 6229
f 6434 6229 6436
f 6435 6229 6436
f 6230 6436 6229
f 6230 6437 6436
f 6231 6437 6230
f 6234 6438 6233
f 6438 6439 6233
f 6235 6233 6439
f 6234 6440 6438
f 6440 6236 6441
f 6440 6234 6236
f 6236 6427 6441
f 6236 6225 6427
f 6231 6442 6437
f 6442 6231 6237
f 6443 6444 6237
f 6442 6237 6444
f 6443 6237 6444
f 6238 6444 6237
f 6238 6445 6444
f 6239 6445 6238
f 6241 6240 6446
f 6447 6448 6449
f 6447 6449 6446
f 6240 6447 6446
f 6447 6235 6448
f 6447 6240 6235
f 6235 6439 6448
f 6438 6448 6439
f 6444 6445 6450
f 6450 6445 6239
f 6451 6452 6239
f 6450 6239 6452
f 6451 6239 6452
f 6242 6452 6239
f 6242 6243 6452
f 6453 6455 6245
f 6453 6241 6454
f 6453 6246 6241
f 6246 6453 6245
f 6241 6446 6454
f 6452 6243 6456
f 6456 6243 6457
f 6243 6244 6457
f 6458 6456 6457
f 6244 6458 6457
f 6458 6244 6247
f 6249 6248 6459
f 6250 6455 6460
f 6250 6460 6459
f 6248 6250 6459
f 6250 6245 6455
f 6458 6247 6461
f 6247 6251 6461
f 6251 6252 6461
f 6249 6462 6254
f 6255 6254 6462
f 6249 6459 6463
f 6249 6463 6462
f 6461 6252 6464
f 6464 6252 6465
f 6252 6256 6465
f 6464 6465 6257
f 6256 6257 6465
f 6255 6466 6259
f 6466 6467 6259
f 6260 6259 6467
f 6255 6462 6468
f 6255 6468 6466
f 6464 6257 6469
f 6469 6257 6470
f 6257 6261 6470
f 6469 6470 6471
f 6261 6471 6470
f 6262 6471 6261
f 6260 6472 6263
f 6264 6263 6472
f 6260 6467 6473
f 6466 6473 6467
f 6260 6473 6472
f 6469 6471 6474
f 6262 6475 6471
f 6474 6471 6475
f 6262 6265 6475
f 6474 6475 6266
f 6265 6266 6475
f 6264 6476 6268
f 6264 6472 6477
f 6264 6477 6476
f 6474 6266 6478
f 6266 6269 6478
f 6269 6271 6478
f 6273 6476 6479
f 6273 6479 6480
f 6273 6480 6272
f 6476 6273 6268
f 6481 6478 6271
f 6481 6482 6478
f 6481 6271 6274
f 6481 6274 6482
f 6483 6484 6276
f 6483 6272 6480
f 6272 6483 6275
f 6483 6276 6275
f 6482 6274 6485
f 6274 6486 6485
f 6278 6486 6274
f 6276 6487 6279
f 6276 6484 6487
f 6485 6486 6488
f 6278 6488 6486
f 6278 6280 6488
f 6489 6487 6490
f 6489 6490 6491
f 6489 6491 6281
f 6487 6489 6279
f 6489 6281 6279
f 6492 6488 6280
f 6492 6493 6488
f 6492 6280 6282
f 6492 6282 6493
f 6494 6283 6495
f 6281 6495 6283
f 6284 6283 6494
f 6281 6491 6495
f 6494 6495 6491
f 6282 6497 6493
f 6496 6493 6497
f 6496 6497 6285
f 6282 6285 6497
f 6498 6499 6286
f 6494 6498 6284
f 6498 6286 6284
f 6500 6496 6285
f 6500 6501 6496
f 6500 6502 6501
f 6500 6285 6287
f 6500 6287 6502
f 6286 6499 6503
f 6286 6503 6288
f 6501 6502 6504
f 6504 6502 6287
f 6289 6504 6287
f 6505 6288 6503
f 6288 6505 6290
f 6291 6290 6505
f 6289 6506 6504
f 6289 6292 6506
f 6507 6505 6508
f 6507 6508 6509
f 6507 6509 6294
f 6505 6507 6291
f 6507 6294 6291
f 6510 6506 6292
f 6510 6511 6506
f 6510 6512 6511
f 6510 6292 6295
f 6510 6295 6512
f 6294 6509 6513
f 6294 6513 6296
f 6511 6512 6514
f 6514 6512 6295
f 6514 6295 6297
f 6296 6515 6298
f 6296 6513 6515
f 6516 6514 6297
f 6299 6516 6297
f 6517 6298 6515
f 6298 6517 6300
f 6299 6518 6516
f 6299 6301 6518
f 6517 6519 6300
f 6300 6519 6303
f 6301 6520 6518
f 6301 6305 6520
f 6519 6521 6303
f 6303 6521 6307
f 6305 6522 6520
f 6305 6309 6522
f 6521 6523 6307
f 6307 6523 6310
f 6309 6524 6522
f 6309 6312 6524
f 6523 6525 6310
f 6310 6525 6313
f 6312 6526 6524
f 6312 6315 6526
f 6525 6527 6313
f 6313 6527 6316
f 6315 6528 6526
f 6315 6319 6528
f 6527 6529 6316
f 6316 6529 6320
f 6319 6530 6528
f 6319 6321 6530
f 6529 6531 6320
f 6320 6531 6322
f 6321 6532 6530
f 6321 6323 6532
f 6531 6533 6322
f 6533 6324 6322
f 6534 6533 6531
f 6533 6534 6324
f 6535 6532 6323
f 6535 6323 6325
f 6324 6534 6536
f 6324 6536 6327
f 6537 6535 6325
f 6537 6325 6328
f 6539 6327 6540
f 6536 6540 6327
f 6539 6540 6327
f 6329 6327 6540
f 6541 6538 6537
f 6541 6542 6538
f 6541 6331 6542
f 6541 6537 6328
f 6541 6328 6330
f 6541 6330 6331
f 6540 6543 6329
f 6329 6543 6333
f 6331 6544 6542
f 6331 6334 6544
f 6545 6333 6543
f 6336 6333 6545
f 6546 6544 6334
f 6546 6334 6337
f 6548 6336 6549
f 6545 6549 6336
f 6548 6549 6336
f 6338 6336 6549
f 6339 6547 6546
f 6339 6550 6547
f 6339 6341 6550
f 6339 6546 6337
f 6551 6338 6549
f 6551 6342 6338
f 6551 6549 6552
f 6551 6552 6342
f 6553 6550 6554
f 6553 6554 6343
f 6341 6554 6550
f 6341 6343 6554
f 6555 6342 6556
f 6552 6556 6342
f 6555 6556 6342
f 6344 6342 6556
f 6557 6558 6553
f 6557 6346 6558
f 6557 6553 6343
f 6557 6343 6345
f 6557 6345 6346
f 6347 6344 6556
f 6347 6556 6559
f 6349 6347 6559
f 6560 6558 6346
f 6559 6562 6349
f 6349 6562 6350
f 6351 6561 6560
f 6351 6563 6561
f 6351 6353 6563
f 6351 6560 6346
f 6350 6562 6564
f 6354 6350 6564
f 6566 6565 6563
f 6566 6567 6565
f 6566 6356 6567
f 6566 6563 6353
f 6566 6353 6355
f 6566 6355 6356
f 6357 6354 6564
f 6357 6564 6568
f 6359 6357 6568
f 6569 6361 6570
f 6569 6567 6356
f 6569 6356 6360
f 6569 6360 6361
f 6362 6359 6568
f 6362 6568 6571
f 6572 6362 6571
f 6364 6362 6572
f 6573 6570 6365
f 6361 6365 6570
f 6575 6364 6571
f 6572 6571 6364
f 6575 6366 6364
f 6575 6571 6576
f 6575 6576 6366
f 6577 6366 6576
f 6367 6366 6577
f 6578 6580 6579
f 6578 6368 6580
f 6365 6574 6573
f 6365 6578 6574
f 6365 6368 6578
f 6369 6367 6576
f 6577 6576 6367
f 6369 6576 6581
f 6371 6369 6581
f 6582 6373 6583
f 6582 6579 6372
f 6582 6372 6373
f 6368 6579 6580
f 6368 6372 6579
f 6374 6371 6581
f 6584 6581 6585
f 6584 6374 6581
f 6584 6585 6375
f 6584 6375 6374
f 6587 6588 6583
f 6587 6586 6588
f 6587 6377 6586
f 6587 6583 6373
f 6587 6373 6376
f 6587 6376 6377
f 6585 6589 6375
f 6375 6589 6590
f 6379 6375 6590
f 6590 6589 6591
f 6590 6591 6379
f 6592 6379 6591
f 6593 6380 6595
f 6382 6594 6586
f 6382 6593 6594
f 6382 6380 6593
f 6382 6586 6377
f 6383 6379 6591
f 6592 6591 6379
f 6596 6591 6597
f 6596 6383 6591
f 6596 6597 6384
f 6596 6384 6383
f 6597 6598 6384
f 6599 6384 6598
f 6600 6602 6601
f 6600 6385 6602
f 6603 6600 6595
f 6603 6385 6600
f 6603 6595 6380
f 6603 6380 6386
f 6603 6386 6385
f 6387 6384 6598
f 6599 6598 6384
f 6604 6598 6605
f 6604 6387 6598
f 6604 6605 6606
f 6604 6606 6388
f 6604 6388 6387
f 6605 6607 6606
f 6607 6388 6606
f 6389 6388 6607
f 6609 6391 6608
f 6609 6390 6391
f 6393 6610 6601
f 6393 6609 6610
f 6393 6390 6609
f 6393 6601 6394
f 6394 6601 6602
f 6394 6602 6385
f 6389 6607 6611
f 6389 6611 6395
f 6612 6611 6613
f 6612 6395 6611
f 6612 6613 6614
f 6612 6614 6397
f 6612 6397 6395
f 6613 6615 6614
f 6615 6397 6614
f 6615 6398 6397
f 6616 6398 6615
f 6618 6416 6617
f 6618 6399 6416
f 6619 6399 6618
f 6619 6400 6399
f 6621 6620 6622
f 6621 6619 6620
f 6621 6400 6619
f 6621 6622 6402
f 6621 6402 6401
f 6621 6401 6400
f 6402 6622 6608
f 6402 6608 6391
f 6616 6403 6398
f 6403 6616 6623
f 6403 6623 6404
f 6404 6623 6624
f 6404 6624 6405
f 6405 6624 6625
f 6405 6625 6408
f 6408 6625 6626
f 6408 6626 6410
f 6410 6626 6627
f 6410 6627 6412
f 6412 6627 6628
f 6412 6628 6414
f 6414 6628 6629
f 6414 6629 6415
f 6415 6629 6617
f 6415 6617 6416
f 6630 6418 6631
f 6419 6631 6418
f 6632 6631 6419
f 6420 6632 6419
f 6632 6420 6633
f 6421 6633 6420
f 6421 6634 6633
f 6422 6634 6421
f 6635 6634 6422
f 6423 6635 6422
f 6636 6635 6423
f 6636 6423 6424
f 6637 6427 6428
f 6638 6637 6428
f 6430 6638 6431
f 6431 6638 6428
f 6639 6640 6641
f 6639 6641 6638
f 6430 6639 6638
f 6639 6432 6640
f 6639 6430 6432
f 6432 6642 6640
f 6432 6417 6642
f 6417 6643 6642
f 6418 6643 6417
f 6630 6631 6418
f 6643 6418 6631
f 6636 6644 6635
f 6636 6424 6644
f 6644 6424 6645
f 6645 6424 6425
f 6425 6646 6645
f 6425 6433 6646
f 6647 6648 6433
f 6646 6433 6648
f 6647 6433 6648
f 6434 6648 6433
f 6434 6649 6648
f 6436 6649 6434
f 6650 6649 6436
f 6437 6650 6436
f 6651 6652 6438
f 6441 6651 6440
f 6440 6651 6438
f 6441 6653 6654
f 6441 6654 6651
f 6441 6427 6653
f 6427 6637 6653
f 6650 6655 6649
f 6655 6650 6437
f 6655 6437 6656
f 6442 6656 6437
f 6657 6656 6658
f 6442 6658 6656
f 6658 6442 6444
f 6659 6660 6446
f 6659 6449 6448
f 6449 6659 6446
f 6448 6652 6659
f 6448 6438 6652
f 6657 6658 6661
f 6658 6444 6661
f 6661 6444 6662
f 6444 6450 6662
f 6663 6662 6664
f 6450 6664 6662
f 6664 6450 6452
f 6454 6665 6453
f 6665 6666 6453
f 6455 6453 6666
f 6454 6660 6667
f 6454 6667 6665
f 6454 6446 6660
f 6669 6452 6668
f 6664 6452 6669
f 6452 6456 6668
f 6456 6670 6668
f 6458 6670 6456
f 6671 6673 6459
f 6671 6455 6672
f 6671 6460 6455
f 6460 6671 6459
f 6455 6666 6672
f 6665 6672 6666
f 6668 6670 6674
f 6674 6670 6458
f 6675 6674 6458
f 6675 6458 6676
f 6676 6458 6461
f 6678 6673 6679
f 6678 6679 6677
f 6678 6677 6462
f 6678 6459 6673
f 6459 6678 6463
f 6463 6678 6462
f 6676 6461 6681
f 6680 6681 6461
f 6464 6681 6461
f 6680 6461 6681
f 6468 6677 6683
f 6468 6683 6682
f 6468 6682 6466
f 6468 6462 6677
f 6684 6681 6464
f 6469 6684 6464
f 6473 6682 6686
f 6473 6686 6685
f 6473 6685 6472
f 6473 6466 6682
f 6687 6684 6469
f 6474 6687 6469
f 6688 6685 6689
f 6688 6689 6690
f 6688 6690 6476
f 6688 6472 6685
f 6472 6688 6477
f 6477 6688 6476
f 6691 6687 6474
f 6691 6692 6687
f 6691 6474 6478
f 6691 6478 6692
f 6693 6694 6480
f 6693 6476 6690
f 6476 6693 6479
f 6693 6480 6479
f 6692 6478 6695
f 6478 6696 6695
f 6482 6696 6478
f 6697 6483 6698
f 6480 6698 6483
f 6484 6483 6697
f 6480 6694 6698
f 6697 6698 6694
f 6695 6696 6699
f 6482 6700 6696
f 6699 6696 6700
f 6699 6700 6485
f 6482 6485 6700
f 6484 6697 6701
f 6484 6701 6702
f 6484 6702 6487
f 6699 6485 6703
f 6703 6485 6488
f 6703 6488 6704
f 6705 6487 6702
f 6487 6705 6490
f 6705 6491 6490
f 6704 6488 6706
f 6488 6707 6706
f 6493 6707 6488
f 6491 6705 6708
f 6491 6708 6494
f 6706 6707 6709
f 6709 6707 6493
f 6709 6493 6496
f 6710 6494 6708
f 6494 6710 6498
f 6499 6498 6710
f 6709 6496 6711
f 6496 6501 6711
f 6499 6710 6712
f 6499 6712 6713
f 6499 6713 6503
f 6714 6711 6501
f 6714 6715 6711
f 6714 6501 6504
f 6503 6716 6505
f 6503 6713 6716
f 6715 6714 6717
f 6717 6714 6504
f 6506 6717 6504
f 6718 6505 6716
f 6505 6718 6508
f 6509 6508 6718
f 6506 6719 6717
f 6506 6511 6719
f 6720 6718 6721
f 6720 6721 6722
f 6720 6722 6513
f 6718 6720 6509
f 6720 6513 6509
f 6723 6719 6511
f 6723 6724 6719
f 6723 6725 6724
f 6723 6511 6514
f 6723 6514 6725
f 6513 6722 6726
f 6513 6726 6515
f 6724 6725 6727
f 6727 6725 6514
f 6727 6514 6516
f 6515 6726 6728
f 6517 6515 6728
f 6729 6727 6516
f 6729 6516 6518
f 6731 6519 6730
f 6517 6730 6519
f 6517 6728 6730
f 6731 6730 6728
f 6518 6733 6729
f 6732 6729 6733
f 6732 6733 6520
f 6518 6520 6733
f 6731 6734 6519
f 6519 6734 6521
f 6520 6735 6732
f 6520 6522 6735
f 6734 6736 6521
f 6521 6736 6523
f 6522 6737 6735
f 6522 6524 6737
f 6738 6523 6736
f 6523 6738 6525
f 6524 6739 6737
f 6524 6526 6739
f 6738 6740 6525
f 6525 6740 6527
f 6526 6741 6739
f 6526 6528 6741
f 6740 6742 6527
f 6527 6742 6529
f 6743 6742 6740
f 6529 6742 6743
f 6744 6741 6745
f 6744 6745 6530
f 6528 6745 6741
f 6528 6530 6745
f 6746 6529 6743
f 6529 6746 6531
f 6747 6744 6530
f 6747 6530 6532
f 6531 6746 6748
f 6531 6748 6534
f 6750 6749 6747
f 6750 6751 6749
f 6750 6747 6532
f 6750 6532 6535
f 6752 6534 6753
f 6748 6753 6534
f 6752 6753 6534
f 6536 6534 6753
f 6754 6751 6750
f 6754 6755 6751
f 6754 6538 6755
f 6754 6750 6535
f 6754 6535 6537
f 6754 6537 6538
f 6753 6756 6536
f 6536 6756 6540
f 6538 6757 6755
f 6538 6542 6757
f 6756 6758 6540
f 6758 6543 6540
f 6759 6758 6756
f 6758 6759 6543
f 6760 6757 6542
f 6760 6542 6544
f 6761 6543 6762
f 6759 6762 6543
f 6761 6762 6543
f 6545 6543 6762
f 6764 6763 6760
f 6764 6765 6763
f 6764 6547 6765
f 6764 6760 6544
f 6764 6544 6546
f 6764 6546 6547
f 6767 6545 6766
f 6762 6766 6545
f 6545 6767 6549
f 6767 6766 6768
f 6549 6767 6768
f 6547 6769 6765
f 6547 6550 6769
f 6770 6549 6768
f 6552 6549 6770
f 6772 6771 6769
f 6772 6773 6771
f 6772 6769 6550
f 6772 6550 6553
f 6775 6552 6774
f 6770 6774 6552
f 6552 6775 6556
f 6775 6774 6776
f 6556 6775 6776
f 6553 6773 6772
f 6553 6558 6773
f 6556 6776 6777
f 6778 6556 6777
f 6779 6556 6778
f 6559 6556 6779
f 6781 6780 6773
f 6781 6782 6780
f 6781 6561 6782
f 6781 6773 6558
f 6781 6558 6560
f 6781 6560 6561
f 6783 6559 6778
f 6779 6778 6559
f 6783 6562 6559
f 6783 6778 6784
f 6783 6784 6562
f 6785 6782 6787
f 6785 6787 6563
f 6561 6787 6782
f 6561 6563 6787
f 6784 6788 6562
f 6789 6562 6788
f 6562 6789 6564
f 6789 6788 6790
f 6564 6789 6790
f 6565 6786 6785
f 6565 6791 6786
f 6565 6567 6791
f 6565 6785 6563
f 6790 6792 6564
f 6793 6564 6792
f 6568 6564 6792
f 6793 6792 6564
f 6796 6795 6791
f 6796 6794 6795
f 6796 6570 6794
f 6796 6791 6567
f 6796 6567 6569
f 6796 6569 6570
f 6797 6568 6792
f 6571 6568 6797
f 6800 6799 6794
f 6800 6798 6799
f 6800 6574 6798
f 6800 6794 6570
f 6800 6570 6573
f 6800 6573 6574
f 6801 6571 6797
f 6576 6571 6801
f 6804 6803 6798
f 6804 6802 6803
f 6804 6579 6802
f 6804 6798 6574
f 6804 6574 6578
f 6804 6578 6579
f 6806 6801 6805
f 6806 6576 6801
f 6806 6805 6581
f 6806 6581 6576
f 6809 6808 6802
f 6809 6807 6808
f 6809 6583 6807
f 6809 6802 6579
f 6809 6579 6582
f 6809 6582 6583
f 6805 6810 6581
f 6581 6810 6811
f 6585 6581 6811
f 6811 6810 6812
f 6811 6812 6585
f 6813 6585 6812
f 6814 6817 6816
f 6814 6586 6817
f 6588 6815 6807
f 6588 6814 6815
f 6588 6586 6814
f 6588 6807 6583
f 6589 6585 6812
f 6813 6812 6585
f 6818 6589 6812
f 6818 6591 6589
f 6820 6821 6816
f 6820 6819 6821
f 6820 6595 6819
f 6820 6816 6594
f 6820 6594 6593
f 6820 6593 6595
f 6594 6816 6817
f 6594 6817 6586
f 6818 6822 6591
f 6591 6822 6823
f 6597 6591 6823
f 6822 6824 6823
f 6824 6597 6823
f 6824 6598 6597
f 6827 6828 6819
f 6827 6825 6828
f 6827 6601 6825
f 6827 6600 6601
f 6600 6827 6819
f 6600 6819 6595
f 6824 6829 6598
f 6598 6829 6605
f 6830 6829 6831
f 6830 6605 6829
f 6830 6607 6605
f 6831 6832 6830
f 6832 6607 6830
f 6834 6622 6833
f 6834 6608 6622
f 6835 6836 6826
f 6835 6834 6836
f 6835 6608 6834
f 6835 6826 6610
f 6835 6610 6609
f 6835 6609 6608
f 6610 6826 6825
f 6610 6825 6601
f 6832 6611 6607
f 6611 6832 6837
f 6611 6837 6613
f 6838 6837 6839
f 6838 6613 6837
f 6838 6839 6840
f 6838 6840 6615
f 6838 6615 6613
f 6839 6841 6840
f 6841 6615 6840
f 6841 6616 6615
f 6842 6616 6841
f 6842 6623 6616
f 6623 6842 6844
f 6843 6844 6842
f 6849 6850 6848
f 6849 6629 6850
f 6851 6629 6849
f 6851 6617 6629
f 6852 6853 6854
f 6852 6851 6853
f 6852 6617 6851
f 6852 6618 6617
f 6855 6854 6856
f 6855 6852 6854
f 6855 6618 6852
f 6855 6856 6620
f 6855 6620 6619
f 6855 6619 6618
f 6620 6856 6833
f 6620 6833 6622
f 6843 6624 6844
f 6623 6844 6624
f 6624 6843 6845
f 6624 6845 6625
f 6625 6845 6846
f 6625 6846 6626
f 6626 6846 6847
f 6626 6847 6627
f 6627 6847 6848
f 6627 6848 6628
f 6628 6848 6850
f 6628 6850 6629
f 6857 6637 6638
f 6858 6857 6638
f 6640 6858 6641
f 6641 6858 6638
f 6640 6859 6858
f 6859 6640 6642
f 6642 6860 6861
f 6859 6642 6861
f 6642 6643 6860
f 6643 6862 6860
f 6643 6631 6862
f 6631 6863 6862
f 6631 6632 6863
f 6632 6864 6863
f 6632 6633 6864
f 6864 6633 6865
f 6865 6633 6634
f 6634 6866 6865
f 6634 6635 6866
f 6635 6867 6866
f 6635 6644 6867
f 6867 6644 6868
f 6644 6869 6868
f 6645 6869 6644
f 6868 6869 6870
f 6645 6870 6869
f 6646 6870 6645
f 6646 6871 6870
f 6648 6871 6646
f 6872 6871 6648
f 6649 6872 6648
f 6873 6652 6651
f 6874 6873 6651
f 6653 6874 6654
f 6654 6874 6651
f 6653 6875 6876
f 6653 6876 6874
f 6653 6637 6875
f 6637 6857 6875
f 6872 6877 6871
f 6877 6872 6649
f 6877 6649 6878
f 6655 6878 6649
f 6655 6879 6878
f 6656 6879 6655
f 6657 6879 6656
f 6880 6660 6659
f 6881 6880 6659
f 6881 6652 6882
f 6881 6659 6652
f 6652 6873 6882
f 6657 6883 6879
f 6883 6657 6661
f 6884 6883 6661
f 6662 6884 6661
f 6663 6884 6662
f 6885 6887 6665
f 6885 6660 6886
f 6885 6667 6660
f 6667 6885 6665
f 6660 6880 6886
f 6663 6888 6884
f 6888 6663 6889
f 6663 6664 6889
f 6890 6888 6889
f 6890 6889 6891
f 6664 6891 6889
f 6668 6891 6669
f 6669 6891 6664
f 6672 6892 6671
f 6673 6671 6892
f 6672 6887 6893
f 6672 6893 6892
f 6672 6665 6887
f 6668 6894 6891
f 6668 6674 6894
f 6674 6675 6894
f 6895 6896 6677
f 6895 6679 6673
f 6895 6677 6679
f 6673 6892 6895
f 6894 6675 6897
f 6897 6675 6898
f 6675 6676 6898
f 6897 6898 6899
f 6676 6899 6898
f 6681 6899 6676
f 6900 6901 6682
f 6900 6683 6677
f 6900 6682 6683
f 6900 6677 6896
f 6897 6899 6902
f 6902 6899 6681
f 6903 6902 6681
f 6903 6681 6904
f 6684 6904 6681
f 6905 6906 6685
f 6905 6686 6682
f 6905 6685 6686
f 6905 6682 6901
f 6903 6904 6907
f 6907 6904 6684
f 6908 6907 6684
f 6908 6684 6909
f 6687 6909 6684
f 6910 6689 6685
f 6910 6911 6689
f 6690 6689 6911
f 6910 6685 6906
f 6908 6909 6912
f 6912 6909 6687
f 6912 6687 6913
f 6692 6913 6687
f 6690 6914 6693
f 6694 6693 6914
f 6690 6911 6910
f 6690 6910 6914
f 6912 6913 6915
f 6692 6915 6913
f 6692 6695 6915
f 6694 6914 6916
f 6694 6916 6917
f 6694 6917 6697
f 6918 6915 6695
f 6918 6695 6699
f 6919 6920 6702
f 6919 6697 6917
f 6697 6919 6701
f 6919 6702 6701
f 6918 6699 6921
f 6699 6922 6921
f 6704 6922 6703
f 6699 6703 6922
f 6702 6923 6705
f 6702 6920 6923
f 6921 6922 6924
f 6924 6922 6704
f 6706 6924 6704
f 6925 6926 6708
f 6925 6705 6923
f 6925 6708 6705
f 6706 6927 6924
f 6706 6928 6927
f 6706 6709 6928
f 6708 6929 6710
f 6708 6926 6929
f 6927 6928 6930
f 6930 6928 6709
f 6711 6930 6709
f 6931 6710 6929
f 6710 6931 6712
f 6713 6712 6931
f 6711 6932 6930
f 6711 6715 6932
f 6713 6931 6933
f 6713 6933 6934
f 6713 6934 6716
f 6935 6932 6715
f 6935 6936 6932
f 6935 6715 6717
f 6716 6937 6718
f 6716 6934 6937
f 6936 6935 6938
f 6938 6935 6717
f 6719 6938 6717
f 6939 6718 6937
f 6718 6939 6721
f 6722 6721 6939
f 6719 6940 6938
f 6719 6724 6940
f 6939 6941 6722
f 6941 6726 6722
f 6724 6942 6940
f 6724 6943 6942
f 6724 6727 6943
f 6941 6944 6726
f 6726 6944 6945
f 6726 6945 6728
f 6946 6942 6943
f 6946 6947 6942
f 6946 6943 6727
f 6946 6727 6729
f 6728 6945 6948
f 6728 6948 6731
f 6949 6947 6946
f 6949 6946 6729
f 6949 6729 6732
f 6731 6948 6950
f 6731 6950 6734
f 6951 6949 6732
f 6951 6732 6735
f 6734 6950 6952
f 6734 6952 6736
f 6953 6951 6735
f 6953 6735 6737
f 6954 6736 6952
f 6738 6736 6954
f 6955 6953 6737
f 6955 6737 6739
f 6738 6954 6956
f 6738 6956 6740
f 6957 6955 6739
f 6957 6739 6741
f 6740 6956 6958
f 6740 6958 6743
f 6959 6957 6741
f 6959 6741 6744
f 6958 6961 6743
f 6743 6961 6962
f 6746 6743 6962
f 6963 6960 6959
f 6963 6964 6960
f 6963 6959 6744
f 6963 6744 6747
f 6965 6962 6966
f 6961 6966 6962
f 6962 6965 6746
f 6965 6966 6746
f 6748 6746 6966
f 6749 6964 6963
f 6749 6967 6964
f 6749 6751 6967
f 6749 6963 6747
f 6966 6968 6748
f 6748 6968 6753
f 6751 6969 6967
f 6751 6755 6969
f 6968 6970 6753
f 6970 6756 6753
f 6971 6970 6968
f 6970 6971 6756
f 6972 6969 6755
f 6972 6755 6757
f 6971 6973 6756
f 6759 6756 6973
f 6975 6974 6972
f 6975 6976 6974
f 6975 6760 6976
f 6975 6972 6757
f 6975 6757 6760
f 6973 6977 6759
f 6759 6977 6762
f 6763 6976 6760
f 6763 6978 6976
f 6763 6765 6978
f 6977 6766 6762
f 6979 6766 6977
f 6768 6766 6979
f 6980 6978 6765
f 6980 6765 6769
f 6979 6982 6768
f 6982 6770 6768
f 6771 6981 6980
f 6771 6983 6981
f 6771 6773 6983
f 6771 6980 6769
f 6982 6774 6770
f 6984 6774 6982
f 6776 6774 6984
f 6985 6983 6773
f 6984 6987 6776
f 6778 6777 6987
f 6776 6987 6777
f 6778 6987 6988
f 6780 6986 6985
f 6780 6989 6986
f 6780 6782 6989
f 6780 6985 6773
f 6778 6988 6990
f 6784 6778 6990
f 6992 6991 6989
f 6992 6993 6991
f 6992 6786 6993
f 6992 6989 6782
f 6992 6782 6785
f 6992 6785 6786
f 6788 6784 6990
f 6788 6990 6994
f 6790 6788 6994
f 6995 6993 6786
f 6995 6786 6791
f 6997 6790 6994
f 6997 6792 6790
f 6997 6994 6998
f 6997 6998 6792
f 6795 6996 6995
f 6795 6999 6996
f 6795 6794 6999
f 6795 6995 6791
f 6998 7001 6792
f 7002 6792 7001
f 7002 6797 6792
f 7002 7001 7003
f 7002 7003 6797
f 6799 7000 6999
f 6799 7004 7000
f 6799 6798 7004
f 6799 6999 6794
f 7003 7006 6797
f 7007 6797 7006
f 7007 6801 6797
f 7007 7006 7008
f 7007 7008 6801
f 6803 7005 7004
f 6803 7009 7005
f 6803 6802 7009
f 6803 7004 6798
f 7008 7011 6801
f 7012 6801 7011
f 7012 6805 6801
f 7012 7011 7013
f 7012 7013 6805
f 7014 6815 7015
f 7014 6807 6815
f 6808 7010 7009
f 6808 7014 7010
f 6808 6807 7014
f 6808 7009 6802
f 6810 6805 7013
f 7016 6810 7013
f 7016 6812 6810
f 7018 7019 7015
f 7018 7017 7019
f 7018 6816 7017
f 7018 7015 6815
f 7018 6815 6814
f 7018 6814 6816
f 7016 7020 6812
f 6812 7020 7021
f 6818 6812 7021
f 7020 7022 7021
f 7022 6818 7021
f 7024 6819 7023
f 6821 7025 7017
f 6821 7024 7025
f 6821 6819 7024
f 6821 7017 6816
f 7022 6822 6818
f 6822 7022 7026
f 6822 7026 7027
f 6822 7027 6824
f 7026 7028 7027
f 7028 6824 7027
f 7030 6826 7029
f 7030 6825 6826
f 6828 7031 7023
f 6828 7030 7031
f 6828 6825 7030
f 6828 7023 6819
f 7028 6829 6824
f 6829 7028 7032
f 6829 7032 6831
f 7033 7032 7034
f 7033 6831 7032
f 7033 6832 6831
f 7034 7035 7033
f 7035 6832 7033
f 7037 6856 7036
f 7037 6833 6856
f 7038 7039 7040
f 7038 7037 7039
f 7038 6833 7037
f 7038 7040 6834
f 7038 6834 6833
f 6836 7040 7029
f 6836 6834 7040
f 6836 7029 6826
f 7035 6837 6832
f 6837 7035 7041
f 6837 7041 6839
f 6839 7041 7042
f 6839 7042 7043
f 6839 7043 6841
f 7044 7042 7045
f 7044 7043 7042
f 7044 6841 7043
f 7044 6842 6841
f 7046 7044 7045
f 7046 6842 7044
f 7046 6843 6842
f 7047 6843 7046
f 7047 6845 6843
f 7048 6845 7047
f 7048 6846 6845
f 7049 6846 7048
f 7049 6847 6846
f 7050 6847 7049
f 7050 6848 6847
f 7051 6848 7050
f 7051 6849 6848
f 7053 7052 7054
f 7053 7051 7052
f 7053 6849 7051
f 7053 6851 6849
f 6853 7054 7055
f 6853 7053 7054
f 6853 6851 7053
f 6853 7055 6854
f 6854 7055 7036
f 6854 7036 6856
f 6859 7056 6858
f 7057 7056 6859
f 6860 7057 6861
f 6861 7057 6859
f 6860 7058 7057
f 6862 7058 6860
f 7059 7060 7058
f 6862 7059 7058
f 6863 7059 6862
f 7061 7062 7059
f 7060 7059 7062
f 6863 7061 7059
f 6864 7061 6863
f 7063 7064 7061
f 7062 7061 7064
f 6864 7063 7061
f 6865 7063 6864
f 7064 7063 7065
f 6865 7065 7063
f 6866 7065 6865
f 6866 7066 7065
f 6867 7066 6866
f 6867 7067 7066
f 6868 7067 6867
f 7068 7067 6868
f 7068 6868 6870
f 7069 6873 6874
f 7070 7069 6874
f 6875 7070 6876
f 6876 7070 6874
f 6875 7071 7072
f 6875 7072 7070
f 6875 6857 7071
f 6857 7073 7071
f 6858 7073 6857
f 7073 6858 7056
f 7068 7074 7067
f 7068 6870 7074
f 7074 6870 7075
f 7075 6870 6871
f 7075 6871 7076
f 6877 7076 6871
f 6877 7077 7076
f 6878 7077 6877
f 7078 7077 6878
f 6879 7078 6878
f 6882 7079 6881
f 7079 6880 6881
f 7080 7081 7082
f 7080 7082 7079
f 6882 7080 7079
f 7080 6873 7081
f 7080 6882 6873
f 6873 7069 7081
f 7078 7083 7077
f 7083 7078 6879
f 7084 7085 6879
f 7083 6879 7085
f 7084 6879 7085
f 6883 7085 6879
f 6883 7086 7085
f 6884 7086 6883
f 6886 7087 6885
f 6887 6885 7087
f 7088 7089 7090
f 7088 7090 7087
f 6886 7088 7087
f 7088 6880 7089
f 7088 6886 6880
f 7079 7089 6880
f 7085 7086 7091
f 7091 7086 6884
f 7091 6884 7092
f 6888 7092 6884
f 6888 6890 7092
f 7093 7094 6892
f 7093 6893 6887
f 6893 7093 6892
f 6887 7087 7093
f 7092 6890 7095
f 7095 6890 7096
f 6890 6891 7096
f 7097 7095 7096
f 7097 7096 7098
f 6891 7098 7096
f 7098 6891 6894
f 7099 6896 6895
f 7100 7094 7101
f 7100 7101 7099
f 7100 7099 6895
f 7100 6892 7094
f 6892 7100 6895
f 7097 7098 7102
f 7098 6894 7102
f 7102 6894 7104
f 7103 7104 6894
f 6897 7104 6894
f 7103 6894 7104
f 7105 6901 6900
f 6896 7099 7106
f 6896 7106 7105
f 6896 7105 6900
f 7107 7104 6897
f 6902 7107 6897
f 6903 7107 6902
f 7108 6906 6905
f 6901 7105 7109
f 6901 7109 7108
f 6901 7108 6905
f 7110 7107 6903
f 6907 7110 6903
f 6908 7110 6907
f 6906 7108 7112
f 6906 7112 7111
f 6906 7111 6910
f 7113 7110 6908
f 6912 7113 6908
f 7114 7111 7115
f 7114 7115 7116
f 7114 7116 6914
f 7114 6910 7111
f 6910 7114 6914
f 7117 7113 6912
f 7117 7118 7113
f 7117 7119 7118
f 7117 6912 6915
f 7117 6915 7119
f 7120 6914 7116
f 6914 7120 6916
f 7120 6917 6916
f 7118 7119 7121
f 7119 6915 7121
f 7121 6915 7122
f 6915 7123 7122
f 6918 7123 6915
f 6917 7124 6919
f 6920 6919 7124
f 6917 7120 7124
f 7122 7123 7125
f 7125 7123 6918
f 6921 7125 6918
f 7126 7124 7127
f 7126 7127 7128
f 7126 7128 6923
f 7124 7126 6920
f 7126 6923 6920
f 7129 7125 6921
f 7129 7130 7125
f 7129 7131 7130
f 7129 6921 6924
f 7129 6924 7131
f 7132 6925 6923
f 6926 6925 7132
f 7132 6923 7128
f 7130 7131 7133
f 7133 7131 6924
f 7133 6924 6927
f 7134 7132 7135
f 7134 7135 7136
f 7134 7136 6929
f 7132 7134 6926
f 7134 6929 6926
f 7137 7133 6927
f 7137 7138 7133
f 7137 7139 7138
f 7137 6927 6930
f 7137 6930 7139
f 6929 7140 6931
f 6929 7136 7140
f 7138 7139 7141
f 7141 7139 6930
f 6932 7141 6930
f 7142 6931 7140
f 6931 7142 6933
f 6934 6933 7142
f 6932 7143 7141
f 6932 6936 7143
f 6934 7142 7144
f 6934 7144 7145
f 6934 7145 6937
f 7146 7143 6936
f 7146 7147 7143
f 7146 6936 6938
f 6937 7145 7148
f 6939 6937 7148
f 7147 7146 7149
f 7149 7146 6938
f 7149 6938 6940
f 6939 7150 6941
f 6939 7148 7150
f 6940 7151 7149
f 6940 6942 7151
f 7152 6941 7150
f 6941 7152 6944
f 6945 6944 7152
f 6942 7153 7151
f 6942 6947 7153
f 7152 7154 6945
f 6948 6945 7154
f 6947 7155 7153
f 6947 7156 7155
f 6949 7156 6947
f 7157 7154 7158
f 7154 7157 6948
f 6950 6948 7157
f 7156 7159 7155
f 7156 7160 7159
f 7156 6949 6951
f 7156 6951 7160
f 7161 7157 7162
f 7158 7162 7157
f 7157 7161 6950
f 6952 6950 7161
f 7160 7163 7159
f 7160 7164 7163
f 7160 6951 6953
f 7160 6953 7164
f 7165 7161 7166
f 7162 7166 7161
f 7161 7165 6952
f 6954 6952 7165
f 7164 7167 7163
f 7164 7168 7167
f 7164 6953 6955
f 7164 6955 7168
f 7166 7169 7165
f 7165 7169 6954
f 6956 6954 7169
f 7168 7170 7167
f 7168 7171 7170
f 7168 6955 6957
f 7168 6957 7171
f 7172 7169 7173
f 7169 7172 6956
f 7172 7173 6956
f 6958 6956 7173
f 7171 7174 7170
f 7171 6960 7174
f 7171 6957 6959
f 7171 6959 6960
f 7173 7175 6958
f 6958 7175 6961
f 6960 7176 7174
f 6960 6964 7176
f 7175 7177 6961
f 6961 7177 6966
f 7178 7177 7175
f 6966 7177 7178
f 6964 7179 7176
f 6964 6967 7179
f 7180 6966 7178
f 6966 7180 6968
f 7181 7179 6967
f 7181 6967 6969
f 7182 6968 7183
f 7180 7183 6968
f 7182 7183 6968
f 6971 6968 7183
f 7184 7185 7181
f 7184 6972 7185
f 7184 7181 6969
f 7184 6969 6972
f 7183 7186 6971
f 6971 7186 6973
f 6974 7185 6972
f 6974 7187 7185
f 6974 6976 7187
f 7186 7188 6973
f 7188 6977 6973
f 7189 7188 7186
f 7188 7189 6977
f 7190 7187 6976
f 7190 6976 6978
f 7192 6977 7193
f 7189 7193 6977
f 7192 7193 6977
f 6979 6977 7193
f 7194 7191 7190
f 7194 7195 7191
f 7194 6981 7195
f 7194 7190 6978
f 7194 6978 6980
f 7194 6980 6981
f 7196 6979 7193
f 7196 6982 6979
f 7196 7193 7197
f 7196 7197 6982
f 7198 7195 7199
f 7198 7199 6983
f 6981 7199 7195
f 6981 6983 7199
f 7197 7200 6982
f 6984 6982 7200
f 7202 7201 7198
f 7202 6986 7201
f 7202 7198 6983
f 7202 6983 6985
f 7202 6985 6986
f 6987 6984 7200
f 6987 7200 7203
f 6988 6987 7203
f 7204 7201 6986
f 7204 6986 6989
f 7203 7206 6988
f 7207 6988 7206
f 6988 7207 6990
f 7207 7206 7208
f 6990 7207 7208
f 6991 7205 7204
f 6991 7209 7205
f 6991 6993 7209
f 6991 7204 6989
f 7208 7210 6990
f 7211 6990 7210
f 6994 6990 7210
f 7211 7210 6990
f 7213 7212 7209
f 7213 6996 7212
f 7213 7209 6993
f 7213 6993 6995
f 7213 6995 6996
f 7214 6994 7210
f 6998 6994 7214
f 7217 7216 7212
f 7217 7215 7216
f 7217 7000 7215
f 7217 7212 6996
f 7217 6996 6999
f 7217 6999 7000
f 7214 7001 6998
f 7218 7001 7214
f 7003 7001 7218
f 7221 7220 7215
f 7221 7219 7220
f 7221 7005 7219
f 7221 7215 7000
f 7221 7000 7004
f 7221 7004 7005
f 7218 7006 7003
f 7222 7006 7218
f 7008 7006 7222
f 7225 7224 7219
f 7225 7223 7224
f 7225 7010 7223
f 7225 7219 7005
f 7225 7005 7009
f 7225 7009 7010
f 7222 7011 7008
f 7227 7222 7226
f 7227 7011 7222
f 7227 7226 7228
f 7227 7228 7013
f 7227 7013 7011
f 7228 7226 7229
f 7013 7228 7229
f 7232 7230 7223
f 7232 7015 7230
f 7232 7223 7010
f 7232 7010 7014
f 7232 7014 7015
f 7229 7233 7013
f 7013 7233 7234
f 7016 7013 7234
f 7233 7235 7234
f 7235 7016 7234
f 7237 7025 7236
f 7237 7017 7025
f 7019 7231 7230
f 7019 7237 7231
f 7019 7017 7237
f 7019 7230 7015
f 7235 7020 7016
f 7239 7235 7238
f 7239 7020 7235
f 7239 7238 7240
f 7239 7240 7022
f 7239 7022 7020
f 7240 7238 7241
f 7240 7241 7022
f 7242 7244 7243
f 7242 7023 7244
f 7245 7242 7236
f 7245 7023 7242
f 7245 7236 7025
f 7245 7025 7024
f 7245 7024 7023
f 7026 7022 7241
f 7246 7241 7247
f 7246 7026 7241
f 7246 7247 7248
f 7246 7248 7028
f 7246 7028 7026
f 7247 7249 7248
f 7249 7028 7248
f 7251 7040 7250
f 7251 7029 7040
f 7253 7252 7243
f 7253 7251 7252
f 7253 7029 7251
f 7253 7243 7031
f 7253 7031 7030
f 7253 7030 7029
f 7031 7243 7244
f 7031 7244 7023
f 7249 7032 7028
f 7032 7249 7254
f 7032 7254 7034
f 7255 7254 7256
f 7255 7034 7254
f 7255 7035 7034
f 7256 7257 7255
f 7257 7035 7255
f 7257 7041 7035
f 7041 7257 7258
f 7261 7055 7260
f 7261 7036 7055
f 7262 7261 7263
f 7262 7036 7261
f 7262 7263 7037
f 7262 7037 7036
f 7039 7263 7250
f 7039 7037 7263
f 7039 7250 7040
f 7041 7258 7042
f 7042 7258 7264
f 7042 7264 7045
f 7045 7264 7265
f 7045 7265 7266
f 7046 7045 7266
f 7266 7265 7267
f 7266 7267 7268
f 7266 7268 7047
f 7266 7047 7046
f 7268 7267 7269
f 7268 7269 7270
f 7268 7270 7048
f 7268 7048 7047
f 7270 7269 7271
f 7270 7271 7272
f 7270 7272 7049
f 7270 7049 7048
f 7272 7271 7273
f 7272 7273 7274
f 7272 7274 7050
f 7272 7050 7049
f 7274 7273 7275
f 7274 7275 7052
f 7274 7052 7051
f 7274 7051 7050
f 7052 7275 7259
f 7052 7259 7054
f 7054 7259 7260
f 7054 7260 7055
f 7276 7057 7277
f 7058 7277 7057
f 7278 7277 7058
f 7060 7278 7058
f 7279 7278 7060
f 7062 7279 7060
f 7280 7279 7062
f 7064 7280 7062
f 7281 7280 7064
f 7281 7064 7282
f 7065 7282 7064
f 7282 7065 7066
f 7283 7069 7070
f 7283 7070 7284
f 7071 7284 7072
f 7072 7284 7070
f 7285 7286 7284
f 7071 7285 7284
f 7285 7073 7286
f 7285 7071 7073
f 7073 7287 7288
f 7286 7073 7288
f 7073 7056 7287
f 7056 7289 7287
f 7057 7289 7056
f 7276 7277 7057
f 7289 7057 7277
f 7281 7290 7280
f 7281 7282 7290
f 7290 7282 7291
f 7282 7066 7291
f 7291 7066 7292
f 7292 7066 7067
f 7292 7067 7293
f 7067 7074 7293
f 7294 7295 7074
f 7293 7074 7295
f 7294 7074 7295
f 7075 7295 7074
f 7075 7296 7295
f 7296 7075 7297
f 7076 7297 7075
f 7077 7297 7076
f 7081 7298 7082
f 7082 7298 7079
f 7299 7300 7301
f 7299 7301 7298
f 7081 7299 7298
f 7299 7069 7300
f 7299 7081 7069
f 7069 7283 7300
f 7295 7296 7302
f 7296 7297 7302
f 7302 7297 7303
f 7303 7297 7077
f 7304 7305 7077
f 7303 7077 7305
f 7304 7077 7305
f 7083 7305 7077
f 7083 7306 7305
f 7306 7083 7085
f 7089 7307 7090
f 7090 7307 7087
f 7089 7308 7309
f 7089 7309 7307
f 7089 7079 7308
f 7079 7298 7308
f 7305 7306 7310
f 7306 7085 7310
f 7310 7085 7311
f 7085 7091 7311
f 7091 7312 7311
f 7312 7091 7092
f 7313 7094 7093
f 7314 7313 7093
f 7314 7087 7315
f 7087 7314 7093
f 7087 7307 7315
f 7311 7312 7316
f 7312 7092 7316
f 7316 7092 7317
f 7095 7317 7092
f 7097 7317 7095
f 7094 7318 7101
f 7318 7319 7101
f 7099 7101 7319
f 7094 7313 7320
f 7094 7320 7318
f 7097 7321 7317
f 7322 7317 7321
f 7097 7102 7321
f 7102 7323 7321
f 7104 7323 7102
f 7324 7099 7325
f 7324 7106 7099
f 7324 7105 7106
f 7099 7319 7325
f 7318 7325 7319
f 7321 7323 7326
f 7326 7323 7104
f 7326 7104 7327
f 7107 7327 7104
f 7328 7109 7105
f 7328 7108 7109
f 7328 7105 7324
f 7326 7327 7329
f 7329 7327 7107
f 7330 7329 7107
f 7330 7107 7331
f 7110 7331 7107
f 7332 7112 7108
f 7332 7111 7112
f 7332 7108 7328
f 7330 7331 7333
f 7333 7331 7110
f 7333 7110 7334
f 7113 7334 7110
f 7335 7115 7336
f 7111 7336 7115
f 7116 7115 7335
f 7111 7332 7336
f 7335 7336 7332
f 7333 7334 7337
f 7113 7338 7334
f 7337 7334 7338
f 7337 7338 7118
f 7113 7118 7338
f 7116 7339 7120
f 7116 7335 7340
f 7116 7340 7339
f 7337 7118 7341
f 7342 7341 7118
f 7121 7342 7118
f 7122 7342 7121
f 7343 7344 7124
f 7343 7120 7339
f 7120 7343 7124
f 7345 7342 7122
f 7345 7346 7342
f 7345 7347 7346
f 7345 7122 7125
f 7345 7125 7347
f 7124 7348 7127
f 7128 7127 7348
f 7348 7124 7344
f 7346 7347 7349
f 7349 7347 7125
f 7349 7125 7130
f 7128 7348 7350
f 7128 7350 7351
f 7128 7351 7132
f 7352 7349 7130
f 7352 7353 7349
f 7352 7130 7133
f 7132 7354 7135
f 7136 7135 7354
f 7354 7132 7351
f 7353 7352 7355
f 7352 7133 7355
f 7133 7138 7355
f 7356 7354 7357
f 7356 7357 7358
f 7356 7358 7140
f 7354 7356 7136
f 7356 7140 7136
f 7359 7355 7138
f 7359 7360 7355
f 7359 7361 7360
f 7359 7138 7141
f 7359 7141 7361
f 7140 7362 7142
f 7140 7358 7362
f 7360 7361 7363
f 7363 7361 7141
f 7143 7363 7141
f 7362 7364 7142
f 7142 7364 7144
f 7145 7144 7364
f 7143 7365 7363
f 7143 7147 7365
f 7366 7364 7367
f 7366 7367 7148
f 7364 7366 7145
f 7366 7148 7145
f 7147 7368 7365
f 7147 7369 7368
f 7147 7149 7369
f 7367 7370 7148
f 7148 7370 7371
f 7148 7371 7150
f 7372 7368 7369
f 7372 7373 7368
f 7372 7369 7149
f 7372 7149 7151
f 7150 7371 7374
f 7152 7150 7374
f 7373 7372 7375
f 7375 7372 7151
f 7375 7151 7153
f 7377 7154 7376
f 7152 7376 7154
f 7152 7374 7376
f 7377 7376 7374
f 7378 7375 7153
f 7378 7153 7155
f 7377 7379 7154
f 7380 7158 7379
f 7154 7379 7158
f 7380 7379 7377
f 7155 7381 7378
f 7155 7159 7381
f 7380 7382 7158
f 7158 7382 7162
f 7159 7383 7381
f 7159 7163 7383
f 7382 7384 7162
f 7162 7384 7166
f 7163 7385 7383
f 7163 7167 7385
f 7384 7386 7166
f 7387 7169 7386
f 7166 7386 7169
f 7388 7386 7384
f 7387 7386 7388
f 7167 7389 7385
f 7167 7170 7389
f 7169 7387 7173
f 7390 7387 7388
f 7173 7387 7390
f 7391 7389 7174
f 7170 7174 7389
f 7392 7173 7390
f 7173 7392 7175
f 7393 7391 7174
f 7393 7174 7176
f 7392 7394 7175
f 7175 7394 7178
f 7395 7396 7393
f 7395 7397 7396
f 7395 7393 7176
f 7395 7176 7179
f 7395 7179 7397
f 7398 7178 7399
f 7394 7399 7178
f 7398 7399 7178
f 7180 7178 7399
f 7397 7400 7396
f 7397 7401 7400
f 7397 7179 7181
f 7397 7181 7401
f 7402 7180 7399
f 7403 7183 7402
f 7180 7402 7183
f 7402 7399 7404
f 7403 7402 7404
f 7181 7400 7401
f 7181 7185 7400
f 7403 7186 7183
f 7405 7403 7404
f 7403 7405 7186
f 7406 7185 7187
f 7408 7186 7409
f 7405 7409 7186
f 7408 7409 7186
f 7189 7186 7409
f 7410 7407 7406
f 7410 7411 7407
f 7410 7191 7411
f 7410 7406 7187
f 7410 7187 7190
f 7410 7190 7191
f 7412 7189 7409
f 7189 7412 7193
f 7412 7409 7413
f 7193 7412 7413
f 7191 7414 7411
f 7191 7195 7414
f 7193 7413 7415
f 7197 7193 7415
f 7416 7417 7414
f 7416 7418 7417
f 7416 7414 7195
f 7416 7195 7198
f 7416 7198 7418
f 7419 7197 7415
f 7197 7419 7200
f 7419 7415 7420
f 7200 7419 7420
f 7421 7417 7422
f 7421 7422 7201
f 7198 7417 7418
f 7198 7422 7417
f 7198 7201 7422
f 7420 7423 7200
f 7203 7200 7423
f 7425 7424 7421
f 7425 7205 7424
f 7425 7421 7201
f 7425 7201 7204
f 7425 7204 7205
f 7423 7206 7203
f 7423 7426 7206
f 7427 7206 7426
f 7208 7206 7427
f 7429 7428 7424
f 7429 7430 7428
f 7429 7424 7205
f 7429 7205 7209
f 7431 7208 7427
f 7431 7210 7208
f 7431 7427 7432
f 7431 7432 7210
f 7433 7210 7432
f 7434 7430 7436
f 7434 7436 7212
f 7209 7430 7429
f 7209 7436 7430
f 7209 7212 7436
f 7437 7210 7432
f 7433 7432 7210
f 7437 7214 7210
f 7437 7432 7438
f 7437 7438 7214
f 7216 7435 7434
f 7216 7439 7435
f 7216 7215 7439
f 7216 7434 7212
f 7438 7441 7214
f 7442 7214 7441
f 7442 7218 7214
f 7442 7441 7443
f 7442 7443 7218
f 7220 7440 7439
f 7220 7444 7440
f 7220 7219 7444
f 7220 7439 7215
f 7446 7218 7443
f 7446 7222 7218
f 7446 7443 7447
f 7446 7447 7222
f 7448 7222 7447
f 7449 7451 7450
f 7449 7223 7451
f 7224 7445 7444
f 7224 7449 7445
f 7224 7223 7449
f 7224 7444 7219
f 7226 7222 7447
f 7448 7447 7222
f 7447 7453 7226
f 7452 7226 7453
f 7229 7226 7452
f 7455 7456 7450
f 7455 7454 7456
f 7455 7231 7454
f 7455 7230 7231
f 7230 7450 7451
f 7230 7455 7450
f 7230 7451 7223
f 7452 7233 7229
f 7458 7452 7457
f 7458 7233 7452
f 7458 7457 7459
f 7458 7459 7235
f 7458 7235 7233
f 7459 7457 7460
f 7459 7460 7235
f 7461 7463 7462
f 7461 7236 7463
f 7464 7461 7454
f 7464 7236 7461
f 7464 7454 7231
f 7464 7231 7237
f 7464 7237 7236
f 7238 7235 7460
f 7465 7460 7466
f 7465 7238 7460
f 7465 7241 7238
f 7465 7466 7467
f 7241 7465 7467
f 7470 7468 7462
f 7470 7243 7468
f 7470 7462 7471
f 7470 7471 7242
f 7470 7242 7243
f 7242 7462 7463
f 7242 7471 7462
f 7242 7463 7236
f 7241 7467 7247
f 7472 7467 7473
f 7472 7247 7467
f 7472 7473 7474
f 7472 7474 7249
f 7472 7249 7247
f 7473 7475 7474
f 7475 7249 7474
f 7478 7250 7263
f 7480 7479 7469
f 7480 7478 7479
f 7480 7250 7478
f 7480 7469 7252
f 7480 7252 7251
f 7480 7251 7250
f 7252 7469 7468
f 7252 7468 7243
f 7475 7254 7249
f 7254 7475 7476
f 7254 7476 7256
f 7256 7476 7481
f 7256 7481 7482
f 7256 7482 7257
f 7483 7481 7484
f 7483 7482 7481
f 7483 7257 7482
f 7483 7258 7257
f 7484 7485 7483
f 7485 7258 7483
f 7485 7264 7258
f 7486 7264 7485
f 7491 7275 7490
f 7492 7275 7491
f 7492 7259 7275
f 7493 7492 7494
f 7493 7259 7492
f 7493 7494 7495
f 7493 7495 7260
f 7493 7260 7259
f 7495 7494 7477
f 7495 7477 7496
f 7495 7496 7261
f 7495 7261 7260
f 7261 7477 7263
f 7261 7496 7477
f 7486 7265 7264
f 7265 7486 7487
f 7265 7487 7267
f 7267 7487 7488
f 7267 7488 7269
f 7269 7488 7489
f 7269 7489 7271
f 7271 7489 7490
f 7271 7490 7273
f 7273 7490 7275
f 7497 7284 7498
f 7286 7498 7284
f 7498 7286 7499
f 7287 7499 7288
f 7288 7499 7286
f 7287 7500 7499
f 7500 7287 7501
f 7289 7501 7287
f 7500 7501 7502
f 7501 7277 7502
f 7501 7289 7277
f 7502 7277 7503
f 7277 7278 7503
f 7503 7278 7504
f 7278 7279 7504
f 7504 7279 7505
f 7279 7280 7505
f 7505 7280 7506
f 7280 7290 7506
f 7506 7290 7507
f 7290 7508 7507
f 7291 7508 7290
f 7507 7508 7509
f 7291 7509 7508
f 7292 7509 7291
f 7292 7510 7509
f 7293 7510 7292
f 7511 7510 7293
f 7511 7293 7295
f 7300 7512 7301
f 7301 7512 7298
f 7513 7512 7300
f 7513 7300 7283
f 7283 7514 7515
f 7513 7283 7515
f 7283 7284 7514
f 7497 7498 7284
f 7514 7284 7498
f 7511 7516 7510
f 7511 7295 7516
f 7516 7295 7517
f 7517 7295 7302
f 7518 7517 7302
f 7303 7518 7302
f 7519 7518 7303
f 7519 7303 7305
f 7308 7520 7309
f 7309 7520 7307
f 7308 7521 7522
f 7308 7522 7520
f 7308 7298 7521
f 7521 7298 7512
f 7519 7523 7518
f 7519 7305 7523
f 7523 7305 7524
f 7305 7310 7524
f 7310 7525 7524
f 7525 7310 7311
f 7315 7526 7314
f 7526 7313 7314
f 7527 7528 7529
f 7527 7529 7526
f 7527 7526 7315
f 7527 7307 7528
f 7307 7527 7315
f 7307 7520 7528
f 7524 7525 7530
f 7525 7311 7530
f 7530 7311 7531
f 7316 7531 7311
f 7532 7531 7316
f 7317 7532 7316
f 7533 7320 7313
f 7320 7533 7318
f 7313 7526 7534
f 7533 7313 7534
f 7532 7535 7531
f 7535 7532 7317
f 7535 7317 7536
f 7536 7317 7321
f 7322 7321 7317
f 7325 7537 7324
f 7538 7540 7325
f 7537 7325 7540
f 7538 7318 7539
f 7318 7538 7325
f 7318 7533 7539
f 7535 7536 7541
f 7536 7321 7541
f 7541 7321 7543
f 7542 7543 7321
f 7542 7321 7326
f 7542 7326 7543
f 7545 7540 7546
f 7545 7546 7544
f 7545 7544 7328
f 7545 7324 7540
f 7537 7540 7324
f 7324 7545 7328
f 7543 7326 7548
f 7547 7548 7326
f 7329 7548 7326
f 7547 7326 7548
f 7330 7548 7329
f 7550 7544 7551
f 7550 7551 7552
f 7550 7552 7332
f 7549 7332 7552
f 7550 7328 7544
f 7328 7550 7332
f 7553 7548 7330
f 7553 7554 7548
f 7553 7330 7333
f 7553 7333 7554
f 7555 7556 7335
f 7555 7332 7552
f 7549 7552 7332
f 7332 7555 7335
f 7554 7333 7558
f 7557 7558 7333
f 7557 7559 7558
f 7557 7333 7337
f 7557 7337 7559
f 7335 7560 7340
f 7560 7339 7340
f 7560 7335 7556
f 7558 7559 7561
f 7559 7337 7561
f 7561 7337 7562
f 7337 7563 7562
f 7342 7563 7341
f 7337 7341 7563
f 7339 7564 7343
f 7564 7344 7343
f 7560 7565 7339
f 7339 7565 7564
f 7562 7563 7566
f 7566 7563 7342
f 7346 7566 7342
f 7567 7564 7568
f 7567 7568 7569
f 7567 7569 7348
f 7567 7344 7564
f 7344 7567 7348
f 7570 7566 7346
f 7570 7571 7566
f 7570 7572 7571
f 7570 7346 7349
f 7570 7349 7572
f 7348 7573 7350
f 7351 7350 7573
f 7573 7348 7569
f 7571 7572 7574
f 7572 7349 7574
f 7349 7353 7574
f 7351 7573 7575
f 7351 7575 7576
f 7351 7576 7354
f 7577 7574 7353
f 7577 7578 7574
f 7577 7353 7355
f 7354 7579 7357
f 7579 7358 7357
f 7354 7576 7579
f 7578 7577 7580
f 7355 7580 7577
f 7355 7360 7580
f 7581 7358 7579
f 7581 7362 7358
f 7360 7582 7580
f 7360 7583 7582
f 7360 7363 7583
f 7581 7584 7362
f 7362 7584 7585
f 7362 7585 7364
f 7586 7582 7583
f 7586 7587 7582
f 7586 7583 7363
f 7586 7363 7365
f 7589 7367 7588
f 7364 7588 7367
f 7364 7585 7588
f 7589 7588 7585
f 7587 7586 7590
f 7365 7591 7586
f 7590 7586 7591
f 7590 7591 7368
f 7365 7368 7591
f 7589 7592 7367
f 7367 7592 7370
f 7371 7370 7592
f 7368 7593 7590
f 7368 7373 7593
f 7592 7594 7371
f 7594 7595 7371
f 7374 7371 7595
f 7373 7596 7593
f 7373 7597 7596
f 7373 7375 7597
f 7594 7598 7595
f 7595 7598 7377
f 7595 7377 7374
f 7599 7596 7597
f 7599 7600 7596
f 7599 7597 7375
f 7599 7375 7378
f 7598 7601 7377
f 7377 7601 7380
f 7602 7600 7599
f 7602 7603 7600
f 7602 7599 7378
f 7602 7378 7381
f 7601 7604 7380
f 7380 7604 7382
f 7605 7603 7602
f 7605 7606 7603
f 7605 7602 7381
f 7605 7381 7383
f 7604 7607 7382
f 7382 7607 7384
f 7608 7606 7605
f 7608 7609 7606
f 7608 7605 7383
f 7608 7383 7385
f 7610 7384 7611
f 7607 7611 7384
f 7610 7611 7388
f 7610 7388 7384
f 7612 7609 7608
f 7612 7613 7609
f 7612 7608 7385
f 7612 7385 7389
f 7611 7614 7388
f 7388 7614 7615
f 7390 7388 7615
f 7616 7613 7612
f 7616 7617 7613
f 7616 7618 7617
f 7616 7612 7389
f 7616 7389 7391
f 7616 7391 7618
f 7614 7619 7615
f 7615 7619 7390
f 7392 7390 7619
f 7618 7620 7617
f 7618 7621 7620
f 7618 7391 7393
f 7618 7393 7621
f 7622 7392 7619
f 7392 7622 7394
f 7393 7620 7621
f 7393 7623 7620
f 7393 7396 7623
f 7622 7624 7394
f 7394 7624 7399
f 7625 7624 7622
f 7399 7624 7625
f 7626 7623 7627
f 7626 7627 7400
f 7396 7627 7623
f 7396 7400 7627
f 7399 7625 7628
f 7404 7399 7628
f 7629 7630 7626
f 7629 7631 7630
f 7629 7626 7400
f 7629 7400 7185
f 7629 7185 7631
f 7628 7632 7404
f 7632 7405 7404
f 7631 7633 7630
f 7631 7407 7633
f 7631 7185 7406
f 7631 7406 7407
f 7632 7634 7405
f 7405 7634 7409
f 7635 7634 7632
f 7409 7634 7635
f 7636 7633 7637
f 7636 7637 7411
f 7407 7637 7633
f 7407 7411 7637
f 7409 7635 7638
f 7413 7409 7638
f 7639 7640 7636
f 7639 7636 7411
f 7639 7411 7414
f 7641 7413 7638
f 7413 7641 7415
f 7641 7638 7642
f 7415 7641 7642
f 7414 7640 7639
f 7414 7643 7640
f 7414 7417 7643
f 7642 7644 7415
f 7420 7415 7644
f 7646 7645 7643
f 7646 7647 7645
f 7646 7643 7417
f 7646 7417 7421
f 7646 7421 7647
f 7644 7648 7420
f 7648 7423 7420
f 7649 7648 7644
f 7648 7649 7423
f 7650 7423 7649
f 7652 7651 7645
f 7652 7653 7651
f 7652 7654 7653
f 7652 7424 7654
f 7421 7645 7647
f 7421 7652 7645
f 7421 7424 7652
f 7655 7423 7649
f 7650 7649 7423
f 7427 7426 7655
f 7423 7655 7426
f 7655 7649 7656
f 7427 7655 7656
f 7428 7653 7654
f 7428 7657 7653
f 7428 7430 7657
f 7428 7654 7424
f 7656 7658 7427
f 7659 7427 7658
f 7659 7658 7660
f 7659 7660 7432
f 7659 7432 7427
f 7662 7661 7657
f 7662 7435 7661
f 7662 7657 7430
f 7662 7430 7434
f 7662 7434 7435
f 7660 7663 7432
f 7664 7432 7663
f 7438 7432 7663
f 7664 7663 7432
f 7666 7665 7661
f 7666 7440 7665
f 7666 7661 7435
f 7666 7435 7439
f 7666 7439 7440
f 7663 7441 7438
f 7668 7663 7667
f 7668 7441 7663
f 7668 7667 7443
f 7668 7443 7441
f 7670 7669 7665
f 7670 7445 7669
f 7670 7665 7440
f 7670 7440 7444
f 7670 7444 7445
f 7667 7671 7443
f 7672 7443 7671
f 7672 7671 7673
f 7672 7673 7447
f 7672 7447 7443
f 7673 7671 7674
f 7447 7673 7674
f 7677 7675 7669
f 7677 7450 7675
f 7677 7669 7445
f 7677 7445 7449
f 7677 7449 7450
f 7447 7674 7678
f 7452 7453 7678
f 7447 7678 7453
f 7674 7679 7678
f 7679 7452 7678
f 7681 7682 7676
f 7681 7680 7682
f 7681 7676 7683
f 7681 7683 7454
f 7456 7676 7675
f 7456 7683 7676
f 7456 7454 7683
f 7456 7675 7450
f 7679 7457 7452
f 7685 7679 7684
f 7685 7457 7679
f 7685 7684 7686
f 7685 7686 7460
f 7685 7460 7457
f 7686 7684 7687
f 7460 7686 7687
f 7690 7688 7680
f 7690 7462 7688
f 7690 7680 7691
f 7690 7691 7461
f 7690 7461 7462
f 7461 7680 7681
f 7461 7691 7680
f 7461 7681 7454
f 7460 7687 7466
f 7692 7687 7693
f 7692 7466 7687
f 7692 7467 7466
f 7693 7694 7692
f 7467 7692 7694
f 7696 7697 7695
f 7696 7469 7697
f 7698 7696 7689
f 7698 7469 7696
f 7698 7468 7469
f 7468 7689 7688
f 7468 7698 7689
f 7468 7688 7462
f 7467 7694 7473
f 7473 7694 7699
f 7473 7699 7700
f 7473 7700 7475
f 7701 7699 7702
f 7701 7700 7699
f 7701 7475 7700
f 7701 7476 7475
f 7702 7703 7701
f 7476 7701 7704
f 7703 7704 7701
f 7708 7709 7706
f 7708 7477 7709
f 7710 7708 7711
f 7710 7477 7708
f 7710 7711 7712
f 7710 7712 7263
f 7710 7263 7477
f 7712 7711 7695
f 7712 7695 7479
f 7712 7479 7478
f 7712 7478 7263
f 7479 7695 7697
f 7479 7697 7469
f 7703 7481 7704
f 7476 7704 7481
f 7481 7703 7705
f 7481 7705 7484
f 7484 7705 7713
f 7484 7713 7714
f 7484 7714 7485
f 7715 7713 7716
f 7715 7714 7713
f 7715 7485 7714
f 7715 7486 7485
f 7717 7716 7718
f 7717 7715 7716
f 7717 7486 7715
f 7717 7487 7486
f 7719 7718 7720
f 7719 7717 7718
f 7719 7487 7717
f 7719 7488 7487
f 7721 7720 7722
f 7721 7719 7720
f 7721 7488 7719
f 7721 7489 7488
f 7723 7722 7724
f 7723 7721 7722
f 7723 7489 7721
f 7723 7490 7489
f 7725 7724 7726
f 7725 7723 7724
f 7725 7490 7723
f 7725 7726 7727
f 7725 7727 7491
f 7725 7491 7490
f 7727 7726 7707
f 7727 7707 7728
f 7727 7728 7492
f 7727 7492 7491
f 7492 7707 7706
f 7492 7728 7707
f 7492 7706 7494
f 7494 7706 7709
f 7494 7709 7477
f 7500 7729 7499
f 7730 7729 7500
f 7730 7500 7731
f 7502 7731 7500
f 7732 7731 7502
f 7503 7732 7502
f 7733 7732 7503
f 7504 7733 7503
f 7734 7733 7504
f 7505 7734 7504
f 7735 7734 7505
f 7506 7735 7505
f 7736 7735 7506
f 7736 7506 7737
f 7507 7737 7506
f 7737 7507 7509
f 7738 7512 7513
f 7738 7513 7739
f 7514 7739 7515
f 7515 7739 7513
f 7740 7741 7739
f 7514 7740 7739
f 7740 7498 7741
f 7740 7514 7498
f 7498 7742 7743
f 7741 7498 7743
f 7498 7499 7742
f 7742 7499 7744
f 7499 7729 7744
f 7730 7731 7729
f 7744 7729 7731
f 7736 7745 7735
f 7736 7737 7745
f 7745 7737 7746
f 7737 7509 7746
f 7746 7509 7747
f 7747 7509 7510
f 7748 7749 7510
f 7747 7510 7749
f 7748 7510 7749
f 7516 7749 7510
f 7516 7750 7749
f 7750 7516 7751
f 7517 7751 7516
f 7518 7751 7517
f 7521 7752 7522
f 7522 7752 7520
f 7753 7754 7755
f 7753 7755 7752
f 7521 7753 7752
f 7753 7512 7754
f 7753 7521 7512
f 7512 7738 7754
f 7749 7750 7756
f 7750 7751 7756
f 7756 7751 7757
f 7757 7751 7518
f 7757 7518 7758
f 7523 7758 7518
f 7523 7759 7758
f 7759 7523 7524
f 7528 7760 7529
f 7760 7526 7529
f 7761 7762 7763
f 7761 7763 7760
f 7761 7760 7528
f 7761 7520 7762
f 7520 7761 7528
f 7520 7752 7762
f 7758 7759 7764
f 7759 7524 7764
f 7764 7524 7765
f 7530 7765 7524
f 7766 7765 7530
f 7531 7766 7530
f 7768 7769 7533
f 7767 7533 7769
f 7768 7534 7526
f 7534 7768 7533
f 7526 7760 7768
f 7766 7770 7765
f 7770 7766 7531
f 7771 7770 7531
f 7771 7531 7772
f 7772 7531 7535
f 7539 7773 7538
f 7773 7540 7538
f 7539 7769 7774
f 7539 7774 7773
f 7539 7533 7769
f 7767 7769 7533
f 7772 7535 7775
f 7541 7775 7535
f 7543 7775 7541
f 7540 7776 7546
f 7544 7546 7776
f 7540 7773 7777
f 7540 7777 7776
f 7543 7778 7775
f 7543 7779 7778
f 7548 7779 7543
f 7544 7780 7551
f 7552 7551 7780
f 7544 7776 7781
f 7544 7781 7780
f 7778 7779 7782
f 7548 7782 7779
f 7548 7783 7782
f 7554 7783 7548
f 7552 7784 7555
f 7784 7556 7555
f 7552 7780 7785
f 7552 7785 7784
f 7786 7782 7783
f 7786 7783 7554
f 7558 7786 7554
f 7556 7784 7788
f 7556 7788 7789
f 7556 7789 7560
f 7787 7560 7789
f 7790 7786 7558
f 7790 7791 7786
f 7561 7562 7558
f 7790 7558 7562
f 7790 7562 7791
f 7792 7560 7789
f 7787 7789 7560
f 7560 7792 7565
f 7792 7564 7565
f 7791 7562 7793
f 7793 7562 7794
f 7562 7795 7794
f 7562 7566 7795
f 7564 7796 7568
f 7796 7569 7568
f 7564 7792 7796
f 7794 7795 7797
f 7797 7795 7566
f 7571 7797 7566
f 7798 7796 7799
f 7798 7799 7800
f 7798 7800 7573
f 7798 7569 7796
f 7569 7798 7573
f 7801 7797 7571
f 7801 7802 7797
f 7801 7803 7802
f 7801 7571 7574
f 7801 7574 7803
f 7573 7804 7575
f 7576 7575 7804
f 7804 7573 7800
f 7802 7803 7805
f 7574 7805 7803
f 7574 7578 7805
f 7806 7804 7807
f 7806 7807 7808
f 7806 7808 7579
f 7804 7806 7576
f 7806 7579 7576
f 7809 7805 7578
f 7809 7810 7805
f 7809 7811 7810
f 7809 7578 7580
f 7809 7580 7811
f 7579 7812 7581
f 7579 7808 7812
f 7810 7811 7813
f 7813 7811 7580
f 7582 7813 7580
f 7812 7814 7581
f 7581 7814 7584
f 7585 7584 7814
f 7582 7815 7813
f 7582 7587 7815
f 7816 7814 7817
f 7816 7817 7589
f 7814 7816 7585
f 7816 7589 7585
f 7818 7815 7587
f 7818 7819 7815
f 7818 7820 7819
f 7818 7587 7590
f 7818 7590 7820
f 7817 7821 7589
f 7589 7821 7822
f 7589 7822 7592
f 7823 7819 7820
f 7823 7824 7819
f 7823 7820 7590
f 7823 7590 7593
f 7825 7594 7592
f 7826 7592 7822
f 7825 7592 7826
f 7824 7823 7827
f 7827 7823 7593
f 7827 7593 7596
f 7825 7828 7594
f 7829 7598 7828
f 7594 7828 7598
f 7825 7826 7828
f 7829 7828 7826
f 7596 7830 7827
f 7596 7600 7830
f 7829 7831 7598
f 7598 7831 7601
f 7600 7832 7830
f 7600 7603 7832
f 7831 7833 7601
f 7601 7833 7604
f 7603 7834 7832
f 7603 7606 7834
f 7833 7835 7604
f 7604 7835 7607
f 7606 7836 7834
f 7606 7609 7836
f 7835 7837 7607
f 7607 7837 7611
f 7609 7838 7836
f 7609 7613 7838
f 7837 7839 7611
f 7840 7614 7839
f 7611 7839 7614
f 7841 7839 7837
f 7840 7839 7841
f 7613 7842 7838
f 7613 7617 7842
f 7614 7840 7619
f 7843 7840 7841
f 7619 7840 7843
f 7844 7842 7617
f 7844 7617 7620
f 7619 7843 7845
f 7622 7619 7845
f 7846 7847 7844
f 7846 7844 7620
f 7846 7620 7623
f 7848 7622 7849
f 7845 7849 7622
f 7848 7849 7622
f 7625 7622 7849
f 7850 7847 7846
f 7850 7851 7847
f 7850 7626 7851
f 7850 7846 7623
f 7850 7623 7626
f 7852 7625 7849
f 7853 7628 7852
f 7625 7852 7628
f 7852 7849 7854
f 7853 7852 7854
f 7626 7630 7851
f 7853 7632 7628
f 7855 7853 7854
f 7853 7855 7632
f 7856 7630 7633
f 7855 7858 7632
f 7635 7632 7858
f 7860 7857 7856
f 7860 7859 7857
f 7860 7861 7859
f 7860 7856 7633
f 7860 7633 7636
f 7860 7636 7861
f 7862 7635 7858
f 7635 7862 7638
f 7862 7858 7863
f 7638 7862 7863
f 7864 7859 7865
f 7864 7865 7640
f 7636 7859 7861
f 7636 7865 7859
f 7636 7640 7865
f 7863 7866 7638
f 7642 7638 7866
f 7868 7867 7864
f 7868 7869 7867
f 7868 7864 7640
f 7868 7640 7643
f 7868 7643 7869
f 7866 7870 7642
f 7870 7644 7642
f 7871 7870 7866
f 7870 7871 7644
f 7873 7872 7867
f 7873 7874 7872
f 7643 7867 7869
f 7643 7873 7867
f 7643 7645 7873
f 7871 7875 7644
f 7876 7644 7875
f 7876 7649 7644
f 7876 7875 7877
f 7651 7874 7873
f 7651 7878 7874
f 7651 7653 7878
f 7651 7873 7645
f 7877 7879 7876
f 7879 7649 7876
f 7656 7649 7879
f 7881 7880 7878
f 7881 7882 7880
f 7881 7878 7653
f 7881 7653 7657
f 7881 7657 7882
f 7879 7658 7656
f 7879 7883 7658
f 7660 7658 7883
f 7886 7885 7880
f 7886 7884 7885
f 7886 7661 7884
f 7886 7880 7661
f 7657 7880 7882
f 7657 7661 7880
f 7887 7660 7883
f 7887 7663 7660
f 7887 7883 7888
f 7887 7888 7663
f 7891 7890 7884
f 7891 7889 7890
f 7891 7665 7889
f 7661 7891 7884
f 7661 7665 7891
f 7892 7663 7888
f 7892 7667 7663
f 7893 7892 7888
f 7893 7667 7892
f 7896 7895 7889
f 7896 7894 7895
f 7896 7897 7894
f 7896 7669 7897
f 7665 7896 7889
f 7665 7669 7896
f 7893 7671 7667
f 7899 7893 7898
f 7899 7671 7893
f 7899 7898 7674
f 7899 7674 7671
f 7674 7898 7900
f 7903 7901 7894
f 7903 7676 7901
f 7903 7894 7675
f 7903 7675 7676
f 7669 7894 7897
f 7669 7675 7894
f 7900 7904 7674
f 7674 7904 7905
f 7674 7905 7679
f 7904 7906 7905
f 7906 7679 7905
f 7908 7909 7902
f 7908 7907 7909
f 7682 7902 7901
f 7682 7908 7902
f 7682 7680 7908
f 7682 7901 7676
f 7906 7684 7679
f 7911 7906 7910
f 7911 7684 7906
f 7911 7910 7912
f 7911 7912 7687
f 7911 7687 7684
f 7910 7913 7912
f 7687 7912 7913
f 7915 7916 7914
f 7915 7689 7916
f 7917 7915 7907
f 7917 7689 7915
f 7917 7907 7918
f 7917 7918 7688
f 7917 7688 7689
f 7688 7907 7908
f 7688 7918 7907
f 7688 7908 7680
f 7687 7913 7693
f 7920 7913 7919
f 7920 7693 7913
f 7920 7919 7921
f 7920 7921 7694
f 7920 7694 7693
f 7919 7922 7921
f 7922 7694 7921
f 7925 7695 7711
f 7927 7926 7914
f 7927 7925 7926
f 7927 7695 7925
f 7927 7914 7928
f 7927 7928 7696
f 7927 7696 7695
f 7696 7914 7916
f 7696 7928 7914
f 7696 7916 7689
f 7922 7699 7694
f 7699 7922 7923
f 7699 7923 7702
f 7929 7923 7930
f 7929 7702 7923
f 7929 7930 7931
f 7929 7931 7703
f 7929 7703 7702
f 7932 7930 7933
f 7932 7931 7930
f 7932 7703 7931
f 7932 7705 7703
f 7933 7934 7932
f 7934 7705 7932
f 7934 7713 7705
f 7713 7934 7935
f 7941 7726 7940
f 7941 7707 7726
f 7942 7941 7943
f 7942 7707 7941
f 7942 7706 7707
f 7944 7943 7924
f 7944 7942 7943
f 7944 7706 7942
f 7944 7924 7708
f 7944 7708 7706
f 7708 7924 7711
f 7713 7935 7716
f 7716 7935 7936
f 7716 7936 7718
f 7718 7936 7937
f 7718 7937 7720
f 7720 7937 7938
f 7720 7938 7722
f 7722 7938 7939
f 7722 7939 7724
f 7724 7939 7940
f 7724 7940 7726
f 7741 7945 7739
f 7946 7945 7741
f 7742 7946 7743
f 7743 7946 7741
f 7947 7948 7946
f 7947 7946 7742
f 7744 7947 7742
f 7949 7950 7947
f 7948 7947 7950
f 7744 7949 7947
f 7949 7951 7950
f 7949 7744 7951
f 7731 7951 7744
f 7950 7951 7952
f 7951 7732 7952
f 7951 7731 7732
f 7952 7732 7953
f 7732 7733 7953
f 7953 7733 7954
f 7733 7734 7954
f 7954 7734 7955
f 7734 7956 7955
f 7735 7956 7734
f 7957 7958 7956
f 7955 7956 7958
f 7735 7957 7956
f 7745 7957 7735
f 7959 7958 7957
f 7745 7959 7957
f 7746 7959 7745
f 7960 7959 7746
f 7960 7746 7961
f 7747 7961 7746
f 7961 7747 7749
f 7754 7962 7755
f 7755 7962 7752
f 7963 7962 7754
f 7738 7963 7754
f 7738 7964 7965
f 7738 7965 7963
f 7738 7739 7964
f 7964 7739 7945
f 7960 7966 7959
f 7960 7961 7966
f 7966 7961 7967
f 7961 7749 7967
f 7967 7749 7968
f 7968 7749 7969
f 7749 7756 7969
f 7968 7969 7970
f 7756 7970 7969
f 7757 7970 7756
f 7970 7757 7758
f 7762 7971 7763
f 7971 7760 7763
f 7972 7971 7762
f 7972 7752 7973
f 7752 7972 7762
f 7973 7752 7962
f 7968 7970 7974
f 7974 7970 7975
f 7970 7758 7975
f 7975 7758 7976
f 7764 7976 7758
f 7977 7976 7764
f 7765 7977 7764
f 7978 7769 7768
f 7979 7980 7768
f 7978 7768 7980
f 7979 7768 7760
f 7760 7971 7981
f 7979 7760 7981
f 7977 7982 7976
f 7982 7977 7765
f 7982 7765 7983
f 7770 7983 7765
f 7771 7983 7770
f 7769 7984 7774
f 7984 7773 7774
f 7769 7980 7985
f 7769 7985 7984
f 7978 7980 7769
f 7986 7983 7771
f 7772 7986 7771
f 7987 7986 7772
f 7775 7987 7772
f 7988 7777 7989
f 7773 7989 7777
f 7777 7988 7776
f 7773 7984 7990
f 7773 7990 7989
f 7988 7989 7990
f 7987 7991 7986
f 7775 7992 7987
f 7991 7987 7992
f 7991 7992 7993
f 7775 7993 7992
f 7993 7775 7778
f 7776 7994 7781
f 7781 7994 7780
f 7776 7988 7995
f 7994 7776 7995
f 7991 7993 7996
f 7993 7778 7996
f 7778 7997 7996
f 7778 7782 7997
f 7780 7998 7785
f 7998 7999 7785
f 7784 7785 7999
f 7780 7994 8000
f 7998 7780 8000
f 7996 7997 8001
f 7997 7782 8001
f 7782 8002 8001
f 7786 8002 7782
f 7784 8003 7788
f 8003 7789 7788
f 7784 7999 8004
f 7998 8004 7999
f 7784 8004 8003
f 8001 8002 8005
f 8005 8002 7786
f 7791 8005 7786
f 7789 8006 7792
f 7789 8003 8007
f 7789 8007 8008
f 8006 7789 8008
f 8009 8005 7791
f 7793 7794 7791
f 8009 7791 7794
f 8010 7792 8008
f 8006 8008 7792
f 8010 7796 7792
f 8009 7794 8011
f 8011 7794 8012
f 7794 8013 8012
f 7794 7797 8013
f 7796 8014 7799
f 8014 7800 7799
f 8010 8015 7796
f 7796 8015 8014
f 8012 8013 8016
f 8016 8013 7797
f 7802 8016 7797
f 8017 8018 7804
f 8017 7800 8014
f 7800 8017 7804
f 7802 8019 8016
f 7802 8020 8019
f 7802 7805 8020
f 8021 7807 7804
f 8021 7808 7807
f 8021 7804 8018
f 8019 8020 8022
f 8022 8020 7805
f 7810 8022 7805
f 8023 7808 8021
f 7812 7808 8023
f 7810 8024 8022
f 7810 8025 8024
f 7810 7813 8025
f 7812 8023 8026
f 7812 8026 8027
f 7812 8027 7814
f 8028 8024 8025
f 8028 8029 8024
f 8028 8025 7813
f 8028 7813 7815
f 8030 7817 7814
f 8030 7814 8027
f 8029 8028 8031
f 8031 8028 7815
f 8031 7815 7819
f 8030 8032 7817
f 7817 8032 7821
f 8032 7822 7821
f 7819 8033 8031
f 7819 7824 8033
f 8034 7822 8032
f 7826 7822 8034
f 7824 8035 8033
f 7824 8036 8035
f 7824 7827 8036
f 8037 8034 8038
f 8037 8038 8039
f 8034 8037 7826
f 8037 8039 7826
f 7829 7826 8039
f 8040 8035 8036
f 8040 8041 8035
f 8040 8042 8041
f 8040 8036 7827
f 8040 7827 7830
f 8040 7830 8042
f 8038 8043 8039
f 8039 8043 7831
f 8039 7831 7829
f 8044 8041 8042
f 8044 8045 8041
f 8044 8042 7830
f 8044 7830 7832
f 8043 8046 7831
f 7831 8046 7833
f 8047 8045 8044
f 8047 8048 8045
f 8047 8044 7832
f 8047 7832 7834
f 8046 8049 7833
f 7833 8049 7835
f 8050 8048 8047
f 8050 8051 8048
f 8050 8047 7834
f 8050 7834 7836
f 8049 8052 7835
f 7835 8052 8053
f 7837 7835 8053
f 8054 8051 8050
f 8054 8055 8051
f 8054 8050 7836
f 8054 7836 7838
f 8056 8053 8057
f 8052 8057 8053
f 8053 8056 7837
f 8056 8057 7837
f 7841 7837 8057
f 8058 8055 8054
f 8058 8059 8055
f 8058 8060 8059
f 8058 8054 7838
f 8058 7838 7842
f 8058 7842 8060
f 8057 8061 7841
f 8061 7843 7841
f 8060 8062 8059
f 8060 8063 8062
f 8060 7842 7844
f 8060 7844 8063
f 8061 8064 7843
f 8065 7845 8064
f 7843 8064 7845
f 8066 8064 8061
f 8065 8064 8066
f 7844 8062 8063
f 7844 7847 8062
f 7845 8065 7849
f 8067 8065 8066
f 7849 8065 8067
f 8068 7847 7851
f 7849 8067 8070
f 8071 7849 8070
f 7854 7849 8071
f 8072 8069 8068
f 8072 8073 8069
f 8072 8074 8073
f 8072 8068 7851
f 8072 7851 7630
f 8072 7630 8074
f 8075 7854 8070
f 8071 8070 7854
f 8075 7855 7854
f 8075 8070 8076
f 8074 7857 8073
f 8074 7630 7856
f 8074 7856 7857
f 7855 8075 7858
f 8077 8075 8076
f 7858 8075 8077
f 8078 7857 7859
f 8077 8080 7858
f 7863 7858 8080
f 8082 8079 8078
f 8082 8081 8079
f 8082 8083 8081
f 8082 8078 7859
f 8082 7859 7864
f 8082 7864 8083
f 8080 8084 7863
f 8084 7866 7863
f 8085 8084 8080
f 8084 8085 7866
f 8087 8086 8081
f 8087 8088 8086
f 8087 8089 8088
f 8087 7867 8089
f 7864 8081 8083
f 7864 8087 8081
f 7864 7867 8087
f 8090 7866 8085
f 8090 7871 7866
f 7872 8088 8089
f 7872 8091 8088
f 7872 7874 8091
f 7872 8089 7867
f 8090 7875 7871
f 8092 7875 8090
f 7877 7875 8092
f 8094 8093 8091
f 8094 8095 8093
f 8094 8091 7874
f 8094 7874 7878
f 8094 7878 8095
f 8092 8096 7877
f 8096 7879 7877
f 8097 8096 8092
f 8096 8097 7879
f 8098 7879 8097
f 8100 8099 8093
f 8100 8101 8099
f 8100 8102 8101
f 8100 7880 8102
f 7878 8093 8095
f 7878 8100 8093
f 7878 7880 8100
f 8103 7879 8097
f 8098 8097 7879
f 7879 8103 7883
f 8103 8097 8104
f 7883 8103 8104
f 8105 8106 8101
f 8105 8107 8106
f 7885 8101 8102
f 7885 8105 8101
f 7885 7884 8105
f 7885 8102 7880
f 7883 8104 8108
f 7883 8108 7888
f 8108 8104 8109
f 7888 8108 8109
f 8110 8111 8107
f 8110 8112 8111
f 7890 8107 8105
f 7890 8110 8107
f 7890 7889 8110
f 7890 8105 7884
f 7888 8109 8113
f 7893 7888 8113
f 8109 8114 8113
f 8114 7893 8113
f 8116 8117 8112
f 8116 8115 8117
f 8116 8112 8118
f 8116 8118 7894
f 7895 8112 8110
f 7895 8118 8112
f 7895 7894 8118
f 7895 8110 7889
f 8114 7898 7893
f 8119 7898 8114
f 7900 7898 7904
f 8119 7904 7898
f 7904 8119 8120
f 8123 8121 8115
f 8123 7902 8121
f 8123 8115 8124
f 8123 8124 7901
f 8123 7901 7902
f 7901 8115 8116
f 7901 8124 8115
f 7901 8116 7894
f 8120 8125 7904
f 7904 8125 8126
f 7904 8126 7906
f 8125 8127 8126
f 8127 7906 8126
f 8129 8130 8122
f 8129 8128 8130
f 8129 8122 8131
f 8129 8131 7907
f 7909 8122 8121
f 7909 8131 8122
f 7909 7907 8131
f 7909 8121 7902
f 8127 7910 7906
f 7910 8127 8132
f 7910 8132 8133
f 7910 8133 7913
f 8132 8134 8133
f 8134 7913 8133
f 8137 7914 7926
f 8139 8138 8128
f 8139 8137 8138
f 8139 7914 8137
f 8139 8128 8140
f 8139 8140 7915
f 8139 7915 7914
f 7915 8128 8129
f 7915 8140 8128
f 7915 8129 7907
f 8134 7919 7913
f 7919 8134 8135
f 7919 8135 8141
f 7919 8141 7922
f 8142 8135 8143
f 8142 8141 8135
f 8142 7922 8141
f 8142 7923 7922
f 8143 8144 8142
f 8144 7923 8142
f 8147 7924 7943
f 8149 8148 8136
f 8149 8147 8148
f 8149 7924 8147
f 8149 8136 8150
f 8149 8150 7711
f 8149 7711 7924
f 8150 8136 7926
f 8150 7926 7925
f 8150 7925 7711
f 8144 7930 7923
f 7930 8144 8145
f 7930 8145 7933
f 7933 8145 8151
f 7933 8151 8152
f 7933 8152 7934
f 8153 8151 8154
f 8153 8152 8151
f 8153 7934 8152
f 8153 8154 8155
f 8153 8155 7935
f 8153 7935 7934
f 8156 8154 8157
f 8156 8155 8154
f 8156 7935 8155
f 8156 7936 7935
f 8158 8157 8159
f 8158 8156 8157
f 8158 7936 8156
f 8158 7937 7936
f 8160 8159 8161
f 8160 8158 8159
f 8160 7937 8158
f 8160 7938 7937
f 8162 8161 8163
f 8162 8160 8161
f 8162 7938 8160
f 8162 7939 7938
f 8164 8163 8165
f 8164 8162 8163
f 8164 7939 8162
f 8164 8165 8166
f 8164 8166 7940
f 8164 7940 7939
f 8166 8165 8146
f 8166 8146 8167
f 8166 8167 7941
f 8166 7941 7940
f 7941 8146 7943
f 7941 8167 8146
f 8168 7950 8169
f 7952 8169 7950
f 8170 8169 7952
f 7953 8170 7952
f 8171 8170 7953
f 8171 7953 8172
f 7954 8172 7953
f 8172 7954 7955
f 8173 7955 7958
f 7964 8175 7965
f 8174 7963 8175
f 7965 8175 7963
f 8175 7964 8176
f 7945 8176 7964
f 8177 8178 8176
f 7945 8177 8176
f 8177 7946 8178
f 8177 7945 7946
f 7946 8179 8180
f 8178 7946 8180
f 7948 8179 7946
f 8179 7948 8181
f 7948 7950 8181
f 8168 8182 7950
f 8181 7950 8182
f 8168 8169 8182
f 8170 8183 8169
f 8182 8169 8183
f 8171 8184 8170
f 8183 8170 8184
f 8171 8172 8184
f 8184 8172 8185
f 8172 7955 8185
f 8173 8186 7955
f 8185 7955 8186
f 8173 7958 8186
f 8186 7958 8187
f 8187 7958 7959
f 8187 7959 8188
f 7966 8188 7959
f 7966 8189 8188
f 7967 8189 7966
f 8190 8189 7967
f 8190 7967 7968
f 7973 8191 7972
f 8191 7971 7972
f 8191 7973 8192
f 8192 7973 8193
f 7962 8193 7973
f 7962 8194 8195
f 7962 8195 8193
f 8192 8193 8195
f 7963 8194 7962
f 8174 8175 7963
f 8194 7963 8175
f 8190 8196 8189
f 8190 7968 8196
f 8196 7968 8197
f 7968 7974 8197
f 7974 8198 8197
f 7975 8199 7974
f 8198 7974 8199
f 7976 8199 7975
f 8200 7980 7979
f 8200 7979 8201
f 8201 7981 8202
f 7971 8202 7981
f 7981 8201 7979
f 7971 8203 8204
f 7971 8204 8202
f 8201 8202 8204
f 8191 8203 7971
f 8191 8192 8203
f 8197 8198 8205
f 8198 8199 8205
f 8205 8199 8206
f 7976 8207 8199
f 8206 8199 8207
f 8206 8207 8208
f 7976 8208 8207
f 8208 7976 7982
f 7980 8209 7985
f 8209 7984 7985
f 7980 8210 8211
f 7980 8211 8209
f 8200 8210 7980
f 8200 8201 8210
f 8206 8208 8212
f 8208 7982 8212
f 8212 7982 8213
f 7983 8213 7982
f 8214 8213 7983
f 7986 8214 7983
f 8215 7990 7984
f 7990 8215 7988
f 7984 8209 8216
f 8215 7984 8216
f 8214 8217 8213
f 8218 8213 8217
f 8217 8214 7986
f 8217 7986 8219
f 8219 7986 7991
f 7988 8220 7995
f 7995 8220 7994
f 7988 8215 8221
f 8220 7988 8221
f 8217 8219 8222
f 8219 7991 8222
f 7991 8223 8222
f 7991 7996 8223
f 7994 8224 8000
f 8000 8224 7998
f 7994 8220 8225
f 8224 7994 8225
f 8222 8223 8226
f 8223 7996 8226
f 7996 8227 8226
f 7996 8001 8227
f 7998 8228 8004
f 8228 8003 8004
f 7998 8224 8229
f 8228 7998 8229
f 8226 8227 8230
f 8227 8001 8230
f 8001 8231 8230
f 8001 8005 8231
f 8003 8232 8007
f 8232 8008 8007
f 8228 8233 8003
f 8003 8233 8232
f 8230 8231 8234
f 8235 8234 8231
f 8235 8231 8005
f 8009 8235 8005
f 8008 8236 8010
f 8008 8232 8237
f 8008 8237 8238
f 8236 8008 8238
f 8239 8235 8009
f 8239 8240 8235
f 8011 8012 8009
f 8239 8009 8012
f 8236 8241 8010
f 8010 8241 8015
f 8241 8242 8015
f 8014 8015 8242
f 8241 8236 8238
f 8240 8239 8243
f 8239 8012 8243
f 8012 8244 8243
f 8012 8016 8244
f 8014 8245 8017
f 8245 8018 8017
f 8014 8242 8246
f 8241 8246 8242
f 8014 8246 8247
f 8245 8014 8247
f 8248 8243 8244
f 8248 8244 8016
f 8248 8016 8019
f 8245 8249 8018
f 8021 8018 8249
f 8249 8245 8247
f 8248 8019 8250
f 8019 8251 8250
f 8019 8022 8251
f 8021 8249 8252
f 8021 8252 8253
f 8023 8021 8253
f 8254 8250 8251
f 8254 8255 8250
f 8254 8251 8022
f 8254 8022 8024
f 8257 8026 8256
f 8023 8256 8026
f 8257 8027 8026
f 8023 8253 8256
f 8257 8256 8253
f 8255 8254 8258
f 8024 8259 8254
f 8258 8254 8259
f 8258 8259 8029
f 8024 8029 8259
f 8257 8260 8027
f 8030 8027 8260
f 8029 8261 8258
f 8029 8262 8261
f 8029 8031 8262
f 8263 8260 8264
f 8263 8264 8032
f 8260 8263 8030
f 8263 8032 8030
f 8265 8261 8262
f 8265 8266 8261
f 8265 8262 8031
f 8265 8031 8033
f 8264 8267 8032
f 8032 8267 8268
f 8034 8032 8268
f 8269 8266 8265
f 8269 8270 8266
f 8269 8265 8033
f 8269 8033 8035
f 8034 8271 8038
f 8034 8268 8271
f 8272 8271 8268
f 8038 8271 8272
f 8270 8269 8273
f 8273 8269 8035
f 8273 8035 8041
f 8276 8043 8275
f 8038 8275 8043
f 8038 8272 8275
f 8277 8275 8272
f 8276 8275 8277
f 8274 8273 8278
f 8278 8273 8041
f 8278 8041 8045
f 8276 8279 8043
f 8043 8279 8046
f 8276 8277 8279
f 8280 8279 8277
f 8045 8282 8278
f 8281 8278 8282
f 8281 8282 8048
f 8045 8048 8282
f 8279 8283 8046
f 8284 8049 8283
f 8046 8283 8049
f 8279 8280 8283
f 8285 8283 8280
f 8284 8283 8285
f 8048 8287 8281
f 8286 8281 8287
f 8286 8287 8051
f 8048 8051 8287
f 8049 8284 8052
f 8288 8284 8285
f 8052 8284 8288
f 8289 8286 8051
f 8289 8051 8055
f 8052 8291 8057
f 8052 8288 8291
f 8292 8291 8288
f 8057 8291 8292
f 8293 8290 8289
f 8293 8294 8290
f 8293 8289 8055
f 8293 8055 8059
f 8057 8292 8295
f 8057 8295 8061
f 8296 8294 8293
f 8296 8297 8294
f 8296 8293 8059
f 8296 8059 8062
f 8295 8298 8061
f 8066 8061 8298
f 8299 8297 8296
f 8299 8300 8297
f 8299 8301 8300
f 8299 8296 8062
f 8299 8062 7847
f 8299 7847 8301
f 8302 8066 8298
f 8302 8067 8066
f 8301 8303 8300
f 8301 8069 8303
f 8301 7847 8068
f 8301 8068 8069
f 8302 8304 8067
f 8067 8304 8070
f 8305 8304 8302
f 8070 8304 8305
f 8306 8303 8308
f 8306 8308 8073
f 8069 8308 8303
f 8069 8073 8308
f 8070 8305 8309
f 8076 8070 8309
f 8310 8307 8306
f 8310 8311 8307
f 8310 8312 8311
f 8310 8306 8073
f 8310 8073 7857
f 8310 7857 8312
f 8313 8076 8309
f 8314 8076 8313
f 8314 8077 8076
f 8313 8309 8315
f 8314 8313 8315
f 8312 8316 8311
f 8312 8079 8316
f 8312 7857 8078
f 8312 8078 8079
f 8314 8080 8077
f 8314 8315 8317
f 8314 8317 8080
f 8318 8080 8317
f 8319 8320 8316
f 8319 8316 8079
f 8319 8079 8081
f 8321 8080 8317
f 8318 8317 8080
f 8085 8080 8321
f 8321 8317 8322
f 8085 8321 8322
f 8086 8320 8319
f 8086 8323 8320
f 8086 8088 8323
f 8086 8319 8081
f 8322 8324 8085
f 8090 8085 8324
f 8326 8325 8323
f 8326 8327 8325
f 8326 8323 8088
f 8326 8088 8091
f 8326 8091 8327
f 8324 8328 8090
f 8328 8092 8090
f 8324 8329 8328
f 8330 8328 8329
f 8328 8330 8092
f 8332 8331 8325
f 8332 8333 8331
f 8332 8334 8333
f 8332 8093 8334
f 8091 8325 8327
f 8091 8332 8325
f 8091 8093 8332
f 8335 8092 8330
f 8097 8092 8335
f 8335 8330 8336
f 8097 8335 8336
f 8337 8338 8333
f 8337 8339 8338
f 8099 8333 8334
f 8099 8337 8333
f 8099 8101 8337
f 8099 8334 8093
f 8097 8336 8340
f 8097 8340 8104
f 8340 8336 8341
f 8104 8340 8341
f 8106 8339 8337
f 8106 8342 8339
f 8106 8107 8342
f 8106 8337 8101
f 8104 8341 8344
f 8104 8344 8109
f 8344 8341 8345
f 8109 8344 8345
f 8346 8347 8343
f 8346 8348 8347
f 8111 8343 8342
f 8111 8346 8343
f 8111 8112 8346
f 8111 8342 8107
f 8109 8345 8349
f 8109 8349 8114
f 8345 8351 8349
f 8350 8349 8351
f 8350 8114 8349
f 8353 8354 8348
f 8353 8352 8354
f 8353 8348 8355
f 8353 8355 8115
f 8117 8348 8346
f 8117 8355 8348
f 8117 8115 8355
f 8117 8346 8112
f 8350 8119 8114
f 8357 8350 8356
f 8357 8119 8350
f 8120 8119 8125
f 8357 8125 8119
f 8357 8356 8358
f 8125 8357 8358
f 8361 8359 8352
f 8361 8122 8359
f 8361 8352 8362
f 8361 8362 8121
f 8361 8121 8122
f 8121 8352 8353
f 8121 8362 8352
f 8121 8353 8115
f 8125 8358 8363
f 8125 8363 8127
f 8364 8363 8358
f 8364 8127 8363
f 8364 8132 8127
f 8132 8364 8365
f 8368 8366 8360
f 8368 8138 8366
f 8368 8128 8138
f 8130 8360 8359
f 8130 8368 8360
f 8130 8128 8368
f 8130 8359 8122
f 8132 8365 8369
f 8132 8369 8134
f 8370 8365 8371
f 8370 8369 8365
f 8370 8134 8369
f 8370 8135 8134
f 8371 8372 8370
f 8135 8370 8373
f 8372 8373 8370
f 8377 8379 8375
f 8377 8136 8379
f 8380 8378 8367
f 8380 8377 8378
f 8380 8136 8377
f 8380 8367 8381
f 8380 8381 7926
f 8380 7926 8136
f 8381 8367 8366
f 8381 8366 8138
f 8381 8138 8137
f 8381 8137 7926
f 8372 8143 8373
f 8135 8373 8143
f 8143 8372 8374
f 8143 8374 8382
f 8143 8382 8144
f 8383 8374 8384
f 8383 8382 8374
f 8383 8144 8382
f 8383 8145 8144
f 8385 8384 8386
f 8385 8383 8384
f 8385 8145 8383
f 8385 8151 8145
f 8386 8387 8385
f 8387 8151 8385
f 8387 8154 8151
f 8388 8389 8387
f 8389 8154 8387
f 8389 8157 8154
f 8157 8389 8391
f 8390 8391 8389
f 8390 8159 8391
f 8159 8390 8392
f 8393 8163 8392
f 8395 8394 8396
f 8395 8393 8394
f 8395 8163 8393
f 8395 8165 8163
f 8397 8396 8398
f 8397 8395 8396
f 8397 8165 8395
f 8397 8146 8165
f 8399 8398 8376
f 8399 8397 8398
f 8399 8146 8397
f 8399 8376 8400
f 8399 8400 7943
f 8399 7943 8146
f 8400 8376 8375
f 8400 8375 8148
f 8400 8148 8147
f 8400 8147 7943
f 8148 8375 8379
f 8148 8379 8136
f 8157 8391 8159
f 8159 8392 8161
f 8161 8392 8163
f 8178 8401 8176
f 8402 8401 8178
f 8179 8403 8180
f 8402 8178 8403
f 8180 8403 8178
f 8404 8403 8179
f 8181 8404 8179
f 8405 8404 8181
f 8182 8405 8181
f 8405 8182 8406
f 8183 8406 8182
f 8183 8407 8406
f 8184 8407 8183
f 8408 8407 8184
f 8185 8408 8184
f 8409 8408 8185
f 8186 8409 8185
f 8410 8409 8186
f 8410 8186 8411
f 8187 8411 8186
f 8411 8187 8188
f 8194 8412 8195
f 8195 8412 8192
f 8412 8194 8413
f 8175 8413 8194
f 8414 8415 8413
f 8175 8414 8413
f 8414 8176 8415
f 8176 8414 8175
f 8417 8176 8416
f 8415 8176 8417
f 8176 8401 8416
f 8402 8403 8401
f 8416 8401 8403
f 8410 8418 8409
f 8410 8411 8418
f 8418 8411 8419
f 8411 8188 8419
f 8419 8188 8420
f 8188 8189 8420
f 8189 8421 8420
f 8196 8422 8189
f 8421 8189 8422
f 8422 8196 8197
f 8203 8424 8204
f 8423 8201 8424
f 8204 8424 8201
f 8425 8426 8424
f 8425 8424 8203
f 8425 8192 8426
f 8192 8425 8203
f 8427 8192 8412
f 8426 8192 8427
f 8420 8421 8428
f 8421 8422 8428
f 8428 8422 8429
f 8422 8197 8429
f 8429 8197 8431
f 8430 8431 8197
f 8205 8431 8197
f 8430 8197 8431
f 8432 8431 8205
f 8432 8205 8206
f 8210 8433 8211
f 8433 8209 8211
f 8434 8435 8433
f 8434 8433 8210
f 8434 8201 8435
f 8201 8434 8210
f 8423 8424 8201
f 8436 8201 8424
f 8435 8201 8436
f 8432 8437 8431
f 8432 8206 8437
f 8438 8437 8206
f 8438 8439 8437
f 8212 8440 8206
f 8438 8206 8440
f 8438 8440 8439
f 8213 8440 8212
f 8209 8441 8216
f 8216 8441 8215
f 8209 8433 8442
f 8209 8442 8441
f 8439 8440 8443
f 8213 8443 8440
f 8213 8444 8443
f 8444 8213 8217
f 8218 8217 8213
f 8215 8445 8221
f 8221 8445 8220
f 8215 8441 8446
f 8445 8215 8446
f 8443 8444 8447
f 8444 8217 8447
f 8217 8448 8447
f 8217 8222 8448
f 8220 8449 8225
f 8225 8449 8224
f 8220 8445 8450
f 8449 8220 8450
f 8447 8448 8451
f 8448 8222 8451
f 8222 8452 8451
f 8222 8226 8452
f 8224 8453 8229
f 8229 8453 8228
f 8224 8449 8454
f 8453 8224 8454
f 8451 8452 8455
f 8452 8226 8455
f 8226 8456 8455
f 8226 8230 8456
f 8228 8457 8233
f 8232 8233 8457
f 8228 8453 8458
f 8457 8228 8458
f 8455 8456 8459
f 8456 8230 8459
f 8230 8460 8459
f 8235 8460 8234
f 8230 8234 8460
f 8232 8461 8237
f 8461 8238 8237
f 8232 8457 8462
f 8232 8462 8461
f 8463 8459 8460
f 8463 8460 8235
f 8240 8463 8235
f 8464 8461 8465
f 8464 8465 8241
f 8464 8238 8461
f 8238 8464 8241
f 8466 8463 8467
f 8240 8467 8463
f 8240 8468 8467
f 8240 8243 8468
f 8470 8246 8469
f 8241 8469 8246
f 8470 8247 8246
f 8241 8465 8471
f 8241 8471 8469
f 8470 8469 8471
f 8467 8468 8472
f 8243 8473 8468
f 8472 8468 8473
f 8472 8473 8248
f 8243 8248 8473
f 8474 8470 8475
f 8474 8475 8249
f 8474 8247 8470
f 8247 8474 8249
f 8476 8472 8248
f 8476 8477 8472
f 8476 8478 8477
f 8476 8248 8250
f 8476 8250 8478
f 8480 8252 8479
f 8249 8479 8252
f 8480 8253 8252
f 8249 8475 8481
f 8249 8481 8479
f 8480 8479 8481
f 8477 8478 8482
f 8482 8478 8250
f 8482 8250 8255
f 8480 8483 8253
f 8257 8253 8483
f 8255 8484 8482
f 8255 8485 8484
f 8255 8258 8485
f 8486 8483 8487
f 8486 8487 8260
f 8483 8486 8257
f 8257 8486 8260
f 8488 8484 8485
f 8488 8489 8484
f 8488 8485 8258
f 8488 8258 8261
f 8490 8264 8260
f 8260 8487 8491
f 8492 8260 8491
f 8490 8260 8492
f 8493 8489 8488
f 8493 8494 8489
f 8493 8488 8261
f 8493 8261 8266
f 8490 8495 8264
f 8496 8267 8495
f 8264 8495 8267
f 8496 8268 8267
f 8490 8492 8495
f 8496 8495 8492
f 8494 8493 8497
f 8266 8497 8493
f 8266 8270 8497
f 8496 8498 8268
f 8498 8272 8268
f 8270 8499 8497
f 8270 8274 8499
f 8270 8273 8274
f 8498 8500 8272
f 8500 8277 8272
f 8274 8501 8499
f 8274 8502 8501
f 8274 8278 8502
f 8500 8503 8277
f 8280 8277 8503
f 8502 8504 8501
f 8502 8505 8504
f 8502 8278 8281
f 8502 8281 8505
f 8506 8280 8503
f 8506 8285 8280
f 8505 8507 8504
f 8505 8508 8507
f 8505 8281 8286
f 8505 8286 8508
f 8506 8509 8285
f 8509 8288 8285
f 8508 8510 8507
f 8508 8290 8510
f 8508 8286 8289
f 8508 8289 8290
f 8509 8511 8288
f 8511 8292 8288
f 8290 8512 8510
f 8290 8294 8512
f 8511 8513 8292
f 8514 8295 8513
f 8292 8513 8295
f 8515 8513 8511
f 8514 8513 8515
f 8516 8512 8517
f 8516 8517 8297
f 8294 8517 8512
f 8294 8297 8517
f 8295 8514 8298
f 8514 8515 8518
f 8298 8514 8518
f 8519 8520 8516
f 8519 8516 8297
f 8519 8297 8300
f 8298 8518 8521
f 8302 8298 8521
f 8522 8520 8519
f 8522 8523 8520
f 8522 8524 8523
f 8522 8519 8300
f 8522 8300 8303
f 8522 8303 8524
f 8525 8302 8521
f 8526 8302 8525
f 8526 8305 8302
f 8525 8521 8527
f 8526 8525 8527
f 8524 8307 8523
f 8524 8303 8306
f 8524 8306 8307
f 8305 8526 8309
f 8528 8526 8527
f 8309 8526 8528
f 8529 8307 8311
f 8528 8531 8309
f 8532 8309 8531
f 8315 8309 8531
f 8532 8531 8309
f 8534 8530 8529
f 8534 8533 8530
f 8534 8535 8533
f 8534 8529 8311
f 8534 8311 8316
f 8534 8316 8535
f 8531 8536 8315
f 8315 8536 8317
f 8537 8536 8531
f 8317 8536 8537
f 8538 8533 8540
f 8538 8540 8320
f 8316 8533 8535
f 8316 8540 8533
f 8316 8320 8540
f 8541 8317 8537
f 8541 8537 8542
f 8541 8542 8543
f 8322 8317 8543
f 8541 8543 8317
f 8545 8539 8538
f 8545 8544 8539
f 8545 8323 8544
f 8545 8538 8320
f 8545 8320 8323
f 8543 8324 8322
f 8543 8542 8546
f 8543 8546 8324
f 8548 8547 8544
f 8548 8549 8547
f 8548 8544 8325
f 8548 8325 8549
f 8323 8325 8544
f 8550 8324 8546
f 8330 8329 8550
f 8324 8550 8329
f 8550 8546 8551
f 8330 8550 8551
f 8553 8552 8547
f 8553 8554 8552
f 8549 8553 8547
f 8549 8333 8553
f 8549 8325 8331
f 8549 8331 8333
f 8330 8551 8555
f 8330 8555 8336
f 8555 8551 8556
f 8336 8555 8556
f 8338 8554 8553
f 8338 8557 8554
f 8338 8339 8557
f 8338 8553 8333
f 8336 8556 8559
f 8336 8559 8341
f 8559 8556 8560
f 8341 8559 8560
f 8563 8558 8557
f 8563 8561 8558
f 8563 8343 8561
f 8563 8557 8339
f 8563 8339 8342
f 8563 8342 8343
f 8341 8560 8564
f 8341 8564 8345
f 8564 8560 8565
f 8345 8564 8565
f 8567 8568 8562
f 8567 8566 8568
f 8347 8562 8561
f 8347 8567 8562
f 8347 8348 8567
f 8347 8561 8343
f 8345 8565 8569
f 8350 8351 8569
f 8345 8569 8351
f 8570 8569 8565
f 8570 8350 8569
f 8575 8574 8566
f 8575 8572 8574
f 8575 8566 8576
f 8575 8576 8352
f 8575 8352 8572
f 8576 8566 8567
f 8576 8567 8348
f 8576 8348 8354
f 8576 8354 8352
f 8570 8356 8350
f 8571 8577 8570
f 8356 8570 8577
f 8356 8577 8578
f 8356 8578 8358
f 8577 8579 8578
f 8358 8578 8580
f 8579 8580 8578
f 8582 8583 8581
f 8582 8360 8583
f 8584 8573 8572
f 8584 8582 8573
f 8584 8360 8582
f 8584 8572 8359
f 8584 8359 8360
f 8359 8572 8352
f 8579 8364 8580
f 8358 8580 8364
f 8586 8579 8585
f 8586 8364 8579
f 8586 8585 8587
f 8586 8587 8365
f 8586 8365 8364
f 8585 8588 8587
f 8588 8365 8587
f 8591 8367 8378
f 8593 8592 8581
f 8593 8591 8592
f 8593 8367 8591
f 8593 8581 8594
f 8593 8594 8366
f 8593 8366 8367
f 8366 8581 8583
f 8366 8594 8581
f 8366 8583 8360
f 8588 8371 8365
f 8371 8588 8589
f 8371 8589 8595
f 8371 8595 8372
f 8596 8589 8597
f 8596 8595 8589
f 8596 8372 8595
f 8596 8374 8372
f 8598 8597 8599
f 8598 8596 8597
f 8598 8374 8596
f 8598 8384 8374
f 8599 8600 8598
f 8384 8598 8600
f 8607 8608 8606
f 8607 8398 8608
f 8609 8607 8610
f 8609 8398 8607
f 8609 8376 8398
f 8611 8610 8590
f 8611 8609 8610
f 8611 8376 8609
f 8611 8590 8612
f 8611 8612 8375
f 8611 8375 8376
f 8612 8590 8378
f 8612 8378 8377
f 8612 8377 8375
f 8384 8600 8386
f 8386 8600 8601
f 8386 8601 8388
f 8386 8388 8387
f 8388 8601 8602
f 8388 8602 8613
f 8388 8613 8389
f 8613 8602 8603
f 8613 8603 8614
f 8613 8614 8390
f 8613 8390 8389
f 8614 8603 8604
f 8614 8604 8615
f 8614 8615 8392
f 8614 8392 8390
f 8615 8604 8605
f 8615 8605 8394
f 8615 8394 8393
f 8615 8393 8392
f 8394 8605 8606
f 8394 8606 8396
f 8396 8606 8608
f 8396 8608 8398
f 8415 8616 8413
f 8617 8616 8415
f 8416 8618 8417
f 8617 8415 8618
f 8417 8618 8415
f 8619 8618 8416
f 8403 8619 8416
f 8620 8621 8619
f 8620 8619 8403
f 8620 8622 8621
f 8620 8403 8622
f 8404 8622 8403
f 8621 8622 8623
f 8622 8405 8623
f 8622 8404 8405
f 8623 8405 8624
f 8405 8406 8624
f 8624 8406 8625
f 8625 8406 8407
f 8625 8407 8626
f 8407 8627 8626
f 8408 8627 8407
f 8628 8626 8627
f 8408 8628 8627
f 8409 8628 8408
f 8629 8628 8409
f 8418 8629 8409
f 8630 8629 8418
f 8630 8418 8631
f 8419 8631 8418
f 8631 8419 8420
f 8412 8632 8427
f 8427 8632 8426
f 8633 8634 8632
f 8633 8632 8412
f 8633 8413 8634
f 8413 8633 8412
f 8636 8413 8635
f 8634 8413 8636
f 8413 8616 8635
f 8617 8618 8616
f 8635 8616 8618
f 8630 8637 8629
f 8630 8631 8637
f 8637 8631 8638
f 8631 8420 8638
f 8638 8420 8640
f 8639 8640 8420
f 8428 8640 8420
f 8639 8420 8640
f 8641 8640 8428
f 8641 8428 8429
f 8424 8642 8436
f 8436 8642 8435
f 8424 8643 8644
f 8424 8644 8642
f 8426 8643 8424
f 8643 8426 8632
f 8641 8645 8640
f 8641 8429 8645
f 8645 8429 8646
f 8646 8429 8431
f 8647 8646 8431
f 8647 8431 8437
f 8433 8648 8442
f 8442 8648 8441
f 8649 8650 8651
f 8649 8651 8648
f 8649 8648 8433
f 8649 8433 8650
f 8435 8650 8433
f 8650 8435 8642
f 8647 8652 8646
f 8647 8437 8652
f 8652 8437 8654
f 8653 8654 8437
f 8439 8654 8437
f 8653 8437 8654
f 8655 8654 8439
f 8655 8439 8443
f 8441 8656 8446
f 8446 8656 8445
f 8657 8441 8648
f 8656 8441 8657
f 8655 8658 8654
f 8655 8443 8658
f 8443 8659 8658
f 8443 8447 8659
f 8445 8660 8450
f 8450 8660 8449
f 8445 8656 8661
f 8660 8445 8661
f 8658 8659 8662
f 8659 8447 8662
f 8447 8663 8662
f 8447 8451 8663
f 8449 8664 8454
f 8454 8664 8453
f 8449 8660 8665
f 8664 8449 8665
f 8662 8663 8666
f 8663 8451 8666
f 8451 8667 8666
f 8451 8455 8667
f 8453 8668 8458
f 8458 8668 8457
f 8453 8664 8669
f 8668 8453 8669
f 8666 8667 8670
f 8667 8455 8670
f 8455 8671 8670
f 8455 8459 8671
f 8672 8462 8457
f 8672 8461 8462
f 8457 8668 8673
f 8672 8457 8673
f 8674 8670 8671
f 8674 8671 8459
f 8674 8459 8463
f 8675 8672 8676
f 8675 8676 8677
f 8675 8677 8461
f 8465 8461 8677
f 8675 8461 8672
f 8678 8674 8463
f 8678 8679 8674
f 8678 8680 8679
f 8466 8467 8463
f 8678 8463 8467
f 8678 8467 8680
f 8465 8681 8471
f 8681 8470 8471
f 8465 8677 8681
f 8679 8680 8682
f 8467 8682 8680
f 8467 8683 8682
f 8467 8472 8683
f 8470 8681 8684
f 8470 8684 8685
f 8475 8470 8685
f 8686 8682 8683
f 8686 8687 8682
f 8686 8683 8472
f 8686 8472 8477
f 8475 8688 8481
f 8688 8480 8481
f 8475 8685 8688
f 8687 8686 8689
f 8477 8689 8686
f 8477 8690 8689
f 8477 8482 8690
f 8691 8688 8692
f 8691 8692 8483
f 8691 8480 8688
f 8480 8691 8483
f 8693 8689 8690
f 8693 8694 8689
f 8693 8695 8694
f 8693 8690 8482
f 8693 8482 8484
f 8693 8484 8695
f 8696 8487 8483
f 8483 8692 8697
f 8698 8483 8697
f 8696 8483 8698
f 8699 8694 8695
f 8699 8700 8694
f 8699 8695 8484
f 8699 8484 8489
f 8696 8701 8487
f 8702 8491 8701
f 8487 8701 8491
f 8702 8492 8491
f 8696 8698 8701
f 8702 8701 8698
f 8700 8699 8703
f 8489 8703 8699
f 8489 8494 8703
f 8702 8704 8492
f 8704 8496 8492
f 8494 8705 8703
f 8494 8706 8705
f 8494 8497 8706
f 8707 8704 8708
f 8707 8708 8709
f 8707 8496 8704
f 8707 8709 8496
f 8498 8496 8709
f 8706 8710 8705
f 8706 8711 8710
f 8706 8497 8499
f 8706 8499 8711
f 8708 8712 8709
f 8709 8712 8500
f 8709 8500 8498
f 8713 8710 8711
f 8713 8714 8710
f 8713 8711 8499
f 8713 8499 8501
f 8712 8715 8500
f 8500 8715 8503
f 8716 8714 8713
f 8716 8717 8714
f 8716 8713 8501
f 8716 8501 8504
f 8503 8715 8718
f 8506 8503 8718
f 8719 8717 8716
f 8719 8720 8717
f 8719 8716 8504
f 8719 8504 8507
f 8718 8721 8506
f 8506 8721 8722
f 8509 8506 8722
f 8723 8720 8719
f 8723 8724 8720
f 8723 8725 8724
f 8723 8719 8507
f 8723 8507 8510
f 8723 8510 8725
f 8721 8726 8722
f 8722 8726 8509
f 8726 8511 8509
f 8725 8727 8724
f 8725 8728 8727
f 8725 8510 8512
f 8725 8512 8728
f 8726 8729 8511
f 8729 8515 8511
f 8728 8730 8727
f 8728 8731 8730
f 8728 8512 8516
f 8728 8516 8731
f 8729 8732 8515
f 8733 8518 8732
f 8515 8732 8518
f 8734 8732 8729
f 8733 8732 8734
f 8735 8730 8736
f 8735 8736 8520
f 8516 8730 8731
f 8516 8736 8730
f 8516 8520 8736
f 8518 8733 8521
f 8733 8734 8737
f 8521 8733 8737
f 8738 8739 8735
f 8738 8735 8520
f 8738 8520 8523
f 8737 8740 8521
f 8741 8521 8740
f 8527 8521 8740
f 8741 8740 8521
f 8743 8739 8738
f 8743 8742 8739
f 8743 8744 8742
f 8743 8738 8523
f 8743 8523 8307
f 8743 8307 8744
f 8740 8745 8527
f 8528 8527 8745
f 8746 8745 8740
f 8528 8745 8746
f 8744 8747 8742
f 8744 8530 8747
f 8744 8307 8529
f 8744 8529 8530
f 8746 8749 8528
f 8749 8531 8528
f 8751 8748 8747
f 8751 8750 8748
f 8751 8752 8750
f 8751 8747 8530
f 8751 8530 8533
f 8751 8533 8752
f 8749 8753 8531
f 8537 8531 8753
f 8754 8753 8749
f 8537 8753 8754
f 8752 8755 8750
f 8752 8539 8755
f 8752 8533 8538
f 8752 8538 8539
f 8754 8757 8537
f 8758 8537 8757
f 8542 8537 8757
f 8758 8757 8537
f 8760 8756 8755
f 8760 8759 8756
f 8760 8544 8759
f 8760 8755 8539
f 8760 8539 8544
f 8757 8761 8542
f 8542 8761 8546
f 8757 8762 8761
f 8546 8761 8762
f 8764 8763 8759
f 8764 8765 8763
f 8764 8547 8765
f 8544 8764 8759
f 8544 8547 8764
f 8546 8762 8766
f 8546 8766 8551
f 8766 8762 8767
f 8551 8766 8767
f 8768 8770 8769
f 8768 8554 8770
f 8552 8763 8765
f 8552 8768 8763
f 8552 8554 8768
f 8552 8765 8547
f 8551 8767 8771
f 8551 8771 8556
f 8771 8767 8772
f 8556 8771 8772
f 8773 8774 8769
f 8773 8775 8774
f 8773 8776 8775
f 8773 8558 8776
f 8770 8773 8769
f 8770 8558 8773
f 8770 8554 8557
f 8770 8557 8558
f 8556 8772 8777
f 8556 8777 8560
f 8777 8772 8778
f 8560 8777 8778
f 8776 8780 8775
f 8776 8562 8780
f 8776 8558 8561
f 8776 8561 8562
f 8560 8778 8781
f 8560 8781 8565
f 8782 8781 8778
f 8782 8565 8781
f 8785 8784 8779
f 8785 8783 8784
f 8785 8574 8783
f 8785 8566 8574
f 8568 8779 8780
f 8568 8785 8779
f 8568 8566 8785
f 8568 8780 8562
f 8782 8570 8565
f 8787 8782 8786
f 8787 8570 8782
f 8787 8786 8788
f 8787 8788 8577
f 8571 8570 8577
f 8787 8577 8570
f 8786 8789 8788
f 8577 8788 8789
f 8793 8792 8783
f 8793 8791 8792
f 8793 8573 8791
f 8793 8783 8574
f 8793 8574 8572
f 8793 8572 8573
f 8577 8789 8794
f 8577 8794 8579
f 8796 8789 8795
f 8796 8794 8789
f 8796 8579 8794
f 8796 8585 8579
f 8795 8797 8796
f 8585 8796 8797
f 8801 8800 8790
f 8801 8799 8800
f 8801 8592 8799
f 8801 8790 8802
f 8801 8802 8581
f 8801 8581 8592
f 8802 8790 8791
f 8802 8791 8573
f 8802 8573 8582
f 8802 8582 8581
f 8585 8797 8803
f 8585 8803 8588
f 8805 8797 8804
f 8805 8803 8797
f 8805 8588 8803
f 8805 8804 8806
f 8805 8806 8589
f 8805 8589 8588
f 8807 8804 8808
f 8807 8806 8804
f 8807 8589 8806
f 8807 8597 8589
f 8808 8809 8807
f 8597 8807 8809
f 8813 8814 8812
f 8813 8610 8814
f 8815 8813 8816
f 8815 8610 8813
f 8815 8590 8610
f 8817 8816 8798
f 8817 8815 8816
f 8817 8590 8815
f 8817 8798 8818
f 8817 8818 8378
f 8817 8378 8590
f 8818 8798 8799
f 8818 8799 8592
f 8818 8592 8591
f 8818 8591 8378
f 8597 8809 8599
f 8599 8809 8810
f 8599 8810 8819
f 8599 8819 8600
f 8819 8810 8820
f 8819 8820 8821
f 8819 8821 8601
f 8819 8601 8600
f 8822 8820 8823
f 8822 8821 8820
f 8822 8601 8821
f 8822 8602 8601
f 8824 8823 8825
f 8824 8822 8823
f 8824 8602 8822
f 8824 8603 8602
f 8826 8825 8827
f 8826 8824 8825
f 8826 8603 8824
f 8826 8604 8603
f 8828 8827 8829
f 8828 8826 8827
f 8828 8604 8826
f 8828 8829 8830
f 8828 8830 8605
f 8828 8605 8604
f 8830 8829 8811
f 8830 8811 8831
f 8830 8831 8606
f 8830 8606 8605
f 8831 8811 8812
f 8831 8812 8832
f 8831 8832 8607
f 8831 8607 8606
f 8607 8812 8814
f 8607 8832 8812
f 8607 8814 8610
f 8635 8834 8636
f 8833 8634 8834
f 8636 8834 8634
f 8835 8834 8635
f 8618 8835 8635
f 8835 8618 8836
f 8836 8618 8619
f 8836 8619 8837
f 8621 8837 8619
f 8837 8621 8838
f 8621 8623 8838
f 8838 8623 8839
f 8623 8624 8839
f 8839 8624 8840
f 8624 8625 8840
f 8840 8625 8841
f 8625 8626 8841
f 8841 8626 8842
f 8842 8626 8628
f 8842 8628 8843
f 8629 8843 8628
f 8844 8843 8629
f 8637 8845 8629
f 8844 8629 8845
f 8845 8637 8638
f 8643 8846 8644
f 8846 8642 8644
f 8847 8846 8643
f 8632 8847 8643
f 8632 8848 8847
f 8634 8848 8632
f 8833 8849 8634
f 8850 8634 8849
f 8848 8634 8850
f 8833 8834 8849
f 8849 8834 8835
f 8844 8851 8843
f 8844 8845 8851
f 8853 8845 8852
f 8851 8845 8853
f 8845 8638 8852
f 8852 8638 8854
f 8854 8638 8640
f 8855 8854 8640
f 8645 8856 8640
f 8855 8640 8856
f 8646 8856 8645
f 8650 8857 8651
f 8857 8648 8651
f 8858 8857 8650
f 8642 8858 8650
f 8642 8859 8860
f 8642 8860 8858
f 8846 8859 8642
f 8859 8846 8847
f 8855 8861 8854
f 8855 8856 8861
f 8861 8856 8862
f 8862 8856 8646
f 8863 8862 8646
f 8652 8864 8646
f 8863 8646 8864
f 8654 8864 8652
f 8648 8865 8657
f 8657 8865 8656
f 8866 8867 8865
f 8866 8865 8648
f 8866 8648 8867
f 8857 8867 8648
f 8867 8857 8858
f 8863 8868 8862
f 8863 8864 8868
f 8869 8868 8864
f 8869 8870 8868
f 8869 8864 8654
f 8869 8654 8870
f 8871 8870 8654
f 8871 8654 8658
f 8873 8661 8656
f 8872 8660 8873
f 8661 8873 8660
f 8874 8656 8865
f 8873 8656 8874
f 8875 8870 8871
f 8875 8871 8658
f 8875 8658 8876
f 8658 8662 8876
f 8660 8877 8665
f 8665 8877 8664
f 8872 8873 8660
f 8878 8660 8873
f 8660 8878 8877
f 8879 8875 8876
f 8662 8879 8876
f 8662 8880 8879
f 8662 8666 8880
f 8882 8669 8881
f 8664 8881 8669
f 8669 8882 8668
f 8883 8664 8877
f 8664 8883 8881
f 8882 8881 8883
f 8884 8879 8880
f 8666 8885 8880
f 8884 8880 8885
f 8884 8885 8886
f 8666 8886 8885
f 8666 8670 8886
f 8887 8673 8668
f 8887 8672 8673
f 8888 8668 8882
f 8887 8668 8888
f 8889 8884 8886
f 8889 8886 8670
f 8889 8670 8890
f 8674 8890 8670
f 8672 8891 8676
f 8891 8677 8676
f 8892 8887 8893
f 8892 8893 8672
f 8891 8672 8893
f 8892 8672 8887
f 8889 8890 8894
f 8894 8890 8896
f 8895 8896 8890
f 8895 8897 8896
f 8895 8890 8674
f 8895 8674 8679
f 8895 8679 8897
f 8891 8898 8677
f 8898 8681 8677
f 8891 8893 8898
f 8896 8897 8899
f 8679 8899 8897
f 8679 8900 8899
f 8679 8682 8900
f 8681 8901 8684
f 8901 8685 8684
f 8681 8898 8902
f 8681 8902 8903
f 8901 8681 8903
f 8904 8899 8900
f 8904 8905 8899
f 8904 8900 8682
f 8904 8682 8687
f 8901 8906 8685
f 8906 8688 8685
f 8901 8903 8906
f 8905 8904 8907
f 8687 8907 8904
f 8687 8908 8907
f 8687 8689 8908
f 8688 8906 8909
f 8692 8688 8909
f 8910 8907 8908
f 8910 8911 8907
f 8910 8908 8689
f 8910 8689 8694
f 8913 8697 8912
f 8692 8912 8697
f 8913 8698 8697
f 8692 8909 8914
f 8692 8914 8912
f 8915 8912 8914
f 8913 8912 8915
f 8916 8911 8910
f 8916 8910 8694
f 8916 8694 8700
f 8913 8917 8698
f 8917 8702 8698
f 8913 8915 8917
f 8700 8918 8916
f 8700 8919 8918
f 8700 8703 8919
f 8917 8920 8702
f 8920 8704 8702
f 8919 8921 8918
f 8919 8922 8921
f 8919 8703 8705
f 8919 8705 8922
f 8920 8923 8704
f 8708 8704 8923
f 8924 8921 8922
f 8924 8925 8921
f 8924 8922 8705
f 8924 8705 8710
f 8708 8923 8926
f 8712 8708 8926
f 8927 8925 8924
f 8927 8928 8925
f 8927 8924 8710
f 8927 8710 8714
f 8712 8926 8929
f 8715 8712 8929
f 8930 8928 8927
f 8930 8931 8928
f 8930 8927 8714
f 8930 8714 8717
f 8715 8929 8932
f 8718 8715 8932
f 8933 8931 8930
f 8933 8934 8931
f 8933 8930 8717
f 8933 8717 8720
f 8718 8932 8935
f 8721 8718 8935
f 8936 8934 8933
f 8936 8937 8934
f 8936 8933 8720
f 8936 8720 8724
f 8721 8935 8938
f 8721 8938 8726
f 8939 8937 8936
f 8939 8940 8937
f 8939 8941 8940
f 8939 8936 8724
f 8939 8724 8727
f 8939 8727 8941
f 8942 8726 8938
f 8942 8729 8726
f 8941 8943 8940
f 8941 8944 8943
f 8941 8727 8730
f 8941 8730 8944
f 8942 8945 8729
f 8946 8729 8945
f 8946 8734 8729
f 8947 8945 8942
f 8946 8945 8947
f 8944 8948 8943
f 8944 8735 8948
f 8944 8730 8735
f 8734 8946 8737
f 8946 8947 8950
f 8951 8946 8950
f 8737 8946 8951
f 8952 8949 8948
f 8952 8953 8949
f 8952 8948 8739
f 8735 8739 8948
f 8951 8954 8737
f 8954 8740 8737
f 8956 8953 8952
f 8956 8955 8953
f 8956 8957 8955
f 8956 8952 8739
f 8956 8739 8742
f 8956 8742 8957
f 8954 8958 8740
f 8959 8740 8958
f 8959 8746 8740
f 8960 8958 8954
f 8959 8958 8960
f 8957 8961 8955
f 8957 8748 8961
f 8957 8742 8747
f 8957 8747 8748
f 8959 8749 8746
f 8960 8963 8959
f 8963 8749 8959
f 8965 8962 8961
f 8965 8964 8962
f 8965 8966 8964
f 8965 8961 8748
f 8965 8748 8750
f 8965 8750 8966
f 8963 8967 8749
f 8968 8749 8967
f 8968 8754 8749
f 8969 8967 8963
f 8968 8967 8969
f 8966 8970 8964
f 8966 8756 8970
f 8966 8750 8755
f 8966 8755 8756
f 8968 8757 8754
f 8972 8968 8969
f 8972 8757 8968
f 8972 8969 8973
f 8972 8973 8757
f 8975 8971 8970
f 8975 8974 8971
f 8975 8759 8974
f 8975 8970 8756
f 8975 8756 8759
f 8973 8976 8757
f 8757 8976 8762
f 8977 8976 8973
f 8977 8762 8976
f 8979 8978 8974
f 8979 8980 8978
f 8979 8763 8980
f 8759 8979 8974
f 8759 8763 8979
f 8977 8981 8762
f 8762 8981 8767
f 8982 8981 8977
f 8767 8981 8982
f 8985 8984 8978
f 8985 8983 8984
f 8985 8978 8986
f 8985 8986 8769
f 8980 8986 8978
f 8980 8769 8986
f 8980 8763 8768
f 8980 8768 8769
f 8767 8982 8987
f 8767 8987 8772
f 8988 8987 8982
f 8772 8987 8989
f 8988 8989 8987
f 8992 8991 8983
f 8992 8990 8991
f 8992 8983 8993
f 8992 8993 8775
f 8774 8983 8985
f 8774 8993 8983
f 8774 8775 8993
f 8774 8985 8769
f 8988 8994 8989
f 8772 8989 8994
f 8772 8994 8778
f 8995 8994 8988
f 8995 8778 8994
f 8995 8996 8778
f 8996 8995 8997
f 9000 8998 8990
f 9000 8784 8998
f 9000 8990 9001
f 9000 9001 8779
f 9000 8779 8784
f 9001 8990 8992
f 9001 8992 8775
f 9001 8775 8780
f 9001 8780 8779
f 8782 8778 8996
f 8997 9002 8996
f 9003 8996 9002
f 9003 8782 8996
f 9003 9002 9004
f 9003 9004 8786
f 9003 8786 8782
f 9002 9005 9004
f 8786 9004 9005
f 9008 8999 8998
f 9008 9007 8999
f 9008 8792 9007
f 9008 8998 8784
f 9008 8784 8783
f 9008 8783 8792
f 8786 9005 9009
f 8786 9009 8789
f 9011 9005 9010
f 9011 9009 9005
f 9011 8789 9009
f 9011 8795 8789
f 9010 9012 9011
f 8795 9011 9012
f 9016 9015 9006
f 9016 9014 9015
f 9016 8800 9014
f 9016 9006 9017
f 9016 9017 8790
f 9016 8790 8800
f 9017 9006 9007
f 9017 9007 8792
f 9017 8792 8791
f 9017 8791 8790
f 8795 9012 9018
f 8795 9018 8797
f 9020 9012 9019
f 9020 9018 9012
f 9020 8797 9018
f 9020 8804 8797
f 9021 9020 9019
f 9021 8804 9020
f 9028 9027 9029
f 9028 9026 9027
f 9028 8816 9026
f 9030 9029 9013
f 9030 9028 9029
f 9030 8816 9028
f 9030 9013 9031
f 9030 9031 8798
f 9030 8798 8816
f 9031 9013 9014
f 9031 9014 8800
f 9031 8800 8799
f 9031 8799 8798
f 9021 8808 8804
f 8808 9021 9022
f 8808 9022 9032
f 8808 9032 8809
f 9032 9022 9023
f 9032 9023 9033
f 9032 9033 8810
f 9032 8810 8809
f 9034 9023 9035
f 9034 9033 9023
f 9034 8810 9033
f 9034 8820 8810
f 9036 9035 9037
f 9036 9034 9035
f 9036 8820 9034
f 9036 8823 8820
f 9038 9037 9039
f 9038 9036 9037
f 9038 8823 9036
f 9038 8825 8823
f 9040 9039 9041
f 9040 9038 9039
f 9040 8825 9038
f 9040 8827 8825
f 9042 9041 9043
f 9042 9040 9041
f 9042 8827 9040
f 9042 8829 8827
f 9044 9043 9025
f 9044 9042 9043
f 9044 8829 9042
f 9044 9025 9045
f 9044 9045 8811
f 9044 8811 8829
f 9045 9025 9024
f 9045 9024 9046
f 9045 9046 8812
f 9045 8812 8811
f 9046 9024 9026
f 9046 9026 8813
f 9046 8813 8812
f 8813 9026 8816
f 9047 8838 8839
f 9048 8839 8840
f 9049 8840 8841
f 8849 9051 8850
f 9050 8848 9051
f 8850 9051 8848
f 9052 9051 8849
f 8835 9052 8849
f 9053 9054 8835
f 9052 8835 9054
f 9053 8836 9054
f 8836 9053 8835
f 9054 8836 9055
f 8836 8837 9055
f 9055 8837 9056
f 8837 8838 9056
f 9047 9057 8838
f 9056 8838 9057
f 9047 8839 9057
f 9048 9058 8839
f 9057 8839 9058
f 9048 8840 9058
f 9049 9059 8840
f 9058 8840 9059
f 9049 8841 9059
f 9059 8841 9060
f 8841 8842 9060
f 9061 9060 8842
f 9061 9062 9060
f 8843 9062 8842
f 9061 8842 9062
f 9063 9062 8843
f 8851 9063 8843
f 9064 9063 8851
f 9064 8851 8852
f 8853 8852 8851
f 8859 9065 8860
f 9065 8858 8860
f 9066 9065 8859
f 8847 9066 8859
f 8847 9067 9066
f 8848 9067 8847
f 9050 9068 8848
f 9069 8848 9068
f 9067 8848 9069
f 9050 9051 9068
f 9068 9051 9052
f 9063 9070 9062
f 9064 9071 9063
f 9072 9063 9071
f 9070 9063 9072
f 9064 8852 9071
f 9071 8852 9073
f 9073 8852 8854
f 9074 9073 8854
f 8861 9075 8854
f 9074 8854 9075
f 8862 9075 8861
f 8858 9076 8867
f 8858 9077 9078
f 8858 9078 9076
f 9065 9077 8858
f 9077 9065 9066
f 9074 9079 9073
f 9074 9075 9079
f 9079 9075 9080
f 9080 9075 8862
f 9081 9080 8862
f 9081 8862 8868
f 8865 9082 8874
f 9082 8873 8874
f 9083 9084 8865
f 9082 8865 9084
f 9083 8865 9084
f 8867 9084 8865
f 9085 8867 9076
f 9084 8867 9085
f 9081 9086 9080
f 9087 9080 9086
f 9081 8868 9086
f 9088 9086 8868
f 9088 9089 9086
f 8870 9090 8868
f 9088 8868 9090
f 9088 9090 9089
f 8875 9090 8870
f 8873 9091 8878
f 9091 8877 8878
f 8873 9092 9093
f 9091 8873 9093
f 9082 9092 8873
f 9082 9084 9092
f 9086 9089 9094
f 9089 9090 9094
f 9094 9090 9096
f 9095 9096 9090
f 9095 9097 9096
f 9095 9090 8875
f 9095 8875 9097
f 8879 9097 8875
f 8877 9098 8883
f 9098 8882 8883
f 8877 9099 9100
f 8877 9100 9101
f 9098 8877 9101
f 9091 9099 8877
f 9091 9093 9099
f 9096 9097 9102
f 9102 9097 9104
f 9103 9104 9097
f 9103 9097 8879
f 8884 9103 8879
f 8882 9105 8888
f 9105 8887 8888
f 8882 9106 9107
f 9105 8882 9107
f 9098 9106 8882
f 9106 9098 9101
f 9104 9103 9108
f 9108 9103 9110
f 9109 9110 9103
f 9109 9103 8884
f 9109 8884 9111
f 8889 9111 8884
f 9112 9113 8887
f 8893 8887 9113
f 9112 8887 9113
f 9105 9113 8887
f 9113 9105 9107
f 9110 9109 9114
f 9109 9111 9114
f 9111 9115 9114
f 8894 8896 8889
f 9111 8889 8896
f 9111 8896 9115
f 9116 8898 8893
f 8893 9113 9117
f 8893 9117 9116
f 9114 9115 9118
f 9119 9118 9115
f 8896 9119 9115
f 8896 9120 9119
f 8896 8899 9120
f 8898 9121 8902
f 9121 8903 8902
f 8898 9116 9122
f 8898 9122 9123
f 9121 8898 9123
f 9124 9119 9120
f 9124 9125 9119
f 9124 9120 8899
f 9124 8899 8905
f 9121 9126 8903
f 9126 8906 8903
f 9121 9123 9126
f 9125 9124 9127
f 8905 9127 9124
f 8905 9128 9127
f 8905 8907 9128
f 8906 9126 9129
f 8909 8906 9129
f 9130 9127 9128
f 9130 9131 9127
f 9130 9128 8907
f 9130 8907 8911
f 9133 8914 9132
f 8909 9132 8914
f 9133 8915 8914
f 8909 9129 9134
f 8909 9134 9132
f 9135 9132 9134
f 9133 9132 9135
f 9136 9131 9130
f 9136 9130 8911
f 9136 8911 8916
f 9133 9137 8915
f 9137 8917 8915
f 9133 9135 9137
f 8916 9138 9136
f 8916 9139 9138
f 8916 8918 9139
f 9140 9141 8920
f 9140 8917 9141
f 9137 9141 8917
f 8917 9140 8920
f 9143 9138 9139
f 9143 9142 9138
f 9143 9144 9142
f 9143 9139 8918
f 9143 8918 8921
f 9143 8921 9144
f 8920 9141 9145
f 8923 8920 9145
f 9146 9142 9144
f 9146 9147 9142
f 9146 9144 8921
f 9146 8921 8925
f 8923 9145 9148
f 8926 8923 9148
f 9149 9147 9146
f 9149 9150 9147
f 9149 9146 8925
f 9149 8925 8928
f 8926 9151 8929
f 8926 9148 9152
f 8926 9152 9151
f 8929 9151 9152
f 9153 9150 9149
f 9153 9154 9150
f 9153 9149 8928
f 9153 8928 8931
f 8929 9155 8932
f 8929 9152 9156
f 8929 9156 9155
f 8932 9155 9156
f 9157 9154 9153
f 9157 9158 9154
f 9157 9153 8931
f 9157 8931 8934
f 8932 9159 8935
f 8932 9156 9160
f 8932 9160 9159
f 8935 9159 9160
f 9161 9158 9157
f 9161 9162 9158
f 9161 9157 8934
f 9161 8934 8937
f 8935 9160 9163
f 8938 8935 9163
f 9164 9162 9161
f 9164 9165 9162
f 9164 9161 8937
f 9164 8937 8940
f 9166 8938 9163
f 9166 9163 9167
f 8942 8938 9167
f 9166 9167 8938
f 9169 9165 9164
f 9169 9168 9165
f 9169 9170 9168
f 9169 9164 8940
f 9169 8940 8943
f 9169 8943 9170
f 9167 9171 8942
f 9171 8947 8942
f 9172 9171 9167
f 9170 9173 9168
f 9170 8949 9173
f 9170 8943 8948
f 9170 8948 8949
f 9171 9174 8947
f 8951 8950 9174
f 8947 9174 8950
f 9171 9172 9175
f 9171 9175 9174
f 9176 9174 9175
f 8951 9174 9176
f 9177 9178 9173
f 8949 9177 9173
f 8949 8953 9177
f 9176 9179 8951
f 9179 8954 8951
f 9181 9178 9177
f 9181 9180 9178
f 9181 9182 9180
f 9181 9177 8953
f 9181 8953 8955
f 9181 8955 9182
f 9179 9183 8954
f 9184 8954 9183
f 9184 8960 8954
f 9185 9183 9179
f 9184 9183 9185
f 9182 9186 9180
f 9182 8962 9186
f 9182 8955 8961
f 9182 8961 8962
f 9184 8963 8960
f 9185 9188 9184
f 9188 8963 9184
f 9190 9187 9186
f 9190 9189 9187
f 9190 9191 9189
f 9190 9186 8962
f 9190 8962 8964
f 9190 8964 9191
f 9188 9192 8963
f 8969 8963 9192
f 9188 9193 9192
f 9194 9192 9193
f 8969 9192 9194
f 9191 9195 9189
f 9191 8971 9195
f 9191 8964 8970
f 9191 8970 8971
f 9197 8969 9194
f 9197 9194 9198
f 9197 9198 9199
f 8973 8969 9199
f 9197 9199 8969
f 9198 9194 9200
f 9199 9198 9200
f 9203 9196 9195
f 9203 9201 9196
f 9203 9195 8971
f 9203 8971 8974
f 9203 8974 9201
f 9199 8977 8973
f 9204 9199 9200
f 9204 8977 9199
f 9204 9200 9205
f 9204 9205 8977
f 9205 9200 9206
f 9208 9202 9201
f 9208 8984 9202
f 9208 9201 9209
f 9208 9209 8978
f 9208 8978 8984
f 8974 9209 9201
f 8974 8978 9209
f 9205 8982 8977
f 9206 9210 9205
f 9211 9205 9210
f 9211 8982 9205
f 9211 9210 9212
f 9214 9207 8984
f 9214 8991 9207
f 9214 8984 8983
f 9214 8983 8991
f 9211 8988 8982
f 9212 9215 9211
f 9216 9211 9215
f 9216 8988 9211
f 9216 9217 8988
f 9216 9215 9218
f 9217 9216 9218
f 9221 9213 8991
f 9221 9219 9213
f 9221 8991 8990
f 9221 8990 9219
f 9217 8995 8988
f 9217 9218 9222
f 9217 9222 9002
f 8997 8995 9002
f 9217 9002 8995
f 9218 9224 9222
f 9223 9222 9224
f 9002 9222 9223
f 9227 9220 9219
f 9227 9226 9220
f 9227 8999 9226
f 9227 9219 9228
f 9227 9228 8998
f 9227 8998 8999
f 8998 9228 9219
f 8998 9219 8990
f 9002 9223 9229
f 9002 9229 9005
f 9231 9223 9230
f 9231 9229 9223
f 9231 9005 9229
f 9231 9010 9005
f 9230 9232 9231
f 9010 9231 9232
f 9236 9235 9225
f 9236 9234 9235
f 9236 9015 9234
f 9236 9225 9237
f 9236 9237 9006
f 9236 9006 9015
f 9237 9225 9226
f 9237 9226 8999
f 9237 8999 9007
f 9237 9007 9006
f 9010 9232 9238
f 9010 9238 9012
f 9240 9232 9239
f 9240 9238 9232
f 9240 9012 9238
f 9240 9019 9012
f 9241 9240 9239
f 9241 9019 9240
f 9247 9246 9248
f 9249 9248 9233
f 9249 9247 9248
f 9249 9029 9247
f 9249 9233 9250
f 9249 9250 9013
f 9249 9013 9029
f 9250 9233 9234
f 9250 9234 9015
f 9250 9015 9014
f 9250 9014 9013
f 9241 9021 9019
f 9021 9241 9242
f 9021 9242 9251
f 9021 9251 9022
f 9252 9242 9243
f 9252 9251 9242
f 9252 9022 9251
f 9252 9243 9253
f 9252 9253 9023
f 9252 9023 9022
f 9254 9243 9255
f 9254 9253 9243
f 9254 9023 9253
f 9254 9035 9023
f 9256 9255 9257
f 9256 9254 9255
f 9256 9035 9254
f 9256 9037 9035
f 9258 9257 9259
f 9258 9256 9257
f 9258 9037 9256
f 9258 9039 9037
f 9260 9259 9261
f 9260 9258 9259
f 9260 9039 9258
f 9260 9041 9039
f 9262 9261 9263
f 9262 9260 9261
f 9262 9041 9260
f 9262 9043 9041
f 9264 9263 9245
f 9264 9262 9263
f 9264 9043 9262
f 9264 9025 9043
f 9265 9245 9244
f 9265 9264 9245
f 9265 9025 9264
f 9265 9244 9266
f 9265 9266 9024
f 9265 9024 9025
f 9266 9244 9246
f 9266 9246 9027
f 9266 9027 9026
f 9266 9026 9024
f 9027 9246 9247
f 9027 9247 9029
f 9267 9056 9057
f 9268 9057 9058
f 9269 9058 9059
f 9068 9271 9069
f 9270 9067 9271
f 9069 9271 9067
f 9272 9271 9068
f 9052 9272 9068
f 9273 9272 9052
f 9054 9273 9052
f 9054 9274 9273
f 9054 9055 9274
f 9274 9055 9275
f 9055 9056 9275
f 9267 9276 9056
f 9275 9056 9276
f 9267 9057 9276
f 9268 9277 9057
f 9276 9057 9277
f 9268 9058 9277
f 9269 9278 9058
f 9277 9058 9278
f 9269 9059 9278
f 9278 9059 9279
f 9060 9279 9059
f 9060 9280 9279
f 9062 9280 9060
f 9281 9280 9062
f 9070 9282 9062
f 9281 9062 9282
f 9282 9070 9071
f 9072 9071 9070
f 9283 9078 9077
f 9066 9284 9077
f 9283 9077 9284
f 9285 9286 9066
f 9284 9066 9286
f 9285 9066 9286
f 9067 9286 9066
f 9270 9287 9067
f 9288 9067 9287
f 9286 9067 9288
f 9270 9271 9287
f 9287 9271 9272
f 9281 9289 9280
f 9281 9282 9289
f 9289 9282 9290
f 9282 9071 9290
f 9291 9290 9071
f 9291 9292 9290
f 9291 9071 9073
f 9291 9073 9292
f 9293 9292 9073
f 9079 9294 9073
f 9293 9073 9294
f 9080 9294 9079
f 9076 9295 9085
f 9085 9295 9084
f 9296 9297 9076
f 9295 9076 9297
f 9296 9076 9297
f 9078 9297 9076
f 9283 9284 9078
f 9298 9078 9284
f 9297 9078 9298
f 9293 9299 9292
f 9293 9294 9299
f 9300 9299 9294
f 9300 9301 9299
f 9300 9294 9080
f 9300 9080 9302
f 9300 9302 9301
f 9302 9080 9086
f 9087 9086 9080
f 9303 9093 9092
f 9303 9092 9304
f 9084 9304 9092
f 9306 9084 9305
f 9084 9306 9304
f 9303 9304 9306
f 9084 9295 9305
f 9295 9297 9305
f 9299 9301 9307
f 9301 9302 9307
f 9307 9302 9308
f 9086 9309 9302
f 9308 9302 9309
f 9308 9309 9310
f 9086 9310 9309
f 9094 9096 9086
f 9086 9096 9310
f 9099 9311 9100
f 9311 9101 9100
f 9312 9311 9099
f 9093 9312 9099
f 9313 9093 9303
f 9093 9313 9312
f 9314 9308 9310
f 9096 9314 9310
f 9096 9315 9314
f 9102 9104 9096
f 9096 9104 9315
f 9311 9316 9101
f 9101 9316 9106
f 9317 9311 9312
f 9311 9317 9316
f 9318 9314 9315
f 9104 9318 9315
f 9104 9319 9318
f 9108 9110 9104
f 9104 9110 9319
f 9106 9321 9107
f 9320 9113 9321
f 9107 9321 9113
f 9322 9106 9316
f 9106 9322 9321
f 9323 9318 9319
f 9110 9323 9319
f 9110 9324 9323
f 9110 9114 9324
f 9325 9117 9113
f 9325 9116 9117
f 9320 9321 9113
f 9326 9113 9321
f 9327 9113 9326
f 9325 9113 9327
f 9328 9323 9324
f 9328 9329 9323
f 9328 9324 9114
f 9119 9328 9118
f 9114 9118 9328
f 9330 9331 9116
f 9122 9116 9331
f 9330 9116 9331
f 9325 9331 9116
f 9331 9325 9327
f 9329 9328 9332
f 9333 9332 9328
f 9333 9334 9332
f 9333 9328 9119
f 9333 9119 9125
f 9333 9125 9334
f 9122 9335 9123
f 9336 9123 9335
f 9336 9126 9123
f 9122 9331 9337
f 9122 9337 9335
f 9336 9335 9337
f 9338 9332 9334
f 9125 9338 9334
f 9125 9339 9338
f 9125 9127 9339
f 9340 9341 9126
f 9129 9126 9341
f 9340 9126 9341
f 9336 9341 9126
f 9343 9338 9339
f 9343 9342 9338
f 9343 9344 9342
f 9343 9339 9127
f 9343 9127 9131
f 9343 9131 9344
f 9346 9134 9345
f 9129 9345 9134
f 9346 9135 9134
f 9129 9341 9347
f 9129 9347 9345
f 9348 9345 9347
f 9346 9345 9348
f 9349 9342 9344
f 9349 9350 9342
f 9349 9344 9131
f 9349 9131 9136
f 9346 9351 9135
f 9351 9137 9135
f 9346 9348 9351
f 9350 9349 9352
f 9136 9352 9349
f 9136 9353 9352
f 9136 9138 9353
f 9351 9354 9137
f 9137 9354 9141
f 9353 9355 9352
f 9353 9356 9355
f 9353 9138 9142
f 9353 9142 9356
f 9357 9141 9354
f 9145 9141 9357
f 9358 9355 9356
f 9358 9359 9355
f 9358 9356 9142
f 9358 9142 9147
f 9145 9357 9360
f 9148 9145 9360
f 9361 9359 9358
f 9361 9362 9359
f 9361 9358 9147
f 9361 9147 9150
f 9148 9363 9152
f 9148 9360 9364
f 9148 9364 9363
f 9152 9363 9364
f 9365 9362 9361
f 9365 9366 9362
f 9365 9361 9150
f 9365 9150 9154
f 9152 9367 9156
f 9152 9364 9368
f 9152 9368 9367
f 9156 9367 9368
f 9369 9366 9365
f 9369 9370 9366
f 9369 9365 9154
f 9369 9154 9158
f 9156 9371 9160
f 9156 9368 9372
f 9156 9372 9371
f 9160 9371 9372
f 9373 9370 9369
f 9373 9374 9370
f 9373 9369 9158
f 9373 9158 9162
f 9372 9375 9160
f 9163 9160 9375
f 9377 9374 9373
f 9377 9376 9374
f 9377 9378 9376
f 9377 9373 9162
f 9377 9162 9165
f 9377 9165 9378
f 9163 9375 9379
f 9167 9163 9379
f 9378 9380 9376
f 9378 9381 9380
f 9378 9165 9168
f 9378 9168 9381
f 9379 9382 9167
f 9383 9167 9382
f 9383 9172 9167
f 9384 9382 9379
f 9383 9382 9384
f 9381 9385 9380
f 9381 9168 9173
f 9381 9173 9385
f 9176 9175 9383
f 9172 9383 9175
f 9383 9384 9387
f 9176 9383 9387
f 9388 9386 9385
f 9388 9389 9386
f 9388 9390 9389
f 9388 9178 9390
f 9173 9388 9385
f 9173 9178 9388
f 9391 9176 9387
f 9391 9179 9176
f 9391 9387 9392
f 9391 9392 9179
f 9394 9389 9390
f 9394 9393 9389
f 9394 9395 9393
f 9394 9390 9178
f 9394 9178 9180
f 9394 9180 9395
f 9392 9396 9179
f 9397 9179 9396
f 9397 9185 9179
f 9392 9398 9396
f 9397 9396 9398
f 9400 9399 9393
f 9400 9401 9399
f 9395 9400 9393
f 9395 9187 9400
f 9395 9180 9186
f 9395 9186 9187
f 9397 9188 9185
f 9402 9397 9398
f 9402 9188 9397
f 9402 9398 9403
f 9402 9403 9404
f 9402 9404 9188
f 9403 9398 9405
f 9404 9403 9405
f 9408 9401 9400
f 9408 9406 9401
f 9408 9400 9187
f 9408 9187 9189
f 9408 9189 9406
f 9194 9193 9404
f 9188 9404 9193
f 9405 9409 9404
f 9194 9404 9410
f 9409 9410 9404
f 9412 9407 9406
f 9412 9411 9407
f 9412 9413 9411
f 9412 9196 9413
f 9406 9196 9412
f 9406 9189 9195
f 9406 9195 9196
f 9409 9414 9410
f 9194 9410 9414
f 9194 9414 9200
f 9415 9414 9409
f 9200 9414 9415
f 9418 9417 9411
f 9418 9416 9417
f 9418 9419 9416
f 9418 9202 9419
f 9413 9418 9411
f 9413 9202 9418
f 9413 9196 9201
f 9413 9201 9202
f 9200 9415 9420
f 9200 9420 9210
f 9206 9200 9210
f 9421 9420 9415
f 9210 9420 9421
f 9424 9423 9416
f 9424 9422 9423
f 9424 9425 9422
f 9424 9207 9425
f 9419 9424 9416
f 9419 9207 9424
f 9419 9202 8984
f 9419 8984 9207
f 9210 9421 9426
f 9210 9426 9215
f 9212 9210 9215
f 9427 9426 9421
f 9215 9426 9427
f 9430 9429 9422
f 9430 9428 9429
f 9430 9431 9428
f 9430 9213 9431
f 9425 9430 9422
f 9425 9213 9430
f 9425 9207 8991
f 9425 8991 9213
f 9215 9427 9432
f 9215 9432 9218
f 9434 9427 9433
f 9434 9432 9427
f 9434 9218 9432
f 9434 9433 9435
f 9439 9437 9428
f 9439 9436 9437
f 9439 9220 9436
f 9431 9439 9428
f 9431 9220 9439
f 9431 9213 9219
f 9431 9219 9220
f 9223 9224 9434
f 9218 9434 9224
f 9440 9434 9435
f 9440 9223 9434
f 9440 9435 9441
f 9440 9441 9230
f 9440 9230 9223
f 9442 9441 9435
f 9230 9441 9442
f 9446 9444 9438
f 9447 9438 9436
f 9447 9446 9438
f 9447 9235 9446
f 9447 9436 9448
f 9447 9448 9225
f 9447 9225 9235
f 9436 9225 9448
f 9436 9220 9226
f 9436 9226 9225
f 9230 9442 9449
f 9230 9449 9232
f 9450 9442 9443
f 9450 9449 9442
f 9450 9232 9449
f 9450 9443 9451
f 9450 9451 9239
f 9450 9239 9232
f 9452 9443 9453
f 9452 9451 9443
f 9452 9239 9451
f 9453 9454 9452
f 9460 9459 9445
f 9460 9458 9459
f 9460 9248 9458
f 9461 9445 9444
f 9461 9460 9445
f 9461 9248 9460
f 9461 9444 9462
f 9461 9462 9233
f 9461 9233 9248
f 9462 9444 9446
f 9462 9446 9235
f 9462 9235 9234
f 9462 9234 9233
f 9452 9241 9239
f 9241 9452 9454
f 9241 9454 9463
f 9241 9463 9242
f 9463 9454 9455
f 9463 9455 9464
f 9463 9464 9243
f 9463 9243 9242
f 9466 9455 9465
f 9466 9464 9455
f 9466 9243 9464
f 9466 9255 9243
f 9467 9465 9468
f 9467 9466 9465
f 9467 9255 9466
f 9467 9257 9255
f 9469 9468 9470
f 9469 9467 9468
f 9469 9257 9467
f 9469 9259 9257
f 9471 9470 9472
f 9471 9469 9470
f 9471 9259 9469
f 9471 9261 9259
f 9473 9472 9474
f 9473 9471 9472
f 9473 9261 9471
f 9473 9263 9261
f 9475 9474 9456
f 9475 9473 9474
f 9475 9263 9473
f 9475 9456 9476
f 9475 9476 9245
f 9475 9245 9263
f 9476 9456 9457
f 9476 9457 9477
f 9476 9477 9244
f 9476 9244 9245
f 9477 9457 9458
f 9477 9458 9478
f 9477 9478 9246
f 9477 9246 9244
f 9246 9478 9458
f 9246 9458 9248
f 9287 9479 9288
f 9288 9479 9286
f 9272 9480 9287
f 9479 9287 9480
f 9481 9480 9272
f 9273 9482 9272
f 9481 9272 9482
f 9483 9482 9273
f 9274 9484 9273
f 9483 9273 9484
f 9485 9484 9274
f 9483 9484 9485
f 9275 9485 9274
f 9275 9486 9485
f 9275 9276 9486
f 9487 9486 9276
f 9277 9487 9276
f 9488 9487 9277
f 9488 9489 9487
f 9278 9490 9277
f 9488 9277 9490
f 9488 9490 9489
f 9489 9490 9491
f 9490 9278 9279
f 9490 9279 9492
f 9490 9492 9491
f 9493 9492 9279
f 9280 9494 9279
f 9493 9279 9494
f 9289 9495 9280
f 9494 9280 9495
f 9495 9289 9290
f 9284 9496 9298
f 9298 9496 9297
f 9497 9496 9284
f 9497 9284 9286
f 9497 9286 9498
f 9286 9479 9498
f 9500 9479 9499
f 9498 9479 9500
f 9479 9480 9499
f 9481 9482 9480
f 9499 9480 9482
f 9491 9492 9489
f 9493 9501 9492
f 9493 9494 9501
f 9501 9494 9502
f 9494 9495 9502
f 9503 9502 9495
f 9503 9504 9502
f 9503 9495 9290
f 9503 9290 9504
f 9504 9290 9505
f 9292 9506 9290
f 9290 9506 9505
f 9506 9292 9299
f 9305 9507 9306
f 9507 9303 9306
f 9508 9507 9305
f 9509 9305 9297
f 9508 9305 9509
f 9509 9297 9510
f 9297 9496 9510
f 9511 9496 9497
f 9510 9496 9511
f 9505 9512 9504
f 9513 9504 9512
f 9505 9506 9512
f 9514 9512 9506
f 9299 9515 9506
f 9514 9506 9515
f 9514 9515 9516
f 9299 9516 9515
f 9307 9517 9299
f 9299 9517 9516
f 9308 9517 9307
f 9303 9518 9313
f 9518 9312 9313
f 9518 9303 9519
f 9507 9519 9303
f 9508 9509 9507
f 9520 9507 9509
f 9519 9507 9520
f 9516 9521 9514
f 9516 9517 9521
f 9522 9521 9517
f 9522 9523 9521
f 9522 9517 9308
f 9522 9308 9524
f 9522 9524 9523
f 9314 9524 9308
f 9312 9525 9317
f 9525 9316 9317
f 9525 9312 9526
f 9518 9526 9312
f 9518 9519 9527
f 9526 9518 9527
f 9521 9523 9528
f 9523 9524 9528
f 9529 9528 9524
f 9529 9530 9528
f 9529 9524 9314
f 9529 9314 9531
f 9529 9531 9530
f 9318 9531 9314
f 9316 9532 9322
f 9532 9321 9322
f 9532 9316 9533
f 9525 9533 9316
f 9525 9526 9534
f 9533 9525 9534
f 9528 9530 9535
f 9530 9531 9535
f 9536 9535 9531
f 9536 9537 9535
f 9536 9531 9318
f 9536 9318 9538
f 9536 9538 9537
f 9323 9538 9318
f 9321 9539 9326
f 9539 9327 9326
f 9539 9321 9540
f 9532 9540 9321
f 9532 9533 9541
f 9540 9532 9541
f 9535 9537 9542
f 9537 9538 9542
f 9538 9543 9542
f 9538 9323 9329
f 9538 9329 9543
f 9539 9544 9327
f 9545 9327 9544
f 9327 9545 9331
f 9539 9540 9546
f 9539 9546 9544
f 9545 9544 9546
f 9547 9542 9543
f 9329 9547 9543
f 9329 9548 9547
f 9329 9332 9548
f 9549 9337 9331
f 9549 9336 9337
f 9550 9331 9545
f 9549 9331 9550
f 9552 9547 9548
f 9552 9551 9547
f 9552 9548 9332
f 9552 9332 9553
f 9338 9553 9332
f 9549 9554 9336
f 9336 9554 9341
f 9549 9550 9555
f 9549 9555 9554
f 9551 9552 9556
f 9557 9556 9552
f 9553 9557 9552
f 9553 9558 9557
f 9553 9338 9342
f 9553 9342 9558
f 9559 9347 9341
f 9559 9348 9347
f 9559 9341 9560
f 9341 9554 9560
f 9562 9557 9558
f 9562 9561 9557
f 9562 9558 9342
f 9562 9342 9350
f 9563 9348 9559
f 9563 9351 9348
f 9559 9560 9564
f 9565 9559 9564
f 9563 9559 9565
f 9566 9561 9562
f 9566 9567 9561
f 9566 9562 9350
f 9566 9350 9568
f 9350 9352 9568
f 9563 9569 9351
f 9570 9351 9569
f 9570 9354 9351
f 9563 9565 9569
f 9570 9569 9565
f 9567 9566 9571
f 9568 9571 9566
f 9568 9572 9571
f 9568 9352 9355
f 9568 9355 9572
f 9573 9357 9354
f 9570 9574 9354
f 9573 9354 9574
f 9572 9575 9571
f 9572 9576 9575
f 9572 9355 9359
f 9572 9359 9576
f 9577 9357 9573
f 9360 9357 9577
f 9574 9577 9573
f 9579 9575 9576
f 9579 9578 9575
f 9579 9576 9359
f 9579 9359 9362
f 9577 9580 9360
f 9364 9360 9580
f 9582 9578 9579
f 9582 9581 9578
f 9582 9579 9362
f 9582 9362 9366
f 9583 9364 9580
f 9368 9364 9583
f 9585 9581 9582
f 9585 9584 9581
f 9585 9582 9366
f 9585 9366 9370
f 9586 9368 9583
f 9372 9368 9587
f 9586 9587 9368
f 9586 9583 9588
f 9586 9588 9587
f 9590 9584 9585
f 9590 9589 9584
f 9590 9591 9589
f 9590 9585 9370
f 9590 9370 9374
f 9590 9374 9591
f 9587 9375 9372
f 9588 9592 9587
f 9587 9592 9593
f 9587 9593 9375
f 9593 9592 9588
f 9591 9594 9589
f 9591 9595 9594
f 9591 9374 9376
f 9591 9376 9595
f 9593 9596 9375
f 9597 9375 9596
f 9597 9379 9375
f 9598 9596 9593
f 9597 9596 9598
f 9600 9599 9594
f 9600 9601 9599
f 9595 9600 9594
f 9595 9376 9380
f 9595 9380 9600
f 9602 9379 9597
f 9602 9384 9379
f 9597 9598 9603
f 9602 9597 9603
f 9604 9601 9600
f 9604 9605 9601
f 9600 9386 9604
f 9600 9380 9385
f 9600 9385 9386
f 9384 9602 9387
f 9606 9602 9603
f 9606 9387 9602
f 9606 9603 9607
f 9606 9607 9387
f 9609 9605 9604
f 9609 9608 9605
f 9609 9610 9608
f 9609 9604 9386
f 9609 9386 9389
f 9609 9389 9610
f 9607 9611 9387
f 9387 9611 9612
f 9392 9387 9612
f 9607 9613 9611
f 9614 9611 9613
f 9612 9611 9614
f 9610 9615 9608
f 9610 9399 9615
f 9610 9389 9393
f 9610 9393 9399
f 9392 9612 9398
f 9617 9612 9614
f 9617 9398 9612
f 9619 9616 9615
f 9619 9618 9616
f 9619 9620 9618
f 9619 9615 9399
f 9619 9399 9401
f 9619 9401 9620
f 9617 9621 9398
f 9398 9621 9622
f 9405 9398 9622
f 9617 9623 9621
f 9622 9621 9623
f 9626 9625 9618
f 9626 9624 9625
f 9620 9626 9618
f 9620 9407 9626
f 9620 9401 9406
f 9620 9406 9407
f 9622 9409 9405
f 9627 9622 9623
f 9627 9409 9622
f 9627 9623 9628
f 9627 9628 9629
f 9627 9629 9409
f 9628 9623 9630
f 9629 9628 9630
f 9633 9624 9626
f 9633 9631 9624
f 9633 9417 9631
f 9633 9626 9407
f 9633 9407 9411
f 9633 9411 9417
f 9629 9415 9409
f 9634 9629 9630
f 9634 9415 9629
f 9634 9630 9635
f 9634 9635 9636
f 9634 9636 9415
f 9635 9630 9637
f 9636 9635 9637
f 9639 9632 9631
f 9639 9423 9632
f 9639 9631 9417
f 9639 9417 9416
f 9639 9416 9423
f 9636 9421 9415
f 9640 9636 9637
f 9640 9421 9636
f 9640 9637 9641
f 9640 9641 9642
f 9640 9642 9421
f 9641 9637 9643
f 9642 9641 9643
f 9646 9638 9423
f 9646 9645 9638
f 9646 9429 9645
f 9646 9423 9422
f 9646 9422 9429
f 9642 9427 9421
f 9642 9643 9647
f 9642 9647 9433
f 9642 9433 9427
f 9648 9647 9643
f 9433 9647 9648
f 9652 9650 9644
f 9653 9644 9645
f 9653 9652 9644
f 9653 9437 9652
f 9653 9645 9429
f 9653 9429 9428
f 9653 9428 9437
f 9433 9648 9654
f 9433 9654 9435
f 9655 9648 9649
f 9655 9654 9648
f 9655 9435 9654
f 9655 9656 9435
f 9649 9658 9655
f 9657 9655 9658
f 9656 9655 9657
f 9663 9651 9650
f 9663 9662 9651
f 9663 9444 9662
f 9663 9650 9664
f 9663 9664 9438
f 9663 9438 9444
f 9664 9650 9652
f 9664 9652 9437
f 9664 9437 9436
f 9664 9436 9438
f 9442 9435 9656
f 9656 9657 9665
f 9656 9665 9443
f 9656 9443 9442
f 9666 9657 9659
f 9666 9665 9657
f 9666 9443 9665
f 9666 9453 9443
f 9667 9659 9668
f 9667 9666 9659
f 9667 9453 9666
f 9667 9669 9453
f 9668 9670 9667
f 9669 9667 9670
f 9677 9678 9679
f 9677 9676 9678
f 9680 9679 9661
f 9680 9677 9679
f 9680 9459 9677
f 9681 9661 9660
f 9681 9680 9661
f 9681 9459 9680
f 9681 9660 9682
f 9681 9682 9445
f 9681 9445 9459
f 9682 9660 9662
f 9682 9662 9444
f 9682 9444 9445
f 9453 9669 9454
f 9669 9670 9683
f 9669 9683 9455
f 9669 9455 9454
f 9683 9670 9671
f 9683 9671 9684
f 9683 9684 9465
f 9683 9465 9455
f 9685 9671 9672
f 9685 9684 9671
f 9685 9465 9684
f 9685 9468 9465
f 9686 9672 9673
f 9686 9685 9672
f 9686 9468 9685
f 9686 9470 9468
f 9687 9673 9674
f 9687 9686 9673
f 9687 9470 9686
f 9687 9472 9470
f 9688 9674 9675
f 9688 9687 9674
f 9688 9472 9687
f 9688 9675 9689
f 9688 9689 9474
f 9688 9474 9472
f 9689 9675 9676
f 9689 9676 9690
f 9689 9690 9456
f 9689 9456 9474
f 9690 9676 9677
f 9690 9677 9691
f 9690 9691 9457
f 9690 9457 9456
f 9677 9457 9691
f 9677 9459 9458
f 9677 9458 9457
f 9499 9692 9500
f 9500 9692 9498
f 9482 9693 9499
f 9692 9499 9693
f 9694 9693 9482
f 9483 9694 9482
f 9695 9694 9483
f 9485 9695 9483
f 9696 9695 9485
f 9696 9485 9486
f 9696 9486 9697
f 9487 9697 9486
f 9698 9697 9487
f 9489 9698 9487
f 9699 9698 9489
f 9492 9700 9489
f 9699 9489 9700
f 9501 9701 9492
f 9700 9492 9701
f 9701 9501 9502
f 9497 9702 9511
f 9511 9702 9510
f 9703 9702 9497
f 9704 9497 9498
f 9703 9497 9704
f 9704 9498 9705
f 9692 9705 9498
f 9692 9706 9705
f 9692 9693 9706
f 9694 9707 9693
f 9706 9693 9707
f 9695 9708 9694
f 9709 9694 9708
f 9707 9694 9709
f 9696 9710 9695
f 9708 9695 9710
f 9697 9711 9696
f 9710 9696 9711
f 9698 9712 9697
f 9713 9697 9712
f 9711 9697 9713
f 9699 9714 9698
f 9712 9698 9714
f 9699 9700 9714
f 9714 9700 9715
f 9701 9715 9700
f 9716 9715 9701
f 9716 9717 9715
f 9716 9701 9502
f 9716 9502 9717
f 9717 9502 9718
f 9504 9719 9502
f 9502 9719 9718
f 9719 9504 9512
f 9513 9512 9504
f 9509 9720 9520
f 9520 9720 9519
f 9721 9720 9509
f 9510 9722 9509
f 9723 9509 9722
f 9721 9509 9723
f 9510 9724 9722
f 9723 9722 9724
f 9510 9702 9724
f 9703 9704 9702
f 9725 9702 9704
f 9724 9702 9725
f 9718 9726 9717
f 9718 9719 9726
f 9727 9726 9719
f 9727 9728 9726
f 9512 9727 9719
f 9728 9727 9729
f 9512 9729 9727
f 9514 9730 9512
f 9512 9730 9729
f 9730 9514 9521
f 9731 9527 9519
f 9527 9731 9526
f 9731 9519 9732
f 9720 9732 9519
f 9721 9723 9720
f 9733 9720 9723
f 9720 9733 9732
f 9734 9728 9729
f 9730 9734 9729
f 9735 9734 9730
f 9735 9736 9734
f 9735 9730 9521
f 9735 9521 9737
f 9735 9737 9736
f 9521 9528 9737
f 9738 9534 9526
f 9534 9738 9533
f 9738 9526 9739
f 9526 9731 9739
f 9740 9731 9732
f 9739 9731 9740
f 9736 9741 9734
f 9736 9737 9741
f 9742 9741 9737
f 9742 9737 9528
f 9742 9528 9743
f 9528 9535 9743
f 9744 9541 9533
f 9541 9744 9540
f 9744 9533 9745
f 9533 9738 9745
f 9738 9739 9746
f 9745 9738 9746
f 9741 9742 9747
f 9742 9743 9747
f 9748 9747 9743
f 9748 9743 9535
f 9748 9535 9749
f 9535 9542 9749
f 9750 9546 9540
f 9750 9545 9546
f 9750 9540 9751
f 9744 9751 9540
f 9744 9745 9752
f 9744 9752 9751
f 9747 9748 9753
f 9749 9753 9748
f 9754 9753 9749
f 9754 9755 9753
f 9754 9749 9542
f 9754 9542 9756
f 9754 9756 9755
f 9547 9756 9542
f 9757 9550 9545
f 9750 9758 9545
f 9759 9545 9758
f 9757 9545 9759
f 9760 9750 9751
f 9750 9760 9758
f 9759 9758 9760
f 9761 9753 9755
f 9756 9761 9755
f 9756 9762 9761
f 9756 9547 9551
f 9756 9551 9762
f 9763 9555 9550
f 9763 9554 9555
f 9757 9764 9550
f 9763 9550 9764
f 9757 9759 9764
f 9766 9761 9762
f 9766 9765 9761
f 9766 9762 9551
f 9766 9551 9767
f 9557 9767 9556
f 9551 9556 9767
f 9763 9768 9554
f 9769 9554 9768
f 9554 9769 9560
f 9763 9764 9770
f 9763 9770 9768
f 9769 9768 9770
f 9771 9765 9766
f 9767 9771 9766
f 9767 9772 9771
f 9767 9557 9561
f 9767 9561 9772
f 9773 9564 9560
f 9773 9565 9564
f 9773 9560 9774
f 9769 9774 9560
f 9776 9771 9772
f 9776 9775 9771
f 9776 9772 9561
f 9776 9561 9567
f 9777 9565 9773
f 9777 9570 9565
f 9778 9773 9774
f 9777 9773 9778
f 9779 9775 9776
f 9779 9780 9775
f 9779 9776 9567
f 9779 9567 9781
f 9567 9571 9781
f 9777 9782 9570
f 9782 9574 9570
f 9777 9778 9783
f 9777 9783 9782
f 9784 9780 9779
f 9784 9785 9780
f 9781 9784 9779
f 9781 9786 9784
f 9781 9571 9575
f 9781 9575 9786
f 9782 9787 9574
f 9787 9577 9574
f 9782 9783 9788
f 9782 9788 9787
f 9789 9787 9788
f 9790 9785 9784
f 9786 9790 9784
f 9786 9791 9790
f 9786 9575 9578
f 9786 9578 9791
f 9787 9792 9577
f 9577 9792 9580
f 9787 9789 9792
f 9793 9792 9789
f 9791 9794 9790
f 9791 9795 9794
f 9791 9578 9581
f 9791 9581 9795
f 9792 9796 9580
f 9583 9580 9796
f 9792 9793 9796
f 9797 9796 9793
f 9799 9798 9794
f 9795 9799 9794
f 9795 9800 9799
f 9795 9581 9584
f 9795 9584 9800
f 9796 9801 9583
f 9801 9588 9583
f 9796 9797 9802
f 9796 9802 9801
f 9803 9801 9802
f 9804 9805 9799
f 9800 9804 9799
f 9800 9806 9804
f 9800 9584 9589
f 9800 9589 9806
f 9801 9807 9588
f 9808 9588 9807
f 9808 9593 9588
f 9801 9803 9809
f 9801 9809 9807
f 9808 9807 9809
f 9810 9805 9804
f 9810 9811 9805
f 9810 9804 9806
f 9810 9806 9812
f 9806 9589 9594
f 9806 9594 9812
f 9813 9593 9808
f 9813 9598 9593
f 9809 9814 9808
f 9813 9808 9814
f 9816 9811 9810
f 9816 9815 9811
f 9816 9810 9812
f 9816 9812 9601
f 9812 9594 9599
f 9812 9599 9601
f 9598 9813 9603
f 9817 9813 9814
f 9817 9603 9813
f 9817 9814 9818
f 9817 9818 9603
f 9820 9815 9816
f 9820 9819 9815
f 9820 9821 9819
f 9820 9816 9601
f 9820 9601 9605
f 9820 9605 9821
f 9818 9822 9603
f 9603 9822 9823
f 9607 9603 9823
f 9818 9824 9822
f 9823 9822 9824
f 9825 9826 9819
f 9821 9825 9819
f 9821 9827 9825
f 9821 9605 9608
f 9821 9608 9827
f 9614 9613 9823
f 9607 9823 9613
f 9828 9823 9824
f 9614 9823 9828
f 9828 9824 9829
f 9831 9826 9825
f 9831 9830 9826
f 9831 9832 9830
f 9831 9825 9827
f 9831 9827 9616
f 9831 9616 9832
f 9827 9608 9615
f 9827 9615 9616
f 9829 9833 9828
f 9614 9828 9833
f 9614 9833 9834
f 9617 9614 9834
f 9835 9833 9829
f 9834 9833 9835
f 9837 9836 9830
f 9832 9837 9830
f 9832 9625 9837
f 9832 9616 9618
f 9832 9618 9625
f 9617 9834 9623
f 9838 9834 9835
f 9838 9623 9834
f 9838 9835 9839
f 9838 9839 9840
f 9838 9840 9623
f 9841 9839 9835
f 9840 9839 9841
f 9843 9842 9836
f 9843 9844 9842
f 9845 9836 9837
f 9845 9843 9836
f 9845 9837 9625
f 9845 9625 9624
f 9845 9624 9843
f 9623 9840 9630
f 9846 9840 9841
f 9846 9630 9840
f 9846 9847 9630
f 9846 9841 9848
f 9847 9846 9848
f 9851 9844 9843
f 9851 9849 9844
f 9851 9843 9852
f 9851 9852 9632
f 9851 9632 9849
f 9843 9632 9852
f 9843 9624 9631
f 9843 9631 9632
f 9630 9847 9637
f 9853 9847 9848
f 9853 9637 9847
f 9853 9854 9637
f 9848 9855 9853
f 9854 9853 9855
f 9857 9858 9850
f 9857 9856 9858
f 9859 9850 9849
f 9859 9857 9850
f 9859 9638 9857
f 9849 9638 9859
f 9849 9632 9423
f 9849 9423 9638
f 9637 9854 9643
f 9860 9854 9855
f 9860 9643 9854
f 9860 9855 9861
f 9860 9861 9862
f 9860 9862 9643
f 9863 9861 9855
f 9862 9861 9863
f 9867 9865 9856
f 9868 9856 9857
f 9868 9867 9856
f 9868 9650 9867
f 9868 9857 9869
f 9868 9869 9644
f 9868 9644 9650
f 9857 9644 9869
f 9857 9638 9645
f 9857 9645 9644
f 9648 9643 9862
f 9862 9863 9870
f 9862 9870 9649
f 9862 9649 9648
f 9871 9863 9864
f 9871 9870 9863
f 9871 9649 9870
f 9871 9872 9649
f 9873 9871 9864
f 9872 9871 9873
f 9877 9876 9866
f 9879 9866 9865
f 9879 9877 9866
f 9879 9878 9877
f 9879 9865 9880
f 9879 9880 9651
f 9879 9651 9878
f 9880 9865 9867
f 9880 9867 9650
f 9880 9650 9651
f 9657 9658 9872
f 9649 9872 9658
f 9872 9873 9881
f 9872 9881 9659
f 9872 9659 9657
f 9882 9873 9874
f 9882 9881 9873
f 9882 9659 9881
f 9882 9668 9659
f 9884 9874 9883
f 9884 9882 9874
f 9884 9668 9882
f 9884 9885 9668
f 9886 9883 9887
f 9886 9884 9883
f 9885 9884 9886
f 9889 9887 9890
f 9889 9886 9887
f 9888 9886 9889
f 9891 9892 9893
f 9890 9892 9889
f 9891 9889 9892
f 9893 9895 9891
f 9894 9891 9895
f 9896 9894 9897
f 9899 9897 9900
f 9899 9896 9897
f 9899 9898 9896
f 9899 9901 9898
f 9902 9900 9875
f 9902 9899 9900
f 9902 9901 9899
f 9902 9679 9901
f 9903 9875 9876
f 9903 9902 9875
f 9903 9679 9902
f 9903 9876 9904
f 9903 9904 9661
f 9903 9661 9679
f 9904 9876 9877
f 9904 9877 9878
f 9904 9878 9660
f 9904 9660 9661
f 9878 9651 9662
f 9878 9662 9660
f 9668 9885 9670
f 9885 9886 9888
f 9885 9888 9671
f 9885 9671 9670
f 9888 9889 9905
f 9888 9905 9672
f 9888 9672 9671
f 9905 9889 9891
f 9905 9891 9906
f 9905 9906 9673
f 9905 9673 9672
f 9906 9891 9894
f 9906 9894 9907
f 9906 9907 9674
f 9906 9674 9673
f 9907 9894 9896
f 9907 9896 9898
f 9907 9898 9675
f 9907 9675 9674
f 9898 9901 9676
f 9898 9676 9675
f 9901 9679 9678
f 9901 9678 9676
f 9708 9909 9709
f 9908 9707 9909
f 9709 9909 9707
f 9710 9910 9708
f 9909 9708 9910
f 9711 9911 9710
f 9910 9710 9911
f 9911 9711 9712
f 9713 9712 9711
f 9704 9912 9725
f 9725 9912 9724
f 9705 9913 9704
f 9912 9704 9913
f 9914 9913 9705
f 9914 9705 9706
f 9914 9706 9916
f 9915 9916 9706
f 9707 9917 9706
f 9915 9706 9917
f 9915 9917 9916
f 9918 9707 9908
f 9918 9917 9707
f 9916 9917 9918
f 9909 9918 9908
f 9919 9918 9909
f 9910 9919 9909
f 9920 9919 9910
f 9911 9920 9910
f 9921 9920 9911
f 9921 9922 9920
f 9712 9921 9911
f 9923 9921 9712
f 9922 9921 9924
f 9923 9924 9921
f 9923 9712 9714
f 9923 9714 9924
f 9924 9714 9925
f 9714 9715 9926
f 9714 9926 9925
f 9717 9927 9715
f 9926 9715 9927
f 9927 9717 9726
f 9723 9928 9733
f 9928 9732 9733
f 9929 9723 9724
f 9928 9723 9929
f 9929 9724 9931
f 9930 9931 9724
f 9912 9931 9724
f 9930 9724 9931
f 9912 9932 9931
f 9912 9913 9932
f 9914 9933 9913
f 9934 9913 9933
f 9932 9913 9934
f 9933 9914 9916
f 9924 9935 9922
f 9925 9936 9924
f 9935 9924 9936
f 9925 9926 9936
f 9937 9936 9926
f 9927 9937 9926
f 9938 9937 9927
f 9938 9939 9937
f 9938 9927 9726
f 9938 9726 9939
f 9939 9726 9940
f 9728 9941 9726
f 9726 9941 9940
f 9734 9941 9728
f 9732 9942 9740
f 9740 9942 9739
f 9943 9942 9732
f 9928 9944 9732
f 9945 9732 9944
f 9943 9732 9945
f 9928 9946 9944
f 9945 9944 9946
f 9928 9929 9946
f 9947 9929 9931
f 9946 9929 9947
f 9939 9948 9937
f 9949 9937 9948
f 9950 9939 9940
f 9950 9948 9939
f 9941 9950 9940
f 9941 9951 9950
f 9941 9734 9952
f 9941 9952 9951
f 9952 9734 9741
f 9953 9746 9739
f 9746 9953 9745
f 9953 9739 9955
f 9954 9955 9739
f 9942 9955 9739
f 9954 9739 9955
f 9943 9945 9942
f 9956 9942 9945
f 9942 9956 9955
f 9957 9950 9951
f 9952 9957 9951
f 9958 9957 9952
f 9958 9959 9957
f 9958 9952 9741
f 9958 9741 9960
f 9958 9960 9959
f 9741 9747 9960
f 9961 9752 9745
f 9961 9751 9752
f 9961 9745 9963
f 9962 9963 9745
f 9953 9963 9745
f 9962 9745 9963
f 9964 9953 9955
f 9953 9964 9963
f 9965 9957 9959
f 9960 9965 9959
f 9966 9965 9960
f 9966 9967 9965
f 9966 9960 9747
f 9966 9747 9968
f 9966 9968 9967
f 9747 9753 9968
f 9751 9969 9760
f 9969 9759 9760
f 9970 9969 9751
f 9961 9971 9751
f 9972 9751 9971
f 9970 9751 9972
f 9973 9961 9963
f 9961 9973 9971
f 9972 9971 9973
f 9974 9965 9967
f 9968 9974 9967
f 9968 9975 9974
f 9968 9753 9976
f 9968 9976 9975
f 9761 9976 9753
f 9977 9759 9969
f 9759 9977 9764
f 9970 9978 9969
f 9977 9969 9978
f 9970 9972 9978
f 9980 9974 9975
f 9980 9979 9974
f 9980 9975 9976
f 9980 9976 9981
f 9976 9761 9765
f 9976 9765 9981
f 9982 9770 9764
f 9982 9769 9770
f 9982 9764 9984
f 9983 9984 9764
f 9977 9984 9764
f 9983 9764 9984
f 9977 9978 9985
f 9977 9985 9984
f 9979 9980 9986
f 9987 9986 9980
f 9981 9987 9980
f 9988 9987 9981
f 9988 9989 9987
f 9988 9981 9765
f 9988 9765 9990
f 9988 9990 9989
f 9771 9990 9765
f 9991 9769 9982
f 9991 9774 9769
f 9984 9992 9982
f 9991 9982 9992
f 9994 9987 9989
f 9994 9993 9987
f 9994 9989 9990
f 9994 9990 9995
f 9990 9771 9775
f 9990 9775 9995
f 9991 9996 9774
f 9778 9774 9996
f 9991 9992 9997
f 9991 9997 9996
f 9998 9996 9997
f 9999 9993 9994
f 9999 10000 9993
f 9995 9999 9994
f 9995 10001 9999
f 9995 9775 9780
f 9995 9780 10001
f 9783 9778 10003
f 10002 10003 9778
f 9996 10004 9778
f 10002 9778 10004
f 10002 10004 10003
f 9996 9998 10004
f 10000 9999 10005
f 10006 9999 10001
f 10006 10005 9999
f 10006 10007 10005
f 10006 10001 9780
f 10006 9780 9785
f 10006 9785 10007
f 10009 9788 10008
f 9783 10008 9788
f 10009 9789 9788
f 10010 9783 10003
f 10010 10008 9783
f 10009 10008 10010
f 10004 10010 10003
f 10012 10005 10007
f 10012 10011 10005
f 10012 10007 9785
f 10012 9785 10013
f 9790 10013 9785
f 10014 9789 10009
f 10014 9793 9789
f 10015 10009 10010
f 10014 10009 10015
f 10017 10011 10012
f 10017 10016 10011
f 10017 10012 10013
f 10017 10013 10018
f 10013 9790 9794
f 10013 9794 10018
f 10019 9793 10014
f 10019 9797 9793
f 10020 10014 10015
f 10019 10014 10020
f 10022 10016 10017
f 10022 10021 10016
f 10022 10017 10018
f 10022 10018 10023
f 10018 9794 9798
f 9799 10023 9798
f 10018 9798 10023
f 9803 9802 10019
f 9797 10019 9802
f 10024 10019 10020
f 9803 10019 10024
f 10024 10020 10025
f 10027 10021 10022
f 10027 10026 10021
f 10027 10022 10023
f 10027 10023 9805
f 10023 9799 9805
f 10028 9803 10024
f 10028 9809 9803
f 10025 10029 10024
f 10028 10024 10029
f 10028 10029 9809
f 10030 10029 10025
f 10033 10026 10027
f 10033 10031 10026
f 10033 10034 10031
f 10033 10027 9805
f 10033 9805 9811
f 10033 9811 10034
f 10029 10035 9809
f 9809 10035 10036
f 9809 10036 9814
f 10029 10030 10037
f 10029 10037 10035
f 10036 10035 10037
f 10038 10032 10031
f 10038 10039 10032
f 10034 10038 10031
f 10034 10040 10038
f 10034 9811 9815
f 10034 9815 10040
f 10041 9814 10036
f 10041 9818 9814
f 10042 10036 10037
f 10041 10036 10042
f 10044 10039 10038
f 10044 10043 10039
f 10044 10038 10040
f 10044 10040 9819
f 10040 9815 9819
f 9818 10041 9824
f 10045 10041 10042
f 10045 9824 10041
f 10045 10042 10046
f 10045 10046 9824
f 10042 10047 10046
f 10048 10046 10047
f 10050 10049 10043
f 10050 10051 10049
f 10052 10043 10044
f 10052 10050 10043
f 10052 10044 9819
f 10052 9819 9826
f 10052 9826 10050
f 10046 10053 9824
f 9824 10053 10054
f 9829 9824 10054
f 10055 10046 10048
f 10055 10053 10046
f 10054 10053 10055
f 10058 10051 10050
f 10058 10056 10051
f 10058 10059 10056
f 10058 9830 10059
f 10050 9830 10058
f 10050 9826 9830
f 10054 9835 9829
f 10054 10055 10060
f 10054 10060 10061
f 10054 10061 9835
f 10062 10060 10055
f 10061 10060 10062
f 10064 10057 10056
f 10064 10063 10057
f 10059 10064 10056
f 10059 10065 10064
f 10059 9830 9836
f 10059 9836 10065
f 9841 9835 10061
f 10066 10061 10062
f 10066 9841 10061
f 10066 10062 10067
f 10066 10067 10068
f 10066 10068 9841
f 10069 10067 10062
f 10068 10067 10069
f 10072 10071 10063
f 10072 10070 10071
f 10074 10063 10064
f 10074 10072 10063
f 10074 10073 10072
f 10074 10064 10065
f 10074 10065 9844
f 10074 9844 10073
f 10065 9836 9842
f 10065 9842 9844
f 9841 10068 9848
f 10075 10068 10069
f 10075 9848 10068
f 10075 10069 10076
f 10075 10076 10077
f 10075 10077 9848
f 10078 10076 10069
f 10077 10076 10078
f 10082 10080 10070
f 10084 10070 10072
f 10084 10082 10070
f 10084 10083 10082
f 10084 10072 10073
f 10084 10073 9850
f 10084 9850 10083
f 10073 9844 9849
f 10073 9849 9850
f 9848 10077 9855
f 10077 10078 10085
f 10077 10085 10086
f 10077 10086 9855
f 10087 10078 10079
f 10087 10085 10078
f 10087 10086 10085
f 10087 10088 10086
f 10079 10090 10087
f 10089 10087 10090
f 10088 10087 10089
f 10094 10095 10081
f 10094 10092 10095
f 10096 10081 10080
f 10096 10094 10081
f 10096 10080 10097
f 10096 10097 9865
f 10096 9865 10094
f 10097 10080 10082
f 10097 10082 10083
f 10097 10083 9856
f 10097 9856 9865
f 10083 9850 9858
f 10083 9858 9856
f 10086 9863 9855
f 10086 10088 9864
f 10086 9864 9863
f 10098 10088 10089
f 10098 9864 10088
f 10098 10089 10099
f 10098 10099 10100
f 10098 10100 9864
f 10101 10089 10091
f 10101 10099 10089
f 10101 10100 10099
f 10101 10102 10100
f 10103 10091 10104
f 10103 10101 10091
f 10102 10101 10103
f 10104 10105 10103
f 10112 10111 10093
f 10112 10110 10111
f 10113 10093 10092
f 10113 10112 10093
f 10113 9876 10112
f 10114 10092 10094
f 10114 10113 10092
f 10114 9876 10113
f 10114 10094 9866
f 10114 9866 9876
f 10094 9865 9866
f 9873 9864 10100
f 10100 10102 9874
f 10100 9874 9873
f 10102 10103 10115
f 10102 10115 9883
f 10102 9883 9874
f 10116 10103 10105
f 10116 10115 10103
f 10116 9883 10115
f 10116 10105 10117
f 10116 10117 9887
f 10116 9887 9883
f 10118 10105 10106
f 10118 10117 10105
f 10118 9887 10117
f 10118 9890 9887
f 10119 10106 10107
f 10119 10118 10106
f 10119 9890 10118
f 10119 9893 9890
f 10120 10107 10108
f 10120 10119 10107
f 10120 9893 10119
f 10120 10121 9893
f 10122 10108 10109
f 10122 10120 10108
f 10122 10121 10120
f 10122 9897 10121
f 10123 10109 10110
f 10123 10122 10109
f 10123 9897 10122
f 10123 10110 10124
f 10123 10124 9900
f 10123 9900 9897
f 10124 10110 10112
f 10124 10112 10125
f 10124 10125 9875
f 10124 9875 9900
f 10112 9875 10125
f 10112 9876 9875
f 9890 9893 9892
f 9894 9895 10121
f 9893 10121 9895
f 10121 9897 9894
f 9933 10126 9934
f 9934 10126 9932
f 9916 10127 9933
f 10126 9933 10127
f 9918 10128 9916
f 10127 9916 10128
f 9919 10129 9918
f 10128 9918 10129
f 9920 10130 9919
f 10129 9919 10130
f 9922 10131 9920
f 10130 9920 10131
f 9935 10132 9922
f 10131 9922 10132
f 10132 9935 9936
f 9931 10133 9947
f 9947 10133 9946
f 10134 9931 9932
f 10133 9931 10134
f 10134 9932 10135
f 10126 10136 9932
f 9932 10136 10135
f 10137 10136 10126
f 10135 10136 10138
f 10137 10138 10136
f 10127 10137 10126
f 10139 10137 10127
f 10138 10137 10139
f 10128 10139 10127
f 10140 10139 10128
f 10129 10140 10128
f 10141 10140 10129
f 10130 10141 10129
f 10142 10141 10130
f 10131 10142 10130
f 10143 10142 10131
f 10143 10144 10142
f 10143 10131 10132
f 10143 10132 10144
f 10144 10132 10145
f 10132 9936 10146
f 10132 10146 10145
f 9937 10147 9936
f 9936 10147 10146
f 10147 9937 9948
f 9949 9948 9937
f 9945 10148 9956
f 10148 9955 9956
f 10149 9945 9946
f 10148 9945 10149
f 10149 9946 10151
f 10150 10151 9946
f 10133 10151 9946
f 10150 9946 10151
f 10152 10151 10133
f 10134 10152 10133
f 10135 10153 10134
f 10134 10153 10152
f 10154 10135 10138
f 10153 10135 10154
f 10144 10155 10142
f 10156 10142 10155
f 10157 10144 10145
f 10155 10144 10157
f 10146 10157 10145
f 10158 10157 10146
f 10147 10158 10146
f 10159 10158 10147
f 10159 10160 10158
f 10159 10147 9948
f 10159 9948 10161
f 10159 10161 10160
f 9950 10162 9948
f 9948 10162 10161
f 9957 10162 9950
f 9955 10163 9964
f 10163 9963 9964
f 10164 9955 10148
f 10163 9955 10164
f 10164 10148 10165
f 10149 10165 10148
f 10151 10166 10149
f 10167 10149 10166
f 10149 10167 10165
f 10166 10151 10152
f 10158 10168 10157
f 10169 10158 10160
f 10168 10158 10169
f 10161 10169 10160
f 10170 10169 10161
f 10170 10161 10162
f 10170 10162 10171
f 10162 9957 10172
f 10162 10172 10171
f 9965 10172 9957
f 9963 10173 9973
f 10173 9972 9973
f 10174 9963 10163
f 10173 9963 10174
f 10174 10163 10175
f 10164 10175 10163
f 10176 10164 10165
f 10164 10176 10175
f 10177 10169 10170
f 10171 10177 10170
f 10178 10177 10171
f 10178 10171 10172
f 10178 10172 10179
f 10172 9965 10180
f 10172 10180 10179
f 9974 10180 9965
f 10181 9972 10173
f 9972 10181 9978
f 10181 10173 10182
f 10174 10182 10173
f 10183 10174 10175
f 10174 10183 10182
f 10184 10177 10178
f 10179 10184 10178
f 10185 10184 10179
f 10185 10179 10180
f 10185 10180 10186
f 10180 9974 9979
f 10180 9979 10186
f 10187 9985 9978
f 10187 9984 9985
f 10187 9978 10189
f 10188 10189 9978
f 10181 10189 9978
f 10188 9978 10189
f 10190 10181 10182
f 10181 10190 10189
f 10191 10189 10190
f 10192 10184 10185
f 10192 10193 10184
f 10186 10192 10185
f 10186 10194 10192
f 10186 9979 10195
f 10186 10195 10194
f 9987 10195 9986
f 9979 9986 10195
f 10196 9984 10187
f 9984 10196 9992
f 10197 10187 10189
f 10196 10187 10197
f 10189 10191 10197
f 10193 10192 10198
f 10199 10192 10194
f 10199 10198 10192
f 10199 10194 10195
f 10199 10195 10200
f 10195 9987 9993
f 10195 9993 10200
f 10201 9997 9992
f 10201 9998 9997
f 10201 9992 10202
f 10196 10203 9992
f 9992 10203 10202
f 10204 10196 10197
f 10196 10204 10203
f 10205 10198 10199
f 10205 10206 10198
f 10200 10205 10199
f 10200 10207 10205
f 10200 9993 10000
f 10200 10000 10207
f 10208 9998 10201
f 10208 10004 9998
f 10209 10201 10202
f 10208 10201 10209
f 10203 10210 10202
f 10209 10202 10210
f 10203 10204 10211
f 10203 10211 10210
f 10212 10206 10205
f 10213 10205 10207
f 10213 10212 10205
f 10213 10207 10000
f 10213 10000 10214
f 10000 10005 10214
f 10215 10004 10208
f 10215 10010 10004
f 10216 10208 10209
f 10215 10208 10216
f 10210 10216 10209
f 10218 10212 10213
f 10218 10217 10212
f 10218 10213 10214
f 10218 10214 10219
f 10214 10005 10011
f 10214 10011 10219
f 10220 10010 10215
f 10220 10015 10010
f 10221 10215 10216
f 10220 10215 10221
f 10223 10217 10218
f 10223 10222 10217
f 10223 10218 10219
f 10223 10219 10224
f 10219 10011 10016
f 10219 10016 10224
f 10225 10015 10220
f 10225 10020 10015
f 10226 10220 10221
f 10225 10220 10226
f 10228 10222 10223
f 10228 10227 10222
f 10228 10223 10224
f 10228 10224 10229
f 10224 10016 10021
f 10224 10021 10229
f 10230 10020 10225
f 10230 10025 10020
f 10231 10225 10226
f 10230 10225 10231
f 10233 10227 10228
f 10233 10232 10227
f 10233 10228 10229
f 10233 10229 10234
f 10229 10021 10026
f 10229 10026 10234
f 10235 10025 10230
f 10235 10030 10025
f 10236 10230 10231
f 10236 10235 10230
f 10236 10231 10237
f 10236 10237 10235
f 10231 10238 10237
f 10239 10237 10238
f 10240 10241 10232
f 10242 10232 10233
f 10242 10240 10232
f 10242 10243 10240
f 10242 10233 10234
f 10242 10234 10032
f 10242 10032 10243
f 10234 10026 10031
f 10234 10031 10032
f 10030 10235 10037
f 10237 10244 10235
f 10235 10244 10245
f 10235 10245 10037
f 10239 10246 10237
f 10246 10244 10237
f 10245 10244 10246
f 10248 10241 10240
f 10248 10247 10241
f 10243 10248 10240
f 10243 10249 10248
f 10243 10032 10039
f 10243 10039 10249
f 10037 10245 10250
f 10042 10037 10250
f 10251 10245 10246
f 10250 10245 10251
f 10252 10251 10246
f 10255 10247 10248
f 10255 10253 10247
f 10255 10256 10253
f 10255 10248 10249
f 10255 10249 10257
f 10255 10257 10256
f 10249 10039 10043
f 10249 10043 10257
f 10048 10047 10250
f 10042 10250 10047
f 10258 10250 10251
f 10258 10048 10250
f 10258 10251 10259
f 10258 10259 10260
f 10258 10260 10048
f 10252 10261 10251
f 10261 10259 10251
f 10260 10259 10261
f 10263 10254 10253
f 10263 10262 10254
f 10256 10263 10253
f 10256 10264 10263
f 10256 10257 10051
f 10256 10051 10264
f 10257 10043 10049
f 10257 10049 10051
f 10048 10260 10265
f 10055 10048 10265
f 10266 10260 10261
f 10266 10265 10260
f 10266 10267 10265
f 10268 10266 10261
f 10267 10266 10268
f 10271 10270 10262
f 10271 10269 10270
f 10272 10262 10263
f 10272 10271 10262
f 10272 10273 10271
f 10272 10263 10264
f 10272 10264 10057
f 10272 10057 10273
f 10264 10051 10056
f 10264 10056 10057
f 10265 10062 10055
f 10265 10267 10274
f 10265 10274 10062
f 10275 10267 10268
f 10275 10274 10267
f 10275 10276 10274
f 10277 10275 10268
f 10276 10275 10277
f 10280 10279 10269
f 10280 10278 10279
f 10281 10269 10271
f 10281 10280 10269
f 10281 10282 10280
f 10281 10271 10071
f 10281 10071 10282
f 10273 10071 10271
f 10273 10057 10063
f 10273 10063 10071
f 10274 10069 10062
f 10274 10276 10283
f 10274 10283 10069
f 10284 10276 10277
f 10284 10283 10276
f 10284 10285 10283
f 10287 10277 10286
f 10287 10284 10277
f 10285 10284 10287
f 10286 10288 10287
f 10292 10291 10278
f 10292 10290 10291
f 10293 10278 10280
f 10293 10292 10278
f 10293 10280 10080
f 10293 10080 10292
f 10282 10080 10280
f 10282 10071 10070
f 10282 10070 10080
f 10283 10078 10069
f 10283 10285 10079
f 10283 10079 10078
f 10285 10287 10294
f 10285 10294 10295
f 10285 10295 10079
f 10296 10287 10288
f 10296 10294 10287
f 10296 10295 10294
f 10296 10297 10295
f 10299 10288 10298
f 10299 10296 10288
f 10297 10296 10299
f 10300 10299 10298
f 10305 10304 10306
f 10307 10306 10289
f 10307 10305 10306
f 10308 10289 10290
f 10308 10307 10289
f 10308 10290 10309
f 10308 10309 10310
f 10308 10310 10307
f 10309 10290 10292
f 10309 10292 10311
f 10309 10311 10081
f 10309 10081 10310
f 10292 10081 10311
f 10292 10080 10081
f 10089 10090 10295
f 10079 10295 10090
f 10295 10297 10091
f 10295 10091 10089
f 10297 10299 10312
f 10297 10312 10104
f 10297 10104 10091
f 10313 10299 10300
f 10313 10312 10299
f 10313 10104 10312
f 10313 10314 10104
f 10315 10300 10301
f 10315 10313 10300
f 10315 10314 10313
f 10315 10316 10314
f 10317 10301 10302
f 10317 10315 10301
f 10317 10316 10315
f 10317 10318 10316
f 10319 10302 10303
f 10319 10317 10302
f 10319 10318 10317
f 10319 10320 10318
f 10321 10303 10304
f 10321 10319 10303
f 10321 10320 10319
f 10321 10322 10320
f 10323 10304 10305
f 10323 10321 10304
f 10323 10322 10321
f 10323 10305 10324
f 10323 10324 10111
f 10323 10111 10322
f 10324 10305 10307
f 10324 10307 10325
f 10324 10325 10093
f 10324 10093 10111
f 10307 10093 10325
f 10307 10310 10092
f 10307 10092 10093
f 10310 10081 10095
f 10310 10095 10092
f 10104 10314 10105
f 10314 10316 10106
f 10314 10106 10105
f 10316 10318 10107
f 10316 10107 10106
f 10318 10320 10108
f 10318 10108 10107
f 10320 10322 10109
f 10320 10109 10108
f 10322 10111 10110
f 10322 10110 10109
f 10138 10326 10154
f 10154 10326 10153
f 10139 10327 10138
f 10326 10138 10327
f 10140 10328 10139
f 10327 10139 10328
f 10141 10329 10140
f 10328 10140 10329
f 10142 10330 10141
f 10329 10141 10330
f 10330 10142 10155
f 10156 10155 10142
f 10152 10331 10166
f 10167 10166 10331
f 10332 10152 10153
f 10331 10152 10332
f 10332 10153 10333
f 10153 10326 10333
f 10333 10326 10334
f 10327 10335 10326
f 10326 10335 10334
f 10334 10335 10336
f 10328 10337 10327
f 10335 10327 10337
f 10335 10337 10336
f 10336 10337 10338
f 10329 10339 10328
f 10337 10328 10339
f 10337 10339 10338
f 10338 10339 10340
f 10339 10329 10330
f 10339 10330 10340
f 10340 10330 10341
f 10330 10155 10342
f 10330 10342 10341
f 10155 10157 10343
f 10155 10343 10342
f 10343 10157 10168
f 10165 10344 10176
f 10344 10175 10176
f 10345 10165 10167
f 10344 10165 10345
f 10345 10167 10346
f 10331 10347 10167
f 10167 10347 10346
f 10348 10347 10331
f 10346 10347 10348
f 10332 10348 10331
f 10349 10332 10333
f 10349 10348 10332
f 10350 10333 10334
f 10350 10349 10333
f 10336 10351 10334
f 10334 10351 10350
f 10352 10336 10338
f 10352 10351 10336
f 10353 10338 10340
f 10353 10352 10338
f 10354 10340 10341
f 10354 10353 10340
f 10342 10354 10341
f 10355 10354 10342
f 10355 10342 10343
f 10355 10343 10356
f 10343 10168 10357
f 10343 10357 10356
f 10168 10169 10358
f 10168 10358 10357
f 10177 10358 10169
f 10175 10359 10183
f 10359 10182 10183
f 10360 10175 10344
f 10359 10175 10360
f 10360 10344 10362
f 10361 10362 10344
f 10345 10362 10344
f 10361 10344 10362
f 10363 10345 10346
f 10363 10362 10345
f 10348 10364 10346
f 10346 10364 10363
f 10365 10348 10349
f 10364 10348 10365
f 10354 10366 10353
f 10367 10353 10366
f 10368 10354 10355
f 10366 10354 10368
f 10369 10355 10356
f 10369 10368 10355
f 10357 10369 10356
f 10370 10369 10357
f 10370 10371 10369
f 10370 10357 10358
f 10370 10358 10372
f 10370 10372 10371
f 10358 10177 10373
f 10358 10373 10372
f 10184 10373 10177
f 10374 10182 10359
f 10190 10182 10374
f 10374 10359 10376
f 10375 10376 10359
f 10360 10376 10359
f 10375 10359 10376
f 10377 10360 10362
f 10377 10376 10360
f 10378 10362 10363
f 10362 10378 10377
f 10379 10368 10369
f 10380 10369 10371
f 10380 10379 10369
f 10372 10380 10371
f 10381 10380 10372
f 10381 10382 10380
f 10381 10372 10373
f 10381 10373 10383
f 10381 10383 10382
f 10373 10184 10193
f 10373 10193 10383
f 10384 10191 10190
f 10384 10197 10191
f 10384 10190 10385
f 10374 10386 10190
f 10190 10386 10385
f 10387 10374 10376
f 10387 10386 10374
f 10388 10376 10377
f 10376 10388 10387
f 10389 10379 10380
f 10390 10380 10382
f 10390 10389 10380
f 10383 10390 10382
f 10383 10391 10390
f 10383 10193 10392
f 10383 10392 10391
f 10193 10198 10392
f 10393 10197 10384
f 10204 10197 10393
f 10394 10384 10385
f 10393 10384 10394
f 10386 10394 10385
f 10395 10386 10387
f 10386 10395 10394
f 10396 10389 10390
f 10396 10397 10389
f 10398 10390 10391
f 10398 10396 10390
f 10398 10391 10392
f 10398 10392 10399
f 10392 10198 10206
f 10392 10206 10399
f 10400 10211 10204
f 10400 10210 10211
f 10393 10401 10204
f 10204 10401 10400
f 10402 10393 10394
f 10402 10401 10393
f 10394 10395 10403
f 10394 10403 10402
f 10397 10396 10404
f 10405 10404 10396
f 10406 10396 10398
f 10406 10405 10396
f 10406 10398 10399
f 10406 10399 10407
f 10399 10206 10408
f 10399 10408 10407
f 10212 10408 10206
f 10409 10210 10400
f 10409 10216 10210
f 10401 10410 10400
f 10400 10410 10409
f 10411 10401 10402
f 10411 10410 10401
f 10413 10405 10406
f 10413 10412 10405
f 10407 10413 10406
f 10407 10414 10413
f 10407 10408 10415
f 10407 10415 10414
f 10408 10212 10217
f 10408 10217 10415
f 10416 10216 10409
f 10416 10221 10216
f 10416 10409 10418
f 10417 10418 10409
f 10410 10419 10409
f 10417 10409 10419
f 10417 10419 10418
f 10411 10420 10410
f 10410 10420 10419
f 10422 10412 10413
f 10422 10421 10412
f 10414 10422 10413
f 10414 10423 10422
f 10414 10415 10424
f 10414 10424 10423
f 10415 10217 10222
f 10415 10222 10424
f 10425 10221 10416
f 10425 10226 10221
f 10418 10425 10416
f 10419 10426 10418
f 10418 10426 10425
f 10427 10419 10420
f 10427 10426 10419
f 10429 10421 10422
f 10429 10428 10421
f 10423 10429 10422
f 10423 10430 10429
f 10423 10424 10431
f 10423 10431 10430
f 10424 10222 10227
f 10424 10227 10431
f 10432 10226 10425
f 10432 10231 10226
f 10426 10433 10425
f 10425 10433 10432
f 10434 10426 10427
f 10434 10433 10426
f 10436 10428 10429
f 10436 10435 10428
f 10430 10436 10429
f 10430 10437 10436
f 10430 10431 10438
f 10430 10438 10437
f 10431 10227 10232
f 10431 10232 10438
f 10239 10238 10432
f 10231 10432 10238
f 10433 10439 10432
f 10432 10439 10440
f 10432 10440 10239
f 10441 10433 10434
f 10441 10439 10433
f 10440 10439 10441
f 10434 10442 10441
f 10443 10441 10442
f 10445 10444 10435
f 10445 10446 10444
f 10447 10435 10436
f 10447 10445 10435
f 10437 10447 10436
f 10437 10448 10447
f 10437 10438 10241
f 10437 10241 10448
f 10438 10232 10241
f 10239 10440 10449
f 10239 10449 10246
f 10450 10440 10441
f 10450 10449 10440
f 10443 10451 10441
f 10451 10450 10441
f 10453 10446 10445
f 10453 10452 10446
f 10454 10445 10447
f 10454 10453 10445
f 10454 10455 10453
f 10454 10447 10448
f 10454 10448 10456
f 10454 10456 10455
f 10448 10241 10247
f 10448 10247 10456
f 10252 10246 10449
f 10450 10457 10449
f 10449 10457 10458
f 10449 10458 10252
f 10459 10450 10451
f 10459 10457 10450
f 10458 10457 10459
f 10460 10459 10451
f 10463 10462 10452
f 10463 10461 10462
f 10464 10452 10453
f 10464 10463 10452
f 10455 10464 10453
f 10455 10465 10464
f 10455 10456 10254
f 10455 10254 10465
f 10456 10247 10253
f 10456 10253 10254
f 10252 10458 10466
f 10252 10466 10261
f 10467 10458 10459
f 10467 10466 10458
f 10467 10459 10468
f 10467 10468 10469
f 10467 10469 10466
f 10470 10459 10460
f 10470 10468 10459
f 10469 10468 10470
f 10471 10470 10460
f 10474 10473 10461
f 10474 10472 10473
f 10475 10461 10463
f 10475 10474 10461
f 10477 10463 10464
f 10477 10475 10463
f 10477 10476 10475
f 10477 10464 10465
f 10477 10465 10270
f 10477 10270 10476
f 10465 10254 10262
f 10465 10262 10270
f 10466 10268 10261
f 10466 10469 10478
f 10466 10478 10268
f 10479 10469 10470
f 10479 10478 10469
f 10479 10470 10480
f 10479 10480 10481
f 10479 10481 10478
f 10482 10470 10471
f 10482 10480 10470
f 10481 10480 10482
f 10484 10471 10483
f 10484 10482 10471
f 10483 10486 10484
f 10485 10484 10486
f 10491 10492 10493
f 10491 10490 10492
f 10494 10493 10472
f 10494 10491 10493
f 10495 10472 10474
f 10495 10494 10472
f 10495 10496 10494
f 10495 10497 10496
f 10498 10474 10475
f 10498 10495 10474
f 10498 10497 10495
f 10498 10475 10476
f 10498 10476 10279
f 10498 10279 10497
f 10476 10270 10269
f 10476 10269 10279
f 10478 10277 10268
f 10478 10481 10286
f 10478 10286 10277
f 10481 10482 10499
f 10481 10499 10500
f 10481 10500 10286
f 10501 10482 10484
f 10501 10499 10482
f 10501 10500 10499
f 10501 10502 10500
f 10503 10484 10485
f 10503 10501 10484
f 10503 10502 10501
f 10504 10485 10487
f 10504 10503 10485
f 10505 10487 10488
f 10505 10504 10487
f 10506 10488 10489
f 10506 10505 10488
f 10507 10489 10490
f 10507 10506 10489
f 10508 10490 10491
f 10508 10507 10490
f 10510 10491 10494
f 10510 10508 10491
f 10510 10509 10508
f 10510 10511 10509
f 10496 10510 10494
f 10496 10511 10510
f 10496 10497 10291
f 10496 10291 10511
f 10497 10279 10278
f 10497 10278 10291
f 10286 10500 10288
f 10500 10502 10298
f 10500 10298 10288
f 10503 10512 10502
f 10502 10512 10513
f 10502 10513 10298
f 10512 10503 10504
f 10512 10504 10514
f 10512 10514 10515
f 10512 10515 10513
f 10514 10504 10505
f 10514 10505 10516
f 10514 10516 10517
f 10514 10517 10515
f 10516 10505 10506
f 10516 10506 10518
f 10516 10518 10519
f 10516 10519 10517
f 10518 10506 10507
f 10518 10507 10520
f 10518 10520 10521
f 10518 10521 10519
f 10520 10507 10508
f 10520 10508 10509
f 10520 10509 10306
f 10520 10306 10521
f 10509 10511 10289
f 10509 10289 10306
f 10511 10291 10290
f 10511 10290 10289
f 10300 10298 10513
f 10513 10515 10301
f 10513 10301 10300
f 10515 10517 10302
f 10515 10302 10301
f 10517 10519 10303
f 10517 10303 10302
f 10519 10521 10304
f 10519 10304 10303
f 10521 10306 10304
f 10349 10522 10365
f 10365 10522 10364
f 10350 10523 10349
f 10522 10349 10523
f 10524 10350 10351
f 10523 10350 10524
f 10352 10525 10351
f 10351 10525 10524
f 10353 10526 10352
f 10525 10352 10526
f 10526 10353 10366
f 10367 10366 10353
f 10363 10527 10378
f 10527 10377 10378
f 10528 10363 10364
f 10527 10363 10528
f 10364 10522 10529
f 10364 10529 10528
f 10522 10523 10530
f 10522 10530 10529
f 10523 10524 10531
f 10523 10531 10530
f 10524 10525 10532
f 10524 10532 10531
f 10525 10526 10533
f 10525 10533 10532
f 10526 10366 10534
f 10526 10534 10533
f 10366 10368 10535
f 10366 10535 10534
f 10379 10535 10368
f 10377 10536 10388
f 10536 10387 10388
f 10537 10377 10527
f 10536 10377 10537
f 10527 10528 10538
f 10527 10538 10537
f 10538 10528 10539
f 10529 10540 10528
f 10528 10540 10539
f 10541 10540 10529
f 10539 10540 10541
f 10530 10541 10529
f 10542 10541 10530
f 10531 10542 10530
f 10543 10542 10531
f 10532 10543 10531
f 10544 10543 10532
f 10544 10545 10543
f 10533 10546 10532
f 10544 10532 10546
f 10544 10546 10545
f 10545 10546 10547
f 10546 10533 10534
f 10546 10534 10548
f 10546 10548 10547
f 10534 10535 10549
f 10534 10549 10548
f 10535 10379 10550
f 10535 10550 10549
f 10389 10550 10379
f 10551 10387 10536
f 10395 10387 10551
f 10536 10537 10552
f 10536 10552 10551
f 10552 10537 10553
f 10538 10553 10537
f 10554 10538 10539
f 10554 10553 10538
f 10555 10539 10541
f 10555 10554 10539
f 10556 10541 10542
f 10556 10555 10541
f 10557 10542 10543
f 10557 10556 10542
f 10558 10543 10545
f 10558 10557 10543
f 10559 10545 10547
f 10559 10558 10545
f 10548 10559 10547
f 10560 10559 10548
f 10560 10561 10559
f 10560 10548 10549
f 10560 10549 10562
f 10560 10562 10561
f 10549 10550 10563
f 10549 10563 10562
f 10550 10389 10397
f 10550 10397 10563
f 10564 10403 10395
f 10564 10402 10403
f 10395 10551 10565
f 10395 10565 10564
f 10565 10551 10566
f 10552 10567 10551
f 10551 10567 10566
f 10568 10552 10553
f 10568 10567 10552
f 10569 10553 10554
f 10569 10568 10553
f 10570 10554 10555
f 10570 10569 10554
f 10571 10555 10556
f 10571 10570 10555
f 10572 10556 10557
f 10572 10571 10556
f 10573 10557 10558
f 10573 10572 10557
f 10574 10558 10559
f 10574 10573 10558
f 10575 10559 10561
f 10575 10574 10559
f 10562 10576 10561
f 10575 10561 10576
f 10575 10576 10577
f 10576 10562 10563
f 10576 10563 10578
f 10576 10578 10577
f 10563 10397 10579
f 10563 10579 10578
f 10405 10579 10404
f 10397 10404 10579
f 10580 10402 10564
f 10580 10411 10402
f 10564 10565 10581
f 10564 10581 10580
f 10582 10565 10566
f 10581 10565 10582
f 10567 10582 10566
f 10583 10567 10568
f 10583 10582 10567
f 10584 10568 10569
f 10584 10583 10568
f 10585 10569 10570
f 10585 10584 10569
f 10586 10570 10571
f 10586 10585 10570
f 10587 10571 10572
f 10587 10586 10571
f 10588 10572 10573
f 10588 10587 10572
f 10589 10573 10574
f 10589 10588 10573
f 10590 10574 10575
f 10590 10589 10574
f 10591 10575 10577
f 10591 10590 10575
f 10591 10577 10578
f 10591 10578 10592
f 10578 10579 10593
f 10578 10593 10592
f 10579 10405 10412
f 10579 10412 10593
f 10594 10411 10580
f 10411 10594 10420
f 10580 10581 10595
f 10580 10595 10594
f 10596 10581 10582
f 10595 10581 10596
f 10597 10582 10583
f 10597 10596 10582
f 10598 10583 10584
f 10598 10597 10583
f 10599 10584 10585
f 10599 10598 10584
f 10600 10585 10586
f 10600 10599 10585
f 10601 10586 10587
f 10601 10600 10586
f 10602 10587 10588
f 10602 10601 10587
f 10603 10588 10589
f 10603 10602 10588
f 10604 10589 10590
f 10604 10603 10589
f 10605 10590 10591
f 10605 10604 10590
f 10605 10591 10592
f 10605 10592 10606
f 10592 10593 10607
f 10592 10607 10606
f 10593 10412 10421
f 10593 10421 10607
f 10420 10594 10608
f 10427 10420 10608
f 10594 10595 10609
f 10594 10609 10608
f 10610 10595 10596
f 10609 10595 10610
f 10611 10596 10597
f 10611 10610 10596
f 10612 10597 10598
f 10612 10611 10597
f 10613 10598 10599
f 10613 10612 10598
f 10614 10599 10600
f 10614 10613 10599
f 10615 10600 10601
f 10615 10614 10600
f 10616 10601 10602
f 10616 10615 10601
f 10617 10602 10603
f 10617 10616 10602
f 10618 10603 10604
f 10618 10617 10603
f 10619 10604 10605
f 10619 10618 10604
f 10619 10605 10606
f 10619 10606 10620
f 10606 10607 10621
f 10606 10621 10620
f 10607 10421 10428
f 10607 10428 10621
f 10622 10427 10608
f 10622 10434 10427
f 10608 10609 10623
f 10608 10623 10622
f 10624 10609 10610
f 10623 10609 10625
f 10624 10625 10609
f 10624 10610 10626
f 10624 10626 10625
f 10627 10610 10611
f 10627 10626 10610
f 10628 10611 10612
f 10628 10627 10611
f 10629 10612 10613
f 10629 10628 10612
f 10630 10613 10614
f 10630 10629 10613
f 10631 10614 10615
f 10631 10630 10614
f 10632 10615 10616
f 10632 10631 10615
f 10633 10616 10617
f 10633 10632 10616
f 10634 10617 10618
f 10634 10633 10617
f 10635 10618 10619
f 10635 10634 10618
f 10635 10636 10634
f 10635 10619 10620
f 10635 10620 10637
f 10635 10637 10636
f 10620 10621 10638
f 10620 10638 10637
f 10621 10428 10435
f 10621 10435 10638
f 10443 10442 10622
f 10434 10622 10442
f 10622 10623 10639
f 10622 10639 10443
f 10625 10639 10623
f 10626 10640 10625
f 10625 10640 10641
f 10625 10641 10639
f 10642 10626 10627
f 10642 10640 10626
f 10641 10640 10642
f 10643 10627 10628
f 10643 10642 10627
f 10644 10628 10629
f 10644 10643 10628
f 10645 10629 10630
f 10645 10644 10629
f 10646 10630 10631
f 10646 10645 10630
f 10647 10631 10632
f 10647 10646 10631
f 10648 10632 10633
f 10648 10647 10632
f 10649 10633 10634
f 10649 10648 10633
f 10636 10649 10634
f 10636 10650 10649
f 10636 10637 10651
f 10636 10651 10650
f 10637 10638 10446
f 10637 10446 10651
f 10638 10435 10444
f 10638 10444 10446
f 10443 10639 10652
f 10443 10652 10451
f 10639 10641 10653
f 10639 10653 10652
f 10654 10641 10642
f 10654 10653 10641
f 10654 10642 10655
f 10654 10655 10656
f 10654 10656 10653
f 10657 10642 10643
f 10657 10655 10642
f 10656 10655 10658
f 10657 10658 10655
f 10659 10643 10644
f 10659 10657 10643
f 10660 10644 10645
f 10660 10659 10644
f 10661 10645 10646
f 10661 10660 10645
f 10662 10646 10647
f 10662 10661 10646
f 10663 10647 10648
f 10663 10662 10647
f 10663 10664 10662
f 10663 10665 10664
f 10666 10648 10649
f 10666 10663 10648
f 10666 10665 10663
f 10666 10649 10650
f 10666 10650 10667
f 10666 10667 10665
f 10650 10651 10462
f 10650 10462 10667
f 10651 10446 10452
f 10651 10452 10462
f 10652 10460 10451
f 10652 10653 10668
f 10652 10668 10460
f 10653 10656 10669
f 10653 10669 10668
f 10658 10669 10656
f 10657 10670 10658
f 10658 10670 10671
f 10658 10671 10669
f 10672 10657 10659
f 10672 10670 10657
f 10672 10671 10670
f 10672 10673 10671
f 10674 10659 10660
f 10674 10672 10659
f 10674 10673 10672
f 10674 10675 10673
f 10676 10660 10661
f 10676 10674 10660
f 10676 10675 10674
f 10676 10677 10675
f 10678 10661 10662
f 10678 10676 10661
f 10678 10677 10676
f 10678 10679 10677
f 10664 10678 10662
f 10664 10679 10678
f 10664 10665 10680
f 10664 10680 10679
f 10665 10667 10473
f 10665 10473 10680
f 10667 10462 10461
f 10667 10461 10473
f 10668 10471 10460
f 10668 10669 10483
f 10668 10483 10471
f 10669 10671 10681
f 10669 10681 10483
f 10671 10673 10682
f 10671 10682 10681
f 10673 10675 10683
f 10673 10683 10682
f 10675 10677 10684
f 10675 10684 10683
f 10677 10679 10685
f 10677 10685 10684
f 10679 10680 10493
f 10679 10493 10685
f 10680 10473 10472
f 10680 10472 10493
f 10485 10486 10681
f 10483 10681 10486
f 10681 10682 10487
f 10681 10487 10485
f 10682 10683 10488
f 10682 10488 10487
f 10683 10684 10489
f 10683 10489 10488
f 10684 10685 10490
f 10684 10490 10489
f 10685 10493 10492
f 10685 10492 10490
